label,batch,start_unix_s,operations,wall_ms,cuda_batch_ms
worker_2,0,1788087104.710387,50,7.092395,1.101632
worker_2,1,1788087104.717524,50,8.688434,1.098720
worker_2,2,1788087104.726271,50,9.303514,1.097088
worker_2,3,1788087104.735601,50,9.542591,1.098016
worker_2,4,1788087104.745163,50,9.554600,1.096128
worker_2,5,1788087104.754737,50,9.552489,1.097408
worker_2,6,1788087104.764307,50,9.551591,1.098944
worker_2,7,1788087104.773875,50,9.557609,1.098304
worker_2,8,1788087104.783450,50,9.563286,1.097888
worker_2,9,1788087104.793030,50,9.780083,1.098496
worker_2,10,1788087104.802874,50,9.524943,1.096448
worker_2,11,1788087104.812450,50,9.322635,1.103680
worker_2,12,1788087104.821800,50,9.552684,1.096992
worker_2,13,1788087104.831373,50,9.569072,1.105312
worker_2,14,1788087104.840960,50,9.554396,1.097440
worker_2,15,1788087104.850531,50,9.551924,1.096576
worker_2,16,1788087104.860101,50,9.563823,1.096800
worker_2,17,1788087104.869685,50,9.552860,1.096448
worker_2,18,1788087104.879256,50,9.582166,1.098240
worker_2,19,1788087104.888854,50,9.573619,1.097216
worker_2,20,1788087104.898453,50,9.575008,1.097376
worker_2,21,1788087104.908047,50,9.776556,1.096960
worker_2,22,1788087104.917875,50,9.511516,1.096320
worker_2,23,1788087104.927437,50,9.313940,1.097632
worker_2,24,1788087104.936778,50,9.548110,1.096064
worker_2,25,1788087104.946347,50,9.553295,1.099328
worker_2,26,1788087104.955917,50,9.562360,1.100288
worker_2,27,1788087104.965496,50,9.561609,1.096576
worker_2,28,1788087104.975074,50,9.564490,1.097184
worker_2,29,1788087104.984670,50,9.553063,1.096160
worker_2,30,1788087104.994240,50,9.786167,1.094624
worker_2,31,1788087105.004074,50,9.335599,1.102880
worker_2,32,1788087105.013438,50,9.548739,1.096512
worker_2,33,1788087105.023006,50,9.559369,1.097280
worker_2,34,1788087105.032583,50,9.565916,1.096320
worker_2,35,1788087105.042166,50,9.557231,1.097824
worker_2,36,1788087105.051740,50,9.561277,1.106816
worker_2,37,1788087105.061317,50,9.562758,1.098720
worker_2,38,1788087105.070895,50,9.562073,1.098432
worker_2,39,1788087105.080474,50,9.587897,1.096512
worker_2,40,1788087105.090078,50,9.800964,1.097984
worker_2,41,1788087105.099930,50,9.534563,1.097504
worker_2,42,1788087105.109514,50,9.539258,1.098368
worker_2,43,1788087105.119102,50,9.530202,1.097280
worker_2,44,1788087105.128681,50,9.326497,1.096832
worker_2,45,1788087105.138034,50,9.546017,1.098784
worker_2,46,1788087105.147599,50,9.556924,1.096128
worker_2,47,1788087105.157173,50,9.572934,1.096800
worker_2,48,1788087105.166762,50,9.566842,1.102016
worker_2,49,1788087105.176359,50,9.555351,1.096832
worker_2,50,1788087105.185931,50,9.563944,1.099136
worker_2,51,1788087105.195510,50,9.772417,1.096992
worker_2,52,1788087105.205333,50,9.536082,1.097504
worker_2,53,1788087105.214920,50,9.535082,1.096960
worker_2,54,1788087105.224508,50,9.531905,1.098720
worker_2,55,1788087105.234088,50,9.518146,1.095488
worker_2,56,1788087105.243655,50,9.325145,1.099008
worker_2,57,1788087105.253005,50,9.556110,1.096288
worker_2,58,1788087105.262581,50,9.559017,1.098112
worker_2,59,1788087105.272157,50,9.595619,1.098432
worker_2,60,1788087105.281769,50,9.560304,1.096896
worker_2,61,1788087105.291344,50,9.793972,1.097856
worker_2,62,1788087105.301188,50,9.530174,1.099232
worker_2,63,1788087105.310769,50,9.529109,1.098048
worker_2,64,1788087105.320349,50,9.536128,1.102240
worker_2,65,1788087105.329938,50,9.531360,1.096992
worker_2,66,1788087105.339519,50,9.322293,1.096960
worker_2,67,1788087105.348867,50,9.544508,1.098880
worker_2,68,1788087105.358442,50,9.554045,1.096384
worker_2,69,1788087105.368013,50,9.561202,1.096800
worker_2,70,1788087105.377590,50,9.558989,1.097024
worker_2,71,1788087105.387165,50,9.558934,1.096800
worker_2,72,1788087105.396739,50,9.788510,1.097792
worker_2,73,1788087105.406579,50,9.522146,1.095648
worker_2,74,1788087105.416151,50,9.545637,1.096384
worker_2,75,1788087105.425746,50,9.515340,1.097120
worker_2,76,1788087105.435314,50,9.516877,1.096928
worker_2,77,1788087105.444883,50,9.538878,1.095840
worker_2,78,1788087105.454471,50,9.536795,1.098112
worker_2,79,1788087105.464056,50,9.545396,1.099680
worker_2,80,1788087105.473650,50,9.562488,1.097408
worker_2,81,1788087105.483261,50,9.513674,1.109536
worker_2,82,1788087105.492822,50,9.544026,1.096832
worker_2,83,1788087105.502415,50,9.527896,1.095808
worker_2,84,1788087105.511993,50,9.543925,1.097024
worker_2,85,1788087105.521585,50,9.533342,1.097088
worker_2,86,1788087105.531168,50,9.548157,1.098880
worker_2,87,1788087105.540765,50,9.517647,1.097600
worker_2,88,1788087105.550344,50,9.518313,1.096768
worker_2,89,1788087105.559910,50,9.687174,1.096416
worker_2,90,1788087105.569646,50,9.382293,1.097184
worker_2,91,1788087105.579075,50,9.528321,1.097408
worker_2,92,1788087105.588653,50,9.530582,1.098368
worker_2,93,1788087105.598234,50,9.555499,1.098464
worker_2,94,1788087105.607839,50,9.530424,1.097952
worker_2,95,1788087105.617416,50,9.537592,1.096544
worker_2,96,1788087105.627003,50,9.320691,1.097280
worker_2,97,1788087105.636349,50,9.759852,1.096448
worker_2,98,1788087105.646158,50,9.308645,1.097536
worker_2,99,1788087105.655493,50,9.755723,1.096448
worker_2,100,1788087105.665298,50,9.309969,1.096864
worker_2,101,1788087105.674633,50,9.774991,1.097024
worker_2,102,1788087105.684458,50,9.311793,1.095680
worker_2,103,1788087105.693797,50,9.536767,1.097984
worker_2,104,1788087105.703354,50,9.572323,1.096576
worker_2,105,1788087105.712957,50,9.537721,1.096192
worker_2,106,1788087105.722516,50,9.552230,1.097568
worker_2,107,1788087105.732100,50,9.563258,1.100640
worker_2,108,1788087105.741684,50,9.552323,1.098432
worker_2,109,1788087105.751255,50,9.576342,1.097984
worker_2,110,1788087105.760846,50,9.566777,1.098144
worker_2,111,1788087105.770429,50,9.565879,1.096512
worker_2,112,1788087105.780011,50,9.559434,1.098880
worker_2,113,1788087105.789588,50,9.554425,1.097728
worker_2,114,1788087105.799160,50,9.572961,1.097824
worker_2,115,1788087105.808749,50,9.569241,1.096384
worker_2,116,1788087105.818335,50,9.590480,1.097216
worker_2,117,1788087105.827941,50,9.560027,1.098592
worker_2,118,1788087105.837519,50,9.564222,1.097792
worker_2,119,1788087105.847099,50,9.564748,1.098784
worker_2,120,1788087105.856680,50,9.555286,1.095968
worker_2,121,1788087105.866251,50,9.556332,1.096416
worker_2,122,1788087105.875824,50,9.567239,1.097504
worker_2,123,1788087105.885407,50,9.769992,1.096608
worker_2,124,1788087105.895227,50,9.541203,1.096896
worker_2,125,1788087105.904818,50,9.533886,1.096896
worker_2,126,1788087105.914400,50,9.530647,1.097824
worker_2,127,1788087105.923992,50,9.515878,1.097888
worker_2,128,1788087105.933561,50,9.328700,1.096832
worker_2,129,1788087105.942916,50,9.543368,1.096416
worker_2,130,1788087105.952478,50,9.559406,1.097824
worker_2,131,1788087105.962055,50,9.594249,1.097152
worker_2,132,1788087105.971665,50,9.559628,1.098944
worker_2,133,1788087105.981240,50,9.801325,1.097792
worker_2,134,1788087105.991091,50,9.524562,1.098496
worker_2,135,1788087106.000664,50,9.525332,1.095072
worker_2,136,1788087106.010240,50,9.538610,1.097152
worker_2,137,1788087106.019827,50,9.328903,1.103104
worker_2,138,1788087106.029182,50,9.560535,1.096032
worker_2,139,1788087106.038763,50,9.552739,1.096896
worker_2,140,1788087106.048332,50,9.570239,1.096832
worker_2,141,1788087106.057919,50,9.559536,1.097312
worker_2,142,1788087106.067494,50,9.567693,1.096256
worker_2,143,1788087106.077080,50,9.568638,1.099296
worker_2,144,1788087106.086664,50,9.773353,1.096704
worker_2,145,1788087106.096487,50,9.538119,1.097760
worker_2,146,1788087106.106087,50,9.525397,1.096704
worker_2,147,1788087106.115662,50,9.533758,1.097216
worker_2,148,1788087106.125248,50,9.525692,1.096832
worker_2,149,1788087106.134824,50,9.528452,1.095712
worker_2,150,1788087106.144403,50,9.547359,1.098400
worker_2,151,1788087106.153999,50,9.516054,1.095648
worker_2,152,1788087106.163563,50,9.532267,1.098752
worker_2,153,1788087106.173145,50,9.525998,1.096256
worker_2,154,1788087106.182720,50,9.565961,1.096928
worker_2,155,1788087106.192336,50,9.513962,1.096608
worker_2,156,1788087106.201989,50,9.456321,1.096032
worker_2,157,1788087106.211494,50,9.342025,1.100064
worker_2,158,1788087106.220863,50,9.545868,1.097376
worker_2,159,1788087106.230427,50,9.561341,1.095680
worker_2,160,1788087106.240006,50,9.550971,1.096544
worker_2,161,1788087106.249573,50,9.567406,1.097600
worker_2,162,1788087106.259156,50,9.570491,1.098592
worker_2,163,1788087106.268743,50,9.783389,1.097856
worker_2,164,1788087106.278575,50,9.523100,1.095680
worker_2,165,1788087106.288148,50,9.530499,1.098944
worker_2,166,1788087106.297741,50,9.520258,1.097760
worker_2,167,1788087106.307310,50,9.334071,1.104576
worker_2,168,1788087106.316671,50,9.553277,1.098624
worker_2,169,1788087106.326244,50,9.569934,1.097280
worker_2,170,1788087106.335831,50,9.573554,1.095872
worker_2,171,1788087106.345422,50,9.553063,1.097472
worker_2,172,1788087106.354994,50,9.625953,1.096736
worker_2,173,1788087106.364643,50,9.488369,1.098176
worker_2,174,1788087106.374149,50,9.558545,1.097632
worker_2,175,1788087106.383725,50,9.574573,1.096864
worker_2,176,1788087106.393316,50,9.564045,1.097664
worker_2,177,1788087106.402897,50,9.560545,1.096320
worker_2,178,1788087106.412474,50,9.555035,1.096896
worker_2,179,1788087106.422045,50,9.587360,1.099136
worker_2,180,1788087106.431650,50,9.556351,1.099040
worker_2,181,1788087106.441222,50,9.587323,1.097152
worker_2,182,1788087106.450836,50,9.537850,1.096960
worker_2,183,1788087106.460394,50,9.561323,1.097280
worker_2,184,1788087106.469971,50,9.772483,1.096512
worker_2,185,1788087106.479805,50,9.521378,1.098976
worker_2,186,1788087106.489377,50,9.539453,1.096288
worker_2,187,1788087106.498965,50,9.530351,1.097760
worker_2,188,1788087106.508544,50,9.530194,1.098240
worker_2,189,1788087106.518124,50,9.533814,1.098400
worker_2,190,1788087106.527705,50,9.530313,1.097216
worker_2,191,1788087106.537284,50,9.524045,1.097888
worker_2,192,1788087106.546858,50,9.397831,1.097536
worker_2,193,1788087106.556306,50,9.467934,1.096512
worker_2,194,1788087106.565800,50,9.754269,1.096640
worker_2,195,1788087106.575604,50,9.548137,1.097024
worker_2,196,1788087106.585202,50,9.549665,1.096512
worker_2,197,1788087106.594800,50,9.318921,1.096672
worker_2,198,1788087106.604144,50,9.776500,1.096640
worker_2,199,1788087106.613970,50,9.321672,1.098336
worker_2,200,1788087106.623317,50,9.764418,1.096512
worker_2,201,1788087106.633131,50,9.317950,1.098368
worker_2,202,1788087106.642474,50,9.777990,1.097696
worker_2,203,1788087106.652301,50,9.298598,1.097184
worker_2,204,1788087106.661626,50,9.758519,1.096992
worker_2,205,1788087106.671446,50,9.310487,1.096832
worker_2,206,1788087106.680782,50,9.756315,1.098560
worker_2,207,1788087106.690588,50,9.347718,1.096448
worker_2,208,1788087106.699966,50,9.539942,1.101088
worker_2,209,1788087106.709529,50,9.557443,1.097280
worker_2,210,1788087106.719106,50,9.557202,1.105024
worker_2,211,1788087106.728683,50,9.554359,1.096736
worker_2,212,1788087106.738255,50,9.561925,1.096832
worker_2,213,1788087106.747835,50,9.561915,1.100416
worker_2,214,1788087106.757414,50,9.561739,1.095776
worker_2,215,1788087106.766992,50,9.559655,1.097952
worker_2,216,1788087106.776569,50,9.559137,1.097824
worker_2,217,1788087106.786145,50,9.565943,1.097792
worker_2,218,1788087106.795728,50,9.555841,1.096992
worker_2,219,1788087106.805299,50,9.593294,1.099168
worker_2,220,1788087106.814910,50,9.573897,1.101184
worker_2,221,1788087106.824501,50,9.795445,1.098720
worker_2,222,1788087106.834347,50,9.314812,1.097504
worker_2,223,1788087106.843687,50,9.771426,1.097440
worker_2,224,1788087106.853521,50,9.326996,1.098816
worker_2,225,1788087106.862875,50,9.774806,1.100736
worker_2,226,1788087106.872701,50,9.316941,1.096768
worker_2,227,1788087106.882043,50,9.757676,1.096992
worker_2,228,1788087106.891851,50,9.323663,1.096608
worker_2,229,1788087106.901200,50,9.760427,1.097408
worker_2,230,1788087106.911010,50,9.317747,1.098496
worker_2,231,1788087106.920354,50,9.768222,1.097536
worker_2,232,1788087106.930175,50,9.326774,1.098976
worker_2,233,1788087106.939528,50,9.764168,1.100672
worker_2,234,1788087106.949341,50,9.327413,1.097280
worker_2,235,1788087106.958694,50,9.779307,1.095648
worker_2,236,1788087106.968522,50,9.327015,1.097696
worker_2,237,1788087106.977873,50,9.760574,1.096672
worker_2,238,1788087106.987683,50,9.321172,1.096640
worker_2,239,1788087106.997032,50,9.768029,1.096992
worker_2,240,1788087107.006850,50,9.318330,1.097536
worker_2,241,1788087107.016194,50,9.787612,1.104448
worker_2,242,1788087107.026031,50,9.319275,1.096352
worker_2,243,1788087107.035375,50,9.618424,1.098240
worker_2,244,1788087107.045059,50,9.453544,1.097920
worker_2,245,1788087107.054539,50,9.555934,1.099264
worker_2,246,1788087107.064117,50,9.556971,1.097632
worker_2,247,1788087107.073692,50,9.568768,1.098880
worker_2,248,1788087107.083281,50,9.560110,1.097824
worker_2,249,1788087107.092859,50,9.783852,1.097824
worker_2,250,1788087107.102695,50,9.339561,1.096992
worker_2,251,1788087107.112060,50,9.757427,1.097472
worker_2,252,1788087107.121868,50,9.320386,1.097760
worker_2,253,1788087107.131215,50,9.758677,1.100384
worker_2,254,1788087107.141024,50,9.315201,1.098144
worker_2,255,1788087107.150364,50,9.543906,1.098048
worker_2,256,1788087107.159928,50,9.773529,1.096480
worker_2,257,1788087107.169752,50,9.319367,1.096800
worker_2,258,1788087107.179098,50,9.755825,1.100864
worker_2,259,1788087107.188904,50,9.321282,1.097248
worker_2,260,1788087107.198252,50,9.784944,1.098016
worker_2,261,1788087107.208087,50,9.310275,1.096576
worker_2,262,1788087107.217422,50,9.777019,1.097408
worker_2,263,1788087107.227268,50,9.299053,1.098432
worker_2,264,1788087107.236596,50,9.776668,1.097632
worker_2,265,1788087107.246421,50,9.317923,1.097376
worker_2,266,1788087107.255765,50,9.771408,1.096672
worker_2,267,1788087107.265585,50,9.321302,1.098208
worker_2,268,1788087107.274932,50,9.751981,1.096224
worker_2,269,1788087107.284734,50,9.321534,1.097888
worker_2,270,1788087107.294082,50,9.602248,1.096480
worker_2,271,1788087107.303735,50,9.473840,1.103520
worker_2,272,1788087107.313236,50,9.769380,1.097312
worker_2,273,1788087107.323055,50,9.323302,1.097536
worker_2,274,1788087107.332404,50,9.763084,1.095552
worker_2,275,1788087107.342216,50,9.322960,1.095776
worker_2,276,1788087107.351566,50,9.759482,1.098464
worker_2,277,1788087107.361377,50,9.462174,1.098304
worker_2,278,1788087107.370866,50,9.639000,1.097280
worker_2,279,1788087107.380557,50,9.297143,1.096320
worker_2,280,1788087107.389881,50,9.758138,1.097824
worker_2,281,1788087107.399688,50,9.330144,1.099680
worker_2,282,1788087107.409045,50,9.591832,1.095808
worker_2,283,1788087107.418696,50,9.476006,1.098016
worker_2,284,1788087107.428201,50,9.536794,1.097280
worker_2,285,1788087107.437758,50,9.554859,1.096416
worker_2,286,1788087107.447331,50,9.565267,1.100128
worker_2,287,1788087107.456914,50,9.563304,1.096704
worker_2,288,1788087107.466502,50,9.565072,1.097824
worker_2,289,1788087107.476093,50,9.535469,1.096928
worker_2,290,1788087107.485651,50,9.546137,1.097664
worker_2,291,1788087107.495219,50,9.562193,1.098912
worker_2,292,1788087107.504799,50,9.555767,1.099936
worker_2,293,1788087107.514371,50,9.569110,1.096352
worker_2,294,1788087107.523957,50,9.586591,1.110592
worker_2,295,1788087107.533559,50,9.551249,1.096960
worker_2,296,1788087107.543127,50,9.804324,1.102688
worker_2,297,1788087107.552982,50,9.297062,1.096992
worker_2,298,1788087107.562305,50,9.547868,1.097536
worker_2,299,1788087107.571873,50,9.780788,1.098592
worker_2,300,1788087107.581706,50,9.307857,1.096352
worker_2,301,1788087107.591038,50,9.764148,1.097472
worker_2,302,1788087107.600865,50,9.298478,1.096544
worker_2,303,1788087107.610190,50,9.589665,1.097664
worker_2,304,1788087107.619820,50,9.521220,1.103904
worker_2,305,1788087107.629365,50,9.571842,1.097536
worker_2,306,1788087107.638955,50,9.766020,1.095840
worker_2,307,1788087107.648771,50,9.333506,1.097664
worker_2,308,1788087107.658139,50,9.527350,1.097600
worker_2,309,1788087107.667691,50,9.549842,1.096864
worker_2,310,1788087107.677333,50,9.508924,1.100640
worker_2,311,1788087107.686864,50,9.786316,1.097248
worker_2,312,1788087107.696701,50,9.319996,1.096352
worker_2,313,1788087107.706047,50,9.759843,1.096864
worker_2,314,1788087107.715858,50,9.333135,1.096160
worker_2,315,1788087107.725217,50,9.763927,1.096480
worker_2,316,1788087107.735031,50,9.321663,1.097248
worker_2,317,1788087107.744379,50,9.763807,1.097888
worker_2,318,1788087107.754193,50,9.329608,1.097120
worker_2,319,1788087107.763548,50,9.770149,1.100416
worker_2,320,1788087107.773367,50,9.306024,1.096544
worker_2,321,1788087107.782698,50,9.759760,1.097120
worker_2,322,1788087107.792521,50,9.299274,1.096256
worker_2,323,1788087107.801847,50,9.754648,1.095936
worker_2,324,1788087107.811651,50,9.326200,1.096672
worker_2,325,1788087107.821003,50,9.544146,1.096608
worker_2,326,1788087107.830569,50,9.588202,1.097888
worker_2,327,1788087107.840176,50,9.579471,1.097152
worker_2,328,1788087107.849772,50,9.553332,1.097472
worker_2,329,1788087107.859342,50,9.576601,1.097792
worker_2,330,1788087107.868936,50,9.566378,1.096608
worker_2,331,1788087107.878518,50,9.564805,1.096896
worker_2,332,1788087107.888099,50,9.557064,1.095744
worker_2,333,1788087107.897672,50,9.565240,1.098272
worker_2,334,1788087107.907258,50,9.548443,1.098240
worker_2,335,1788087107.916825,50,9.564100,1.097728
worker_2,336,1788087107.926405,50,9.569536,1.098528
worker_2,337,1788087107.935992,50,9.555508,1.096448
worker_2,338,1788087107.945566,50,9.557832,1.095808
worker_2,339,1788087107.955140,50,9.553026,1.097568
worker_2,340,1788087107.964709,50,9.571989,1.097824
worker_2,341,1788087107.974310,50,9.544684,1.096160
worker_2,342,1788087107.983872,50,9.582036,1.101024
worker_2,343,1788087107.993471,50,9.558360,1.097536
worker_2,344,1788087108.003045,50,9.791232,1.096352
worker_2,345,1788087108.012885,50,9.517915,1.096192
worker_2,346,1788087108.022453,50,9.540683,1.096864
worker_2,347,1788087108.032044,50,9.520952,1.102944
worker_2,348,1788087108.041614,50,9.316265,1.096160
worker_2,349,1788087108.050958,50,9.548027,1.101184
worker_2,350,1788087108.060529,50,9.559109,1.096576
worker_2,351,1788087108.070105,50,9.569600,1.097376
worker_2,352,1788087108.079690,50,9.570564,1.104384
worker_2,353,1788087108.089277,50,9.559192,1.097568
worker_2,354,1788087108.098853,50,9.792167,1.102592
worker_2,355,1788087108.108695,50,9.527007,1.096800
worker_2,356,1788087108.118272,50,9.529942,1.097056
worker_2,357,1788087108.127851,50,9.546155,1.097152
worker_2,358,1788087108.137447,50,9.537730,1.097792
worker_2,359,1788087108.147033,50,9.308052,1.097664
worker_2,360,1788087108.156368,50,9.542646,1.096960
worker_2,361,1788087108.165938,50,9.551073,1.097760
worker_2,362,1788087108.175509,50,9.564591,1.100992
worker_2,363,1788087108.185090,50,9.555804,1.097792
worker_2,364,1788087108.194663,50,9.560461,1.096352
worker_2,365,1788087108.204239,50,9.787140,1.096288
worker_2,366,1788087108.214076,50,9.524295,1.096064
worker_2,367,1788087108.223648,50,9.541396,1.101312
worker_2,368,1788087108.233239,50,9.526573,1.096416
worker_2,369,1788087108.242816,50,9.349663,1.098912
worker_2,370,1788087108.252189,50,9.543915,1.098208
worker_2,371,1788087108.261751,50,9.553924,1.097312
worker_2,372,1788087108.271322,50,9.564637,1.096832
worker_2,373,1788087108.280904,50,9.575488,1.097824
worker_2,374,1788087108.290497,50,9.563211,1.096992
worker_2,375,1788087108.300075,50,9.793584,1.095904
worker_2,376,1788087108.309918,50,9.523906,1.096960
worker_2,377,1788087108.319492,50,9.522544,1.096800
worker_2,378,1788087108.329064,50,9.530340,1.096960
worker_2,379,1788087108.338644,50,9.315921,1.096864
worker_2,380,1788087108.347999,50,9.548776,1.098912
worker_2,381,1788087108.357568,50,9.547193,1.097504
worker_2,382,1788087108.367132,50,9.558813,1.096192
worker_2,383,1788087108.376708,50,9.559295,1.098592
worker_2,384,1788087108.386284,50,9.563952,1.096768
worker_2,385,1788087108.395863,50,9.558572,1.095776
worker_2,386,1788087108.405445,50,9.763648,1.096352
worker_2,387,1788087108.415257,50,9.326728,1.103104
worker_2,388,1788087108.424612,50,9.566794,1.096672
worker_2,389,1788087108.434197,50,9.558998,1.097312
worker_2,390,1788087108.443773,50,9.764287,1.098944
worker_2,391,1788087108.453587,50,9.391784,1.098208
worker_2,392,1788087108.463025,50,9.583998,1.100448
worker_2,393,1788087108.472638,50,9.454423,1.098528
worker_2,394,1788087108.482112,50,9.610498,1.095584
worker_2,395,1788087108.491773,50,9.678703,1.097344
worker_2,396,1788087108.501500,50,9.325894,1.096800
worker_2,397,1788087108.510853,50,9.759638,1.096800
worker_2,398,1788087108.520663,50,9.310894,1.096672
worker_2,399,1788087108.529999,50,9.772297,1.098528
worker_2,400,1788087108.539835,50,9.321080,1.098368
worker_2,401,1788087108.549185,50,9.766676,1.096704
worker_2,402,1788087108.559002,50,9.312450,1.098912
worker_2,403,1788087108.568341,50,9.759444,1.097504
worker_2,404,1788087108.578148,50,9.309385,1.096288
worker_2,405,1788087108.587483,50,9.760121,1.095712
worker_2,406,1788087108.597294,50,9.333367,1.097344
worker_2,407,1788087108.606652,50,9.766278,1.096192
worker_2,408,1788087108.616468,50,9.332644,1.105728
worker_2,409,1788087108.625828,50,9.759547,1.095680
worker_2,410,1788087108.635636,50,9.320877,1.098400
worker_2,411,1788087108.644983,50,9.776649,1.096800
worker_2,412,1788087108.654809,50,9.314098,1.098816
worker_2,413,1788087108.664150,50,9.757334,1.104224
worker_2,414,1788087108.673956,50,9.320386,1.095936
worker_2,415,1788087108.683303,50,9.775250,1.097824
worker_2,416,1788087108.693128,50,9.326886,1.098464
worker_2,417,1788087108.702481,50,9.779825,1.098336
worker_2,418,1788087108.712312,50,9.328404,1.110144
worker_2,419,1788087108.721681,50,9.738972,1.096160
worker_2,420,1788087108.731469,50,9.317432,1.096544
worker_2,421,1788087108.740813,50,9.764066,1.098496
worker_2,422,1788087108.750625,50,9.328747,1.096800
worker_2,423,1788087108.759980,50,9.785455,1.112160
worker_2,424,1788087108.769814,50,9.328423,1.096192
worker_2,425,1788087108.779168,50,9.600934,1.096608
worker_2,426,1788087108.788819,50,9.470905,1.098400
worker_2,427,1788087108.798317,50,9.555721,1.097120
worker_2,428,1788087108.807892,50,9.553832,1.097504
worker_2,429,1788087108.817464,50,9.565055,1.096320
worker_2,430,1788087108.827046,50,9.553239,1.096608
worker_2,431,1788087108.836615,50,9.569730,1.097664
worker_2,432,1788087108.846200,50,9.563879,1.097568
worker_2,433,1788087108.855780,50,9.567721,1.099872
worker_2,434,1788087108.865363,50,9.559387,1.097184
worker_2,435,1788087108.874939,50,9.558971,1.098752
worker_2,436,1788087108.884513,50,9.779102,1.096512
worker_2,437,1788087108.894344,50,9.536907,1.096768
worker_2,438,1788087108.903933,50,9.555277,1.098464
worker_2,439,1788087108.913552,50,9.512443,1.098752
worker_2,440,1788087108.923115,50,9.546712,1.097312
worker_2,441,1788087108.932712,50,9.527722,1.097056
worker_2,442,1788087108.942289,50,9.527766,1.097088
worker_2,443,1788087108.951866,50,9.536249,1.096800
worker_2,444,1788087108.961451,50,9.376442,1.097408
worker_2,445,1788087108.970877,50,9.687703,1.099136
worker_2,446,1788087108.980612,50,9.343423,1.096928
worker_2,447,1788087108.989985,50,9.546258,1.098752
worker_2,448,1788087108.999551,50,9.571508,1.097088
worker_2,449,1788087109.009143,50,9.569037,1.096640
worker_2,450,1788087109.018728,50,9.555934,1.096864
worker_2,451,1788087109.028300,50,9.553175,1.096928
worker_2,452,1788087109.037869,50,9.558907,1.096480
worker_2,453,1788087109.047443,50,9.568369,1.100608
worker_2,454,1788087109.057028,50,9.569408,1.096224
worker_2,455,1788087109.066613,50,9.574258,1.096576
worker_2,456,1788087109.076202,50,9.559952,1.095584
worker_2,457,1788087109.085779,50,9.566212,1.096736
worker_2,458,1788087109.095372,50,9.578629,1.099520
worker_2,459,1788087109.104967,50,9.786149,1.095392
worker_2,460,1788087109.114799,50,9.524119,1.097696
worker_2,461,1788087109.124369,50,9.547925,1.096288
worker_2,462,1788087109.133961,50,9.313636,1.097376
worker_2,463,1788087109.143299,50,9.558045,1.098048
worker_2,464,1788087109.152951,50,9.493423,1.097120
worker_2,465,1788087109.162464,50,9.568546,1.097056
worker_2,466,1788087109.172050,50,9.557915,1.098624
worker_2,467,1788087109.181623,50,9.573989,1.097248
worker_2,468,1788087109.191220,50,9.559582,1.096864
worker_2,469,1788087109.200797,50,9.776630,1.096384
worker_2,470,1788087109.210620,50,9.520869,1.098016
worker_2,471,1788087109.220186,50,9.551564,1.118752
worker_2,472,1788087109.229784,50,9.326895,1.096640
worker_2,473,1788087109.239135,50,9.552989,1.097312
worker_2,474,1788087109.248705,50,9.557795,1.097184
worker_2,475,1788087109.258278,50,9.562258,1.096704
worker_2,476,1788087109.267855,50,9.560499,1.096768
worker_2,477,1788087109.277431,50,9.585776,1.097152
worker_2,478,1788087109.287050,50,9.532842,1.098400
worker_2,479,1788087109.296603,50,9.554916,1.097248
worker_2,480,1788087109.306177,50,9.788742,1.096640
worker_2,481,1788087109.316013,50,9.537786,1.104992
worker_2,482,1788087109.325596,50,9.544738,1.096896
worker_2,483,1788087109.335185,50,9.330163,1.095936
worker_2,484,1788087109.344539,50,9.551415,1.097696
worker_2,485,1788087109.354108,50,9.562462,1.097184
worker_2,486,1788087109.363686,50,9.562917,1.100960
worker_2,487,1788087109.373265,50,9.587656,1.098880
worker_2,488,1788087109.382869,50,9.768315,1.096064
worker_2,489,1788087109.392682,50,9.533221,1.099552
worker_2,490,1788087109.402261,50,9.530489,1.096672
worker_2,491,1788087109.411836,50,9.535388,1.098016
worker_2,492,1788087109.421417,50,9.533971,1.096480
worker_2,493,1788087109.430996,50,9.338238,1.102272
worker_2,494,1788087109.440359,50,9.563073,1.096384
worker_2,495,1788087109.449939,50,9.551305,1.096416
worker_2,496,1788087109.459508,50,9.564637,1.097120
worker_2,497,1788087109.469101,50,9.544592,1.096512
worker_2,498,1788087109.478662,50,9.776575,1.097184
worker_2,499,1788087109.488485,50,9.528823,1.097312
worker_2,500,1788087109.498059,50,9.537999,1.096160
worker_2,501,1788087109.507642,50,9.542952,1.096992
worker_2,502,1788087109.517231,50,9.537360,1.096640
worker_2,503,1788087109.526815,50,9.324997,1.095776
worker_2,504,1788087109.536166,50,9.552499,1.097984
worker_2,505,1788087109.545737,50,9.556304,1.096896
worker_2,506,1788087109.555310,50,9.567295,1.100256
worker_2,507,1788087109.564892,50,9.556370,1.096192
worker_2,508,1788087109.574465,50,9.594601,1.096384
worker_2,509,1788087109.584075,50,9.795547,1.095520
worker_2,510,1788087109.593917,50,9.528554,1.097120
worker_2,511,1788087109.603491,50,9.547563,1.098400
worker_2,512,1788087109.613083,50,9.527693,1.097408
worker_2,513,1788087109.622657,50,9.328506,1.098144
worker_2,514,1788087109.632011,50,9.549360,1.098496
worker_2,515,1788087109.641579,50,9.552666,1.097312
worker_2,516,1788087109.651149,50,9.554147,1.096256
worker_2,517,1788087109.660738,50,9.539072,1.097568
worker_2,518,1788087109.670294,50,9.573545,1.097376
worker_2,519,1788087109.679882,50,9.569008,1.096576
worker_2,520,1788087109.689468,50,9.558387,1.098528
worker_2,521,1788087109.699044,50,9.579880,1.105280
worker_2,522,1788087109.708640,50,9.566128,1.098112
worker_2,523,1788087109.718222,50,9.569684,1.097280
worker_2,524,1788087109.727806,50,9.568684,1.097056
worker_2,525,1788087109.737392,50,9.562286,1.096320
worker_2,526,1788087109.746969,50,9.579193,1.105952
worker_2,527,1788087109.756564,50,9.571035,1.095520
worker_2,528,1788087109.766154,50,9.558971,1.096224
worker_2,529,1788087109.775729,50,9.552064,1.100960
worker_2,530,1788087109.785297,50,9.785639,1.098432
worker_2,531,1788087109.795131,50,9.526804,1.096960
worker_2,532,1788087109.804705,50,9.533666,1.097184
worker_2,533,1788087109.814284,50,9.545665,1.098848
worker_2,534,1788087109.823874,50,9.539665,1.098400
worker_2,535,1788087109.833459,50,9.533156,1.097280
worker_2,536,1788087109.843048,50,9.526934,1.096320
worker_2,537,1788087109.852621,50,9.525275,1.097280
worker_2,538,1788087109.862192,50,9.547100,1.097152
worker_2,539,1788087109.871784,50,9.327931,1.097696
worker_2,540,1788087109.881140,50,9.751973,1.095936
worker_2,541,1788087109.890939,50,9.323571,1.096416
worker_2,542,1788087109.900286,50,9.761111,1.097952
worker_2,543,1788087109.910093,50,9.328627,1.096480
worker_2,544,1788087109.919446,50,9.773122,1.096032
worker_2,545,1788087109.929264,50,9.329784,1.098528
worker_2,546,1788087109.938617,50,9.762453,1.096992
worker_2,547,1788087109.948428,50,9.339598,1.100480
worker_2,548,1788087109.957792,50,9.754353,1.096768
worker_2,549,1788087109.967594,50,9.363813,1.095968
worker_2,550,1788087109.976982,50,9.764945,1.098400
worker_2,551,1788087109.986794,50,9.333265,1.096288
worker_2,552,1788087109.996152,50,9.752251,1.096352
worker_2,553,1788087110.005950,50,9.323636,1.096416
worker_2,554,1788087110.015298,50,9.758001,1.096992
worker_2,555,1788087110.025101,50,9.338656,1.096448
worker_2,556,1788087110.034479,50,9.780603,1.096736
worker_2,557,1788087110.044307,50,9.308247,1.095616
worker_2,558,1788087110.053639,50,9.761177,1.096288
worker_2,559,1788087110.063448,50,9.346719,1.100544
worker_2,560,1788087110.072820,50,9.765168,1.096384
worker_2,561,1788087110.082631,50,9.338950,1.098240
worker_2,562,1788087110.091995,50,9.762667,1.098336
worker_2,563,1788087110.101805,50,9.316877,1.098176
worker_2,564,1788087110.111148,50,9.569684,1.101280
worker_2,565,1788087110.120735,50,9.557527,1.098880
worker_2,566,1788087110.130309,50,9.560101,1.097024
worker_2,567,1788087110.139886,50,9.560545,1.097504
worker_2,568,1788087110.149462,50,9.558637,1.098368
worker_2,569,1788087110.159036,50,9.567453,1.096096
worker_2,570,1788087110.168619,50,9.568924,1.097216
worker_2,571,1788087110.178203,50,9.575008,1.096544
worker_2,572,1788087110.187794,50,9.558443,1.096288
worker_2,573,1788087110.197368,50,9.569147,1.096160
worker_2,574,1788087110.206951,50,9.788806,1.098560
worker_2,575,1788087110.216802,50,9.514564,1.095904
worker_2,576,1788087110.226362,50,9.523832,1.096224
worker_2,577,1788087110.235931,50,9.544869,1.099488
worker_2,578,1788087110.245523,50,9.541443,1.098272
worker_2,579,1788087110.255111,50,9.517313,1.097920
worker_2,580,1788087110.264674,50,9.524823,1.096768
worker_2,581,1788087110.274245,50,9.540897,1.095584
worker_2,582,1788087110.283833,50,9.534599,1.099232
worker_2,583,1788087110.293414,50,9.540239,1.096384
worker_2,584,1788087110.303000,50,9.534462,1.097728
worker_2,585,1788087110.312582,50,9.532582,1.096800
worker_2,586,1788087110.322160,50,9.556137,1.104128
worker_2,587,1788087110.331763,50,9.527045,1.096608
worker_2,588,1788087110.341335,50,9.549804,1.098976
worker_2,589,1788087110.350931,50,9.547897,1.096352
worker_2,590,1788087110.360526,50,9.541147,1.096352
worker_2,591,1788087110.370114,50,9.304320,1.096448
worker_2,592,1788087110.379444,50,9.771761,1.096864
worker_2,593,1788087110.389262,50,9.317775,1.098208
worker_2,594,1788087110.398604,50,9.767657,1.096832
worker_2,595,1788087110.408431,50,9.305895,1.097184
worker_2,596,1788087110.417761,50,9.763065,1.096928
worker_2,597,1788087110.427570,50,9.323488,1.097120
worker_2,598,1788087110.436917,50,9.778360,1.097760
worker_2,599,1788087110.446743,50,9.331719,1.097376
worker_2,600,1788087110.456099,50,9.762853,1.095904
worker_2,601,1788087110.465908,50,9.334941,1.095680
worker_2,602,1788087110.475266,50,9.755342,1.099264
worker_2,603,1788087110.485067,50,9.359682,1.098240
worker_2,604,1788087110.494452,50,9.597425,1.098400
worker_2,605,1788087110.504085,50,9.501508,1.096832
worker_2,606,1788087110.513613,50,9.534360,1.096288
worker_2,607,1788087110.523170,50,9.553286,1.099232
worker_2,608,1788087110.532738,50,9.564767,1.098304
worker_2,609,1788087110.542319,50,9.555721,1.097440
worker_2,610,1788087110.551890,50,9.772361,1.099968
worker_2,611,1788087110.561710,50,9.328423,1.096448
worker_2,612,1788087110.571064,50,9.601554,1.096352
worker_2,613,1788087110.580688,50,9.487416,1.097056
worker_2,614,1788087110.590206,50,9.550119,1.098560
worker_2,615,1788087110.599776,50,9.549286,1.100928
worker_2,616,1788087110.609341,50,9.566119,1.097280
worker_2,617,1788087110.618923,50,9.766149,1.097632
worker_2,618,1788087110.628818,50,9.246635,1.099712
worker_2,619,1788087110.638094,50,9.537295,1.096832
worker_2,620,1788087110.647655,50,9.561120,1.098368
worker_2,621,1788087110.657237,50,9.545555,1.096768
worker_2,622,1788087110.666800,50,9.559952,1.098944
worker_2,623,1788087110.676377,50,9.557535,1.099584
worker_2,624,1788087110.685950,50,9.566889,1.096864
worker_2,625,1788087110.695537,50,9.548054,1.098080
worker_2,626,1788087110.705103,50,9.558804,1.097760
worker_2,627,1788087110.714678,50,9.556989,1.096512
worker_2,628,1788087110.724252,50,9.560461,1.095744
worker_2,629,1788087110.733828,50,9.560851,1.096384
worker_2,630,1788087110.743405,50,9.565721,1.097792
worker_2,631,1788087110.752986,50,9.563147,1.096288
worker_2,632,1788087110.762565,50,9.574063,1.097600
worker_2,633,1788087110.772157,50,9.572037,1.099232
worker_2,634,1788087110.781762,50,9.537582,1.096736
worker_2,635,1788087110.791317,50,9.562258,1.099328
worker_2,636,1788087110.800898,50,9.783205,1.096800
worker_2,637,1788087110.810730,50,9.310534,1.096672
worker_2,638,1788087110.820065,50,9.787390,1.102592
worker_2,639,1788087110.829899,50,9.317868,1.096768
worker_2,640,1788087110.839242,50,9.770297,1.096320
worker_2,641,1788087110.849060,50,9.330793,1.096704
worker_2,642,1788087110.858416,50,9.759667,1.097088
worker_2,643,1788087110.868238,50,9.323024,1.106848
worker_2,644,1788087110.877585,50,9.761019,1.097152
worker_2,645,1788087110.887393,50,9.319839,1.097024
worker_2,646,1788087110.896739,50,9.758722,1.096960
worker_2,647,1788087110.906545,50,9.331200,1.096000
worker_2,648,1788087110.915900,50,9.769019,1.098400
worker_2,649,1788087110.925715,50,9.319607,1.097792
worker_2,650,1788087110.935061,50,9.613035,1.097664
worker_2,651,1788087110.944720,50,9.538230,1.096608
worker_2,652,1788087110.954306,50,9.691879,1.097696
worker_2,653,1788087110.964055,50,9.473073,1.097408
worker_2,654,1788087110.973556,50,9.460877,1.097536
worker_2,655,1788087110.983065,50,9.490609,1.098656
worker_2,656,1788087110.992584,50,9.545017,1.096512
worker_2,657,1788087111.002153,50,9.749890,1.097952
worker_2,658,1788087111.011951,50,9.325914,1.099296
worker_2,659,1788087111.021301,50,9.622869,1.096672
worker_2,660,1788087111.030974,50,9.478637,1.098272
worker_2,661,1788087111.040479,50,9.551536,1.097280
worker_2,662,1788087111.050050,50,9.582304,1.096992
worker_2,663,1788087111.059648,50,9.559036,1.095744
worker_2,664,1788087111.069224,50,9.564443,1.097024
worker_2,665,1788087111.078804,50,9.558952,1.097760
worker_2,666,1788087111.088379,50,9.560415,1.096448
worker_2,667,1788087111.097955,50,9.773454,1.096416
worker_2,668,1788087111.107777,50,9.333072,1.098816
worker_2,669,1788087111.117136,50,9.760602,1.105632
worker_2,670,1788087111.126944,50,9.322135,1.098848
worker_2,671,1788087111.136292,50,9.764566,1.097216
worker_2,672,1788087111.146105,50,9.325006,1.096960
worker_2,673,1788087111.155470,50,9.755177,1.099840
worker_2,674,1788087111.165272,50,9.322950,1.098400
worker_2,675,1788087111.174621,50,9.749057,1.095456
worker_2,676,1788087111.184417,50,9.325025,1.097152
worker_2,677,1788087111.193768,50,9.749010,1.096928
worker_2,678,1788087111.203564,50,9.343293,1.096192
worker_2,679,1788087111.212933,50,9.762315,1.096032
worker_2,680,1788087111.222740,50,9.330200,1.096672
worker_2,681,1788087111.232096,50,9.772260,1.097376
worker_2,682,1788087111.241919,50,9.323274,1.096864
worker_2,683,1788087111.251267,50,9.641407,1.096480
worker_2,684,1788087111.260958,50,9.485127,1.096288
worker_2,685,1788087111.270468,50,9.549157,1.099072
worker_2,686,1788087111.280036,50,9.560897,1.099936
worker_2,687,1788087111.289614,50,9.556767,1.096576
worker_2,688,1788087111.299186,50,9.564934,1.098368
worker_2,689,1788087111.308767,50,9.765121,1.097280
worker_2,690,1788087111.318580,50,9.557647,1.097408
worker_2,691,1788087111.328184,50,9.525025,1.098720
worker_2,692,1788087111.337757,50,9.515017,1.097152
worker_2,693,1788087111.347317,50,9.544499,1.100480
worker_2,694,1788087111.356930,50,9.495702,1.097920
worker_2,695,1788087111.366473,50,9.545832,1.096672
worker_2,696,1788087111.376064,50,9.526091,1.101088
worker_2,697,1788087111.385636,50,9.549008,1.098208
worker_2,698,1788087111.395232,50,9.312238,1.096192
worker_2,699,1788087111.404570,50,9.542147,1.096640
worker_2,700,1788087111.414129,50,9.566693,1.097280
worker_2,701,1788087111.423712,50,9.572425,1.096352
worker_2,702,1788087111.433301,50,9.770445,1.096896
worker_2,703,1788087111.443121,50,9.544100,1.098464
worker_2,704,1788087111.452713,50,9.524971,1.097120
worker_2,705,1788087111.462285,50,9.568295,1.096032
worker_2,706,1788087111.471900,50,9.524757,1.096800
worker_2,707,1788087111.481471,50,9.544489,1.095904
worker_2,708,1788087111.491063,50,9.535443,1.098880
worker_2,709,1788087111.500645,50,9.524600,1.097792
worker_2,710,1788087111.510217,50,9.520285,1.096704
worker_2,711,1788087111.519785,50,9.530340,1.099072
worker_2,712,1788087111.529362,50,9.525110,1.096992
worker_2,713,1788087111.538933,50,9.531350,1.097184
worker_2,714,1788087111.548525,50,9.503137,1.096864
worker_2,715,1788087111.558074,50,9.532961,1.096608
worker_2,716,1788087111.567654,50,9.316385,1.096960
worker_2,717,1788087111.576995,50,9.772815,1.096672
worker_2,718,1788087111.586815,50,9.320959,1.097920
worker_2,719,1788087111.596159,50,9.753010,1.096896
worker_2,720,1788087111.605959,50,9.324126,1.096864
worker_2,721,1788087111.615307,50,9.762158,1.096608
worker_2,722,1788087111.625116,50,9.342598,1.095776
worker_2,723,1788087111.634482,50,9.770703,1.095968
worker_2,724,1788087111.644301,50,9.307728,1.096896
worker_2,725,1788087111.653634,50,9.758380,1.098304
worker_2,726,1788087111.663441,50,9.332320,1.102240
worker_2,727,1788087111.672798,50,9.769815,1.095904
worker_2,728,1788087111.682615,50,9.325496,1.097536
worker_2,729,1788087111.691966,50,9.773621,1.105888
worker_2,730,1788087111.701788,50,9.327413,1.096512
worker_2,731,1788087111.711140,50,9.542266,1.095680
worker_2,732,1788087111.720701,50,9.556119,1.097184
worker_2,733,1788087111.730285,50,9.543285,1.099488
worker_2,734,1788087111.739844,50,9.558878,1.096832
worker_2,735,1788087111.749418,50,9.557563,1.096608
worker_2,736,1788087111.758990,50,9.558101,1.096928
worker_2,737,1788087111.768564,50,9.556471,1.096672
worker_2,738,1788087111.778137,50,9.566156,1.097632
worker_2,739,1788087111.787720,50,9.564351,1.105728
worker_2,740,1788087111.797300,50,9.567082,1.098976
worker_2,741,1788087111.806881,50,9.773454,1.096416
worker_2,742,1788087111.816703,50,9.519573,1.097856
worker_2,743,1788087111.826269,50,9.562767,1.095520
worker_2,744,1788087111.835877,50,9.529221,1.101120
worker_2,745,1788087111.845451,50,9.537786,1.097664
worker_2,746,1788087111.855038,50,9.556304,1.097024
worker_2,747,1788087111.864641,50,9.496386,1.096672
worker_2,748,1788087111.874183,50,9.531138,1.095424
worker_2,749,1788087111.883760,50,9.518368,1.097312
worker_2,750,1788087111.893326,50,9.533212,1.096672
worker_2,751,1788087111.902907,50,9.536370,1.096448
worker_2,752,1788087111.912490,50,9.527795,1.096800
worker_2,753,1788087111.922075,50,9.524702,1.097248
worker_2,754,1788087111.931646,50,9.550091,1.100352
worker_2,755,1788087111.941243,50,9.527268,1.096256
worker_2,756,1788087111.950816,50,9.547971,1.096032
worker_2,757,1788087111.960409,50,9.320126,1.098912
worker_2,758,1788087111.969754,50,9.796881,1.096544
worker_2,759,1788087111.979600,50,9.295441,1.098784
worker_2,760,1788087111.988920,50,9.759222,1.098560
worker_2,761,1788087111.998727,50,9.315080,1.098336
worker_2,762,1788087112.008067,50,9.779196,1.111232
worker_2,763,1788087112.017894,50,9.325265,1.098496
worker_2,764,1788087112.027244,50,9.759056,1.096288
worker_2,765,1788087112.037050,50,9.323867,1.097056
worker_2,766,1788087112.046400,50,9.546684,1.096256
worker_2,767,1788087112.055965,50,9.572860,1.104832
worker_2,768,1788087112.065555,50,9.553350,1.096928
worker_2,769,1788087112.075125,50,9.596036,1.097984
worker_2,770,1788087112.084736,50,9.555962,1.096384
worker_2,771,1788087112.094308,50,9.558564,1.096096
worker_2,772,1788087112.103963,50,9.485535,1.096512
worker_2,773,1788087112.113467,50,9.554424,1.097056
worker_2,774,1788087112.123038,50,9.564564,1.097824
worker_2,775,1788087112.132623,50,9.758176,1.096672
worker_2,776,1788087112.142429,50,9.527322,1.096096
worker_2,777,1788087112.152004,50,9.530064,1.099040
worker_2,778,1788087112.161580,50,9.543841,1.096512
worker_2,779,1788087112.171170,50,9.546202,1.098976
worker_2,780,1788087112.180762,50,9.522442,1.096480
worker_2,781,1788087112.190331,50,9.532277,1.095328
worker_2,782,1788087112.199910,50,9.521980,1.100544
worker_2,783,1788087112.209477,50,9.552748,1.097888
worker_2,784,1788087112.219075,50,9.524229,1.096704
worker_2,785,1788087112.228646,50,9.566833,1.097824
worker_2,786,1788087112.238259,50,9.483527,1.096736
worker_2,787,1788087112.247790,50,9.532331,1.098304
worker_2,788,1788087112.257368,50,9.518914,1.096480
worker_2,789,1788087112.266933,50,9.332089,1.098496
worker_2,790,1788087112.276295,50,9.750750,1.096608
worker_2,791,1788087112.286092,50,9.324876,1.096288
worker_2,792,1788087112.295455,50,9.742814,1.098624
worker_2,793,1788087112.305245,50,9.337154,1.097824
worker_2,794,1788087112.314607,50,9.763157,1.096480
worker_2,795,1788087112.324417,50,9.333265,1.098656
worker_2,796,1788087112.333775,50,9.756082,1.097696
worker_2,797,1788087112.343579,50,9.342922,1.099872
worker_2,798,1788087112.352946,50,9.748648,1.096160
worker_2,799,1788087112.362741,50,9.318479,1.096192
worker_2,800,1788087112.372085,50,9.777435,1.102304
worker_2,801,1788087112.381909,50,9.321746,1.096288
worker_2,802,1788087112.391255,50,9.784186,1.100576
worker_2,803,1788087112.401087,50,9.320126,1.096288
worker_2,804,1788087112.410432,50,9.763028,1.096512
worker_2,805,1788087112.420253,50,9.318719,1.097088
worker_2,806,1788087112.429597,50,9.757547,1.097600
worker_2,807,1788087112.439404,50,9.333923,1.096896
worker_2,808,1788087112.448764,50,9.772204,1.095488
worker_2,809,1788087112.458585,50,9.321163,1.098784
worker_2,810,1788087112.467932,50,9.759574,1.100320
worker_2,811,1788087112.477751,50,9.312145,1.096160
worker_2,812,1788087112.487090,50,9.745908,1.098688
worker_2,813,1788087112.496885,50,9.323496,1.097376
worker_2,814,1788087112.506233,50,9.769695,1.095488
worker_2,815,1788087112.516050,50,9.322747,1.103840
worker_2,816,1788087112.525398,50,9.750214,1.097952
worker_2,817,1788087112.535195,50,9.334376,1.098912
worker_2,818,1788087112.544557,50,9.759416,1.096064
worker_2,819,1788087112.554363,50,9.328821,1.098688
worker_2,820,1788087112.563718,50,9.751010,1.097440
worker_2,821,1788087112.573516,50,9.338979,1.100640
worker_2,822,1788087112.582879,50,9.761694,1.096288
worker_2,823,1788087112.592689,50,9.335311,1.098912
worker_2,824,1788087112.602051,50,9.758241,1.096768
worker_2,825,1788087112.611858,50,9.307609,1.095776
worker_2,826,1788087112.621189,50,9.743935,1.096352
worker_2,827,1788087112.630981,50,9.334701,1.097152
worker_2,828,1788087112.640341,50,9.754556,1.095808
worker_2,829,1788087112.650143,50,9.327246,1.096640
worker_2,830,1788087112.659496,50,9.749398,1.097344
worker_2,831,1788087112.669305,50,9.320164,1.096352
worker_2,832,1788087112.678651,50,9.756686,1.096640
worker_2,833,1788087112.688457,50,9.326941,1.096864
worker_2,834,1788087112.697809,50,9.741177,1.096448
worker_2,835,1788087112.707598,50,9.333738,1.098304
worker_2,836,1788087112.716959,50,9.771242,1.099072
worker_2,837,1788087112.726778,50,9.330960,1.097792
worker_2,838,1788087112.736135,50,9.555777,1.109568
worker_2,839,1788087112.745708,50,9.560804,1.096192
worker_2,840,1788087112.755287,50,9.549582,1.098656
worker_2,841,1788087112.764852,50,9.585268,1.097184
worker_2,842,1788087112.774454,50,9.576573,1.096256
worker_2,843,1788087112.784045,50,9.564545,1.097088
worker_2,844,1788087112.793625,50,9.561768,1.099584
worker_2,845,1788087112.803203,50,9.563036,1.100288
worker_2,846,1788087112.812781,50,9.561054,1.096352
worker_2,847,1788087112.822357,50,9.576314,1.096928
worker_2,848,1788087112.831951,50,9.770741,1.098272
worker_2,849,1788087112.841772,50,9.525785,1.097696
worker_2,850,1788087112.851357,50,9.508351,1.097760
worker_2,851,1788087112.860912,50,9.525249,1.096160
worker_2,852,1788087112.870484,50,9.521434,1.096160
worker_2,853,1788087112.880051,50,9.544332,1.101056
worker_2,854,1788087112.889642,50,9.516850,1.096352
worker_2,855,1788087112.899205,50,9.539184,1.098560
worker_2,856,1788087112.908791,50,9.519822,1.096032
worker_2,857,1788087112.918357,50,9.539054,1.097536
worker_2,858,1788087112.927943,50,9.533572,1.098048
worker_2,859,1788087112.937523,50,9.542433,1.098976
worker_2,860,1788087112.947112,50,9.527656,1.096416
worker_2,861,1788087112.956688,50,9.526313,1.096384
worker_2,862,1788087112.966263,50,9.529081,1.096736
worker_2,863,1788087112.975838,50,9.329524,1.098912
worker_2,864,1788087112.985194,50,9.758732,1.097440
worker_2,865,1788087112.995001,50,9.323284,1.098752
worker_2,866,1788087113.004349,50,9.773927,1.098016
worker_2,867,1788087113.014169,50,9.323691,1.098304
worker_2,868,1788087113.023519,50,9.784501,1.097152
worker_2,869,1788087113.033350,50,9.302200,1.098144
worker_2,870,1788087113.042683,50,9.752667,1.096800
worker_2,871,1788087113.052484,50,9.321839,1.095840
worker_2,872,1788087113.061830,50,9.753880,1.096896
worker_2,873,1788087113.071632,50,9.330691,1.098464
worker_2,874,1788087113.080988,50,9.771398,1.096256
worker_2,875,1788087113.090806,50,9.326070,1.097792
worker_2,876,1788087113.100157,50,9.775769,1.099136
worker_2,877,1788087113.109981,50,9.314506,1.098912
worker_2,878,1788087113.119320,50,9.746676,1.095872
worker_2,879,1788087113.129113,50,9.334052,1.096928
worker_2,880,1788087113.138473,50,9.756945,1.096480
worker_2,881,1788087113.148278,50,9.334024,1.106016
worker_2,882,1788087113.157636,50,9.744732,1.097952
worker_2,883,1788087113.167430,50,9.338784,1.098912
worker_2,884,1788087113.176794,50,9.751807,1.099616
worker_2,885,1788087113.186593,50,9.333414,1.096960
worker_2,886,1788087113.195951,50,9.754112,1.098784
worker_2,887,1788087113.205754,50,9.329229,1.096384
worker_2,888,1788087113.215108,50,9.760056,1.097696
worker_2,889,1788087113.224926,50,9.312098,1.096640
worker_2,890,1788087113.234264,50,9.750473,1.096768
worker_2,891,1788087113.244062,50,9.327256,1.099168
worker_2,892,1788087113.253414,50,9.607360,1.095968
worker_2,893,1788087113.263072,50,9.469499,1.095776
worker_2,894,1788087113.272568,50,9.750918,1.096608
worker_2,895,1788087113.282366,50,9.333506,1.096320
worker_2,896,1788087113.291724,50,9.756584,1.098528
worker_2,897,1788087113.301528,50,9.338765,1.097632
worker_2,898,1788087113.310893,50,9.750770,1.095872
worker_2,899,1788087113.320691,50,9.329756,1.099072
worker_2,900,1788087113.330048,50,9.767186,1.096512
worker_2,901,1788087113.339863,50,9.322784,1.097888
worker_2,902,1788087113.349212,50,9.757769,1.096480
worker_2,903,1788087113.359019,50,9.324719,1.096384
worker_2,904,1788087113.368370,50,9.755094,1.097344
worker_2,905,1788087113.378172,50,9.331562,1.097632
worker_2,906,1788087113.387531,50,9.748481,1.096320
worker_2,907,1788087113.397327,50,9.321719,1.097120
worker_2,908,1788087113.406674,50,9.764982,1.096832
worker_2,909,1788087113.416498,50,9.316580,1.097536
worker_2,910,1788087113.425841,50,9.749751,1.096768
worker_2,911,1788087113.435637,50,9.338098,1.096160
worker_2,912,1788087113.444999,50,9.758557,1.096704
worker_2,913,1788087113.454806,50,9.324756,1.097536
worker_2,914,1788087113.464156,50,9.775946,1.098752
worker_2,915,1788087113.473980,50,9.320163,1.095776
worker_2,916,1788087113.483325,50,9.745806,1.096928
worker_2,917,1788087113.493118,50,9.324006,1.096256
worker_2,918,1788087113.502466,50,9.789288,1.096800
worker_2,919,1788087113.512305,50,9.296238,1.096512
worker_2,920,1788087113.521628,50,9.750992,1.098528
worker_2,921,1788087113.531428,50,9.345710,1.098496
worker_2,922,1788087113.540799,50,9.761918,1.100832
worker_2,923,1788087113.550610,50,9.338071,1.098176
worker_2,924,1788087113.559973,50,9.749676,1.096608
worker_2,925,1788087113.569771,50,9.314571,1.095712
worker_2,926,1788087113.579186,50,9.695778,1.098016
worker_2,927,1788087113.588931,50,9.311534,1.097056
worker_2,928,1788087113.598281,50,9.748936,1.096320
worker_2,929,1788087113.608077,50,9.313302,1.096992
worker_2,930,1788087113.617415,50,9.750408,1.095584
worker_2,931,1788087113.627215,50,9.322089,1.097824
worker_2,932,1788087113.636564,50,9.757221,1.097952
worker_2,933,1788087113.646368,50,9.337904,1.096992
worker_2,934,1788087113.655732,50,9.752917,1.102144
worker_2,935,1788087113.665533,50,9.335857,1.097760
worker_2,936,1788087113.674893,50,9.584785,1.097152
worker_2,937,1788087113.684513,50,9.498073,1.096640
worker_2,938,1788087113.694028,50,9.583758,1.097280
worker_2,939,1788087113.703637,50,9.525823,1.099008
worker_2,940,1788087113.713187,50,9.570175,1.098176
worker_2,941,1788087113.722777,50,9.544989,1.098560
worker_2,942,1788087113.732340,50,9.559147,1.098816
worker_2,943,1788087113.741916,50,9.562674,1.095904
worker_2,944,1788087113.751504,50,9.530637,1.097056
worker_2,945,1788087113.761056,50,9.556675,1.099296
worker_2,946,1788087113.770631,50,9.543646,1.098144
worker_2,947,1788087113.780193,50,9.580758,1.099392
worker_2,948,1788087113.789802,50,9.537535,1.097504
worker_2,949,1788087113.799356,50,9.589352,1.099200
worker_2,950,1788087113.808961,50,9.548813,1.095648
worker_2,951,1788087113.818527,50,9.547767,1.096832
worker_2,952,1788087113.828090,50,9.558489,1.097472
worker_2,953,1788087113.837664,50,9.560767,1.096544
worker_2,954,1788087113.847240,50,9.578998,1.096128
worker_2,955,1788087113.856834,50,9.565453,1.098176
worker_2,956,1788087113.866415,50,9.768500,1.096192
worker_2,957,1788087113.876248,50,9.305487,1.097088
worker_2,958,1788087113.885581,50,9.753704,1.097120
worker_2,959,1788087113.895384,50,9.320192,1.096480
worker_2,960,1788087113.904731,50,9.750964,1.097408
worker_2,961,1788087113.914530,50,9.315765,1.096672
worker_2,962,1788087113.923872,50,9.752853,1.097152
worker_2,963,1788087113.933673,50,9.326719,1.096064
worker_2,964,1788087113.943026,50,9.763278,1.100192
worker_2,965,1788087113.952838,50,9.318247,1.097088
worker_2,966,1788087113.962183,50,9.764177,1.098784
worker_2,967,1788087113.972006,50,9.334923,1.096544
worker_2,968,1788087113.981365,50,9.752380,1.096832
worker_2,969,1788087113.991166,50,9.324053,1.097280
worker_2,970,1788087114.000514,50,9.756335,1.096256
worker_2,971,1788087114.010318,50,9.321654,1.098816
worker_2,972,1788087114.019664,50,9.776037,1.095264
worker_2,973,1788087114.029488,50,9.317840,1.096864
worker_2,974,1788087114.038832,50,9.768491,1.097792
worker_2,975,1788087114.048648,50,9.512906,1.096608
worker_2,976,1788087114.058207,50,9.532101,1.096544
worker_2,977,1788087114.067785,50,9.538175,1.095360
worker_2,978,1788087114.077371,50,9.530554,1.096704
worker_2,979,1788087114.086949,50,9.532776,1.096576
worker_2,980,1788087114.096529,50,9.328052,1.097024
worker_2,981,1788087114.105882,50,9.740667,1.096320
worker_2,982,1788087114.115669,50,9.330904,1.096832
worker_2,983,1788087114.125024,50,9.746409,1.095904
worker_2,984,1788087114.134818,50,9.337294,1.097216
worker_2,985,1788087114.144179,50,9.756094,1.096896
worker_2,986,1788087114.153981,50,9.356155,1.098080
worker_2,987,1788087114.163373,50,9.743760,1.101024
worker_2,988,1788087114.173165,50,9.318274,1.095456
worker_2,989,1788087114.182508,50,9.768057,1.097536
worker_2,990,1788087114.192326,50,9.315496,1.097024
worker_2,991,1788087114.201666,50,9.772056,1.101728
worker_2,992,1788087114.211486,50,9.310340,1.096160
worker_2,993,1788087114.220820,50,9.563258,1.096128
worker_2,994,1788087114.230403,50,9.763668,1.096320
worker_2,995,1788087114.240232,50,9.315663,1.096832
worker_2,996,1788087114.249573,50,9.539879,1.096544
worker_2,997,1788087114.259132,50,9.578647,1.096032
worker_2,998,1788087114.268732,50,9.542146,1.098560
worker_2,999,1788087114.278294,50,9.559980,1.097536
worker_2,1000,1788087114.287869,50,9.559805,1.096320
worker_2,1001,1788087114.297446,50,9.545035,1.096352
worker_2,1002,1788087114.307010,50,9.783936,1.097888
worker_2,1003,1788087114.316845,50,9.520452,1.097120
worker_2,1004,1788087114.326413,50,9.535110,1.095296
worker_2,1005,1788087114.335996,50,9.547887,1.096448
worker_2,1006,1788087114.345602,50,9.514248,1.098080
worker_2,1007,1788087114.355162,50,9.529008,1.096672
worker_2,1008,1788087114.364738,50,9.565240,1.097024
worker_2,1009,1788087114.374350,50,9.520730,1.097056
worker_2,1010,1788087114.383919,50,9.535470,1.097376
worker_2,1011,1788087114.393500,50,9.524257,1.098336
worker_2,1012,1788087114.403071,50,9.540906,1.097536
worker_2,1013,1788087114.412661,50,9.516869,1.096832
worker_2,1014,1788087114.422225,50,9.532257,1.096256
worker_2,1015,1788087114.431805,50,9.699139,1.097056
worker_2,1016,1788087114.441550,50,9.529895,1.097440
worker_2,1017,1788087114.451126,50,9.530313,1.097568
worker_2,1018,1788087114.460703,50,9.341654,1.097792
worker_2,1019,1788087114.470069,50,9.649564,1.099072
worker_2,1020,1788087114.479767,50,9.279551,1.096384
worker_2,1021,1788087114.489070,50,9.755954,1.098880
worker_2,1022,1788087114.498875,50,9.318571,1.098048
worker_2,1023,1788087114.508227,50,9.739807,1.096672
worker_2,1024,1788087114.518015,50,9.331090,1.099232
worker_2,1025,1788087114.527372,50,9.770675,1.096480
worker_2,1026,1788087114.537202,50,9.324719,1.096288
worker_2,1027,1788087114.546553,50,9.748159,1.097344
worker_2,1028,1788087114.556349,50,9.332506,1.097344
worker_2,1029,1788087114.565707,50,9.746620,1.096640
worker_2,1030,1788087114.575502,50,9.340432,1.097760
worker_2,1031,1788087114.584868,50,9.564601,1.098144
worker_2,1032,1788087114.594451,50,9.563036,1.097056
worker_2,1033,1788087114.604031,50,9.555471,1.096416
worker_2,1034,1788087114.613605,50,9.763639,1.096672
worker_2,1035,1788087114.623419,50,9.328747,1.097792
worker_2,1036,1788087114.632774,50,9.752249,1.096320
worker_2,1037,1788087114.642575,50,9.320340,1.096288
worker_2,1038,1788087114.651919,50,9.759019,1.101120
worker_2,1039,1788087114.661726,50,9.328247,1.098752
worker_2,1040,1788087114.671082,50,9.755205,1.097120
worker_2,1041,1788087114.680883,50,9.321561,1.098368
worker_2,1042,1788087114.690229,50,9.759788,1.097056
worker_2,1043,1788087114.700036,50,9.331914,1.098656
worker_2,1044,1788087114.709393,50,9.753862,1.096032
worker_2,1045,1788087114.719204,50,9.333886,1.106656
worker_2,1046,1788087114.728564,50,9.762760,1.096832
worker_2,1047,1788087114.738377,50,9.319950,1.097920
worker_2,1048,1788087114.747723,50,9.749991,1.100800
worker_2,1049,1788087114.757521,50,9.319099,1.098400
worker_2,1050,1788087114.766865,50,9.760324,1.096224
worker_2,1051,1788087114.776673,50,9.321692,1.097216
worker_2,1052,1788087114.786019,50,9.749686,1.097824
worker_2,1053,1788087114.795816,50,9.337285,1.102208
worker_2,1054,1788087114.805180,50,9.770705,1.096384
worker_2,1055,1788087114.814999,50,9.318154,1.096640
worker_2,1056,1788087114.824341,50,9.754872,1.097024
worker_2,1057,1788087114.834143,50,9.331645,1.097824
worker_2,1058,1788087114.843499,50,9.757964,1.104992
worker_2,1059,1788087114.853306,50,9.321404,1.095680
worker_2,1060,1788087114.862653,50,9.746167,1.096224
worker_2,1061,1788087114.872447,50,9.327202,1.103136
worker_2,1062,1788087114.881799,50,9.751149,1.096928
worker_2,1063,1788087114.891599,50,9.318895,1.096192
worker_2,1064,1788087114.900944,50,9.765214,1.096288
worker_2,1065,1788087114.910769,50,9.307238,1.097088
worker_2,1066,1788087114.920101,50,9.781936,1.103488
worker_2,1067,1788087114.929931,50,9.318774,1.096544
worker_2,1068,1788087114.939275,50,9.768104,1.097888
worker_2,1069,1788087114.949090,50,9.332663,1.097216
worker_2,1070,1788087114.958448,50,9.755557,1.098016
worker_2,1071,1788087114.968269,50,9.312765,1.099104
worker_2,1072,1788087114.977607,50,9.792640,1.097440
worker_2,1073,1788087114.987448,50,9.296192,1.097024
worker_2,1074,1788087114.996770,50,9.748094,1.098560
worker_2,1075,1788087115.006566,50,9.327924,1.097120
worker_2,1076,1788087115.015921,50,9.763815,1.106752
worker_2,1077,1788087115.025731,50,9.324061,1.099040
worker_2,1078,1788087115.035080,50,9.767527,1.099136
worker_2,1079,1788087115.044977,50,9.237690,1.098368
worker_2,1080,1788087115.054241,50,9.758593,1.096992
worker_2,1081,1788087115.064048,50,9.342961,1.096928
worker_2,1082,1788087115.073417,50,9.752112,1.096352
worker_2,1083,1788087115.083216,50,9.342848,1.104672
worker_2,1084,1788087115.092600,50,9.734582,1.096352
worker_2,1085,1788087115.102381,50,9.346459,1.096512
worker_2,1086,1788087115.111753,50,9.753427,1.098752
worker_2,1087,1788087115.121553,50,9.329682,1.096384
worker_2,1088,1788087115.130909,50,9.555267,1.101056
worker_2,1089,1788087115.140482,50,9.785982,1.097536
worker_2,1090,1788087115.150317,50,9.519136,1.097696
worker_2,1091,1788087115.159883,50,9.353181,1.096544
worker_2,1092,1788087115.169261,50,9.545692,1.097248
worker_2,1093,1788087115.178825,50,9.552721,1.097088
worker_2,1094,1788087115.188395,50,9.561842,1.096384
worker_2,1095,1788087115.197978,50,9.562665,1.099296
worker_2,1096,1788087115.207558,50,9.561267,1.097792
worker_2,1097,1788087115.217135,50,9.579295,1.096864
worker_2,1098,1788087115.226731,50,9.762194,1.096768
worker_2,1099,1788087115.236542,50,9.524193,1.096800
worker_2,1100,1788087115.246112,50,9.525119,1.096992
worker_2,1101,1788087115.255683,50,9.380618,1.096800
worker_2,1102,1788087115.265114,50,9.467377,1.095872
worker_2,1103,1788087115.274608,50,9.551258,1.096448
worker_2,1104,1788087115.284194,50,9.564999,1.097632
worker_2,1105,1788087115.293776,50,9.556860,1.096832
worker_2,1106,1788087115.303349,50,9.566137,1.098016
worker_2,1107,1788087115.312930,50,9.740241,1.097856
worker_2,1108,1788087115.322686,50,9.587870,1.097760
worker_2,1109,1788087115.332291,50,9.768195,1.095584
worker_2,1110,1788087115.342109,50,9.524804,1.095392
worker_2,1111,1788087115.351681,50,9.509471,1.097120
worker_2,1112,1788087115.361237,50,9.401109,1.095840
worker_2,1113,1788087115.370686,50,9.347776,1.096480
worker_2,1114,1788087115.380059,50,9.542027,1.097824
worker_2,1115,1788087115.389619,50,9.562731,1.097504
worker_2,1116,1788087115.399200,50,9.551119,1.097568
worker_2,1117,1788087115.408767,50,9.573350,1.096480
worker_2,1118,1788087115.418356,50,9.553952,1.097376
worker_2,1119,1788087115.427927,50,9.775029,1.097280
worker_2,1120,1788087115.437750,50,9.694296,1.099232
worker_2,1121,1788087115.447491,50,9.384497,1.096832
worker_2,1122,1788087115.456923,50,9.518655,1.096192
worker_2,1123,1788087115.466500,50,9.533202,1.097312
worker_2,1124,1788087115.476078,50,9.335997,1.098656
worker_2,1125,1788087115.485440,50,9.543536,1.098752
worker_2,1126,1788087115.495001,50,9.559907,1.098720
worker_2,1127,1788087115.504578,50,9.559851,1.098272
worker_2,1128,1788087115.514155,50,9.575268,1.097664
worker_2,1129,1788087115.523746,50,9.557526,1.096672
worker_2,1130,1788087115.533319,50,9.770843,1.097632
worker_2,1131,1788087115.543140,50,9.868715,1.097344
worker_2,1132,1788087115.553052,50,9.531601,1.095968
worker_2,1133,1788087115.562623,50,9.520859,1.097408
worker_2,1134,1788087115.572182,50,9.570434,1.097856
worker_2,1135,1788087115.581788,50,9.525471,1.096256
worker_2,1136,1788087115.591352,50,9.272701,1.099456
worker_2,1137,1788087115.600668,50,9.520286,1.097824
worker_2,1138,1788087115.610237,50,9.557278,1.097632
worker_2,1139,1788087115.619843,50,9.499258,1.098848
worker_2,1140,1788087115.629392,50,9.525591,1.096128
worker_2,1141,1788087115.638967,50,9.529081,1.096192
worker_2,1142,1788087115.648544,50,9.359487,1.095680
worker_2,1143,1788087115.657970,50,9.461831,1.097504
worker_2,1144,1788087115.667461,50,9.544369,1.098176
worker_2,1145,1788087115.677027,50,9.763176,1.096768
worker_2,1146,1788087115.686841,50,9.343394,1.096640
worker_2,1147,1788087115.696220,50,9.754908,1.098400
worker_2,1148,1788087115.706027,50,9.337551,1.097184
worker_2,1149,1788087115.715390,50,9.776529,1.095904
worker_2,1150,1788087115.725217,50,9.321524,1.098816
worker_2,1151,1788087115.734566,50,9.772667,1.096000
worker_2,1152,1788087115.744388,50,9.318302,1.098624
worker_2,1153,1788087115.753732,50,9.763972,1.098560
worker_2,1154,1788087115.763546,50,9.313117,1.101600
worker_2,1155,1788087115.772890,50,9.755204,1.096320
worker_2,1156,1788087115.782696,50,9.338617,1.096608
worker_2,1157,1788087115.792062,50,9.760020,1.097920
worker_2,1158,1788087115.801872,50,9.341849,1.098464
worker_2,1159,1788087115.811241,50,9.747148,1.098464
worker_2,1160,1788087115.821039,50,9.317043,1.097344
worker_2,1161,1788087115.830382,50,9.776973,1.097888
worker_2,1162,1788087115.840242,50,9.282515,1.096256
worker_2,1163,1788087115.849553,50,9.764057,1.096192
worker_2,1164,1788087115.859367,50,9.326330,1.101600
worker_2,1165,1788087115.868721,50,9.758519,1.096448
worker_2,1166,1788087115.878529,50,9.301116,1.096448
worker_2,1167,1788087115.887857,50,9.770057,1.097152
worker_2,1168,1788087115.897677,50,9.321173,1.096704
worker_2,1169,1788087115.907025,50,9.778760,1.095872
worker_2,1170,1788087115.916855,50,9.313497,1.095680
worker_2,1171,1788087115.926197,50,9.757917,1.096224
worker_2,1172,1788087115.936006,50,9.314339,1.096672
worker_2,1173,1788087115.945347,50,9.780001,1.097216
worker_2,1174,1788087115.955178,50,9.311376,1.097824
worker_2,1175,1788087115.964514,50,9.769390,1.098528
worker_2,1176,1788087115.974334,50,9.319664,1.096832
worker_2,1177,1788087115.983680,50,9.795880,1.096096
worker_2,1178,1788087115.993528,50,9.300579,1.097792
worker_2,1179,1788087116.002854,50,9.775834,1.097984
worker_2,1180,1788087116.012681,50,9.313284,1.096544
worker_2,1181,1788087116.022027,50,9.742686,1.096704
worker_2,1182,1788087116.031833,50,9.298516,1.096320
worker_2,1183,1788087116.041157,50,9.775982,1.096000
worker_2,1184,1788087116.050984,50,9.319904,1.099104
worker_2,1185,1788087116.060329,50,9.762908,1.096800
worker_2,1186,1788087116.070142,50,9.314173,1.096992
worker_2,1187,1788087116.079484,50,9.758510,1.095936
worker_2,1188,1788087116.089293,50,9.321321,1.098592
worker_2,1189,1788087116.098639,50,9.763398,1.096608
worker_2,1190,1788087116.108455,50,9.318460,1.098176
worker_2,1191,1788087116.117800,50,9.752418,1.097184
worker_2,1192,1788087116.127603,50,9.312044,1.096320
worker_2,1193,1788087116.136942,50,9.765880,1.096640
worker_2,1194,1788087116.146757,50,9.321691,1.097280
worker_2,1195,1788087116.156105,50,9.782991,1.102688
worker_2,1196,1788087116.165938,50,9.313283,1.098912
worker_2,1197,1788087116.175278,50,9.754482,1.097696
worker_2,1198,1788087116.185083,50,9.351026,1.097600
worker_2,1199,1788087116.194461,50,9.770241,1.096544
worker_2,1200,1788087116.204282,50,9.314460,1.097408
worker_2,1201,1788087116.213635,50,9.742898,1.097600
worker_2,1202,1788087116.223428,50,9.325423,1.099040
worker_2,1203,1788087116.232780,50,9.764594,1.097952
worker_2,1204,1788087116.242595,50,9.328589,1.096544
worker_2,1205,1788087116.251954,50,9.548721,1.101504
worker_2,1206,1788087116.261525,50,9.546610,1.096672
worker_2,1207,1788087116.271093,50,9.566573,1.101184
worker_2,1208,1788087116.280679,50,9.550564,1.096800
worker_2,1209,1788087116.290247,50,9.567406,1.098336
worker_2,1210,1788087116.299832,50,9.558999,1.099968
worker_2,1211,1788087116.309407,50,9.561276,1.098144
worker_2,1212,1788087116.318985,50,9.765093,1.097440
worker_2,1213,1788087116.328801,50,9.319914,1.096768
worker_2,1214,1788087116.338149,50,9.756863,1.097440
worker_2,1215,1788087116.347957,50,9.325951,1.100000
worker_2,1216,1788087116.357310,50,9.764547,1.098464
worker_2,1217,1788087116.367125,50,9.314811,1.099040
worker_2,1218,1788087116.376465,50,9.751889,1.096608
worker_2,1219,1788087116.386268,50,9.329209,1.096768
worker_2,1220,1788087116.395627,50,9.544387,1.095680
worker_2,1221,1788087116.405205,50,9.540536,1.097056
worker_2,1222,1788087116.414765,50,9.555990,1.098176
worker_2,1223,1788087116.424339,50,9.559017,1.097056
worker_2,1224,1788087116.433914,50,9.715056,1.097760
worker_2,1225,1788087116.443646,50,9.569814,1.098912
worker_2,1226,1788087116.453233,50,9.554017,1.096128
worker_2,1227,1788087116.462805,50,9.561730,1.098208
worker_2,1228,1788087116.472383,50,9.402239,1.096192
worker_2,1229,1788087116.481802,50,9.564720,1.102528
worker_2,1230,1788087116.491461,50,9.486730,1.097952
worker_2,1231,1788087116.500967,50,9.792935,1.096192
worker_2,1232,1788087116.510813,50,9.524729,1.096032
worker_2,1233,1788087116.520389,50,9.557786,1.096576
worker_2,1234,1788087116.529998,50,9.477849,1.097856
worker_2,1235,1788087116.539527,50,9.536943,1.097824
worker_2,1236,1788087116.549114,50,9.325830,1.096768
worker_2,1237,1788087116.558468,50,9.532850,1.096288
worker_2,1238,1788087116.568022,50,9.560702,1.096416
worker_2,1239,1788087116.577601,50,9.553600,1.096896
worker_2,1240,1788087116.587185,50,9.559684,1.097728
worker_2,1241,1788087116.596762,50,9.770418,1.096480
worker_2,1242,1788087116.606583,50,9.523758,1.096352
worker_2,1243,1788087116.616158,50,9.580926,1.101536
worker_2,1244,1788087116.625788,50,9.490553,1.096480
worker_2,1245,1788087116.635331,50,9.452183,1.103552
worker_2,1246,1788087116.644812,50,9.418286,1.095648
worker_2,1247,1788087116.654251,50,9.562601,1.096608
worker_2,1248,1788087116.663832,50,9.567564,1.102656
worker_2,1249,1788087116.673416,50,9.562721,1.098848
worker_2,1250,1788087116.683002,50,9.555443,1.098688
worker_2,1251,1788087116.692581,50,9.554573,1.097600
worker_2,1252,1788087116.702154,50,9.780455,1.095744
worker_2,1253,1788087116.711986,50,9.534304,1.106336
worker_2,1254,1788087116.721572,50,9.521859,1.097856
worker_2,1255,1788087116.731144,50,9.317016,1.098240
worker_2,1256,1788087116.740488,50,9.549972,1.098272
worker_2,1257,1788087116.750057,50,9.571268,1.097568
worker_2,1258,1788087116.759645,50,9.565166,1.097856
worker_2,1259,1788087116.769227,50,9.561165,1.096512
worker_2,1260,1788087116.778816,50,9.554036,1.097504
worker_2,1261,1788087116.788387,50,9.562879,1.096704
worker_2,1262,1788087116.797968,50,9.772974,1.095360
worker_2,1263,1788087116.807793,50,9.538804,1.098912
worker_2,1264,1788087116.817384,50,9.693426,1.097920
worker_2,1265,1788087116.827129,50,9.357497,1.096224
worker_2,1266,1788087116.836538,50,9.301766,1.097088
worker_2,1267,1788087116.845858,50,9.547545,1.097856
worker_2,1268,1788087116.855423,50,9.574351,1.100672
worker_2,1269,1788087116.865014,50,9.549814,1.097344
worker_2,1270,1788087116.874582,50,9.569684,1.097472
worker_2,1271,1788087116.884169,50,9.561573,1.099744
worker_2,1272,1788087116.893748,50,9.605759,1.098112
worker_2,1273,1788087116.903402,50,9.504212,1.096608
worker_2,1274,1788087116.912948,50,9.535545,1.096992
worker_2,1275,1788087116.922524,50,9.530916,1.095392
worker_2,1276,1788087116.932093,50,9.543999,1.103808
worker_2,1277,1788087116.941674,50,9.541620,1.098048
worker_2,1278,1788087116.951256,50,9.540482,1.097120
worker_2,1279,1788087116.960845,50,9.527027,1.097472
worker_2,1280,1788087116.970408,50,9.553711,1.097536
worker_2,1281,1788087116.979999,50,9.714861,1.098656
worker_2,1282,1788087116.989760,50,9.536554,1.095936
worker_2,1283,1788087116.999346,50,9.524990,1.096864
worker_2,1284,1788087117.008921,50,9.529101,1.098272
worker_2,1285,1788087117.018499,50,9.356572,1.095872
worker_2,1286,1788087117.027904,50,9.524322,1.103104
worker_2,1287,1788087117.037468,50,9.531665,1.097760
worker_2,1288,1788087117.047037,50,9.712214,1.097280
worker_2,1289,1788087117.056796,50,9.365172,1.096800
worker_2,1290,1788087117.066199,50,9.551693,1.096032
worker_2,1291,1788087117.075789,50,9.537044,1.100800
worker_2,1292,1788087117.085363,50,9.542675,1.096576
worker_2,1293,1788087117.094943,50,9.705130,1.096192
worker_2,1294,1788087117.104693,50,9.363109,1.098112
worker_2,1295,1788087117.114098,50,9.551952,1.095808
worker_2,1296,1788087117.123688,50,9.534693,1.097024
worker_2,1297,1788087117.133258,50,9.539083,1.096416
worker_2,1298,1788087117.142833,50,9.728204,1.098496
worker_2,1299,1788087117.152620,50,9.338561,1.096704
worker_2,1300,1788087117.162000,50,9.529257,1.097312
worker_2,1301,1788087117.171566,50,9.530886,1.096128
worker_2,1302,1788087117.181131,50,9.553961,1.097536
worker_2,1303,1788087117.190724,50,9.536998,1.097760
worker_2,1304,1788087117.200301,50,9.539730,1.095488
worker_2,1305,1788087117.209881,50,9.530544,1.097024
worker_2,1306,1788087117.219453,50,9.543822,1.097792
worker_2,1307,1788087117.229036,50,9.542184,1.096640
worker_2,1308,1788087117.238615,50,9.547304,1.096832
worker_2,1309,1788087117.248200,50,9.536647,1.096768
worker_2,1310,1788087117.257774,50,9.549747,1.098016
worker_2,1311,1788087117.267366,50,9.540378,1.096480
worker_2,1312,1788087117.276942,50,9.541147,1.095680
worker_2,1313,1788087117.286521,50,9.540833,1.095680
worker_2,1314,1788087117.296101,50,9.844177,1.095552
worker_2,1315,1788087117.305989,50,9.225940,1.096480
worker_2,1316,1788087117.315253,50,9.532093,1.096416
worker_2,1317,1788087117.324824,50,9.534786,1.098720
worker_2,1318,1788087117.334408,50,9.524267,1.096096
worker_2,1319,1788087117.343969,50,9.555314,1.100448
worker_2,1320,1788087117.353562,50,9.527071,1.098080
worker_2,1321,1788087117.363127,50,9.546082,1.096224
worker_2,1322,1788087117.372712,50,9.528749,1.098720
worker_2,1323,1788087117.382280,50,9.581379,1.096064
worker_2,1324,1788087117.391901,50,9.531360,1.099808
worker_2,1325,1788087117.401473,50,9.534517,1.096544
worker_2,1326,1788087117.411046,50,9.553174,1.108352
worker_2,1327,1788087117.420638,50,9.539064,1.096288
worker_2,1328,1788087117.430214,50,9.705186,1.097856
worker_2,1329,1788087117.439959,50,9.704092,1.095680
worker_2,1330,1788087117.449707,50,9.378923,1.097568
worker_2,1331,1788087117.459127,50,9.546730,1.098496
worker_2,1332,1788087117.468711,50,9.394683,1.098304
worker_2,1333,1788087117.478143,50,9.529045,1.097280
worker_2,1334,1788087117.487709,50,9.712065,1.096832
worker_2,1335,1788087117.497465,50,9.397396,1.096416
worker_2,1336,1788087117.506904,50,9.519961,1.095616
worker_2,1337,1788087117.516462,50,9.543462,1.097280
worker_2,1338,1788087117.526059,50,9.520730,1.097312
worker_2,1339,1788087117.535615,50,9.546601,1.100416
worker_2,1340,1788087117.545199,50,9.554517,1.097632
worker_2,1341,1788087117.554792,50,9.535768,1.098432
worker_2,1342,1788087117.564363,50,9.536841,1.097344
worker_2,1343,1788087117.573938,50,9.541805,1.097952
worker_2,1344,1788087117.583518,50,9.540860,1.098656
worker_2,1345,1788087117.593096,50,9.540583,1.097600
worker_2,1346,1788087117.602674,50,9.558295,1.095584
worker_2,1347,1788087117.612269,50,9.528305,1.095744
worker_2,1348,1788087117.621832,50,9.556832,1.097728
worker_2,1349,1788087117.631435,50,9.682446,1.097344
worker_2,1350,1788087117.641162,50,9.361868,1.097024
worker_2,1351,1788087117.650565,50,9.532925,1.096384
worker_2,1352,1788087117.660137,50,9.733723,1.102016
worker_2,1353,1788087117.669915,50,9.358322,1.095872
worker_2,1354,1788087117.679316,50,9.527304,1.097472
worker_2,1355,1788087117.688882,50,9.560370,1.097216
worker_2,1356,1788087117.698479,50,9.535888,1.098560
worker_2,1357,1788087117.708065,50,9.717779,1.102432
worker_2,1358,1788087117.717829,50,9.358599,1.097120
worker_2,1359,1788087117.727230,50,9.534008,1.097472
worker_2,1360,1788087117.736801,50,9.550878,1.098976
worker_2,1361,1788087117.746390,50,9.532091,1.097344
worker_2,1362,1788087117.755960,50,9.701861,1.099488
worker_2,1363,1788087117.765707,50,9.373997,1.097440
worker_2,1364,1788087117.775120,50,9.539618,1.097760
worker_2,1365,1788087117.784701,50,9.535739,1.098848
worker_2,1366,1788087117.794275,50,9.540221,1.097536
worker_2,1367,1788087117.803849,50,9.725009,1.108992
worker_2,1368,1788087117.813619,50,9.363802,1.096480
worker_2,1369,1788087117.823027,50,9.584074,1.098464
worker_2,1370,1788087117.832661,50,9.484368,1.096928
worker_2,1371,1788087117.842183,50,9.550064,1.097504
worker_2,1372,1788087117.851768,50,9.548490,1.098624
worker_2,1373,1788087117.861353,50,9.529285,1.096640
worker_2,1374,1788087117.870919,50,9.711916,1.096768
worker_2,1375,1788087117.880675,50,9.352672,1.096608
worker_2,1376,1788087117.890069,50,9.541943,1.098496
worker_2,1377,1788087117.899661,50,9.523148,1.098208
worker_2,1378,1788087117.909222,50,9.554332,1.097696
worker_2,1379,1788087117.918815,50,9.713324,1.099328
worker_2,1380,1788087117.928573,50,9.354673,1.098400
worker_2,1381,1788087117.938048,50,9.446267,1.096768
worker_2,1382,1788087117.947533,50,9.530860,1.096992
worker_2,1383,1788087117.957102,50,9.539072,1.096448
worker_2,1384,1788087117.966676,50,9.718351,1.095776
worker_2,1385,1788087117.976439,50,9.371766,1.101024
worker_2,1386,1788087117.985854,50,9.525489,1.096544
worker_2,1387,1788087117.995415,50,9.553971,1.104864
worker_2,1388,1788087118.005003,50,9.536925,1.095648
worker_2,1389,1788087118.014576,50,9.662500,1.097248
worker_2,1390,1788087118.024259,50,9.604324,1.097248
worker_2,1391,1788087118.033907,50,9.371368,1.098240
worker_2,1392,1788087118.043320,50,9.545416,1.100800
worker_2,1393,1788087118.052902,50,9.688241,1.096384
worker_2,1394,1788087118.062626,50,9.530221,1.095616
worker_2,1395,1788087118.072194,50,9.572407,1.098400
worker_2,1396,1788087118.081822,50,9.352359,1.098304
worker_2,1397,1788087118.091216,50,9.525851,1.096640
worker_2,1398,1788087118.100778,50,9.557332,1.096608
worker_2,1399,1788087118.110372,50,9.528878,1.095456
worker_2,1400,1788087118.119936,50,9.706046,1.096384
worker_2,1401,1788087118.129687,50,9.365756,1.096704
worker_2,1402,1788087118.139091,50,9.554203,1.104896
worker_2,1403,1788087118.148679,50,9.547174,1.098208
worker_2,1404,1788087118.158266,50,9.541054,1.097280
worker_2,1405,1788087118.167847,50,9.727389,1.096768
worker_2,1406,1788087118.177617,50,9.354664,1.096800
worker_2,1407,1788087118.187013,50,9.527805,1.098752
worker_2,1408,1788087118.196580,50,9.547869,1.097408
worker_2,1409,1788087118.206167,50,9.535415,1.097248
worker_2,1410,1788087118.215737,50,9.765612,1.096736
worker_2,1411,1788087118.225547,50,9.325183,1.096288
worker_2,1412,1788087118.234911,50,9.534304,1.096448
worker_2,1413,1788087118.244484,50,9.544823,1.096544
worker_2,1414,1788087118.254067,50,9.537897,1.096160
worker_2,1415,1788087118.263642,50,9.721557,1.100768
worker_2,1416,1788087118.273420,50,9.352683,1.095296
worker_2,1417,1788087118.282812,50,9.532536,1.095776
worker_2,1418,1788087118.292385,50,9.683268,1.097664
worker_2,1419,1788087118.302106,50,9.459101,1.096928
worker_2,1420,1788087118.311602,50,9.653713,1.097856
worker_2,1421,1788087118.321300,50,9.362219,1.095296
worker_2,1422,1788087118.330702,50,9.541517,1.096256
worker_2,1423,1788087118.340279,50,9.540999,1.096832
worker_2,1424,1788087118.349858,50,9.531471,1.097312
worker_2,1425,1788087118.359424,50,9.705093,1.096864
worker_2,1426,1788087118.369174,50,9.378739,1.096672
worker_2,1427,1788087118.378596,50,9.531314,1.096160
worker_2,1428,1788087118.388165,50,9.537526,1.096416
worker_2,1429,1788087118.397742,50,9.546480,1.096864
worker_2,1430,1788087118.407325,50,9.726731,1.097536
worker_2,1431,1788087118.417096,50,9.359848,1.096672
worker_2,1432,1788087118.426497,50,9.549192,1.096608
worker_2,1433,1788087118.436085,50,9.701250,1.096416
worker_2,1434,1788087118.445824,50,9.395100,1.095968
worker_2,1435,1788087118.455268,50,9.840898,1.095648
worker_2,1436,1788087118.465152,50,9.221745,1.097696
worker_2,1437,1788087118.474413,50,9.527378,1.098720
worker_2,1438,1788087118.483980,50,9.533906,1.096608
worker_2,1439,1788087118.493550,50,9.533129,1.096672
worker_2,1440,1788087118.503122,50,9.706528,1.105664
worker_2,1441,1788087118.512875,50,9.359562,1.096608
worker_2,1442,1788087118.522274,50,9.545804,1.095776
worker_2,1443,1788087118.531860,50,9.532101,1.095136
worker_2,1444,1788087118.541427,50,9.538703,1.097536
worker_2,1445,1788087118.551003,50,9.778380,1.100352
worker_2,1446,1788087118.560826,50,9.320876,1.098176
worker_2,1447,1788087118.570190,50,9.532887,1.095904
worker_2,1448,1788087118.579762,50,9.555804,1.096480
worker_2,1449,1788087118.589354,50,9.533081,1.096512
worker_2,1450,1788087118.598923,50,9.719388,1.102176
worker_2,1451,1788087118.608687,50,9.360061,1.097056
worker_2,1452,1788087118.618090,50,9.559685,1.096128
worker_2,1453,1788087118.627689,50,9.537600,1.099808
worker_2,1454,1788087118.637265,50,9.536823,1.097568
worker_2,1455,1788087118.646852,50,9.523563,1.096736
worker_2,1456,1788087118.656408,50,9.544156,1.096512
worker_2,1457,1788087118.665990,50,9.720278,1.096576
worker_2,1458,1788087118.675755,50,9.368174,1.098752
worker_2,1459,1788087118.685165,50,9.538833,1.097760
worker_2,1460,1788087118.694742,50,9.709149,1.096288
worker_2,1461,1788087118.704495,50,9.358239,1.097664
worker_2,1462,1788087118.713891,50,9.537406,1.095808
worker_2,1463,1788087118.723465,50,9.533416,1.099840
worker_2,1464,1788087118.733035,50,9.546425,1.098368
worker_2,1465,1788087118.742618,50,9.532804,1.096448
worker_2,1466,1788087118.752189,50,9.537119,1.096672
worker_2,1467,1788087118.761762,50,9.540017,1.095744
worker_2,1468,1788087118.771338,50,9.546545,1.096800
worker_2,1469,1788087118.780924,50,9.540138,1.097248
worker_2,1470,1788087118.790501,50,9.700417,1.096032
worker_2,1471,1788087118.800259,50,9.545675,1.096768
worker_2,1472,1788087118.809850,50,9.361358,1.096384
worker_2,1473,1788087118.819252,50,9.540999,1.096768
worker_2,1474,1788087118.828842,50,9.537796,1.104192
worker_2,1475,1788087118.838417,50,9.536684,1.095904
worker_2,1476,1788087118.847992,50,9.701335,1.096896
worker_2,1477,1788087118.857738,50,9.357350,1.095904
worker_2,1478,1788087118.867135,50,9.546026,1.103520
worker_2,1479,1788087118.876718,50,9.530379,1.096480
worker_2,1480,1788087118.886287,50,9.538646,1.097120
worker_2,1481,1788087118.895860,50,9.568165,1.096896
worker_2,1482,1788087118.905467,50,9.533499,1.096704
worker_2,1483,1788087118.915037,50,9.704047,1.096160
worker_2,1484,1788087118.924785,50,9.368145,1.096256
worker_2,1485,1788087118.934193,50,9.530610,1.096384
worker_2,1486,1788087118.943760,50,9.715704,1.098240
worker_2,1487,1788087118.953520,50,9.363108,1.096960
worker_2,1488,1788087118.962923,50,9.540610,1.102624
worker_2,1489,1788087118.972505,50,9.543711,1.097440
worker_2,1490,1788087118.982085,50,9.567258,1.095520
worker_2,1491,1788087118.991689,50,9.695175,1.096768
worker_2,1492,1788087119.001429,50,9.374313,1.097344
worker_2,1493,1788087119.010844,50,9.536415,1.097024
worker_2,1494,1788087119.020441,50,9.527082,1.098144
worker_2,1495,1788087119.030003,50,9.550165,1.096800
worker_2,1496,1788087119.039589,50,9.708371,1.096320
worker_2,1497,1788087119.049341,50,9.552073,1.101376
worker_2,1498,1788087119.058944,50,9.331395,1.097728
worker_2,1499,1788087119.068316,50,9.552906,1.095520
worker_2,1500,1788087119.077907,50,9.528563,1.096416
worker_2,1501,1788087119.087476,50,9.727751,1.096896
worker_2,1502,1788087119.097249,50,9.352515,1.096672
worker_2,1503,1788087119.106641,50,9.538129,1.099200
worker_2,1504,1788087119.116225,50,9.708611,1.096384
worker_2,1505,1788087119.125977,50,9.362479,1.100576
worker_2,1506,1788087119.135381,50,9.533906,1.096448
worker_2,1507,1788087119.144952,50,9.551498,1.096384
worker_2,1508,1788087119.154542,50,9.538304,1.098208
worker_2,1509,1788087119.164119,50,9.707647,1.096704
worker_2,1510,1788087119.173871,50,9.361534,1.097696
worker_2,1511,1788087119.183270,50,9.551128,1.096448
worker_2,1512,1788087119.192859,50,9.539823,1.100928
worker_2,1513,1788087119.202444,50,9.529452,1.097088
worker_2,1514,1788087119.212011,50,9.542656,1.107936
worker_2,1515,1788087119.221592,50,9.533785,1.096640
worker_2,1516,1788087119.231164,50,9.536850,1.096448
worker_2,1517,1788087119.240735,50,9.529293,1.095616
worker_2,1518,1788087119.250302,50,9.535257,1.097536
worker_2,1519,1788087119.259873,50,9.540017,1.096416
worker_2,1520,1788087119.269450,50,9.562018,1.096544
worker_2,1521,1788087119.279050,50,9.537943,1.097600
worker_2,1522,1788087119.288622,50,9.712139,1.096480
worker_2,1523,1788087119.298378,50,9.539017,1.096416
worker_2,1524,1788087119.307967,50,9.537673,1.096736
worker_2,1525,1788087119.317550,50,9.359172,1.096192
worker_2,1526,1788087119.326948,50,9.547053,1.096384
worker_2,1527,1788087119.336531,50,9.544341,1.102304
worker_2,1528,1788087119.346113,50,9.546886,1.096832
worker_2,1529,1788087119.355697,50,9.703999,1.098656
worker_2,1530,1788087119.365447,50,9.359396,1.095904
worker_2,1531,1788087119.374850,50,9.530165,1.097472
worker_2,1532,1788087119.384502,50,9.463239,1.097600
worker_2,1533,1788087119.394017,50,9.518851,1.097632
worker_2,1534,1788087119.403573,50,9.533378,1.099200
worker_2,1535,1788087119.413142,50,9.545240,1.096512
worker_2,1536,1788087119.422724,50,9.541517,1.098368
worker_2,1537,1788087119.432302,50,9.706196,1.096736
worker_2,1538,1788087119.442053,50,9.543212,1.095776
worker_2,1539,1788087119.451640,50,9.567017,1.096704
worker_2,1540,1788087119.461252,50,9.333256,1.095104
worker_2,1541,1788087119.470626,50,9.528933,1.096416
worker_2,1542,1788087119.480194,50,9.538101,1.095488
worker_2,1543,1788087119.489770,50,9.532684,1.096800
worker_2,1544,1788087119.499341,50,9.539350,1.097248
worker_2,1545,1788087119.508923,50,9.529694,1.097312
worker_2,1546,1788087119.518492,50,9.559675,1.096288
worker_2,1547,1788087119.528090,50,9.524397,1.096000
worker_2,1548,1788087119.537641,50,9.554323,1.096480
worker_2,1549,1788087119.547229,50,9.535230,1.096160
worker_2,1550,1788087119.556797,50,9.700686,1.099200
worker_2,1551,1788087119.566530,50,9.552305,1.096896
worker_2,1552,1788087119.576132,50,9.686092,1.097728
worker_2,1553,1788087119.585862,50,9.400174,1.096256
worker_2,1554,1788087119.595313,50,9.519072,1.096960
worker_2,1555,1788087119.604877,50,9.364848,1.095904
worker_2,1556,1788087119.614285,50,9.537183,1.098624
worker_2,1557,1788087119.623864,50,9.539425,1.099168
worker_2,1558,1788087119.633444,50,9.531045,1.098240
worker_2,1559,1788087119.643012,50,9.708472,1.095584
worker_2,1560,1788087119.652765,50,9.359239,1.097120
worker_2,1561,1788087119.662163,50,9.531387,1.095712
worker_2,1562,1788087119.671731,50,9.537776,1.099008
worker_2,1563,1788087119.681308,50,9.558489,1.095616
worker_2,1564,1788087119.690903,50,9.708186,1.098784
worker_2,1565,1788087119.700656,50,9.356082,1.095904
worker_2,1566,1788087119.710052,50,9.543860,1.098720
worker_2,1567,1788087119.719633,50,9.536313,1.098400
worker_2,1568,1788087119.729208,50,9.546073,1.096384
worker_2,1569,1788087119.738792,50,9.715835,1.096096
worker_2,1570,1788087119.748553,50,9.359821,1.096896
worker_2,1571,1788087119.757955,50,9.529600,1.096512
worker_2,1572,1788087119.767535,50,9.522970,1.096864
worker_2,1573,1788087119.777097,50,9.535545,1.096480
worker_2,1574,1788087119.786674,50,9.702453,1.097408
worker_2,1575,1788087119.796421,50,9.392433,1.101440
worker_2,1576,1788087119.805856,50,9.532702,1.096704
worker_2,1577,1788087119.815428,50,9.529499,1.096704
worker_2,1578,1788087119.824994,50,9.554406,1.096928
worker_2,1579,1788087119.834584,50,9.533221,1.096640
worker_2,1580,1788087119.844156,50,9.541591,1.098560
worker_2,1581,1788087119.853734,50,9.543304,1.097760
worker_2,1582,1788087119.863314,50,9.709112,1.100800
worker_2,1583,1788087119.873068,50,9.366451,1.097888
worker_2,1584,1788087119.882475,50,9.528720,1.097440
worker_2,1585,1788087119.892045,50,9.532915,1.096288
worker_2,1586,1788087119.901611,50,9.552600,1.096736
worker_2,1587,1788087119.911202,50,9.714260,1.100448
worker_2,1588,1788087119.920962,50,9.366228,1.097824
worker_2,1589,1788087119.930370,50,9.528841,1.099296
worker_2,1590,1788087119.939936,50,9.533804,1.096000
worker_2,1591,1788087119.949517,50,9.526322,1.098272
worker_2,1592,1788087119.959081,50,9.728444,1.099072
worker_2,1593,1788087119.968854,50,9.360997,1.096416
worker_2,1594,1788087119.978257,50,9.523915,1.097952
worker_2,1595,1788087119.987808,50,9.543388,1.099936
worker_2,1596,1788087119.997382,50,9.549675,1.098464
worker_2,1597,1788087120.006960,50,9.544379,1.097952
worker_2,1598,1788087120.016538,50,9.538519,1.096896
worker_2,1599,1788087120.026107,50,9.563684,1.095872
worker_2,1600,1788087120.035708,50,9.568564,1.096832
worker_2,1601,1788087120.045315,50,9.524758,1.096512
worker_2,1602,1788087120.054879,50,9.531749,1.098208
worker_2,1603,1788087120.064439,50,9.541759,1.096384
worker_2,1604,1788087120.074007,50,9.577268,1.095584
worker_2,1605,1788087120.083622,50,9.523999,1.097056
worker_2,1606,1788087120.093181,50,9.536452,1.096384
worker_2,1607,1788087120.102753,50,9.538730,1.098304
worker_2,1608,1788087120.112333,50,9.525637,1.097600
worker_2,1609,1788087120.121896,50,9.537739,1.096192
worker_2,1610,1788087120.131471,50,9.535878,1.096128
worker_2,1611,1788087120.141055,50,9.525851,1.096320
worker_2,1612,1788087120.150609,50,9.547147,1.097184
worker_2,1613,1788087120.160193,50,9.543137,1.096064
worker_2,1614,1788087120.169775,50,9.531656,1.096608
worker_2,1615,1788087120.179344,50,9.549425,1.097472
worker_2,1616,1788087120.188932,50,9.529638,1.098368
worker_2,1617,1788087120.198501,50,9.552527,1.096608
worker_2,1618,1788087120.208090,50,9.549018,1.098592
worker_2,1619,1788087120.217678,50,9.538609,1.097472
worker_2,1620,1788087120.227253,50,9.540101,1.098976
worker_2,1621,1788087120.236831,50,9.544713,1.097152
worker_2,1622,1788087120.246412,50,9.550971,1.098592
worker_2,1623,1788087120.256000,50,9.535536,1.095296
worker_2,1624,1788087120.265577,50,9.536748,1.096992
worker_2,1625,1788087120.275152,50,9.857705,1.098112
worker_2,1626,1788087120.285055,50,9.527249,1.098496
worker_2,1627,1788087120.294631,50,9.539155,1.097376
worker_2,1628,1788087120.304227,50,9.291349,1.101408
worker_2,1629,1788087120.313561,50,9.600972,1.096800
worker_2,1630,1788087120.323216,50,9.703427,1.095296
worker_2,1631,1788087120.332965,50,9.355757,1.096832
worker_2,1632,1788087120.342358,50,9.461563,1.101504
worker_2,1633,1788087120.351859,50,9.488923,1.097280
worker_2,1634,1788087120.361381,50,9.533175,1.095840
worker_2,1635,1788087120.370953,50,9.716879,1.096896
worker_2,1636,1788087120.380716,50,9.364617,1.097536
worker_2,1637,1788087120.390119,50,9.546507,1.096928
worker_2,1638,1788087120.399703,50,9.558860,1.098720
worker_2,1639,1788087120.409295,50,9.540776,1.097984
worker_2,1640,1788087120.418876,50,9.709546,1.099008
worker_2,1641,1788087120.428632,50,9.360460,1.095680
worker_2,1642,1788087120.438032,50,9.531722,1.095840
worker_2,1643,1788087120.447601,50,9.549758,1.097856
worker_2,1644,1788087120.457184,50,9.542850,1.096864
worker_2,1645,1788087120.466763,50,9.538972,1.096160
worker_2,1646,1788087120.476338,50,9.538258,1.098944
worker_2,1647,1788087120.485912,50,9.532925,1.096416
worker_2,1648,1788087120.495479,50,9.543554,1.095776
worker_2,1649,1788087120.505061,50,9.545850,1.096928
worker_2,1650,1788087120.514658,50,9.529822,1.099072
worker_2,1651,1788087120.524238,50,9.521007,1.096128
worker_2,1652,1788087120.533796,50,9.875511,1.098368
worker_2,1653,1788087120.543717,50,9.585545,1.097952
worker_2,1654,1788087120.553352,50,9.496859,1.097312
worker_2,1655,1788087120.562898,50,9.354479,1.098048
worker_2,1656,1788087120.572293,50,9.522656,1.097184
worker_2,1657,1788087120.581852,50,9.521100,1.096256
worker_2,1658,1788087120.591408,50,9.722927,1.096864
worker_2,1659,1788087120.601175,50,9.388600,1.095904
worker_2,1660,1788087120.610608,50,9.376387,1.097792
worker_2,1661,1788087120.620022,50,9.546119,1.095904
worker_2,1662,1788087120.629608,50,9.529194,1.096032
worker_2,1663,1788087120.639174,50,9.711860,1.096608
worker_2,1664,1788087120.648930,50,9.363811,1.098592
worker_2,1665,1788087120.658334,50,9.530777,1.098336
worker_2,1666,1788087120.667902,50,9.529230,1.095616
worker_2,1667,1788087120.677468,50,9.542063,1.102784
worker_2,1668,1788087120.687048,50,9.708222,1.096800
worker_2,1669,1788087120.696813,50,9.344951,1.097568
worker_2,1670,1788087120.706197,50,9.538693,1.096096
worker_2,1671,1788087120.715775,50,9.536767,1.098496
worker_2,1672,1788087120.725348,50,9.534831,1.097856
worker_2,1673,1788087120.734924,50,9.713158,1.098464
worker_2,1674,1788087120.744683,50,9.362293,1.096544
worker_2,1675,1788087120.754086,50,9.534017,1.096032
worker_2,1676,1788087120.763658,50,9.534147,1.097088
worker_2,1677,1788087120.773229,50,9.535980,1.097376
worker_2,1678,1788087120.782801,50,9.543258,1.098496
worker_2,1679,1788087120.792382,50,9.698047,1.097728
worker_2,1680,1788087120.802117,50,9.499665,1.096160
worker_2,1681,1788087120.811653,50,9.754565,1.096064
worker_2,1682,1788087120.821453,50,9.367757,1.096224
worker_2,1683,1788087120.830944,50,9.486572,1.098016
worker_2,1684,1788087120.840470,50,9.405136,1.098944
worker_2,1685,1788087120.849912,50,9.668880,1.098272
worker_2,1686,1788087120.859619,50,9.596166,1.097440
worker_2,1687,1788087120.869259,50,9.325617,1.095936
worker_2,1688,1788087120.878624,50,9.529804,1.098048
worker_2,1689,1788087120.888207,50,9.525480,1.098560
worker_2,1690,1788087120.897770,50,9.534508,1.095936
worker_2,1691,1788087120.907341,50,9.538842,1.098304
worker_2,1692,1788087120.916916,50,9.721990,1.096416
worker_2,1693,1788087120.926674,50,9.555490,1.097600
worker_2,1694,1788087120.936269,50,9.546600,1.097344
worker_2,1695,1788087120.945851,50,9.492897,1.095424
worker_2,1696,1788087120.955379,50,9.595240,1.097120
worker_2,1697,1788087120.965010,50,9.413229,1.096800
worker_2,1698,1788087120.974462,50,9.534295,1.096704
worker_2,1699,1788087120.984031,50,9.920539,1.096768
worker_2,1700,1788087120.993995,50,9.320636,1.096544
worker_2,1701,1788087121.003364,50,9.532962,1.096128
worker_2,1702,1788087121.012943,50,9.356970,1.098432
worker_2,1703,1788087121.022341,50,9.652333,1.097696
worker_2,1704,1788087121.032024,50,9.423951,1.096608
worker_2,1705,1788087121.041482,50,9.547268,1.096544
worker_2,1706,1788087121.051069,50,9.543536,1.101600
worker_2,1707,1788087121.060649,50,9.878250,1.097152
worker_2,1708,1788087121.070585,50,9.520351,1.097536
worker_2,1709,1788087121.080154,50,9.360989,1.097696
worker_2,1710,1788087121.089555,50,9.533138,1.097408
worker_2,1711,1788087121.099128,50,9.713733,1.096320
worker_2,1712,1788087121.108886,50,9.367433,1.096736
worker_2,1713,1788087121.118297,50,9.537323,1.096000
worker_2,1714,1788087121.127874,50,9.393497,1.095680
worker_2,1715,1788087121.137305,50,9.562192,1.097248
worker_2,1716,1788087121.146906,50,9.706612,1.099008
worker_2,1717,1788087121.156657,50,9.365275,1.097440
worker_2,1718,1788087121.166064,50,9.528675,1.096896
worker_2,1719,1788087121.175632,50,9.539405,1.098400
worker_2,1720,1788087121.185212,50,9.527090,1.097824
worker_2,1721,1788087121.194777,50,9.719306,1.095968
worker_2,1722,1788087121.204540,50,9.497971,1.096960
worker_2,1723,1788087121.214077,50,9.533489,1.097696
worker_2,1724,1788087121.223647,50,9.458471,1.097248
worker_2,1725,1788087121.233145,50,9.512841,1.097952
worker_2,1726,1788087121.242694,50,9.674370,1.096768
worker_2,1727,1788087121.252407,50,9.385877,1.100832
worker_2,1728,1788087121.261847,50,9.518156,1.096352
worker_2,1729,1788087121.271405,50,9.534295,1.098784
worker_2,1730,1788087121.280976,50,9.536035,1.096512
worker_2,1731,1788087121.290548,50,9.549054,1.095808
worker_2,1732,1788087121.300135,50,9.572721,1.104192
worker_2,1733,1788087121.309744,50,9.873142,1.096704
worker_2,1734,1788087121.319662,50,9.391377,1.096416
worker_2,1735,1788087121.329100,50,9.535619,1.096800
worker_2,1736,1788087121.338676,50,9.586388,1.098304
worker_2,1737,1788087121.348310,50,9.345479,1.098816
worker_2,1738,1788087121.357697,50,9.530017,1.098336
worker_2,1739,1788087121.367265,50,9.710010,1.096064
worker_2,1740,1788087121.377018,50,9.363285,1.098368
worker_2,1741,1788087121.386422,50,9.545295,1.095680
worker_2,1742,1788087121.396002,50,9.535554,1.095808
worker_2,1743,1788087121.405575,50,9.541176,1.095616
worker_2,1744,1788087121.415152,50,9.709139,1.096192
worker_2,1745,1788087121.424906,50,9.370062,1.097568
worker_2,1746,1788087121.434317,50,9.535740,1.096096
worker_2,1747,1788087121.443904,50,9.661593,1.103264
worker_2,1748,1788087121.453605,50,9.575406,1.098752
worker_2,1749,1788087121.463218,50,9.731529,1.097248
worker_2,1750,1788087121.472993,50,9.256756,1.095712
worker_2,1751,1788087121.482290,50,9.624880,1.096768
worker_2,1752,1788087121.491951,50,9.466360,1.096672
worker_2,1753,1788087121.501452,50,9.471508,1.098016
worker_2,1754,1788087121.510959,50,9.701037,1.096608
worker_2,1755,1788087121.520704,50,9.366322,1.096992
worker_2,1756,1788087121.530110,50,9.540026,1.097056
worker_2,1757,1788087121.539687,50,9.550545,1.097696
worker_2,1758,1788087121.549275,50,9.536035,1.096224
worker_2,1759,1788087121.558850,50,9.745009,1.095840
worker_2,1760,1788087121.568638,50,9.484720,1.098688
worker_2,1761,1788087121.578161,50,9.504656,1.096736
worker_2,1762,1788087121.587703,50,9.581518,1.097952
worker_2,1763,1788087121.597323,50,9.550073,1.097120
worker_2,1764,1788087121.606912,50,9.680389,1.096160
worker_2,1765,1788087121.616637,50,9.392496,1.097792
worker_2,1766,1788087121.626072,50,9.551240,1.098912
worker_2,1767,1788087121.635673,50,9.531934,1.096992
worker_2,1768,1788087121.645240,50,9.399822,1.096416
worker_2,1769,1788087121.654678,50,9.530453,1.096736
worker_2,1770,1788087121.664253,50,9.537638,1.097376
worker_2,1771,1788087121.673827,50,9.537711,1.098080
worker_2,1772,1788087121.683402,50,9.554231,1.097088
worker_2,1773,1788087121.692989,50,9.551526,1.096256
worker_2,1774,1788087121.702576,50,9.535018,1.098240
worker_2,1775,1788087121.712149,50,9.548267,1.096096
worker_2,1776,1788087121.721735,50,9.533406,1.096320
worker_2,1777,1788087121.731305,50,9.542768,1.098720
worker_2,1778,1788087121.740884,50,9.555480,1.096864
worker_2,1779,1788087121.750478,50,9.536906,1.097760
worker_2,1780,1788087121.760048,50,9.546341,1.098784
worker_2,1781,1788087121.769631,50,9.541101,1.096800
worker_2,1782,1788087121.779207,50,9.546841,1.096992
worker_2,1783,1788087121.788792,50,9.556776,1.096192
worker_2,1784,1788087121.798385,50,9.540507,1.096256
worker_2,1785,1788087121.807960,50,9.719472,1.098208
worker_2,1786,1788087121.817738,50,9.541518,1.096288
worker_2,1787,1788087121.827331,50,9.568314,1.098304
worker_2,1788,1788087121.836944,50,9.458405,1.096352
worker_2,1789,1788087121.846447,50,9.545860,1.097376
worker_2,1790,1788087121.856029,50,9.555499,1.098080
worker_2,1791,1788087121.865626,50,9.546990,1.096608
worker_2,1792,1788087121.875209,50,9.703084,1.096768
worker_2,1793,1788087121.884957,50,9.315181,1.098048
worker_2,1794,1788087121.894311,50,9.588722,1.097312
worker_2,1795,1788087121.903938,50,9.397386,1.098048
worker_2,1796,1788087121.913371,50,9.549711,1.098400
worker_2,1797,1788087121.922961,50,9.704731,1.097888
worker_2,1798,1788087121.932708,50,9.359405,1.096512
worker_2,1799,1788087121.942106,50,9.553916,1.097824
worker_2,1800,1788087121.951698,50,9.627499,1.100864
worker_2,1801,1788087121.961362,50,9.612490,1.097664
worker_2,1802,1788087121.971010,50,9.580443,1.098752
worker_2,1803,1788087121.980638,50,9.338747,1.096704
worker_2,1804,1788087121.990018,50,9.534841,1.096416
worker_2,1805,1788087121.999591,50,9.552648,1.097376
worker_2,1806,1788087122.009195,50,9.525017,1.096480
worker_2,1807,1788087122.018757,50,9.711926,1.097504
worker_2,1808,1788087122.028513,50,9.361220,1.095840
worker_2,1809,1788087122.037915,50,9.533933,1.098272
worker_2,1810,1788087122.047487,50,9.542887,1.098016
worker_2,1811,1788087122.057068,50,9.552647,1.097344
worker_2,1812,1788087122.066660,50,9.539989,1.098688
worker_2,1813,1788087122.076245,50,9.705675,1.096224
worker_2,1814,1788087122.085995,50,9.370552,1.096704
worker_2,1815,1788087122.095406,50,9.520488,1.096960
worker_2,1816,1788087122.104966,50,9.551748,1.096288
worker_2,1817,1788087122.114555,50,9.539738,1.097824
worker_2,1818,1788087122.124134,50,9.723750,1.102592
worker_2,1819,1788087122.133902,50,9.362719,1.096992
worker_2,1820,1788087122.143305,50,9.531184,1.097152
worker_2,1821,1788087122.152876,50,9.536481,1.097472
worker_2,1822,1788087122.162450,50,9.530406,1.096224
worker_2,1823,1788087122.172020,50,9.700518,1.097952
worker_2,1824,1788087122.181764,50,9.369340,1.097120
worker_2,1825,1788087122.191187,50,9.538065,1.101120
worker_2,1826,1788087122.200763,50,9.538637,1.096800
worker_2,1827,1788087122.210339,50,9.536869,1.096128
worker_2,1828,1788087122.219911,50,9.708649,1.096768
worker_2,1829,1788087122.229663,50,9.361840,1.097376
worker_2,1830,1788087122.239066,50,9.536980,1.096896
worker_2,1831,1788087122.248646,50,9.536250,1.097888
worker_2,1832,1788087122.258218,50,9.542342,1.096928
worker_2,1833,1788087122.267796,50,9.560805,1.097408
worker_2,1834,1788087122.277480,50,9.460044,1.095328
worker_2,1835,1788087122.286982,50,9.535295,1.097824
worker_2,1836,1788087122.296555,50,9.547213,1.098816
worker_2,1837,1788087122.306138,50,9.542017,1.097600
worker_2,1838,1788087122.315719,50,9.744658,1.097696
worker_2,1839,1788087122.325509,50,9.503759,1.097120
worker_2,1840,1788087122.335052,50,9.546295,1.096608
worker_2,1841,1788087122.344635,50,9.537666,1.096832
worker_2,1842,1788087122.354210,50,9.386887,1.098336
worker_2,1843,1788087122.363634,50,9.713629,1.096160
worker_2,1844,1788087122.373392,50,9.360507,1.096800
worker_2,1845,1788087122.382804,50,9.523462,1.097600
worker_2,1846,1788087122.392365,50,9.536110,1.096096
worker_2,1847,1788087122.401938,50,9.530981,1.096736
worker_2,1848,1788087122.411505,50,9.555406,1.096224
worker_2,1849,1788087122.421104,50,9.648481,1.097888
worker_2,1850,1788087122.430794,50,9.405164,1.098240
worker_2,1851,1788087122.440245,50,9.550869,1.096992
worker_2,1852,1788087122.449835,50,9.533416,1.098400
worker_2,1853,1788087122.459407,50,9.698297,1.098432
worker_2,1854,1788087122.469141,50,9.540740,1.097824
worker_2,1855,1788087122.478719,50,9.396776,1.097664
worker_2,1856,1788087122.488151,50,9.539852,1.098880
worker_2,1857,1788087122.497730,50,9.523989,1.096704
worker_2,1858,1788087122.507288,50,9.729519,1.100384
worker_2,1859,1788087122.517063,50,9.366386,1.096192
worker_2,1860,1788087122.526472,50,9.531424,1.097376
worker_2,1861,1788087122.536041,50,9.527091,1.095680
worker_2,1862,1788087122.545603,50,9.542407,1.096256
worker_2,1863,1788087122.555181,50,9.744121,1.098816
worker_2,1864,1788087122.564982,50,9.331830,1.096736
worker_2,1865,1788087122.574352,50,9.541591,1.096832
worker_2,1866,1788087122.583934,50,9.525600,1.096256
worker_2,1867,1788087122.593500,50,9.535749,1.098496
worker_2,1868,1788087122.603072,50,9.722332,1.101312
worker_2,1869,1788087122.612840,50,9.359459,1.095488
worker_2,1870,1788087122.622238,50,9.536471,1.096096
worker_2,1871,1788087122.631815,50,9.551776,1.096672
worker_2,1872,1788087122.641407,50,9.554517,1.097376
worker_2,1873,1788087122.651001,50,9.548943,1.096608
worker_2,1874,1788087122.660598,50,9.500442,1.097312
worker_2,1875,1788087122.670137,50,9.553082,1.096512
worker_2,1876,1788087122.679727,50,9.534915,1.099392
worker_2,1877,1788087122.689300,50,9.545442,1.095776
worker_2,1878,1788087122.698880,50,9.715851,1.097312
worker_2,1879,1788087122.708640,50,9.370173,1.098272
worker_2,1880,1788087122.718052,50,9.537017,1.098240
worker_2,1881,1788087122.727625,50,9.531831,1.100480
worker_2,1882,1788087122.737194,50,9.534443,1.099040
worker_2,1883,1788087122.746766,50,9.530499,1.097056
worker_2,1884,1788087122.756346,50,9.524388,1.097664
worker_2,1885,1788087122.765908,50,9.540424,1.097216
worker_2,1886,1788087122.775487,50,9.530489,1.096512
worker_2,1887,1788087122.785054,50,9.546665,1.099840
worker_2,1888,1788087122.794637,50,9.530082,1.096960
worker_2,1889,1788087122.804201,50,9.554073,1.098272
worker_2,1890,1788087122.813792,50,9.534157,1.096640
worker_2,1891,1788087122.823365,50,9.706185,1.097344
worker_2,1892,1788087122.833108,50,9.392535,1.096992
worker_2,1893,1788087122.842536,50,9.758723,1.096384
worker_2,1894,1788087122.852339,50,9.547341,1.104672
worker_2,1895,1788087122.861936,50,9.522582,1.097920
worker_2,1896,1788087122.871507,50,9.361729,1.097600
worker_2,1897,1788087122.880912,50,9.528600,1.098560
worker_2,1898,1788087122.890479,50,9.535997,1.097312
worker_2,1899,1788087122.900053,50,9.712436,1.100512
worker_2,1900,1788087122.909810,50,9.355090,1.096896
worker_2,1901,1788087122.919205,50,9.535609,1.098208
worker_2,1902,1788087122.928781,50,9.551980,1.096352
worker_2,1903,1788087122.938384,50,9.518340,1.096736
worker_2,1904,1788087122.947938,50,9.719111,1.097024
worker_2,1905,1788087122.957701,50,9.353830,1.097120
worker_2,1906,1788087122.967096,50,9.530563,1.097600
worker_2,1907,1788087122.976661,50,9.549860,1.096544
worker_2,1908,1788087122.986249,50,9.538240,1.096928
worker_2,1909,1788087122.995824,50,9.564462,1.104160
worker_2,1910,1788087123.005435,50,9.536166,1.099872
worker_2,1911,1788087123.015010,50,9.533721,1.095776
worker_2,1912,1788087123.024581,50,9.532915,1.099072
worker_2,1913,1788087123.034146,50,9.537758,1.096896
worker_2,1914,1788087123.043720,50,9.725157,1.096512
worker_2,1915,1788087123.053489,50,9.364654,1.097984
worker_2,1916,1788087123.062895,50,9.553787,1.101920
worker_2,1917,1788087123.072484,50,9.553508,1.096736
worker_2,1918,1788087123.082074,50,9.541120,1.097696
worker_2,1919,1788087123.091653,50,9.539193,1.097056
worker_2,1920,1788087123.101229,50,9.556332,1.096384
worker_2,1921,1788087123.110823,50,9.544157,1.097568
worker_2,1922,1788087123.120408,50,9.535804,1.097536
worker_2,1923,1788087123.129992,50,9.551073,1.097344
worker_2,1924,1788087123.139582,50,9.696751,1.098176
worker_2,1925,1788087123.149323,50,9.533832,1.098016
worker_2,1926,1788087123.158911,50,9.356534,1.097728
worker_2,1927,1788087123.168310,50,9.522813,1.096480
worker_2,1928,1788087123.177870,50,9.536331,1.096960
worker_2,1929,1788087123.187442,50,9.714084,1.098336
worker_2,1930,1788087123.197202,50,9.367877,1.097632
worker_2,1931,1788087123.206610,50,9.551814,1.096576
worker_2,1932,1788087123.216196,50,9.544777,1.097248
worker_2,1933,1788087123.225777,50,9.541240,1.098144
worker_2,1934,1788087123.235356,50,9.553582,1.097952
worker_2,1935,1788087123.244947,50,9.532166,1.097024
worker_2,1936,1788087123.254518,50,9.558332,1.096384
worker_2,1937,1788087123.264113,50,9.538832,1.096032
worker_2,1938,1788087123.273691,50,9.528285,1.095808
worker_2,1939,1788087123.283256,50,9.542517,1.097056
worker_2,1940,1788087123.292834,50,9.537166,1.096416
worker_2,1941,1788087123.302408,50,9.549091,1.097824
worker_2,1942,1788087123.312006,50,9.554416,1.114496
worker_2,1943,1788087123.321596,50,9.716537,1.096768
worker_2,1944,1788087123.331357,50,9.685230,1.097216
worker_2,1945,1788087123.341088,50,9.352155,1.095776
worker_2,1946,1788087123.350479,50,9.381266,1.095872
worker_2,1947,1788087123.359899,50,9.549554,1.098208
worker_2,1948,1788087123.369485,50,9.549350,1.098880
worker_2,1949,1788087123.379071,50,9.726065,1.108480
worker_2,1950,1788087123.388842,50,9.363544,1.096992
worker_2,1951,1788087123.398246,50,9.527369,1.096128
worker_2,1952,1788087123.407810,50,9.538405,1.102016
worker_2,1953,1788087123.417384,50,9.552962,1.098656
worker_2,1954,1788087123.426975,50,9.703945,1.096352
worker_2,1955,1788087123.436723,50,9.364164,1.096384
worker_2,1956,1788087123.446128,50,9.558868,1.095872
worker_2,1957,1788087123.455725,50,9.584425,1.098336
worker_2,1958,1788087123.465345,50,9.516165,1.099328
worker_2,1959,1788087123.474898,50,9.709972,1.095872
worker_2,1960,1788087123.484653,50,9.364497,1.096512
worker_2,1961,1788087123.494059,50,9.532526,1.097760
worker_2,1962,1788087123.503644,50,9.533721,1.101952
worker_2,1963,1788087123.513214,50,9.552591,1.097120
worker_2,1964,1788087123.522801,50,9.711194,1.097088
worker_2,1965,1788087123.532556,50,9.361692,1.096128
worker_2,1966,1788087123.541960,50,9.528684,1.097792
worker_2,1967,1788087123.551524,50,9.552739,1.102336
worker_2,1968,1788087123.561114,50,9.535212,1.096608
worker_2,1969,1788087123.570688,50,9.727288,1.098144
worker_2,1970,1788087123.580460,50,9.507100,1.096768
worker_2,1971,1788087123.590006,50,9.400341,1.096160
worker_2,1972,1788087123.599443,50,9.535248,1.098336
worker_2,1973,1788087123.609015,50,9.556656,1.096416
worker_2,1974,1788087123.618608,50,9.537093,1.096480
worker_2,1975,1788087123.628182,50,9.719566,1.096000
worker_2,1976,1788087123.637944,50,9.353182,1.096544
worker_2,1977,1788087123.647334,50,9.536341,1.097024
worker_2,1978,1788087123.656908,50,9.526360,1.095744
worker_2,1979,1788087123.666474,50,9.544972,1.096352
worker_2,1980,1788087123.676058,50,9.704759,1.097184
worker_2,1981,1788087123.685821,50,9.348571,1.097312
worker_2,1982,1788087123.695211,50,9.547019,1.097248
worker_2,1983,1788087123.704794,50,9.546277,1.097312
worker_2,1984,1788087123.714375,50,9.550915,1.097888
worker_2,1985,1788087123.724044,50,9.632519,1.100544
worker_2,1986,1788087123.733721,50,9.360405,1.097664
worker_2,1987,1788087123.743123,50,9.535175,1.096320
worker_2,1988,1788087123.752699,50,9.538073,1.097728
worker_2,1989,1788087123.762276,50,9.539110,1.096032
worker_2,1990,1788087123.771852,50,9.702491,1.099936
worker_2,1991,1788087123.781599,50,9.382108,1.096768
worker_2,1992,1788087123.791019,50,9.696648,1.097632
worker_2,1993,1788087123.800761,50,9.510749,1.097600
worker_2,1994,1788087123.810309,50,9.563526,1.096352
worker_2,1995,1788087123.819919,50,9.538370,1.100704
worker_2,1996,1788087123.829503,50,9.372164,1.096672
worker_2,1997,1788087123.838917,50,9.530239,1.101568
worker_2,1998,1788087123.848484,50,9.563036,1.096864
worker_2,1999,1788087123.858085,50,9.534870,1.096672
worker_2,2000,1788087123.867656,50,9.566471,1.097888
worker_2,2001,1788087123.877279,50,9.499562,1.096384
worker_2,2002,1788087123.886822,50,9.535961,1.099232
worker_2,2003,1788087123.896396,50,9.547582,1.096160
worker_2,2004,1788087123.905981,50,9.572017,1.098304
worker_2,2005,1788087123.915591,50,9.535277,1.098752
worker_2,2006,1788087123.925166,50,9.541481,1.098208
worker_2,2007,1788087123.934747,50,9.713176,1.097408
worker_2,2008,1788087123.944504,50,9.358015,1.097440
worker_2,2009,1788087123.953903,50,9.531368,1.099328
worker_2,2010,1788087123.963471,50,9.555424,1.097248
worker_2,2011,1788087123.973065,50,9.540110,1.096832
worker_2,2012,1788087123.982640,50,9.541730,1.095424
worker_2,2013,1788087123.992233,50,9.535212,1.097632
worker_2,2014,1788087124.001804,50,9.526961,1.095392
worker_2,2015,1788087124.011366,50,9.717269,1.096384
worker_2,2016,1788087124.021127,50,9.553785,1.097504
worker_2,2017,1788087124.030730,50,9.536211,1.097248
worker_2,2018,1788087124.040313,50,9.350450,1.107840
worker_2,2019,1788087124.049704,50,9.535489,1.095744
worker_2,2020,1788087124.059289,50,9.716316,1.096672
worker_2,2021,1788087124.069051,50,9.356534,1.096384
worker_2,2022,1788087124.078449,50,9.533785,1.097056
worker_2,2023,1788087124.088018,50,9.553378,1.105120
worker_2,2024,1788087124.097610,50,9.536138,1.097504
worker_2,2025,1788087124.107183,50,9.707066,1.096256
worker_2,2026,1788087124.116935,50,9.363154,1.097088
worker_2,2027,1788087124.126337,50,9.539490,1.097952
worker_2,2028,1788087124.135913,50,9.541629,1.099072
worker_2,2029,1788087124.145492,50,9.535869,1.098112
worker_2,2030,1788087124.155065,50,9.704602,1.098176
worker_2,2031,1788087124.164816,50,9.363701,1.097600
worker_2,2032,1788087124.174223,50,9.532072,1.096928
worker_2,2033,1788087124.183792,50,9.560657,1.096160
worker_2,2034,1788087124.193388,50,9.535351,1.097920
worker_2,2035,1788087124.202963,50,9.713232,1.098368
worker_2,2036,1788087124.212720,50,9.375266,1.097568
worker_2,2037,1788087124.222137,50,9.537600,1.098240
worker_2,2038,1788087124.231712,50,9.555212,1.096256
worker_2,2039,1788087124.241306,50,9.542416,1.096192
worker_2,2040,1788087124.250902,50,9.695574,1.097632
worker_2,2041,1788087124.260645,50,9.352757,1.096768
worker_2,2042,1788087124.270037,50,9.533071,1.097440
worker_2,2043,1788087124.279608,50,9.535749,1.096384
worker_2,2044,1788087124.289180,50,9.565026,1.096896
worker_2,2045,1788087124.298781,50,9.536943,1.096864
worker_2,2046,1788087124.308358,50,9.541128,1.097312
worker_2,2047,1788087124.317935,50,9.532535,1.096736
worker_2,2048,1788087124.327507,50,9.709037,1.097152
worker_2,2049,1788087124.337262,50,9.547739,1.095904
worker_2,2050,1788087124.346859,50,9.519582,1.095744
worker_2,2051,1788087124.356424,50,9.363933,1.096224
worker_2,2052,1788087124.365830,50,9.539592,1.095936
worker_2,2053,1788087124.375407,50,9.544489,1.098624
worker_2,2054,1788087124.384986,50,9.530304,1.097792
worker_2,2055,1788087124.394553,50,9.546832,1.098432
worker_2,2056,1788087124.404135,50,9.716751,1.102048
worker_2,2057,1788087124.413898,50,9.364303,1.096192
worker_2,2058,1788087124.423304,50,9.537675,1.097664
worker_2,2059,1788087124.432892,50,9.534908,1.097184
worker_2,2060,1788087124.442463,50,9.540286,1.097024
worker_2,2061,1788087124.452045,50,9.714890,1.097408
worker_2,2062,1788087124.461806,50,9.359387,1.097312
worker_2,2063,1788087124.471206,50,9.530601,1.095616
worker_2,2064,1788087124.480772,50,9.552536,1.097824
worker_2,2065,1788087124.490362,50,9.538629,1.097632
worker_2,2066,1788087124.499936,50,9.698315,1.098048
worker_2,2067,1788087124.509679,50,9.371858,1.099040
worker_2,2068,1788087124.519092,50,9.554424,1.105056
worker_2,2069,1788087124.528684,50,9.528452,1.096064
worker_2,2070,1788087124.538249,50,9.531341,1.095776
worker_2,2071,1788087124.547816,50,9.707621,1.096224
worker_2,2072,1788087124.557567,50,9.372423,1.098336
worker_2,2073,1788087124.566977,50,9.533813,1.098400
worker_2,2074,1788087124.576551,50,9.545942,1.097824
worker_2,2075,1788087124.586136,50,9.528609,1.096736
worker_2,2076,1788087124.595701,50,9.739037,1.097568
worker_2,2077,1788087124.605484,50,9.385924,1.100608
worker_2,2078,1788087124.614913,50,9.522397,1.095776
worker_2,2079,1788087124.624488,50,9.515646,1.096608
worker_2,2080,1788087124.634040,50,9.532249,1.096736
worker_2,2081,1788087124.643607,50,9.717705,1.096256
worker_2,2082,1788087124.653370,50,9.388840,1.100736
worker_2,2083,1788087124.662800,50,9.526740,1.097792
worker_2,2084,1788087124.672367,50,9.534573,1.097408
worker_2,2085,1788087124.681942,50,9.545980,1.096960
worker_2,2086,1788087124.691522,50,9.718038,1.099584
worker_2,2087,1788087124.701285,50,9.356710,1.096800
