label,batch,start_unix_s,operations,wall_ms,cuda_batch_ms
worker_3,0,1788087104.710123,50,2.596133,1.097824
worker_3,1,1788087104.712770,50,8.463082,1.097856
worker_3,2,1788087104.721286,50,9.524386,1.097440
worker_3,3,1788087104.730855,50,9.528062,1.096288
worker_3,4,1788087104.740418,50,9.537813,1.096704
worker_3,5,1788087104.749993,50,9.535888,1.097120
worker_3,6,1788087104.759568,50,9.528952,1.096224
worker_3,7,1788087104.769132,50,9.543777,1.098432
worker_3,8,1788087104.778713,50,9.546767,1.106528
worker_3,9,1788087104.788296,50,9.532970,1.095968
worker_3,10,1788087104.797878,50,9.713102,1.098720
worker_3,11,1788087104.807637,50,9.373294,1.097824
worker_3,12,1788087104.817057,50,9.557091,1.097856
worker_3,13,1788087104.826660,50,9.512933,1.097152
worker_3,14,1788087104.836220,50,9.541146,1.096256
worker_3,15,1788087104.845801,50,9.544739,1.097984
worker_3,16,1788087104.855397,50,9.515173,1.097472
worker_3,17,1788087104.864951,50,9.535775,1.097824
worker_3,18,1788087104.874525,50,9.550545,1.097376
worker_3,19,1788087104.884111,50,9.546934,1.097600
worker_3,20,1788087104.893696,50,9.535554,1.096768
worker_3,21,1788087104.903269,50,9.570870,1.096640
worker_3,22,1788087104.912875,50,9.539211,1.096992
worker_3,23,1788087104.922454,50,9.538702,1.097248
worker_3,24,1788087104.932032,50,9.535471,1.104064
worker_3,25,1788087104.941606,50,9.713334,1.096992
worker_3,26,1788087104.951362,50,9.359950,1.098688
worker_3,27,1788087104.960762,50,9.536461,1.098784
worker_3,28,1788087104.970335,50,9.535479,1.098720
worker_3,29,1788087104.979923,50,9.721037,1.099072
worker_3,30,1788087104.989692,50,9.369867,1.095552
worker_3,31,1788087104.999103,50,9.704731,1.096096
worker_3,32,1788087105.008852,50,9.369349,1.096160
worker_3,33,1788087105.018261,50,9.542424,1.099904
worker_3,34,1788087105.027840,50,9.546194,1.101632
worker_3,35,1788087105.037424,50,9.551665,1.096608
worker_3,36,1788087105.047018,50,9.516573,1.095904
worker_3,37,1788087105.056574,50,9.554064,1.098432
worker_3,38,1788087105.066165,50,9.529785,1.098272
worker_3,39,1788087105.075732,50,9.571230,1.099008
worker_3,40,1788087105.085339,50,9.539887,1.100000
worker_3,41,1788087105.094922,50,9.562573,1.098880
worker_3,42,1788087105.104518,50,9.541286,1.097408
worker_3,43,1788087105.114096,50,9.720740,1.096288
worker_3,44,1788087105.123860,50,9.390655,1.101920
worker_3,45,1788087105.133295,50,9.695853,1.098880
worker_3,46,1788087105.143036,50,9.400942,1.097632
worker_3,47,1788087105.152473,50,9.501850,1.098560
worker_3,48,1788087105.162011,50,9.546666,1.096448
worker_3,49,1788087105.171614,50,9.546202,1.098784
worker_3,50,1788087105.181198,50,9.530055,1.098304
worker_3,51,1788087105.190760,50,9.553360,1.097888
worker_3,52,1788087105.200350,50,9.546786,1.098144
worker_3,53,1788087105.209934,50,9.558064,1.098112
worker_3,54,1788087105.219535,50,9.520434,1.097920
worker_3,55,1788087105.229093,50,9.721110,1.096096
worker_3,56,1788087105.238858,50,9.347479,1.097728
worker_3,57,1788087105.248251,50,9.548822,1.103552
worker_3,58,1788087105.257836,50,9.541915,1.099392
worker_3,59,1788087105.267409,50,9.550358,1.099072
worker_3,60,1788087105.276997,50,9.566730,1.096544
worker_3,61,1788087105.286601,50,9.585564,1.097632
worker_3,62,1788087105.296244,50,9.498239,1.096544
worker_3,63,1788087105.305779,50,9.544378,1.098944
worker_3,64,1788087105.315362,50,9.701823,1.097792
worker_3,65,1788087105.325109,50,9.556462,1.098336
worker_3,66,1788087105.334709,50,9.359034,1.096608
worker_3,67,1788087105.344106,50,9.540480,1.097632
worker_3,68,1788087105.353698,50,9.710898,1.097728
worker_3,69,1788087105.363450,50,9.358831,1.096800
worker_3,70,1788087105.372848,50,9.539249,1.096512
worker_3,71,1788087105.382423,50,9.538396,1.097376
worker_3,72,1788087105.391998,50,9.560916,1.105440
worker_3,73,1788087105.401596,50,9.543045,1.097088
worker_3,74,1788087105.411178,50,9.535442,1.104288
worker_3,75,1788087105.420750,50,9.530850,1.097888
worker_3,76,1788087105.430321,50,9.539193,1.098592
worker_3,77,1788087105.439900,50,9.563786,1.101088
worker_3,78,1788087105.449508,50,9.522534,1.098944
worker_3,79,1788087105.459066,50,9.545562,1.100032
worker_3,80,1788087105.468649,50,9.548841,1.098112
worker_3,81,1788087105.478232,50,9.546156,1.097216
worker_3,82,1788087105.487811,50,9.618174,1.098848
worker_3,83,1788087105.497465,50,9.505701,1.096384
worker_3,84,1788087105.507008,50,9.723537,1.097376
worker_3,85,1788087105.516775,50,9.358952,1.097152
worker_3,86,1788087105.526173,50,9.717499,1.098912
worker_3,87,1788087105.535934,50,9.389941,1.096704
worker_3,88,1788087105.545388,50,9.496026,1.097152
worker_3,89,1788087105.554922,50,9.726212,1.099872
worker_3,90,1788087105.564692,50,9.372998,1.097056
worker_3,91,1788087105.574102,50,9.534046,1.097664
worker_3,92,1788087105.583672,50,9.542814,1.100192
worker_3,93,1788087105.593253,50,9.551943,1.097600
worker_3,94,1788087105.602842,50,9.574924,1.096064
worker_3,95,1788087105.612461,50,9.516212,1.098112
worker_3,96,1788087105.622018,50,9.542740,1.097824
worker_3,97,1788087105.631599,50,9.535953,1.102528
worker_3,98,1788087105.641172,50,9.706555,1.098688
worker_3,99,1788087105.650921,50,9.372765,1.095776
worker_3,100,1788087105.660338,50,9.526294,1.098144
worker_3,101,1788087105.669909,50,9.510507,1.096800
worker_3,102,1788087105.679456,50,9.557906,1.099872
worker_3,103,1788087105.689042,50,9.539425,1.098752
worker_3,104,1788087105.698620,50,9.536897,1.097664
worker_3,105,1788087105.708190,50,9.700788,1.098784
worker_3,106,1788087105.717928,50,9.399441,1.097760
worker_3,107,1788087105.727389,50,9.513359,1.097248
worker_3,108,1788087105.736943,50,9.556989,1.095616
worker_3,109,1788087105.746550,50,9.537573,1.097184
worker_3,110,1788087105.756133,50,9.536508,1.096320
worker_3,111,1788087105.765715,50,9.530035,1.097920
worker_3,112,1788087105.775285,50,9.702574,1.100288
worker_3,113,1788087105.785031,50,9.366952,1.097376
worker_3,114,1788087105.794443,50,9.538480,1.096480
worker_3,115,1788087105.804020,50,9.715898,1.098688
worker_3,116,1788087105.813779,50,9.354635,1.095936
worker_3,117,1788087105.823171,50,9.571638,1.101280
worker_3,118,1788087105.832779,50,9.543888,1.099008
worker_3,119,1788087105.842359,50,9.732269,1.097728
worker_3,120,1788087105.852139,50,9.515777,1.098080
worker_3,121,1788087105.861699,50,9.356543,1.097728
worker_3,122,1788087105.871096,50,9.535747,1.106720
worker_3,123,1788087105.880668,50,9.541988,1.096288
worker_3,124,1788087105.890246,50,9.546609,1.097312
worker_3,125,1788087105.899828,50,9.720565,1.098176
worker_3,126,1788087105.909591,50,9.361969,1.096448
worker_3,127,1788087105.919007,50,9.521147,1.097248
worker_3,128,1788087105.928568,50,9.545619,1.099360
worker_3,129,1788087105.938151,50,9.567841,1.098016
worker_3,130,1788087105.947762,50,9.515869,1.098592
worker_3,131,1788087105.957318,50,9.570878,1.099328
worker_3,132,1788087105.966925,50,9.542053,1.095904
worker_3,133,1788087105.976502,50,9.544045,1.097728
worker_3,134,1788087105.986082,50,9.558647,1.098912
worker_3,135,1788087105.995675,50,9.551823,1.098528
worker_3,136,1788087106.005269,50,9.536721,1.097824
worker_3,137,1788087106.014838,50,9.545564,1.097760
worker_3,138,1788087106.024421,50,9.553397,1.097216
worker_3,139,1788087106.034010,50,9.727972,1.097600
worker_3,140,1788087106.043784,50,9.379135,1.098016
worker_3,141,1788087106.053208,50,9.678184,1.097312
worker_3,142,1788087106.062929,50,9.374737,1.104672
worker_3,143,1788087106.072344,50,9.544276,1.098464
worker_3,144,1788087106.081928,50,9.542711,1.097440
worker_3,145,1788087106.091510,50,9.546703,1.095680
worker_3,146,1788087106.101102,50,9.533934,1.096224
worker_3,147,1788087106.110673,50,9.569731,1.096256
worker_3,148,1788087106.120282,50,9.512193,1.097728
worker_3,149,1788087106.129831,50,9.568471,1.096960
worker_3,150,1788087106.139443,50,9.521591,1.097984
worker_3,151,1788087106.149003,50,9.718602,1.097760
worker_3,152,1788087106.158764,50,9.363674,1.097632
worker_3,153,1788087106.168169,50,9.535063,1.097280
worker_3,154,1788087106.177741,50,9.570683,1.098048
worker_3,155,1788087106.187347,50,9.698508,1.099456
worker_3,156,1788087106.197196,50,9.284838,1.097792
worker_3,157,1788087106.206527,50,9.546684,1.096608
worker_3,158,1788087106.216112,50,9.537462,1.098656
worker_3,159,1788087106.225685,50,9.535795,1.096928
worker_3,160,1788087106.235257,50,9.543942,1.098752
worker_3,161,1788087106.244835,50,9.547433,1.100192
worker_3,162,1788087106.254417,50,9.720111,1.098048
worker_3,163,1788087106.264180,50,9.367552,1.097184
worker_3,164,1788087106.273584,50,9.541027,1.096704
worker_3,165,1788087106.283163,50,9.533610,1.096928
worker_3,166,1788087106.292757,50,9.544767,1.097056
worker_3,167,1788087106.302347,50,9.537091,1.098336
worker_3,168,1788087106.311929,50,9.539471,1.099328
worker_3,169,1788087106.321510,50,9.551943,1.096064
worker_3,170,1788087106.331105,50,9.535804,1.099168
worker_3,171,1788087106.340683,50,9.549906,1.095872
worker_3,172,1788087106.350281,50,9.509869,1.097760
worker_3,173,1788087106.359831,50,9.535129,1.097440
worker_3,174,1788087106.369401,50,9.543869,1.098176
worker_3,175,1788087106.378980,50,9.556027,1.100480
worker_3,176,1788087106.388577,50,9.709889,1.096672
worker_3,177,1788087106.398328,50,9.544916,1.096000
worker_3,178,1788087106.407917,50,9.360711,1.099392
worker_3,179,1788087106.417316,50,9.579721,1.099648
worker_3,180,1788087106.426940,50,9.507452,1.096512
worker_3,181,1788087106.436488,50,9.538377,1.098752
worker_3,182,1788087106.446063,50,9.550267,1.097760
worker_3,183,1788087106.455649,50,9.548194,1.099168
worker_3,184,1788087106.465232,50,9.538582,1.098016
worker_3,185,1788087106.474823,50,9.526063,1.097152
worker_3,186,1788087106.484384,50,9.541248,1.096704
worker_3,187,1788087106.493962,50,9.558378,1.096224
worker_3,188,1788087106.503558,50,9.539073,1.100256
worker_3,189,1788087106.513136,50,9.561471,1.097120
worker_3,190,1788087106.522742,50,9.526323,1.099040
worker_3,191,1788087106.532306,50,9.700723,1.099616
worker_3,192,1788087106.542050,50,9.526675,1.097120
worker_3,193,1788087106.551621,50,9.555637,1.097184
worker_3,194,1788087106.561218,50,9.370877,1.096896
worker_3,195,1788087106.570629,50,9.553721,1.097568
worker_3,196,1788087106.580238,50,9.543601,1.098304
worker_3,197,1788087106.589818,50,9.536925,1.098176
worker_3,198,1788087106.599393,50,9.547211,1.099392
worker_3,199,1788087106.608976,50,9.568638,1.098336
worker_3,200,1788087106.618588,50,9.524387,1.098336
worker_3,201,1788087106.628154,50,9.529080,1.096928
worker_3,202,1788087106.637721,50,9.535248,1.097184
worker_3,203,1788087106.647291,50,9.540915,1.099392
worker_3,204,1788087106.656867,50,9.564285,1.096544
worker_3,205,1788087106.666492,50,9.507553,1.098144
worker_3,206,1788087106.676040,50,9.526081,1.097184
worker_3,207,1788087106.685601,50,9.549757,1.097696
worker_3,208,1788087106.695190,50,9.552489,1.097440
worker_3,209,1788087106.704779,50,9.548647,1.097440
worker_3,210,1788087106.714363,50,9.532573,1.097184
worker_3,211,1788087106.723931,50,9.542220,1.096864
worker_3,212,1788087106.733508,50,9.710167,1.098240
worker_3,213,1788087106.743260,50,9.369961,1.097696
worker_3,214,1788087106.752670,50,9.552313,1.098016
worker_3,215,1788087106.762261,50,9.523795,1.095744
worker_3,216,1788087106.771818,50,9.551415,1.096672
worker_3,217,1788087106.781407,50,9.710295,1.097536
worker_3,218,1788087106.791160,50,9.371386,1.096640
worker_3,219,1788087106.800570,50,9.554980,1.099488
worker_3,220,1788087106.810165,50,9.563545,1.097120
worker_3,221,1788087106.819773,50,9.550896,1.100928
worker_3,222,1788087106.829362,50,9.539999,1.097600
worker_3,223,1788087106.838939,50,9.565628,1.099456
worker_3,224,1788087106.848561,50,9.501656,1.097984
worker_3,225,1788087106.858099,50,9.562952,1.097856
worker_3,226,1788087106.867701,50,9.725639,1.098208
worker_3,227,1788087106.877470,50,9.362821,1.097664
worker_3,228,1788087106.886871,50,9.533749,1.097504
worker_3,229,1788087106.896442,50,9.550897,1.097056
worker_3,230,1788087106.906030,50,9.531683,1.096320
worker_3,231,1788087106.915600,50,9.565164,1.099936
worker_3,232,1788087106.925213,50,9.703056,1.096192
worker_3,233,1788087106.934961,50,9.353339,1.096128
worker_3,234,1788087106.944350,50,9.539536,1.096096
worker_3,235,1788087106.953922,50,9.558267,1.095680
worker_3,236,1788087106.963517,50,9.556313,1.099040
worker_3,237,1788087106.973109,50,9.550230,1.097568
worker_3,238,1788087106.982694,50,9.716584,1.098144
worker_3,239,1788087106.992455,50,9.370802,1.097504
worker_3,240,1788087107.001864,50,9.540971,1.098848
worker_3,241,1788087107.011441,50,9.545953,1.097920
worker_3,242,1788087107.021022,50,9.736482,1.097760
worker_3,243,1788087107.030805,50,9.362775,1.099424
worker_3,244,1788087107.040232,50,9.523294,1.097216
worker_3,245,1788087107.049791,50,9.541332,1.099360
worker_3,246,1788087107.059371,50,9.541212,1.097248
worker_3,247,1788087107.068949,50,9.551647,1.099296
worker_3,248,1788087107.078541,50,9.535424,1.098048
worker_3,249,1788087107.088110,50,9.577092,1.096320
worker_3,250,1788087107.097732,50,9.692129,1.096512
worker_3,251,1788087107.107470,50,9.374932,1.097312
worker_3,252,1788087107.116882,50,9.723371,1.100096
worker_3,253,1788087107.126653,50,9.517092,1.095904
worker_3,254,1788087107.136226,50,9.349015,1.095904
worker_3,255,1788087107.145612,50,9.532527,1.097408
worker_3,256,1788087107.155179,50,9.544952,1.097376
worker_3,257,1788087107.164761,50,9.544388,1.098144
worker_3,258,1788087107.174344,50,9.529599,1.096224
worker_3,259,1788087107.183908,50,9.549295,1.098112
worker_3,260,1788087107.193494,50,9.545091,1.097920
worker_3,261,1788087107.203076,50,9.559592,1.096608
worker_3,262,1788087107.212671,50,9.715769,1.097280
worker_3,263,1788087107.222441,50,9.550119,1.096704
worker_3,264,1788087107.232041,50,9.355313,1.098112
worker_3,265,1788087107.241436,50,9.534628,1.098304
worker_3,266,1788087107.251010,50,9.541563,1.097408
worker_3,267,1788087107.260588,50,9.555795,1.096928
worker_3,268,1788087107.270182,50,9.700315,1.098752
worker_3,269,1788087107.279962,50,9.329996,1.100928
worker_3,270,1788087107.289331,50,9.533592,1.096224
worker_3,271,1788087107.298899,50,9.543017,1.096576
worker_3,272,1788087107.308480,50,9.548110,1.098144
worker_3,273,1788087107.318065,50,9.561703,1.097696
worker_3,274,1788087107.327671,50,9.530860,1.096384
worker_3,275,1788087107.337242,50,9.546609,1.097184
worker_3,276,1788087107.346823,50,9.710776,1.096576
worker_3,277,1788087107.356571,50,9.496479,1.097472
worker_3,278,1788087107.366098,50,9.543423,1.096992
worker_3,279,1788087107.375669,50,9.408404,1.098240
worker_3,280,1788087107.385116,50,9.544517,1.097472
worker_3,281,1788087107.394698,50,9.556267,1.097984
worker_3,282,1788087107.404291,50,9.546045,1.096608
worker_3,283,1788087107.413886,50,9.491728,1.097056
worker_3,284,1788087107.423416,50,9.561092,1.098400
worker_3,285,1788087107.433013,50,9.536350,1.097344
worker_3,286,1788087107.442584,50,9.547591,1.097856
worker_3,287,1788087107.452168,50,9.536517,1.097920
worker_3,288,1788087107.461740,50,9.540388,1.096800
worker_3,289,1788087107.471317,50,9.550239,1.097600
worker_3,290,1788087107.480904,50,9.528507,1.096800
worker_3,291,1788087107.490462,50,9.549406,1.099520
worker_3,292,1788087107.500040,50,9.735121,1.098272
worker_3,293,1788087107.509818,50,9.525090,1.095584
worker_3,294,1788087107.519386,50,9.386348,1.097472
worker_3,295,1788087107.528816,50,9.542600,1.097344
worker_3,296,1788087107.538399,50,9.530943,1.098688
worker_3,297,1788087107.547971,50,9.548683,1.096000
worker_3,298,1788087107.557556,50,9.531665,1.097248
worker_3,299,1788087107.567123,50,9.545721,1.097568
worker_3,300,1788087107.576704,50,9.547433,1.095744
worker_3,301,1788087107.586287,50,9.533165,1.097184
worker_3,302,1788087107.595869,50,9.713010,1.096832
worker_3,303,1788087107.605625,50,9.538712,1.095680
worker_3,304,1788087107.615208,50,9.361404,1.098912
worker_3,305,1788087107.624609,50,9.545897,1.096896
worker_3,306,1788087107.634193,50,9.571749,1.096704
worker_3,307,1788087107.643811,50,9.521943,1.102016
worker_3,308,1788087107.653373,50,9.532165,1.097728
worker_3,309,1788087107.662942,50,9.542248,1.097568
worker_3,310,1788087107.672598,50,9.459766,1.097472
worker_3,311,1788087107.682092,50,9.567166,1.097088
worker_3,312,1788087107.691699,50,9.728204,1.100640
worker_3,313,1788087107.701469,50,9.370756,1.097312
worker_3,314,1788087107.710878,50,9.562990,1.100416
worker_3,315,1788087107.720487,50,9.523193,1.096640
worker_3,316,1788087107.730049,50,9.707594,1.098464
worker_3,317,1788087107.739800,50,9.368672,1.101024
worker_3,318,1788087107.749206,50,9.552212,1.097440
worker_3,319,1788087107.758795,50,9.537879,1.098240
worker_3,320,1788087107.768369,50,9.538424,1.098976
worker_3,321,1788087107.777946,50,9.702528,1.097312
worker_3,322,1788087107.787705,50,9.528100,1.099616
worker_3,323,1788087107.797276,50,9.358230,1.096416
worker_3,324,1788087107.806674,50,9.551184,1.096512
worker_3,325,1788087107.816263,50,9.523869,1.096224
worker_3,326,1788087107.825824,50,9.751816,1.097184
worker_3,327,1788087107.835622,50,9.363368,1.100448
worker_3,328,1788087107.845026,50,9.581415,1.096288
worker_3,329,1788087107.854643,50,9.517814,1.096640
worker_3,330,1788087107.864197,50,9.539323,1.096960
worker_3,331,1788087107.873772,50,9.720686,1.099008
worker_3,332,1788087107.883536,50,9.529341,1.098144
worker_3,333,1788087107.893107,50,9.361961,1.096736
worker_3,334,1788087107.902508,50,9.530980,1.096192
worker_3,335,1788087107.912075,50,9.550221,1.098368
worker_3,336,1788087107.921662,50,9.539692,1.098464
worker_3,337,1788087107.931237,50,9.551703,1.097696
worker_3,338,1788087107.940827,50,9.537684,1.098432
worker_3,339,1788087107.950401,50,9.538128,1.097536
worker_3,340,1788087107.959975,50,9.542924,1.099456
worker_3,341,1788087107.969565,50,9.529350,1.097440
worker_3,342,1788087107.979132,50,9.553999,1.100160
worker_3,343,1788087107.988723,50,9.546258,1.096448
worker_3,344,1788087107.998304,50,9.547647,1.097696
worker_3,345,1788087108.007888,50,9.546295,1.096736
worker_3,346,1788087108.017471,50,9.552748,1.099872
worker_3,347,1788087108.027067,50,9.527405,1.097184
worker_3,348,1788087108.036633,50,9.539110,1.097888
worker_3,349,1788087108.046211,50,9.529730,1.096224
worker_3,350,1788087108.055777,50,9.552054,1.098240
worker_3,351,1788087108.065364,50,9.547758,1.095488
worker_3,352,1788087108.074949,50,9.537823,1.098624
worker_3,353,1788087108.084522,50,9.716546,1.096416
worker_3,354,1788087108.094281,50,9.375033,1.099232
worker_3,355,1788087108.103697,50,9.569953,1.096480
worker_3,356,1788087108.113312,50,9.537387,1.097376
worker_3,357,1788087108.122894,50,9.518924,1.098528
worker_3,358,1788087108.132449,50,9.566230,1.099968
worker_3,359,1788087108.142059,50,9.521127,1.096672
worker_3,360,1788087108.151620,50,9.530720,1.099648
worker_3,361,1788087108.161201,50,9.524970,1.098208
worker_3,362,1788087108.170765,50,9.541489,1.101888
worker_3,363,1788087108.180342,50,9.546462,1.098976
worker_3,364,1788087108.189924,50,9.537812,1.097664
worker_3,365,1788087108.199498,50,9.545387,1.099488
worker_3,366,1788087108.209080,50,9.567832,1.096512
worker_3,367,1788087108.218693,50,9.531175,1.097376
worker_3,368,1788087108.228261,50,9.530941,1.096288
worker_3,369,1788087108.237830,50,9.540238,1.097792
worker_3,370,1788087108.247404,50,9.575454,1.098784
worker_3,371,1788087108.257015,50,9.527915,1.098144
worker_3,372,1788087108.266576,50,9.737870,1.096544
worker_3,373,1788087108.276362,50,9.357672,1.100000
worker_3,374,1788087108.285761,50,9.541331,1.097024
worker_3,375,1788087108.295342,50,9.542795,1.097568
worker_3,376,1788087108.304923,50,9.566276,1.096832
worker_3,377,1788087108.314535,50,9.515692,1.096704
worker_3,378,1788087108.324090,50,9.536598,1.099392
worker_3,379,1788087108.333663,50,9.716055,1.098560
worker_3,380,1788087108.343436,50,9.345033,1.097376
worker_3,381,1788087108.352822,50,9.537072,1.096672
worker_3,382,1788087108.362395,50,9.704880,1.097152
worker_3,383,1788087108.372144,50,9.366616,1.102912
worker_3,384,1788087108.381548,50,9.544156,1.096352
worker_3,385,1788087108.391131,50,9.527091,1.097248
worker_3,386,1788087108.400695,50,9.542813,1.097408
worker_3,387,1788087108.410275,50,9.537127,1.096640
worker_3,388,1788087108.419850,50,9.565925,1.102016
worker_3,389,1788087108.429453,50,9.703563,1.096736
worker_3,390,1788087108.439198,50,9.370431,1.096640
worker_3,391,1788087108.448603,50,9.544442,1.097504
worker_3,392,1788087108.458185,50,9.549932,1.098720
worker_3,393,1788087108.467773,50,9.559072,1.098144
worker_3,394,1788087108.477371,50,9.537303,1.096064
worker_3,395,1788087108.486947,50,9.532748,1.097248
worker_3,396,1788087108.496515,50,9.543775,1.097888
worker_3,397,1788087108.506106,50,9.529628,1.096992
worker_3,398,1788087108.515674,50,9.539988,1.098816
worker_3,399,1788087108.525249,50,9.557341,1.098368
worker_3,400,1788087108.534867,50,9.506822,1.103840
worker_3,401,1788087108.544417,50,9.556693,1.097824
worker_3,402,1788087108.554014,50,9.529331,1.097216
worker_3,403,1788087108.563581,50,9.535702,1.096544
worker_3,404,1788087108.573153,50,9.638620,1.097312
worker_3,405,1788087108.582836,50,9.440414,1.098720
worker_3,406,1788087108.592318,50,9.553906,1.096160
worker_3,407,1788087108.601909,50,9.542230,1.097920
worker_3,408,1788087108.611492,50,9.533638,1.097696
worker_3,409,1788087108.621062,50,9.554091,1.096256
worker_3,410,1788087108.630653,50,9.565508,1.096192
worker_3,411,1788087108.640264,50,9.524832,1.100928
worker_3,412,1788087108.649830,50,9.532249,1.096992
worker_3,413,1788087108.659398,50,9.536175,1.097888
worker_3,414,1788087108.668972,50,9.721714,1.097984
worker_3,415,1788087108.678738,50,9.376266,1.098016
worker_3,416,1788087108.688154,50,9.535888,1.097984
worker_3,417,1788087108.697730,50,9.546110,1.100160
worker_3,418,1788087108.707312,50,9.542814,1.097760
worker_3,419,1788087108.716903,50,9.717167,1.097728
worker_3,420,1788087108.726663,50,9.360498,1.099072
worker_3,421,1788087108.736062,50,9.537480,1.097440
worker_3,422,1788087108.745636,50,9.553508,1.100480
worker_3,423,1788087108.755226,50,9.539720,1.099840
worker_3,424,1788087108.764801,50,9.574749,1.097728
worker_3,425,1788087108.774411,50,9.703890,1.096672
worker_3,426,1788087108.784156,50,9.369904,1.098528
worker_3,427,1788087108.793565,50,9.535248,1.097056
worker_3,428,1788087108.803133,50,9.554683,1.097728
worker_3,429,1788087108.812724,50,9.704704,1.097568
worker_3,430,1788087108.822473,50,9.370312,1.097056
worker_3,431,1788087108.831882,50,9.781335,1.106464
worker_3,432,1788087108.841706,50,9.306108,1.097920
worker_3,433,1788087108.851048,50,9.534451,1.097696
worker_3,434,1788087108.860619,50,9.542814,1.098560
worker_3,435,1788087108.870196,50,9.575490,1.096896
worker_3,436,1788087108.879815,50,9.502722,1.099648
worker_3,437,1788087108.889357,50,9.544665,1.097408
worker_3,438,1788087108.898941,50,9.552443,1.099744
worker_3,439,1788087108.908552,50,9.707547,1.097760
worker_3,440,1788087108.918303,50,9.371395,1.096256
worker_3,441,1788087108.927713,50,9.554573,1.096480
worker_3,442,1788087108.937304,50,9.541452,1.097312
worker_3,443,1788087108.946883,50,9.545545,1.097664
worker_3,444,1788087108.956465,50,9.540555,1.096192
worker_3,445,1788087108.966042,50,9.539063,1.096800
worker_3,446,1788087108.975618,50,9.558731,1.096960
worker_3,447,1788087108.985213,50,9.548109,1.100896
worker_3,448,1788087108.994797,50,9.547193,1.100448
worker_3,449,1788087109.004378,50,9.731000,1.098528
worker_3,450,1788087109.014152,50,9.369979,1.097344
worker_3,451,1788087109.023556,50,9.536740,1.098752
worker_3,452,1788087109.033130,50,9.538120,1.098304
worker_3,453,1788087109.042706,50,9.570211,1.096928
worker_3,454,1788087109.052321,50,9.514619,1.097760
worker_3,455,1788087109.061877,50,9.539351,1.098784
worker_3,456,1788087109.071450,50,9.719649,1.098368
worker_3,457,1788087109.081213,50,9.366052,1.097824
worker_3,458,1788087109.090631,50,9.558748,1.099040
worker_3,459,1788087109.100237,50,9.531638,1.098720
worker_3,460,1788087109.109808,50,9.536017,1.096832
worker_3,461,1788087109.119381,50,9.554647,1.100672
worker_3,462,1788087109.128973,50,9.537814,1.096608
worker_3,463,1788087109.138541,50,9.575184,1.098112
worker_3,464,1788087109.148264,50,9.588341,1.099040
worker_3,465,1788087109.157896,50,9.367266,1.098016
worker_3,466,1788087109.167303,50,9.721814,1.097792
worker_3,467,1788087109.177069,50,9.376145,1.098784
worker_3,468,1788087109.186490,50,9.529915,1.097568
worker_3,469,1788087109.196059,50,9.716963,1.103872
worker_3,470,1788087109.205821,50,9.358441,1.096480
worker_3,471,1788087109.215221,50,9.535267,1.096576
worker_3,472,1788087109.224795,50,9.553795,1.096800
worker_3,473,1788087109.234385,50,9.709333,1.097088
worker_3,474,1788087109.244138,50,9.372053,1.101056
worker_3,475,1788087109.253549,50,9.527860,1.098592
worker_3,476,1788087109.263113,50,9.545073,1.097792
worker_3,477,1788087109.272695,50,9.529924,1.097632
worker_3,478,1788087109.282274,50,9.544064,1.097152
worker_3,479,1788087109.291855,50,9.716472,1.102944
worker_3,480,1788087109.301615,50,9.381052,1.098528
worker_3,481,1788087109.311036,50,9.542777,1.096736
worker_3,482,1788087109.320616,50,9.542924,1.098208
worker_3,483,1788087109.330196,50,9.577387,1.097888
worker_3,484,1788087109.339820,50,9.512766,1.100640
worker_3,485,1788087109.349367,50,9.548601,1.096192
worker_3,486,1788087109.358951,50,9.565805,1.096512
worker_3,487,1788087109.368581,50,9.484859,1.097184
worker_3,488,1788087109.378105,50,9.561147,1.096704
worker_3,489,1788087109.387702,50,9.547091,1.098560
worker_3,490,1788087109.397287,50,9.544915,1.096512
worker_3,491,1788087109.406871,50,9.526990,1.098048
worker_3,492,1788087109.416437,50,9.548258,1.098464
worker_3,493,1788087109.426022,50,9.718842,1.097696
worker_3,494,1788087109.435784,50,9.395202,1.098368
worker_3,495,1788087109.445223,50,9.510990,1.096608
worker_3,496,1788087109.454772,50,9.717742,1.099424
worker_3,497,1788087109.464549,50,9.339848,1.096736
worker_3,498,1788087109.473927,50,9.532573,1.097600
worker_3,499,1788087109.483495,50,9.547738,1.099072
worker_3,500,1788087109.493082,50,9.543591,1.097312
worker_3,501,1788087109.502659,50,9.546240,1.097312
worker_3,502,1788087109.512259,50,9.546128,1.101376
worker_3,503,1788087109.521844,50,9.533776,1.098592
worker_3,504,1788087109.531416,50,9.540934,1.095872
worker_3,505,1788087109.540996,50,9.712620,1.097568
worker_3,506,1788087109.550751,50,9.362932,1.098208
worker_3,507,1788087109.560151,50,9.541749,1.097824
worker_3,508,1788087109.569728,50,9.534906,1.097440
worker_3,509,1788087109.579301,50,9.572768,1.097792
worker_3,510,1788087109.588911,50,9.558860,1.096096
worker_3,511,1788087109.598505,50,9.546026,1.101344
worker_3,512,1788087109.608088,50,9.550563,1.097376
worker_3,513,1788087109.617676,50,9.562508,1.097120
worker_3,514,1788087109.627285,50,9.514638,1.097792
worker_3,515,1788087109.636838,50,9.708103,1.096640
worker_3,516,1788087109.646590,50,9.528796,1.097344
worker_3,517,1788087109.656176,50,9.351007,1.097088
worker_3,518,1788087109.665567,50,9.519934,1.097920
worker_3,519,1788087109.675121,50,9.565489,1.100928
worker_3,520,1788087109.684726,50,9.704417,1.095968
worker_3,521,1788087109.694474,50,9.397738,1.095936
worker_3,522,1788087109.703915,50,9.531277,1.097792
worker_3,523,1788087109.713483,50,9.548563,1.099200
worker_3,524,1788087109.723069,50,9.549415,1.101088
worker_3,525,1788087109.732656,50,9.539555,1.096672
worker_3,526,1788087109.742233,50,9.719787,1.098048
worker_3,527,1788087109.751995,50,9.387774,1.097408
worker_3,528,1788087109.761422,50,9.529119,1.095776
worker_3,529,1788087109.770989,50,9.573785,1.096480
worker_3,530,1788087109.780601,50,9.497166,1.099360
worker_3,531,1788087109.790134,50,9.721797,1.097120
worker_3,532,1788087109.799899,50,9.376627,1.100096
worker_3,533,1788087109.809315,50,9.595035,1.098560
worker_3,534,1788087109.818959,50,9.657851,1.098240
worker_3,535,1788087109.828660,50,9.369932,1.096608
worker_3,536,1788087109.838085,50,9.596267,1.096512
worker_3,537,1788087109.847726,50,9.450664,1.099680
worker_3,538,1788087109.857216,50,9.551674,1.097760
worker_3,539,1788087109.866805,50,9.545304,1.097504
worker_3,540,1788087109.876390,50,9.594277,1.096672
worker_3,541,1788087109.886021,50,9.670407,1.097920
worker_3,542,1788087109.895738,50,9.510451,1.102048
worker_3,543,1788087109.905293,50,9.549961,1.096448
worker_3,544,1788087109.914892,50,9.357821,1.098848
worker_3,545,1788087109.924290,50,9.709528,1.098080
worker_3,546,1788087109.934043,50,9.537082,1.097088
worker_3,547,1788087109.943623,50,9.374728,1.103840
worker_3,548,1788087109.953034,50,9.552694,1.099328
worker_3,549,1788087109.962624,50,9.565814,1.097920
worker_3,550,1788087109.972241,50,9.532767,1.096256
worker_3,551,1788087109.981809,50,9.716361,1.097440
worker_3,552,1788087109.991569,50,9.370359,1.099136
worker_3,553,1788087110.000978,50,9.535341,1.098624
worker_3,554,1788087110.010548,50,9.538027,1.097728
worker_3,555,1788087110.020120,50,9.558323,1.105728
worker_3,556,1788087110.029734,50,9.521934,1.097408
worker_3,557,1788087110.039294,50,9.725093,1.098336
worker_3,558,1788087110.049063,50,9.557471,1.097504
worker_3,559,1788087110.058668,50,9.360200,1.098176
worker_3,560,1788087110.068065,50,9.540369,1.096288
worker_3,561,1788087110.077642,50,9.715204,1.097056
worker_3,562,1788087110.087402,50,9.385507,1.098112
worker_3,563,1788087110.096830,50,9.530231,1.097440
worker_3,564,1788087110.106398,50,9.555555,1.096640
worker_3,565,1788087110.115991,50,9.540933,1.097472
worker_3,566,1788087110.125567,50,9.712889,1.096832
worker_3,567,1788087110.135321,50,9.371941,1.100608
worker_3,568,1788087110.144734,50,9.530100,1.096928
worker_3,569,1788087110.154304,50,9.533776,1.098880
worker_3,570,1788087110.163869,50,9.555174,1.103712
worker_3,571,1788087110.173460,50,9.556331,1.096000
worker_3,572,1788087110.183053,50,9.541600,1.096128
worker_3,573,1788087110.192632,50,9.536897,1.098464
worker_3,574,1788087110.202208,50,9.547434,1.096864
worker_3,575,1788087110.211807,50,9.542424,1.097792
worker_3,576,1788087110.221385,50,9.699796,1.097024
worker_3,577,1788087110.231128,50,9.387933,1.096288
worker_3,578,1788087110.240560,50,9.515470,1.098528
worker_3,579,1788087110.250113,50,9.548526,1.097760
worker_3,580,1788087110.259698,50,9.556507,1.097216
worker_3,581,1788087110.269298,50,9.526360,1.097952
worker_3,582,1788087110.278865,50,9.529230,1.098624
worker_3,583,1788087110.288431,50,9.546619,1.097472
worker_3,584,1788087110.298016,50,9.544128,1.096384
worker_3,585,1788087110.307596,50,9.553221,1.096000
worker_3,586,1788087110.317187,50,9.761242,1.096640
worker_3,587,1788087110.326992,50,9.331043,1.097120
worker_3,588,1788087110.336365,50,9.730130,1.097376
worker_3,589,1788087110.346142,50,9.373358,1.098432
worker_3,590,1788087110.355561,50,9.518118,1.100896
worker_3,591,1788087110.365119,50,9.535813,1.097088
worker_3,592,1788087110.374696,50,9.548601,1.096512
worker_3,593,1788087110.384283,50,9.529498,1.098304
worker_3,594,1788087110.393849,50,9.703852,1.096480
worker_3,595,1788087110.403608,50,9.369515,1.098080
worker_3,596,1788087110.413018,50,9.709945,1.096896
worker_3,597,1788087110.422771,50,9.531026,1.096576
worker_3,598,1788087110.432345,50,9.551629,1.099840
worker_3,599,1788087110.441941,50,9.360895,1.098336
worker_3,600,1788087110.451342,50,9.554258,1.096096
worker_3,601,1788087110.460937,50,9.539119,1.095296
worker_3,602,1788087110.470513,50,9.559768,1.096320
worker_3,603,1788087110.480117,50,9.547656,1.103392
worker_3,604,1788087110.489705,50,9.529850,1.098048
worker_3,605,1788087110.499271,50,9.685130,1.096512
worker_3,606,1788087110.508989,50,9.416646,1.099168
worker_3,607,1788087110.518442,50,9.571137,1.098336
worker_3,608,1788087110.528059,50,9.486849,1.096576
worker_3,609,1788087110.537584,50,9.609814,1.098496
worker_3,610,1788087110.547233,50,9.460184,1.097664
worker_3,611,1788087110.556730,50,9.681777,1.097696
worker_3,612,1788087110.566450,50,9.397035,1.097920
worker_3,613,1788087110.575877,50,9.537888,1.098752
worker_3,614,1788087110.585462,50,9.531416,1.100128
worker_3,615,1788087110.595031,50,9.536795,1.097728
worker_3,616,1788087110.604604,50,9.710982,1.097248
worker_3,617,1788087110.614358,50,9.361080,1.096544
worker_3,618,1788087110.623844,50,9.444553,1.100160
worker_3,619,1788087110.633328,50,9.540962,1.097280
worker_3,620,1788087110.642907,50,9.553564,1.098048
worker_3,621,1788087110.652506,50,9.695538,1.095488
worker_3,622,1788087110.662247,50,9.533712,1.099008
worker_3,623,1788087110.671826,50,9.353794,1.098304
worker_3,624,1788087110.681220,50,9.527481,1.096448
worker_3,625,1788087110.690784,50,9.539721,1.098304
worker_3,626,1788087110.700360,50,9.721251,1.097088
worker_3,627,1788087110.710124,50,9.360700,1.096448
worker_3,628,1788087110.719522,50,9.554730,1.098560
worker_3,629,1788087110.729114,50,9.519296,1.096512
worker_3,630,1788087110.738668,50,9.538508,1.096768
worker_3,631,1788087110.748253,50,9.705389,1.096512
worker_3,632,1788087110.758000,50,9.368820,1.096704
worker_3,633,1788087110.767411,50,9.715445,1.096384
worker_3,634,1788087110.777181,50,9.356442,1.096416
worker_3,635,1788087110.786575,50,9.720316,1.099520
worker_3,636,1788087110.796338,50,9.542323,1.104768
worker_3,637,1788087110.805923,50,9.525073,1.096160
worker_3,638,1788087110.815491,50,9.553212,1.096608
worker_3,639,1788087110.825091,50,9.368145,1.096800
worker_3,640,1788087110.834501,50,9.551175,1.098432
worker_3,641,1788087110.844099,50,9.534453,1.104128
worker_3,642,1788087110.853673,50,9.536369,1.096384
worker_3,643,1788087110.863248,50,9.529767,1.097568
worker_3,644,1788087110.872814,50,9.553971,1.098816
worker_3,645,1788087110.882404,50,9.727027,1.098528
worker_3,646,1788087110.892175,50,9.530405,1.096928
worker_3,647,1788087110.901747,50,9.364839,1.099136
worker_3,648,1788087110.911150,50,9.543239,1.099200
worker_3,649,1788087110.920731,50,9.540090,1.098528
worker_3,650,1788087110.930311,50,9.759954,1.096672
worker_3,651,1788087110.940117,50,9.503989,1.098368
worker_3,652,1788087110.949664,50,9.351997,1.097184
worker_3,653,1788087110.959074,50,9.869519,1.100192
worker_3,654,1788087110.968987,50,9.527683,1.096704
worker_3,655,1788087110.978559,50,9.389571,1.099072
worker_3,656,1788087110.987990,50,9.535119,1.096544
worker_3,657,1788087110.997568,50,9.366746,1.097536
worker_3,658,1788087111.006973,50,9.543174,1.096064
worker_3,659,1788087111.016552,50,9.538239,1.097984
worker_3,660,1788087111.026127,50,9.554082,1.096192
worker_3,661,1788087111.035717,50,9.551332,1.100192
worker_3,662,1788087111.045306,50,9.564859,1.096224
worker_3,663,1788087111.054908,50,9.545026,1.097216
worker_3,664,1788087111.064490,50,9.528220,1.097280
worker_3,665,1788087111.074053,50,9.543471,1.096896
worker_3,666,1788087111.083631,50,9.550156,1.097152
worker_3,667,1788087111.093220,50,9.536387,1.097376
worker_3,668,1788087111.102791,50,9.553647,1.098752
worker_3,669,1788087111.112380,50,9.533304,1.096992
worker_3,670,1788087111.121950,50,9.555082,1.097056
worker_3,671,1788087111.131542,50,9.538342,1.100800
worker_3,672,1788087111.141118,50,9.546999,1.096864
worker_3,673,1788087111.150716,50,9.543527,1.097280
worker_3,674,1788087111.160295,50,9.526082,1.096736
worker_3,675,1788087111.169855,50,9.548730,1.098080
worker_3,676,1788087111.179439,50,9.542202,1.098592
worker_3,677,1788087111.189018,50,9.528461,1.096704
worker_3,678,1788087111.198580,50,9.558379,1.096448
worker_3,679,1788087111.208175,50,9.560333,1.101472
worker_3,680,1788087111.217771,50,9.536379,1.097792
worker_3,681,1788087111.227346,50,9.545063,1.098304
worker_3,682,1788087111.236931,50,9.552518,1.096352
worker_3,683,1788087111.246521,50,9.575842,1.097664
worker_3,684,1788087111.256136,50,9.548600,1.097920
worker_3,685,1788087111.265723,50,9.535757,1.097568
worker_3,686,1788087111.275299,50,9.529860,1.095968
worker_3,687,1788087111.284865,50,9.544693,1.097312
worker_3,688,1788087111.294444,50,9.549471,1.098784
worker_3,689,1788087111.304030,50,9.534759,1.095616
worker_3,690,1788087111.313601,50,9.560193,1.097152
worker_3,691,1788087111.323207,50,9.534693,1.097792
worker_3,692,1788087111.332780,50,9.528879,1.096288
worker_3,693,1788087111.342347,50,9.711390,1.096416
worker_3,694,1788087111.352118,50,9.346617,1.097920
worker_3,695,1788087111.361504,50,9.533822,1.097280
worker_3,696,1788087111.371074,50,9.543035,1.096288
worker_3,697,1788087111.380706,50,9.483128,1.096064
worker_3,698,1788087111.390226,50,9.560434,1.096320
worker_3,699,1788087111.399825,50,9.528415,1.096704
worker_3,700,1788087111.409391,50,9.561934,1.096928
worker_3,701,1788087111.418999,50,9.516832,1.096544
worker_3,702,1788087111.428556,50,9.550360,1.096608
worker_3,703,1788087111.438146,50,9.536498,1.096704
worker_3,704,1788087111.447719,50,9.731001,1.097824
worker_3,705,1788087111.457493,50,9.394146,1.101408
worker_3,706,1788087111.466924,50,9.554471,1.097152
worker_3,707,1788087111.476581,50,9.464248,1.097952
worker_3,708,1788087111.486083,50,9.541119,1.098624
worker_3,709,1788087111.495663,50,9.538414,1.096608
worker_3,710,1788087111.505243,50,9.547100,1.096800
worker_3,711,1788087111.514836,50,9.517943,1.098688
worker_3,712,1788087111.524391,50,9.698675,1.099008
worker_3,713,1788087111.534135,50,9.528619,1.098528
worker_3,714,1788087111.543722,50,9.362357,1.098848
worker_3,715,1788087111.553129,50,9.514425,1.096128
worker_3,716,1788087111.562680,50,9.523962,1.097728
worker_3,717,1788087111.572255,50,9.546128,1.106016
worker_3,718,1788087111.581840,50,9.705408,1.097504
worker_3,719,1788087111.591588,50,9.363441,1.098656
worker_3,720,1788087111.600991,50,9.701240,1.098208
worker_3,721,1788087111.610734,50,9.377284,1.096000
worker_3,722,1788087111.620150,50,9.558998,1.103840
worker_3,723,1788087111.629757,50,9.694657,1.097056
worker_3,724,1788087111.639497,50,9.351867,1.096128
worker_3,725,1788087111.648891,50,9.529314,1.097600
worker_3,726,1788087111.658460,50,9.546471,1.097248
worker_3,727,1788087111.668046,50,9.533766,1.096608
worker_3,728,1788087111.677614,50,9.542359,1.097472
worker_3,729,1788087111.687193,50,9.557619,1.097664
worker_3,730,1788087111.696786,50,9.565776,1.098848
worker_3,731,1788087111.706389,50,9.539304,1.096672
worker_3,732,1788087111.715967,50,9.537517,1.098528
worker_3,733,1788087111.725554,50,9.682055,1.095328
worker_3,734,1788087111.735279,50,9.367404,1.099776
worker_3,735,1788087111.744685,50,9.536276,1.098112
worker_3,736,1788087111.754258,50,9.537646,1.096928
worker_3,737,1788087111.763832,50,9.529350,1.095808
worker_3,738,1788087111.773399,50,9.538582,1.098176
worker_3,739,1788087111.782974,50,9.711742,1.098240
worker_3,740,1788087111.792728,50,9.380313,1.098432
worker_3,741,1788087111.802148,50,9.554286,1.096608
worker_3,742,1788087111.811747,50,9.513646,1.096992
worker_3,743,1788087111.821297,50,9.738223,1.100384
worker_3,744,1788087111.831078,50,9.357850,1.097216
worker_3,745,1788087111.840475,50,9.537008,1.097568
worker_3,746,1788087111.850051,50,9.540545,1.097632
worker_3,747,1788087111.859628,50,9.539601,1.100256
worker_3,748,1788087111.869206,50,9.546518,1.096864
worker_3,749,1788087111.878788,50,9.547120,1.098432
worker_3,750,1788087111.888383,50,9.698908,1.097600
worker_3,751,1788087111.898130,50,9.516110,1.096736
worker_3,752,1788087111.907692,50,9.363367,1.098560
worker_3,753,1788087111.917096,50,9.544360,1.097664
worker_3,754,1788087111.926680,50,9.727426,1.097248
worker_3,755,1788087111.936454,50,9.345441,1.098208
worker_3,756,1788087111.945838,50,9.541591,1.096128
worker_3,757,1788087111.955417,50,9.549619,1.098144
worker_3,758,1788087111.965005,50,9.540536,1.097280
worker_3,759,1788087111.974583,50,9.732278,1.098432
worker_3,760,1788087111.984363,50,9.445989,1.097728
worker_3,761,1788087111.993856,50,9.425832,1.097344
worker_3,762,1788087112.003322,50,9.535461,1.097024
worker_3,763,1788087112.012897,50,9.556980,1.096256
worker_3,764,1788087112.022489,50,9.537878,1.098560
worker_3,765,1788087112.032059,50,9.554323,1.098432
worker_3,766,1788087112.041651,50,9.536925,1.097728
worker_3,767,1788087112.051225,50,9.706436,1.096416
worker_3,768,1788087112.060975,50,9.381322,1.098336
worker_3,769,1788087112.070397,50,9.770380,1.097600
worker_3,770,1788087112.080222,50,9.496693,1.097920
worker_3,771,1788087112.089767,50,9.516832,1.098272
worker_3,772,1788087112.099431,50,9.261135,1.097472
worker_3,773,1788087112.108729,50,9.702640,1.096736
worker_3,774,1788087112.118477,50,9.365877,1.099072
worker_3,775,1788087112.127882,50,9.537952,1.098464
worker_3,776,1788087112.137457,50,9.701621,1.097440
worker_3,777,1788087112.147203,50,9.362385,1.096736
worker_3,778,1788087112.156603,50,9.537952,1.098400
worker_3,779,1788087112.166178,50,9.721416,1.096992
worker_3,780,1788087112.175944,50,9.553656,1.099008
worker_3,781,1788087112.185542,50,9.350460,1.098816
worker_3,782,1788087112.194934,50,9.529230,1.096704
worker_3,783,1788087112.204500,50,9.716306,1.098784
worker_3,784,1788087112.214260,50,9.370470,1.097280
worker_3,785,1788087112.223671,50,9.531008,1.098368
worker_3,786,1788087112.233239,50,9.533657,1.096896
worker_3,787,1788087112.242811,50,9.724093,1.097536
worker_3,788,1788087112.252584,50,9.344117,1.096096
worker_3,789,1788087112.261968,50,9.535443,1.098752
worker_3,790,1788087112.271545,50,9.527795,1.097440
worker_3,791,1788087112.281110,50,9.542017,1.098784
worker_3,792,1788087112.290703,50,9.536526,1.096608
worker_3,793,1788087112.300278,50,9.533119,1.096640
worker_3,794,1788087112.309848,50,9.548397,1.097376
worker_3,795,1788087112.319434,50,9.553221,1.099104
worker_3,796,1788087112.329025,50,9.544999,1.096544
worker_3,797,1788087112.338605,50,9.575573,1.097600
worker_3,798,1788087112.348239,50,9.496146,1.096672
worker_3,799,1788087112.357773,50,9.699352,1.099104
worker_3,800,1788087112.367516,50,9.354635,1.096704
worker_3,801,1788087112.376911,50,9.561137,1.096192
worker_3,802,1788087112.386511,50,9.555323,1.096672
worker_3,803,1788087112.396102,50,9.715333,1.097952
worker_3,804,1788087112.405861,50,9.560332,1.096480
worker_3,805,1788087112.415464,50,9.343265,1.101024
worker_3,806,1788087112.424847,50,9.539600,1.100768
worker_3,807,1788087112.434423,50,9.564035,1.099904
worker_3,808,1788087112.444033,50,9.532212,1.104064
worker_3,809,1788087112.453604,50,9.537860,1.098528
worker_3,810,1788087112.463180,50,9.711231,1.097152
worker_3,811,1788087112.472946,50,9.520184,1.098400
worker_3,812,1788087112.482511,50,9.362895,1.097056
worker_3,813,1788087112.491917,50,9.688629,1.098400
worker_3,814,1788087112.501649,50,9.369951,1.095488
worker_3,815,1788087112.511056,50,9.718407,1.096672
worker_3,816,1788087112.520818,50,9.371691,1.098336
worker_3,817,1788087112.530229,50,9.550017,1.097344
worker_3,818,1788087112.539826,50,9.532795,1.096352
worker_3,819,1788087112.549395,50,9.556601,1.098336
worker_3,820,1788087112.558998,50,9.686000,1.097408
worker_3,821,1788087112.568729,50,9.371859,1.095968
worker_3,822,1788087112.578144,50,9.532545,1.096288
worker_3,823,1788087112.587719,50,9.532517,1.099040
worker_3,824,1788087112.597291,50,9.549286,1.097600
worker_3,825,1788087112.606878,50,9.549776,1.097504
worker_3,826,1788087112.616474,50,9.502702,1.096800
worker_3,827,1788087112.626016,50,9.719204,1.104864
worker_3,828,1788087112.635783,50,9.348534,1.098432
worker_3,829,1788087112.645175,50,9.531564,1.096608
worker_3,830,1788087112.654743,50,9.714074,1.097184
worker_3,831,1788087112.664515,50,9.512127,1.098272
worker_3,832,1788087112.674072,50,9.364071,1.096576
worker_3,833,1788087112.683474,50,9.718176,1.096096
worker_3,834,1788087112.693237,50,9.350061,1.096928
worker_3,835,1788087112.702624,50,9.546110,1.097632
worker_3,836,1788087112.712217,50,9.545499,1.099520
worker_3,837,1788087112.721801,50,9.564165,1.096832
worker_3,838,1788087112.731411,50,9.528231,1.097312
worker_3,839,1788087112.740984,50,9.529425,1.097568
worker_3,840,1788087112.750553,50,9.708194,1.096576
worker_3,841,1788087112.760306,50,9.376637,1.104512
worker_3,842,1788087112.769721,50,9.533258,1.096384
worker_3,843,1788087112.779291,50,9.565564,1.098112
worker_3,844,1788087112.788896,50,9.527841,1.097600
worker_3,845,1788087112.798460,50,9.540981,1.096608
worker_3,846,1788087112.808038,50,9.551406,1.099296
worker_3,847,1788087112.817629,50,9.539582,1.097280
worker_3,848,1788087112.827209,50,9.731999,1.096160
worker_3,849,1788087112.836984,50,9.349803,1.096768
worker_3,850,1788087112.846386,50,9.681417,1.098464
worker_3,851,1788087112.856112,50,9.354988,1.097536
worker_3,852,1788087112.865504,50,9.701630,1.096576
worker_3,853,1788087112.875248,50,9.374312,1.096096
worker_3,854,1788087112.884662,50,9.534313,1.096192
worker_3,855,1788087112.894236,50,9.534628,1.095936
worker_3,856,1788087112.903808,50,9.544545,1.100608
worker_3,857,1788087112.913391,50,9.560119,1.098528
worker_3,858,1788087112.922997,50,9.513082,1.096352
worker_3,859,1788087112.932549,50,9.535934,1.096640
worker_3,860,1788087112.942125,50,9.723889,1.097792
worker_3,861,1788087112.951893,50,9.360719,1.099552
worker_3,862,1788087112.961293,50,9.535878,1.097792
worker_3,863,1788087112.970866,50,9.750167,1.097184
worker_3,864,1788087112.980689,50,9.293183,1.096096
worker_3,865,1788087112.990023,50,9.702536,1.096672
worker_3,866,1788087112.999768,50,9.380645,1.098624
worker_3,867,1788087113.009189,50,9.560129,1.096896
worker_3,868,1788087113.018795,50,9.517360,1.101856
worker_3,869,1788087113.028352,50,9.541794,1.097248
worker_3,870,1788087113.037945,50,9.700918,1.096448
worker_3,871,1788087113.047690,50,9.521433,1.099200
worker_3,872,1788087113.057256,50,9.362876,1.096224
worker_3,873,1788087113.066659,50,9.704555,1.096384
worker_3,874,1788087113.076408,50,9.389646,1.104576
worker_3,875,1788087113.085835,50,9.532128,1.097664
worker_3,876,1788087113.095402,50,9.543137,1.097120
worker_3,877,1788087113.104982,50,9.558703,1.098432
worker_3,878,1788087113.114577,50,9.528211,1.096608
worker_3,879,1788087113.124140,50,9.535378,1.097312
worker_3,880,1788087113.133714,50,9.713130,1.097408
worker_3,881,1788087113.143471,50,9.369081,1.098144
worker_3,882,1788087113.152881,50,9.538351,1.096320
worker_3,883,1788087113.162459,50,9.710093,1.098048
worker_3,884,1788087113.172227,50,9.348989,1.096480
worker_3,885,1788087113.181615,50,9.535036,1.098016
worker_3,886,1788087113.191187,50,9.552499,1.097824
worker_3,887,1788087113.200776,50,9.546601,1.100544
worker_3,888,1788087113.210359,50,9.542989,1.097536
worker_3,889,1788087113.219952,50,9.520656,1.096096
worker_3,890,1788087113.229509,50,9.539231,1.096768
worker_3,891,1788087113.239085,50,9.534044,1.097760
worker_3,892,1788087113.248654,50,9.712731,1.096832
worker_3,893,1788087113.258411,50,9.367165,1.097408
worker_3,894,1788087113.267815,50,9.540823,1.101728
worker_3,895,1788087113.277393,50,9.544712,1.098240
worker_3,896,1788087113.286977,50,9.747788,1.098304
worker_3,897,1788087113.296769,50,9.320960,1.095616
worker_3,898,1788087113.306130,50,9.582119,1.097856
worker_3,899,1788087113.315752,50,9.506175,1.099392
worker_3,900,1788087113.325298,50,9.556222,1.097088
worker_3,901,1788087113.334895,50,9.530489,1.096416
worker_3,902,1788087113.344460,50,9.537637,1.098496
worker_3,903,1788087113.354035,50,9.755418,1.097568
worker_3,904,1788087113.363834,50,9.326728,1.100736
worker_3,905,1788087113.373202,50,9.531887,1.097120
worker_3,906,1788087113.382775,50,9.715037,1.098208
worker_3,907,1788087113.392535,50,9.355460,1.096672
worker_3,908,1788087113.401932,50,9.702529,1.098656
worker_3,909,1788087113.411691,50,9.520536,1.097728
worker_3,910,1788087113.421255,50,9.537120,1.096768
worker_3,911,1788087113.430837,50,9.532397,1.099072
worker_3,912,1788087113.440414,50,9.383914,1.103488
worker_3,913,1788087113.449838,50,9.526054,1.096544
worker_3,914,1788087113.459397,50,9.546008,1.098048
worker_3,915,1788087113.468981,50,9.556128,1.098656
worker_3,916,1788087113.478573,50,9.533063,1.096352
worker_3,917,1788087113.488143,50,9.534313,1.097632
worker_3,918,1788087113.497715,50,9.533194,1.098240
worker_3,919,1788087113.507285,50,9.731537,1.099328
worker_3,920,1788087113.517062,50,9.522952,1.097216
worker_3,921,1788087113.526627,50,9.382988,1.096096
worker_3,922,1788087113.536049,50,9.707853,1.097920
worker_3,923,1788087113.545800,50,9.374460,1.096608
worker_3,924,1788087113.555215,50,9.539999,1.098816
worker_3,925,1788087113.564792,50,9.533776,1.097888
worker_3,926,1788087113.574451,50,9.452396,1.097760
worker_3,927,1788087113.583942,50,9.539860,1.095392
worker_3,928,1788087113.593530,50,9.518035,1.097792
worker_3,929,1788087113.603084,50,9.552101,1.102848
worker_3,930,1788087113.612672,50,9.539758,1.097376
worker_3,931,1788087113.622251,50,9.518285,1.096608
worker_3,932,1788087113.631808,50,9.570954,1.099168
worker_3,933,1788087113.641425,50,9.520072,1.097632
worker_3,934,1788087113.650983,50,9.533952,1.095744
worker_3,935,1788087113.660557,50,9.709473,1.095776
worker_3,936,1788087113.670310,50,9.368016,1.095680
worker_3,937,1788087113.679720,50,9.552489,1.097824
worker_3,938,1788087113.689318,50,9.516239,1.096736
worker_3,939,1788087113.698877,50,9.520091,1.098848
worker_3,940,1788087113.708432,50,9.724806,1.096672
worker_3,941,1788087113.718206,50,9.368201,1.097888
worker_3,942,1788087113.727617,50,9.523249,1.098368
worker_3,943,1788087113.737179,50,9.517821,1.096800
worker_3,944,1788087113.746724,50,9.560600,1.096768
worker_3,945,1788087113.756325,50,9.531267,1.099200
worker_3,946,1788087113.765896,50,9.525683,1.096256
worker_3,947,1788087113.775459,50,9.533943,1.097792
worker_3,948,1788087113.785040,50,9.545295,1.099136
worker_3,949,1788087113.794624,50,9.556628,1.096928
worker_3,950,1788087113.804226,50,9.533786,1.095936
worker_3,951,1788087113.813795,50,9.527933,1.097280
worker_3,952,1788087113.823358,50,9.530822,1.098880
worker_3,953,1788087113.832925,50,9.713175,1.097440
worker_3,954,1788087113.842682,50,9.573878,1.098016
worker_3,955,1788087113.852304,50,9.510415,1.101504
worker_3,956,1788087113.861861,50,9.358692,1.096160
worker_3,957,1788087113.871263,50,9.700944,1.098976
worker_3,958,1788087113.881010,50,9.359043,1.098720
worker_3,959,1788087113.890408,50,9.533351,1.096128
worker_3,960,1788087113.899979,50,9.703297,1.098432
worker_3,961,1788087113.909726,50,9.366896,1.096384
worker_3,962,1788087113.919134,50,9.538305,1.105440
worker_3,963,1788087113.928710,50,9.528721,1.097024
worker_3,964,1788087113.938277,50,9.554850,1.098848
worker_3,965,1788087113.947877,50,9.522277,1.098304
worker_3,966,1788087113.957440,50,9.529657,1.097440
worker_3,967,1788087113.967022,50,9.730334,1.102368
worker_3,968,1788087113.976797,50,9.360313,1.096768
worker_3,969,1788087113.986198,50,9.528175,1.097120
worker_3,970,1788087113.995768,50,9.707001,1.103808
worker_3,971,1788087114.005519,50,9.361248,1.097120
worker_3,972,1788087114.014921,50,9.541313,1.103616
worker_3,973,1788087114.024503,50,9.564795,1.097216
worker_3,974,1788087114.034112,50,9.530359,1.099104
worker_3,975,1788087114.043687,50,9.518637,1.099168
worker_3,976,1788087114.053244,50,9.532453,1.096672
worker_3,977,1788087114.062815,50,9.708916,1.098016
worker_3,978,1788087114.072571,50,9.374304,1.096416
worker_3,979,1788087114.081984,50,9.531730,1.098144
worker_3,980,1788087114.091556,50,9.536267,1.099264
worker_3,981,1788087114.101130,50,9.532147,1.095616
worker_3,982,1788087114.110698,50,9.552870,1.096448
worker_3,983,1788087114.120288,50,9.518924,1.096352
worker_3,984,1788087114.129843,50,9.532768,1.097376
worker_3,985,1788087114.139413,50,9.553027,1.098304
worker_3,986,1788087114.149004,50,9.558295,1.099552
worker_3,987,1788087114.158617,50,9.700019,1.096672
worker_3,988,1788087114.168362,50,9.360497,1.096032
worker_3,989,1788087114.177764,50,9.526118,1.096832
worker_3,990,1788087114.187331,50,9.588443,1.097120
worker_3,991,1788087114.196964,50,9.493166,1.096672
worker_3,992,1788087114.206498,50,9.539248,1.098400
worker_3,993,1788087114.216074,50,9.543815,1.107168
worker_3,994,1788087114.225656,50,9.560471,1.097856
worker_3,995,1788087114.235262,50,9.524470,1.101600
worker_3,996,1788087114.244826,50,9.528479,1.097920
worker_3,997,1788087114.254392,50,9.574387,1.099168
worker_3,998,1788087114.264013,50,9.501925,1.095648
worker_3,999,1788087114.273553,50,9.545563,1.096608
worker_3,1000,1788087114.283139,50,9.531212,1.098592
worker_3,1001,1788087114.292760,50,9.479017,1.096960
worker_3,1002,1788087114.302279,50,9.725621,1.099008
worker_3,1003,1788087114.312052,50,9.351913,1.096224
worker_3,1004,1788087114.321447,50,9.714388,1.097312
worker_3,1005,1788087114.331213,50,9.356543,1.100064
worker_3,1006,1788087114.340623,50,9.527814,1.096096
worker_3,1007,1788087114.350190,50,9.708547,1.099136
worker_3,1008,1788087114.359944,50,9.375785,1.097216
worker_3,1009,1788087114.369366,50,9.539906,1.096256
worker_3,1010,1788087114.378945,50,9.535054,1.098240
worker_3,1011,1788087114.388517,50,9.539582,1.098272
worker_3,1012,1788087114.398094,50,9.533240,1.097056
worker_3,1013,1788087114.407663,50,9.553248,1.096832
worker_3,1014,1788087114.417254,50,9.554685,1.098624
worker_3,1015,1788087114.426856,50,9.668759,1.096544
worker_3,1016,1788087114.436565,50,9.526396,1.097344
worker_3,1017,1788087114.446130,50,9.557230,1.097248
worker_3,1018,1788087114.455729,50,9.535990,1.097472
worker_3,1019,1788087114.465298,50,9.436766,1.096128
worker_3,1020,1788087114.474776,50,9.507109,1.097664
worker_3,1021,1788087114.484320,50,9.535748,1.097472
worker_3,1022,1788087114.493894,50,9.705000,1.097248
worker_3,1023,1788087114.503645,50,9.378636,1.100768
worker_3,1024,1788087114.513069,50,9.685750,1.096896
worker_3,1025,1788087114.522802,50,9.379618,1.096544
worker_3,1026,1788087114.532241,50,9.525296,1.098528
worker_3,1027,1788087114.541804,50,9.710686,1.097120
worker_3,1028,1788087114.551561,50,9.352210,1.102080
worker_3,1029,1788087114.560952,50,9.539906,1.097472
worker_3,1030,1788087114.570529,50,9.542369,1.097120
worker_3,1031,1788087114.580110,50,9.561231,1.097920
worker_3,1032,1788087114.589708,50,9.727195,1.097824
worker_3,1033,1788087114.599485,50,9.355294,1.100096
worker_3,1034,1788087114.608882,50,9.695472,1.097120
worker_3,1035,1788087114.618621,50,9.534517,1.099616
worker_3,1036,1788087114.628202,50,9.361267,1.098016
worker_3,1037,1788087114.637603,50,9.533351,1.098624
worker_3,1038,1788087114.647175,50,9.539759,1.101984
worker_3,1039,1788087114.656752,50,9.550823,1.096736
worker_3,1040,1788087114.666350,50,9.517897,1.097728
worker_3,1041,1788087114.675908,50,9.708019,1.097632
worker_3,1042,1788087114.685662,50,9.362924,1.096800
worker_3,1043,1788087114.695065,50,9.538906,1.102752
worker_3,1044,1788087114.704643,50,9.727269,1.096928
worker_3,1045,1788087114.714431,50,9.339997,1.098304
worker_3,1046,1788087114.723813,50,9.546276,1.096864
worker_3,1047,1788087114.733397,50,9.530795,1.098880
worker_3,1048,1788087114.742965,50,9.532712,1.096736
worker_3,1049,1788087114.752530,50,9.719611,1.096320
worker_3,1050,1788087114.762295,50,9.352100,1.097632
worker_3,1051,1788087114.771686,50,9.546860,1.101152
worker_3,1052,1788087114.781272,50,9.534221,1.096480
worker_3,1053,1788087114.790844,50,9.544926,1.098912
worker_3,1054,1788087114.800427,50,9.744723,1.097248
worker_3,1055,1788087114.810227,50,9.334182,1.098432
worker_3,1056,1788087114.819603,50,9.534517,1.098976
worker_3,1057,1788087114.829175,50,9.537452,1.098752
worker_3,1058,1788087114.838753,50,9.546406,1.097728
worker_3,1059,1788087114.848338,50,9.531073,1.097920
worker_3,1060,1788087114.857905,50,9.698316,1.098816
worker_3,1061,1788087114.867647,50,9.355581,1.096448
worker_3,1062,1788087114.877039,50,9.542841,1.096352
worker_3,1063,1788087114.886617,50,9.723056,1.095424
worker_3,1064,1788087114.896388,50,9.528943,1.098432
worker_3,1065,1788087114.905975,50,9.349266,1.095712
worker_3,1066,1788087114.915366,50,9.529471,1.098624
worker_3,1067,1788087114.924933,50,9.723917,1.096768
worker_3,1068,1788087114.934701,50,9.538915,1.096480
worker_3,1069,1788087114.944285,50,9.378775,1.103360
worker_3,1070,1788087114.953703,50,9.531322,1.098848
worker_3,1071,1788087114.963271,50,9.542786,1.096480
worker_3,1072,1788087114.972852,50,9.542591,1.098720
worker_3,1073,1788087114.982431,50,9.539638,1.097792
worker_3,1074,1788087114.992011,50,9.542221,1.097504
worker_3,1075,1788087115.001589,50,9.561906,1.097120
worker_3,1076,1788087115.011199,50,9.513989,1.098272
worker_3,1077,1788087115.020751,50,9.720731,1.097120
worker_3,1078,1788087115.030517,50,9.362738,1.097824
worker_3,1079,1788087115.040016,50,9.434248,1.098112
worker_3,1080,1788087115.049489,50,9.534998,1.096416
worker_3,1081,1788087115.059062,50,9.566092,1.107264
worker_3,1082,1788087115.068667,50,9.702427,1.096736
worker_3,1083,1788087115.078415,50,9.374210,1.096960
worker_3,1084,1788087115.087845,50,9.655222,1.096352
worker_3,1085,1788087115.097545,50,9.441572,1.096128
worker_3,1086,1788087115.107033,50,9.686231,1.098656
worker_3,1087,1788087115.116766,50,9.526499,1.097088
worker_3,1088,1788087115.126340,50,9.363220,1.097536
worker_3,1089,1788087115.135744,50,9.555694,1.096992
worker_3,1090,1788087115.145338,50,9.536425,1.098624
worker_3,1091,1788087115.154914,50,9.721528,1.098944
worker_3,1092,1788087115.164681,50,9.367173,1.098720
worker_3,1093,1788087115.174088,50,9.529692,1.097472
worker_3,1094,1788087115.183653,50,9.565406,1.098720
worker_3,1095,1788087115.193267,50,9.522924,1.096224
worker_3,1096,1788087115.202832,50,9.533119,1.096608
worker_3,1097,1788087115.212404,50,9.535035,1.097536
worker_3,1098,1788087115.221976,50,9.552878,1.097632
worker_3,1099,1788087115.231569,50,9.534350,1.097664
worker_3,1100,1788087115.241142,50,9.532710,1.097376
worker_3,1101,1788087115.250714,50,9.560813,1.097920
worker_3,1102,1788087115.260322,50,9.512452,1.098112
worker_3,1103,1788087115.269876,50,9.520433,1.097728
worker_3,1104,1788087115.279443,50,9.534656,1.098400
worker_3,1105,1788087115.289014,50,9.746260,1.098496
worker_3,1106,1788087115.298808,50,9.348950,1.097856
worker_3,1107,1788087115.308199,50,9.713084,1.104960
worker_3,1108,1788087115.317952,50,9.537628,1.099104
worker_3,1109,1788087115.327531,50,9.536740,1.096192
worker_3,1110,1788087115.337106,50,9.545638,1.096672
worker_3,1111,1788087115.346692,50,9.527285,1.098272
worker_3,1112,1788087115.356266,50,9.415849,1.097024
worker_3,1113,1788087115.365722,50,9.555305,1.095840
worker_3,1114,1788087115.375316,50,9.531221,1.098048
worker_3,1115,1788087115.384886,50,9.534869,1.097824
worker_3,1116,1788087115.394458,50,9.537156,1.097792
worker_3,1117,1788087115.404032,50,9.572925,1.098400
worker_3,1118,1788087115.413649,50,9.513183,1.098464
worker_3,1119,1788087115.423202,50,9.534675,1.098144
worker_3,1120,1788087115.432773,50,9.856465,1.098816
worker_3,1121,1788087115.442675,50,9.250349,1.100064
worker_3,1122,1788087115.451972,50,9.515202,1.097760
worker_3,1123,1788087115.461540,50,9.528999,1.097792
worker_3,1124,1788087115.471106,50,9.539240,1.100544
worker_3,1125,1788087115.480688,50,9.539767,1.098880
worker_3,1126,1788087115.490266,50,9.707954,1.096256
worker_3,1127,1788087115.500018,50,9.532342,1.101440
worker_3,1128,1788087115.509594,50,9.554777,1.096736
worker_3,1129,1788087115.519194,50,9.526284,1.097888
worker_3,1130,1788087115.528763,50,9.533193,1.096160
worker_3,1131,1788087115.538342,50,9.375311,1.098240
worker_3,1132,1788087115.547765,50,9.524999,1.098176
worker_3,1133,1788087115.557330,50,9.557425,1.100288
worker_3,1134,1788087115.566929,50,9.544230,1.101312
worker_3,1135,1788087115.576513,50,9.556767,1.096512
worker_3,1136,1788087115.586107,50,9.530128,1.097856
worker_3,1137,1788087115.595674,50,9.714371,1.097440
worker_3,1138,1788087115.605434,50,9.364044,1.096352
worker_3,1139,1788087115.614838,50,9.533323,1.096672
worker_3,1140,1788087115.624408,50,9.538776,1.097920
worker_3,1141,1788087115.633986,50,9.557637,1.098336
worker_3,1142,1788087115.643590,50,9.507378,1.098464
worker_3,1143,1788087115.653153,50,9.515739,1.098176
worker_3,1144,1788087115.662708,50,9.542850,1.096736
worker_3,1145,1788087115.672287,50,9.529619,1.097504
worker_3,1146,1788087115.681854,50,9.546776,1.099040
worker_3,1147,1788087115.691441,50,9.733973,1.096960
worker_3,1148,1788087115.701219,50,9.379470,1.098432
worker_3,1149,1788087115.710637,50,9.588036,1.098112
worker_3,1150,1788087115.720273,50,9.500368,1.097088
worker_3,1151,1788087115.729816,50,9.549915,1.097312
worker_3,1152,1788087115.739414,50,9.548063,1.096544
worker_3,1153,1788087115.749009,50,9.514082,1.096736
worker_3,1154,1788087115.758561,50,9.535601,1.096512
worker_3,1155,1788087115.768140,50,9.537859,1.099424
worker_3,1156,1788087115.777714,50,9.536980,1.099296
worker_3,1157,1788087115.787290,50,9.581193,1.096096
worker_3,1158,1788087115.796908,50,9.525434,1.100032
worker_3,1159,1788087115.806473,50,9.724277,1.095552
worker_3,1160,1788087115.816256,50,9.346080,1.098816
worker_3,1161,1788087115.825643,50,9.545999,1.096608
worker_3,1162,1788087115.835258,50,9.508580,1.095744
worker_3,1163,1788087115.844809,50,9.542212,1.103232
worker_3,1164,1788087115.854385,50,9.544008,1.098816
worker_3,1165,1788087115.863969,50,9.533858,1.096832
worker_3,1166,1788087115.873538,50,9.528035,1.095872
worker_3,1167,1788087115.883106,50,9.553406,1.104000
worker_3,1168,1788087115.892733,50,9.490221,1.096928
worker_3,1169,1788087115.902260,50,9.573379,1.097472
worker_3,1170,1788087115.911871,50,9.536943,1.100448
worker_3,1171,1788087115.921449,50,9.547665,1.096288
worker_3,1172,1788087115.931044,50,9.511479,1.098592
worker_3,1173,1788087115.940596,50,9.535147,1.096192
worker_3,1174,1788087115.950171,50,9.734445,1.098944
worker_3,1175,1788087115.959951,50,9.360618,1.099136
worker_3,1176,1788087115.969352,50,9.540526,1.096032
worker_3,1177,1788087115.978933,50,9.534684,1.097472
worker_3,1178,1788087115.988508,50,9.528647,1.098208
worker_3,1179,1788087115.998074,50,9.596378,1.097280
worker_3,1180,1788087116.007721,50,9.509573,1.099808
worker_3,1181,1788087116.017271,50,9.546768,1.096512
worker_3,1182,1788087116.026876,50,9.505953,1.098592
worker_3,1183,1788087116.036422,50,9.525777,1.097216
worker_3,1184,1788087116.045985,50,9.748427,1.099072
worker_3,1185,1788087116.055783,50,9.340859,1.104672
worker_3,1186,1788087116.065161,50,9.709852,1.096416
worker_3,1187,1788087116.074917,50,9.364164,1.098176
worker_3,1188,1788087116.084320,50,9.534175,1.098240
worker_3,1189,1788087116.093892,50,9.717694,1.097984
worker_3,1190,1788087116.103654,50,9.353589,1.097440
worker_3,1191,1788087116.113045,50,9.543027,1.096160
worker_3,1192,1788087116.122627,50,9.700935,1.096448
worker_3,1193,1788087116.132372,50,9.535231,1.101920
worker_3,1194,1788087116.141952,50,9.370228,1.096416
worker_3,1195,1788087116.151362,50,9.533980,1.096896
worker_3,1196,1788087116.160935,50,9.549638,1.095872
worker_3,1197,1788087116.170524,50,9.540851,1.097376
worker_3,1198,1788087116.180102,50,9.566046,1.101344
worker_3,1199,1788087116.189706,50,9.544776,1.096992
worker_3,1200,1788087116.199286,50,9.719278,1.096928
worker_3,1201,1788087116.209068,50,9.357562,1.096448
worker_3,1202,1788087116.218472,50,9.517916,1.097664
worker_3,1203,1788087116.228032,50,9.718936,1.098464
worker_3,1204,1788087116.237796,50,9.530887,1.096800
worker_3,1205,1788087116.247372,50,9.371172,1.096192
worker_3,1206,1788087116.256789,50,9.528887,1.097888
worker_3,1207,1788087116.266362,50,9.525646,1.097408
worker_3,1208,1788087116.275924,50,9.551674,1.097376
worker_3,1209,1788087116.285515,50,9.545647,1.097088
worker_3,1210,1788087116.295099,50,9.704287,1.097536
worker_3,1211,1788087116.304848,50,9.544211,1.097920
worker_3,1212,1788087116.314435,50,9.354951,1.096896
worker_3,1213,1788087116.323829,50,9.531610,1.099584
worker_3,1214,1788087116.333400,50,9.707481,1.097920
worker_3,1215,1788087116.343152,50,9.371627,1.097472
worker_3,1216,1788087116.352563,50,9.522785,1.096512
worker_3,1217,1788087116.362122,50,9.737481,1.096000
worker_3,1218,1788087116.371908,50,9.349367,1.098912
worker_3,1219,1788087116.381298,50,9.534998,1.097632
worker_3,1220,1788087116.390870,50,9.530091,1.097856
worker_3,1221,1788087116.400452,50,9.708759,1.096928
worker_3,1222,1788087116.410205,50,9.362820,1.097504
worker_3,1223,1788087116.419608,50,9.531230,1.097696
worker_3,1224,1788087116.429179,50,9.736102,1.097696
worker_3,1225,1788087116.438960,50,9.512054,1.097344
worker_3,1226,1788087116.448510,50,9.523582,1.097472
worker_3,1227,1788087116.458074,50,9.534785,1.097760
worker_3,1228,1788087116.467647,50,9.540026,1.098880
worker_3,1229,1788087116.477224,50,9.378637,1.098816
worker_3,1230,1788087116.486729,50,9.630851,1.097248
worker_3,1231,1788087116.496405,50,9.380403,1.097184
worker_3,1232,1788087116.505826,50,9.529035,1.097088
worker_3,1233,1788087116.515394,50,9.720425,1.098432
worker_3,1234,1788087116.525158,50,9.517434,1.096512
worker_3,1235,1788087116.534720,50,9.369969,1.096384
worker_3,1236,1788087116.544133,50,9.542583,1.101088
worker_3,1237,1788087116.553712,50,9.534406,1.096704
worker_3,1238,1788087116.563286,50,9.541526,1.100544
worker_3,1239,1788087116.572867,50,9.528702,1.096512
worker_3,1240,1788087116.582449,50,9.532164,1.096480
worker_3,1241,1788087116.592018,50,9.561517,1.101280
worker_3,1242,1788087116.601626,50,9.513266,1.098240
worker_3,1243,1788087116.611179,50,9.542784,1.096736
worker_3,1244,1788087116.620760,50,9.712861,1.096928
worker_3,1245,1788087116.630519,50,9.561249,1.097504
worker_3,1246,1788087116.640127,50,9.634027,1.098048
worker_3,1247,1788087116.649806,50,9.243515,1.096480
worker_3,1248,1788087116.659087,50,9.705797,1.096864
worker_3,1249,1788087116.668836,50,9.394850,1.095520
worker_3,1250,1788087116.678277,50,9.518907,1.096512
worker_3,1251,1788087116.687839,50,9.542018,1.096480
worker_3,1252,1788087116.697419,50,9.544602,1.098336
worker_3,1253,1788087116.707002,50,9.708148,1.097152
worker_3,1254,1788087116.716757,50,9.539314,1.098432
worker_3,1255,1788087116.726341,50,9.362015,1.096576
worker_3,1256,1788087116.735746,50,9.539443,1.096864
worker_3,1257,1788087116.745323,50,9.547730,1.098400
worker_3,1258,1788087116.754910,50,9.561555,1.098944
worker_3,1259,1788087116.764517,50,9.512934,1.098912
worker_3,1260,1788087116.774084,50,9.515712,1.097152
worker_3,1261,1788087116.783638,50,9.549351,1.100544
worker_3,1262,1788087116.793226,50,9.540804,1.096384
worker_3,1263,1788087116.802802,50,9.540647,1.103584
worker_3,1264,1788087116.812379,50,9.899502,1.098208
worker_3,1265,1788087116.822324,50,9.197218,1.097760
worker_3,1266,1788087116.831561,50,9.527860,1.100160
worker_3,1267,1788087116.841130,50,9.542035,1.097536
worker_3,1268,1788087116.850715,50,9.523222,1.098496
worker_3,1269,1788087116.860277,50,9.534758,1.096800
worker_3,1270,1788087116.869849,50,9.527712,1.096736
worker_3,1271,1788087116.879414,50,9.552878,1.097888
worker_3,1272,1788087116.889006,50,9.532831,1.098848
worker_3,1273,1788087116.898565,50,9.550184,1.098816
worker_3,1274,1788087116.908154,50,9.542203,1.101184
worker_3,1275,1788087116.917734,50,9.535785,1.097536
worker_3,1276,1788087116.927306,50,9.534443,1.097536
worker_3,1277,1788087116.936879,50,9.537592,1.096768
worker_3,1278,1788087116.946449,50,9.549980,1.096416
worker_3,1279,1788087116.956044,50,9.543147,1.100928
worker_3,1280,1788087116.965624,50,9.529221,1.096512
worker_3,1281,1788087116.975191,50,9.558768,1.099808
worker_3,1282,1788087116.984788,50,9.526896,1.096032
worker_3,1283,1788087116.994351,50,9.558202,1.095616
worker_3,1284,1788087117.003955,50,9.516304,1.097728
worker_3,1285,1788087117.013511,50,9.543221,1.097856
worker_3,1286,1788087117.023094,50,9.526628,1.097792
worker_3,1287,1788087117.032656,50,9.549609,1.097920
worker_3,1288,1788087117.042243,50,9.722223,1.098400
worker_3,1289,1788087117.052016,50,9.376237,1.108096
worker_3,1290,1788087117.061440,50,9.527702,1.097568
worker_3,1291,1788087117.071007,50,9.703101,1.097344
worker_3,1292,1788087117.080755,50,9.362006,1.096224
worker_3,1293,1788087117.090157,50,9.702463,1.095872
worker_3,1294,1788087117.099906,50,9.364635,1.099008
worker_3,1295,1788087117.109309,50,9.735000,1.096960
worker_3,1296,1788087117.119093,50,9.344033,1.097632
worker_3,1297,1788087117.128476,50,9.533285,1.096576
worker_3,1298,1788087117.138043,50,9.544638,1.097312
worker_3,1299,1788087117.147638,50,9.704324,1.098560
worker_3,1300,1788087117.157386,50,9.356931,1.098816
worker_3,1301,1788087117.166784,50,9.702481,1.098336
worker_3,1302,1788087117.176533,50,9.364053,1.096640
worker_3,1303,1788087117.185935,50,9.536267,1.099616
worker_3,1304,1788087117.195509,50,9.703648,1.099008
worker_3,1305,1788087117.205256,50,9.372044,1.097344
worker_3,1306,1788087117.214670,50,9.703250,1.098848
worker_3,1307,1788087117.224417,50,9.379904,1.097280
worker_3,1308,1788087117.233836,50,9.554832,1.095872
worker_3,1309,1788087117.243437,50,9.519248,1.103424
worker_3,1310,1788087117.252997,50,9.563397,1.098624
worker_3,1311,1788087117.262609,50,9.690195,1.097504
worker_3,1312,1788087117.272345,50,9.353812,1.097792
worker_3,1313,1788087117.281739,50,9.524266,1.096128
worker_3,1314,1788087117.291305,50,9.721815,1.098112
worker_3,1315,1788087117.301072,50,9.362580,1.098880
worker_3,1316,1788087117.310476,50,9.526861,1.096256
worker_3,1317,1788087117.320040,50,9.695685,1.096480
worker_3,1318,1788087117.329792,50,9.371784,1.098624
worker_3,1319,1788087117.339209,50,9.523897,1.097600
worker_3,1320,1788087117.348778,50,9.529562,1.097248
worker_3,1321,1788087117.358343,50,9.701491,1.096512
worker_3,1322,1788087117.368092,50,9.360700,1.098048
worker_3,1323,1788087117.377492,50,9.552193,1.098112
worker_3,1324,1788087117.387081,50,9.803343,1.096160
worker_3,1325,1788087117.396944,50,9.310709,1.098816
worker_3,1326,1788087117.406305,50,9.494165,1.097408
worker_3,1327,1788087117.415837,50,9.555703,1.097760
worker_3,1328,1788087117.425431,50,9.560276,1.097568
worker_3,1329,1788087117.435039,50,9.684130,1.097856
worker_3,1330,1788087117.444769,50,9.547222,1.098976
worker_3,1331,1788087117.454362,50,9.689111,1.097184
worker_3,1332,1788087117.464098,50,9.265644,1.097696
worker_3,1333,1788087117.473406,50,9.650906,1.097600
worker_3,1334,1788087117.483102,50,9.535684,1.096320
worker_3,1335,1788087117.492682,50,9.354470,1.095808
worker_3,1336,1788087117.502076,50,9.635111,1.095872
worker_3,1337,1788087117.511757,50,9.461174,1.101344
worker_3,1338,1788087117.521278,50,9.528740,1.097536
worker_3,1339,1788087117.530854,50,9.520961,1.096672
worker_3,1340,1788087117.540417,50,9.528768,1.095296
worker_3,1341,1788087117.549984,50,9.723491,1.098656
worker_3,1342,1788087117.559753,50,9.361034,1.099168
worker_3,1343,1788087117.569148,50,9.540017,1.096640
worker_3,1344,1788087117.578723,50,9.733093,1.099104
worker_3,1345,1788087117.588503,50,9.514045,1.096064
worker_3,1346,1788087117.598062,50,9.366497,1.097152
worker_3,1347,1788087117.607469,50,9.543314,1.100192
worker_3,1348,1788087117.617052,50,9.531684,1.095808
worker_3,1349,1788087117.626622,50,9.540574,1.095808
worker_3,1350,1788087117.636202,50,9.535851,1.099040
worker_3,1351,1788087117.645774,50,9.710787,1.096672
worker_3,1352,1788087117.655531,50,9.532240,1.096768
worker_3,1353,1788087117.665107,50,9.374913,1.096736
worker_3,1354,1788087117.674518,50,9.556295,1.098304
worker_3,1355,1788087117.684120,50,9.537303,1.110752
worker_3,1356,1788087117.693698,50,9.531332,1.097664
worker_3,1357,1788087117.703278,50,9.530916,1.098880
worker_3,1358,1788087117.712849,50,9.557749,1.098272
worker_3,1359,1788087117.722444,50,9.697222,1.098592
worker_3,1360,1788087117.732187,50,9.375071,1.103648
worker_3,1361,1788087117.741597,50,9.703158,1.096480
worker_3,1362,1788087117.751346,50,9.363904,1.098240
worker_3,1363,1788087117.760749,50,9.525702,1.097728
worker_3,1364,1788087117.770309,50,9.578712,1.098368
worker_3,1365,1788087117.779933,50,9.514517,1.097408
worker_3,1366,1788087117.789487,50,9.535452,1.097440
worker_3,1367,1788087117.799061,50,9.712797,1.097440
worker_3,1368,1788087117.808820,50,9.372784,1.096128
worker_3,1369,1788087117.818229,50,9.536017,1.098592
worker_3,1370,1788087117.827802,50,9.555313,1.096224
worker_3,1371,1788087117.837395,50,9.726360,1.096032
worker_3,1372,1788087117.847166,50,9.378914,1.095776
worker_3,1373,1788087117.856585,50,9.679315,1.096544
worker_3,1374,1788087117.866309,50,9.358951,1.099104
worker_3,1375,1788087117.875708,50,9.534878,1.099328
worker_3,1376,1788087117.885282,50,9.727306,1.098848
worker_3,1377,1788087117.895070,50,9.333877,1.096928
worker_3,1378,1788087117.904444,50,9.533980,1.096832
worker_3,1379,1788087117.914016,50,9.551638,1.096544
worker_3,1380,1788087117.923609,50,9.533386,1.098464
worker_3,1381,1788087117.933273,50,9.448535,1.097632
worker_3,1382,1788087117.942760,50,9.539258,1.096352
worker_3,1383,1788087117.952340,50,9.521164,1.096480
worker_3,1384,1788087117.961901,50,9.527525,1.098496
worker_3,1385,1788087117.971463,50,9.544758,1.098656
worker_3,1386,1788087117.981045,50,9.550674,1.097600
worker_3,1387,1788087117.990634,50,9.712592,1.096928
worker_3,1388,1788087118.000390,50,9.368581,1.096352
worker_3,1389,1788087118.009800,50,9.527314,1.097888
worker_3,1390,1788087118.019367,50,9.541610,1.101248
worker_3,1391,1788087118.028946,50,9.705685,1.096576
worker_3,1392,1788087118.038695,50,9.556082,1.098464
worker_3,1393,1788087118.048295,50,9.499610,1.096928
worker_3,1394,1788087118.057831,50,9.561462,1.096576
worker_3,1395,1788087118.067439,50,9.380229,1.096288
worker_3,1396,1788087118.076880,50,9.504045,1.098848
worker_3,1397,1788087118.086424,50,9.530342,1.095360
worker_3,1398,1788087118.095993,50,9.555424,1.102080
worker_3,1399,1788087118.105584,50,9.530611,1.096768
worker_3,1400,1788087118.115148,50,9.547137,1.103456
worker_3,1401,1788087118.124731,50,9.531740,1.098720
worker_3,1402,1788087118.134300,50,9.540860,1.097600
worker_3,1403,1788087118.143876,50,9.735936,1.097952
worker_3,1404,1788087118.153658,50,9.353552,1.098880
worker_3,1405,1788087118.163051,50,9.730259,1.099648
worker_3,1406,1788087118.172831,50,9.357285,1.099264
worker_3,1407,1788087118.182227,50,9.529897,1.098656
worker_3,1408,1788087118.191794,50,9.712092,1.097920
worker_3,1409,1788087118.201550,50,9.544424,1.098528
worker_3,1410,1788087118.211144,50,9.359219,1.097984
worker_3,1411,1788087118.220545,50,9.544908,1.097152
worker_3,1412,1788087118.230129,50,9.531823,1.097024
worker_3,1413,1788087118.239698,50,9.537499,1.100736
worker_3,1414,1788087118.249277,50,9.542812,1.098752
worker_3,1415,1788087118.258857,50,9.558740,1.098336
worker_3,1416,1788087118.268476,50,9.504045,1.098240
worker_3,1417,1788087118.278018,50,9.543860,1.098144
worker_3,1418,1788087118.287599,50,9.684370,1.099392
worker_3,1419,1788087118.297323,50,9.531072,1.098144
worker_3,1420,1788087118.306891,50,9.408201,1.098976
worker_3,1421,1788087118.316336,50,9.707194,1.097088
worker_3,1422,1788087118.326087,50,9.369395,1.098080
worker_3,1423,1788087118.335495,50,9.540971,1.097792
worker_3,1424,1788087118.345073,50,9.533220,1.097184
worker_3,1425,1788087118.354642,50,9.709427,1.096480
worker_3,1426,1788087118.364398,50,9.373451,1.099136
worker_3,1427,1788087118.373814,50,9.529842,1.096416
worker_3,1428,1788087118.383386,50,9.703269,1.100416
worker_3,1429,1788087118.393135,50,9.383794,1.096576
worker_3,1430,1788087118.402564,50,9.710454,1.095808
worker_3,1431,1788087118.412319,50,9.528008,1.096608
worker_3,1432,1788087118.421892,50,9.352868,1.095776
worker_3,1433,1788087118.431287,50,9.574415,1.100320
worker_3,1434,1788087118.440901,50,9.667176,1.098624
worker_3,1435,1788087118.450617,50,9.534248,1.097248
worker_3,1436,1788087118.460189,50,9.535618,1.097216
worker_3,1437,1788087118.469764,50,9.388570,1.095200
worker_3,1438,1788087118.479191,50,9.709101,1.097024
worker_3,1439,1788087118.488945,50,9.347951,1.095776
worker_3,1440,1788087118.498332,50,9.529952,1.096608
worker_3,1441,1788087118.507899,50,9.713019,1.096384
worker_3,1442,1788087118.517656,50,9.364238,1.098336
worker_3,1443,1788087118.527059,50,9.719259,1.098752
worker_3,1444,1788087118.536822,50,9.363293,1.098688
worker_3,1445,1788087118.546225,50,9.724722,1.097952
worker_3,1446,1788087118.555997,50,9.364302,1.096704
worker_3,1447,1788087118.565401,50,9.535359,1.096896
worker_3,1448,1788087118.574973,50,9.724481,1.100576
worker_3,1449,1788087118.584743,50,9.361432,1.096736
worker_3,1450,1788087118.594145,50,9.697657,1.098848
worker_3,1451,1788087118.603886,50,9.544406,1.095744
worker_3,1452,1788087118.613474,50,9.386867,1.100736
worker_3,1453,1788087118.622904,50,9.694056,1.097216
worker_3,1454,1788087118.632641,50,9.367200,1.096800
worker_3,1455,1788087118.642054,50,9.718333,1.096448
worker_3,1456,1788087118.651820,50,9.520601,1.100256
worker_3,1457,1788087118.661390,50,9.364517,1.096768
worker_3,1458,1788087118.670799,50,9.700796,1.099008
worker_3,1459,1788087118.680543,50,9.367025,1.096992
worker_3,1460,1788087118.689950,50,9.536629,1.095744
worker_3,1461,1788087118.699524,50,9.706640,1.099392
worker_3,1462,1788087118.709273,50,9.545731,1.098688
worker_3,1463,1788087118.718869,50,9.365811,1.096384
worker_3,1464,1788087118.728276,50,9.513313,1.099744
worker_3,1465,1788087118.737827,50,9.537584,1.096512
worker_3,1466,1788087118.747402,50,9.539999,1.100544
worker_3,1467,1788087118.756980,50,9.532193,1.095200
worker_3,1468,1788087118.766550,50,9.728834,1.097856
worker_3,1469,1788087118.776324,50,9.514240,1.098848
worker_3,1470,1788087118.785883,50,9.381506,1.098912
worker_3,1471,1788087118.795312,50,9.676666,1.098112
worker_3,1472,1788087118.805032,50,9.555601,1.096832
worker_3,1473,1788087118.814634,50,9.544481,1.098304
worker_3,1474,1788087118.824248,50,9.506564,1.099040
worker_3,1475,1788087118.833799,50,9.543554,1.096800
worker_3,1476,1788087118.843390,50,9.349377,1.096832
worker_3,1477,1788087118.852781,50,9.697685,1.098816
worker_3,1478,1788087118.862522,50,9.529332,1.096352
worker_3,1479,1788087118.872096,50,9.373275,1.098752
worker_3,1480,1788087118.881512,50,9.522590,1.097664
worker_3,1481,1788087118.891075,50,9.583332,1.106400
worker_3,1482,1788087118.900696,50,9.513555,1.098080
worker_3,1483,1788087118.910250,50,9.537869,1.095648
worker_3,1484,1788087118.919825,50,9.537767,1.097888
worker_3,1485,1788087118.929403,50,9.536193,1.096672
worker_3,1486,1788087118.938979,50,9.530787,1.100544
worker_3,1487,1788087118.948551,50,9.540758,1.096192
worker_3,1488,1788087118.958128,50,9.546591,1.097696
worker_3,1489,1788087118.967714,50,9.545813,1.098080
worker_3,1490,1788087118.977297,50,9.563397,1.100192
worker_3,1491,1788087118.986898,50,9.529008,1.096672
worker_3,1492,1788087118.996463,50,9.537786,1.097248
worker_3,1493,1788087119.006039,50,9.552591,1.098464
worker_3,1494,1788087119.015640,50,9.705334,1.097952
worker_3,1495,1788087119.025391,50,9.379683,1.097632
worker_3,1496,1788087119.034816,50,9.523138,1.098336
worker_3,1497,1788087119.044378,50,9.525443,1.097184
worker_3,1498,1788087119.053941,50,9.552527,1.096576
worker_3,1499,1788087119.063532,50,9.528897,1.101376
worker_3,1500,1788087119.073099,50,9.552443,1.098176
worker_3,1501,1788087119.082687,50,9.543027,1.098080
worker_3,1502,1788087119.092266,50,9.547489,1.096800
worker_3,1503,1788087119.101851,50,9.528803,1.096384
worker_3,1504,1788087119.111414,50,9.560943,1.098880
worker_3,1505,1788087119.121011,50,9.534138,1.097024
worker_3,1506,1788087119.130584,50,9.539730,1.097472
worker_3,1507,1788087119.140161,50,9.559702,1.100928
worker_3,1508,1788087119.149767,50,9.690333,1.097216
worker_3,1509,1788087119.159506,50,9.359831,1.099360
worker_3,1510,1788087119.168906,50,9.538508,1.098176
worker_3,1511,1788087119.178482,50,9.546304,1.097376
worker_3,1512,1788087119.188063,50,9.540174,1.097472
worker_3,1513,1788087119.197652,50,9.535369,1.096128
worker_3,1514,1788087119.207224,50,9.535423,1.098304
worker_3,1515,1788087119.216798,50,9.713870,1.098304
worker_3,1516,1788087119.226556,50,9.572620,1.097344
worker_3,1517,1788087119.236180,50,9.488101,1.099232
worker_3,1518,1788087119.245714,50,9.338322,1.098304
worker_3,1519,1788087119.255096,50,9.536452,1.101984
worker_3,1520,1788087119.264672,50,9.722343,1.098080
worker_3,1521,1788087119.274444,50,9.368053,1.098464
worker_3,1522,1788087119.283853,50,9.523795,1.101248
worker_3,1523,1788087119.293414,50,9.537637,1.096384
worker_3,1524,1788087119.302989,50,9.537351,1.099968
worker_3,1525,1788087119.312564,50,9.724426,1.097632
worker_3,1526,1788087119.322333,50,9.376227,1.097888
worker_3,1527,1788087119.331750,50,9.528999,1.097056
worker_3,1528,1788087119.341316,50,9.727325,1.098144
worker_3,1529,1788087119.351090,50,9.365646,1.096416
worker_3,1530,1788087119.360500,50,9.686889,1.098240
worker_3,1531,1788087119.370233,50,9.356367,1.096800
worker_3,1532,1788087119.379717,50,9.456554,1.098528
worker_3,1533,1788087119.389226,50,9.525638,1.098784
worker_3,1534,1788087119.398789,50,9.695324,1.096160
worker_3,1535,1788087119.408530,50,9.371619,1.097120
worker_3,1536,1788087119.417940,50,9.533286,1.096800
worker_3,1537,1788087119.427513,50,9.539415,1.096512
worker_3,1538,1788087119.437089,50,9.735362,1.098816
worker_3,1539,1788087119.446875,50,9.525333,1.096288
worker_3,1540,1788087119.456446,50,9.358284,1.103264
worker_3,1541,1788087119.465846,50,9.691333,1.097312
worker_3,1542,1788087119.475583,50,9.362202,1.099456
worker_3,1543,1788087119.484985,50,9.531619,1.097408
worker_3,1544,1788087119.494554,50,9.532332,1.097376
worker_3,1545,1788087119.504125,50,9.539452,1.096096
worker_3,1546,1788087119.513703,50,9.528555,1.096544
worker_3,1547,1788087119.523271,50,9.569453,1.100128
worker_3,1548,1788087119.532880,50,9.697954,1.097024
worker_3,1549,1788087119.542624,50,9.517729,1.096672
worker_3,1550,1788087119.552186,50,9.541916,1.105024
worker_3,1551,1788087119.561774,50,9.532203,1.098048
worker_3,1552,1788087119.571365,50,9.694833,1.097760
worker_3,1553,1788087119.581105,50,9.185024,1.096864
worker_3,1554,1788087119.590332,50,9.541435,1.098240
worker_3,1555,1788087119.599912,50,9.531628,1.096928
worker_3,1556,1788087119.609482,50,9.550971,1.098464
worker_3,1557,1788087119.619070,50,9.538869,1.100000
worker_3,1558,1788087119.628648,50,9.711621,1.096320
worker_3,1559,1788087119.638405,50,9.360691,1.096704
worker_3,1560,1788087119.647804,50,9.529805,1.096576
worker_3,1561,1788087119.657372,50,9.547666,1.100128
worker_3,1562,1788087119.666957,50,9.694528,1.099328
worker_3,1563,1788087119.676696,50,9.386627,1.097728
worker_3,1564,1788087119.686124,50,9.526406,1.098336
worker_3,1565,1788087119.695687,50,9.703816,1.097024
worker_3,1566,1788087119.705434,50,9.374016,1.101024
worker_3,1567,1788087119.714845,50,9.535610,1.097728
worker_3,1568,1788087119.724416,50,9.703491,1.097920
worker_3,1569,1788087119.734163,50,9.381581,1.096640
worker_3,1570,1788087119.743586,50,9.539397,1.103104
worker_3,1571,1788087119.753163,50,9.532804,1.097280
worker_3,1572,1788087119.762748,50,9.524952,1.098560
worker_3,1573,1788087119.772311,50,9.703713,1.097920
worker_3,1574,1788087119.782059,50,9.363339,1.096192
worker_3,1575,1788087119.791460,50,9.704175,1.097888
worker_3,1576,1788087119.801208,50,9.397544,1.098464
worker_3,1577,1788087119.810646,50,9.529249,1.097184
worker_3,1578,1788087119.820227,50,9.702166,1.097376
worker_3,1579,1788087119.829973,50,9.366311,1.098112
worker_3,1580,1788087119.839380,50,9.531629,1.097888
worker_3,1581,1788087119.848950,50,9.554517,1.097536
worker_3,1582,1788087119.858551,50,9.706500,1.098176
worker_3,1583,1788087119.868306,50,9.346793,1.098528
worker_3,1584,1788087119.877696,50,9.685517,1.096992
worker_3,1585,1788087119.887427,50,9.537739,1.099776
worker_3,1586,1788087119.897010,50,9.527405,1.101280
worker_3,1587,1788087119.906581,50,9.542361,1.096320
worker_3,1588,1788087119.916167,50,9.536118,1.096192
worker_3,1589,1788087119.925746,50,9.368460,1.098656
worker_3,1590,1788087119.935154,50,9.535026,1.100832
worker_3,1591,1788087119.944740,50,9.522693,1.097760
worker_3,1592,1788087119.954300,50,9.547989,1.095680
worker_3,1593,1788087119.963885,50,9.540128,1.096736
worker_3,1594,1788087119.973463,50,9.532405,1.096320
worker_3,1595,1788087119.983032,50,9.533101,1.096640
worker_3,1596,1788087119.992599,50,9.532869,1.096896
worker_3,1597,1788087120.002160,50,9.565304,1.098176
worker_3,1598,1788087120.011754,50,9.547880,1.096736
worker_3,1599,1788087120.021337,50,9.533731,1.097184
worker_3,1600,1788087120.030907,50,9.571767,1.102656
worker_3,1601,1788087120.040519,50,9.540851,1.097568
worker_3,1602,1788087120.050096,50,9.562425,1.096928
worker_3,1603,1788087120.059691,50,9.521183,1.096448
worker_3,1604,1788087120.069242,50,9.548758,1.098880
worker_3,1605,1788087120.078828,50,9.539860,1.096704
worker_3,1606,1788087120.088407,50,9.524220,1.097984
worker_3,1607,1788087120.097966,50,9.532896,1.097344
worker_3,1608,1788087120.107538,50,9.533610,1.100096
worker_3,1609,1788087120.117107,50,9.536637,1.097824
worker_3,1610,1788087120.126680,50,9.551897,1.097408
worker_3,1611,1788087120.136281,50,9.518897,1.098912
worker_3,1612,1788087120.145839,50,9.529452,1.096832
worker_3,1613,1788087120.155404,50,9.579036,1.098048
worker_3,1614,1788087120.165028,50,9.492907,1.096576
worker_3,1615,1788087120.174562,50,9.716332,1.098240
worker_3,1616,1788087120.184323,50,9.352563,1.098624
worker_3,1617,1788087120.193715,50,9.553056,1.106400
worker_3,1618,1788087120.203306,50,9.725853,1.098592
worker_3,1619,1788087120.213076,50,9.352192,1.097920
worker_3,1620,1788087120.222469,50,9.534054,1.098656
worker_3,1621,1788087120.232041,50,9.547453,1.097792
worker_3,1622,1788087120.241625,50,9.550814,1.096768
worker_3,1623,1788087120.251221,50,9.715372,1.099104
worker_3,1624,1788087120.260985,50,9.343914,1.097280
worker_3,1625,1788087120.270371,50,9.704325,1.097408
worker_3,1626,1788087120.280119,50,9.534045,1.096384
worker_3,1627,1788087120.289692,50,9.514628,1.098848
worker_3,1628,1788087120.299246,50,9.725186,1.096320
worker_3,1629,1788087120.309017,50,9.374433,1.097216
worker_3,1630,1788087120.318451,50,9.452674,1.097696
worker_3,1631,1788087120.327945,50,9.594906,1.098048
worker_3,1632,1788087120.337579,50,9.566629,1.096000
worker_3,1633,1788087120.347193,50,9.518988,1.097568
worker_3,1634,1788087120.356752,50,9.376784,1.094752
worker_3,1635,1788087120.366168,50,9.713020,1.096800
worker_3,1636,1788087120.375925,50,9.548315,1.102912
worker_3,1637,1788087120.385522,50,9.368358,1.100192
worker_3,1638,1788087120.394930,50,9.705389,1.101888
worker_3,1639,1788087120.404683,50,9.366516,1.096960
worker_3,1640,1788087120.414091,50,9.539684,1.097760
worker_3,1641,1788087120.423670,50,9.533268,1.098304
worker_3,1642,1788087120.433239,50,9.539295,1.097600
worker_3,1643,1788087120.442816,50,9.560869,1.098112
worker_3,1644,1788087120.452424,50,9.526869,1.098848
worker_3,1645,1788087120.461990,50,9.528397,1.098016
worker_3,1646,1788087120.471557,50,9.532408,1.102656
worker_3,1647,1788087120.481128,50,9.526156,1.096224
worker_3,1648,1788087120.490690,50,9.546971,1.097728
worker_3,1649,1788087120.500275,50,9.541463,1.097792
worker_3,1650,1788087120.509860,50,9.529156,1.097696
worker_3,1651,1788087120.519425,50,9.549155,1.099840
worker_3,1652,1788087120.529010,50,9.531248,1.097504
worker_3,1653,1788087120.538579,50,9.697268,1.098304
worker_3,1654,1788087120.548314,50,9.555554,1.097600
worker_3,1655,1788087120.557908,50,9.710018,1.096864
worker_3,1656,1788087120.567662,50,9.365182,1.099392
worker_3,1657,1788087120.577066,50,9.536128,1.097664
worker_3,1658,1788087120.586641,50,9.531461,1.098848
worker_3,1659,1788087120.596210,50,9.539907,1.097888
worker_3,1660,1788087120.605802,50,9.447933,1.097024
worker_3,1661,1788087120.615288,50,9.491841,1.099648
worker_3,1662,1788087120.624820,50,9.535489,1.097760
worker_3,1663,1788087120.634392,50,9.525943,1.096640
worker_3,1664,1788087120.643955,50,9.543582,1.100384
worker_3,1665,1788087120.653535,50,9.717046,1.098176
worker_3,1666,1788087120.663295,50,9.360830,1.098400
worker_3,1667,1788087120.672694,50,9.544452,1.097856
worker_3,1668,1788087120.682283,50,9.516962,1.098400
worker_3,1669,1788087120.691851,50,9.687971,1.098912
worker_3,1670,1788087120.701584,50,9.378987,1.097824
worker_3,1671,1788087120.711010,50,9.516915,1.096832
worker_3,1672,1788087120.720564,50,9.535814,1.095936
worker_3,1673,1788087120.730138,50,9.532600,1.098528
worker_3,1674,1788087120.739711,50,9.563804,1.097632
worker_3,1675,1788087120.749321,50,9.547980,1.097088
worker_3,1676,1788087120.758917,50,9.484008,1.098400
worker_3,1677,1788087120.768441,50,9.541202,1.096096
worker_3,1678,1788087120.778020,50,9.533155,1.096832
worker_3,1679,1788087120.787590,50,9.551360,1.097600
worker_3,1680,1788087120.797180,50,9.867789,1.097632
worker_3,1681,1788087120.807096,50,9.335238,1.098432
worker_3,1682,1788087120.816469,50,9.572184,1.097792
worker_3,1683,1788087120.826175,50,9.460786,1.097184
worker_3,1684,1788087120.835675,50,9.700695,1.097568
worker_3,1685,1788087120.845421,50,9.401989,1.096736
worker_3,1686,1788087120.854867,50,9.520156,1.097376
worker_3,1687,1788087120.864435,50,9.520887,1.097664
worker_3,1688,1788087120.873995,50,9.372608,1.097472
worker_3,1689,1788087120.883425,50,9.515516,1.098272
worker_3,1690,1788087120.892977,50,9.544231,1.099776
worker_3,1691,1788087120.902558,50,9.713825,1.097920
worker_3,1692,1788087120.912315,50,9.382813,1.102496
worker_3,1693,1788087120.921736,50,9.688612,1.099552
worker_3,1694,1788087120.931464,50,9.570036,1.098976
worker_3,1695,1788087120.941070,50,9.705695,1.097888
worker_3,1696,1788087120.950819,50,9.372433,1.098368
worker_3,1697,1788087120.960239,50,9.521128,1.097856
worker_3,1698,1788087120.969797,50,9.545323,1.098272
worker_3,1699,1788087120.979378,50,9.505414,1.097952
worker_3,1700,1788087120.988919,50,9.423119,1.096256
worker_3,1701,1788087120.998376,50,9.541712,1.096928
worker_3,1702,1788087121.007955,50,9.551314,1.097056
worker_3,1703,1788087121.017542,50,9.661814,1.096480
worker_3,1704,1788087121.027242,50,9.419332,1.097920
worker_3,1705,1788087121.036698,50,9.710602,1.097184
worker_3,1706,1788087121.046452,50,9.382026,1.098688
worker_3,1707,1788087121.055880,50,9.864973,1.097376
worker_3,1708,1788087121.065801,50,9.292081,1.097920
worker_3,1709,1788087121.075135,50,9.461314,1.097088
worker_3,1710,1788087121.084634,50,9.665241,1.097312
worker_3,1711,1788087121.094336,50,9.538554,1.096928
worker_3,1712,1788087121.103911,50,9.558222,1.098272
worker_3,1713,1788087121.113504,50,9.518628,1.096032
worker_3,1714,1788087121.123058,50,9.581805,1.097344
worker_3,1715,1788087121.132677,50,9.542212,1.098624
worker_3,1716,1788087121.142263,50,9.395044,1.097216
worker_3,1717,1788087121.151698,50,9.554527,1.100256
worker_3,1718,1788087121.161299,50,9.689851,1.097856
worker_3,1719,1788087121.171035,50,9.364755,1.097408
worker_3,1720,1788087121.180446,50,9.513859,1.096704
worker_3,1721,1788087121.190000,50,9.523582,1.096640
worker_3,1722,1788087121.199557,50,9.691416,1.097216
worker_3,1723,1788087121.209288,50,9.423719,1.098400
worker_3,1724,1788087121.218747,50,9.673259,1.099552
worker_3,1725,1788087121.228457,50,9.513841,1.100736
worker_3,1726,1788087121.238007,50,9.568804,1.098464
worker_3,1727,1788087121.247614,50,9.390618,1.101472
worker_3,1728,1788087121.257055,50,9.516489,1.096704
worker_3,1729,1788087121.266605,50,9.563341,1.096896
worker_3,1730,1788087121.276232,50,9.496119,1.098048
worker_3,1731,1788087121.285766,50,9.535203,1.097728
worker_3,1732,1788087121.295337,50,9.547637,1.097728
worker_3,1733,1788087121.304925,50,9.582517,1.096768
worker_3,1734,1788087121.314544,50,9.699499,1.096928
worker_3,1735,1788087121.324285,50,9.738555,1.101120
worker_3,1736,1788087121.334067,50,9.360153,1.095808
worker_3,1737,1788087121.343472,50,9.394165,1.103328
worker_3,1738,1788087121.352907,50,9.527341,1.097568
worker_3,1739,1788087121.362472,50,9.565461,1.098720
worker_3,1740,1788087121.372082,50,9.512453,1.098208
worker_3,1741,1788087121.381633,50,9.533888,1.098240
worker_3,1742,1788087121.391205,50,9.564591,1.098240
worker_3,1743,1788087121.400814,50,9.675018,1.098624
worker_3,1744,1788087121.410533,50,9.376035,1.097440
worker_3,1745,1788087121.419952,50,9.534249,1.101888
worker_3,1746,1788087121.429528,50,9.544601,1.097024
worker_3,1747,1788087121.439127,50,9.659843,1.096160
worker_3,1748,1788087121.448826,50,9.543758,1.096352
worker_3,1749,1788087121.458405,50,9.563296,1.097024
worker_3,1750,1788087121.468005,50,9.725695,1.097792
worker_3,1751,1788087121.477775,50,9.352376,1.098176
worker_3,1752,1788087121.487169,50,9.596556,1.096448
worker_3,1753,1788087121.496809,50,9.519712,1.097760
worker_3,1754,1788087121.506370,50,9.337489,1.098304
worker_3,1755,1788087121.515745,50,9.545897,1.098080
worker_3,1756,1788087121.525334,50,9.509119,1.098080
worker_3,1757,1788087121.534872,50,9.545683,1.098496
worker_3,1758,1788087121.544439,50,9.561573,1.097376
worker_3,1759,1788087121.554021,50,9.568028,1.102432
worker_3,1760,1788087121.563606,50,9.903724,1.097152
worker_3,1761,1788087121.573557,50,9.455701,1.096768
worker_3,1762,1788087121.583061,50,9.624056,1.096832
worker_3,1763,1788087121.592734,50,9.536091,1.097504
worker_3,1764,1788087121.602319,50,9.331247,1.097792
worker_3,1765,1788087121.611683,50,9.588389,1.099488
worker_3,1766,1788087121.621319,50,9.480554,1.099104
worker_3,1767,1788087121.630842,50,9.655213,1.096800
worker_3,1768,1788087121.640549,50,9.371729,1.096608
worker_3,1769,1788087121.649955,50,9.449868,1.095456
worker_3,1770,1788087121.659437,50,9.542351,1.101472
worker_3,1771,1788087121.669001,50,9.758177,1.096352
worker_3,1772,1788087121.678809,50,9.351230,1.096352
worker_3,1773,1788087121.688197,50,9.532379,1.099968
worker_3,1774,1788087121.697755,50,9.760028,1.098144
worker_3,1775,1788087121.707569,50,9.332923,1.101216
worker_3,1776,1788087121.716935,50,9.585388,1.097408
worker_3,1777,1788087121.726571,50,9.460016,1.096096
worker_3,1778,1788087121.736059,50,9.569166,1.110880
worker_3,1779,1788087121.745648,50,9.573276,1.096576
worker_3,1780,1788087121.755246,50,9.540684,1.097792
worker_3,1781,1788087121.764811,50,9.576064,1.101216
worker_3,1782,1788087121.774408,50,9.537221,1.096320
worker_3,1783,1788087121.783972,50,9.629222,1.103712
worker_3,1784,1788087121.793626,50,9.490897,1.098688
worker_3,1785,1788087121.803135,50,9.575962,1.096512
worker_3,1786,1788087121.812750,50,9.519267,1.096896
worker_3,1787,1788087121.822287,50,9.779566,1.098336
worker_3,1788,1788087121.832117,50,9.625498,1.101376
worker_3,1789,1788087121.841793,50,9.589184,1.097248
worker_3,1790,1788087121.851431,50,9.548240,1.099264
worker_3,1791,1788087121.861030,50,9.531850,1.098112
worker_3,1792,1788087121.870611,50,9.383582,1.097184
worker_3,1793,1788087121.880043,50,9.668538,1.096512
worker_3,1794,1788087121.889760,50,9.201301,1.096992
worker_3,1795,1788087121.898988,50,9.525415,1.098560
worker_3,1796,1788087121.908534,50,9.559676,1.096992
worker_3,1797,1788087121.918113,50,9.563591,1.097792
worker_3,1798,1788087121.927695,50,9.555517,1.098784
worker_3,1799,1788087121.937267,50,9.792259,1.097280
worker_3,1800,1788087121.947109,50,9.470341,1.098304
worker_3,1801,1788087121.956605,50,9.556276,1.098208
worker_3,1802,1788087121.966179,50,9.612980,1.098272
worker_3,1803,1788087121.975841,50,9.325005,1.096416
worker_3,1804,1788087121.985192,50,9.745222,1.097632
worker_3,1805,1788087121.994986,50,9.338117,1.100704
worker_3,1806,1788087122.004363,50,9.544980,1.095808
worker_3,1807,1788087122.013928,50,9.554054,1.098592
worker_3,1808,1788087122.023501,50,9.564092,1.099360
worker_3,1809,1788087122.033084,50,9.550990,1.098304
worker_3,1810,1788087122.042652,50,9.571656,1.097824
worker_3,1811,1788087122.052243,50,9.775844,1.098560
worker_3,1812,1788087122.062068,50,9.521230,1.098304
worker_3,1813,1788087122.071640,50,9.544674,1.100672
worker_3,1814,1788087122.081233,50,9.458192,1.097248
worker_3,1815,1788087122.090716,50,9.545406,1.097760
worker_3,1816,1788087122.100281,50,9.624739,1.101984
worker_3,1817,1788087122.109956,50,9.326024,1.098784
worker_3,1818,1788087122.119307,50,9.759148,1.096480
worker_3,1819,1788087122.129118,50,9.538230,1.097568
worker_3,1820,1788087122.138705,50,9.535665,1.095872
worker_3,1821,1788087122.148291,50,9.307505,1.096192
worker_3,1822,1788087122.157626,50,9.754695,1.096288
worker_3,1823,1788087122.167432,50,9.312996,1.098304
worker_3,1824,1788087122.176772,50,9.542739,1.097728
worker_3,1825,1788087122.186347,50,9.561036,1.097920
worker_3,1826,1788087122.195928,50,9.556666,1.097568
worker_3,1827,1788087122.205503,50,9.557832,1.098688
worker_3,1828,1788087122.215078,50,9.557564,1.095936
worker_3,1829,1788087122.224652,50,9.762529,1.096000
worker_3,1830,1788087122.234466,50,9.324460,1.096384
worker_3,1831,1788087122.243821,50,9.751834,1.096704
worker_3,1832,1788087122.253624,50,9.325460,1.098272
worker_3,1833,1788087122.262976,50,9.777723,1.106784
worker_3,1834,1788087122.272938,50,9.383044,1.096576
worker_3,1835,1788087122.282373,50,9.541248,1.098496
worker_3,1836,1788087122.291999,50,9.495276,1.101120
worker_3,1837,1788087122.301545,50,9.524537,1.097792
worker_3,1838,1788087122.311118,50,9.548378,1.100320
worker_3,1839,1788087122.320716,50,9.536499,1.098016
worker_3,1840,1788087122.330303,50,9.647083,1.096352
worker_3,1841,1788087122.339999,50,9.366054,1.096416
worker_3,1842,1788087122.349393,50,9.595074,1.098208
worker_3,1843,1788087122.359037,50,9.542897,1.098880
worker_3,1844,1788087122.368629,50,9.313551,1.096736
worker_3,1845,1788087122.377982,50,9.528267,1.098272
worker_3,1846,1788087122.387530,50,9.557638,1.096512
worker_3,1847,1788087122.397104,50,9.617185,1.098624
worker_3,1848,1788087122.406774,50,9.663612,1.097600
worker_3,1849,1788087122.416487,50,9.523165,1.097504
worker_3,1850,1788087122.426059,50,9.528573,1.098880
worker_3,1851,1788087122.435637,50,9.531508,1.097984
worker_3,1852,1788087122.445218,50,9.537712,1.098400
worker_3,1853,1788087122.454805,50,9.501294,1.097280
worker_3,1854,1788087122.464333,50,9.545277,1.100608
worker_3,1855,1788087122.473896,50,9.769381,1.097952
worker_3,1856,1788087122.483715,50,9.167459,1.101184
worker_3,1857,1788087122.492909,50,9.541499,1.098304
worker_3,1858,1788087122.502470,50,9.779102,1.096800
worker_3,1859,1788087122.512300,50,9.517221,1.098144
worker_3,1860,1788087122.521867,50,9.321636,1.098560
worker_3,1861,1788087122.531215,50,9.542610,1.096704
worker_3,1862,1788087122.540777,50,9.551073,1.099232
worker_3,1863,1788087122.550347,50,9.822705,1.097568
worker_3,1864,1788087122.560245,50,9.468388,1.096416
worker_3,1865,1788087122.569765,50,9.520369,1.097600
worker_3,1866,1788087122.579334,50,9.319246,1.098208
worker_3,1867,1788087122.588679,50,9.546323,1.099360
worker_3,1868,1788087122.598243,50,9.763047,1.096704
worker_3,1869,1788087122.608056,50,9.527906,1.097408
worker_3,1870,1788087122.617634,50,9.526443,1.097632
worker_3,1871,1788087122.627210,50,9.338905,1.100928
worker_3,1872,1788087122.636575,50,9.751472,1.096832
worker_3,1873,1788087122.646379,50,9.344348,1.095680
worker_3,1874,1788087122.655752,50,9.745825,1.096768
worker_3,1875,1788087122.665550,50,9.534156,1.099072
worker_3,1876,1788087122.675134,50,9.522703,1.096608
worker_3,1877,1788087122.684705,50,9.337673,1.098080
worker_3,1878,1788087122.694068,50,9.536156,1.098144
worker_3,1879,1788087122.703622,50,9.774668,1.097984
worker_3,1880,1788087122.713447,50,9.528100,1.096320
worker_3,1881,1788087122.723025,50,9.521526,1.097248
worker_3,1882,1788087122.732597,50,9.532739,1.096832
worker_3,1883,1788087122.742179,50,9.513175,1.096096
worker_3,1884,1788087122.751753,50,9.312996,1.095712
worker_3,1885,1788087122.761092,50,9.538610,1.096832
worker_3,1886,1788087122.770652,50,9.621240,1.098656
worker_3,1887,1788087122.780329,50,9.456063,1.097824
worker_3,1888,1788087122.789813,50,9.545628,1.096960
worker_3,1889,1788087122.799379,50,9.758029,1.100064
worker_3,1890,1788087122.809186,50,9.333961,1.096480
worker_3,1891,1788087122.818545,50,9.621722,1.097312
worker_3,1892,1788087122.828234,50,9.607528,1.097632
worker_3,1893,1788087122.837868,50,9.560221,1.098944
worker_3,1894,1788087122.847447,50,9.610157,1.098400
worker_3,1895,1788087122.857107,50,9.562472,1.096160
worker_3,1896,1788087122.866719,50,9.532406,1.095360
worker_3,1897,1788087122.876301,50,9.532417,1.097376
worker_3,1898,1788087122.885884,50,9.530416,1.100224
worker_3,1899,1788087122.895464,50,9.451276,1.096032
worker_3,1900,1788087122.904964,50,9.593204,1.096352
worker_3,1901,1788087122.914608,50,9.520323,1.097920
worker_3,1902,1788087122.924177,50,9.344312,1.109984
worker_3,1903,1788087122.933567,50,9.525563,1.097504
worker_3,1904,1788087122.943112,50,9.772880,1.098784
worker_3,1905,1788087122.952932,50,9.512231,1.096352
worker_3,1906,1788087122.962493,50,9.526786,1.097792
worker_3,1907,1788087122.972070,50,9.336172,1.106400
worker_3,1908,1788087122.981433,50,9.538184,1.095776
worker_3,1909,1788087122.990990,50,9.765695,1.098208
worker_3,1910,1788087123.000808,50,9.525184,1.098496
worker_3,1911,1788087123.010383,50,9.350627,1.097120
worker_3,1912,1788087123.019759,50,9.538368,1.097312
worker_3,1913,1788087123.029318,50,9.557082,1.096960
worker_3,1914,1788087123.038895,50,9.551443,1.100928
worker_3,1915,1788087123.048463,50,9.581907,1.097120
worker_3,1916,1788087123.058070,50,9.543305,1.096896
worker_3,1917,1788087123.067634,50,9.586379,1.098912
worker_3,1918,1788087123.077239,50,9.770825,1.097376
worker_3,1919,1788087123.087059,50,9.401720,1.096064
worker_3,1920,1788087123.096512,50,9.657537,1.096032
worker_3,1921,1788087123.106220,50,9.336887,1.099552
worker_3,1922,1788087123.115583,50,9.749074,1.098592
worker_3,1923,1788087123.125396,50,9.335126,1.099456
worker_3,1924,1788087123.134759,50,9.745584,1.096896
worker_3,1925,1788087123.144555,50,9.515138,1.097120
worker_3,1926,1788087123.154121,50,9.378118,1.096928
worker_3,1927,1788087123.163553,50,9.472434,1.099040
worker_3,1928,1788087123.173053,50,9.541638,1.096864
worker_3,1929,1788087123.182615,50,9.563703,1.099360
worker_3,1930,1788087123.192197,50,9.545647,1.096576
worker_3,1931,1788087123.201761,50,9.569378,1.097152
worker_3,1932,1788087123.211348,50,9.793706,1.098560
worker_3,1933,1788087123.221192,50,9.516397,1.097952
worker_3,1934,1788087123.230758,50,9.545147,1.097920
worker_3,1935,1788087123.240352,50,9.519758,1.096608
worker_3,1936,1788087123.249921,50,9.564554,1.097504
worker_3,1937,1788087123.259535,50,9.509998,1.098112
worker_3,1938,1788087123.269094,50,9.319070,1.097664
worker_3,1939,1788087123.278440,50,9.745666,1.098432
worker_3,1940,1788087123.288251,50,9.322848,1.098560
worker_3,1941,1788087123.297602,50,9.750203,1.097824
worker_3,1942,1788087123.307415,50,9.521757,1.098656
worker_3,1943,1788087123.316986,50,9.339988,1.097632
worker_3,1944,1788087123.326353,50,9.536146,1.098560
worker_3,1945,1788087123.335908,50,9.829649,1.097632
worker_3,1946,1788087123.345788,50,9.426627,1.097088
worker_3,1947,1788087123.355242,50,9.595046,1.099136
worker_3,1948,1788087123.364889,50,9.331599,1.099008
worker_3,1949,1788087123.374248,50,9.756852,1.095776
worker_3,1950,1788087123.384054,50,9.540675,1.096992
worker_3,1951,1788087123.393646,50,9.322867,1.097312
worker_3,1952,1788087123.402995,50,9.594916,1.097472
worker_3,1953,1788087123.412691,50,9.425053,1.096800
worker_3,1954,1788087123.422143,50,9.548535,1.098880
worker_3,1955,1788087123.431711,50,9.760760,1.098816
worker_3,1956,1788087123.441522,50,9.553499,1.097376
worker_3,1957,1788087123.451125,50,9.326700,1.097280
worker_3,1958,1788087123.460477,50,9.970734,1.097312
worker_3,1959,1788087123.470499,50,9.332533,1.095936
worker_3,1960,1788087123.479881,50,9.530008,1.098752
worker_3,1961,1788087123.489461,50,9.318857,1.096448
worker_3,1962,1788087123.498825,50,9.736103,1.097696
worker_3,1963,1788087123.508610,50,9.531119,1.096576
worker_3,1964,1788087123.518191,50,9.342182,1.097344
worker_3,1965,1788087123.527560,50,9.598305,1.096928
worker_3,1966,1788087123.537210,50,9.672288,1.098240
worker_3,1967,1788087123.546932,50,9.528813,1.097120
worker_3,1968,1788087123.556509,50,9.329544,1.097440
worker_3,1969,1788087123.565864,50,9.759334,1.098208
worker_3,1970,1788087123.575671,50,9.338989,1.097728
worker_3,1971,1788087123.585036,50,9.804658,1.097920
worker_3,1972,1788087123.594891,50,9.274257,1.096384
worker_3,1973,1788087123.604191,50,9.566193,1.101312
worker_3,1974,1788087123.613780,50,9.756677,1.097984
worker_3,1975,1788087123.623587,50,9.340600,1.099232
worker_3,1976,1788087123.632955,50,9.534120,1.096000
worker_3,1977,1788087123.642509,50,9.772917,1.098400
worker_3,1978,1788087123.652332,50,9.351534,1.096544
worker_3,1979,1788087123.661736,50,9.673982,1.099456
worker_3,1980,1788087123.671460,50,9.570000,1.096384
worker_3,1981,1788087123.681092,50,9.268839,1.098784
worker_3,1982,1788087123.690391,50,9.541397,1.098752
worker_3,1983,1788087123.699953,50,9.775640,1.098048
worker_3,1984,1788087123.709777,50,9.576693,1.101312
worker_3,1985,1788087123.719501,50,9.393757,1.097920
worker_3,1986,1788087123.728944,50,9.527814,1.098432
worker_3,1987,1788087123.738521,50,9.519675,1.096224
worker_3,1988,1788087123.748090,50,9.534972,1.099872
worker_3,1989,1788087123.757675,50,9.581573,1.096832
worker_3,1990,1788087123.767308,50,9.469452,1.097120
worker_3,1991,1788087123.776826,50,9.328665,1.097792
worker_3,1992,1788087123.786182,50,9.551952,1.096288
worker_3,1993,1788087123.795756,50,9.553564,1.098464
worker_3,1994,1788087123.805328,50,9.560119,1.096288
worker_3,1995,1788087123.814905,50,9.557647,1.096800
worker_3,1996,1788087123.824480,50,9.774594,1.098944
worker_3,1997,1788087123.834305,50,9.330015,1.098592
worker_3,1998,1788087123.843662,50,9.568435,1.097920
worker_3,1999,1788087123.853250,50,9.556971,1.099136
worker_3,2000,1788087123.862824,50,9.770520,1.100096
worker_3,2001,1788087123.872660,50,9.506962,1.097536
worker_3,2002,1788087123.882217,50,9.547267,1.098016
worker_3,2003,1788087123.891814,50,9.526656,1.097664
worker_3,2004,1788087123.901390,50,9.551406,1.098880
worker_3,2005,1788087123.910994,50,9.521867,1.098368
worker_3,2006,1788087123.920566,50,9.529285,1.097792
worker_3,2007,1788087123.930145,50,9.324349,1.096384
worker_3,2008,1788087123.939497,50,9.756963,1.099616
worker_3,2009,1788087123.949306,50,9.519564,1.096800
worker_3,2010,1788087123.958874,50,9.554730,1.099456
worker_3,2011,1788087123.968477,50,9.323098,1.097632
worker_3,2012,1788087123.977828,50,9.541925,1.097760
worker_3,2013,1788087123.987389,50,9.763685,1.097568
worker_3,2014,1788087123.997202,50,9.327580,1.098272
worker_3,2015,1788087124.006559,50,9.747445,1.098336
worker_3,2016,1788087124.016356,50,9.541647,1.099168
worker_3,2017,1788087124.025949,50,9.315489,1.096352
worker_3,2018,1788087124.035291,50,9.541749,1.098144
worker_3,2019,1788087124.044854,50,9.571461,1.097280
worker_3,2020,1788087124.054459,50,9.546063,1.098720
worker_3,2021,1788087124.064022,50,9.575683,1.097152
worker_3,2022,1788087124.073615,50,9.554435,1.100320
worker_3,2023,1788087124.083184,50,9.561702,1.097312
worker_3,2024,1788087124.092763,50,9.775075,1.098688
worker_3,2025,1788087124.102589,50,9.523101,1.095616
worker_3,2026,1788087124.112161,50,9.522109,1.096960
worker_3,2027,1788087124.121733,50,9.333016,1.099008
worker_3,2028,1788087124.131091,50,9.751992,1.098208
worker_3,2029,1788087124.140894,50,9.521203,1.097280
worker_3,2030,1788087124.150464,50,9.380803,1.098688
worker_3,2031,1788087124.159896,50,9.467887,1.096416
worker_3,2032,1788087124.169392,50,9.758047,1.098336
worker_3,2033,1788087124.179200,50,9.319275,1.097632
worker_3,2034,1788087124.188546,50,9.561648,1.098368
worker_3,2035,1788087124.198128,50,9.554453,1.097760
worker_3,2036,1788087124.207700,50,9.779853,1.096000
worker_3,2037,1788087124.217531,50,9.331756,1.099520
worker_3,2038,1788087124.226892,50,9.768232,1.104800
worker_3,2039,1788087124.236710,50,9.330987,1.097824
worker_3,2040,1788087124.246081,50,9.736788,1.096736
worker_3,2041,1788087124.255867,50,9.520526,1.096576
worker_3,2042,1788087124.265437,50,9.325691,1.098464
worker_3,2043,1788087124.274790,50,9.748038,1.097568
worker_3,2044,1788087124.284588,50,9.322174,1.097600
worker_3,2045,1788087124.293938,50,9.781835,1.098080
worker_3,2046,1788087124.303768,50,9.522451,1.096640
worker_3,2047,1788087124.313340,50,9.520359,1.096928
worker_3,2048,1788087124.322910,50,9.328062,1.098848
worker_3,2049,1788087124.332265,50,9.748575,1.097664
worker_3,2050,1788087124.342065,50,9.525804,1.097920
worker_3,2051,1788087124.351640,50,9.542110,1.103904
worker_3,2052,1788087124.361230,50,9.577536,1.099040
worker_3,2053,1788087124.370856,50,9.486831,1.096608
worker_3,2054,1788087124.380393,50,9.322210,1.097376
worker_3,2055,1788087124.389741,50,9.537776,1.097664
worker_3,2056,1788087124.399299,50,9.613592,1.097760
worker_3,2057,1788087124.408962,50,9.690001,1.098688
worker_3,2058,1788087124.418703,50,9.322136,1.096064
worker_3,2059,1788087124.428063,50,9.750946,1.104096
worker_3,2060,1788087124.437863,50,9.529527,1.095872
worker_3,2061,1788087124.447443,50,9.333052,1.099040
worker_3,2062,1788087124.456803,50,9.750677,1.097664
worker_3,2063,1788087124.466603,50,9.533998,1.096736
worker_3,2064,1788087124.476184,50,9.331858,1.105632
worker_3,2065,1788087124.485541,50,9.545211,1.097696
worker_3,2066,1788087124.495105,50,9.759714,1.095744
worker_3,2067,1788087124.504912,50,9.520989,1.097792
worker_3,2068,1788087124.514483,50,9.398877,1.097216
worker_3,2069,1788087124.523933,50,9.672934,1.097312
worker_3,2070,1788087124.533654,50,9.528536,1.096928
worker_3,2071,1788087124.543232,50,9.517832,1.097184
worker_3,2072,1788087124.552799,50,9.315969,1.097728
worker_3,2073,1788087124.562141,50,9.764278,1.097504
worker_3,2074,1788087124.571955,50,9.531647,1.099424
worker_3,2075,1788087124.581534,50,9.526767,1.097024
worker_3,2076,1788087124.591111,50,9.544711,1.097184
worker_3,2077,1788087124.600706,50,9.532924,1.097120
worker_3,2078,1788087124.610288,50,9.340052,1.097760
worker_3,2079,1788087124.619669,50,9.732454,1.098688
worker_3,2080,1788087124.629451,50,9.314803,1.097760
worker_3,2081,1788087124.638792,50,9.765528,1.104704
worker_3,2082,1788087124.648610,50,9.503897,1.096128
worker_3,2083,1788087124.658164,50,9.404988,1.097024
worker_3,2084,1788087124.667621,50,9.474433,1.100544
worker_3,2085,1788087124.677123,50,9.760269,1.096544
worker_3,2086,1788087124.686934,50,9.533804,1.096224
worker_3,2087,1788087124.696516,50,9.317543,1.098144
worker_3,2088,1788087124.705860,50,9.737806,1.096768
