label,batch,start_unix_s,operations,wall_ms,cuda_batch_ms
worker_4,0,1788087104.712581,50,6.107053,1.101088
worker_4,1,1788087104.718736,50,8.454758,1.097856
worker_4,2,1788087104.727221,50,9.544627,1.096384
worker_4,3,1788087104.736787,50,9.548266,1.096736
worker_4,4,1788087104.746355,50,9.554859,1.096352
worker_4,5,1788087104.755930,50,9.551249,1.097792
worker_4,6,1788087104.765499,50,9.555767,1.096672
worker_4,7,1788087104.775073,50,9.554906,1.096736
worker_4,8,1788087104.784646,50,9.563934,1.097344
worker_4,9,1788087104.794227,50,9.558035,1.096128
worker_4,10,1788087104.803813,50,9.559609,1.096960
worker_4,11,1788087104.813391,50,9.572128,1.097248
worker_4,12,1788087104.822981,50,9.567063,1.096608
worker_4,13,1788087104.832566,50,9.567350,1.097152
worker_4,14,1788087104.842151,50,9.557230,1.097440
worker_4,15,1788087104.851724,50,9.570433,1.103968
worker_4,16,1788087104.861318,50,9.544035,1.097824
worker_4,17,1788087104.870884,50,9.557054,1.103424
worker_4,18,1788087104.880459,50,9.585240,1.096704
worker_4,19,1788087104.890067,50,9.548888,1.096224
worker_4,20,1788087104.899635,50,9.587175,1.096000
worker_4,21,1788087104.909241,50,9.562953,1.097248
worker_4,22,1788087104.918824,50,9.545201,1.096032
worker_4,23,1788087104.928388,50,9.551869,1.096864
worker_4,24,1788087104.937958,50,9.562878,1.096960
worker_4,25,1788087104.947538,50,9.559268,1.101888
worker_4,26,1788087104.957114,50,9.559267,1.097952
worker_4,27,1788087104.966690,50,9.564453,1.098464
worker_4,28,1788087104.976270,50,9.564795,1.097760
worker_4,29,1788087104.985863,50,9.554091,1.097376
worker_4,30,1788087104.995434,50,9.572407,1.100128
worker_4,31,1788087105.005023,50,9.576055,1.098240
worker_4,32,1788087105.014617,50,9.564906,1.097504
worker_4,33,1788087105.024198,50,9.563861,1.098752
worker_4,34,1788087105.033779,50,9.564443,1.097024
worker_4,35,1788087105.043359,50,9.560962,1.097408
worker_4,36,1788087105.052936,50,9.559879,1.098080
worker_4,37,1788087105.062512,50,9.563082,1.097760
worker_4,38,1788087105.072091,50,9.578600,1.101728
worker_4,39,1788087105.081686,50,9.578842,1.097120
worker_4,40,1788087105.091288,50,9.578647,1.101184
worker_4,41,1788087105.100886,50,9.550388,1.095616
worker_4,42,1788087105.110455,50,9.576815,1.097728
worker_4,43,1788087105.120047,50,9.556434,1.097792
worker_4,44,1788087105.129621,50,9.577582,1.096480
worker_4,45,1788087105.139214,50,9.560712,1.097120
worker_4,46,1788087105.148791,50,9.561026,1.098144
worker_4,47,1788087105.158368,50,9.573952,1.096480
worker_4,48,1788087105.167957,50,9.578065,1.103168
worker_4,49,1788087105.177562,50,9.562174,1.097760
worker_4,50,1788087105.187150,50,9.545767,1.097824
worker_4,51,1788087105.196714,50,9.548944,1.097856
worker_4,52,1788087105.206284,50,9.570925,1.096896
worker_4,53,1788087105.215872,50,9.562915,1.100128
worker_4,54,1788087105.225451,50,9.564878,1.095840
worker_4,55,1788087105.235033,50,9.552943,1.096128
worker_4,56,1788087105.244602,50,9.567962,1.096544
worker_4,57,1788087105.254186,50,9.570498,1.097696
worker_4,58,1788087105.263773,50,9.569952,1.102752
worker_4,59,1788087105.273358,50,9.594054,1.097824
worker_4,60,1788087105.282973,50,9.577535,1.107968
worker_4,61,1788087105.292573,50,9.548433,1.097312
worker_4,62,1788087105.302140,50,9.606147,1.096576
worker_4,63,1788087105.311791,50,9.493164,1.095648
worker_4,64,1788087105.321310,50,9.572378,1.099744
worker_4,65,1788087105.330904,50,9.548952,1.095648
worker_4,66,1788087105.340471,50,9.559739,1.096320
worker_4,67,1788087105.350048,50,9.557776,1.097504
worker_4,68,1788087105.359634,50,9.561239,1.096608
worker_4,69,1788087105.369216,50,9.555267,1.097760
worker_4,70,1788087105.378787,50,9.562628,1.096384
worker_4,71,1788087105.388371,50,9.550294,1.096416
worker_4,72,1788087105.397940,50,9.570331,1.097472
worker_4,73,1788087105.407529,50,9.555082,1.097728
worker_4,74,1788087105.417102,50,9.567285,1.097440
worker_4,75,1788087105.426689,50,9.569618,1.097312
worker_4,76,1788087105.436298,50,9.521147,1.097824
worker_4,77,1788087105.445843,50,9.559054,1.096384
worker_4,78,1788087105.455421,50,9.572646,1.095744
worker_4,79,1788087105.465014,50,9.580526,1.097184
worker_4,80,1788087105.474623,50,9.536877,1.097632
worker_4,81,1788087105.484184,50,9.591137,1.097152
worker_4,82,1788087105.493799,50,9.553758,1.098016
worker_4,83,1788087105.503372,50,9.548424,1.098368
worker_4,84,1788087105.512939,50,9.573685,1.096992
worker_4,85,1788087105.522530,50,9.570184,1.097408
worker_4,86,1788087105.532118,50,9.575258,1.096544
worker_4,87,1788087105.541711,50,9.565000,1.096320
worker_4,88,1788087105.551308,50,9.551082,1.097664
worker_4,89,1788087105.560884,50,9.562555,1.098464
worker_4,90,1788087105.570469,50,9.547082,1.096032
worker_4,91,1788087105.580035,50,9.561036,1.098016
worker_4,92,1788087105.589619,50,9.552342,1.096704
worker_4,93,1788087105.599194,50,9.579036,1.098752
worker_4,94,1788087105.608791,50,9.566693,1.099872
worker_4,95,1788087105.618377,50,9.558360,1.096192
worker_4,96,1788087105.627952,50,9.561221,1.097248
worker_4,97,1788087105.637531,50,9.561054,1.096512
worker_4,98,1788087105.647108,50,9.544870,1.095648
worker_4,99,1788087105.656669,50,9.557610,1.096672
worker_4,100,1788087105.666245,50,9.555203,1.097792
worker_4,101,1788087105.675820,50,9.576776,1.096544
worker_4,102,1788087105.685421,50,9.539971,1.096640
worker_4,103,1788087105.694981,50,9.547647,1.098496
worker_4,104,1788087105.704546,50,9.556008,1.096480
worker_4,105,1788087105.714120,50,9.568703,1.097568
worker_4,106,1788087105.723706,50,9.569053,1.107680
worker_4,107,1788087105.733308,50,9.557184,1.097760
worker_4,108,1788087105.742884,50,9.552666,1.101440
worker_4,109,1788087105.752454,50,9.573944,1.098752
worker_4,110,1788087105.762044,50,9.570833,1.097824
worker_4,111,1788087105.771634,50,9.556572,1.097760
worker_4,112,1788087105.781208,50,9.563795,1.095552
worker_4,113,1788087105.790791,50,9.556638,1.098432
worker_4,114,1788087105.800371,50,9.567175,1.097472
worker_4,115,1788087105.809961,50,9.552675,1.096576
worker_4,116,1788087105.819532,50,9.590212,1.096704
worker_4,117,1788087105.829140,50,9.559666,1.097440
worker_4,118,1788087105.838717,50,9.568980,1.099296
worker_4,119,1788087105.848302,50,9.555101,1.095392
worker_4,120,1788087105.857873,50,9.562267,1.097344
worker_4,121,1788087105.867455,50,9.549461,1.099008
worker_4,122,1788087105.877022,50,9.574121,1.097824
worker_4,123,1788087105.886617,50,9.545127,1.096896
worker_4,124,1788087105.896182,50,9.574519,1.095456
worker_4,125,1788087105.905773,50,9.557675,1.096928
worker_4,126,1788087105.915348,50,9.557694,1.098880
worker_4,127,1788087105.924937,50,9.561851,1.096928
worker_4,128,1788087105.934525,50,9.557684,1.097152
worker_4,129,1788087105.944104,50,9.549156,1.096352
worker_4,130,1788087105.953670,50,9.561388,1.097216
worker_4,131,1788087105.963248,50,9.597452,1.100736
worker_4,132,1788087105.972861,50,9.558045,1.097376
worker_4,133,1788087105.982435,50,9.593111,1.097312
worker_4,134,1788087105.992049,50,9.552434,1.097312
worker_4,135,1788087106.001621,50,9.555517,1.097632
worker_4,136,1788087106.011194,50,9.569813,1.097792
worker_4,137,1788087106.020781,50,9.569286,1.099776
worker_4,138,1788087106.030367,50,9.568757,1.097120
worker_4,139,1788087106.039953,50,9.576906,1.102688
worker_4,140,1788087106.049550,50,9.556619,1.098720
worker_4,141,1788087106.059128,50,9.548229,1.098816
worker_4,142,1788087106.068695,50,9.567091,1.098400
worker_4,143,1788087106.078282,50,9.569907,1.096992
worker_4,144,1788087106.087875,50,9.557452,1.106400
worker_4,145,1788087106.097451,50,9.559045,1.095968
worker_4,146,1788087106.107040,50,9.548369,1.095168
worker_4,147,1788087106.116606,50,9.570740,1.095680
worker_4,148,1788087106.126195,50,9.561999,1.095840
worker_4,149,1788087106.135776,50,9.565183,1.103392
worker_4,150,1788087106.145358,50,9.569490,1.096544
worker_4,151,1788087106.154944,50,9.552536,1.096640
worker_4,152,1788087106.164514,50,9.565321,1.095680
worker_4,153,1788087106.174096,50,9.569962,1.097888
worker_4,154,1788087106.183690,50,9.572609,1.098400
worker_4,155,1788087106.193283,50,9.555360,1.098112
worker_4,156,1788087106.202942,50,9.497581,1.105344
worker_4,157,1788087106.212461,50,9.564461,1.096992
worker_4,158,1788087106.222044,50,9.561147,1.098272
worker_4,159,1788087106.231621,50,9.563739,1.097120
worker_4,160,1788087106.241202,50,9.551017,1.097536
worker_4,161,1788087106.250770,50,9.568676,1.099904
worker_4,162,1788087106.260354,50,9.566647,1.096448
worker_4,163,1788087106.269937,50,9.562267,1.096576
worker_4,164,1788087106.279516,50,9.565526,1.097280
worker_4,165,1788087106.289099,50,9.564943,1.097024
worker_4,166,1788087106.298693,50,9.557934,1.098400
worker_4,167,1788087106.308268,50,9.564824,1.098496
worker_4,168,1788087106.317851,50,9.569203,1.097728
worker_4,169,1788087106.327436,50,9.583156,1.098176
worker_4,170,1788087106.337040,50,9.563953,1.095424
worker_4,171,1788087106.346628,50,9.540582,1.096672
worker_4,172,1788087106.356189,50,9.563369,1.100544
worker_4,173,1788087106.365771,50,9.554239,1.097504
worker_4,174,1788087106.375342,50,9.563193,1.098272
worker_4,175,1788087106.384922,50,9.577397,1.098368
worker_4,176,1788087106.394517,50,9.555666,1.096928
worker_4,177,1788087106.404091,50,9.562824,1.097184
worker_4,178,1788087106.413670,50,9.554805,1.097280
worker_4,179,1788087106.423241,50,9.595703,1.099712
worker_4,180,1788087106.432859,50,9.545249,1.095744
worker_4,181,1788087106.442423,50,9.570018,1.097376
worker_4,182,1788087106.452010,50,9.563314,1.098592
worker_4,183,1788087106.461591,50,9.556749,1.097216
worker_4,184,1788087106.471163,50,9.561184,1.098912
worker_4,185,1788087106.480753,50,9.553378,1.096928
worker_4,186,1788087106.490323,50,9.574211,1.097792
worker_4,187,1788087106.499913,50,9.558582,1.096000
worker_4,188,1788087106.509490,50,9.566202,1.097408
worker_4,189,1788087106.519072,50,9.562443,1.098240
worker_4,190,1788087106.528652,50,9.558564,1.096288
worker_4,191,1788087106.538227,50,9.572267,1.096864
worker_4,192,1788087106.547821,50,9.577564,1.108128
worker_4,193,1788087106.557420,50,9.544758,1.096768
worker_4,194,1788087106.566985,50,9.566036,1.097888
worker_4,195,1788087106.576570,50,9.567202,1.098208
worker_4,196,1788087106.586155,50,9.578980,1.095776
worker_4,197,1788087106.595752,50,9.558128,1.097760
worker_4,198,1788087106.605327,50,9.576564,1.096544
worker_4,199,1788087106.614920,50,9.563035,1.096000
worker_4,200,1788087106.624499,50,9.558277,1.096256
worker_4,201,1788087106.634075,50,9.563824,1.097824
worker_4,202,1788087106.643656,50,9.555832,1.097056
worker_4,203,1788087106.653227,50,9.568008,1.102240
worker_4,204,1788087106.662816,50,9.552026,1.096288
worker_4,205,1788087106.672397,50,9.566397,1.097440
worker_4,206,1788087106.681992,50,9.535610,1.098016
worker_4,207,1788087106.691548,50,9.569943,1.096448
worker_4,208,1788087106.701138,50,9.564258,1.098112
worker_4,209,1788087106.710721,50,9.556470,1.098624
worker_4,210,1788087106.720295,50,9.562202,1.096224
worker_4,211,1788087106.729873,50,9.558655,1.097696
worker_4,212,1788087106.739447,50,9.562905,1.098624
worker_4,213,1788087106.749027,50,9.566027,1.098560
worker_4,214,1788087106.758609,50,9.561174,1.097824
worker_4,215,1788087106.768186,50,9.567082,1.099424
worker_4,216,1788087106.777769,50,9.556285,1.097536
worker_4,217,1788087106.787342,50,9.575018,1.097600
worker_4,218,1788087106.796937,50,9.549933,1.097952
worker_4,219,1788087106.806510,50,9.581257,1.096832
worker_4,220,1788087106.816110,50,9.585934,1.102944
worker_4,221,1788087106.825716,50,9.563933,1.096800
worker_4,222,1788087106.835296,50,9.557887,1.101728
worker_4,223,1788087106.844871,50,9.568489,1.096032
worker_4,224,1788087106.854468,50,9.571905,1.097984
worker_4,225,1788087106.864056,50,9.582907,1.110688
worker_4,226,1788087106.873654,50,9.555795,1.098560
worker_4,227,1788087106.883226,50,9.559462,1.096256
worker_4,228,1788087106.892802,50,9.561731,1.097216
worker_4,229,1788087106.902380,50,9.564396,1.097184
worker_4,230,1788087106.911961,50,9.556618,1.096608
worker_4,231,1788087106.921535,50,9.570887,1.097408
worker_4,232,1788087106.931130,50,9.566193,1.101504
worker_4,233,1788087106.940717,50,9.557962,1.097376
worker_4,234,1788087106.950293,50,9.566035,1.096672
worker_4,235,1788087106.959874,50,9.579490,1.099136
worker_4,236,1788087106.969470,50,9.571073,1.096832
worker_4,237,1788087106.979057,50,9.559675,1.097344
worker_4,238,1788087106.988632,50,9.563694,1.096576
worker_4,239,1788087106.998212,50,9.568481,1.095424
worker_4,240,1788087107.007796,50,9.570054,1.097600
worker_4,241,1788087107.017383,50,9.581814,1.098688
worker_4,242,1788087107.026982,50,9.560323,1.097824
worker_4,243,1788087107.036558,50,9.574359,1.096736
worker_4,244,1788087107.046162,50,9.549018,1.098336
worker_4,245,1788087107.055736,50,9.555526,1.096096
worker_4,246,1788087107.065313,50,9.557850,1.098016
worker_4,247,1788087107.074889,50,9.566063,1.096736
worker_4,248,1788087107.084475,50,9.563452,1.099328
worker_4,249,1788087107.094055,50,9.566860,1.096672
worker_4,250,1788087107.103638,50,9.585675,1.096416
worker_4,251,1788087107.113240,50,9.556314,1.095520
worker_4,252,1788087107.122814,50,9.565222,1.096768
worker_4,253,1788087107.132396,50,9.558462,1.095520
worker_4,254,1788087107.141970,50,9.555564,1.096800
worker_4,255,1788087107.151543,50,9.561480,1.098848
worker_4,256,1788087107.161120,50,9.563360,1.095712
worker_4,257,1788087107.170700,50,9.559351,1.097312
worker_4,258,1788087107.180277,50,9.556370,1.096864
worker_4,259,1788087107.189850,50,9.565720,1.096800
worker_4,260,1788087107.199431,50,9.584119,1.099872
worker_4,261,1788087107.209033,50,9.558138,1.098624
worker_4,262,1788087107.218607,50,9.572740,1.097792
worker_4,263,1788087107.228218,50,9.551508,1.104000
worker_4,264,1788087107.237788,50,9.559370,1.096832
worker_4,265,1788087107.247364,50,9.565554,1.096768
worker_4,266,1788087107.256946,50,9.573934,1.096096
worker_4,267,1788087107.266536,50,9.558823,1.096608
worker_4,268,1788087107.276111,50,9.556758,1.096416
worker_4,269,1788087107.285685,50,9.559332,1.095456
worker_4,270,1788087107.295261,50,9.558703,1.096640
worker_4,271,1788087107.304835,50,9.564785,1.098848
worker_4,272,1788087107.314417,50,9.572055,1.095744
worker_4,273,1788087107.324005,50,9.565212,1.098144
worker_4,274,1788087107.333587,50,9.563572,1.096480
worker_4,275,1788087107.343167,50,9.568592,1.101024
worker_4,276,1788087107.352753,50,9.552332,1.096160
worker_4,277,1788087107.362323,50,9.698268,1.096320
worker_4,278,1788087107.372037,50,9.422376,1.098880
worker_4,279,1788087107.381476,50,9.571980,1.097184
worker_4,280,1788087107.391066,50,9.550952,1.095968
worker_4,281,1788087107.400634,50,9.569906,1.096192
worker_4,282,1788087107.410227,50,9.559498,1.096768
worker_4,283,1788087107.419824,50,9.537091,1.096224
worker_4,284,1788087107.429384,50,9.550137,1.096192
worker_4,285,1788087107.438956,50,9.551498,1.097760
worker_4,286,1788087107.448527,50,9.562212,1.096256
worker_4,287,1788087107.458107,50,9.554785,1.096512
worker_4,288,1788087107.467677,50,9.577138,1.096320
worker_4,289,1788087107.477269,50,9.551183,1.097760
worker_4,290,1788087107.486837,50,9.554804,1.099616
worker_4,291,1788087107.496408,50,9.562609,1.096192
worker_4,292,1788087107.505988,50,9.559906,1.096288
worker_4,293,1788087107.515563,50,9.579091,1.095744
worker_4,294,1788087107.525164,50,9.574017,1.096064
worker_4,295,1788087107.534759,50,9.549221,1.099008
worker_4,296,1788087107.544325,50,9.568554,1.097792
worker_4,297,1788087107.553909,50,9.560869,1.097696
worker_4,298,1788087107.563487,50,9.558942,1.096320
worker_4,299,1788087107.573061,50,9.568888,1.097568
worker_4,300,1788087107.582647,50,9.556045,1.095808
worker_4,301,1788087107.592224,50,9.555535,1.097696
worker_4,302,1788087107.601804,50,9.548063,1.096736
worker_4,303,1788087107.611368,50,9.582119,1.098368
worker_4,304,1788087107.620968,50,9.567739,1.098752
worker_4,305,1788087107.630552,50,9.580267,1.098688
worker_4,306,1788087107.640148,50,9.556369,1.097856
worker_4,307,1788087107.649721,50,9.560786,1.098336
worker_4,308,1788087107.659298,50,9.562970,1.099904
worker_4,309,1788087107.668879,50,9.552749,1.096800
worker_4,310,1788087107.678519,50,9.520156,1.098400
worker_4,311,1788087107.688058,50,9.573906,1.107232
worker_4,312,1788087107.697647,50,9.563684,1.096064
worker_4,313,1788087107.707226,50,9.562445,1.097344
worker_4,314,1788087107.716805,50,9.578360,1.099200
worker_4,315,1788087107.726400,50,9.560249,1.096736
worker_4,316,1788087107.735976,50,9.567388,1.096576
worker_4,317,1788087107.745559,50,9.564778,1.096256
worker_4,318,1788087107.755140,50,9.574452,1.098752
worker_4,319,1788087107.764731,50,9.557351,1.097664
worker_4,320,1788087107.774303,50,9.562813,1.098624
worker_4,321,1788087107.783881,50,9.573925,1.095872
worker_4,322,1788087107.793510,50,9.522601,1.096288
worker_4,323,1788087107.803064,50,9.581813,1.100448
worker_4,324,1788087107.812690,50,9.500322,1.097760
worker_4,325,1788087107.822228,50,9.540647,1.101440
worker_4,326,1788087107.831797,50,9.559693,1.096480
worker_4,327,1788087107.841376,50,9.575722,1.097056
worker_4,328,1788087107.850970,50,9.557777,1.098944
worker_4,329,1788087107.860543,50,9.574064,1.098368
worker_4,330,1788087107.870133,50,9.567823,1.099424
worker_4,331,1788087107.879716,50,9.567490,1.098368
worker_4,332,1788087107.889302,50,9.558675,1.096512
worker_4,333,1788087107.898882,50,9.561813,1.098592
worker_4,334,1788087107.908480,50,9.528582,1.096800
worker_4,335,1788087107.918032,50,9.554786,1.097472
worker_4,336,1788087107.927604,50,9.711962,1.100000
worker_4,337,1788087107.937349,50,9.397563,1.097280
worker_4,338,1788087107.946770,50,9.550712,1.097152
worker_4,339,1788087107.956339,50,9.550684,1.096704
worker_4,340,1788087107.965905,50,9.569563,1.097088
worker_4,341,1788087107.975519,50,9.529470,1.096736
worker_4,342,1788087107.985067,50,9.579175,1.097088
worker_4,343,1788087107.994662,50,9.568721,1.095680
worker_4,344,1788087108.004246,50,9.565212,1.096352
worker_4,345,1788087108.013828,50,9.557054,1.096448
worker_4,346,1788087108.023401,50,9.575230,1.096832
worker_4,347,1788087108.033002,50,9.541591,1.095776
worker_4,348,1788087108.042565,50,9.557646,1.098880
worker_4,349,1788087108.052140,50,9.567961,1.098880
worker_4,350,1788087108.061727,50,9.556980,1.097728
worker_4,351,1788087108.071300,50,9.569740,1.096864
worker_4,352,1788087108.080884,50,9.570739,1.097088
worker_4,353,1788087108.090475,50,9.553165,1.096480
worker_4,354,1788087108.100044,50,9.588147,1.109344
worker_4,355,1788087108.109648,50,9.556758,1.096928
worker_4,356,1788087108.119222,50,9.568156,1.099584
worker_4,357,1788087108.128806,50,9.568091,1.097760
worker_4,358,1788087108.138390,50,9.564980,1.096480
worker_4,359,1788087108.147971,50,9.558600,1.096384
worker_4,360,1788087108.157546,50,9.558332,1.096608
worker_4,361,1788087108.167131,50,9.552462,1.096832
worker_4,362,1788087108.176703,50,9.567498,1.096928
worker_4,363,1788087108.186288,50,9.554323,1.098592
worker_4,364,1788087108.195860,50,9.563518,1.099904
worker_4,365,1788087108.205439,50,9.555896,1.096608
worker_4,366,1788087108.215012,50,9.586054,1.106496
worker_4,367,1788087108.224615,50,9.556628,1.095808
worker_4,368,1788087108.234188,50,9.563183,1.095744
worker_4,369,1788087108.243767,50,9.590361,1.097728
worker_4,370,1788087108.253374,50,9.551730,1.097120
worker_4,371,1788087108.262941,50,9.561082,1.099264
worker_4,372,1788087108.272519,50,9.563442,1.098560
worker_4,373,1788087108.282099,50,9.575545,1.098944
worker_4,374,1788087108.291691,50,9.565656,1.098656
worker_4,375,1788087108.301273,50,9.576905,1.096224
worker_4,376,1788087108.310866,50,9.560776,1.096288
worker_4,377,1788087108.320443,50,9.554952,1.096256
worker_4,378,1788087108.330013,50,9.564759,1.096512
worker_4,379,1788087108.339594,50,9.559544,1.099008
worker_4,380,1788087108.349176,50,9.565628,1.096096
worker_4,381,1788087108.358757,50,9.550137,1.096128
worker_4,382,1788087108.368323,50,9.563174,1.097696
worker_4,383,1788087108.377901,50,9.559100,1.095744
worker_4,384,1788087108.387476,50,9.565627,1.097760
worker_4,385,1788087108.397057,50,9.556100,1.097856
worker_4,386,1788087108.406632,50,9.560248,1.096320
worker_4,387,1788087108.416208,50,9.583581,1.110752
worker_4,388,1788087108.425808,50,9.561220,1.097120
worker_4,389,1788087108.435384,50,9.568230,1.100384
worker_4,390,1788087108.444967,50,9.555489,1.097728
worker_4,391,1788087108.454539,50,9.575526,1.096160
worker_4,392,1788087108.464130,50,9.577220,1.101184
worker_4,393,1788087108.473722,50,9.562804,1.096256
worker_4,394,1788087108.483301,50,9.562442,1.100320
worker_4,395,1788087108.492884,50,9.549461,1.096416
worker_4,396,1788087108.502450,50,9.566212,1.097216
worker_4,397,1788087108.512031,50,9.555249,1.097120
worker_4,398,1788087108.521603,50,9.561627,1.097152
worker_4,399,1788087108.531179,50,9.560554,1.096832
worker_4,400,1788087108.540760,50,9.586776,1.098720
worker_4,401,1788087108.550366,50,9.560683,1.096096
worker_4,402,1788087108.559947,50,9.554535,1.098528
worker_4,403,1788087108.569518,50,9.557119,1.096832
worker_4,404,1788087108.579091,50,9.556915,1.097344
worker_4,405,1788087108.588664,50,9.564138,1.096512
worker_4,406,1788087108.598245,50,9.572702,1.099008
worker_4,407,1788087108.607833,50,9.568833,1.099232
worker_4,408,1788087108.617417,50,9.575832,1.099296
worker_4,409,1788087108.627008,50,9.563193,1.096640
worker_4,410,1788087108.636588,50,9.559610,1.098048
worker_4,411,1788087108.646163,50,9.576982,1.097792
worker_4,412,1788087108.655755,50,9.553545,1.095584
worker_4,413,1788087108.665325,50,9.568304,1.098432
worker_4,414,1788087108.674910,50,9.559277,1.100096
worker_4,415,1788087108.684485,50,9.576954,1.096448
worker_4,416,1788087108.694077,50,9.567314,1.096768
worker_4,417,1788087108.703660,50,9.570313,1.096320
worker_4,418,1788087108.713247,50,9.583907,1.098496
worker_4,419,1788087108.722853,50,9.545814,1.095584
worker_4,420,1788087108.732414,50,9.561860,1.097184
worker_4,421,1788087108.741992,50,9.563554,1.098304
worker_4,422,1788087108.751572,50,9.571027,1.098304
worker_4,423,1788087108.761158,50,9.590824,1.097920
worker_4,424,1788087108.770765,50,9.567286,1.096960
worker_4,425,1788087108.780347,50,9.553517,1.096096
worker_4,426,1788087108.789916,50,9.560564,1.096224
worker_4,427,1788087108.799493,50,9.573379,1.097248
worker_4,428,1788087108.809081,50,9.558702,1.097152
worker_4,429,1788087108.818657,50,9.566147,1.096000
worker_4,430,1788087108.828239,50,9.554952,1.096896
worker_4,431,1788087108.837809,50,9.570878,1.097696
worker_4,432,1788087108.847396,50,9.565675,1.098688
worker_4,433,1788087108.856978,50,9.563453,1.097760
worker_4,434,1788087108.866558,50,9.557175,1.097632
worker_4,435,1788087108.876132,50,9.569693,1.097184
worker_4,436,1788087108.885722,50,9.552962,1.098176
worker_4,437,1788087108.895294,50,9.562657,1.095712
worker_4,438,1788087108.904875,50,9.588740,1.097760
worker_4,439,1788087108.914491,50,9.560434,1.099040
worker_4,440,1788087108.924068,50,9.580739,1.107072
worker_4,441,1788087108.933664,50,9.557240,1.096352
worker_4,442,1788087108.943238,50,9.567110,1.097696
worker_4,443,1788087108.952821,50,9.564813,1.096896
worker_4,444,1788087108.962402,50,9.561054,1.096672
worker_4,445,1788087108.971978,50,9.583435,1.102848
worker_4,446,1788087108.981579,50,9.558953,1.098784
worker_4,447,1788087108.991155,50,9.561591,1.097504
worker_4,448,1788087109.000733,50,9.580609,1.097152
worker_4,449,1788087109.010331,50,9.572684,1.096608
worker_4,450,1788087109.019922,50,9.553767,1.096128
worker_4,451,1788087109.029492,50,9.557693,1.097728
worker_4,452,1788087109.039066,50,9.569045,1.105152
worker_4,453,1788087109.048651,50,9.556999,1.097600
worker_4,454,1788087109.058225,50,9.568082,1.097984
worker_4,455,1788087109.067809,50,9.571036,1.096768
worker_4,456,1788087109.077395,50,9.564110,1.097696
worker_4,457,1788087109.086979,50,9.575795,1.110848
worker_4,458,1788087109.096582,50,9.562906,1.096960
worker_4,459,1788087109.106162,50,9.560786,1.095616
worker_4,460,1788087109.115739,50,9.576564,1.096384
worker_4,461,1788087109.125333,50,9.559397,1.097088
worker_4,462,1788087109.134908,50,9.561119,1.098368
worker_4,463,1788087109.144485,50,9.566638,1.097280
worker_4,464,1788087109.154141,50,9.499109,1.097920
worker_4,465,1788087109.163660,50,9.566795,1.097088
worker_4,466,1788087109.173245,50,9.573832,1.098016
worker_4,467,1788087109.182848,50,9.535832,1.097504
worker_4,468,1788087109.192405,50,9.565934,1.096416
worker_4,469,1788087109.201990,50,9.564693,1.098720
worker_4,470,1788087109.211572,50,9.562489,1.099744
worker_4,471,1788087109.221153,50,9.572990,1.096224
worker_4,472,1788087109.230744,50,9.559889,1.098208
worker_4,473,1788087109.240320,50,9.559517,1.095712
worker_4,474,1788087109.249897,50,9.559110,1.095776
worker_4,475,1788087109.259473,50,9.574582,1.096192
worker_4,476,1788087109.269070,50,9.542443,1.096864
worker_4,477,1788087109.278631,50,9.577213,1.097728
worker_4,478,1788087109.288243,50,9.531999,1.097408
worker_4,479,1788087109.297794,50,9.559388,1.097664
worker_4,480,1788087109.307372,50,9.581564,1.097824
worker_4,481,1788087109.316972,50,9.566221,1.096800
worker_4,482,1788087109.326554,50,9.576980,1.097888
worker_4,483,1788087109.336148,50,9.558193,1.095744
worker_4,484,1788087109.345724,50,9.560610,1.097664
worker_4,485,1788087109.355301,50,9.567990,1.100608
worker_4,486,1788087109.364884,50,9.557119,1.096192
worker_4,487,1788087109.374458,50,9.593786,1.097664
worker_4,488,1788087109.384071,50,9.552962,1.097664
worker_4,489,1788087109.393641,50,9.564888,1.096640
worker_4,490,1788087109.403223,50,9.557397,1.096320
worker_4,491,1788087109.412797,50,9.567054,1.099296
worker_4,492,1788087109.422380,50,9.560184,1.096864
worker_4,493,1788087109.431957,50,9.584407,1.112416
worker_4,494,1788087109.441558,50,9.558554,1.096608
worker_4,495,1788087109.451132,50,9.556267,1.097792
worker_4,496,1788087109.460706,50,9.560424,1.098432
worker_4,497,1788087109.470296,50,9.543516,1.095168
worker_4,498,1788087109.479857,50,9.570424,1.095776
worker_4,499,1788087109.489446,50,9.559462,1.097056
worker_4,500,1788087109.499024,50,9.560202,1.096128
worker_4,501,1788087109.508605,50,9.570989,1.097504
worker_4,502,1788087109.518201,50,9.553656,1.097600
worker_4,503,1788087109.527777,50,9.558045,1.099296
worker_4,504,1788087109.537354,50,9.560822,1.096640
worker_4,505,1788087109.546933,50,9.556915,1.097792
worker_4,506,1788087109.556507,50,9.566416,1.096704
worker_4,507,1788087109.566089,50,9.553424,1.097280
worker_4,508,1788087109.575659,50,9.607491,1.096448
worker_4,509,1788087109.585289,50,9.562017,1.097760
worker_4,510,1788087109.594872,50,9.558638,1.096352
worker_4,511,1788087109.604449,50,9.567065,1.096576
worker_4,512,1788087109.614033,50,9.561814,1.098080
worker_4,513,1788087109.623611,50,9.566276,1.096192
worker_4,514,1788087109.633193,50,9.560619,1.096192
worker_4,515,1788087109.642771,50,9.554592,1.097760
worker_4,516,1788087109.652343,50,9.558157,1.098240
worker_4,517,1788087109.661925,50,9.546823,1.096896
worker_4,518,1788087109.671488,50,9.574943,1.097792
worker_4,519,1788087109.681081,50,9.561684,1.098368
worker_4,520,1788087109.690659,50,9.563250,1.099392
worker_4,521,1788087109.700240,50,9.577128,1.097632
worker_4,522,1788087109.709834,50,9.564646,1.097152
worker_4,523,1788087109.719415,50,9.575119,1.096960
worker_4,524,1788087109.729006,50,9.564230,1.097984
worker_4,525,1788087109.738585,50,9.566425,1.096384
worker_4,526,1788087109.748168,50,9.586508,1.097952
worker_4,527,1788087109.757771,50,9.559045,1.095712
worker_4,528,1788087109.767348,50,9.554471,1.097088
worker_4,529,1788087109.776918,50,9.559063,1.096512
worker_4,530,1788087109.786494,50,9.573582,1.096384
worker_4,531,1788087109.796083,50,9.564295,1.096064
worker_4,532,1788087109.805664,50,9.565536,1.095840
worker_4,533,1788087109.815244,50,9.576925,1.100512
worker_4,534,1788087109.824836,50,9.561832,1.096576
worker_4,535,1788087109.834414,50,9.566730,1.096864
worker_4,536,1788087109.844004,50,9.552221,1.096032
worker_4,537,1788087109.853572,50,9.558693,1.097184
worker_4,538,1788087109.863147,50,9.581813,1.096832
worker_4,539,1788087109.872745,50,9.561387,1.099008
worker_4,540,1788087109.882327,50,9.554314,1.097824
worker_4,541,1788087109.891898,50,9.554508,1.097632
worker_4,542,1788087109.901470,50,9.574008,1.096256
worker_4,543,1788087109.911063,50,9.557748,1.102784
worker_4,544,1788087109.920638,50,9.567952,1.098624
worker_4,545,1788087109.930224,50,9.560527,1.096640
worker_4,546,1788087109.939800,50,9.566953,1.097504
worker_4,547,1788087109.949384,50,9.581879,1.096576
worker_4,548,1788087109.958989,50,9.564852,1.108512
worker_4,549,1788087109.968573,50,9.577527,1.096832
worker_4,550,1788087109.978167,50,9.563434,1.096672
worker_4,551,1788087109.987747,50,9.570610,1.097792
worker_4,552,1788087109.997335,50,9.555573,1.097344
worker_4,553,1788087110.006907,50,9.558286,1.098272
worker_4,554,1788087110.016482,50,9.564241,1.095744
worker_4,555,1788087110.026067,50,9.567388,1.099072
worker_4,556,1788087110.035663,50,9.570073,1.096384
worker_4,557,1788087110.045250,50,9.557934,1.099296
worker_4,558,1788087110.054825,50,9.566527,1.097824
worker_4,559,1788087110.064409,50,9.580285,1.097632
worker_4,560,1788087110.074006,50,9.568156,1.098464
worker_4,561,1788087110.083593,50,9.573111,1.098720
worker_4,562,1788087110.093185,50,9.554008,1.096224
worker_4,563,1788087110.102755,50,9.566026,1.100832
worker_4,564,1788087110.112338,50,9.572971,1.097568
worker_4,565,1788087110.121927,50,9.563889,1.097760
worker_4,566,1788087110.131507,50,9.557711,1.096608
worker_4,567,1788087110.141081,50,9.567368,1.096992
worker_4,568,1788087110.150667,50,9.559629,1.097312
worker_4,569,1788087110.160244,50,9.559036,1.098912
worker_4,570,1788087110.169818,50,9.566119,1.097440
worker_4,571,1788087110.179401,50,9.576303,1.098272
worker_4,572,1788087110.188995,50,9.553831,1.098496
worker_4,573,1788087110.198564,50,9.571563,1.097312
worker_4,574,1788087110.208155,50,9.566489,1.097824
worker_4,575,1788087110.217748,50,9.551684,1.097888
worker_4,576,1788087110.227318,50,9.557888,1.100064
worker_4,577,1788087110.236893,50,9.559276,1.095904
worker_4,578,1788087110.246470,50,9.577489,1.096416
worker_4,579,1788087110.256063,50,9.558063,1.096992
worker_4,580,1788087110.265638,50,9.556887,1.098560
worker_4,581,1788087110.275214,50,9.560785,1.097184
worker_4,582,1788087110.284791,50,9.570647,1.102432
worker_4,583,1788087110.294378,50,9.562128,1.097184
worker_4,584,1788087110.303957,50,9.571044,1.099808
worker_4,585,1788087110.313544,50,9.567230,1.097472
worker_4,586,1788087110.323130,50,9.566655,1.097184
worker_4,587,1788087110.332713,50,9.566249,1.097408
worker_4,588,1788087110.342295,50,9.576268,1.096096
worker_4,589,1788087110.351888,50,9.560924,1.097152
worker_4,590,1788087110.361464,50,9.571054,1.098048
worker_4,591,1788087110.371051,50,9.566656,1.102240
worker_4,592,1788087110.380637,50,9.562259,1.095776
worker_4,593,1788087110.390216,50,9.556249,1.096640
worker_4,594,1788087110.399792,50,9.560971,1.095968
worker_4,595,1788087110.409380,50,9.546498,1.095712
worker_4,596,1788087110.418944,50,9.561471,1.095456
worker_4,597,1788087110.428522,50,9.562203,1.096032
worker_4,598,1788087110.438102,50,9.584054,1.096384
worker_4,599,1788087110.447705,50,9.568424,1.106560
worker_4,600,1788087110.457292,50,9.560193,1.098656
worker_4,601,1788087110.466870,50,9.561730,1.096800
worker_4,602,1788087110.476448,50,9.561693,1.097664
worker_4,603,1788087110.486027,50,9.589526,1.096960
worker_4,604,1788087110.495632,50,9.567630,1.098048
worker_4,605,1788087110.505217,50,9.547591,1.096704
worker_4,606,1788087110.514780,50,9.557221,1.098816
worker_4,607,1788087110.524353,50,9.568536,1.097056
worker_4,608,1788087110.533939,50,9.558610,1.097248
worker_4,609,1788087110.543514,50,9.567574,1.098624
worker_4,610,1788087110.553098,50,9.544518,1.097312
worker_4,611,1788087110.562660,50,9.586989,1.096992
worker_4,612,1788087110.572279,50,9.519212,1.096192
worker_4,613,1788087110.581821,50,9.546407,1.096640
worker_4,614,1788087110.591396,50,9.551758,1.096768
worker_4,615,1788087110.600965,50,9.559322,1.098176
worker_4,616,1788087110.610541,50,9.560026,1.096640
worker_4,617,1788087110.620117,50,9.555230,1.095776
worker_4,618,1788087110.629768,50,9.484277,1.097408
worker_4,619,1788087110.639275,50,9.545471,1.097632
worker_4,620,1788087110.648839,50,9.569573,1.096832
worker_4,621,1788087110.658426,50,9.553860,1.097600
worker_4,622,1788087110.667996,50,9.580954,1.097440
worker_4,623,1788087110.677604,50,9.537693,1.096416
worker_4,624,1788087110.687160,50,9.549110,1.097856
worker_4,625,1788087110.696726,50,9.554915,1.096768
worker_4,626,1788087110.706299,50,9.562731,1.098784
worker_4,627,1788087110.715880,50,9.556064,1.096896
worker_4,628,1788087110.725454,50,9.553027,1.096896
worker_4,629,1788087110.735024,50,9.560711,1.096800
worker_4,630,1788087110.744602,50,9.563434,1.096384
worker_4,631,1788087110.754182,50,9.561915,1.096416
worker_4,632,1788087110.763760,50,9.569675,1.098592
worker_4,633,1788087110.773347,50,9.578332,1.096416
worker_4,634,1788087110.782954,50,9.538609,1.097216
worker_4,635,1788087110.792508,50,9.564388,1.096800
worker_4,636,1788087110.802090,50,9.569934,1.096000
worker_4,637,1788087110.811678,50,9.558314,1.100608
worker_4,638,1788087110.821254,50,9.583536,1.097792
worker_4,639,1788087110.830853,50,9.554295,1.097760
worker_4,640,1788087110.840425,50,9.566971,1.096416
worker_4,641,1788087110.850007,50,9.576341,1.098880
worker_4,642,1788087110.859602,50,9.557563,1.100128
worker_4,643,1788087110.869177,50,9.571804,1.096128
worker_4,644,1788087110.878767,50,9.561026,1.096992
worker_4,645,1788087110.888345,50,9.560767,1.098944
worker_4,646,1788087110.897923,50,9.555554,1.096576
worker_4,647,1788087110.907494,50,9.573313,1.097664
worker_4,648,1788087110.917085,50,9.561490,1.097568
worker_4,649,1788087110.926662,50,9.626480,1.096736
worker_4,650,1788087110.936338,50,9.514146,1.096192
worker_4,651,1788087110.945896,50,9.534590,1.097760
worker_4,652,1788087110.955472,50,9.694777,1.095456
worker_4,653,1788087110.965218,50,9.535832,1.096096
worker_4,654,1788087110.974793,50,9.400441,1.097792
worker_4,655,1788087110.984249,50,9.524414,1.096160
worker_4,656,1788087110.993813,50,9.537544,1.096928
worker_4,657,1788087111.003393,50,9.540267,1.097792
worker_4,658,1788087111.012975,50,9.528323,1.097952
worker_4,659,1788087111.022543,50,9.553887,1.095360
worker_4,660,1788087111.032139,50,9.533489,1.095584
worker_4,661,1788087111.041712,50,9.546220,1.097184
worker_4,662,1788087111.051296,50,9.566684,1.101216
worker_4,663,1788087111.060901,50,9.534656,1.095904
worker_4,664,1788087111.070479,50,9.538869,1.097600
worker_4,665,1788087111.080060,50,9.532803,1.097888
worker_4,666,1788087111.089635,50,9.533462,1.098272
worker_4,667,1788087111.099207,50,9.546526,1.097216
worker_4,668,1788087111.108794,50,9.539785,1.096768
worker_4,669,1788087111.118373,50,9.548517,1.098208
worker_4,670,1788087111.127962,50,9.529109,1.098080
worker_4,671,1788087111.137531,50,9.546666,1.096704
worker_4,672,1788087111.147119,50,9.542091,1.099232
worker_4,673,1788087111.156712,50,9.525906,1.096000
worker_4,674,1788087111.166275,50,9.543479,1.096032
worker_4,675,1788087111.175857,50,9.533666,1.095712
worker_4,676,1788087111.185432,50,9.535702,1.098656
worker_4,677,1788087111.195008,50,9.536887,1.099744
worker_4,678,1788087111.204585,50,9.543694,1.098304
worker_4,679,1788087111.214167,50,9.548601,1.096640
worker_4,680,1788087111.223754,50,9.545286,1.100576
worker_4,681,1788087111.233338,50,9.557184,1.104256
worker_4,682,1788087111.242936,50,9.551526,1.101280
worker_4,683,1788087111.252531,50,9.543526,1.095520
worker_4,684,1788087111.262113,50,9.557471,1.098208
worker_4,685,1788087111.271709,50,9.534527,1.097728
worker_4,686,1788087111.281283,50,9.537583,1.095808
worker_4,687,1788087111.290858,50,9.540989,1.097280
worker_4,688,1788087111.300442,50,9.537210,1.096096
worker_4,689,1788087111.310020,50,9.528314,1.095776
worker_4,690,1788087111.319588,50,9.561304,1.096448
worker_4,691,1788087111.329190,50,9.530555,1.095904
worker_4,692,1788087111.338757,50,9.533795,1.097600
worker_4,693,1788087111.348328,50,9.546489,1.097728
worker_4,694,1788087111.357926,50,9.523203,1.096832
worker_4,695,1788087111.367489,50,9.538870,1.096096
worker_4,696,1788087111.377065,50,9.539841,1.095840
worker_4,697,1788087111.386647,50,9.550110,1.096416
worker_4,698,1788087111.396248,50,9.516082,1.096448
worker_4,699,1788087111.405804,50,9.536952,1.097856
worker_4,700,1788087111.415381,50,9.538451,1.096224
worker_4,701,1788087111.424959,50,9.553119,1.096480
worker_4,702,1788087111.434551,50,9.539527,1.096512
worker_4,703,1788087111.444129,50,9.553184,1.096544
worker_4,704,1788087111.453721,50,9.540017,1.097760
worker_4,705,1788087111.463301,50,9.571712,1.098048
worker_4,706,1788087111.472911,50,9.535314,1.097280
worker_4,707,1788087111.482485,50,9.541285,1.096768
worker_4,708,1788087111.492066,50,9.547592,1.099136
worker_4,709,1788087111.501651,50,9.535776,1.097312
worker_4,710,1788087111.511228,50,9.531989,1.096512
worker_4,711,1788087111.520799,50,9.537498,1.096928
worker_4,712,1788087111.530376,50,9.527997,1.096096
worker_4,713,1788087111.539943,50,9.531831,1.096768
worker_4,714,1788087111.549524,50,9.525146,1.097120
worker_4,715,1788087111.559088,50,9.528693,1.096000
worker_4,716,1788087111.568656,50,9.536489,1.098496
worker_4,717,1788087111.578232,50,9.551878,1.097024
worker_4,718,1788087111.587823,50,9.534814,1.096896
worker_4,719,1788087111.597397,50,9.535573,1.096384
worker_4,720,1788087111.606972,50,9.543258,1.100064
worker_4,721,1788087111.616555,50,9.534832,1.097216
worker_4,722,1788087111.626128,50,9.557258,1.097376
worker_4,723,1788087111.635724,50,9.533508,1.098336
worker_4,724,1788087111.645298,50,9.535461,1.097664
worker_4,725,1788087111.654875,50,9.541971,1.097824
worker_4,726,1788087111.664462,50,9.535082,1.097280
worker_4,727,1788087111.674038,50,9.535323,1.098400
worker_4,728,1788087111.683612,50,9.553804,1.097760
worker_4,729,1788087111.693205,50,9.558711,1.097472
worker_4,730,1788087111.702803,50,9.534619,1.097376
worker_4,731,1788087111.712377,50,9.533369,1.096128
worker_4,732,1788087111.721951,50,9.531007,1.095712
worker_4,733,1788087111.731531,50,9.518775,1.094816
worker_4,734,1788087111.741085,50,9.543072,1.096544
worker_4,735,1788087111.750667,50,9.552166,1.098560
worker_4,736,1788087111.760259,50,9.517545,1.096512
worker_4,737,1788087111.769818,50,9.532841,1.096512
worker_4,738,1788087111.779391,50,9.538249,1.096000
worker_4,739,1788087111.788970,50,9.536786,1.097504
worker_4,740,1788087111.798545,50,9.547156,1.096736
worker_4,741,1788087111.808129,50,9.533647,1.096416
worker_4,742,1788087111.817698,50,9.544609,1.095360
worker_4,743,1788087111.827284,50,9.563276,1.099616
worker_4,744,1788087111.836887,50,9.536813,1.096544
worker_4,745,1788087111.846463,50,9.539360,1.096480
worker_4,746,1788087111.856043,50,9.532295,1.098688
worker_4,747,1788087111.865615,50,9.531045,1.095232
worker_4,748,1788087111.875183,50,9.700630,1.096800
worker_4,749,1788087111.884922,50,9.380062,1.097312
worker_4,750,1788087111.894342,50,9.541600,1.097056
worker_4,751,1788087111.903924,50,9.541740,1.096480
worker_4,752,1788087111.913506,50,9.534286,1.097120
worker_4,753,1788087111.923089,50,9.547471,1.099776
worker_4,754,1788087111.932675,50,9.533776,1.097888
worker_4,755,1788087111.942248,50,9.544268,1.097920
worker_4,756,1788087111.951829,50,9.548554,1.096832
worker_4,757,1788087111.961416,50,9.538387,1.097600
worker_4,758,1788087111.970992,50,9.541999,1.099584
worker_4,759,1788087111.980574,50,9.542721,1.096256
worker_4,760,1788087111.990156,50,9.539702,1.096096
worker_4,761,1788087111.999736,50,9.533415,1.098464
worker_4,762,1788087112.009309,50,9.560925,1.096704
worker_4,763,1788087112.018910,50,9.533795,1.096128
worker_4,764,1788087112.028483,50,9.542082,1.095424
worker_4,765,1788087112.038063,50,9.537073,1.098976
worker_4,766,1788087112.047640,50,9.531331,1.098976
worker_4,767,1788087112.057211,50,9.553063,1.096800
worker_4,768,1788087112.066803,50,9.542341,1.102240
worker_4,769,1788087112.076385,50,9.563370,1.096608
worker_4,770,1788087112.085986,50,9.536768,1.098208
worker_4,771,1788087112.095564,50,9.535610,1.099808
worker_4,772,1788087112.105228,50,9.443599,1.096480
worker_4,773,1788087112.114711,50,9.548278,1.097664
worker_4,774,1788087112.124301,50,9.526082,1.096800
worker_4,775,1788087112.133867,50,9.532925,1.095712
worker_4,776,1788087112.143440,50,9.540286,1.098336
worker_4,777,1788087112.153021,50,9.531489,1.097088
worker_4,778,1788087112.162591,50,9.555915,1.096832
worker_4,779,1788087112.172187,50,9.537416,1.098432
worker_4,780,1788087112.181766,50,9.540221,1.096416
worker_4,781,1788087112.191346,50,9.532045,1.099520
worker_4,782,1788087112.200917,50,9.535545,1.095968
worker_4,783,1788087112.210491,50,9.539971,1.097472
worker_4,784,1788087112.220070,50,9.541906,1.096768
worker_4,785,1788087112.229652,50,9.534619,1.095968
worker_4,786,1788087112.239225,50,9.541703,1.097248
worker_4,787,1788087112.248806,50,9.528786,1.097504
worker_4,788,1788087112.258373,50,9.536480,1.097472
worker_4,789,1788087112.267948,50,9.533803,1.100448
worker_4,790,1788087112.277520,50,9.543767,1.098144
worker_4,791,1788087112.287105,50,9.546008,1.101408
worker_4,792,1788087112.296699,50,9.522813,1.098080
worker_4,793,1788087112.306261,50,9.544082,1.095840
worker_4,794,1788087112.315843,50,9.549258,1.098752
worker_4,795,1788087112.325431,50,9.543786,1.096512
worker_4,796,1788087112.335013,50,9.553702,1.097856
worker_4,797,1788087112.344603,50,9.540424,1.095424
worker_4,798,1788087112.354183,50,9.530720,1.097024
worker_4,799,1788087112.363752,50,9.531461,1.096672
worker_4,800,1788087112.373321,50,9.558499,1.099328
worker_4,801,1788087112.382915,50,9.550156,1.104704
worker_4,802,1788087112.392505,50,9.547470,1.095840
worker_4,803,1788087112.402092,50,9.540739,1.096320
worker_4,804,1788087112.411672,50,9.539516,1.096704
worker_4,805,1788087112.421249,50,9.543535,1.095552
worker_4,806,1788087112.430833,50,9.545054,1.097056
worker_4,807,1788087112.440419,50,9.539674,1.095616
worker_4,808,1788087112.449999,50,9.551397,1.096448
worker_4,809,1788087112.459589,50,9.538610,1.097056
worker_4,810,1788087112.469165,50,9.538165,1.095904
worker_4,811,1788087112.478751,50,9.532665,1.096672
worker_4,812,1788087112.488322,50,9.534972,1.098304
worker_4,813,1788087112.497896,50,9.538563,1.097952
worker_4,814,1788087112.507474,50,9.539952,1.095424
worker_4,815,1788087112.517051,50,9.548118,1.096864
worker_4,816,1788087112.526640,50,9.528397,1.096032
worker_4,817,1788087112.536207,50,9.550915,1.098880
worker_4,818,1788087112.545797,50,9.536082,1.096288
worker_4,819,1788087112.555368,50,9.551036,1.100864
worker_4,820,1788087112.564959,50,9.531748,1.097408
worker_4,821,1788087112.574528,50,9.553054,1.095904
worker_4,822,1788087112.584120,50,9.534721,1.097088
worker_4,823,1788087112.593692,50,9.552425,1.096192
worker_4,824,1788087112.603285,50,9.529453,1.096544
worker_4,825,1788087112.612850,50,9.536563,1.097792
worker_4,826,1788087112.622424,50,9.528944,1.097920
worker_4,827,1788087112.631991,50,9.546841,1.098816
worker_4,828,1788087112.641576,50,9.536656,1.097952
worker_4,829,1788087112.651150,50,9.535453,1.095744
worker_4,830,1788087112.660723,50,9.544351,1.097408
worker_4,831,1788087112.670321,50,9.525396,1.097856
worker_4,832,1788087112.679884,50,9.547063,1.104384
worker_4,833,1788087112.689471,50,9.533082,1.096576
worker_4,834,1788087112.699042,50,9.531971,1.099008
worker_4,835,1788087112.708613,50,9.541897,1.095392
worker_4,836,1788087112.718195,50,9.558897,1.096160
worker_4,837,1788087112.727791,50,9.711583,1.098496
worker_4,838,1788087112.737547,50,9.546211,1.096480
worker_4,839,1788087112.747142,50,9.354396,1.096480
worker_4,840,1788087112.756534,50,9.530304,1.098240
worker_4,841,1788087112.766101,50,9.562147,1.098240
worker_4,842,1788087112.775696,50,9.563945,1.100000
worker_4,843,1788087112.785297,50,9.538424,1.096608
worker_4,844,1788087112.794872,50,9.540925,1.097664
worker_4,845,1788087112.804449,50,9.540675,1.095776
worker_4,846,1788087112.814031,50,9.537230,1.098528
worker_4,847,1788087112.823605,50,9.729870,1.098304
worker_4,848,1788087112.833382,50,9.533257,1.096704
worker_4,849,1788087112.842963,50,9.348747,1.096928
worker_4,850,1788087112.852357,50,9.527091,1.096320
worker_4,851,1788087112.861922,50,9.529989,1.095392
worker_4,852,1788087112.871487,50,9.536499,1.097152
worker_4,853,1788087112.881063,50,9.544100,1.096352
worker_4,854,1788087112.890645,50,9.536173,1.097280
worker_4,855,1788087112.900233,50,9.518165,1.096032
worker_4,856,1788087112.909784,50,9.547137,1.096448
worker_4,857,1788087112.919370,50,9.548535,1.099648
worker_4,858,1788087112.928957,50,9.532544,1.095808
worker_4,859,1788087112.938526,50,9.553841,1.096288
worker_4,860,1788087112.948115,50,9.538249,1.096256
worker_4,861,1788087112.957690,50,9.538990,1.095616
worker_4,862,1788087112.967267,50,9.546119,1.101280
worker_4,863,1788087112.976849,50,9.547102,1.101376
worker_4,864,1788087112.986434,50,9.536304,1.095872
worker_4,865,1788087112.996007,50,9.553535,1.106016
worker_4,866,1788087113.005597,50,9.541674,1.096576
worker_4,867,1788087113.015177,50,9.539804,1.098976
worker_4,868,1788087113.024754,50,9.537396,1.096640
worker_4,869,1788087113.034328,50,9.544156,1.097440
worker_4,870,1788087113.043919,50,9.535108,1.097856
worker_4,871,1788087113.053492,50,9.535933,1.097824
worker_4,872,1788087113.063065,50,9.537507,1.095424
worker_4,873,1788087113.072641,50,9.545823,1.097792
worker_4,874,1788087113.082225,50,9.553611,1.097248
worker_4,875,1788087113.091816,50,9.539044,1.095840
worker_4,876,1788087113.101392,50,9.550554,1.096864
worker_4,877,1788087113.110980,50,9.534127,1.096896
worker_4,878,1788087113.120553,50,9.532711,1.096672
worker_4,879,1788087113.130122,50,9.545212,1.098656
worker_4,880,1788087113.139706,50,9.534915,1.096288
worker_4,881,1788087113.149279,50,9.551156,1.097472
worker_4,882,1788087113.158867,50,9.539895,1.099584
worker_4,883,1788087113.168445,50,9.543174,1.097952
worker_4,884,1788087113.178027,50,9.535239,1.096960
worker_4,885,1788087113.187599,50,9.552008,1.096576
worker_4,886,1788087113.197190,50,9.537453,1.095968
worker_4,887,1788087113.206767,50,9.546341,1.099968
worker_4,888,1788087113.216350,50,9.538656,1.096128
worker_4,889,1788087113.225941,50,9.522944,1.097856
worker_4,890,1788087113.235502,50,9.533369,1.095520
worker_4,891,1788087113.245073,50,9.531129,1.097728
worker_4,892,1788087113.254637,50,9.552249,1.096736
worker_4,893,1788087113.264241,50,9.519073,1.097824
worker_4,894,1788087113.273798,50,9.542961,1.097024
worker_4,895,1788087113.283379,50,9.548582,1.101120
worker_4,896,1788087113.292965,50,9.542850,1.097152
worker_4,897,1788087113.302548,50,9.542814,1.097216
worker_4,898,1788087113.312128,50,9.538666,1.097248
worker_4,899,1788087113.321704,50,9.539249,1.096544
worker_4,900,1788087113.331283,50,9.558851,1.100000
worker_4,901,1788087113.340878,50,9.529341,1.096608
worker_4,902,1788087113.350441,50,9.551721,1.096384
worker_4,903,1788087113.360029,50,9.533415,1.097856
worker_4,904,1788087113.369598,50,9.542508,1.096480
worker_4,905,1788087113.379175,50,9.552508,1.097408
worker_4,906,1788087113.388765,50,9.533453,1.096256
worker_4,907,1788087113.398338,50,9.534036,1.096992
worker_4,908,1788087113.407908,50,9.547498,1.097408
worker_4,909,1788087113.417502,50,9.533239,1.096640
worker_4,910,1788087113.427074,50,9.536258,1.096480
worker_4,911,1788087113.436646,50,9.549952,1.097312
worker_4,912,1788087113.446234,50,9.544378,1.095584
worker_4,913,1788087113.455815,50,9.538536,1.099968
worker_4,914,1788087113.465391,50,9.557592,1.097504
worker_4,915,1788087113.474984,50,9.536350,1.096192
worker_4,916,1788087113.484558,50,9.534730,1.095744
worker_4,917,1788087113.494129,50,9.532193,1.096160
worker_4,918,1788087113.503697,50,9.554564,1.096192
worker_4,919,1788087113.513290,50,9.533683,1.096704
worker_4,920,1788087113.522861,50,9.543009,1.097312
worker_4,921,1788087113.532444,50,9.556776,1.097760
worker_4,922,1788087113.542037,50,9.547009,1.097120
worker_4,923,1788087113.551622,50,9.547406,1.095936
worker_4,924,1788087113.561210,50,9.524314,1.096544
worker_4,925,1788087113.570770,50,9.547406,1.100704
worker_4,926,1788087113.580430,50,9.460590,1.096416
worker_4,927,1788087113.589928,50,9.536786,1.097472
worker_4,928,1788087113.599511,50,9.523758,1.096160
worker_4,929,1788087113.609071,50,9.541490,1.097376
worker_4,930,1788087113.618649,50,9.530907,1.095296
worker_4,931,1788087113.628231,50,9.542943,1.097696
worker_4,932,1788087113.637811,50,9.530313,1.097344
worker_4,933,1788087113.647379,50,9.545479,1.096832
worker_4,934,1788087113.656960,50,9.544823,1.095616
worker_4,935,1788087113.666539,50,9.545702,1.096256
worker_4,936,1788087113.676119,50,9.536961,1.102944
worker_4,937,1788087113.685690,50,9.544536,1.097344
worker_4,938,1788087113.695271,50,9.520554,1.096352
worker_4,939,1788087113.704818,50,9.564572,1.098656
worker_4,940,1788087113.714420,50,9.556925,1.095584
worker_4,941,1788087113.724014,50,9.527572,1.099232
worker_4,942,1788087113.733577,50,9.536655,1.096608
worker_4,943,1788087113.743148,50,9.540183,1.101312
worker_4,944,1788087113.752724,50,9.527147,1.095680
worker_4,945,1788087113.762289,50,9.555896,1.098144
worker_4,946,1788087113.771880,50,9.514119,1.097248
worker_4,947,1788087113.781429,50,9.564516,1.095840
worker_4,948,1788087113.791038,50,9.538730,1.096960
worker_4,949,1788087113.800612,50,9.556406,1.096448
worker_4,950,1788087113.810204,50,9.527444,1.096960
worker_4,951,1788087113.819765,50,9.535887,1.099680
worker_4,952,1788087113.829336,50,9.529971,1.095968
worker_4,953,1788087113.838900,50,9.548962,1.098176
worker_4,954,1788087113.848485,50,9.558461,1.099264
worker_4,955,1788087113.858077,50,9.545156,1.097472
worker_4,956,1788087113.867657,50,9.533860,1.096128
worker_4,957,1788087113.877225,50,9.545462,1.097472
worker_4,958,1788087113.886806,50,9.541332,1.096320
worker_4,959,1788087113.896384,50,9.540387,1.098336
worker_4,960,1788087113.905960,50,9.537249,1.095200
worker_4,961,1788087113.915532,50,9.529249,1.096576
worker_4,962,1788087113.925095,50,9.543083,1.096736
worker_4,963,1788087113.934670,50,9.559637,1.097664
worker_4,964,1788087113.944268,50,9.526249,1.099680
worker_4,965,1788087113.953829,50,9.545045,1.097472
worker_4,966,1788087113.963410,50,9.546379,1.096288
worker_4,967,1788087113.973001,50,9.555193,1.096576
worker_4,968,1788087113.982592,50,9.540304,1.098432
worker_4,969,1788087113.992167,50,9.539712,1.095808
worker_4,970,1788087114.001741,50,9.543416,1.096800
worker_4,971,1788087114.011320,50,9.537851,1.098112
worker_4,972,1788087114.020892,50,9.558712,1.095392
worker_4,973,1788087114.030487,50,9.537990,1.095936
worker_4,974,1788087114.040060,50,9.546221,1.097952
worker_4,975,1788087114.049642,50,9.536341,1.097312
worker_4,976,1788087114.059213,50,9.539351,1.096160
worker_4,977,1788087114.068786,50,9.553750,1.096832
worker_4,978,1788087114.078378,50,9.543795,1.096736
worker_4,979,1788087114.087959,50,9.539415,1.099328
worker_4,980,1788087114.097530,50,9.543554,1.096992
worker_4,981,1788087114.107109,50,9.538378,1.103680
worker_4,982,1788087114.116682,50,9.537323,1.098144
worker_4,983,1788087114.126256,50,9.534684,1.097440
worker_4,984,1788087114.135825,50,9.556165,1.096096
worker_4,985,1788087114.145417,50,9.531804,1.096480
worker_4,986,1788087114.154984,50,9.571814,1.097440
worker_4,987,1788087114.164602,50,9.523998,1.095520
worker_4,988,1788087114.174163,50,9.534137,1.096064
worker_4,989,1788087114.183731,50,9.543147,1.098816
worker_4,990,1788087114.193312,50,9.543712,1.096864
worker_4,991,1788087114.202889,50,9.551443,1.097344
worker_4,992,1788087114.212476,50,9.535639,1.096640
worker_4,993,1788087114.222049,50,9.552564,1.096576
worker_4,994,1788087114.231636,50,9.549693,1.104608
worker_4,995,1788087114.241219,50,9.538425,1.095424
worker_4,996,1788087114.250795,50,9.544388,1.099712
worker_4,997,1788087114.260375,50,9.545859,1.095424
worker_4,998,1788087114.269953,50,9.553295,1.100736
worker_4,999,1788087114.279540,50,9.534775,1.098336
worker_4,1000,1788087114.289111,50,9.534100,1.095712
worker_4,1001,1788087114.298679,50,9.543036,1.097632
worker_4,1002,1788087114.308261,50,9.540581,1.095808
worker_4,1003,1788087114.317834,50,9.549823,1.097952
worker_4,1004,1788087114.327418,50,9.733390,1.095520
worker_4,1005,1788087114.337193,50,9.547869,1.097312
worker_4,1006,1788087114.346797,50,9.331811,1.097728
worker_4,1007,1788087114.356167,50,9.535786,1.096672
worker_4,1008,1788087114.365737,50,9.538564,1.097120
worker_4,1009,1788087114.375310,50,9.573805,1.099040
worker_4,1010,1788087114.384920,50,9.543332,1.096064
worker_4,1011,1788087114.394499,50,9.533591,1.096416
worker_4,1012,1788087114.404068,50,9.546896,1.097504
worker_4,1013,1788087114.413652,50,9.536970,1.096544
worker_4,1014,1788087114.423225,50,9.543517,1.098752
worker_4,1015,1788087114.432803,50,9.666805,1.096704
worker_4,1016,1788087114.442504,50,9.462489,1.097440
worker_4,1017,1788087114.452002,50,9.670027,1.096480
worker_4,1018,1788087114.461708,50,9.550618,1.096128
worker_4,1019,1788087114.471293,50,9.394256,1.096192
worker_4,1020,1788087114.480721,50,9.538619,1.096224
worker_4,1021,1788087114.490294,50,9.546461,1.097184
worker_4,1022,1788087114.499875,50,9.536360,1.097920
worker_4,1023,1788087114.509447,50,9.534870,1.096000
worker_4,1024,1788087114.519017,50,9.560083,1.109312
worker_4,1025,1788087114.528614,50,9.541675,1.097760
worker_4,1026,1788087114.538200,50,9.546294,1.098496
worker_4,1027,1788087114.547781,50,9.536999,1.099936
worker_4,1028,1788087114.557354,50,9.542888,1.097312
worker_4,1029,1788087114.566932,50,9.534887,1.098464
worker_4,1030,1788087114.576503,50,9.550028,1.096192
worker_4,1031,1788087114.586084,50,9.574712,1.096992
worker_4,1032,1788087114.595694,50,9.544156,1.100256
worker_4,1033,1788087114.605273,50,9.537416,1.097216
worker_4,1034,1788087114.614847,50,9.541129,1.096896
worker_4,1035,1788087114.624427,50,9.543092,1.096192
worker_4,1036,1788087114.634007,50,9.532239,1.095584
worker_4,1037,1788087114.643575,50,9.536962,1.097664
worker_4,1038,1788087114.653149,50,9.542249,1.097088
worker_4,1039,1788087114.662726,50,9.541267,1.097184
worker_4,1040,1788087114.672304,50,9.538915,1.096160
worker_4,1041,1788087114.681877,50,9.542258,1.095616
worker_4,1042,1788087114.691456,50,9.547860,1.097024
worker_4,1043,1788087114.701040,50,9.545813,1.100480
worker_4,1044,1788087114.710618,50,9.544221,1.096064
worker_4,1045,1788087114.720208,50,9.558249,1.100800
worker_4,1046,1788087114.729801,50,9.535906,1.095936
worker_4,1047,1788087114.739369,50,9.541396,1.096928
worker_4,1048,1788087114.748945,50,9.723870,1.095552
worker_4,1049,1788087114.758715,50,9.359570,1.094912
worker_4,1050,1788087114.768119,50,9.518286,1.097952
worker_4,1051,1788087114.777672,50,9.537526,1.096992
worker_4,1052,1788087114.787244,50,9.547619,1.101568
worker_4,1053,1788087114.796828,50,9.542305,1.096960
worker_4,1054,1788087114.806407,50,9.555397,1.096192
worker_4,1055,1788087114.816000,50,9.534388,1.098240
worker_4,1056,1788087114.825567,50,9.543721,1.096288
worker_4,1057,1788087114.835146,50,9.545795,1.097920
worker_4,1058,1788087114.844726,50,9.544490,1.096128
worker_4,1059,1788087114.854305,50,9.535174,1.096672
worker_4,1060,1788087114.863872,50,9.543916,1.095872
worker_4,1061,1788087114.873451,50,9.538323,1.096672
worker_4,1062,1788087114.883024,50,9.534313,1.095712
worker_4,1063,1788087114.892592,50,9.540304,1.096448
worker_4,1064,1788087114.902167,50,9.553989,1.096448
worker_4,1065,1788087114.911765,50,9.535860,1.104736
worker_4,1066,1788087114.921334,50,9.557850,1.095712
worker_4,1067,1788087114.930927,50,9.538842,1.097824
worker_4,1068,1788087114.940501,50,9.548434,1.097056
worker_4,1069,1788087114.950084,50,9.554730,1.096192
worker_4,1070,1788087114.959673,50,9.542564,1.099648
worker_4,1071,1788087114.969250,50,9.549166,1.098112
worker_4,1072,1788087114.978835,50,9.539017,1.096800
worker_4,1073,1788087114.988409,50,9.551165,1.096768
worker_4,1074,1788087114.997998,50,9.538082,1.096704
worker_4,1075,1788087115.007571,50,9.542249,1.098816
worker_4,1076,1788087115.017148,50,9.548572,1.095488
worker_4,1077,1788087115.026729,50,9.540786,1.097056
worker_4,1078,1788087115.036305,50,9.552304,1.095328
worker_4,1079,1788087115.045965,50,9.463636,1.096832
worker_4,1080,1788087115.055463,50,9.553564,1.096512
worker_4,1081,1788087115.065053,50,9.552314,1.097952
worker_4,1082,1788087115.074639,50,9.546278,1.096480
worker_4,1083,1788087115.084234,50,9.542859,1.096928
worker_4,1084,1788087115.093820,50,9.528647,1.095424
worker_4,1085,1788087115.103384,50,9.561980,1.099264
worker_4,1086,1788087115.112979,50,9.540461,1.096416
worker_4,1087,1788087115.122553,50,9.543323,1.095872
worker_4,1088,1788087115.132130,50,9.563009,1.100896
worker_4,1089,1788087115.141727,50,9.551721,1.096416
worker_4,1090,1788087115.151314,50,9.540378,1.096256
worker_4,1091,1788087115.160892,50,9.563692,1.096896
worker_4,1092,1788087115.170490,50,9.537128,1.096512
worker_4,1093,1788087115.180064,50,9.545192,1.098912
worker_4,1094,1788087115.189645,50,9.713510,1.096448
worker_4,1095,1788087115.199407,50,9.361035,1.100608
worker_4,1096,1788087115.208805,50,9.534545,1.098816
worker_4,1097,1788087115.218376,50,9.555748,1.096352
worker_4,1098,1788087115.227963,50,9.543608,1.096512
worker_4,1099,1788087115.237540,50,9.542933,1.095776
worker_4,1100,1788087115.247116,50,9.535054,1.096672
worker_4,1101,1788087115.256688,50,9.547472,1.095712
worker_4,1102,1788087115.266274,50,9.526656,1.097728
worker_4,1103,1788087115.275840,50,9.540554,1.097856
worker_4,1104,1788087115.285426,50,9.554194,1.097728
worker_4,1105,1788087115.295015,50,9.538489,1.097664
worker_4,1106,1788087115.304588,50,9.543415,1.096352
worker_4,1107,1788087115.314167,50,9.721973,1.096288
worker_4,1108,1788087115.323924,50,9.429655,1.098560
worker_4,1109,1788087115.333390,50,9.658778,1.098048
worker_4,1110,1788087115.343086,50,9.418256,1.099488
worker_4,1111,1788087115.352540,50,9.661167,1.098400
worker_4,1112,1788087115.362232,50,9.420433,1.096352
worker_4,1113,1788087115.371687,50,9.561055,1.096032
worker_4,1114,1788087115.381283,50,9.538555,1.098144
worker_4,1115,1788087115.390858,50,9.543804,1.097248
worker_4,1116,1788087115.400439,50,9.532851,1.095904
worker_4,1117,1788087115.410002,50,9.556240,1.097504
worker_4,1118,1788087115.419593,50,9.542777,1.100544
worker_4,1119,1788087115.429172,50,9.543175,1.097344
worker_4,1120,1788087115.438752,50,9.876493,1.099616
worker_4,1121,1788087115.448670,50,9.403385,1.097120
worker_4,1122,1788087115.458122,50,9.355006,1.096288
worker_4,1123,1788087115.467530,50,9.515534,1.096224
worker_4,1124,1788087115.477080,50,9.548629,1.096512
worker_4,1125,1788087115.486663,50,9.540536,1.097088
worker_4,1126,1788087115.496247,50,9.532276,1.097184
worker_4,1127,1788087115.505812,50,9.551665,1.098816
worker_4,1128,1788087115.515399,50,9.549416,1.096032
worker_4,1129,1788087115.524984,50,9.547165,1.096608
worker_4,1130,1788087115.534563,50,9.541008,1.096544
worker_4,1131,1788087115.544141,50,9.546925,1.098048
worker_4,1132,1788087115.553724,50,9.562323,1.096192
worker_4,1133,1788087115.563330,50,9.532064,1.099104
worker_4,1134,1788087115.572898,50,9.570323,1.096800
worker_4,1135,1788087115.582506,50,9.539156,1.097280
worker_4,1136,1788087115.592081,50,9.543055,1.098688
worker_4,1137,1788087115.601660,50,9.541526,1.096416
worker_4,1138,1788087115.611236,50,9.539101,1.096160
worker_4,1139,1788087115.620812,50,9.538156,1.096320
worker_4,1140,1788087115.630383,50,9.546285,1.097280
worker_4,1141,1788087115.639969,50,9.529906,1.097120
worker_4,1142,1788087115.649533,50,9.535545,1.096928
worker_4,1143,1788087115.659117,50,9.537999,1.099040
worker_4,1144,1788087115.668690,50,9.531675,1.096800
worker_4,1145,1788087115.678257,50,9.548489,1.095776
worker_4,1146,1788087115.687844,50,9.734371,1.098112
worker_4,1147,1788087115.697619,50,9.379951,1.097344
worker_4,1148,1788087115.707043,50,9.545276,1.099584
worker_4,1149,1788087115.716624,50,9.549266,1.097568
worker_4,1150,1788087115.726212,50,9.544804,1.096768
worker_4,1151,1788087115.735793,50,9.553953,1.096576
worker_4,1152,1788087115.745384,50,9.538221,1.096288
worker_4,1153,1788087115.754957,50,9.546054,1.097472
worker_4,1154,1788087115.764540,50,9.538638,1.096672
worker_4,1155,1788087115.774115,50,9.535841,1.096288
worker_4,1156,1788087115.783687,50,9.741287,1.096416
worker_4,1157,1788087115.793468,50,9.543471,1.096128
worker_4,1158,1788087115.803058,50,9.370831,1.096384
worker_4,1159,1788087115.812468,50,9.533489,1.098144
worker_4,1160,1788087115.822038,50,9.537193,1.097664
worker_4,1161,1788087115.831609,50,9.564035,1.096384
worker_4,1162,1788087115.841216,50,9.522110,1.095776
worker_4,1163,1788087115.850773,50,9.551869,1.095328
worker_4,1164,1788087115.860357,50,9.553712,1.097440
worker_4,1165,1788087115.869946,50,9.529091,1.096256
worker_4,1166,1788087115.879511,50,9.541629,1.099136
worker_4,1167,1788087115.889087,50,9.545814,1.096128
worker_4,1168,1788087115.898668,50,9.580148,1.103264
worker_4,1169,1788087115.908283,50,9.519758,1.096352
worker_4,1170,1788087115.917832,50,9.554675,1.096800
worker_4,1171,1788087115.927423,50,9.716639,1.099584
worker_4,1172,1788087115.937184,50,9.540119,1.097568
worker_4,1173,1788087115.946771,50,9.361283,1.095680
worker_4,1174,1788087115.956171,50,9.536369,1.096864
worker_4,1175,1788087115.965742,50,9.541999,1.095456
worker_4,1176,1788087115.975318,50,9.552767,1.098208
worker_4,1177,1788087115.984906,50,9.535230,1.095712
worker_4,1178,1788087115.994478,50,9.565786,1.094624
worker_4,1179,1788087116.004078,50,9.548795,1.097792
worker_4,1180,1788087116.013661,50,9.543138,1.096352
worker_4,1181,1788087116.023239,50,9.539064,1.100352
worker_4,1182,1788087116.032824,50,9.524721,1.097152
worker_4,1183,1788087116.042384,50,9.560952,1.096128
worker_4,1184,1788087116.051980,50,9.539897,1.098720
worker_4,1185,1788087116.061554,50,9.547230,1.096128
worker_4,1186,1788087116.071136,50,9.548943,1.102464
worker_4,1187,1788087116.080721,50,9.535778,1.096832
worker_4,1188,1788087116.090293,50,9.539184,1.096832
worker_4,1189,1788087116.099868,50,9.540295,1.098240
worker_4,1190,1788087116.109444,50,9.546675,1.096928
worker_4,1191,1788087116.119026,50,9.533591,1.096768
worker_4,1192,1788087116.128595,50,9.536045,1.097952
worker_4,1193,1788087116.138164,50,9.556647,1.097152
worker_4,1194,1788087116.147756,50,9.552749,1.099488
worker_4,1195,1788087116.157346,50,9.544489,1.096256
worker_4,1196,1788087116.166925,50,9.710158,1.096512
worker_4,1197,1788087116.176676,50,9.548147,1.095488
worker_4,1198,1788087116.186271,50,9.399765,1.096800
worker_4,1199,1788087116.195716,50,9.517415,1.098560
worker_4,1200,1788087116.205269,50,9.544545,1.096064
worker_4,1201,1788087116.214859,50,9.528915,1.097696
worker_4,1202,1788087116.224424,50,9.541573,1.095904
worker_4,1203,1788087116.234000,50,9.556102,1.095808
worker_4,1204,1788087116.243591,50,9.545675,1.097152
worker_4,1205,1788087116.253173,50,9.543452,1.095712
worker_4,1206,1788087116.262751,50,9.540952,1.096224
worker_4,1207,1788087116.272331,50,9.544795,1.096544
worker_4,1208,1788087116.281909,50,9.540323,1.097024
worker_4,1209,1788087116.291482,50,9.734519,1.096960
worker_4,1210,1788087116.301258,50,9.540258,1.096928
worker_4,1211,1788087116.310846,50,9.348830,1.095904
worker_4,1212,1788087116.320239,50,9.524063,1.097568
worker_4,1213,1788087116.329797,50,9.538674,1.096928
worker_4,1214,1788087116.339370,50,9.556314,1.101184
worker_4,1215,1788087116.348962,50,9.536628,1.096832
worker_4,1216,1788087116.358533,50,9.549295,1.096288
worker_4,1217,1788087116.368116,50,9.538137,1.097056
worker_4,1218,1788087116.377689,50,9.541786,1.097568
worker_4,1219,1788087116.387265,50,9.547352,1.095552
worker_4,1220,1788087116.396849,50,9.544452,1.098784
worker_4,1221,1788087116.406440,50,9.524729,1.098240
worker_4,1222,1788087116.416000,50,9.728528,1.096448
worker_4,1223,1788087116.425774,50,9.535554,1.097376
worker_4,1224,1788087116.435356,50,9.498212,1.096832
worker_4,1225,1788087116.444891,50,9.545952,1.095808
worker_4,1226,1788087116.454471,50,9.538813,1.096416
worker_4,1227,1788087116.464048,50,9.413432,1.101536
worker_4,1228,1788087116.473494,50,9.509859,1.097248
worker_4,1229,1788087116.483038,50,9.556082,1.095392
worker_4,1230,1788087116.492698,50,9.470415,1.096960
worker_4,1231,1788087116.502205,50,9.555711,1.096448
worker_4,1232,1788087116.511796,50,9.544119,1.097888
worker_4,1233,1788087116.521374,50,9.530906,1.096416
worker_4,1234,1788087116.530937,50,9.546064,1.097568
worker_4,1235,1788087116.540518,50,9.553564,1.096672
worker_4,1236,1788087116.550107,50,9.551239,1.097408
worker_4,1237,1788087116.559694,50,9.531267,1.100384
worker_4,1238,1788087116.569261,50,9.538156,1.095008
worker_4,1239,1788087116.578833,50,9.761528,1.098016
worker_4,1240,1788087116.588662,50,9.304006,1.097024
worker_4,1241,1788087116.598001,50,9.543322,1.097440
worker_4,1242,1788087116.607582,50,9.542082,1.106176
worker_4,1243,1788087116.617159,50,9.549183,1.097600
worker_4,1244,1788087116.626742,50,9.536638,1.096352
worker_4,1245,1788087116.636315,50,9.560926,1.096544
worker_4,1246,1788087116.645911,50,9.541953,1.097568
worker_4,1247,1788087116.655489,50,9.547998,1.097536
worker_4,1248,1788087116.665073,50,9.548582,1.095360
worker_4,1249,1788087116.674656,50,9.540416,1.098144
worker_4,1250,1788087116.684244,50,9.539073,1.096064
worker_4,1251,1788087116.693818,50,9.534999,1.096480
worker_4,1252,1788087116.703388,50,9.558147,1.095904
worker_4,1253,1788087116.712980,50,9.555721,1.095648
worker_4,1254,1788087116.722574,50,9.538703,1.097760
worker_4,1255,1788087116.732154,50,9.535305,1.102240
worker_4,1256,1788087116.741726,50,9.534341,1.096192
worker_4,1257,1788087116.751296,50,9.561786,1.102496
worker_4,1258,1788087116.760892,50,9.543572,1.097888
worker_4,1259,1788087116.770472,50,9.713992,1.096544
worker_4,1260,1788087116.780262,50,9.518860,1.096576
worker_4,1261,1788087116.789829,50,9.359470,1.096288
worker_4,1262,1788087116.799231,50,9.514397,1.096800
worker_4,1263,1788087116.808782,50,9.574378,1.098944
worker_4,1264,1788087116.818393,50,9.676750,1.096480
worker_4,1265,1788087116.828105,50,9.383572,1.095904
worker_4,1266,1788087116.837522,50,9.534934,1.097184
worker_4,1267,1788087116.847092,50,9.533565,1.097760
worker_4,1268,1788087116.856658,50,9.558119,1.095744
worker_4,1269,1788087116.866251,50,9.532693,1.096128
worker_4,1270,1788087116.875819,50,9.551230,1.097248
worker_4,1271,1788087116.885404,50,9.544684,1.096224
worker_4,1272,1788087116.894984,50,9.546703,1.096352
worker_4,1273,1788087116.904569,50,9.519804,1.096576
worker_4,1274,1788087116.914125,50,9.546424,1.096960
worker_4,1275,1788087116.923707,50,9.731018,1.098816
worker_4,1276,1788087116.933486,50,9.532055,1.095968
worker_4,1277,1788087116.943066,50,9.342969,1.097824
worker_4,1278,1788087116.952447,50,9.539211,1.096768
worker_4,1279,1788087116.962029,50,9.537350,1.095680
worker_4,1280,1788087116.971604,50,9.543322,1.096672
worker_4,1281,1788087116.981179,50,9.545415,1.096672
worker_4,1282,1788087116.990758,50,9.546795,1.095808
worker_4,1283,1788087117.000342,50,9.530267,1.096448
worker_4,1284,1788087117.009907,50,9.540999,1.096704
worker_4,1285,1788087117.019483,50,9.543776,1.097952
worker_4,1286,1788087117.029063,50,9.550516,1.095840
worker_4,1287,1788087117.038647,50,9.543573,1.098976
worker_4,1288,1788087117.048236,50,9.532943,1.097248
worker_4,1289,1788087117.057807,50,9.543582,1.097152
worker_4,1290,1788087117.067386,50,9.558684,1.098464
worker_4,1291,1788087117.076982,50,9.535980,1.096192
worker_4,1292,1788087117.086554,50,9.542304,1.096576
worker_4,1293,1788087117.096131,50,9.540750,1.096128
worker_4,1294,1788087117.105709,50,9.540100,1.097856
worker_4,1295,1788087117.115285,50,9.558202,1.096896
worker_4,1296,1788087117.124879,50,9.538748,1.097856
worker_4,1297,1788087117.134452,50,9.535859,1.095648
worker_4,1298,1788087117.144023,50,9.553758,1.097952
worker_4,1299,1788087117.153623,50,9.711147,1.097536
worker_4,1300,1788087117.163380,50,9.523823,1.096160
worker_4,1301,1788087117.172950,50,9.524081,1.096704
worker_4,1302,1788087117.182520,50,9.359265,1.095904
worker_4,1303,1788087117.191916,50,9.538692,1.098304
worker_4,1304,1788087117.201490,50,9.542276,1.095904
worker_4,1305,1788087117.211066,50,9.540026,1.096800
worker_4,1306,1788087117.220643,50,9.545073,1.096512
worker_4,1307,1788087117.230225,50,9.712453,1.096640
worker_4,1308,1788087117.239978,50,9.378737,1.097952
worker_4,1309,1788087117.249393,50,9.534655,1.096448
worker_4,1310,1788087117.258962,50,9.554860,1.102400
worker_4,1311,1788087117.268552,50,9.544129,1.097952
worker_4,1312,1788087117.278128,50,9.545396,1.096832
worker_4,1313,1788087117.287709,50,9.542777,1.097280
worker_4,1314,1788087117.297285,50,9.684426,1.096928
worker_4,1315,1788087117.307004,50,9.407496,1.098848
worker_4,1316,1788087117.316448,50,9.527962,1.094592
worker_4,1317,1788087117.326015,50,9.535332,1.099328
worker_4,1318,1788087117.335596,50,9.529276,1.096224
worker_4,1319,1788087117.345162,50,9.547665,1.097216
worker_4,1320,1788087117.354744,50,9.537712,1.096704
worker_4,1321,1788087117.364317,50,9.541444,1.097216
worker_4,1322,1788087117.373897,50,9.534822,1.097088
worker_4,1323,1788087117.383468,50,9.575647,1.096384
worker_4,1324,1788087117.393084,50,9.537295,1.095680
worker_4,1325,1788087117.402656,50,9.727427,1.097088
worker_4,1326,1788087117.412429,50,9.554138,1.097056
worker_4,1327,1788087117.422030,50,9.358933,1.094592
worker_4,1328,1788087117.431435,50,9.673036,1.096096
worker_4,1329,1788087117.441144,50,9.502304,1.096896
worker_4,1330,1788087117.450679,50,9.600445,1.097472
worker_4,1331,1788087117.460317,50,9.546703,1.104768
worker_4,1332,1788087117.469899,50,9.397173,1.096576
worker_4,1333,1788087117.479331,50,9.540275,1.099296
worker_4,1334,1788087117.488907,50,9.533138,1.096128
worker_4,1335,1788087117.498472,50,9.574841,1.095904
worker_4,1336,1788087117.508083,50,9.531230,1.097760
worker_4,1337,1788087117.517647,50,9.545953,1.096928
worker_4,1338,1788087117.527239,50,9.534443,1.101600
worker_4,1339,1788087117.536808,50,9.539907,1.096928
worker_4,1340,1788087117.546384,50,9.557583,1.097728
worker_4,1341,1788087117.555976,50,9.540758,1.096768
worker_4,1342,1788087117.565552,50,9.534758,1.096864
worker_4,1343,1788087117.575122,50,9.556156,1.103456
worker_4,1344,1788087117.584713,50,9.539378,1.097376
worker_4,1345,1788087117.594288,50,9.540795,1.096768
worker_4,1346,1788087117.603864,50,9.538461,1.097088
worker_4,1347,1788087117.613436,50,9.553211,1.097760
worker_4,1348,1788087117.623023,50,9.540147,1.096736
worker_4,1349,1788087117.632598,50,9.542962,1.095392
worker_4,1350,1788087117.642177,50,9.542063,1.096800
worker_4,1351,1788087117.651756,50,9.548554,1.106112
worker_4,1352,1788087117.661339,50,9.558666,1.096928
worker_4,1353,1788087117.670934,50,9.528388,1.096512
worker_4,1354,1788087117.680499,50,9.533877,1.095872
worker_4,1355,1788087117.690067,50,9.565971,1.096448
worker_4,1356,1788087117.699669,50,9.542740,1.098944
worker_4,1357,1788087117.709255,50,9.554342,1.096704
worker_4,1358,1788087117.718848,50,9.523591,1.096736
worker_4,1359,1788087117.728406,50,9.549425,1.097344
worker_4,1360,1788087117.737994,50,9.550054,1.096160
worker_4,1361,1788087117.747579,50,9.532953,1.096480
worker_4,1362,1788087117.757148,50,9.541138,1.095904
worker_4,1363,1788087117.766723,50,9.549833,1.097632
worker_4,1364,1788087117.776307,50,9.543258,1.096512
worker_4,1365,1788087117.785884,50,9.541369,1.096224
worker_4,1366,1788087117.795459,50,9.548221,1.096704
worker_4,1367,1788087117.805041,50,9.556500,1.097728
worker_4,1368,1788087117.814633,50,9.537813,1.095936
worker_4,1369,1788087117.824205,50,9.547535,1.099488
worker_4,1370,1788087117.833787,50,9.545638,1.096768
worker_4,1371,1788087117.843366,50,9.562711,1.099104
worker_4,1372,1788087117.852963,50,9.541333,1.098272
worker_4,1373,1788087117.862539,50,9.535841,1.095712
worker_4,1374,1788087117.872110,50,9.540665,1.098720
worker_4,1375,1788087117.881689,50,9.536138,1.096832
worker_4,1376,1788087117.891262,50,9.543693,1.098656
worker_4,1377,1788087117.900856,50,9.517220,1.098272
worker_4,1378,1788087117.910407,50,9.561035,1.097824
worker_4,1379,1788087117.920002,50,9.546117,1.096800
worker_4,1380,1788087117.929582,50,9.715583,1.096704
worker_4,1381,1788087117.939411,50,9.463368,1.095584
worker_4,1382,1788087117.948920,50,9.335626,1.098560
worker_4,1383,1788087117.958294,50,9.539424,1.096288
worker_4,1384,1788087117.967868,50,9.540489,1.097312
worker_4,1385,1788087117.977441,50,9.555508,1.097408
worker_4,1386,1788087117.987029,50,9.547379,1.096800
worker_4,1387,1788087117.996609,50,9.551119,1.096064
worker_4,1388,1788087118.006192,50,9.545647,1.097088
worker_4,1389,1788087118.015775,50,9.680158,1.097472
worker_4,1390,1788087118.025494,50,9.403072,1.096256
worker_4,1391,1788087118.034933,50,9.540823,1.100736
worker_4,1392,1788087118.044513,50,9.726509,1.095232
worker_4,1393,1788087118.054286,50,9.491702,1.096320
worker_4,1394,1788087118.063816,50,9.390146,1.098464
worker_4,1395,1788087118.073242,50,9.547732,1.095840
worker_4,1396,1788087118.082833,50,9.529100,1.096704
worker_4,1397,1788087118.092397,50,9.537425,1.097536
worker_4,1398,1788087118.101973,50,9.551231,1.096384
worker_4,1399,1788087118.111558,50,9.535073,1.095424
worker_4,1400,1788087118.121129,50,9.540554,1.096928
worker_4,1401,1788087118.130702,50,9.554907,1.096160
worker_4,1402,1788087118.140293,50,9.727880,1.097568
worker_4,1403,1788087118.150068,50,9.373276,1.096672
worker_4,1404,1788087118.159487,50,9.508517,1.096416
worker_4,1405,1788087118.169033,50,9.546554,1.097952
worker_4,1406,1788087118.178615,50,9.545471,1.096864
worker_4,1407,1788087118.188196,50,9.541491,1.098688
worker_4,1408,1788087118.197773,50,9.542934,1.095424
worker_4,1409,1788087118.207349,50,9.549564,1.096288
worker_4,1410,1788087118.216934,50,9.551860,1.098848
worker_4,1411,1788087118.226519,50,9.540388,1.097184
worker_4,1412,1788087118.236094,50,9.543055,1.097184
worker_4,1413,1788087118.245674,50,9.539321,1.096544
worker_4,1414,1788087118.255248,50,9.553805,1.100384
worker_4,1415,1788087118.264838,50,9.543378,1.101408
worker_4,1416,1788087118.274425,50,9.535499,1.096640
worker_4,1417,1788087118.283993,50,9.541425,1.095872
worker_4,1418,1788087118.293570,50,9.686861,1.097760
worker_4,1419,1788087118.303288,50,9.445146,1.095232
worker_4,1420,1788087118.312770,50,9.508944,1.096128
worker_4,1421,1788087118.322315,50,9.535063,1.096064
worker_4,1422,1788087118.331885,50,9.548238,1.105120
worker_4,1423,1788087118.341469,50,9.542147,1.096384
worker_4,1424,1788087118.351049,50,9.531110,1.096352
worker_4,1425,1788087118.360616,50,9.537396,1.096608
worker_4,1426,1788087118.370190,50,9.553249,1.095616
worker_4,1427,1788087118.379780,50,9.538286,1.096544
worker_4,1428,1788087118.389354,50,9.541083,1.097344
worker_4,1429,1788087118.398932,50,9.548535,1.098016
worker_4,1430,1788087118.408520,50,9.554638,1.097216
worker_4,1431,1788087118.418110,50,9.536627,1.096736
worker_4,1432,1788087118.427682,50,9.718380,1.096192
worker_4,1433,1788087118.437437,50,9.538813,1.095904
worker_4,1434,1788087118.447014,50,9.527267,1.097216
worker_4,1435,1788087118.456586,50,9.540933,1.095808
worker_4,1436,1788087118.466162,50,9.398684,1.096992
worker_4,1437,1788087118.475596,50,9.537498,1.100736
worker_4,1438,1788087118.485172,50,9.537693,1.097664
worker_4,1439,1788087118.494744,50,9.534183,1.095840
worker_4,1440,1788087118.504314,50,9.533342,1.095296
worker_4,1441,1788087118.513883,50,9.538527,1.097280
worker_4,1442,1788087118.523457,50,9.553776,1.096576
worker_4,1443,1788087118.533049,50,9.533980,1.096608
worker_4,1444,1788087118.542617,50,9.540091,1.097600
worker_4,1445,1788087118.552193,50,9.567424,1.098368
worker_4,1446,1788087118.561796,50,9.539526,1.095904
worker_4,1447,1788087118.571371,50,9.540749,1.097760
worker_4,1448,1788087118.580947,50,9.558981,1.095872
worker_4,1449,1788087118.590541,50,9.535998,1.094944
worker_4,1450,1788087118.600112,50,9.555526,1.096640
worker_4,1451,1788087118.609702,50,9.538933,1.097728
worker_4,1452,1788087118.619276,50,9.563304,1.101792
worker_4,1453,1788087118.628875,50,9.545128,1.095872
worker_4,1454,1788087118.638456,50,9.538990,1.097824
worker_4,1455,1788087118.648037,50,9.530471,1.096800
worker_4,1456,1788087118.657604,50,9.538656,1.096896
worker_4,1457,1788087118.667181,50,9.556313,1.100768
worker_4,1458,1788087118.676772,50,9.537425,1.096576
worker_4,1459,1788087118.686343,50,9.552712,1.095808
worker_4,1460,1788087118.695932,50,9.534424,1.095520
worker_4,1461,1788087118.705503,50,9.538110,1.096416
worker_4,1462,1788087118.715075,50,9.550221,1.101888
worker_4,1463,1788087118.724659,50,9.532749,1.095520
worker_4,1464,1788087118.734227,50,9.545730,1.095552
worker_4,1465,1788087118.743807,50,9.727760,1.100256
worker_4,1466,1788087118.753577,50,9.535961,1.096416
worker_4,1467,1788087118.763160,50,9.340627,1.097824
worker_4,1468,1788087118.772540,50,9.534157,1.097952
worker_4,1469,1788087118.782107,50,9.546749,1.099840
worker_4,1470,1788087118.791689,50,9.537749,1.096832
worker_4,1471,1788087118.801262,50,9.568971,1.097696
worker_4,1472,1788087118.810867,50,9.539989,1.096512
worker_4,1473,1788087118.820445,50,9.537370,1.096544
worker_4,1474,1788087118.830031,50,9.538610,1.096320
worker_4,1475,1788087118.839606,50,9.535869,1.095808
worker_4,1476,1788087118.849177,50,9.537146,1.095584
worker_4,1477,1788087118.858749,50,9.550897,1.098464
worker_4,1478,1788087118.868334,50,9.537266,1.096544
worker_4,1479,1788087118.877907,50,9.536554,1.095808
worker_4,1480,1788087118.887481,50,9.539925,1.095776
worker_4,1481,1788087118.897059,50,9.560387,1.095712
worker_4,1482,1788087118.906656,50,9.534859,1.096960
worker_4,1483,1788087118.916238,50,9.529943,1.098048
worker_4,1484,1788087118.925803,50,9.540314,1.096896
worker_4,1485,1788087118.935380,50,9.535934,1.096608
worker_4,1486,1788087118.944952,50,9.543749,1.096320
worker_4,1487,1788087118.954532,50,9.538221,1.096448
worker_4,1488,1788087118.964104,50,9.558963,1.097120
worker_4,1489,1788087118.973701,50,9.538129,1.096800
worker_4,1490,1788087118.983272,50,9.569018,1.096576
worker_4,1491,1788087118.992875,50,9.531879,1.095424
worker_4,1492,1788087119.002442,50,9.550860,1.095648
worker_4,1493,1788087119.012029,50,9.552490,1.097952
worker_4,1494,1788087119.021628,50,9.529545,1.097952
worker_4,1495,1788087119.031193,50,9.547286,1.097952
worker_4,1496,1788087119.040779,50,9.529442,1.097408
worker_4,1497,1788087119.050340,50,9.558768,1.097152
worker_4,1498,1788087119.059935,50,9.526240,1.096672
worker_4,1499,1788087119.069496,50,9.561880,1.096640
worker_4,1500,1788087119.079093,50,9.534915,1.096352
worker_4,1501,1788087119.088663,50,9.563953,1.096064
worker_4,1502,1788087119.098262,50,9.529323,1.096672
worker_4,1503,1788087119.107827,50,9.549221,1.096800
worker_4,1504,1788087119.117413,50,9.538998,1.096448
worker_4,1505,1788087119.126987,50,9.542768,1.100000
worker_4,1506,1788087119.136561,50,9.543008,1.095776
worker_4,1507,1788087119.146138,50,9.553415,1.096032
worker_4,1508,1788087119.155727,50,9.543082,1.096704
worker_4,1509,1788087119.165307,50,9.541508,1.096640
worker_4,1510,1788087119.174884,50,9.552165,1.099168
worker_4,1511,1788087119.184473,50,9.539684,1.097120
worker_4,1512,1788087119.194048,50,9.546137,1.100064
worker_4,1513,1788087119.203640,50,9.522544,1.097216
worker_4,1514,1788087119.213196,50,9.549082,1.096640
worker_4,1515,1788087119.222780,50,9.536618,1.097120
worker_4,1516,1788087119.232352,50,9.541527,1.095840
worker_4,1517,1788087119.241928,50,9.527545,1.096800
worker_4,1518,1788087119.251492,50,9.539007,1.097056
worker_4,1519,1788087119.261063,50,9.542304,1.096960
worker_4,1520,1788087119.270642,50,9.562565,1.097184
worker_4,1521,1788087119.280256,50,9.523693,1.096224
worker_4,1522,1788087119.289815,50,9.540387,1.096608
worker_4,1523,1788087119.299388,50,9.543933,1.098592
worker_4,1524,1788087119.308967,50,9.553831,1.096288
worker_4,1525,1788087119.318552,50,9.547813,1.096992
worker_4,1526,1788087119.328136,50,9.550258,1.096768
worker_4,1527,1788087119.337722,50,9.553082,1.106176
worker_4,1528,1788087119.347311,50,9.536767,1.095904
worker_4,1529,1788087119.356883,50,9.540220,1.095392
worker_4,1530,1788087119.366460,50,9.537720,1.096128
worker_4,1531,1788087119.376035,50,9.544204,1.101056
worker_4,1532,1788087119.385698,50,9.459220,1.096448
worker_4,1533,1788087119.395200,50,9.527388,1.098976
worker_4,1534,1788087119.404763,50,9.536841,1.097856
worker_4,1535,1788087119.414332,50,9.546138,1.097024
worker_4,1536,1788087119.423914,50,9.544786,1.096672
worker_4,1537,1788087119.433495,50,9.536943,1.096800
worker_4,1538,1788087119.443067,50,9.560018,1.104512
worker_4,1539,1788087119.452662,50,9.533526,1.097792
worker_4,1540,1788087119.462232,50,9.542692,1.097280
worker_4,1541,1788087119.471810,50,9.536110,1.096864
worker_4,1542,1788087119.481382,50,9.539267,1.096672
worker_4,1543,1788087119.490956,50,9.540377,1.097888
worker_4,1544,1788087119.500531,50,9.542295,1.096896
worker_4,1545,1788087119.510109,50,9.537897,1.095200
worker_4,1546,1788087119.519683,50,9.742408,1.097856
worker_4,1547,1788087119.529467,50,9.535554,1.096992
worker_4,1548,1788087119.539051,50,9.340043,1.095488
worker_4,1549,1788087119.548429,50,9.523878,1.096640
worker_4,1550,1788087119.557985,50,9.708204,1.095328
worker_4,1551,1788087119.567732,50,9.548664,1.100512
worker_4,1552,1788087119.577327,50,9.521388,1.097472
worker_4,1553,1788087119.586881,50,9.390655,1.096832
worker_4,1554,1788087119.596308,50,9.544480,1.096512
worker_4,1555,1788087119.605888,50,9.549906,1.101568
worker_4,1556,1788087119.615476,50,9.539832,1.095648
worker_4,1557,1788087119.625054,50,9.537952,1.097728
worker_4,1558,1788087119.634627,50,9.538564,1.096832
worker_4,1559,1788087119.644201,50,9.536971,1.096256
worker_4,1560,1788087119.653773,50,9.539981,1.096448
worker_4,1561,1788087119.663351,50,9.539268,1.095392
worker_4,1562,1788087119.672927,50,9.547925,1.104352
worker_4,1563,1788087119.682595,50,9.461692,1.096768
worker_4,1564,1788087119.692092,50,9.540990,1.096704
worker_4,1565,1788087119.701667,50,9.536230,1.098144
worker_4,1566,1788087119.711236,50,9.734491,1.096576
worker_4,1567,1788087119.721018,50,9.571749,1.097664
worker_4,1568,1788087119.730636,50,9.316589,1.096896
worker_4,1569,1788087119.739990,50,9.528953,1.095776
worker_4,1570,1788087119.749553,50,9.544795,1.095680
worker_4,1571,1788087119.759135,50,9.545462,1.098656
worker_4,1572,1788087119.768725,50,9.522869,1.095296
worker_4,1573,1788087119.778286,50,9.539211,1.096512
worker_4,1574,1788087119.787860,50,9.541174,1.101120
worker_4,1575,1788087119.797439,50,9.565063,1.097856
worker_4,1576,1788087119.807040,50,9.538471,1.096544
worker_4,1577,1788087119.816614,50,9.537332,1.095808
worker_4,1578,1788087119.826189,50,9.549545,1.095744
worker_4,1579,1788087119.835775,50,9.537471,1.100384
worker_4,1580,1788087119.845348,50,9.542156,1.096160
worker_4,1581,1788087119.854925,50,9.544202,1.096608
worker_4,1582,1788087119.864506,50,9.542164,1.098880
worker_4,1583,1788087119.874082,50,9.537397,1.095232
worker_4,1584,1788087119.883656,50,9.542906,1.097056
worker_4,1585,1788087119.893238,50,9.536571,1.096992
worker_4,1586,1788087119.902810,50,9.547063,1.096576
worker_4,1587,1788087119.912394,50,9.731297,1.097728
worker_4,1588,1788087119.922174,50,9.365701,1.098592
worker_4,1589,1788087119.931586,50,9.499693,1.095904
worker_4,1590,1788087119.941122,50,9.537989,1.097920
worker_4,1591,1788087119.950705,50,9.541739,1.096064
worker_4,1592,1788087119.960281,50,9.543554,1.096544
worker_4,1593,1788087119.969860,50,9.540128,1.097856
worker_4,1594,1788087119.979431,50,9.543231,1.098016
worker_4,1595,1788087119.989012,50,9.527035,1.096896
worker_4,1596,1788087119.998562,50,9.555619,1.095936
worker_4,1597,1788087120.008140,50,9.731983,1.095936
worker_4,1598,1788087120.017913,50,9.532305,1.096416
worker_4,1599,1788087120.027483,50,9.382339,1.097216
worker_4,1600,1788087120.036904,50,9.556999,1.095680
worker_4,1601,1788087120.046492,50,9.540434,1.095904
worker_4,1602,1788087120.056066,50,9.543044,1.096192
worker_4,1603,1788087120.065636,50,9.539128,1.096960
worker_4,1604,1788087120.075201,50,9.573082,1.096352
worker_4,1605,1788087120.084810,50,9.528074,1.096672
worker_4,1606,1788087120.094372,50,9.540332,1.098208
worker_4,1607,1788087120.103946,50,9.532592,1.097792
worker_4,1608,1788087120.113517,50,9.537730,1.097728
worker_4,1609,1788087120.123094,50,9.537814,1.097248
worker_4,1610,1788087120.132667,50,9.529786,1.095904
worker_4,1611,1788087120.142237,50,9.545545,1.097984
worker_4,1612,1788087120.151820,50,9.533147,1.097856
worker_4,1613,1788087120.161387,50,9.540767,1.096416
worker_4,1614,1788087120.170963,50,9.532758,1.097792
worker_4,1615,1788087120.180531,50,9.551741,1.097888
worker_4,1616,1788087120.190117,50,9.540814,1.095968
worker_4,1617,1788087120.199696,50,9.551610,1.096864
worker_4,1618,1788087120.209282,50,9.720852,1.097344
worker_4,1619,1788087120.219043,50,9.555101,1.095872
worker_4,1620,1788087120.228645,50,9.347608,1.096512
worker_4,1621,1788087120.238031,50,9.536693,1.096096
worker_4,1622,1788087120.247603,50,9.552527,1.098656
worker_4,1623,1788087120.257190,50,9.535767,1.097408
worker_4,1624,1788087120.266759,50,9.544981,1.098528
worker_4,1625,1788087120.276338,50,9.699547,1.098432
worker_4,1626,1788087120.286075,50,9.511702,1.096096
worker_4,1627,1788087120.295621,50,9.573332,1.101152
worker_4,1628,1788087120.305227,50,9.419888,1.097152
worker_4,1629,1788087120.314683,50,9.858354,1.096480
worker_4,1630,1788087120.324602,50,9.203690,1.098112
worker_4,1631,1788087120.333842,50,9.645018,1.095968
worker_4,1632,1788087120.343522,50,9.583480,1.096576
worker_4,1633,1788087120.353141,50,9.397599,1.096128
worker_4,1634,1788087120.362575,50,9.531776,1.096512
worker_4,1635,1788087120.372143,50,9.551434,1.097472
worker_4,1636,1788087120.381731,50,9.542646,1.096608
worker_4,1637,1788087120.391311,50,9.555054,1.096352
worker_4,1638,1788087120.400901,50,9.552628,1.096320
worker_4,1639,1788087120.410485,50,9.547175,1.097376
worker_4,1640,1788087120.420071,50,9.542953,1.100800
worker_4,1641,1788087120.429648,50,9.535739,1.096384
worker_4,1642,1788087120.439220,50,9.539259,1.096416
worker_4,1643,1788087120.448795,50,9.550314,1.096736
worker_4,1644,1788087120.458379,50,9.541665,1.096640
worker_4,1645,1788087120.467956,50,9.536359,1.097280
worker_4,1646,1788087120.477528,50,9.543184,1.096448
worker_4,1647,1788087120.487108,50,9.531619,1.096992
worker_4,1648,1788087120.496675,50,9.541990,1.096128
worker_4,1649,1788087120.506253,50,9.542711,1.095904
worker_4,1650,1788087120.515842,50,9.533572,1.097152
worker_4,1651,1788087120.525412,50,9.537340,1.097472
worker_4,1652,1788087120.534988,50,9.688676,1.096352
worker_4,1653,1788087120.544713,50,9.545462,1.097440
worker_4,1654,1788087120.554292,50,9.559693,1.097120
worker_4,1655,1788087120.563886,50,9.541536,1.095296
worker_4,1656,1788087120.573462,50,9.539758,1.096096
worker_4,1657,1788087120.583037,50,9.541526,1.096352
worker_4,1658,1788087120.592613,50,9.544175,1.097696
worker_4,1659,1788087120.602191,50,9.549601,1.096480
worker_4,1660,1788087120.611775,50,9.568480,1.099904
worker_4,1661,1788087120.621386,50,9.556554,1.096768
worker_4,1662,1788087120.630990,50,9.339257,1.096448
worker_4,1663,1788087120.640367,50,9.535850,1.096800
worker_4,1664,1788087120.649940,50,9.542758,1.096672
worker_4,1665,1788087120.659519,50,9.537563,1.098688
worker_4,1666,1788087120.669093,50,9.534054,1.095808
worker_4,1667,1788087120.678661,50,9.539378,1.097440
worker_4,1668,1788087120.688242,50,9.534480,1.095680
worker_4,1669,1788087120.697824,50,9.529563,1.098752
worker_4,1670,1788087120.707388,50,9.540211,1.096448
worker_4,1671,1788087120.716966,50,9.545952,1.097472
worker_4,1672,1788087120.726547,50,9.526184,1.096672
worker_4,1673,1788087120.736108,50,9.553378,1.103296
worker_4,1674,1788087120.745699,50,9.538174,1.096672
worker_4,1675,1788087120.755275,50,9.536693,1.096768
worker_4,1676,1788087120.764848,50,9.535610,1.095872
worker_4,1677,1788087120.774419,50,9.539962,1.096256
worker_4,1678,1788087120.783993,50,9.557175,1.102400
worker_4,1679,1788087120.793586,50,9.657917,1.096256
worker_4,1680,1788087120.803281,50,9.580924,1.097792
worker_4,1681,1788087120.812898,50,9.704362,1.098944
worker_4,1682,1788087120.822645,50,9.415738,1.098304
worker_4,1683,1788087120.832177,50,9.441433,1.097120
worker_4,1684,1788087120.841656,50,9.541258,1.096928
worker_4,1685,1788087120.851235,50,9.538351,1.097120
worker_4,1686,1788087120.860809,50,9.490268,1.097344
worker_4,1687,1788087120.870334,50,9.440747,1.095936
worker_4,1688,1788087120.879810,50,9.534573,1.097248
worker_4,1689,1788087120.889391,50,9.532054,1.095712
worker_4,1690,1788087120.898958,50,9.544175,1.096928
worker_4,1691,1788087120.908537,50,9.541471,1.097952
worker_4,1692,1788087120.918115,50,9.714658,1.097408
worker_4,1693,1788087120.927865,50,9.405600,1.099552
worker_4,1694,1788087120.937304,50,9.703749,1.096256
worker_4,1695,1788087120.947044,50,9.544490,1.097952
worker_4,1696,1788087120.956623,50,9.541536,1.096160
worker_4,1697,1788087120.966198,50,9.412747,1.095168
worker_4,1698,1788087120.975645,50,9.677944,1.097472
worker_4,1699,1788087120.985355,50,9.395813,1.096224
worker_4,1700,1788087120.994783,50,9.548388,1.097216
worker_4,1701,1788087121.004366,50,9.543897,1.098208
worker_4,1702,1788087121.013946,50,9.545684,1.096672
worker_4,1703,1788087121.023529,50,9.679944,1.101440
worker_4,1704,1788087121.033245,50,9.392257,1.096768
worker_4,1705,1788087121.042674,50,9.549304,1.096512
worker_4,1706,1788087121.052261,50,9.535343,1.097856
worker_4,1707,1788087121.061832,50,9.696157,1.097696
worker_4,1708,1788087121.071572,50,9.454008,1.096960
worker_4,1709,1788087121.081063,50,9.611445,1.097728
worker_4,1710,1788087121.090709,50,9.568073,1.097248
worker_4,1711,1788087121.100313,50,9.405756,1.098176
worker_4,1712,1788087121.109754,50,9.687167,1.095904
worker_4,1713,1788087121.119475,50,9.547368,1.096480
worker_4,1714,1788087121.129057,50,9.393765,1.096000
worker_4,1715,1788087121.138485,50,9.573054,1.095904
worker_4,1716,1788087121.148097,50,9.536943,1.097056
worker_4,1717,1788087121.157670,50,9.538804,1.096512
worker_4,1718,1788087121.167243,50,9.539776,1.097312
worker_4,1719,1788087121.176819,50,9.541156,1.096224
worker_4,1720,1788087121.186395,50,9.537165,1.096704
worker_4,1721,1788087121.195967,50,9.538489,1.096576
worker_4,1722,1788087121.205544,50,9.687768,1.096352
worker_4,1723,1788087121.215269,50,9.563202,1.096288
worker_4,1724,1788087121.224869,50,9.427090,1.096928
worker_4,1725,1788087121.234332,50,9.655676,1.095424
worker_4,1726,1788087121.244027,50,9.412062,1.095904
worker_4,1727,1788087121.253473,50,9.511508,1.096768
worker_4,1728,1788087121.263033,50,9.519212,1.097376
worker_4,1729,1788087121.272585,50,9.545100,1.096000
worker_4,1730,1788087121.282166,50,9.537314,1.095072
worker_4,1731,1788087121.291738,50,9.558656,1.097088
worker_4,1732,1788087121.301333,50,9.575017,1.097120
worker_4,1733,1788087121.310945,50,9.695564,1.096384
worker_4,1734,1788087121.320678,50,9.550239,1.096768
worker_4,1735,1788087121.330268,50,9.558720,1.095488
worker_4,1736,1788087121.339862,50,9.405932,1.096896
worker_4,1737,1788087121.349305,50,9.539109,1.095904
worker_4,1738,1788087121.358878,50,9.543276,1.096896
worker_4,1739,1788087121.368458,50,9.538044,1.096448
worker_4,1740,1788087121.378031,50,9.539054,1.096064
worker_4,1741,1788087121.387605,50,9.552064,1.096512
worker_4,1742,1788087121.397192,50,9.543360,1.096832
worker_4,1743,1788087121.406772,50,9.543036,1.098592
worker_4,1744,1788087121.416352,50,9.702418,1.097024
worker_4,1745,1788087121.426096,50,9.393812,1.097440
worker_4,1746,1788087121.435536,50,9.513971,1.098848
worker_4,1747,1788087121.445100,50,9.627305,1.096384
worker_4,1748,1788087121.454765,50,9.605647,1.096480
worker_4,1749,1788087121.464405,50,9.543685,1.096960
worker_4,1750,1788087121.473984,50,9.521823,1.095968
worker_4,1751,1788087121.483538,50,9.566851,1.095936
worker_4,1752,1788087121.493140,50,9.541009,1.096448
worker_4,1753,1788087121.502718,50,9.397424,1.096736
worker_4,1754,1788087121.512151,50,9.538286,1.097024
worker_4,1755,1788087121.521725,50,9.721269,1.100352
worker_4,1756,1788087121.531495,50,9.343784,1.096768
worker_4,1757,1788087121.540876,50,9.547619,1.096064
worker_4,1758,1788087121.550457,50,9.545047,1.096768
worker_4,1759,1788087121.560036,50,9.551851,1.098976
worker_4,1760,1788087121.569623,50,9.688027,1.095872
worker_4,1761,1788087121.579344,50,9.561480,1.095328
worker_4,1762,1788087121.588939,50,9.490257,1.097184
worker_4,1763,1788087121.598465,50,9.607796,1.097760
worker_4,1764,1788087121.608110,50,9.540480,1.097184
worker_4,1765,1788087121.617687,50,9.625018,1.097696
worker_4,1766,1788087121.627355,50,9.547786,1.095904
worker_4,1767,1788087121.636963,50,9.332554,1.096160
worker_4,1768,1788087121.646342,50,9.485666,1.096384
worker_4,1769,1788087121.655864,50,9.538656,1.105216
worker_4,1770,1788087121.665439,50,9.542518,1.096832
worker_4,1771,1788087121.675016,50,9.551277,1.100544
worker_4,1772,1788087121.684603,50,9.546110,1.097760
worker_4,1773,1788087121.694183,50,9.552768,1.096160
worker_4,1774,1788087121.703771,50,9.545554,1.099776
worker_4,1775,1788087121.713352,50,9.533647,1.097024
worker_4,1776,1788087121.722918,50,9.541592,1.097152
worker_4,1777,1788087121.732494,50,9.546897,1.097376
worker_4,1778,1788087121.742077,50,9.555721,1.097184
worker_4,1779,1788087121.751665,50,9.544786,1.096736
worker_4,1780,1788087121.761244,50,9.538174,1.097024
worker_4,1781,1788087121.770817,50,9.547397,1.096224
worker_4,1782,1788087121.780397,50,9.546860,1.097056
worker_4,1783,1788087121.789983,50,9.556749,1.097600
worker_4,1784,1788087121.799573,50,9.546638,1.097184
worker_4,1785,1788087121.809157,50,9.541277,1.097472
worker_4,1786,1788087121.818753,50,9.530028,1.097376
worker_4,1787,1788087121.828318,50,9.683879,1.095552
worker_4,1788,1788087121.838034,50,9.556128,1.097120
worker_4,1789,1788087121.847625,50,9.562221,1.098016
worker_4,1790,1788087121.857222,50,9.552711,1.095392
worker_4,1791,1788087121.866810,50,9.561091,1.097952
worker_4,1792,1788087121.876408,50,9.524508,1.095744
worker_4,1793,1788087121.885967,50,9.540712,1.096384
worker_4,1794,1788087121.895543,50,9.546878,1.096288
worker_4,1795,1788087121.905123,50,9.401933,1.097760
worker_4,1796,1788087121.914560,50,9.550268,1.095680
worker_4,1797,1788087121.924144,50,9.534711,1.096640
worker_4,1798,1788087121.933713,50,9.538341,1.096992
worker_4,1799,1788087121.943284,50,9.566128,1.099616
worker_4,1800,1788087121.952884,50,9.602711,1.097152
worker_4,1801,1788087121.962521,50,9.646888,1.096128
worker_4,1802,1788087121.972204,50,9.391164,1.097664
worker_4,1803,1788087121.981630,50,9.536878,1.097888
worker_4,1804,1788087121.991200,50,9.542915,1.096512
worker_4,1805,1788087122.000777,50,9.561498,1.096896
worker_4,1806,1788087122.010382,50,9.532674,1.096384
worker_4,1807,1788087122.019948,50,9.545758,1.097248
worker_4,1808,1788087122.029528,50,9.533646,1.096992
worker_4,1809,1788087122.039096,50,9.556897,1.099808
worker_4,1810,1788087122.048687,50,9.536248,1.097056
worker_4,1811,1788087122.058259,50,9.552925,1.096544
worker_4,1812,1788087122.067848,50,9.548332,1.103936
worker_4,1813,1788087122.077431,50,9.533601,1.096064
worker_4,1814,1788087122.087000,50,9.688555,1.096704
worker_4,1815,1788087122.096723,50,9.396896,1.096896
worker_4,1816,1788087122.106156,50,9.554008,1.097248
worker_4,1817,1788087122.115748,50,9.543563,1.101440
worker_4,1818,1788087122.125326,50,9.552378,1.099488
worker_4,1819,1788087122.134910,50,9.543676,1.095296
worker_4,1820,1788087122.144493,50,9.531471,1.097248
worker_4,1821,1788087122.154058,50,9.542795,1.096160
worker_4,1822,1788087122.163632,50,9.541388,1.096640
worker_4,1823,1788087122.173210,50,9.534054,1.098144
worker_4,1824,1788087122.182779,50,9.556962,1.102144
worker_4,1825,1788087122.192380,50,9.540241,1.096832
worker_4,1826,1788087122.201956,50,9.542638,1.096320
worker_4,1827,1788087122.211535,50,9.540934,1.096864
worker_4,1828,1788087122.221110,50,9.534379,1.095616
worker_4,1829,1788087122.230680,50,9.546008,1.096576
worker_4,1830,1788087122.240259,50,9.537823,1.097088
worker_4,1831,1788087122.249834,50,9.538536,1.099232
worker_4,1832,1788087122.259406,50,9.552628,1.097632
worker_4,1833,1788087122.268996,50,9.552972,1.095744
worker_4,1834,1788087122.278654,50,9.483165,1.096512
worker_4,1835,1788087122.288175,50,9.532970,1.096640
worker_4,1836,1788087122.297745,50,9.551944,1.096768
worker_4,1837,1788087122.307332,50,9.540027,1.095552
worker_4,1838,1788087122.316911,50,9.566100,1.095680
worker_4,1839,1788087122.326515,50,9.713427,1.097440
worker_4,1840,1788087122.336268,50,9.523193,1.096320
worker_4,1841,1788087122.345829,50,9.539064,1.095968
worker_4,1842,1788087122.355403,50,9.384266,1.096512
worker_4,1843,1788087122.364824,50,9.544378,1.096704
worker_4,1844,1788087122.374404,50,9.537082,1.096832
worker_4,1845,1788087122.383984,50,9.536158,1.101248
worker_4,1846,1788087122.393552,50,9.548665,1.097280
worker_4,1847,1788087122.403136,50,9.529203,1.096448
worker_4,1848,1788087122.412703,50,9.535352,1.097504
worker_4,1849,1788087122.422276,50,9.666741,1.097344
worker_4,1850,1788087122.431979,50,9.422536,1.099648
worker_4,1851,1788087122.441439,50,9.549203,1.095456
worker_4,1852,1788087122.451025,50,9.683092,1.097056
worker_4,1853,1788087122.460743,50,9.553481,1.096352
worker_4,1854,1788087122.470335,50,9.549184,1.095872
worker_4,1855,1788087122.479921,50,9.388052,1.095872
worker_4,1856,1788087122.489347,50,9.536101,1.096128
worker_4,1857,1788087122.498919,50,9.538212,1.099680
worker_4,1858,1788087122.508497,50,9.551498,1.096288
worker_4,1859,1788087122.518087,50,9.539193,1.097888
worker_4,1860,1788087122.527662,50,9.531119,1.097344
worker_4,1861,1788087122.537229,50,9.529683,1.095872
worker_4,1862,1788087122.546794,50,9.550110,1.102240
worker_4,1863,1788087122.556380,50,9.550258,1.096096
worker_4,1864,1788087122.565975,50,9.528850,1.096192
worker_4,1865,1788087122.575540,50,9.542564,1.097120
worker_4,1866,1788087122.585120,50,9.534008,1.097152
worker_4,1867,1788087122.594689,50,9.557767,1.095680
worker_4,1868,1788087122.604285,50,9.535776,1.096640
worker_4,1869,1788087122.613857,50,9.532321,1.096448
worker_4,1870,1788087122.623425,50,9.542221,1.095936
worker_4,1871,1788087122.633004,50,9.556693,1.097408
worker_4,1872,1788087122.642598,50,9.553174,1.095872
worker_4,1873,1788087122.652187,50,9.535165,1.096576
worker_4,1874,1788087122.661757,50,9.535433,1.096192
worker_4,1875,1788087122.671328,50,9.552563,1.096512
worker_4,1876,1788087122.680915,50,9.538906,1.099808
worker_4,1877,1788087122.690491,50,9.548582,1.095232
worker_4,1878,1788087122.700073,50,9.555600,1.097568
worker_4,1879,1788087122.709665,50,9.537240,1.095904
worker_4,1880,1788087122.719239,50,9.546110,1.096736
worker_4,1881,1788087122.728821,50,9.534258,1.100800
worker_4,1882,1788087122.738390,50,9.534110,1.097120
worker_4,1883,1788087122.747960,50,9.724454,1.097888
worker_4,1884,1788087122.757742,50,9.514360,1.096384
worker_4,1885,1788087122.767302,50,9.338118,1.097664
worker_4,1886,1788087122.776680,50,9.530860,1.095904
worker_4,1887,1788087122.786249,50,9.543925,1.097216
worker_4,1888,1788087122.795830,50,9.536120,1.096544
worker_4,1889,1788087122.805400,50,9.551342,1.096512
worker_4,1890,1788087122.814988,50,9.537454,1.096416
worker_4,1891,1788087122.824564,50,9.703509,1.097952
worker_4,1892,1788087122.834304,50,9.433709,1.096512
worker_4,1893,1788087122.843773,50,9.504193,1.097152
worker_4,1894,1788087122.853312,50,9.579489,1.096768
worker_4,1895,1788087122.862929,50,9.538166,1.097152
worker_4,1896,1788087122.872502,50,9.554749,1.096864
worker_4,1897,1788087122.882092,50,9.538146,1.095936
worker_4,1898,1788087122.891667,50,9.537396,1.096928
worker_4,1899,1788087122.901240,50,9.550916,1.095936
worker_4,1900,1788087122.910827,50,9.533304,1.096608
worker_4,1901,1788087122.920396,50,9.543369,1.097152
worker_4,1902,1788087122.929976,50,9.548148,1.095904
worker_4,1903,1788087122.939569,50,9.529434,1.098176
worker_4,1904,1788087122.949134,50,9.538517,1.095584
worker_4,1905,1788087122.958708,50,9.544823,1.096192
worker_4,1906,1788087122.968292,50,9.529332,1.096576
worker_4,1907,1788087122.977855,50,9.549434,1.096736
worker_4,1908,1788087122.987441,50,9.541443,1.097856
worker_4,1909,1788087122.997018,50,9.547036,1.096352
worker_4,1910,1788087123.006603,50,9.559870,1.097728
worker_4,1911,1788087123.016199,50,9.536387,1.095904
worker_4,1912,1788087123.025774,50,9.531591,1.097472
worker_4,1913,1788087123.035338,50,9.537481,1.097248
worker_4,1914,1788087123.044910,50,9.549906,1.097088
worker_4,1915,1788087123.054494,50,9.550138,1.097760
worker_4,1916,1788087123.064079,50,9.568769,1.105120
worker_4,1917,1788087123.073683,50,9.543897,1.096960
worker_4,1918,1788087123.083261,50,9.548869,1.098816
worker_4,1919,1788087123.092848,50,9.538518,1.099680
worker_4,1920,1788087123.102422,50,9.561378,1.096320
worker_4,1921,1788087123.112023,50,9.532758,1.096768
worker_4,1922,1788087123.121589,50,9.546276,1.096192
worker_4,1923,1788087123.131183,50,9.548045,1.097568
worker_4,1924,1788087123.140767,50,9.533350,1.096448
worker_4,1925,1788087123.150336,50,9.536526,1.095680
worker_4,1926,1788087123.159910,50,9.535629,1.097952
worker_4,1927,1788087123.169483,50,9.537952,1.096416
worker_4,1928,1788087123.179054,50,9.550008,1.101632
worker_4,1929,1788087123.188641,50,9.535980,1.096576
worker_4,1930,1788087123.198212,50,9.554619,1.096928
worker_4,1931,1788087123.207802,50,9.560934,1.096672
worker_4,1932,1788087123.217402,50,9.539352,1.097280
worker_4,1933,1788087123.226976,50,9.534832,1.097056
worker_4,1934,1788087123.236549,50,9.551250,1.097504
worker_4,1935,1788087123.246136,50,9.535092,1.096896
worker_4,1936,1788087123.255708,50,9.560590,1.097216
worker_4,1937,1788087123.265304,50,9.540935,1.096992
worker_4,1938,1788087123.274880,50,9.533794,1.096384
worker_4,1939,1788087123.284449,50,9.543461,1.095392
worker_4,1940,1788087123.294030,50,9.540211,1.095776
worker_4,1941,1788087123.303605,50,9.548600,1.097600
worker_4,1942,1788087123.313202,50,9.552685,1.097376
worker_4,1943,1788087123.322793,50,9.535360,1.096384
worker_4,1944,1788087123.332366,50,9.675509,1.095488
worker_4,1945,1788087123.342074,50,9.558508,1.096448
worker_4,1946,1788087123.351669,50,9.391478,1.101760
worker_4,1947,1788087123.361096,50,9.545795,1.097280
worker_4,1948,1788087123.370677,50,9.559897,1.098816
worker_4,1949,1788087123.380275,50,9.547443,1.097184
worker_4,1950,1788087123.389858,50,9.538785,1.096960
worker_4,1951,1788087123.399433,50,9.538775,1.099232
worker_4,1952,1788087123.409010,50,9.538720,1.097728
worker_4,1953,1788087123.418585,50,9.545072,1.096928
worker_4,1954,1788087123.428167,50,9.529988,1.096672
worker_4,1955,1788087123.437733,50,9.542304,1.097024
worker_4,1956,1788087123.447312,50,9.568536,1.101600
worker_4,1957,1788087123.456917,50,9.567646,1.096352
worker_4,1958,1788087123.466518,50,9.537175,1.096832
worker_4,1959,1788087123.476090,50,9.534729,1.096448
worker_4,1960,1788087123.485658,50,9.547119,1.096736
worker_4,1961,1788087123.495241,50,9.549037,1.099968
worker_4,1962,1788087123.504837,50,9.542045,1.099904
worker_4,1963,1788087123.514416,50,9.547500,1.096512
worker_4,1964,1788087123.523998,50,9.541971,1.097568
worker_4,1965,1788087123.533576,50,9.534842,1.096832
worker_4,1966,1788087123.543146,50,9.544212,1.097728
worker_4,1967,1788087123.552728,50,9.540175,1.096992
worker_4,1968,1788087123.562308,50,9.533036,1.097376
worker_4,1969,1788087123.571875,50,9.558814,1.101344
worker_4,1970,1788087123.581468,50,9.689991,1.097504
worker_4,1971,1788087123.591195,50,9.400858,1.096672
worker_4,1972,1788087123.600631,50,9.543212,1.097984
worker_4,1973,1788087123.610211,50,9.554313,1.096256
worker_4,1974,1788087123.619802,50,9.537415,1.097952
worker_4,1975,1788087123.629378,50,9.543425,1.095904
worker_4,1976,1788087123.638957,50,9.530257,1.097152
worker_4,1977,1788087123.648521,50,9.539545,1.095904
worker_4,1978,1788087123.658096,50,9.531878,1.097664
worker_4,1979,1788087123.667663,50,9.548398,1.095648
worker_4,1980,1788087123.677247,50,9.541397,1.100736
worker_4,1981,1788087123.686833,50,9.529693,1.097376
worker_4,1982,1788087123.696398,50,9.557961,1.095872
worker_4,1983,1788087123.705993,50,9.547518,1.098368
worker_4,1984,1788087123.715574,50,9.549813,1.097888
worker_4,1985,1788087123.725239,50,9.463590,1.099328
worker_4,1986,1788087123.734740,50,9.532498,1.095424
worker_4,1987,1788087123.744311,50,9.540555,1.097856
worker_4,1988,1788087123.753887,50,9.538582,1.097344
worker_4,1989,1788087123.763459,50,9.548842,1.098752
worker_4,1990,1788087123.773044,50,9.533452,1.095968
worker_4,1991,1788087123.782613,50,9.556954,1.096576
worker_4,1992,1788087123.792206,50,9.532240,1.097088
worker_4,1993,1788087123.801772,50,9.548305,1.098528
worker_4,1994,1788087123.811357,50,9.545222,1.100384
worker_4,1995,1788087123.820936,50,9.544184,1.097440
worker_4,1996,1788087123.830518,50,9.542758,1.095968
worker_4,1997,1788087123.840093,50,9.569434,1.112576
worker_4,1998,1788087123.849703,50,9.533842,1.095552
worker_4,1999,1788087123.859275,50,9.535471,1.096640
worker_4,2000,1788087123.868847,50,9.549388,1.095520
worker_4,2001,1788087123.878441,50,9.527498,1.097280
worker_4,2002,1788087123.888005,50,9.561656,1.104928
worker_4,2003,1788087123.897604,50,9.540018,1.096896
worker_4,2004,1788087123.907181,50,9.566823,1.100576
worker_4,2005,1788087123.916785,50,9.535748,1.097728
worker_4,2006,1788087123.926357,50,9.545980,1.099328
worker_4,2007,1788087123.935941,50,9.531064,1.096448
worker_4,2008,1788087123.945507,50,9.544898,1.096320
worker_4,2009,1788087123.955088,50,9.542785,1.100384
worker_4,2010,1788087123.964669,50,9.546730,1.096736
worker_4,2011,1788087123.974250,50,9.549360,1.097792
worker_4,2012,1788087123.983834,50,9.544990,1.101056
worker_4,2013,1788087123.993414,50,9.541442,1.095840
worker_4,2014,1788087124.002992,50,9.544063,1.097856
worker_4,2015,1788087124.012573,50,9.533655,1.096736
worker_4,2016,1788087124.022138,50,9.560166,1.096032
worker_4,2017,1788087124.031735,50,9.528757,1.095392
worker_4,2018,1788087124.041299,50,9.556776,1.101472
worker_4,2019,1788087124.050889,50,9.543646,1.098112
worker_4,2020,1788087124.060477,50,9.548878,1.096736
worker_4,2021,1788087124.070062,50,9.535526,1.095392
worker_4,2022,1788087124.079632,50,9.545388,1.097888
worker_4,2023,1788087124.089212,50,9.721305,1.099168
worker_4,2024,1788087124.098974,50,9.372728,1.096704
worker_4,2025,1788087124.108385,50,9.530406,1.097280
worker_4,2026,1788087124.117950,50,9.538257,1.096736
worker_4,2027,1788087124.127522,50,9.543981,1.095264
worker_4,2028,1788087124.137101,50,9.542758,1.095488
worker_4,2029,1788087124.146677,50,9.551842,1.098400
worker_4,2030,1788087124.156265,50,9.527405,1.098656
worker_4,2031,1788087124.165828,50,9.539415,1.096416
worker_4,2032,1788087124.175399,50,9.548175,1.097440
worker_4,2033,1788087124.184984,50,9.552175,1.096512
worker_4,2034,1788087124.194570,50,9.545092,1.097792
worker_4,2035,1788087124.204150,50,9.554489,1.103520
worker_4,2036,1788087124.213735,50,9.551989,1.096864
worker_4,2037,1788087124.223323,50,9.542045,1.096992
worker_4,2038,1788087124.232900,50,9.562147,1.097792
worker_4,2039,1788087124.242496,50,9.538017,1.097280
worker_4,2040,1788087124.252077,50,9.539878,1.097664
worker_4,2041,1788087124.261652,50,9.536064,1.098400
worker_4,2042,1788087124.271224,50,9.539749,1.098784
worker_4,2043,1788087124.280798,50,9.538934,1.096224
worker_4,2044,1788087124.290374,50,9.563333,1.095904
worker_4,2045,1788087124.299970,50,9.547906,1.102752
worker_4,2046,1788087124.309552,50,9.540546,1.095296
worker_4,2047,1788087124.319130,50,9.540740,1.101024
worker_4,2048,1788087124.328706,50,9.530721,1.096544
worker_4,2049,1788087124.338271,50,9.546185,1.096320
worker_4,2050,1788087124.347850,50,9.548906,1.097696
worker_4,2051,1788087124.357432,50,9.545638,1.096864
worker_4,2052,1788087124.367015,50,9.554869,1.101088
worker_4,2053,1788087124.376608,50,9.538100,1.097856
worker_4,2054,1788087124.386180,50,9.532740,1.097536
worker_4,2055,1788087124.395748,50,9.541434,1.096320
worker_4,2056,1788087124.405325,50,9.554278,1.099616
worker_4,2057,1788087124.414914,50,9.542582,1.095904
worker_4,2058,1788087124.424494,50,9.540999,1.096544
worker_4,2059,1788087124.434077,50,9.548174,1.099104
worker_4,2060,1788087124.443660,50,9.542851,1.098880
worker_4,2061,1788087124.453242,50,9.540823,1.095936
worker_4,2062,1788087124.462818,50,9.538508,1.096768
worker_4,2063,1788087124.472392,50,9.537509,1.096672
worker_4,2064,1788087124.481966,50,9.549416,1.096672
worker_4,2065,1788087124.491547,50,9.546610,1.098112
worker_4,2066,1788087124.501129,50,9.530852,1.095424
worker_4,2067,1788087124.510692,50,9.563294,1.098464
worker_4,2068,1788087124.520292,50,9.544388,1.096768
worker_4,2069,1788087124.529874,50,9.531591,1.096576
worker_4,2070,1788087124.539443,50,9.533240,1.097344
worker_4,2071,1788087124.549012,50,9.535499,1.096256
worker_4,2072,1788087124.558583,50,9.547295,1.096512
worker_4,2073,1788087124.568164,50,9.547953,1.101120
worker_4,2074,1788087124.577747,50,9.541545,1.095392
worker_4,2075,1788087124.587326,50,9.540137,1.101824
worker_4,2076,1788087124.596902,50,9.562490,1.098176
worker_4,2077,1788087124.606499,50,9.561118,1.095360
worker_4,2078,1788087124.616097,50,9.531509,1.097184
worker_4,2079,1788087124.625675,50,9.523036,1.097152
worker_4,2080,1788087124.635234,50,9.533814,1.098400
worker_4,2081,1788087124.644802,50,9.538333,1.095840
worker_4,2082,1788087124.654375,50,9.569249,1.095616
worker_4,2083,1788087124.663982,50,9.533787,1.097824
worker_4,2084,1788087124.673549,50,9.542832,1.095616
worker_4,2085,1788087124.683125,50,9.560554,1.102336
worker_4,2086,1788087124.692721,50,9.537156,1.096320
worker_4,2087,1788087124.702292,50,9.540786,1.095744
worker_4,2088,1788087124.711865,50,8.442878,1.096064
