label,batch,start_unix_s,operations,wall_ms,cuda_batch_ms
worker_5,0,1788087104.710335,50,3.579984,1.099680
worker_5,1,1788087104.713959,50,8.459193,1.097760
worker_5,2,1788087104.722456,50,9.526562,1.095584
worker_5,3,1788087104.732012,50,9.540312,1.096448
worker_5,4,1788087104.741576,50,9.552008,1.098848
worker_5,5,1788087104.751148,50,9.560712,1.097440
worker_5,6,1788087104.760732,50,9.545887,1.097600
worker_5,7,1788087104.770303,50,9.546350,1.097536
worker_5,8,1788087104.779871,50,9.563267,1.097856
worker_5,9,1788087104.789457,50,9.548627,1.098400
worker_5,10,1788087104.799037,50,9.559804,1.100736
worker_5,11,1788087104.808624,50,9.546777,1.097728
worker_5,12,1788087104.818193,50,9.576082,1.096256
worker_5,13,1788087104.827791,50,9.554517,1.103712
worker_5,14,1788087104.837363,50,9.562582,1.097760
worker_5,15,1788087104.846942,50,9.665859,1.097568
worker_5,16,1788087104.856655,50,9.429089,1.097568
worker_5,17,1788087104.866107,50,9.547608,1.097248
worker_5,18,1788087104.875673,50,9.582730,1.098144
worker_5,19,1788087104.885282,50,9.547860,1.098336
worker_5,20,1788087104.894852,50,9.565610,1.102688
worker_5,21,1788087104.904439,50,9.574388,1.097600
worker_5,22,1788087104.914032,50,9.557379,1.098592
worker_5,23,1788087104.923607,50,9.549758,1.099520
worker_5,24,1788087104.933175,50,9.561952,1.098176
worker_5,25,1788087104.942754,50,9.556619,1.097696
worker_5,26,1788087104.952328,50,9.559147,1.097632
worker_5,27,1788087104.961903,50,9.561184,1.097696
worker_5,28,1788087104.971479,50,9.567370,1.099904
worker_5,29,1788087104.981075,50,9.556017,1.097280
worker_5,30,1788087104.990646,50,9.578360,1.096672
worker_5,31,1788087105.000241,50,9.559777,1.097216
worker_5,32,1788087105.009819,50,9.569138,1.098368
worker_5,33,1788087105.019405,50,9.568443,1.097728
worker_5,34,1788087105.028988,50,9.566582,1.097536
worker_5,35,1788087105.038570,50,9.556582,1.098624
worker_5,36,1788087105.048142,50,9.560073,1.096448
worker_5,37,1788087105.057717,50,9.572804,1.096736
worker_5,38,1788087105.067305,50,9.560527,1.097728
worker_5,39,1788087105.076881,50,9.592407,1.097568
worker_5,40,1788087105.086489,50,9.561870,1.099392
worker_5,41,1788087105.096067,50,9.586805,1.097824
worker_5,42,1788087105.105669,50,9.557823,1.098304
worker_5,43,1788087105.115244,50,9.574093,1.096736
worker_5,44,1788087105.124834,50,9.577888,1.100000
worker_5,45,1788087105.134433,50,9.557980,1.097504
worker_5,46,1788087105.144009,50,9.563341,1.097760
worker_5,47,1788087105.153589,50,9.553647,1.097952
worker_5,48,1788087105.163157,50,9.570804,1.098400
worker_5,49,1788087105.172757,50,9.564036,1.096288
worker_5,50,1788087105.182337,50,9.566174,1.097664
worker_5,51,1788087105.191918,50,9.560702,1.097824
worker_5,52,1788087105.201496,50,9.567231,1.095712
worker_5,53,1788087105.211079,50,9.563647,1.097120
worker_5,54,1788087105.220660,50,9.561833,1.097312
worker_5,55,1788087105.230237,50,9.563823,1.097152
worker_5,56,1788087105.239816,50,9.570008,1.101376
worker_5,57,1788087105.249402,50,9.570147,1.096832
worker_5,58,1788087105.258987,50,9.560443,1.096960
worker_5,59,1788087105.268562,50,9.567500,1.099072
worker_5,60,1788087105.278147,50,9.589767,1.098592
worker_5,61,1788087105.287751,50,9.585933,1.097792
worker_5,62,1788087105.297352,50,9.568239,1.097856
worker_5,63,1788087105.306943,50,9.554702,1.097504
worker_5,64,1788087105.316519,50,9.552906,1.099008
worker_5,65,1788087105.326090,50,9.578665,1.098176
worker_5,66,1788087105.335684,50,9.557175,1.100896
worker_5,67,1788087105.345258,50,9.561803,1.096960
worker_5,68,1788087105.354857,50,9.548656,1.097056
worker_5,69,1788087105.364421,50,9.565452,1.097792
worker_5,70,1788087105.374008,50,9.559128,1.097056
worker_5,71,1788087105.383586,50,9.550563,1.100640
worker_5,72,1788087105.393152,50,9.574369,1.096928
worker_5,73,1788087105.402744,50,9.561508,1.098592
worker_5,74,1788087105.412323,50,9.555137,1.095808
worker_5,75,1788087105.421897,50,9.552489,1.095808
worker_5,76,1788087105.431469,50,9.563517,1.099968
worker_5,77,1788087105.441050,50,9.566452,1.098464
worker_5,78,1788087105.450632,50,9.566137,1.097504
worker_5,79,1788087105.460222,50,9.559037,1.097824
worker_5,80,1788087105.469796,50,9.571729,1.098144
worker_5,81,1788087105.479387,50,9.565341,1.098624
worker_5,82,1788087105.488970,50,9.585378,1.098016
worker_5,83,1788087105.498570,50,9.567128,1.096768
worker_5,84,1788087105.508153,50,9.571685,1.100960
worker_5,85,1788087105.517742,50,9.559990,1.097824
worker_5,86,1788087105.527319,50,9.581804,1.105088
worker_5,87,1788087105.536917,50,9.557814,1.095328
worker_5,88,1788087105.546501,50,9.549534,1.095904
worker_5,89,1788087105.556067,50,9.730870,1.100160
worker_5,90,1788087105.565814,50,9.420433,1.097248
worker_5,91,1788087105.575254,50,9.549461,1.097408
worker_5,92,1788087105.584822,50,9.563823,1.099264
worker_5,93,1788087105.594404,50,9.565879,1.097248
worker_5,94,1788087105.603986,50,9.574722,1.096032
worker_5,95,1788087105.613576,50,9.572397,1.097568
worker_5,96,1788087105.623169,50,9.563304,1.099040
worker_5,97,1788087105.632752,50,9.557665,1.097664
worker_5,98,1788087105.642327,50,9.550878,1.096288
worker_5,99,1788087105.651894,50,9.547462,1.097632
worker_5,100,1788087105.661456,50,9.556573,1.098304
worker_5,101,1788087105.671030,50,9.583129,1.110560
worker_5,102,1788087105.680634,50,9.549082,1.096480
worker_5,103,1788087105.690199,50,9.547813,1.096864
worker_5,104,1788087105.699765,50,9.557369,1.098144
worker_5,105,1788087105.709341,50,9.561731,1.097952
worker_5,106,1788087105.718920,50,9.556461,1.098624
worker_5,107,1788087105.728504,50,9.565721,1.098144
worker_5,108,1788087105.738087,50,9.562305,1.096704
worker_5,109,1788087105.747666,50,9.575637,1.099200
worker_5,110,1788087105.757257,50,9.561536,1.097792
worker_5,111,1788087105.766834,50,9.580063,1.099072
worker_5,112,1788087105.776430,50,9.556841,1.097792
worker_5,113,1788087105.786006,50,9.550637,1.099360
worker_5,114,1788087105.795576,50,9.569240,1.097824
worker_5,115,1788087105.805162,50,9.567110,1.099392
worker_5,116,1788087105.814744,50,9.568731,1.101696
worker_5,117,1788087105.824329,50,9.582943,1.097184
worker_5,118,1788087105.833928,50,9.565073,1.097632
worker_5,119,1788087105.843510,50,9.562156,1.097120
worker_5,120,1788087105.853088,50,9.555619,1.096096
worker_5,121,1788087105.862659,50,9.570822,1.098336
worker_5,122,1788087105.872247,50,9.556139,1.097696
worker_5,123,1788087105.881820,50,9.555424,1.095968
worker_5,124,1788087105.891393,50,9.567851,1.098240
worker_5,125,1788087105.900977,50,9.569582,1.098464
worker_5,126,1788087105.910563,50,9.558915,1.097792
worker_5,127,1788087105.920151,50,9.553165,1.099872
worker_5,128,1788087105.929720,50,9.566712,1.097600
worker_5,129,1788087105.939303,50,9.568295,1.098208
worker_5,130,1788087105.948886,50,9.558647,1.097760
worker_5,131,1788087105.958460,50,9.600277,1.098368
worker_5,132,1788087105.968075,50,9.563886,1.095936
worker_5,133,1788087105.977655,50,9.556165,1.096672
worker_5,134,1788087105.987228,50,9.585472,1.100384
worker_5,135,1788087105.996828,50,9.563832,1.096352
worker_5,136,1788087106.006409,50,9.565702,1.098752
worker_5,137,1788087106.015991,50,9.559434,1.097568
worker_5,138,1788087106.025567,50,9.570287,1.097536
worker_5,139,1788087106.035152,50,9.574211,1.097056
worker_5,140,1788087106.044741,50,9.573823,1.097600
worker_5,141,1788087106.054331,50,9.554035,1.096800
worker_5,142,1788087106.063900,50,9.569368,1.102304
worker_5,143,1788087106.073485,50,9.573202,1.097856
worker_5,144,1788087106.083074,50,9.561646,1.097568
worker_5,145,1788087106.092652,50,9.566952,1.097728
worker_5,146,1788087106.102241,50,9.568304,1.099616
worker_5,147,1788087106.111826,50,9.565850,1.103840
worker_5,148,1788087106.121412,50,9.557462,1.097024
worker_5,149,1788087106.130988,50,9.562313,1.097792
worker_5,150,1788087106.140566,50,9.564888,1.097920
worker_5,151,1788087106.150147,50,9.570424,1.097856
worker_5,152,1788087106.159733,50,9.560647,1.097216
worker_5,153,1788087106.169310,50,9.560729,1.097056
worker_5,154,1788087106.178886,50,9.570462,1.105728
worker_5,155,1788087106.188473,50,9.577860,1.097024
worker_5,156,1788087106.198154,50,9.484284,1.097472
worker_5,157,1788087106.207658,50,9.578287,1.097184
worker_5,158,1788087106.217253,50,9.561906,1.098208
worker_5,159,1788087106.226831,50,9.565823,1.098432
worker_5,160,1788087106.236412,50,9.558480,1.096896
worker_5,161,1788087106.245985,50,9.565850,1.097472
worker_5,162,1788087106.255566,50,9.566138,1.097088
worker_5,163,1788087106.265149,50,9.563313,1.098336
worker_5,164,1788087106.274728,50,9.568832,1.098432
worker_5,165,1788087106.284313,50,9.554712,1.098048
worker_5,166,1788087106.293895,50,9.557351,1.098208
worker_5,167,1788087106.303468,50,9.568471,1.097696
worker_5,168,1788087106.313052,50,9.581897,1.097376
worker_5,169,1788087106.322650,50,9.559416,1.097792
worker_5,170,1788087106.332233,50,9.582712,1.099392
worker_5,171,1788087106.341835,50,9.553443,1.098464
worker_5,172,1788087106.351405,50,9.562027,1.096192
worker_5,173,1788087106.360990,50,9.556545,1.098176
worker_5,174,1788087106.370568,50,9.547249,1.096832
worker_5,175,1788087106.380134,50,9.573397,1.104352
worker_5,176,1788087106.389724,50,9.783149,1.096768
worker_5,177,1788087106.399556,50,9.324006,1.098592
worker_5,178,1788087106.408905,50,9.542406,1.096800
worker_5,179,1788087106.418468,50,9.577110,1.096448
worker_5,180,1788087106.428064,50,9.551286,1.096640
worker_5,181,1788087106.437634,50,9.558712,1.096768
worker_5,182,1788087106.447210,50,9.571054,1.097760
worker_5,183,1788087106.456798,50,9.565702,1.098272
worker_5,184,1788087106.466380,50,9.554656,1.096192
worker_5,185,1788087106.475962,50,9.553943,1.098176
worker_5,186,1788087106.485533,50,9.561416,1.097632
worker_5,187,1788087106.495110,50,9.576786,1.099552
worker_5,188,1788087106.504704,50,9.561601,1.097696
worker_5,189,1788087106.514281,50,9.566239,1.097792
worker_5,190,1788087106.523863,50,9.565647,1.098944
worker_5,191,1788087106.533445,50,9.562387,1.097632
worker_5,192,1788087106.543023,50,9.561175,1.104288
worker_5,193,1788087106.552602,50,9.577508,1.097792
worker_5,194,1788087106.562196,50,9.558610,1.097408
worker_5,195,1788087106.571771,50,9.575035,1.095776
worker_5,196,1788087106.581364,50,9.582342,1.097376
worker_5,197,1788087106.590962,50,9.568453,1.098176
worker_5,198,1788087106.600549,50,9.564211,1.098432
worker_5,199,1788087106.610132,50,9.564629,1.098048
worker_5,200,1788087106.619714,50,9.562314,1.096832
worker_5,201,1788087106.629292,50,9.555322,1.097856
worker_5,202,1788087106.638864,50,9.557397,1.096128
worker_5,203,1788087106.648437,50,9.563591,1.098656
worker_5,204,1788087106.658015,50,9.570378,1.096960
worker_5,205,1788087106.667612,50,9.546777,1.098336
worker_5,206,1788087106.677175,50,9.560443,1.097120
worker_5,207,1788087106.686751,50,9.572091,1.100160
worker_5,208,1788087106.696341,50,9.570943,1.098464
worker_5,209,1788087106.705929,50,9.562851,1.097632
worker_5,210,1788087106.715508,50,9.556202,1.096000
worker_5,211,1788087106.725081,50,9.562980,1.097376
worker_5,212,1788087106.734660,50,9.562906,1.097472
worker_5,213,1788087106.744238,50,9.558378,1.098432
worker_5,214,1788087106.753813,50,9.572063,1.097824
worker_5,215,1788087106.763400,50,9.564396,1.103552
worker_5,216,1788087106.772980,50,9.566008,1.097344
worker_5,217,1788087106.782562,50,9.562842,1.097408
worker_5,218,1788087106.792142,50,9.554536,1.097728
worker_5,219,1788087106.801715,50,9.573776,1.096288
worker_5,220,1788087106.811307,50,9.570239,1.098048
worker_5,221,1788087106.820893,50,9.591794,1.097792
worker_5,222,1788087106.830500,50,9.564064,1.096192
worker_5,223,1788087106.840079,50,9.580619,1.098176
worker_5,224,1788087106.849689,50,9.541897,1.096928
worker_5,225,1788087106.859249,50,9.580591,1.097792
worker_5,226,1788087106.868845,50,9.576878,1.097792
worker_5,227,1788087106.878438,50,9.560359,1.098144
worker_5,228,1788087106.888014,50,9.562730,1.098880
worker_5,229,1788087106.897593,50,9.564823,1.096960
worker_5,230,1788087106.907173,50,9.556879,1.098112
worker_5,231,1788087106.916745,50,9.565572,1.098080
worker_5,232,1788087106.926329,50,9.579250,1.098912
worker_5,233,1788087106.935925,50,9.557425,1.097760
worker_5,234,1788087106.945498,50,9.562425,1.097536
worker_5,235,1788087106.955076,50,9.591666,1.111712
worker_5,236,1788087106.964683,50,9.564878,1.097536
worker_5,237,1788087106.974266,50,9.567646,1.096896
worker_5,238,1788087106.983851,50,9.574295,1.098624
worker_5,239,1788087106.993450,50,9.543572,1.095584
worker_5,240,1788087107.003012,50,9.559555,1.097664
worker_5,241,1788087107.012588,50,9.563971,1.096672
worker_5,242,1788087107.022167,50,9.587934,1.097760
worker_5,243,1788087107.031772,50,9.569526,1.103840
worker_5,244,1788087107.041362,50,9.554674,1.095808
worker_5,245,1788087107.050933,50,9.576472,1.097792
worker_5,246,1788087107.060528,50,9.558194,1.096064
worker_5,247,1788087107.070106,50,9.566332,1.100192
worker_5,248,1788087107.079694,50,9.555879,1.097280
worker_5,249,1788087107.089268,50,9.570518,1.096064
worker_5,250,1788087107.098856,50,9.567026,1.103520
worker_5,251,1788087107.108441,50,9.570027,1.096192
worker_5,252,1788087107.118029,50,9.564527,1.096896
worker_5,253,1788087107.127609,50,9.560174,1.097696
worker_5,254,1788087107.137186,50,9.555499,1.096288
worker_5,255,1788087107.146757,50,9.559452,1.098272
worker_5,256,1788087107.156332,50,9.562268,1.096672
worker_5,257,1788087107.165910,50,9.567415,1.096224
worker_5,258,1788087107.175496,50,9.552461,1.096032
worker_5,259,1788087107.185067,50,9.561378,1.099136
worker_5,260,1788087107.194645,50,9.576046,1.097312
worker_5,261,1788087107.204238,50,9.568768,1.098016
worker_5,262,1788087107.213822,50,9.557378,1.097056
worker_5,263,1788087107.223403,50,9.567017,1.097856
worker_5,264,1788087107.232988,50,9.569674,1.097408
worker_5,265,1788087107.242573,50,9.562924,1.097824
worker_5,266,1788087107.252152,50,9.573897,1.099136
worker_5,267,1788087107.261742,50,9.572416,1.097600
worker_5,268,1788087107.271333,50,9.555350,1.096064
worker_5,269,1788087107.280910,50,9.548962,1.097856
worker_5,270,1788087107.290478,50,9.556471,1.097440
worker_5,271,1788087107.300050,50,9.558110,1.097728
worker_5,272,1788087107.309625,50,9.571313,1.098912
worker_5,273,1788087107.319214,50,9.566841,1.101696
worker_5,274,1788087107.328796,50,9.571231,1.099776
worker_5,275,1788087107.338385,50,9.573841,1.097312
worker_5,276,1788087107.347983,50,9.544942,1.098080
worker_5,277,1788087107.357549,50,9.690982,1.098848
worker_5,278,1788087107.367258,50,9.514295,1.099200
worker_5,279,1788087107.376791,50,9.456229,1.098272
worker_5,280,1788087107.386265,50,9.566331,1.097600
worker_5,281,1788087107.395848,50,9.556109,1.096640
worker_5,282,1788087107.405420,50,9.568434,1.096800
worker_5,283,1788087107.415019,50,9.563703,1.109920
worker_5,284,1788087107.424614,50,9.540331,1.098720
worker_5,285,1788087107.434179,50,9.547989,1.097248
worker_5,286,1788087107.443747,50,9.560221,1.097472
worker_5,287,1788087107.453327,50,9.550906,1.099296
worker_5,288,1788087107.462893,50,9.574018,1.104928
worker_5,289,1788087107.472489,50,9.559619,1.096800
worker_5,290,1788087107.482073,50,9.557286,1.097152
worker_5,291,1788087107.491655,50,9.537656,1.096384
worker_5,292,1788087107.501214,50,9.552915,1.096384
worker_5,293,1788087107.510785,50,9.560378,1.100416
worker_5,294,1788087107.520366,50,9.568230,1.098528
worker_5,295,1788087107.529956,50,9.570926,1.097152
worker_5,296,1788087107.539547,50,9.555517,1.101344
worker_5,297,1788087107.549121,50,9.564498,1.096672
worker_5,298,1788087107.558704,50,9.894797,1.098080
worker_5,299,1788087107.568620,50,9.228422,1.098048
worker_5,300,1788087107.577868,50,9.561730,1.097856
worker_5,301,1788087107.587451,50,9.547295,1.097408
worker_5,302,1788087107.597029,50,9.538980,1.097440
worker_5,303,1788087107.606585,50,9.586064,1.096736
worker_5,304,1788087107.616195,50,9.593618,1.096352
worker_5,305,1788087107.625830,50,9.497008,1.095968
worker_5,306,1788087107.635350,50,9.570943,1.099936
worker_5,307,1788087107.644939,50,9.556703,1.096672
worker_5,308,1788087107.654513,50,9.557110,1.096160
worker_5,309,1788087107.664088,50,9.568534,1.095552
worker_5,310,1788087107.673753,50,9.478554,1.097600
worker_5,311,1788087107.683253,50,9.575026,1.097408
worker_5,312,1788087107.692848,50,9.579480,1.097344
worker_5,313,1788087107.702444,50,9.557906,1.097408
worker_5,314,1788087107.712019,50,9.579424,1.101984
worker_5,315,1788087107.721615,50,9.560258,1.099488
worker_5,316,1788087107.731190,50,9.781056,1.098560
worker_5,317,1788087107.741020,50,9.526415,1.097536
worker_5,318,1788087107.750598,50,9.540721,1.097248
worker_5,319,1788087107.760190,50,9.319793,1.096224
worker_5,320,1788087107.769536,50,9.544305,1.097120
worker_5,321,1788087107.779099,50,9.555036,1.097024
worker_5,322,1788087107.788685,50,9.543674,1.098816
worker_5,323,1788087107.798245,50,9.767603,1.096992
worker_5,324,1788087107.808064,50,9.531462,1.097152
worker_5,325,1788087107.817646,50,9.521859,1.096288
worker_5,326,1788087107.827220,50,9.553379,1.096448
worker_5,327,1788087107.836824,50,9.531314,1.095392
worker_5,328,1788087107.846406,50,9.338136,1.097280
worker_5,329,1788087107.855769,50,9.566675,1.102400
worker_5,330,1788087107.865355,50,9.552684,1.098272
worker_5,331,1788087107.874924,50,9.572657,1.098880
worker_5,332,1788087107.884513,50,9.555267,1.097184
worker_5,333,1788087107.894084,50,9.555582,1.097632
worker_5,334,1788087107.903656,50,9.559517,1.099904
worker_5,335,1788087107.913232,50,9.564971,1.097984
worker_5,336,1788087107.922812,50,9.561249,1.098848
worker_5,337,1788087107.932389,50,9.571730,1.097184
worker_5,338,1788087107.941977,50,9.558369,1.097568
worker_5,339,1788087107.951553,50,9.556684,1.097152
worker_5,340,1788087107.961126,50,9.567286,1.100192
worker_5,341,1788087107.970716,50,9.550258,1.097184
worker_5,342,1788087107.980285,50,9.564591,1.097408
worker_5,343,1788087107.989865,50,9.575685,1.099264
worker_5,344,1788087107.999456,50,9.791399,1.102400
worker_5,345,1788087108.009300,50,9.521499,1.097152
worker_5,346,1788087108.018872,50,9.525110,1.097248
worker_5,347,1788087108.028450,50,9.523636,1.096448
worker_5,348,1788087108.038022,50,9.527220,1.097472
worker_5,349,1788087108.047601,50,9.315783,1.097088
worker_5,350,1788087108.056944,50,9.763251,1.097760
worker_5,351,1788087108.066757,50,9.544637,1.097280
worker_5,352,1788087108.076350,50,9.516063,1.097600
worker_5,353,1788087108.085917,50,9.536563,1.098784
worker_5,354,1788087108.095501,50,9.534637,1.098944
worker_5,355,1788087108.105084,50,9.545026,1.096928
worker_5,356,1788087108.114680,50,9.543961,1.098048
worker_5,357,1788087108.124272,50,9.523267,1.097728
worker_5,358,1788087108.133845,50,9.565591,1.097600
worker_5,359,1788087108.143458,50,9.503387,1.098624
worker_5,360,1788087108.153011,50,9.528220,1.098080
worker_5,361,1788087108.162599,50,9.508072,1.097536
worker_5,362,1788087108.172157,50,9.536452,1.099520
worker_5,363,1788087108.181741,50,9.527749,1.097312
worker_5,364,1788087108.191317,50,9.525313,1.100320
worker_5,365,1788087108.200890,50,9.328247,1.096448
worker_5,366,1788087108.210245,50,9.556757,1.098752
worker_5,367,1788087108.219820,50,9.565016,1.098464
worker_5,368,1788087108.229403,50,9.557359,1.096832
worker_5,369,1788087108.238976,50,9.577989,1.107360
worker_5,370,1788087108.248570,50,9.576008,1.097536
worker_5,371,1788087108.258164,50,9.555322,1.098400
worker_5,372,1788087108.267735,50,9.567183,1.098976
worker_5,373,1788087108.277320,50,9.786528,1.098784
worker_5,374,1788087108.287157,50,9.528793,1.095712
worker_5,375,1788087108.296736,50,9.522813,1.095296
worker_5,376,1788087108.306308,50,9.541017,1.096288
worker_5,377,1788087108.315898,50,9.321431,1.097184
worker_5,378,1788087108.325245,50,9.551451,1.097824
worker_5,379,1788087108.334818,50,9.550155,1.097760
worker_5,380,1788087108.344396,50,9.551581,1.096672
worker_5,381,1788087108.353967,50,9.561720,1.097632
worker_5,382,1788087108.363544,50,9.561869,1.100384
worker_5,383,1788087108.373121,50,9.554952,1.098144
worker_5,384,1788087108.382692,50,9.780195,1.096192
worker_5,385,1788087108.392523,50,9.517164,1.097280
worker_5,386,1788087108.402092,50,9.516405,1.096960
worker_5,387,1788087108.411659,50,9.533664,1.097952
worker_5,388,1788087108.421241,50,9.555275,1.098592
worker_5,389,1788087108.430845,50,9.524387,1.097664
worker_5,390,1788087108.440417,50,9.526202,1.096160
worker_5,391,1788087108.449992,50,9.530035,1.097216
worker_5,392,1788087108.459571,50,9.541618,1.098496
worker_5,393,1788087108.469161,50,9.549757,1.097696
worker_5,394,1788087108.478758,50,9.538090,1.097792
worker_5,395,1788087108.488346,50,9.513757,1.098144
worker_5,396,1788087108.497908,50,9.524146,1.099328
worker_5,397,1788087108.507481,50,9.531377,1.098144
worker_5,398,1788087108.517059,50,9.530628,1.100032
worker_5,399,1788087108.526638,50,9.524924,1.096096
worker_5,400,1788087108.536238,50,9.543489,1.102784
worker_5,401,1788087108.545831,50,9.527618,1.097344
worker_5,402,1788087108.555409,50,9.315162,1.098272
worker_5,403,1788087108.564752,50,9.542461,1.096224
worker_5,404,1788087108.574316,50,9.553267,1.097792
worker_5,405,1788087108.583888,50,9.556508,1.098016
worker_5,406,1788087108.593469,50,9.771676,1.097312
worker_5,407,1788087108.603290,50,9.533378,1.096768
worker_5,408,1788087108.612871,50,9.328154,1.098848
worker_5,409,1788087108.622225,50,9.766982,1.098208
worker_5,410,1788087108.632040,50,9.328867,1.100128
worker_5,411,1788087108.641394,50,9.559128,1.097792
worker_5,412,1788087108.650974,50,9.558962,1.096832
worker_5,413,1788087108.660551,50,9.550684,1.098336
worker_5,414,1788087108.670120,50,9.563416,1.097024
worker_5,415,1788087108.679701,50,9.581861,1.099328
worker_5,416,1788087108.689300,50,9.555656,1.098208
worker_5,417,1788087108.698872,50,9.569832,1.098080
worker_5,418,1788087108.708461,50,9.563600,1.097728
worker_5,419,1788087108.718054,50,9.566749,1.096448
worker_5,420,1788087108.727638,50,9.771593,1.099296
worker_5,421,1788087108.737458,50,9.524295,1.096192
worker_5,422,1788087108.747031,50,9.542424,1.097440
worker_5,423,1788087108.756622,50,9.522386,1.097184
worker_5,424,1788087108.766192,50,9.566952,1.097248
worker_5,425,1788087108.775806,50,9.521055,1.099872
worker_5,426,1788087108.785375,50,9.524925,1.096928
worker_5,427,1788087108.794948,50,9.548193,1.105024
worker_5,428,1788087108.804547,50,9.520646,1.098272
worker_5,429,1788087108.814116,50,9.523062,1.098784
worker_5,430,1788087108.823687,50,9.534989,1.099168
worker_5,431,1788087108.833269,50,9.536545,1.095584
worker_5,432,1788087108.842854,50,9.533017,1.097536
worker_5,433,1788087108.852433,50,9.539258,1.096032
worker_5,434,1788087108.862020,50,9.320905,1.096800
worker_5,435,1788087108.871370,50,9.750408,1.099392
worker_5,436,1788087108.881169,50,9.529731,1.095936
worker_5,437,1788087108.890746,50,9.332636,1.100256
worker_5,438,1788087108.900106,50,9.779148,1.102848
worker_5,439,1788087108.909949,50,9.316098,1.098720
worker_5,440,1788087108.919292,50,9.760278,1.096288
worker_5,441,1788087108.929101,50,9.338822,1.096192
worker_5,442,1788087108.938466,50,9.766714,1.097408
worker_5,443,1788087108.948283,50,9.328737,1.098784
worker_5,444,1788087108.957638,50,9.754084,1.097632
worker_5,445,1788087108.967441,50,9.316014,1.096672
worker_5,446,1788087108.976784,50,9.815288,1.098976
worker_5,447,1788087108.986650,50,9.285145,1.096928
worker_5,448,1788087108.995961,50,9.786973,1.105056
worker_5,449,1788087109.005798,50,9.309367,1.098144
worker_5,450,1788087109.015134,50,9.776695,1.099296
worker_5,451,1788087109.024959,50,9.310441,1.097408
worker_5,452,1788087109.034296,50,9.753946,1.097280
worker_5,453,1788087109.044100,50,9.325396,1.098304
worker_5,454,1788087109.053451,50,9.762324,1.097728
worker_5,455,1788087109.063262,50,9.343533,1.107072
worker_5,456,1788087109.072632,50,9.746714,1.096800
worker_5,457,1788087109.082429,50,9.327785,1.099040
worker_5,458,1788087109.091800,50,9.778500,1.097824
worker_5,459,1788087109.101629,50,9.310108,1.097984
worker_5,460,1788087109.110965,50,9.776528,1.097248
worker_5,461,1788087109.120793,50,9.319812,1.098240
worker_5,462,1788087109.130140,50,9.756094,1.097760
worker_5,463,1788087109.139945,50,9.326765,1.098464
worker_5,464,1788087109.149382,50,9.674463,1.097728
worker_5,465,1788087109.159106,50,9.331062,1.101632
worker_5,466,1788087109.168463,50,9.767445,1.095744
worker_5,467,1788087109.178279,50,9.326876,1.097344
worker_5,468,1788087109.187632,50,9.769204,1.096928
worker_5,469,1788087109.197451,50,9.326932,1.096928
worker_5,470,1788087109.206803,50,9.758519,1.098048
worker_5,471,1788087109.216611,50,9.318340,1.097632
worker_5,472,1788087109.225958,50,9.775473,1.096224
worker_5,473,1788087109.235784,50,9.318932,1.098496
worker_5,474,1788087109.245131,50,9.765825,1.096576
worker_5,475,1788087109.254945,50,9.311793,1.098784
worker_5,476,1788087109.264284,50,9.766093,1.096608
worker_5,477,1788087109.274100,50,9.302626,1.095808
worker_5,478,1788087109.283443,50,9.758992,1.101504
worker_5,479,1788087109.293253,50,9.321265,1.098624
worker_5,480,1788087109.302602,50,9.784640,1.097600
worker_5,481,1788087109.312435,50,9.316284,1.097184
worker_5,482,1788087109.321778,50,9.762019,1.097344
worker_5,483,1788087109.331588,50,9.341876,1.097568
worker_5,484,1788087109.340957,50,9.545305,1.097504
worker_5,485,1788087109.350522,50,9.560202,1.097632
worker_5,486,1788087109.360099,50,9.558397,1.095648
worker_5,487,1788087109.369674,50,9.557453,1.097472
worker_5,488,1788087109.379248,50,9.589628,1.102368
worker_5,489,1788087109.388855,50,9.567545,1.099168
worker_5,490,1788087109.398440,50,9.561174,1.098720
worker_5,491,1788087109.408017,50,9.560387,1.098464
worker_5,492,1788087109.417595,50,9.771454,1.097632
worker_5,493,1788087109.427416,50,9.535693,1.098528
worker_5,494,1788087109.437002,50,9.335228,1.097088
worker_5,495,1788087109.446362,50,9.543082,1.098560
worker_5,496,1788087109.455925,50,9.558740,1.100832
worker_5,497,1788087109.465513,50,9.546517,1.097184
worker_5,498,1788087109.475078,50,9.764241,1.097664
worker_5,499,1788087109.484890,50,9.529267,1.096704
worker_5,500,1788087109.494470,50,9.534378,1.097664
worker_5,501,1788087109.504053,50,9.548906,1.103392
worker_5,502,1788087109.513652,50,9.533017,1.095360
worker_5,503,1788087109.523235,50,9.533184,1.098112
worker_5,504,1788087109.532820,50,9.517090,1.098592
worker_5,505,1788087109.542385,50,9.534582,1.097152
worker_5,506,1788087109.551967,50,9.532564,1.100160
worker_5,507,1788087109.561548,50,9.527360,1.096128
worker_5,508,1788087109.571123,50,9.552573,1.101408
worker_5,509,1788087109.580724,50,9.539129,1.096160
worker_5,510,1788087109.590312,50,9.549517,1.098304
worker_5,511,1788087109.599909,50,9.531776,1.102944
worker_5,512,1788087109.609488,50,9.537434,1.097760
worker_5,513,1788087109.619074,50,9.538230,1.097344
worker_5,514,1788087109.628661,50,9.518647,1.096768
worker_5,515,1788087109.638227,50,9.321561,1.097408
worker_5,516,1788087109.647576,50,9.759120,1.098048
worker_5,517,1788087109.657395,50,9.299654,1.097760
worker_5,518,1788087109.666721,50,9.771788,1.099296
worker_5,519,1788087109.676547,50,9.318738,1.098112
worker_5,520,1788087109.685891,50,9.753380,1.098144
worker_5,521,1788087109.695695,50,9.330895,1.095296
worker_5,522,1788087109.705052,50,9.773001,1.096832
worker_5,523,1788087109.714873,50,9.326524,1.097568
worker_5,524,1788087109.724230,50,9.777389,1.095872
worker_5,525,1788087109.734056,50,9.314460,1.097280
worker_5,526,1788087109.743398,50,9.763334,1.095904
worker_5,527,1788087109.753210,50,9.343005,1.098880
worker_5,528,1788087109.762582,50,9.745268,1.096192
worker_5,529,1788087109.772377,50,9.317524,1.096608
worker_5,530,1788087109.781720,50,9.756463,1.098240
worker_5,531,1788087109.791526,50,9.345062,1.100608
worker_5,532,1788087109.800897,50,9.756981,1.097920
worker_5,533,1788087109.810703,50,9.334071,1.097632
worker_5,534,1788087109.820062,50,9.757065,1.096224
worker_5,535,1788087109.829866,50,9.330191,1.095712
worker_5,536,1788087109.839237,50,9.750684,1.099648
worker_5,537,1788087109.849037,50,9.314599,1.098784
worker_5,538,1788087109.858378,50,9.772167,1.097472
worker_5,539,1788087109.868198,50,9.326524,1.098272
worker_5,540,1788087109.877554,50,9.755185,1.097952
worker_5,541,1788087109.887359,50,9.315978,1.097792
worker_5,542,1788087109.896702,50,9.759464,1.097408
worker_5,543,1788087109.906510,50,9.324210,1.098528
worker_5,544,1788087109.915863,50,9.768714,1.099296
worker_5,545,1788087109.925681,50,9.319117,1.097440
worker_5,546,1788087109.935026,50,9.768677,1.098784
worker_5,547,1788087109.944844,50,9.326525,1.098816
worker_5,548,1788087109.954198,50,9.762390,1.095840
worker_5,549,1788087109.964009,50,9.364118,1.099232
worker_5,550,1788087109.973398,50,9.757381,1.097504
worker_5,551,1788087109.983204,50,9.323747,1.097088
worker_5,552,1788087109.992552,50,9.768463,1.097600
worker_5,553,1788087110.002369,50,9.317534,1.097792
worker_5,554,1788087110.011714,50,9.756610,1.098880
worker_5,555,1788087110.021520,50,9.336580,1.098304
worker_5,556,1788087110.030898,50,9.753983,1.100128
worker_5,557,1788087110.040702,50,9.327960,1.097632
worker_5,558,1788087110.050056,50,9.761769,1.096416
worker_5,559,1788087110.059868,50,9.335599,1.097664
worker_5,560,1788087110.069230,50,9.759853,1.097792
worker_5,561,1788087110.079039,50,9.327330,1.098432
worker_5,562,1788087110.088396,50,9.777510,1.097248
worker_5,563,1788087110.098224,50,9.309627,1.096768
worker_5,564,1788087110.107562,50,9.563767,1.098144
worker_5,565,1788087110.117148,50,9.767094,1.097344
worker_5,566,1788087110.126962,50,9.325413,1.097888
worker_5,567,1788087110.136313,50,9.550702,1.096736
worker_5,568,1788087110.145882,50,9.553055,1.097024
worker_5,569,1788087110.155452,50,9.562637,1.100672
worker_5,570,1788087110.165032,50,9.569267,1.098816
worker_5,571,1788087110.174618,50,9.572776,1.098272
worker_5,572,1788087110.184209,50,9.559202,1.098464
worker_5,573,1788087110.193784,50,9.556063,1.098560
worker_5,574,1788087110.203357,50,9.786593,1.097568
worker_5,575,1788087110.213206,50,9.521063,1.097728
worker_5,576,1788087110.222777,50,9.520192,1.096448
worker_5,577,1788087110.232346,50,9.538442,1.097248
worker_5,578,1788087110.241935,50,9.525341,1.099136
worker_5,579,1788087110.251509,50,9.538026,1.097632
worker_5,580,1788087110.261096,50,9.518304,1.096608
worker_5,581,1788087110.270663,50,9.534358,1.095360
worker_5,582,1788087110.280260,50,9.517387,1.098400
worker_5,583,1788087110.289826,50,9.535859,1.098272
worker_5,584,1788087110.299410,50,9.534637,1.099232
worker_5,585,1788087110.308993,50,9.535821,1.098016
worker_5,586,1788087110.318577,50,9.527647,1.096704
worker_5,587,1788087110.328153,50,9.557351,1.098816
worker_5,588,1788087110.337758,50,9.525711,1.097152
worker_5,589,1788087110.347331,50,9.548406,1.097184
worker_5,590,1788087110.356927,50,9.540813,1.098176
worker_5,591,1788087110.366515,50,9.316376,1.098944
worker_5,592,1788087110.375861,50,9.772593,1.106720
worker_5,593,1788087110.385684,50,9.308052,1.097088
worker_5,594,1788087110.395017,50,9.760926,1.102208
worker_5,595,1788087110.404838,50,9.313783,1.097600
worker_5,596,1788087110.414181,50,9.747816,1.097184
worker_5,597,1788087110.423979,50,9.326748,1.096768
worker_5,598,1788087110.433332,50,9.770389,1.098464
worker_5,599,1788087110.443152,50,9.321839,1.097024
worker_5,600,1788087110.452501,50,9.774547,1.097248
worker_5,601,1788087110.462326,50,9.325830,1.097248
worker_5,602,1788087110.471678,50,9.753834,1.096224
worker_5,603,1788087110.481480,50,9.355164,1.097824
worker_5,604,1788087110.490862,50,9.602332,1.097632
worker_5,605,1788087110.500516,50,9.499915,1.097568
worker_5,606,1788087110.510050,50,9.512897,1.098080
worker_5,607,1788087110.519590,50,9.550934,1.095744
worker_5,608,1788087110.529163,50,9.652083,1.097792
worker_5,609,1788087110.538834,50,9.456192,1.098560
worker_5,610,1788087110.548309,50,9.554721,1.098080
worker_5,611,1788087110.557882,50,9.552851,1.097600
worker_5,612,1788087110.567452,50,9.565018,1.097408
worker_5,613,1788087110.577038,50,9.549342,1.097312
worker_5,614,1788087110.586619,50,9.696203,1.098048
worker_5,615,1788087110.596334,50,9.399693,1.096352
worker_5,616,1788087110.605750,50,9.563045,1.100448
worker_5,617,1788087110.615329,50,9.554610,1.097440
worker_5,618,1788087110.624973,50,9.485840,1.097760
worker_5,619,1788087110.634478,50,9.560833,1.097664
worker_5,620,1788087110.644056,50,9.781547,1.104832
worker_5,621,1788087110.653889,50,9.520999,1.098752
worker_5,622,1788087110.663460,50,9.317432,1.096896
worker_5,623,1788087110.672803,50,9.545637,1.098336
worker_5,624,1788087110.682369,50,9.550350,1.097184
worker_5,625,1788087110.691936,50,9.561129,1.098112
worker_5,626,1788087110.701516,50,9.556481,1.097696
worker_5,627,1788087110.711088,50,9.561805,1.097824
worker_5,628,1788087110.720666,50,9.563582,1.098368
worker_5,629,1788087110.730245,50,9.554184,1.098080
worker_5,630,1788087110.739815,50,9.568193,1.102176
worker_5,631,1788087110.749399,50,9.768992,1.099104
worker_5,632,1788087110.759218,50,9.547129,1.100096
worker_5,633,1788087110.768815,50,9.516896,1.097632
worker_5,634,1788087110.778393,50,9.533805,1.096000
worker_5,635,1788087110.787978,50,9.522295,1.098784
worker_5,636,1788087110.797549,50,9.537239,1.096704
worker_5,637,1788087110.807135,50,9.530174,1.096736
worker_5,638,1788087110.816714,50,9.524026,1.098016
worker_5,639,1788087110.826288,50,9.554786,1.097344
worker_5,640,1788087110.835892,50,9.538434,1.103904
worker_5,641,1788087110.845480,50,9.534795,1.095264
worker_5,642,1788087110.855065,50,9.535008,1.096736
worker_5,643,1788087110.864648,50,9.514832,1.095712
worker_5,644,1788087110.874211,50,9.537999,1.095488
worker_5,645,1788087110.883796,50,9.540154,1.098208
worker_5,646,1788087110.893384,50,9.524304,1.096672
worker_5,647,1788087110.902956,50,9.545452,1.103264
worker_5,648,1788087110.912552,50,9.312682,1.098080
worker_5,649,1788087110.921891,50,9.770101,1.097728
worker_5,650,1788087110.931711,50,9.349255,1.097696
worker_5,651,1788087110.941098,50,9.531970,1.097920
worker_5,652,1788087110.950663,50,9.556777,1.097440
worker_5,653,1788087110.960269,50,9.686194,1.102048
worker_5,654,1788087110.969990,50,9.538091,1.098432
worker_5,655,1788087110.979563,50,9.414339,1.102880
worker_5,656,1788087110.989010,50,9.546146,1.098080
worker_5,657,1788087110.998594,50,9.532507,1.095872
worker_5,658,1788087111.008161,50,9.551471,1.096064
worker_5,659,1788087111.017749,50,9.535869,1.097504
worker_5,660,1788087111.027322,50,9.558221,1.100096
worker_5,661,1788087111.036916,50,9.547165,1.096800
worker_5,662,1788087111.046496,50,9.567833,1.096608
worker_5,663,1788087111.056099,50,9.547332,1.097536
worker_5,664,1788087111.065682,50,9.532406,1.097056
worker_5,665,1788087111.075253,50,9.548008,1.099296
worker_5,666,1788087111.084837,50,9.542452,1.097952
worker_5,667,1788087111.094416,50,9.540397,1.099136
worker_5,668,1788087111.103989,50,9.552879,1.096608
worker_5,669,1788087111.113577,50,9.531257,1.096992
worker_5,670,1788087111.123143,50,9.553341,1.095456
worker_5,671,1788087111.132730,50,9.540249,1.096512
worker_5,672,1788087111.142306,50,9.552952,1.097440
worker_5,673,1788087111.151916,50,9.532314,1.097152
worker_5,674,1788087111.161488,50,9.531740,1.097568
worker_5,675,1788087111.171057,50,9.543859,1.098080
worker_5,676,1788087111.180637,50,9.536952,1.097472
worker_5,677,1788087111.190211,50,9.540100,1.097728
worker_5,678,1788087111.199787,50,9.551350,1.098944
worker_5,679,1788087111.209377,50,9.552971,1.097952
worker_5,680,1788087111.218966,50,9.535999,1.097376
worker_5,681,1788087111.228539,50,9.546795,1.097888
worker_5,682,1788087111.238126,50,9.554425,1.097728
worker_5,683,1788087111.247717,50,9.575739,1.099136
worker_5,684,1788087111.257328,50,9.546368,1.097184
worker_5,685,1788087111.266910,50,9.542934,1.098080
worker_5,686,1788087111.276491,50,9.537462,1.097856
worker_5,687,1788087111.286065,50,9.547425,1.097760
worker_5,688,1788087111.295648,50,9.537453,1.097600
worker_5,689,1788087111.305223,50,9.537795,1.097728
worker_5,690,1788087111.314798,50,9.549499,1.101536
worker_5,691,1788087111.324382,50,9.553943,1.096864
worker_5,692,1788087111.333975,50,9.530823,1.098688
worker_5,693,1788087111.343540,50,9.536248,1.096352
worker_5,694,1788087111.353123,50,9.535342,1.097920
worker_5,695,1788087111.362695,50,9.546517,1.097504
worker_5,696,1788087111.372275,50,9.533101,1.096256
worker_5,697,1788087111.381841,50,9.543425,1.097152
worker_5,698,1788087111.391419,50,9.560157,1.097120
worker_5,699,1788087111.401016,50,9.535739,1.095840
worker_5,700,1788087111.410589,50,9.540369,1.095904
worker_5,701,1788087111.420167,50,9.554083,1.101312
worker_5,702,1788087111.429756,50,9.542702,1.097344
worker_5,703,1788087111.439335,50,9.544934,1.096800
worker_5,704,1788087111.448916,50,9.553582,1.098016
worker_5,705,1788087111.458503,50,9.582953,1.097248
worker_5,706,1788087111.468121,50,9.535712,1.096576
worker_5,707,1788087111.477691,50,9.546582,1.097088
worker_5,708,1788087111.487277,50,9.543424,1.097280
worker_5,709,1788087111.496859,50,9.534545,1.095904
worker_5,710,1788087111.506429,50,9.543665,1.096736
worker_5,711,1788087111.516011,50,9.533425,1.097216
worker_5,712,1788087111.525579,50,9.538035,1.096800
worker_5,713,1788087111.535152,50,9.538775,1.097408
worker_5,714,1788087111.544742,50,9.517110,1.095424
worker_5,715,1788087111.554298,50,9.533276,1.096928
worker_5,716,1788087111.563867,50,9.539470,1.099680
worker_5,717,1788087111.573444,50,9.549174,1.098272
worker_5,718,1788087111.583027,50,9.545776,1.096864
worker_5,719,1788087111.592607,50,9.538183,1.097440
worker_5,720,1788087111.602182,50,9.539175,1.096768
worker_5,721,1788087111.611759,50,9.539627,1.097536
worker_5,722,1788087111.621333,50,9.561359,1.098176
worker_5,723,1788087111.630931,50,9.539110,1.097312
worker_5,724,1788087111.640506,50,9.535702,1.099488
worker_5,725,1788087111.650079,50,9.539692,1.097344
worker_5,726,1788087111.659656,50,9.551462,1.097632
worker_5,727,1788087111.669246,50,9.532897,1.097792
worker_5,728,1788087111.678815,50,9.689907,1.099200
worker_5,729,1788087111.688546,50,9.406469,1.099296
worker_5,730,1788087111.697985,50,9.564258,1.098528
worker_5,731,1788087111.707582,50,9.538573,1.097728
worker_5,732,1788087111.717155,50,9.537896,1.095648
worker_5,733,1788087111.726742,50,9.521323,1.096992
worker_5,734,1788087111.736296,50,9.542934,1.097504
worker_5,735,1788087111.745871,50,9.542489,1.096512
worker_5,736,1788087111.755448,50,9.543332,1.097600
worker_5,737,1788087111.765026,50,9.530054,1.097216
worker_5,738,1788087111.774592,50,9.548036,1.098688
worker_5,739,1788087111.784175,50,9.536759,1.096928
worker_5,740,1788087111.793747,50,9.553508,1.097120
worker_5,741,1788087111.803334,50,9.545036,1.100160
worker_5,742,1788087111.812910,50,9.541905,1.096512
worker_5,743,1788087111.822487,50,9.576276,1.098176
worker_5,744,1788087111.832099,50,9.535119,1.097792
worker_5,745,1788087111.841669,50,9.541897,1.097568
worker_5,746,1788087111.851249,50,9.538590,1.097088
worker_5,747,1788087111.860825,50,9.533943,1.098688
worker_5,748,1788087111.870393,50,9.550925,1.096736
worker_5,749,1788087111.879977,50,9.533026,1.096608
worker_5,750,1788087111.889546,50,9.544841,1.096416
worker_5,751,1788087111.899125,50,9.556120,1.101184
worker_5,752,1788087111.908718,50,9.532378,1.096416
worker_5,753,1788087111.918297,50,9.542536,1.096384
worker_5,754,1788087111.927876,50,9.539452,1.096608
worker_5,755,1788087111.937452,50,9.539637,1.097696
worker_5,756,1788087111.947026,50,9.552369,1.104576
worker_5,757,1788087111.956611,50,9.552721,1.096960
worker_5,758,1788087111.966201,50,9.541156,1.096192
worker_5,759,1788087111.975776,50,9.550962,1.096672
worker_5,760,1788087111.985364,50,9.539971,1.099520
worker_5,761,1788087111.994939,50,9.535989,1.097504
worker_5,762,1788087112.004512,50,9.537220,1.097408
worker_5,763,1788087112.014086,50,9.563100,1.097632
worker_5,764,1788087112.023684,50,9.549425,1.105184
worker_5,765,1788087112.033267,50,9.542804,1.096640
worker_5,766,1788087112.042848,50,9.539349,1.098304
worker_5,767,1788087112.052423,50,9.535814,1.098368
worker_5,768,1788087112.061992,50,9.558332,1.095488
worker_5,769,1788087112.071587,50,9.564462,1.097120
worker_5,770,1788087112.081186,50,9.543795,1.096448
worker_5,771,1788087112.090766,50,9.545240,1.096512
worker_5,772,1788087112.100443,50,9.443377,1.098624
worker_5,773,1788087112.109922,50,9.536258,1.097152
worker_5,774,1788087112.119495,50,9.541767,1.096480
worker_5,775,1788087112.129075,50,9.537656,1.096480
worker_5,776,1788087112.138649,50,9.538184,1.097536
worker_5,777,1788087112.148238,50,9.523201,1.096000
worker_5,778,1788087112.157796,50,9.547693,1.098400
worker_5,779,1788087112.167381,50,9.550675,1.097184
worker_5,780,1788087112.176970,50,9.545351,1.096960
worker_5,781,1788087112.186556,50,9.532823,1.096480
worker_5,782,1788087112.196125,50,9.534775,1.097536
worker_5,783,1788087112.205697,50,9.534592,1.097888
worker_5,784,1788087112.215264,50,9.554684,1.097920
worker_5,785,1788087112.224852,50,9.545879,1.097120
worker_5,786,1788087112.234435,50,9.533027,1.096736
worker_5,787,1788087112.244003,50,9.544804,1.096000
worker_5,788,1788087112.253586,50,9.531813,1.097472
worker_5,789,1788087112.263150,50,9.545137,1.097792
worker_5,790,1788087112.272733,50,9.534395,1.097632
worker_5,791,1788087112.282306,50,9.547628,1.099072
worker_5,792,1788087112.291901,50,9.529285,1.097440
worker_5,793,1788087112.301469,50,9.534331,1.097632
worker_5,794,1788087112.311039,50,9.554619,1.100096
worker_5,795,1788087112.320631,50,9.550462,1.096736
worker_5,796,1788087112.330218,50,9.547202,1.097536
worker_5,797,1788087112.339799,50,9.553425,1.097184
worker_5,798,1788087112.349383,50,9.543962,1.097216
worker_5,799,1788087112.358965,50,9.528573,1.097056
worker_5,800,1788087112.368527,50,9.532887,1.098112
worker_5,801,1788087112.378092,50,9.576222,1.097408
worker_5,802,1788087112.387704,50,9.560814,1.097344
worker_5,803,1788087112.397303,50,9.533258,1.097184
worker_5,804,1788087112.406872,50,9.550229,1.096064
worker_5,805,1788087112.416459,50,9.541942,1.097728
worker_5,806,1788087112.426039,50,9.548554,1.096288
worker_5,807,1788087112.435625,50,9.540230,1.099968
worker_5,808,1788087112.445202,50,9.553138,1.096576
worker_5,809,1788087112.454791,50,9.545026,1.097568
worker_5,810,1788087112.464372,50,9.540045,1.097152
worker_5,811,1788087112.473957,50,9.535044,1.097920
worker_5,812,1788087112.483526,50,9.542786,1.097408
worker_5,813,1788087112.493106,50,9.536637,1.097024
worker_5,814,1788087112.502678,50,9.553415,1.098688
worker_5,815,1788087112.512269,50,9.527703,1.096480
worker_5,816,1788087112.521828,50,9.550599,1.096096
worker_5,817,1788087112.531412,50,9.552887,1.103712
worker_5,818,1788087112.541002,50,9.544786,1.096160
worker_5,819,1788087112.550582,50,9.543536,1.095936
worker_5,820,1788087112.560160,50,9.539100,1.097152
worker_5,821,1788087112.569731,50,9.542138,1.096448
worker_5,822,1788087112.579308,50,9.550444,1.096640
worker_5,823,1788087112.588893,50,9.552443,1.098240
worker_5,824,1788087112.598483,50,9.551027,1.096704
worker_5,825,1788087112.608071,50,9.527934,1.096672
worker_5,826,1788087112.617635,50,9.530999,1.096160
worker_5,827,1788087112.627201,50,9.544888,1.097088
worker_5,828,1788087112.636778,50,9.540360,1.097152
worker_5,829,1788087112.646349,50,9.547165,1.097376
worker_5,830,1788087112.655928,50,9.546397,1.099296
worker_5,831,1788087112.665518,50,9.537888,1.097536
worker_5,832,1788087112.675091,50,9.538776,1.097760
worker_5,833,1788087112.684663,50,9.547267,1.095872
worker_5,834,1788087112.694242,50,9.544183,1.097952
worker_5,835,1788087112.703821,50,9.548776,1.102016
worker_5,836,1788087112.713408,50,9.554008,1.096704
worker_5,837,1788087112.722994,50,9.550129,1.097728
worker_5,838,1788087112.732578,50,9.717019,1.095936
worker_5,839,1788087112.742342,50,9.384600,1.097376
worker_5,840,1788087112.751771,50,9.504267,1.097984
worker_5,841,1788087112.761309,50,9.568100,1.099776
worker_5,842,1788087112.770907,50,9.549924,1.101248
worker_5,843,1788087112.780492,50,9.554684,1.097344
worker_5,844,1788087112.790078,50,9.540888,1.098336
worker_5,845,1788087112.799650,50,9.546564,1.097536
worker_5,846,1788087112.809232,50,9.551360,1.097280
worker_5,847,1788087112.818818,50,9.537822,1.098080
worker_5,848,1788087112.828392,50,9.733898,1.097312
worker_5,849,1788087112.838172,50,9.371552,1.095744
worker_5,850,1788087112.847602,50,9.494840,1.097920
worker_5,851,1788087112.857132,50,9.530222,1.096256
worker_5,852,1788087112.866695,50,9.552147,1.096832
worker_5,853,1788087112.876278,50,9.528499,1.098112
worker_5,854,1788087112.885838,50,9.549702,1.097760
worker_5,855,1788087112.895417,50,9.547897,1.099520
worker_5,856,1788087112.904996,50,9.544211,1.095552
worker_5,857,1788087112.914571,50,9.555146,1.095584
worker_5,858,1788087112.924160,50,9.541952,1.097760
worker_5,859,1788087112.933737,50,9.537100,1.099008
worker_5,860,1788087112.943308,50,9.556618,1.100032
worker_5,861,1788087112.952896,50,9.544684,1.096960
worker_5,862,1788087112.962472,50,9.548572,1.097792
worker_5,863,1788087112.972053,50,9.545544,1.097088
worker_5,864,1788087112.981633,50,9.535935,1.097920
worker_5,865,1788087112.991200,50,9.553767,1.097696
worker_5,866,1788087113.000788,50,9.553767,1.097952
worker_5,867,1788087113.010373,50,9.547054,1.097280
worker_5,868,1788087113.019953,50,9.547758,1.099008
worker_5,869,1788087113.029533,50,9.550693,1.097088
worker_5,870,1788087113.039131,50,9.526916,1.097184
worker_5,871,1788087113.048696,50,9.541164,1.097664
worker_5,872,1788087113.058271,50,9.537915,1.098144
worker_5,873,1788087113.067840,50,9.550656,1.098176
worker_5,874,1788087113.077422,50,9.561368,1.097120
worker_5,875,1788087113.087013,50,9.548202,1.098208
worker_5,876,1788087113.096592,50,9.545323,1.097056
worker_5,877,1788087113.106169,50,9.557434,1.097984
worker_5,878,1788087113.115757,50,9.539396,1.098656
worker_5,879,1788087113.125327,50,9.536906,1.095904
worker_5,880,1788087113.134895,50,9.555554,1.096896
worker_5,881,1788087113.144482,50,9.542444,1.097344
worker_5,882,1788087113.154058,50,9.555147,1.096224
worker_5,883,1788087113.163649,50,9.548424,1.098624
worker_5,884,1788087113.173231,50,9.538184,1.095904
worker_5,885,1788087113.182803,50,9.544044,1.097856
worker_5,886,1788087113.192382,50,9.547925,1.097728
worker_5,887,1788087113.201962,50,9.553184,1.096800
worker_5,888,1788087113.211550,50,9.548258,1.097792
worker_5,889,1788087113.221140,50,9.533683,1.097344
worker_5,890,1788087113.230711,50,9.542934,1.096064
worker_5,891,1788087113.240289,50,9.525952,1.097728
worker_5,892,1788087113.249847,50,9.544387,1.097088
worker_5,893,1788087113.259421,50,9.546602,1.101312
worker_5,894,1788087113.268999,50,9.548285,1.097312
worker_5,895,1788087113.278581,50,9.551480,1.097856
worker_5,896,1788087113.288163,50,9.543656,1.097440
worker_5,897,1788087113.297735,50,9.549017,1.098528
worker_5,898,1788087113.307315,50,9.559258,1.099968
worker_5,899,1788087113.316908,50,9.547555,1.097440
worker_5,900,1788087113.326490,50,9.560628,1.097024
worker_5,901,1788087113.336086,50,9.531174,1.097568
worker_5,902,1788087113.345649,50,9.547258,1.098208
worker_5,903,1788087113.355233,50,9.543990,1.103584
worker_5,904,1788087113.364809,50,9.545675,1.096960
worker_5,905,1788087113.374388,50,9.540341,1.097344
worker_5,906,1788087113.383960,50,9.546610,1.099936
worker_5,907,1788087113.393535,50,9.546851,1.097408
worker_5,908,1788087113.403115,50,9.542471,1.098880
worker_5,909,1788087113.412700,50,9.537045,1.095936
worker_5,910,1788087113.422274,50,9.544499,1.097280
worker_5,911,1788087113.431852,50,9.551434,1.098848
worker_5,912,1788087113.441435,50,9.555962,1.097504
worker_5,913,1788087113.451027,50,9.535952,1.098656
worker_5,914,1788087113.460598,50,9.543573,1.097312
worker_5,915,1788087113.470177,50,9.553758,1.096448
worker_5,916,1788087113.479764,50,9.540582,1.098336
worker_5,917,1788087113.489339,50,9.535721,1.096704
worker_5,918,1788087113.498909,50,9.545184,1.099328
worker_5,919,1788087113.508492,50,9.544137,1.095488
worker_5,920,1788087113.518072,50,9.532285,1.096256
worker_5,921,1788087113.527635,50,9.570703,1.097792
worker_5,922,1788087113.537244,50,9.534314,1.096256
worker_5,923,1788087113.546809,50,9.559758,1.100832
worker_5,924,1788087113.556403,50,9.544832,1.096320
worker_5,925,1788087113.565982,50,9.539925,1.096288
worker_5,926,1788087113.575641,50,9.459581,1.097952
worker_5,927,1788087113.585136,50,9.536832,1.097920
worker_5,928,1788087113.594714,50,9.540110,1.096352
worker_5,929,1788087113.604292,50,9.531573,1.098400
worker_5,930,1788087113.613858,50,9.538915,1.096864
worker_5,931,1788087113.623431,50,9.534721,1.100192
worker_5,932,1788087113.633000,50,9.549739,1.097056
worker_5,933,1788087113.642582,50,9.552628,1.096256
worker_5,934,1788087113.652167,50,9.538026,1.097376
worker_5,935,1788087113.661735,50,9.553655,1.098624
worker_5,936,1788087113.671322,50,9.547415,1.098432
worker_5,937,1788087113.680907,50,9.536369,1.097792
worker_5,938,1788087113.690476,50,9.539341,1.095872
worker_5,939,1788087113.700049,50,9.538712,1.097824
worker_5,940,1788087113.709621,50,9.548054,1.097920
worker_5,941,1788087113.719204,50,9.553007,1.098688
worker_5,942,1788087113.728788,50,9.541007,1.097888
worker_5,943,1788087113.738360,50,9.533767,1.097472
worker_5,944,1788087113.747919,50,9.549776,1.096416
worker_5,945,1788087113.757503,50,9.538610,1.096448
worker_5,946,1788087113.767075,50,9.537008,1.096352
worker_5,947,1788087113.776646,50,9.539479,1.098400
worker_5,948,1788087113.786228,50,9.551378,1.096224
worker_5,949,1788087113.795812,50,9.558850,1.098368
worker_5,950,1788087113.805402,50,9.546619,1.096096
worker_5,951,1788087113.814980,50,9.532351,1.096512
worker_5,952,1788087113.824543,50,9.535165,1.096544
worker_5,953,1788087113.834107,50,9.549739,1.096864
worker_5,954,1788087113.843688,50,9.562795,1.097440
worker_5,955,1788087113.853282,50,9.551489,1.098880
worker_5,956,1788087113.862868,50,9.542897,1.097600
worker_5,957,1788087113.872447,50,9.535258,1.097344
worker_5,958,1788087113.882016,50,9.547906,1.097952
worker_5,959,1788087113.891598,50,9.537545,1.100512
worker_5,960,1788087113.901166,50,9.541258,1.097056
worker_5,961,1788087113.910739,50,9.543944,1.098656
worker_5,962,1788087113.920317,50,9.540508,1.096608
worker_5,963,1788087113.929888,50,9.537775,1.097472
worker_5,964,1788087113.939457,50,9.549499,1.095904
worker_5,965,1788087113.949039,50,9.545434,1.097280
worker_5,966,1788087113.958616,50,9.547221,1.098400
worker_5,967,1788087113.968219,50,9.553147,1.097984
worker_5,968,1788087113.977806,50,9.541304,1.097536
worker_5,969,1788087113.987383,50,9.542758,1.100512
worker_5,970,1788087113.996961,50,9.535231,1.096704
worker_5,971,1788087114.006527,50,9.546119,1.097248
worker_5,972,1788087114.016109,50,9.557703,1.097376
worker_5,973,1788087114.025703,50,9.536832,1.096864
worker_5,974,1788087114.035274,50,9.540313,1.096512
worker_5,975,1788087114.044849,50,9.540694,1.098688
worker_5,976,1788087114.054420,50,9.544508,1.095360
worker_5,977,1788087114.063998,50,9.560462,1.106528
worker_5,978,1788087114.073595,50,9.537841,1.097920
worker_5,979,1788087114.083173,50,9.541925,1.098976
worker_5,980,1788087114.092748,50,9.539231,1.097504
worker_5,981,1788087114.102323,50,9.534146,1.096384
worker_5,982,1788087114.111893,50,9.536971,1.098304
worker_5,983,1788087114.121464,50,9.540841,1.097024
worker_5,984,1788087114.131039,50,9.549147,1.102976
worker_5,985,1788087114.140624,50,9.539592,1.098400
worker_5,986,1788087114.150201,50,9.563240,1.105440
worker_5,987,1788087114.159818,50,9.518999,1.096256
worker_5,988,1788087114.169368,50,9.550249,1.098592
worker_5,989,1788087114.178952,50,9.529609,1.095680
worker_5,990,1788087114.188519,50,9.554563,1.096704
worker_5,991,1788087114.198107,50,9.539675,1.097920
worker_5,992,1788087114.207679,50,9.547934,1.096960
worker_5,993,1788087114.217259,50,9.561203,1.103200
worker_5,994,1788087114.226854,50,9.536194,1.098784
worker_5,995,1788087114.236425,50,9.553166,1.097952
worker_5,996,1788087114.246013,50,9.531878,1.098336
worker_5,997,1788087114.255578,50,9.561128,1.096832
worker_5,998,1788087114.265176,50,9.528101,1.097920
worker_5,999,1788087114.274735,50,9.554350,1.097568
worker_5,1000,1788087114.284323,50,9.534239,1.096096
worker_5,1001,1788087114.293890,50,9.538952,1.096000
worker_5,1002,1788087114.303467,50,9.547415,1.096352
worker_5,1003,1788087114.313049,50,9.542137,1.096832
worker_5,1004,1788087114.322626,50,9.553860,1.098400
worker_5,1005,1788087114.332229,50,9.722630,1.101024
worker_5,1006,1788087114.342009,50,9.354737,1.096096
worker_5,1007,1788087114.351408,50,9.510424,1.096512
worker_5,1008,1788087114.360951,50,9.538471,1.096192
worker_5,1009,1788087114.370520,50,9.577814,1.097792
worker_5,1010,1788087114.380132,50,9.537564,1.097792
worker_5,1011,1788087114.389699,50,9.544258,1.097344
worker_5,1012,1788087114.399274,50,9.545341,1.097216
worker_5,1013,1788087114.408851,50,9.547693,1.095584
worker_5,1014,1788087114.418430,50,9.553331,1.096832
worker_5,1015,1788087114.428018,50,9.691694,1.097600
worker_5,1016,1788087114.437740,50,9.545739,1.097088
worker_5,1017,1788087114.447317,50,9.483451,1.105792
worker_5,1018,1788087114.456832,50,9.639110,1.097280
worker_5,1019,1788087114.466506,50,9.467321,1.097696
worker_5,1020,1788087114.476007,50,9.466934,1.098112
worker_5,1021,1788087114.485506,50,9.537128,1.097824
worker_5,1022,1788087114.495074,50,9.548831,1.096192
worker_5,1023,1788087114.504658,50,9.533768,1.096288
worker_5,1024,1788087114.514223,50,9.546971,1.096672
worker_5,1025,1788087114.523802,50,9.569461,1.097632
worker_5,1026,1788087114.533414,50,9.539740,1.097696
worker_5,1027,1788087114.542989,50,9.538221,1.096768
worker_5,1028,1788087114.552561,50,9.541638,1.096960
worker_5,1029,1788087114.562134,50,9.541711,1.095776
worker_5,1030,1788087114.571708,50,9.556388,1.097920
worker_5,1031,1788087114.581296,50,9.564471,1.097696
worker_5,1032,1788087114.590892,50,9.558147,1.097280
worker_5,1033,1788087114.600485,50,9.539526,1.097536
worker_5,1034,1788087114.610058,50,9.539934,1.098752
worker_5,1035,1788087114.619629,50,9.556166,1.095712
worker_5,1036,1788087114.629220,50,9.537231,1.097824
worker_5,1037,1788087114.638795,50,9.530222,1.097888
worker_5,1038,1788087114.648355,50,9.547499,1.098880
worker_5,1039,1788087114.657934,50,9.541156,1.095872
worker_5,1040,1788087114.667505,50,9.551388,1.097568
worker_5,1041,1788087114.677090,50,9.539156,1.098848
worker_5,1042,1788087114.686661,50,9.559702,1.098368
worker_5,1043,1788087114.696252,50,9.545092,1.096160
worker_5,1044,1788087114.705830,50,9.546647,1.097536
worker_5,1045,1788087114.715418,50,9.534878,1.096000
worker_5,1046,1788087114.724983,50,9.565444,1.097600
worker_5,1047,1788087114.734581,50,9.544008,1.097696
worker_5,1048,1788087114.744159,50,9.708806,1.096544
worker_5,1049,1788087114.753909,50,9.546230,1.097344
worker_5,1050,1788087114.763503,50,9.345293,1.104256
worker_5,1051,1788087114.772882,50,9.535332,1.096000
worker_5,1052,1788087114.782447,50,9.546860,1.096576
worker_5,1053,1788087114.792025,50,9.554971,1.097056
worker_5,1054,1788087114.801617,50,9.538739,1.096800
worker_5,1055,1788087114.811188,50,9.561269,1.099968
worker_5,1056,1788087114.820787,50,9.534073,1.096288
worker_5,1057,1788087114.830352,50,9.547055,1.097664
worker_5,1058,1788087114.839932,50,9.542888,1.097376
worker_5,1059,1788087114.849505,50,9.551971,1.099104
worker_5,1060,1788087114.859089,50,9.546249,1.099200
worker_5,1061,1788087114.868669,50,9.526212,1.095520
worker_5,1062,1788087114.878227,50,9.550925,1.095808
worker_5,1063,1788087114.887812,50,9.537914,1.098784
worker_5,1064,1788087114.897385,50,9.548730,1.096320
worker_5,1065,1788087114.906978,50,9.531545,1.097632
worker_5,1066,1788087114.916543,50,9.537536,1.095552
worker_5,1067,1788087114.926110,50,9.569841,1.097568
worker_5,1068,1788087114.935713,50,9.540814,1.099392
worker_5,1069,1788087114.945285,50,9.572769,1.100128
worker_5,1070,1788087114.954892,50,9.533657,1.095392
worker_5,1071,1788087114.964460,50,9.540175,1.096416
worker_5,1072,1788087114.974032,50,9.556666,1.098752
worker_5,1073,1788087114.983623,50,9.543175,1.100736
worker_5,1074,1788087114.993200,50,9.541814,1.095808
worker_5,1075,1788087115.002774,50,9.547711,1.096512
worker_5,1076,1788087115.012357,50,9.538072,1.097728
worker_5,1077,1788087115.021927,50,9.555823,1.097056
worker_5,1078,1788087115.031518,50,9.544462,1.096512
worker_5,1079,1788087115.041183,50,9.460636,1.097184
worker_5,1080,1788087115.050681,50,9.545110,1.098720
worker_5,1081,1788087115.060260,50,9.552934,1.096928
worker_5,1082,1788087115.069847,50,9.545229,1.097728
worker_5,1083,1788087115.079422,50,9.551795,1.097120
worker_5,1084,1788087115.089017,50,9.548804,1.098240
worker_5,1085,1788087115.098595,50,9.566230,1.098752
worker_5,1086,1788087115.108194,50,9.541248,1.097792
worker_5,1087,1788087115.117765,50,9.542035,1.095392
worker_5,1088,1788087115.127339,50,9.550082,1.096384
worker_5,1089,1788087115.136921,50,9.565397,1.098816
worker_5,1090,1788087115.146517,50,9.546887,1.096160
worker_5,1091,1788087115.156094,50,9.565888,1.103744
worker_5,1092,1788087115.165690,50,9.551508,1.097280
worker_5,1093,1788087115.175271,50,9.546730,1.096288
worker_5,1094,1788087115.184855,50,9.707046,1.095616
worker_5,1095,1788087115.194602,50,9.398998,1.098112
worker_5,1096,1788087115.204047,50,9.509952,1.097856
worker_5,1097,1788087115.213593,50,9.534100,1.097632
worker_5,1098,1788087115.223158,50,9.562036,1.100064
worker_5,1099,1788087115.232750,50,9.542878,1.097664
worker_5,1100,1788087115.242322,50,9.551572,1.096992
worker_5,1101,1788087115.251910,50,9.537147,1.098656
worker_5,1102,1788087115.261485,50,9.529443,1.095904
worker_5,1103,1788087115.271050,50,9.538572,1.099936
worker_5,1104,1788087115.280633,50,9.536545,1.097920
worker_5,1105,1788087115.290205,50,9.565536,1.097568
worker_5,1106,1788087115.299805,50,9.539536,1.100352
worker_5,1107,1788087115.309374,50,9.645870,1.095648
worker_5,1108,1788087115.319057,50,9.630500,1.097440
worker_5,1109,1788087115.328721,50,9.544610,1.097216
worker_5,1110,1788087115.338297,50,9.550008,1.098848
worker_5,1111,1788087115.347881,50,9.536536,1.097760
worker_5,1112,1788087115.357449,50,9.418155,1.098432
worker_5,1113,1788087115.366898,50,9.567924,1.097600
worker_5,1114,1788087115.376501,50,9.532917,1.096832
worker_5,1115,1788087115.386066,50,9.551730,1.099328
worker_5,1116,1788087115.395655,50,9.529832,1.095872
worker_5,1117,1788087115.405217,50,9.562601,1.102784
worker_5,1118,1788087115.414815,50,9.531897,1.097888
worker_5,1119,1788087115.424378,50,9.543813,1.097920
worker_5,1120,1788087115.433951,50,9.704898,1.096832
worker_5,1121,1788087115.443691,50,9.633176,1.100320
worker_5,1122,1788087115.453372,50,9.488730,1.097312
worker_5,1123,1788087115.462919,50,9.346117,1.097792
worker_5,1124,1788087115.472300,50,9.530951,1.098688
worker_5,1125,1788087115.481863,50,9.547203,1.096704
worker_5,1126,1788087115.491442,50,9.553193,1.096384
worker_5,1127,1788087115.501027,50,9.545156,1.097280
worker_5,1128,1788087115.510606,50,9.560166,1.096896
worker_5,1129,1788087115.520198,50,9.540916,1.098816
worker_5,1130,1788087115.529775,50,9.542702,1.097312
worker_5,1131,1788087115.539350,50,9.544738,1.099712
worker_5,1132,1788087115.548927,50,9.721695,1.096608
worker_5,1133,1788087115.558690,50,9.384859,1.097344
worker_5,1134,1788087115.568110,50,9.560777,1.113120
worker_5,1135,1788087115.577701,50,9.548749,1.096608
worker_5,1136,1788087115.587281,50,9.547823,1.097632
worker_5,1137,1788087115.596860,50,9.548258,1.097184
worker_5,1138,1788087115.606440,50,9.554879,1.098112
worker_5,1139,1788087115.616030,50,9.529360,1.096256
worker_5,1140,1788087115.625592,50,9.546813,1.096128
worker_5,1141,1788087115.635174,50,9.538109,1.097088
worker_5,1142,1788087115.644744,50,9.536202,1.095360
worker_5,1143,1788087115.654325,50,9.533193,1.095904
worker_5,1144,1788087115.663894,50,9.537592,1.097632
worker_5,1145,1788087115.673464,50,9.547119,1.097536
worker_5,1146,1788087115.683056,50,9.550276,1.105312
worker_5,1147,1788087115.692641,50,9.741545,1.096640
worker_5,1148,1788087115.702430,50,9.368904,1.097440
worker_5,1149,1788087115.711837,50,9.552341,1.096320
worker_5,1150,1788087115.721423,50,9.532906,1.096672
worker_5,1151,1788087115.730987,50,9.567137,1.099680
worker_5,1152,1788087115.740590,50,9.539434,1.095904
worker_5,1153,1788087115.750161,50,9.549804,1.097248
worker_5,1154,1788087115.759742,50,9.547859,1.100416
worker_5,1155,1788087115.769328,50,9.556239,1.098112
worker_5,1156,1788087115.778922,50,9.531240,1.100000
worker_5,1157,1788087115.788486,50,9.743361,1.097856
worker_5,1158,1788087115.798277,50,9.387683,1.109248
worker_5,1159,1788087115.807711,50,9.503517,1.095296
worker_5,1160,1788087115.817250,50,9.540387,1.098912
worker_5,1161,1788087115.826826,50,9.531128,1.096480
worker_5,1162,1788087115.836403,50,9.550091,1.096800
worker_5,1163,1788087115.845988,50,9.553017,1.098656
worker_5,1164,1788087115.855573,50,9.541600,1.097664
worker_5,1165,1788087115.865145,50,9.548248,1.096864
worker_5,1166,1788087115.874727,50,9.527045,1.098112
worker_5,1167,1788087115.884285,50,9.556091,1.096384
worker_5,1168,1788087115.893871,50,9.540989,1.095904
worker_5,1169,1788087115.903444,50,9.582222,1.096192
worker_5,1170,1788087115.913061,50,9.544091,1.096448
worker_5,1171,1788087115.922642,50,9.700453,1.096032
worker_5,1172,1788087115.932384,50,9.562138,1.099456
worker_5,1173,1788087115.941994,50,9.352969,1.096640
worker_5,1174,1788087115.951393,50,9.526498,1.097792
worker_5,1175,1788087115.960954,50,9.543738,1.095904
worker_5,1176,1788087115.970534,50,9.547471,1.097664
worker_5,1177,1788087115.980113,50,9.541230,1.096704
worker_5,1178,1788087115.989690,50,9.540128,1.096960
worker_5,1179,1788087115.999264,50,9.563425,1.097952
worker_5,1180,1788087116.008861,50,9.561934,1.100224
worker_5,1181,1788087116.018459,50,9.527396,1.096480
worker_5,1182,1788087116.028030,50,9.533703,1.096448
worker_5,1183,1788087116.037597,50,9.542850,1.099456
worker_5,1184,1788087116.047173,50,9.562907,1.096576
worker_5,1185,1788087116.056772,50,9.546286,1.097760
worker_5,1186,1788087116.066351,50,9.538555,1.096096
worker_5,1187,1788087116.075928,50,9.545138,1.096768
worker_5,1188,1788087116.085511,50,9.532814,1.096768
worker_5,1189,1788087116.095075,50,9.547563,1.096928
worker_5,1190,1788087116.104658,50,9.537323,1.098880
worker_5,1191,1788087116.114229,50,9.547025,1.095840
worker_5,1192,1788087116.123812,50,9.529342,1.097344
worker_5,1193,1788087116.133373,50,9.551739,1.095680
worker_5,1194,1788087116.142958,50,9.552110,1.097920
worker_5,1195,1788087116.152541,50,9.550767,1.097184
worker_5,1196,1788087116.162121,50,9.555952,1.097792
worker_5,1197,1788087116.171709,50,9.735038,1.100800
worker_5,1198,1788087116.181490,50,9.554111,1.096768
worker_5,1199,1788087116.191090,50,9.353330,1.097920
worker_5,1200,1788087116.200482,50,9.534703,1.096320
worker_5,1201,1788087116.210061,50,9.543600,1.096768
worker_5,1202,1788087116.219642,50,9.533860,1.097312
worker_5,1203,1788087116.229209,50,9.558787,1.097216
worker_5,1204,1788087116.238799,50,9.549601,1.097600
worker_5,1205,1788087116.248384,50,9.535267,1.096352
worker_5,1206,1788087116.257952,50,9.559665,1.097120
worker_5,1207,1788087116.267549,50,9.531712,1.099584
worker_5,1208,1788087116.277113,50,9.549897,1.097824
worker_5,1209,1788087116.286694,50,9.560592,1.097920
worker_5,1210,1788087116.296289,50,9.722241,1.097376
worker_5,1211,1788087116.306058,50,9.360700,1.096128
worker_5,1212,1788087116.315464,50,9.510729,1.096256
worker_5,1213,1788087116.325006,50,9.546646,1.098176
worker_5,1214,1788087116.334587,50,9.545712,1.096512
worker_5,1215,1788087116.344169,50,9.544091,1.095488
worker_5,1216,1788087116.353748,50,9.535647,1.097408
worker_5,1217,1788087116.363318,50,9.552684,1.098432
worker_5,1218,1788087116.372905,50,9.534452,1.096864
worker_5,1219,1788087116.382472,50,9.550129,1.096480
worker_5,1220,1788087116.392055,50,9.555369,1.097504
worker_5,1221,1788087116.401657,50,9.518118,1.096416
worker_5,1222,1788087116.411205,50,9.761297,1.096160
worker_5,1223,1788087116.421007,50,9.516693,1.098400
worker_5,1224,1788087116.430570,50,9.517062,1.097568
worker_5,1225,1788087116.440133,50,9.427173,1.097568
worker_5,1226,1788087116.449597,50,9.613101,1.095360
worker_5,1227,1788087116.459243,50,9.558471,1.099808
worker_5,1228,1788087116.468834,50,9.543628,1.097312
worker_5,1229,1788087116.478410,50,9.379348,1.097344
worker_5,1230,1788087116.487904,50,9.476544,1.097920
worker_5,1231,1788087116.497412,50,9.561165,1.097792
worker_5,1232,1788087116.507006,50,9.542340,1.096896
worker_5,1233,1788087116.516583,50,9.540804,1.097152
worker_5,1234,1788087116.526155,50,9.537777,1.098176
worker_5,1235,1788087116.535725,50,9.557869,1.097856
worker_5,1236,1788087116.545318,50,9.549315,1.096576
worker_5,1237,1788087116.554900,50,9.542147,1.096960
worker_5,1238,1788087116.564479,50,9.547646,1.097984
worker_5,1239,1788087116.574065,50,9.522432,1.095520
worker_5,1240,1788087116.583632,50,9.548665,1.097024
worker_5,1241,1788087116.593216,50,9.538619,1.097216
worker_5,1242,1788087116.602788,50,9.544720,1.095872
worker_5,1243,1788087116.612368,50,9.541720,1.096768
worker_5,1244,1788087116.621945,50,9.553609,1.097568
worker_5,1245,1788087116.631534,50,9.525110,1.097568
worker_5,1246,1788087116.641092,50,9.695362,1.099264
worker_5,1247,1788087116.650819,50,9.425035,1.097952
worker_5,1248,1788087116.660278,50,9.548129,1.097920
worker_5,1249,1788087116.669862,50,9.543555,1.097728
worker_5,1250,1788087116.679440,50,9.544637,1.101792
worker_5,1251,1788087116.689018,50,9.548953,1.097920
worker_5,1252,1788087116.698598,50,9.557944,1.096864
worker_5,1253,1788087116.708187,50,9.551295,1.097440
worker_5,1254,1788087116.717770,50,9.553092,1.098784
worker_5,1255,1788087116.727356,50,9.533526,1.097824
worker_5,1256,1788087116.736919,50,9.550508,1.097856
worker_5,1257,1788087116.746500,50,9.564796,1.097792
worker_5,1258,1788087116.756100,50,9.547073,1.097920
worker_5,1259,1788087116.765680,50,9.536591,1.096672
worker_5,1260,1788087116.775256,50,9.738121,1.104992
worker_5,1261,1788087116.785040,50,9.535656,1.102336
worker_5,1262,1788087116.794622,50,9.344034,1.096160
worker_5,1263,1788087116.804002,50,9.549962,1.110816
worker_5,1264,1788087116.813586,50,9.705852,1.099200
worker_5,1265,1788087116.823330,50,9.380665,1.096512
worker_5,1266,1788087116.832748,50,9.525471,1.096192
worker_5,1267,1788087116.842306,50,9.534980,1.096800
worker_5,1268,1788087116.851873,50,9.548944,1.104320
worker_5,1269,1788087116.861454,50,9.544035,1.096160
worker_5,1270,1788087116.871030,50,9.547674,1.104960
worker_5,1271,1788087116.880608,50,9.546971,1.097120
worker_5,1272,1788087116.890185,50,9.546517,1.097344
worker_5,1273,1788087116.899757,50,9.550100,1.097184
worker_5,1274,1788087116.909341,50,9.548499,1.099392
worker_5,1275,1788087116.918925,50,9.713380,1.095808
worker_5,1276,1788087116.928679,50,9.543517,1.097344
worker_5,1277,1788087116.938268,50,9.369228,1.098112
worker_5,1278,1788087116.947684,50,9.508425,1.099904
worker_5,1279,1788087116.957233,50,9.546489,1.096032
worker_5,1280,1788087116.966813,50,9.540054,1.100096
worker_5,1281,1788087116.976393,50,9.544896,1.096096
worker_5,1282,1788087116.985973,50,9.538035,1.098560
worker_5,1283,1788087116.995545,50,9.539406,1.100000
worker_5,1284,1788087117.005118,50,9.535943,1.096640
worker_5,1285,1788087117.014685,50,9.560674,1.095648
worker_5,1286,1788087117.024277,50,9.534035,1.097920
worker_5,1287,1788087117.033843,50,9.551118,1.096640
worker_5,1288,1788087117.043424,50,9.608490,1.099040
worker_5,1289,1788087117.053070,50,9.494516,1.097568
worker_5,1290,1788087117.062597,50,9.555600,1.096960
worker_5,1291,1788087117.072184,50,9.542314,1.097632
worker_5,1292,1788087117.081757,50,9.544165,1.097536
worker_5,1293,1788087117.091332,50,9.552211,1.101024
worker_5,1294,1788087117.100923,50,9.537655,1.097792
worker_5,1295,1788087117.110494,50,9.568341,1.095808
worker_5,1296,1788087117.120099,50,9.526535,1.100256
worker_5,1297,1788087117.129656,50,9.543952,1.097216
worker_5,1298,1788087117.139232,50,9.544323,1.097920
worker_5,1299,1788087117.148820,50,9.747306,1.095616
worker_5,1300,1788087117.158608,50,9.515036,1.097888
worker_5,1301,1788087117.168171,50,9.518656,1.098528
worker_5,1302,1788087117.177738,50,9.375349,1.097760
worker_5,1303,1788087117.187160,50,9.505480,1.097600
worker_5,1304,1788087117.196700,50,9.539249,1.097888
worker_5,1305,1788087117.206272,50,9.546674,1.097568
worker_5,1306,1788087117.215854,50,9.543499,1.099392
worker_5,1307,1788087117.225429,50,9.558407,1.097280
worker_5,1308,1788087117.235020,50,9.570804,1.097888
worker_5,1309,1788087117.244634,50,9.509479,1.096032
worker_5,1310,1788087117.254176,50,9.539971,1.096736
worker_5,1311,1788087117.263749,50,9.561702,1.096960
worker_5,1312,1788087117.273341,50,9.543166,1.096352
worker_5,1313,1788087117.282917,50,9.542221,1.098240
worker_5,1314,1788087117.292494,50,9.542008,1.097216
worker_5,1315,1788087117.302068,50,9.695121,1.098752
worker_5,1316,1788087117.311793,50,9.401442,1.096672
worker_5,1317,1788087117.321228,50,9.531341,1.097632
worker_5,1318,1788087117.330813,50,9.524749,1.095712
worker_5,1319,1788087117.340374,50,9.535231,1.095520
worker_5,1320,1788087117.349945,50,9.551017,1.097760
worker_5,1321,1788087117.359528,50,9.545147,1.103168
worker_5,1322,1788087117.369108,50,9.535942,1.097440
worker_5,1323,1788087117.378679,50,9.566323,1.101792
worker_5,1324,1788087117.388278,50,9.557109,1.097120
worker_5,1325,1788087117.397869,50,9.713279,1.097888
worker_5,1326,1788087117.407624,50,9.549564,1.099712
worker_5,1327,1788087117.417220,50,9.548518,1.097504
worker_5,1328,1788087117.426815,50,9.352720,1.097472
worker_5,1329,1788087117.436204,50,9.689305,1.095968
worker_5,1330,1788087117.445923,50,9.471397,1.098176
worker_5,1331,1788087117.455428,50,9.639935,1.097088
worker_5,1332,1788087117.465099,50,9.444895,1.096736
worker_5,1333,1788087117.474575,50,9.501173,1.097344
worker_5,1334,1788087117.484108,50,9.553832,1.096864
worker_5,1335,1788087117.493695,50,9.532767,1.098368
worker_5,1336,1788087117.503258,50,9.573833,1.097952
worker_5,1337,1788087117.512866,50,9.541054,1.097664
worker_5,1338,1788087117.522454,50,9.527517,1.097248
worker_5,1339,1788087117.532014,50,9.544286,1.097856
worker_5,1340,1788087117.541589,50,9.541499,1.095712
worker_5,1341,1788087117.551160,50,9.563629,1.098880
worker_5,1342,1788087117.560752,50,9.548786,1.095648
worker_5,1343,1788087117.570332,50,9.548850,1.097952
worker_5,1344,1788087117.579913,50,9.548545,1.096512
worker_5,1345,1788087117.589491,50,9.544518,1.097216
worker_5,1346,1788087117.599070,50,9.549434,1.099392
worker_5,1347,1788087117.608654,50,9.546952,1.099392
worker_5,1348,1788087117.618234,50,9.542193,1.096992
worker_5,1349,1788087117.627810,50,9.546231,1.101792
worker_5,1350,1788087117.637393,50,9.538749,1.095584
worker_5,1351,1788087117.646966,50,9.544027,1.096992
worker_5,1352,1788087117.656548,50,9.542795,1.096320
worker_5,1353,1788087117.666125,50,9.555879,1.097536
worker_5,1354,1788087117.675717,50,9.532035,1.099840
worker_5,1355,1788087117.685286,50,9.560100,1.097120
worker_5,1356,1788087117.694881,50,9.540953,1.097664
worker_5,1357,1788087117.704463,50,9.538712,1.095616
worker_5,1358,1788087117.714038,50,9.555166,1.095648
worker_5,1359,1788087117.723631,50,9.535471,1.099648
worker_5,1360,1788087117.733200,50,9.557916,1.098368
worker_5,1361,1788087117.742794,50,9.531173,1.098976
worker_5,1362,1788087117.752353,50,9.543924,1.097888
worker_5,1363,1788087117.761929,50,9.536462,1.097408
worker_5,1364,1788087117.771495,50,9.569240,1.099712
worker_5,1365,1788087117.781101,50,9.532008,1.098528
worker_5,1366,1788087117.790665,50,9.554545,1.097472
worker_5,1367,1788087117.800248,50,9.546045,1.097792
worker_5,1368,1788087117.809825,50,9.562109,1.097504
worker_5,1369,1788087117.819422,50,9.533712,1.100224
worker_5,1370,1788087117.828986,50,9.560406,1.097920
worker_5,1371,1788087117.838583,50,9.556202,1.098208
worker_5,1372,1788087117.848171,50,9.543128,1.097120
worker_5,1373,1788087117.857750,50,9.536156,1.096128
worker_5,1374,1788087117.867320,50,9.540952,1.099744
worker_5,1375,1788087117.876890,50,9.548757,1.098048
worker_5,1376,1788087117.886475,50,9.540823,1.097920
worker_5,1377,1788087117.896063,50,9.527767,1.097984
worker_5,1378,1788087117.905626,50,9.540267,1.097696
worker_5,1379,1788087117.915199,50,9.560360,1.097536
worker_5,1380,1788087117.924792,50,9.539702,1.098400
worker_5,1381,1788087117.934444,50,9.643369,1.096416
worker_5,1382,1788087117.944134,50,9.355219,1.098944
worker_5,1383,1788087117.953536,50,9.516294,1.097216
worker_5,1384,1788087117.963088,50,9.534165,1.097312
worker_5,1385,1788087117.972656,50,9.540544,1.097952
worker_5,1386,1788087117.982226,50,9.559185,1.097824
worker_5,1387,1788087117.991819,50,9.551832,1.095904
worker_5,1388,1788087118.001401,50,9.541498,1.097952
worker_5,1389,1788087118.010976,50,9.687407,1.100000
worker_5,1390,1788087118.020700,50,9.404628,1.096768
worker_5,1391,1788087118.030136,50,9.544091,1.095776
worker_5,1392,1788087118.039714,50,9.720955,1.097184
worker_5,1393,1788087118.049475,50,9.536962,1.096288
worker_5,1394,1788087118.059055,50,9.504536,1.096544
worker_5,1395,1788087118.068592,50,9.396877,1.097856
worker_5,1396,1788087118.078031,50,9.542638,1.096192
worker_5,1397,1788087118.087609,50,9.538656,1.101888
worker_5,1398,1788087118.097179,50,9.562091,1.096384
worker_5,1399,1788087118.106775,50,9.536026,1.095584
worker_5,1400,1788087118.116345,50,9.543313,1.097856
worker_5,1401,1788087118.125923,50,9.534351,1.097824
worker_5,1402,1788087118.135492,50,9.716056,1.097472
worker_5,1403,1788087118.145250,50,9.596722,1.098080
worker_5,1404,1788087118.154894,50,9.312719,1.097024
worker_5,1405,1788087118.164259,50,9.529795,1.103328
worker_5,1406,1788087118.173820,50,9.549943,1.097760
worker_5,1407,1788087118.183402,50,9.538083,1.096288
worker_5,1408,1788087118.192969,50,9.556934,1.097888
worker_5,1409,1788087118.202557,50,9.547350,1.098912
worker_5,1410,1788087118.212136,50,9.556008,1.102272
worker_5,1411,1788087118.221722,50,9.549453,1.098624
worker_5,1412,1788087118.231305,50,9.548240,1.099968
worker_5,1413,1788087118.240889,50,9.538896,1.096512
worker_5,1414,1788087118.250462,50,9.552045,1.098176
worker_5,1415,1788087118.260048,50,9.535869,1.097760
worker_5,1416,1788087118.269629,50,9.534629,1.097184
worker_5,1417,1788087118.279197,50,9.551610,1.096800
worker_5,1418,1788087118.288780,50,9.638675,1.096608
worker_5,1419,1788087118.298454,50,9.597101,1.097248
worker_5,1420,1788087118.308088,50,9.398062,1.098336
worker_5,1421,1788087118.317518,50,9.542333,1.094784
worker_5,1422,1788087118.327091,50,9.545313,1.097888
worker_5,1423,1788087118.336666,50,9.551193,1.098592
worker_5,1424,1788087118.346246,50,9.549091,1.096608
worker_5,1425,1788087118.355828,50,9.531952,1.095488
worker_5,1426,1788087118.365388,50,9.564675,1.096896
worker_5,1427,1788087118.374981,50,9.547758,1.097408
worker_5,1428,1788087118.384559,50,9.546000,1.097408
worker_5,1429,1788087118.394138,50,9.557814,1.096832
worker_5,1430,1788087118.403730,50,9.553896,1.097920
worker_5,1431,1788087118.413317,50,9.544350,1.097440
worker_5,1432,1788087118.422894,50,9.549424,1.100384
worker_5,1433,1788087118.432480,50,9.712417,1.098336
worker_5,1434,1788087118.442227,50,9.417442,1.098144
worker_5,1435,1788087118.451693,50,9.576665,1.101152
worker_5,1436,1788087118.461303,50,9.613018,1.096960
worker_5,1437,1788087118.470950,50,9.393099,1.098144
worker_5,1438,1788087118.480374,50,9.550387,1.096608
worker_5,1439,1788087118.489960,50,9.528063,1.097312
worker_5,1440,1788087118.499521,50,9.532572,1.096544
worker_5,1441,1788087118.509089,50,9.546333,1.096704
worker_5,1442,1788087118.518667,50,9.542396,1.097408
worker_5,1443,1788087118.528249,50,9.545925,1.096768
worker_5,1444,1788087118.537826,50,9.543295,1.095936
worker_5,1445,1788087118.547403,50,9.549971,1.097472
worker_5,1446,1788087118.556983,50,9.556924,1.097696
worker_5,1447,1788087118.566571,50,9.552378,1.096928
worker_5,1448,1788087118.576155,50,9.563581,1.103168
worker_5,1449,1788087118.585748,50,9.540453,1.096768
worker_5,1450,1788087118.595319,50,9.542332,1.095808
worker_5,1451,1788087118.604891,50,9.561174,1.097760
worker_5,1452,1788087118.614484,50,9.574055,1.095936
worker_5,1453,1788087118.624094,50,9.526452,1.096608
worker_5,1454,1788087118.633652,50,9.548545,1.095744
worker_5,1455,1788087118.643243,50,9.540518,1.099232
worker_5,1456,1788087118.652818,50,9.536249,1.097632
worker_5,1457,1788087118.662390,50,9.555537,1.097856
worker_5,1458,1788087118.671981,50,9.539388,1.095392
worker_5,1459,1788087118.681551,50,9.546240,1.097760
worker_5,1460,1788087118.691129,50,9.557869,1.105664
worker_5,1461,1788087118.700721,50,9.531564,1.097184
worker_5,1462,1788087118.710284,50,9.551517,1.097344
worker_5,1463,1788087118.719869,50,9.532795,1.095392
worker_5,1464,1788087118.729434,50,9.542906,1.096288
worker_5,1465,1788087118.739008,50,9.546396,1.097664
worker_5,1466,1788087118.748586,50,9.744787,1.097504
worker_5,1467,1788087118.758378,50,9.353776,1.099104
worker_5,1468,1788087118.767776,50,9.512953,1.097024
worker_5,1469,1788087118.777323,50,9.542313,1.097920
worker_5,1470,1788087118.786897,50,9.619519,1.097408
worker_5,1471,1788087118.796549,50,9.477610,1.098624
worker_5,1472,1788087118.806061,50,9.553499,1.095808
worker_5,1473,1788087118.815648,50,9.552276,1.096064
worker_5,1474,1788087118.825243,50,9.529805,1.096864
worker_5,1475,1788087118.834804,50,9.552333,1.097344
worker_5,1476,1788087118.844388,50,9.535849,1.096832
worker_5,1477,1788087118.853956,50,9.545916,1.096384
worker_5,1478,1788087118.863536,50,9.537332,1.097312
worker_5,1479,1788087118.873105,50,9.550971,1.098560
worker_5,1480,1788087118.882688,50,9.554036,1.097504
worker_5,1481,1788087118.892274,50,9.559619,1.096640
worker_5,1482,1788087118.901874,50,9.525527,1.098368
worker_5,1483,1788087118.911433,50,9.689583,1.097536
worker_5,1484,1788087118.921155,50,9.398415,1.097152
worker_5,1485,1788087118.930588,50,9.541082,1.096544
worker_5,1486,1788087118.940163,50,9.550175,1.102048
worker_5,1487,1788087118.949749,50,9.534221,1.097760
worker_5,1488,1788087118.959317,50,9.544897,1.097888
worker_5,1489,1788087118.968895,50,9.556212,1.097504
worker_5,1490,1788087118.978483,50,9.568953,1.097824
worker_5,1491,1788087118.988084,50,9.535360,1.099200
worker_5,1492,1788087118.997649,50,9.554239,1.103328
worker_5,1493,1788087119.007235,50,9.544443,1.098208
worker_5,1494,1788087119.016822,50,9.546463,1.096352
worker_5,1495,1788087119.026401,50,9.542480,1.097824
worker_5,1496,1788087119.035975,50,9.547573,1.095968
worker_5,1497,1788087119.045557,50,9.535665,1.096512
worker_5,1498,1788087119.055122,50,9.558360,1.096320
worker_5,1499,1788087119.064718,50,9.544397,1.107424
worker_5,1500,1788087119.074296,50,9.543258,1.096544
worker_5,1501,1788087119.083870,50,9.549980,1.105952
worker_5,1502,1788087119.093450,50,9.557296,1.097344
worker_5,1503,1788087119.103039,50,9.540425,1.096864
worker_5,1504,1788087119.112616,50,9.554314,1.096640
worker_5,1505,1788087119.122203,50,9.533870,1.095360
worker_5,1506,1788087119.131768,50,9.544813,1.096128
worker_5,1507,1788087119.141343,50,9.560258,1.104928
worker_5,1508,1788087119.150932,50,9.543591,1.096768
worker_5,1509,1788087119.160508,50,9.545850,1.097152
worker_5,1510,1788087119.170085,50,9.554220,1.096704
worker_5,1511,1788087119.179671,50,9.551665,1.097568
worker_5,1512,1788087119.189252,50,9.547128,1.096672
worker_5,1513,1788087119.198845,50,9.534758,1.095744
worker_5,1514,1788087119.208416,50,9.533693,1.096864
worker_5,1515,1788087119.217983,50,9.553054,1.096320
worker_5,1516,1788087119.227572,50,9.531350,1.097728
worker_5,1517,1788087119.237136,50,9.532305,1.096480
worker_5,1518,1788087119.246699,50,9.547313,1.097344
worker_5,1519,1788087119.256277,50,9.544229,1.095744
worker_5,1520,1788087119.265856,50,9.537295,1.098816
worker_5,1521,1788087119.275425,50,9.564665,1.095200
worker_5,1522,1788087119.285021,50,9.542859,1.096896
worker_5,1523,1788087119.294595,50,9.551109,1.098464
worker_5,1524,1788087119.304175,50,9.553572,1.099040
worker_5,1525,1788087119.313760,50,9.554091,1.097728
worker_5,1526,1788087119.323347,50,9.555193,1.098784
worker_5,1527,1788087119.332936,50,9.533563,1.096160
worker_5,1528,1788087119.342501,50,9.564009,1.097280
worker_5,1529,1788087119.352095,50,9.534369,1.096416
worker_5,1530,1788087119.361660,50,9.550044,1.097600
worker_5,1531,1788087119.371248,50,9.534157,1.096832
worker_5,1532,1788087119.380910,50,9.456155,1.097504
worker_5,1533,1788087119.390413,50,9.530785,1.096832
worker_5,1534,1788087119.399979,50,9.531072,1.096576
worker_5,1535,1788087119.409542,50,9.547083,1.098688
worker_5,1536,1788087119.419122,50,9.542702,1.097696
worker_5,1537,1788087119.428700,50,9.541304,1.097824
worker_5,1538,1788087119.438271,50,9.555174,1.097152
worker_5,1539,1788087119.447859,50,9.550434,1.096768
worker_5,1540,1788087119.457443,50,9.551128,1.098176
worker_5,1541,1788087119.467031,50,9.528184,1.097952
worker_5,1542,1788087119.476592,50,9.545693,1.097824
worker_5,1543,1788087119.486172,50,9.534582,1.096000
worker_5,1544,1788087119.495740,50,9.542684,1.099968
worker_5,1545,1788087119.505317,50,9.542443,1.097600
worker_5,1546,1788087119.514894,50,9.551731,1.105536
worker_5,1547,1788087119.524483,50,9.735769,1.096448
worker_5,1548,1788087119.534266,50,9.362108,1.097216
worker_5,1549,1788087119.543672,50,9.497757,1.099200
worker_5,1550,1788087119.553203,50,9.546778,1.098624
worker_5,1551,1788087119.562779,50,9.643815,1.097664
worker_5,1552,1788087119.572469,50,9.587249,1.097248
worker_5,1553,1788087119.582088,50,9.388691,1.095584
worker_5,1554,1788087119.591506,50,9.561055,1.096448
worker_5,1555,1788087119.601101,50,9.536703,1.097312
worker_5,1556,1788087119.610671,50,9.566185,1.096512
worker_5,1557,1788087119.620275,50,9.530221,1.098720
worker_5,1558,1788087119.629842,50,9.531989,1.097760
worker_5,1559,1788087119.639408,50,9.548777,1.100896
worker_5,1560,1788087119.648992,50,9.527276,1.097600
worker_5,1561,1788087119.658551,50,9.565833,1.096928
worker_5,1562,1788087119.668154,50,9.516619,1.095712
worker_5,1563,1788087119.677701,50,9.576453,1.097728
worker_5,1564,1788087119.687316,50,9.525415,1.097600
worker_5,1565,1788087119.696873,50,9.546611,1.095488
worker_5,1566,1788087119.706455,50,9.715806,1.097536
worker_5,1567,1788087119.716230,50,9.538749,1.096320
worker_5,1568,1788087119.725816,50,9.353072,1.097952
worker_5,1569,1788087119.735215,50,9.518138,1.099616
worker_5,1570,1788087119.744766,50,9.545415,1.097824
worker_5,1571,1788087119.754342,50,9.545425,1.097952
worker_5,1572,1788087119.763936,50,9.526526,1.096896
worker_5,1573,1788087119.773494,50,9.544553,1.097504
worker_5,1574,1788087119.783071,50,9.535516,1.095680
worker_5,1575,1788087119.792636,50,9.549026,1.095840
worker_5,1576,1788087119.802214,50,9.581453,1.097984
worker_5,1577,1788087119.811830,50,9.543832,1.102304
worker_5,1578,1788087119.821408,50,9.544388,1.096352
worker_5,1579,1788087119.830986,50,9.536378,1.096672
worker_5,1580,1788087119.840557,50,9.541211,1.096992
worker_5,1581,1788087119.850129,50,9.552212,1.098816
worker_5,1582,1788087119.859714,50,9.541322,1.099072
worker_5,1583,1788087119.869290,50,9.544258,1.097056
worker_5,1584,1788087119.878867,50,9.537035,1.098368
worker_5,1585,1788087119.888438,50,9.546887,1.095872
worker_5,1586,1788087119.898016,50,9.551073,1.096448
worker_5,1587,1788087119.907601,50,9.717575,1.096128
worker_5,1588,1788087119.917359,50,9.553989,1.096768
worker_5,1589,1788087119.926961,50,9.348459,1.100288
worker_5,1590,1788087119.936347,50,9.533600,1.096992
worker_5,1591,1788087119.945932,50,9.516351,1.097920
worker_5,1592,1788087119.955479,50,9.553619,1.097856
worker_5,1593,1788087119.965063,50,9.548351,1.095744
worker_5,1594,1788087119.974642,50,9.541943,1.097280
worker_5,1595,1788087119.984225,50,9.517554,1.095552
worker_5,1596,1788087119.993765,50,9.556591,1.097760
worker_5,1597,1788087120.003342,50,9.572638,1.095520
worker_5,1598,1788087120.012938,50,9.750159,1.097888
worker_5,1599,1788087120.022733,50,9.359265,1.097824
worker_5,1600,1788087120.032139,50,9.541934,1.102656
worker_5,1601,1788087120.041714,50,9.543286,1.095616
worker_5,1602,1788087120.051290,50,9.525258,1.104800
worker_5,1603,1788087120.060839,50,9.555369,1.097408
worker_5,1604,1788087120.070418,50,9.567119,1.098080
worker_5,1605,1788087120.080017,50,9.536323,1.096416
worker_5,1606,1788087120.089582,50,9.543907,1.097856
worker_5,1607,1788087120.099158,50,9.539369,1.098496
worker_5,1608,1788087120.108732,50,9.539424,1.096128
worker_5,1609,1788087120.118307,50,9.536137,1.096352
worker_5,1610,1788087120.127881,50,9.536832,1.095744
worker_5,1611,1788087120.137465,50,9.532499,1.096768
worker_5,1612,1788087120.147032,50,9.532749,1.097600
worker_5,1613,1788087120.156595,50,9.545406,1.097216
worker_5,1614,1788087120.166176,50,9.535721,1.096672
worker_5,1615,1788087120.175742,50,9.543694,1.099264
worker_5,1616,1788087120.185318,50,9.549953,1.097600
worker_5,1617,1788087120.194897,50,9.567063,1.096352
worker_5,1618,1788087120.204499,50,9.538629,1.097344
worker_5,1619,1788087120.214068,50,9.746973,1.102816
worker_5,1620,1788087120.223862,50,9.356127,1.098464
worker_5,1621,1788087120.233263,50,9.525851,1.098144
worker_5,1622,1788087120.242827,50,9.528703,1.100608
worker_5,1623,1788087120.252392,50,9.553749,1.097312
worker_5,1624,1788087120.261977,50,9.538573,1.095264
worker_5,1625,1788087120.271549,50,9.538101,1.096832
worker_5,1626,1788087120.281121,50,9.701037,1.096032
worker_5,1627,1788087120.290853,50,9.548091,1.096416
worker_5,1628,1788087120.300434,50,9.545119,1.098912
worker_5,1629,1788087120.310009,50,9.724806,1.096768
worker_5,1630,1788087120.319784,50,9.388765,1.102144
worker_5,1631,1788087120.329216,50,9.371691,1.097728
worker_5,1632,1788087120.338620,50,9.693592,1.096960
worker_5,1633,1788087120.348347,50,9.545804,1.097728
worker_5,1634,1788087120.357923,50,9.397664,1.096800
worker_5,1635,1788087120.367351,50,9.556055,1.098336
worker_5,1636,1788087120.376942,50,9.539527,1.097152
worker_5,1637,1788087120.386511,50,9.571379,1.095904
worker_5,1638,1788087120.396120,50,9.549721,1.111904
worker_5,1639,1788087120.405702,50,9.537972,1.095904
worker_5,1640,1788087120.415271,50,9.557221,1.096160
worker_5,1641,1788087120.424865,50,9.535749,1.097504
worker_5,1642,1788087120.434432,50,9.541731,1.097440
worker_5,1643,1788087120.444007,50,9.558759,1.108352
worker_5,1644,1788087120.453601,50,9.533416,1.096576
worker_5,1645,1788087120.463168,50,9.544527,1.102336
worker_5,1646,1788087120.472747,50,9.541674,1.096032
worker_5,1647,1788087120.482327,50,9.525212,1.096640
worker_5,1648,1788087120.491885,50,9.543314,1.099008
worker_5,1649,1788087120.501460,50,9.551943,1.097728
worker_5,1650,1788087120.511052,50,9.534943,1.097664
worker_5,1651,1788087120.520622,50,9.543701,1.098272
worker_5,1652,1788087120.530198,50,9.534869,1.095872
worker_5,1653,1788087120.539767,50,9.552665,1.101376
worker_5,1654,1788087120.549350,50,9.700805,1.096064
worker_5,1655,1788087120.559081,50,9.561924,1.098304
worker_5,1656,1788087120.568676,50,9.491517,1.097344
worker_5,1657,1788087120.578197,50,9.592323,1.096288
worker_5,1658,1788087120.587817,50,9.486286,1.099904
worker_5,1659,1788087120.597337,50,9.621222,1.096544
worker_5,1660,1788087120.606995,50,9.536285,1.097600
worker_5,1661,1788087120.616564,50,9.595648,1.096416
worker_5,1662,1788087120.626207,50,9.361692,1.096128
worker_5,1663,1788087120.635614,50,9.501526,1.100192
worker_5,1664,1788087120.645150,50,9.543758,1.098112
worker_5,1665,1788087120.654725,50,9.543350,1.097792
worker_5,1666,1788087120.664301,50,9.544563,1.095968
worker_5,1667,1788087120.673879,50,9.527517,1.096416
worker_5,1668,1788087120.683438,50,9.547962,1.097632
worker_5,1669,1788087120.693025,50,9.536915,1.096256
worker_5,1670,1788087120.702592,50,9.547220,1.096960
worker_5,1671,1788087120.712171,50,9.551786,1.097408
worker_5,1672,1788087120.721758,50,9.536174,1.097344
worker_5,1673,1788087120.731327,50,9.534665,1.099232
worker_5,1674,1788087120.740896,50,9.549618,1.096384
worker_5,1675,1788087120.750478,50,9.544943,1.097056
worker_5,1676,1788087120.760057,50,9.540878,1.098400
worker_5,1677,1788087120.769629,50,9.541711,1.096672
worker_5,1678,1788087120.779203,50,9.543129,1.097024
worker_5,1679,1788087120.788780,50,9.557453,1.097280
worker_5,1680,1788087120.798370,50,9.693287,1.098752
worker_5,1681,1788087120.808093,50,9.552832,1.097376
worker_5,1682,1788087120.817677,50,9.741880,1.096928
worker_5,1683,1788087120.827549,50,9.282655,1.097376
worker_5,1684,1788087120.836870,50,9.475813,1.097504
worker_5,1685,1788087120.846382,50,9.605490,1.097376
worker_5,1686,1788087120.856023,50,9.500305,1.099616
worker_5,1687,1788087120.865554,50,9.610009,1.096640
worker_5,1688,1788087120.875198,50,9.360802,1.097472
worker_5,1689,1788087120.884608,50,9.523740,1.097792
worker_5,1690,1788087120.894165,50,9.548564,1.095712
worker_5,1691,1788087120.903748,50,9.537415,1.097408
worker_5,1692,1788087120.913317,50,9.575027,1.097408
worker_5,1693,1788087120.922924,50,9.698945,1.101984
worker_5,1694,1788087120.932656,50,9.595731,1.097696
worker_5,1695,1788087120.942283,50,9.508943,1.099104
worker_5,1696,1788087120.951824,50,9.445145,1.098048
worker_5,1697,1788087120.961304,50,9.648120,1.098656
worker_5,1698,1788087120.970984,50,9.545425,1.096832
worker_5,1699,1788087120.980561,50,9.525989,1.097344
worker_5,1700,1788087120.990118,50,9.417905,1.097536
worker_5,1701,1788087120.999565,50,9.551546,1.101152
worker_5,1702,1788087121.009152,50,9.540591,1.097664
worker_5,1703,1788087121.018723,50,9.686185,1.098720
worker_5,1704,1788087121.028442,50,9.407970,1.096992
worker_5,1705,1788087121.037881,50,9.547073,1.097504
worker_5,1706,1788087121.047457,50,9.547341,1.095648
worker_5,1707,1788087121.057039,50,9.696889,1.097120
worker_5,1708,1788087121.066778,50,9.551545,1.097792
worker_5,1709,1788087121.076364,50,9.538563,1.097600
worker_5,1710,1788087121.085939,50,9.555119,1.098912
worker_5,1711,1788087121.095527,50,9.547072,1.098176
worker_5,1712,1788087121.105109,50,9.545285,1.096320
worker_5,1713,1788087121.114688,50,9.441516,1.097184
worker_5,1714,1788087121.124163,50,9.575314,1.095072
worker_5,1715,1788087121.133773,50,9.464628,1.097280
worker_5,1716,1788087121.143271,50,9.574489,1.096256
worker_5,1717,1788087121.152879,50,9.541138,1.096384
worker_5,1718,1788087121.162450,50,9.546359,1.095552
worker_5,1719,1788087121.172031,50,9.547322,1.097248
worker_5,1720,1788087121.181611,50,9.532470,1.097568
worker_5,1721,1788087121.191177,50,9.535433,1.099712
worker_5,1722,1788087121.200744,50,9.699047,1.100640
worker_5,1723,1788087121.210479,50,9.554230,1.101600
worker_5,1724,1788087121.220068,50,9.558953,1.097280
worker_5,1725,1788087121.229663,50,9.492175,1.096672
worker_5,1726,1788087121.239195,50,9.580517,1.096576
worker_5,1727,1788087121.248810,50,9.383487,1.096992
worker_5,1728,1788087121.258236,50,9.533184,1.096704
worker_5,1729,1788087121.267800,50,9.547119,1.099840
worker_5,1730,1788087121.277382,50,9.534276,1.097440
worker_5,1731,1788087121.286947,50,9.541138,1.098432
worker_5,1732,1788087121.296523,50,9.557517,1.097856
worker_5,1733,1788087121.306114,50,9.587823,1.097312
worker_5,1734,1788087121.315735,50,9.585370,1.099424
worker_5,1735,1788087121.325357,50,9.622342,1.100096
worker_5,1736,1788087121.335014,50,9.445988,1.103264
worker_5,1737,1788087121.344491,50,9.571055,1.097248
worker_5,1738,1788087121.354098,50,9.531656,1.097664
worker_5,1739,1788087121.363662,50,9.552443,1.099424
worker_5,1740,1788087121.373251,50,9.532026,1.097344
worker_5,1741,1788087121.382820,50,9.540305,1.100320
worker_5,1742,1788087121.392395,50,9.553008,1.097280
worker_5,1743,1788087121.401982,50,9.533916,1.096096
worker_5,1744,1788087121.411547,50,9.550712,1.097728
worker_5,1745,1788087121.421132,50,9.731102,1.097696
worker_5,1746,1788087121.430909,50,9.354812,1.097920
worker_5,1747,1788087121.440315,50,9.674509,1.097472
worker_5,1748,1788087121.450023,50,9.549230,1.096192
worker_5,1749,1788087121.459603,50,9.560055,1.097728
worker_5,1750,1788087121.469196,50,9.534323,1.097408
worker_5,1751,1788087121.478760,50,9.555563,1.097440
worker_5,1752,1788087121.488347,50,9.514832,1.097920
worker_5,1753,1788087121.497890,50,9.429415,1.095264
worker_5,1754,1788087121.507351,50,9.550499,1.097280
worker_5,1755,1788087121.516934,50,9.712612,1.098784
worker_5,1756,1788087121.526688,50,9.387776,1.097728
worker_5,1757,1788087121.536119,50,9.517194,1.099136
worker_5,1758,1788087121.545670,50,9.545119,1.097312
worker_5,1759,1788087121.555249,50,9.547676,1.095808
worker_5,1760,1788087121.564827,50,9.687972,1.098368
worker_5,1761,1788087121.574544,50,9.578619,1.099520
worker_5,1762,1788087121.584153,50,9.539230,1.099040
worker_5,1763,1788087121.593724,50,9.548508,1.096480
worker_5,1764,1788087121.603302,50,9.495683,1.098176
worker_5,1765,1788087121.612828,50,9.526990,1.095616
worker_5,1766,1788087121.622387,50,9.788621,1.097280
worker_5,1767,1788087121.632257,50,9.501590,1.097760
worker_5,1768,1788087121.641806,50,9.230201,1.099360
worker_5,1769,1788087121.651073,50,9.541841,1.097920
worker_5,1770,1788087121.660650,50,9.544017,1.097760
worker_5,1771,1788087121.670227,50,9.542037,1.096064
worker_5,1772,1788087121.679801,50,9.560675,1.097152
worker_5,1773,1788087121.689394,50,9.545443,1.096832
worker_5,1774,1788087121.698970,50,9.551204,1.098624
worker_5,1775,1788087121.708556,50,9.549434,1.098176
worker_5,1776,1788087121.718135,50,9.538953,1.096320
worker_5,1777,1788087121.727706,50,9.544314,1.103072
worker_5,1778,1788087121.737286,50,9.557749,1.097824
worker_5,1779,1788087121.746875,50,9.548137,1.097184
worker_5,1780,1788087121.756453,50,9.539554,1.097920
worker_5,1781,1788087121.766022,50,9.553712,1.097408
worker_5,1782,1788087121.775609,50,9.547359,1.101216
worker_5,1783,1788087121.785188,50,9.563656,1.097920
worker_5,1784,1788087121.794784,50,9.550824,1.097760
worker_5,1785,1788087121.804369,50,9.532462,1.096672
worker_5,1786,1788087121.813946,50,9.535452,1.096512
worker_5,1787,1788087121.823512,50,9.718018,1.098720
worker_5,1788,1788087121.833266,50,9.435062,1.097440
worker_5,1789,1788087121.842735,50,9.645944,1.098752
worker_5,1790,1788087121.852413,50,9.574841,1.099840
worker_5,1791,1788087121.862020,50,9.538508,1.096800
worker_5,1792,1788087121.871592,50,9.459664,1.099424
worker_5,1793,1788087121.881084,50,9.560176,1.097504
worker_5,1794,1788087121.890676,50,9.619916,1.097472
worker_5,1795,1788087121.900330,50,9.398831,1.095808
worker_5,1796,1788087121.909758,50,9.553832,1.098016
worker_5,1797,1788087121.919348,50,9.545804,1.097920
worker_5,1798,1788087121.928923,50,9.546045,1.098912
worker_5,1799,1788087121.938497,50,9.564657,1.097856
worker_5,1800,1788087121.948092,50,9.707508,1.097408
worker_5,1801,1788087121.957830,50,9.545795,1.096992
worker_5,1802,1788087121.967403,50,9.394729,1.097216
worker_5,1803,1788087121.976827,50,9.551767,1.096704
worker_5,1804,1788087121.986413,50,9.540091,1.098688
worker_5,1805,1788087121.995983,50,9.566787,1.105600
worker_5,1806,1788087122.005589,50,9.536257,1.096992
worker_5,1807,1788087122.015157,50,9.548971,1.097984
worker_5,1808,1788087122.024738,50,9.541508,1.096000
worker_5,1809,1788087122.034309,50,9.539675,1.097856
worker_5,1810,1788087122.043879,50,9.556388,1.098400
worker_5,1811,1788087122.053466,50,9.547082,1.097920
worker_5,1812,1788087122.063041,50,9.555665,1.096896
worker_5,1813,1788087122.072626,50,9.551786,1.095936
worker_5,1814,1788087122.082206,50,9.700760,1.097184
worker_5,1815,1788087122.091941,50,9.389164,1.097600
worker_5,1816,1788087122.101360,50,9.554933,1.099200
worker_5,1817,1788087122.110950,50,9.548083,1.097728
worker_5,1818,1788087122.120530,50,9.544267,1.097312
worker_5,1819,1788087122.130107,50,9.559786,1.096320
worker_5,1820,1788087122.139698,50,9.541434,1.098112
worker_5,1821,1788087122.149273,50,9.534444,1.096384
worker_5,1822,1788087122.158838,50,9.555092,1.095616
worker_5,1823,1788087122.168427,50,9.527462,1.096608
worker_5,1824,1788087122.177986,50,9.546711,1.098432
worker_5,1825,1788087122.187575,50,9.553592,1.096288
worker_5,1826,1788087122.197162,50,9.543546,1.098208
worker_5,1827,1788087122.206738,50,9.550879,1.097216
worker_5,1828,1788087122.216318,50,9.548204,1.097504
worker_5,1829,1788087122.225901,50,9.532212,1.097600
worker_5,1830,1788087122.235468,50,9.541675,1.096800
worker_5,1831,1788087122.245046,50,9.536166,1.097472
worker_5,1832,1788087122.254613,50,9.549434,1.095776
worker_5,1833,1788087122.264197,50,9.567537,1.098624
worker_5,1834,1788087122.273889,50,9.444637,1.095840
worker_5,1835,1788087122.283369,50,9.553822,1.099936
worker_5,1836,1788087122.292960,50,9.541619,1.098688
worker_5,1837,1788087122.302534,50,9.546981,1.096768
worker_5,1838,1788087122.312114,50,9.572232,1.102880
worker_5,1839,1788087122.321721,50,9.541091,1.097728
worker_5,1840,1788087122.331297,50,9.699797,1.100288
worker_5,1841,1788087122.341031,50,9.548564,1.097408
worker_5,1842,1788087122.350615,50,9.380767,1.097472
worker_5,1843,1788087122.360027,50,9.555527,1.098560
worker_5,1844,1788087122.369616,50,9.538776,1.096448
worker_5,1845,1788087122.379197,50,9.533139,1.097440
worker_5,1846,1788087122.388762,50,9.545147,1.095744
worker_5,1847,1788087122.398341,50,9.540990,1.097440
worker_5,1848,1788087122.407916,50,9.536046,1.098688
worker_5,1849,1788087122.417486,50,9.672240,1.097344
worker_5,1850,1788087122.427192,50,9.409785,1.099328
worker_5,1851,1788087122.436634,50,9.554740,1.097280
worker_5,1852,1788087122.446225,50,9.544583,1.096000
worker_5,1853,1788087122.455801,50,9.715232,1.102048
worker_5,1854,1788087122.465548,50,9.442784,1.096864
worker_5,1855,1788087122.475023,50,9.650341,1.099840
worker_5,1856,1788087122.484707,50,9.388266,1.095840
worker_5,1857,1788087122.494132,50,9.536981,1.097472
worker_5,1858,1788087122.503700,50,9.547304,1.096832
worker_5,1859,1788087122.513280,50,9.553296,1.096416
worker_5,1860,1788087122.522866,50,9.543036,1.098432
worker_5,1861,1788087122.532441,50,9.538887,1.097664
worker_5,1862,1788087122.542015,50,9.539147,1.097536
worker_5,1863,1788087122.551589,50,9.555795,1.096448
worker_5,1864,1788087122.561189,50,9.527247,1.096576
worker_5,1865,1788087122.570749,50,9.548286,1.096992
worker_5,1866,1788087122.580329,50,9.539887,1.096928
worker_5,1867,1788087122.589906,50,9.537257,1.097696
worker_5,1868,1788087122.599476,50,9.548220,1.097248
worker_5,1869,1788087122.609060,50,9.540739,1.098528
worker_5,1870,1788087122.618634,50,9.543702,1.096480
worker_5,1871,1788087122.628224,50,9.550091,1.099680
worker_5,1872,1788087122.637811,50,9.529229,1.097536
worker_5,1873,1788087122.647373,50,9.567693,1.100608
worker_5,1874,1788087122.656975,50,9.528063,1.097184
worker_5,1875,1788087122.666536,50,9.559517,1.097440
worker_5,1876,1788087122.676129,50,9.530535,1.097408
worker_5,1877,1788087122.685688,50,9.565074,1.097440
worker_5,1878,1788087122.695283,50,9.539387,1.100384
worker_5,1879,1788087122.704851,50,9.561739,1.097216
worker_5,1880,1788087122.714446,50,9.549971,1.097536
worker_5,1881,1788087122.724030,50,9.535970,1.097440
worker_5,1882,1788087122.733598,50,9.536989,1.097472
worker_5,1883,1788087122.743165,50,9.718268,1.097856
worker_5,1884,1788087122.752943,50,9.538323,1.097728
worker_5,1885,1788087122.762528,50,9.347785,1.097440
worker_5,1886,1788087122.771923,50,9.501971,1.095904
worker_5,1887,1788087122.781457,50,9.537952,1.097504
worker_5,1888,1788087122.791025,50,9.547286,1.097856
worker_5,1889,1788087122.800600,50,9.550360,1.096864
worker_5,1890,1788087122.810181,50,9.548535,1.096736
worker_5,1891,1788087122.819761,50,9.560231,1.095680
worker_5,1892,1788087122.829352,50,9.699694,1.096736
worker_5,1893,1788087122.839082,50,9.561619,1.098048
worker_5,1894,1788087122.848673,50,9.393710,1.097792
worker_5,1895,1788087122.858096,50,9.586823,1.096928
worker_5,1896,1788087122.867716,50,9.537813,1.100320
worker_5,1897,1788087122.877287,50,9.558592,1.096480
worker_5,1898,1788087122.886880,50,9.537944,1.097312
worker_5,1899,1788087122.896451,50,9.541248,1.096448
worker_5,1900,1788087122.906028,50,9.540359,1.095872
worker_5,1901,1788087122.915604,50,9.539638,1.099104
worker_5,1902,1788087122.925174,50,9.561814,1.097632
worker_5,1903,1788087122.934779,50,9.531888,1.097440
worker_5,1904,1788087122.944342,50,9.541285,1.097664
worker_5,1905,1788087122.953915,50,9.539480,1.096800
worker_5,1906,1788087122.963485,50,9.545425,1.099872
worker_5,1907,1788087122.973060,50,9.557814,1.097600
worker_5,1908,1788087122.982648,50,9.542305,1.097920
worker_5,1909,1788087122.992229,50,9.539666,1.097600
worker_5,1910,1788087123.001806,50,9.541759,1.097152
worker_5,1911,1788087123.011379,50,9.564778,1.099872
worker_5,1912,1788087123.020974,50,9.542082,1.097664
worker_5,1913,1788087123.030547,50,9.545343,1.096768
worker_5,1914,1788087123.040127,50,9.546157,1.097600
worker_5,1915,1788087123.049703,50,9.551184,1.097728
worker_5,1916,1788087123.059287,50,9.549093,1.101920
worker_5,1917,1788087123.068869,50,9.571295,1.097696
worker_5,1918,1788087123.078473,50,9.550035,1.098272
worker_5,1919,1788087123.088059,50,9.538239,1.097696
worker_5,1920,1788087123.097628,50,9.547572,1.097536
worker_5,1921,1788087123.107208,50,9.565508,1.097888
worker_5,1922,1788087123.116810,50,9.536803,1.097216
worker_5,1923,1788087123.126389,50,9.557693,1.097920
worker_5,1924,1788087123.135983,50,9.534434,1.096160
worker_5,1925,1788087123.145552,50,9.531192,1.097120
worker_5,1926,1788087123.155118,50,9.539703,1.096640
worker_5,1927,1788087123.164694,50,9.542869,1.096448
worker_5,1928,1788087123.174270,50,9.540397,1.096864
worker_5,1929,1788087123.183841,50,9.556851,1.097792
worker_5,1930,1788087123.193432,50,9.531295,1.096832
worker_5,1931,1788087123.202996,50,9.568832,1.108992
worker_5,1932,1788087123.212598,50,9.544323,1.097408
worker_5,1933,1788087123.222173,50,9.545925,1.097376
worker_5,1934,1788087123.231749,50,9.556878,1.097696
worker_5,1935,1788087123.241336,50,9.545731,1.097344
worker_5,1936,1788087123.250910,50,9.559814,1.103360
worker_5,1937,1788087123.260501,50,9.552091,1.096992
worker_5,1938,1788087123.270083,50,9.542397,1.097632
worker_5,1939,1788087123.279656,50,9.542341,1.097408
worker_5,1940,1788087123.289228,50,9.558907,1.097728
worker_5,1941,1788087123.298822,50,9.539165,1.096480
worker_5,1942,1788087123.308413,50,9.520295,1.096224
worker_5,1943,1788087123.317965,50,9.576869,1.098656
worker_5,1944,1788087123.327574,50,9.536564,1.101280
worker_5,1945,1788087123.337141,50,9.563184,1.096288
worker_5,1946,1788087123.346735,50,9.694805,1.095712
worker_5,1947,1788087123.356464,50,9.386256,1.099168
worker_5,1948,1788087123.365883,50,9.546211,1.096704
worker_5,1949,1788087123.375460,50,9.555665,1.097504
worker_5,1950,1788087123.385046,50,9.560508,1.096160
worker_5,1951,1788087123.394640,50,9.539248,1.096160
worker_5,1952,1788087123.404220,50,9.530748,1.097088
worker_5,1953,1788087123.413782,50,9.544081,1.097824
worker_5,1954,1788087123.423357,50,9.554665,1.098304
worker_5,1955,1788087123.432943,50,9.542053,1.098400
worker_5,1956,1788087123.442517,50,9.569295,1.097312
worker_5,1957,1788087123.452116,50,9.546471,1.097248
worker_5,1958,1788087123.461692,50,9.553054,1.096544
worker_5,1959,1788087123.471276,50,9.562490,1.099328
worker_5,1960,1788087123.480867,50,9.548415,1.098048
worker_5,1961,1788087123.490445,50,9.546739,1.097344
worker_5,1962,1788087123.500030,50,9.547943,1.096960
worker_5,1963,1788087123.509610,50,9.548166,1.097664
worker_5,1964,1788087123.519188,50,9.565499,1.101184
worker_5,1965,1788087123.528783,50,9.537239,1.098368
worker_5,1966,1788087123.538352,50,9.546778,1.101696
worker_5,1967,1788087123.547929,50,9.544286,1.097152
worker_5,1968,1788087123.557505,50,9.548119,1.096864
worker_5,1969,1788087123.567082,50,9.554907,1.098432
worker_5,1970,1788087123.576667,50,9.557740,1.096832
worker_5,1971,1788087123.586258,50,9.581704,1.095872
worker_5,1972,1788087123.595872,50,9.504730,1.097568
worker_5,1973,1788087123.605407,50,9.571480,1.097824
worker_5,1974,1788087123.615012,50,9.536739,1.097312
worker_5,1975,1788087123.624581,50,9.555879,1.097088
worker_5,1976,1788087123.634170,50,9.531803,1.096544
worker_5,1977,1788087123.643730,50,9.546128,1.095808
worker_5,1978,1788087123.653311,50,9.529351,1.096704
worker_5,1979,1788087123.662872,50,9.553471,1.097696
worker_5,1980,1788087123.672460,50,9.533295,1.097024
worker_5,1981,1788087123.682032,50,9.541342,1.098048
worker_5,1982,1788087123.691606,50,9.546843,1.099904
worker_5,1983,1788087123.701183,50,9.567286,1.101600
worker_5,1984,1788087123.710781,50,9.549090,1.098208
worker_5,1985,1788087123.720449,50,9.457795,1.095296
worker_5,1986,1788087123.729939,50,9.546786,1.096960
worker_5,1987,1788087123.739518,50,9.540499,1.099552
worker_5,1988,1788087123.749094,50,9.542360,1.097248
worker_5,1989,1788087123.758669,50,9.558074,1.097760
worker_5,1990,1788087123.768259,50,9.531786,1.097184
worker_5,1991,1788087123.777821,50,9.549166,1.097184
worker_5,1992,1788087123.787407,50,9.550814,1.101728
worker_5,1993,1788087123.796989,50,9.537388,1.098592
worker_5,1994,1788087123.806557,50,9.550165,1.097536
worker_5,1995,1788087123.816137,50,9.546333,1.099488
worker_5,1996,1788087123.825713,50,9.552517,1.097152
worker_5,1997,1788087123.835297,50,9.548563,1.097120
worker_5,1998,1788087123.844876,50,9.578083,1.096832
worker_5,1999,1788087123.854489,50,9.533323,1.097696
worker_5,2000,1788087123.864054,50,9.552166,1.096480
worker_5,2001,1788087123.873647,50,9.534370,1.096640
worker_5,2002,1788087123.883213,50,9.548072,1.095360
worker_5,2003,1788087123.892797,50,9.550035,1.096544
worker_5,2004,1788087123.902379,50,9.573433,1.096288
worker_5,2005,1788087123.911986,50,9.547581,1.096032
worker_5,2006,1788087123.921569,50,9.537193,1.097088
worker_5,2007,1788087123.931139,50,9.551461,1.099072
worker_5,2008,1788087123.940726,50,9.537286,1.098272
worker_5,2009,1788087123.950294,50,9.542748,1.096960
worker_5,2010,1788087123.959868,50,9.555989,1.096352
worker_5,2011,1788087123.969452,50,9.561370,1.098208
worker_5,2012,1788087123.979046,50,9.548276,1.097344
worker_5,2013,1788087123.988629,50,9.537997,1.098848
worker_5,2014,1788087123.998199,50,9.545221,1.095520
worker_5,2015,1788087124.007776,50,9.541684,1.097888
worker_5,2016,1788087124.017349,50,9.557841,1.097504
worker_5,2017,1788087124.026940,50,9.534822,1.096576
worker_5,2018,1788087124.036504,50,9.542026,1.096064
worker_5,2019,1788087124.046079,50,9.565128,1.097696
worker_5,2020,1788087124.055687,50,9.536286,1.100096
worker_5,2021,1788087124.065254,50,9.562369,1.098240
worker_5,2022,1788087124.074848,50,9.539304,1.097376
worker_5,2023,1788087124.084417,50,9.547118,1.097312
worker_5,2024,1788087124.093995,50,9.582591,1.096736
worker_5,2025,1788087124.103622,50,9.507277,1.099424
worker_5,2026,1788087124.113163,50,9.533453,1.096640
worker_5,2027,1788087124.122727,50,9.552897,1.097792
worker_5,2028,1788087124.132311,50,9.541850,1.096864
worker_5,2029,1788087124.141880,50,9.552202,1.096928
worker_5,2030,1788087124.151466,50,9.535924,1.096576
worker_5,2031,1788087124.161032,50,9.542360,1.098144
worker_5,2032,1788087124.170605,50,9.553406,1.097472
worker_5,2033,1788087124.180192,50,9.558407,1.099968
worker_5,2034,1788087124.189780,50,9.541785,1.096608
worker_5,2035,1788087124.199350,50,9.549332,1.098144
worker_5,2036,1788087124.208928,50,9.560768,1.097152
worker_5,2037,1788087124.218522,50,9.554100,1.096608
worker_5,2038,1788087124.228107,50,9.562008,1.097376
worker_5,2039,1788087124.237700,50,9.550416,1.097920
worker_5,2040,1788087124.247290,50,9.531221,1.096672
worker_5,2041,1788087124.256852,50,9.546276,1.096768
worker_5,2042,1788087124.266427,50,9.547222,1.096480
worker_5,2043,1788087124.276007,50,9.543647,1.098432
worker_5,2044,1788087124.285582,50,9.536887,1.095456
worker_5,2045,1788087124.295148,50,9.575072,1.095200
worker_5,2046,1788087124.304753,50,9.547415,1.098272
worker_5,2047,1788087124.314330,50,9.541871,1.097472
worker_5,2048,1788087124.323902,50,9.552064,1.097536
worker_5,2049,1788087124.333489,50,9.535907,1.097536
worker_5,2050,1788087124.343056,50,9.562805,1.106592
worker_5,2051,1788087124.352648,50,9.542378,1.098272
worker_5,2052,1788087124.362220,50,9.551518,1.096928
worker_5,2053,1788087124.371802,50,9.551008,1.096672
worker_5,2054,1788087124.381383,50,9.546398,1.095840
worker_5,2055,1788087124.390966,50,9.530943,1.097856
worker_5,2056,1788087124.400531,50,9.543008,1.097856
worker_5,2057,1788087124.410105,50,9.557324,1.097248
worker_5,2058,1788087124.419693,50,9.550157,1.099552
worker_5,2059,1788087124.429284,50,9.548342,1.097568
worker_5,2060,1788087124.438863,50,9.545582,1.097728
worker_5,2061,1788087124.448442,50,9.546610,1.097760
worker_5,2062,1788087124.458018,50,9.546555,1.097056
worker_5,2063,1788087124.467595,50,9.545702,1.098336
worker_5,2064,1788087124.477170,50,9.556490,1.098624
worker_5,2065,1788087124.486756,50,9.543333,1.097152
worker_5,2066,1788087124.496328,50,9.548277,1.098336
worker_5,2067,1788087124.505905,50,9.544035,1.097664
worker_5,2068,1788087124.515479,50,9.555989,1.095904
worker_5,2069,1788087124.525070,50,9.552092,1.097280
worker_5,2070,1788087124.534655,50,9.538433,1.095264
worker_5,2071,1788087124.544242,50,9.519824,1.097312
worker_5,2072,1788087124.553797,50,9.530933,1.096544
worker_5,2073,1788087124.563359,50,9.558785,1.096576
worker_5,2074,1788087124.572951,50,9.551861,1.096576
worker_5,2075,1788087124.582534,50,9.538359,1.097664
worker_5,2076,1788087124.592103,50,9.568527,1.097920
worker_5,2077,1788087124.601707,50,9.544313,1.097920
worker_5,2078,1788087124.611282,50,9.559267,1.096384
worker_5,2079,1788087124.620883,50,9.533757,1.099040
worker_5,2080,1788087124.630450,50,9.532036,1.097472
worker_5,2081,1788087124.640013,50,9.544407,1.096160
worker_5,2082,1788087124.649588,50,9.535841,1.097536
worker_5,2083,1788087124.659155,50,9.574110,1.100864
worker_5,2084,1788087124.668759,50,9.551231,1.097984
worker_5,2085,1788087124.678343,50,9.550564,1.096736
worker_5,2086,1788087124.687924,50,9.545361,1.096864
worker_5,2087,1788087124.697500,50,9.544434,1.096736
worker_5,2088,1788087124.707075,50,13.172198,1.101472
