label,batch,start_unix_s,operations,wall_ms,cuda_batch_ms
worker_2,0,1788086956.581635,50,7.359375,7.182432
worker_2,1,1788086956.589042,50,7.953112,7.658272
worker_2,2,1788086956.597055,50,8.096160,7.742144
worker_2,3,1788086956.605206,50,8.095346,7.742976
worker_2,4,1788086956.613355,50,8.107068,7.749984
worker_2,5,1788086956.621516,50,7.907454,7.781760
worker_2,6,1788086956.629452,50,7.745583,7.685696
worker_2,7,1788086956.637217,50,7.587582,7.539904
worker_2,8,1788086956.644823,50,7.682194,7.629312
worker_2,9,1788086956.652524,50,7.705870,7.645152
worker_2,10,1788086956.660261,50,7.709656,7.652448
worker_2,11,1788086956.667989,50,7.722518,7.672160
worker_2,12,1788086956.675730,50,7.731797,7.454880
worker_2,13,1788086956.683514,50,7.780898,7.435808
worker_2,14,1788086956.691347,50,8.127133,7.782336
worker_2,15,1788086956.699526,50,8.099956,7.753600
worker_2,16,1788086956.707677,50,8.099438,7.759712
worker_2,17,1788086956.715826,50,8.094799,7.760224
worker_2,18,1788086956.723971,50,7.867695,7.734560
worker_2,19,1788086956.731867,50,8.003094,7.731136
worker_2,20,1788086956.739923,50,7.871631,7.737920
worker_2,21,1788086956.747821,50,7.962836,7.687904
worker_2,22,1788086956.755832,50,7.826787,7.700448
worker_2,23,1788086956.763686,50,7.820223,7.537504
worker_2,24,1788086956.771557,50,7.743973,7.621792
worker_2,25,1788086956.779329,50,7.945539,7.662624
worker_2,26,1788086956.787323,50,7.588481,7.467200
worker_2,27,1788086956.794939,50,7.742612,7.471328
worker_2,28,1788086956.802732,50,7.888492,7.760672
worker_2,29,1788086956.810663,50,7.948297,7.675808
worker_2,30,1788086956.818663,50,7.921742,7.793792
worker_2,31,1788086956.826610,50,7.920918,7.651968
worker_2,32,1788086956.834583,50,7.885048,7.756032
worker_2,33,1788086956.842498,50,7.905473,7.631584
worker_2,34,1788086956.850453,50,7.893603,7.769216
worker_2,35,1788086956.858373,50,7.742120,7.686624
worker_2,36,1788086956.866136,50,7.718685,7.670880
worker_2,37,1788086956.873872,50,7.767426,7.719968
worker_2,38,1788086956.881655,50,7.516508,7.469280
worker_2,39,1788086956.889188,50,7.512591,7.452672
worker_2,40,1788086956.896720,50,7.825019,7.547296
worker_2,41,1788086956.904599,50,8.070993,7.719200
worker_2,42,1788086956.912723,50,8.059993,7.725312
worker_2,43,1788086956.920834,50,8.125744,7.775904
worker_2,44,1788086956.929008,50,7.965464,7.634144
worker_2,45,1788086956.937021,50,8.066012,7.732928
worker_2,46,1788086956.945137,50,8.092883,7.752864
worker_2,47,1788086956.953279,50,8.091957,7.751520
worker_2,48,1788086956.961422,50,8.101910,7.766944
worker_2,49,1788086956.969589,50,8.141022,7.809504
worker_2,50,1788086956.977781,50,7.771167,7.643232
worker_2,51,1788086956.985579,50,7.881150,7.607168
worker_2,52,1788086956.993512,50,7.832057,7.697760
worker_2,53,1788086957.001372,50,7.887529,7.616512
worker_2,54,1788086957.009312,50,7.897316,7.767648
worker_2,55,1788086957.017237,50,7.928410,7.654176
worker_2,56,1788086957.025216,50,7.882501,7.754464
worker_2,57,1788086957.033127,50,7.964696,7.689120
worker_2,58,1788086957.041144,50,7.925382,7.799264
worker_2,59,1788086957.049098,50,7.924825,7.643712
worker_2,60,1788086957.057076,50,7.849150,7.706560
worker_2,61,1788086957.064953,50,7.912742,7.640800
worker_2,62,1788086957.072917,50,7.876657,7.750144
worker_2,63,1788086957.080821,50,7.962020,7.689248
worker_2,64,1788086957.088834,50,7.911844,7.783232
worker_2,65,1788086957.096775,50,7.862316,7.591328
worker_2,66,1788086957.104687,50,7.894463,7.770208
worker_2,67,1788086957.112610,50,7.835918,7.562880
worker_2,68,1788086957.120511,50,7.604258,7.448864
worker_2,69,1788086957.128156,50,8.070419,7.777376
worker_2,70,1788086957.136269,50,7.848685,7.721952
worker_2,71,1788086957.144153,50,8.080743,7.792256
worker_2,72,1788086957.152277,50,7.914723,7.792672
worker_2,73,1788086957.160240,50,8.008048,7.720352
worker_2,74,1788086957.168292,50,7.725804,7.615104
worker_2,75,1788086957.176045,50,7.912585,7.646208
worker_2,76,1788086957.184010,50,7.713452,7.579968
worker_2,77,1788086957.191755,50,8.068763,7.801760
worker_2,78,1788086957.199874,50,7.859899,7.737920
worker_2,79,1788086957.207759,50,7.677711,7.408192
worker_2,80,1788086957.215487,50,7.957363,7.825088
worker_2,81,1788086957.223469,50,7.997150,7.721376
worker_2,82,1788086957.231515,50,8.016270,7.883776
worker_2,83,1788086957.239556,50,8.059307,7.794272
worker_2,84,1788086957.247664,50,7.987788,7.861696
worker_2,85,1788086957.255678,50,8.049066,7.779200
worker_2,86,1788086957.263776,50,8.023197,7.892416
worker_2,87,1788086957.271826,50,8.029270,7.747744
worker_2,88,1788086957.279918,50,7.869195,7.744224
worker_2,89,1788086957.287813,50,7.842788,7.578720
worker_2,90,1788086957.295704,50,7.868316,7.741984
worker_2,91,1788086957.303598,50,8.007595,7.739328
worker_2,92,1788086957.311659,50,7.963067,7.838784
worker_2,93,1788086957.319651,50,7.947955,7.676704
worker_2,94,1788086957.327649,50,7.914306,7.788768
worker_2,95,1788086957.335591,50,7.944066,7.673856
worker_2,96,1788086957.343586,50,7.980456,7.854176
worker_2,97,1788086957.351593,50,7.994067,7.726912
worker_2,98,1788086957.359636,50,7.990011,7.864352
worker_2,99,1788086957.367652,50,7.994993,7.724544
worker_2,100,1788086957.375699,50,7.961326,7.832736
worker_2,101,1788086957.383688,50,7.813010,7.540224
worker_2,102,1788086957.391551,50,7.800991,7.672640
worker_2,103,1788086957.399378,50,7.832954,7.546144
worker_2,104,1788086957.407260,50,7.853399,7.725536
worker_2,105,1788086957.415140,50,8.018030,7.747712
worker_2,106,1788086957.423208,50,8.005706,7.881952
worker_2,107,1788086957.431254,50,7.954113,7.688352
worker_2,108,1788086957.439260,50,8.102522,7.976704
worker_2,109,1788086957.447391,50,8.078410,7.810112
worker_2,110,1788086957.455518,50,7.963418,7.838176
worker_2,111,1788086957.463510,50,8.086419,7.816896
worker_2,112,1788086957.471645,50,8.118281,7.992800
worker_2,113,1788086957.479791,50,7.963447,7.694272
worker_2,114,1788086957.487803,50,7.839751,7.714976
worker_2,115,1788086957.495671,50,8.025816,7.756832
worker_2,116,1788086957.503746,50,7.969261,7.845728
worker_2,117,1788086957.511743,50,8.044558,7.775872
worker_2,118,1788086957.519838,50,7.804158,7.679616
worker_2,119,1788086957.527668,50,7.848252,7.576992
worker_2,120,1788086957.535566,50,7.875409,7.745792
worker_2,121,1788086957.543467,50,7.580352,7.262272
worker_2,122,1788086957.551095,50,7.793408,7.527680
worker_2,123,1788086957.558916,50,7.857964,7.616864
worker_2,124,1788086957.566815,50,7.718555,7.605504
worker_2,125,1788086957.574562,50,7.665314,7.605984
worker_2,126,1788086957.582246,50,7.845306,7.576640
worker_2,127,1788086957.590154,50,7.813158,7.686976
worker_2,128,1788086957.597995,50,8.050049,7.770176
worker_2,129,1788086957.606097,50,7.971725,7.842208
worker_2,130,1788086957.614095,50,8.134920,7.856000
worker_2,131,1788086957.622283,50,7.969086,7.842080
worker_2,132,1788086957.630280,50,8.059836,7.781536
worker_2,133,1788086957.638391,50,8.078243,7.947104
worker_2,134,1788086957.646495,50,8.095715,7.816704
worker_2,135,1788086957.654640,50,8.022077,7.895328
worker_2,136,1788086957.662687,50,7.799195,7.529184
worker_2,137,1788086957.670535,50,7.841046,7.712512
worker_2,138,1788086957.678404,50,7.686018,7.401440
worker_2,139,1788086957.686139,50,7.590480,7.461984
worker_2,140,1788086957.693756,50,7.605509,7.338592
worker_2,141,1788086957.701412,50,7.523517,7.389344
worker_2,142,1788086957.708964,50,7.547156,7.275744
worker_2,143,1788086957.716563,50,7.806436,7.683264
worker_2,144,1788086957.724397,50,8.039780,7.761568
worker_2,145,1788086957.732485,50,8.088994,7.950816
worker_2,146,1788086957.740608,50,8.126541,7.848896
worker_2,147,1788086957.748783,50,7.966160,7.839072
worker_2,148,1788086957.756779,50,8.061540,7.769472
worker_2,149,1788086957.764892,50,8.010390,7.883200
worker_2,150,1788086957.772928,50,8.024688,7.737952
worker_2,151,1788086957.781003,50,8.013401,7.890208
worker_2,152,1788086957.789042,50,7.848751,7.553664
worker_2,153,1788086957.796941,50,7.696508,7.570848
worker_2,154,1788086957.804665,50,7.805750,7.534176
worker_2,155,1788086957.812522,50,7.879556,7.750272
worker_2,156,1788086957.820529,50,7.926816,7.646112
worker_2,157,1788086957.828505,50,7.808732,7.665376
worker_2,158,1788086957.836343,50,7.814002,7.541696
worker_2,159,1788086957.844205,50,7.918029,7.775264
worker_2,160,1788086957.852149,50,7.960012,7.693088
worker_2,161,1788086957.860159,50,7.825334,7.686880
worker_2,162,1788086957.868011,50,7.909260,7.638048
worker_2,163,1788086957.875971,50,7.573341,7.446176
worker_2,164,1788086957.883572,50,7.759436,7.490144
worker_2,165,1788086957.891382,50,7.710860,7.583584
worker_2,166,1788086957.899137,50,7.881446,7.616256
worker_2,167,1788086957.907066,50,7.851361,7.729120
worker_2,168,1788086957.914944,50,8.053428,7.780544
worker_2,169,1788086957.923047,50,7.802694,7.674848
worker_2,170,1788086957.930877,50,8.029807,7.758688
worker_2,171,1788086957.938955,50,7.885751,7.759680
worker_2,172,1788086957.946867,50,8.044705,7.774272
worker_2,173,1788086957.954962,50,7.973899,7.849568
worker_2,174,1788086957.962962,50,7.824102,7.766784
worker_2,175,1788086957.970807,50,7.894788,7.848992
worker_2,176,1788086957.978720,50,7.791638,7.647104
worker_2,177,1788086957.986528,50,7.704786,7.646208
worker_2,178,1788086957.994248,50,7.598840,7.404128
worker_2,179,1788086958.001862,50,7.807269,7.507424
worker_2,180,1788086958.009721,50,7.946334,7.466496
worker_2,181,1788086958.017714,50,8.064308,7.599424
worker_2,182,1788086958.025828,50,8.191845,7.684704
worker_2,183,1788086958.034068,50,8.156151,7.646624
worker_2,184,1788086958.042273,50,8.180753,7.669280
worker_2,185,1788086958.050514,50,8.008112,7.497024
worker_2,186,1788086958.058570,50,7.705833,7.564192
worker_2,187,1788086958.066305,50,7.750369,7.417376
worker_2,188,1788086958.074106,50,7.688101,7.559040
worker_2,189,1788086958.081821,50,7.902223,7.628800
worker_2,190,1788086958.089773,50,7.701518,7.573312
worker_2,191,1788086958.097499,50,7.814352,7.544512
worker_2,192,1788086958.105364,50,7.685925,7.554720
worker_2,193,1788086958.113076,50,7.912436,7.641376
worker_2,194,1788086958.121038,50,7.814101,7.688512
worker_2,195,1788086958.128878,50,7.900436,7.630464
worker_2,196,1788086958.136830,50,7.853927,7.722592
worker_2,197,1788086958.144711,50,8.055762,7.783232
worker_2,198,1788086958.152818,50,7.805602,7.677696
worker_2,199,1788086958.160650,50,8.046354,7.778080
worker_2,200,1788086958.168746,50,7.877056,7.739296
worker_2,201,1788086958.176651,50,8.061660,7.790656
worker_2,202,1788086958.184761,50,7.854815,7.716896
worker_2,203,1788086958.192644,50,7.951464,7.676096
worker_2,204,1788086958.200648,50,7.695806,7.565408
worker_2,205,1788086958.208387,50,7.605665,7.551360
worker_2,206,1788086958.216013,50,7.644211,7.594688
worker_2,207,1788086958.223674,50,7.600989,7.552064
worker_2,208,1788086958.231296,50,7.817945,7.768800
worker_2,209,1788086958.239132,50,7.638526,7.591456
worker_2,210,1788086958.246788,50,7.857038,7.810592
worker_2,211,1788086958.254663,50,7.630509,7.583872
worker_2,212,1788086958.262310,50,7.821760,7.774272
worker_2,213,1788086958.270150,50,7.592610,7.546464
worker_2,214,1788086958.277759,50,7.785999,7.737824
worker_2,215,1788086958.285562,50,7.295663,7.248576
worker_2,216,1788086958.292874,50,7.636777,7.587936
worker_2,217,1788086958.300527,50,7.706695,7.433792
worker_2,218,1788086958.308288,50,8.016540,7.678304
worker_2,219,1788086958.316355,50,8.001817,7.666784
worker_2,220,1788086958.324408,50,8.239661,7.908032
worker_2,221,1788086958.332699,50,8.060761,7.727488
worker_2,222,1788086958.340810,50,8.231634,7.900096
worker_2,223,1788086958.349093,50,8.225290,7.891488
worker_2,224,1788086958.357383,50,8.182985,7.849376
worker_2,225,1788086958.365615,50,8.179217,7.846784
worker_2,226,1788086958.373843,50,8.167503,7.839072
worker_2,227,1788086958.382057,50,7.997492,7.664736
worker_2,228,1788086958.390101,50,8.198096,7.867712
worker_2,229,1788086958.398347,50,8.193040,7.865056
worker_2,230,1788086958.406589,50,7.989169,7.867744
worker_2,231,1788086958.414603,50,8.040188,7.771680
worker_2,232,1788086958.422694,50,8.001965,7.878176
worker_2,233,1788086958.430723,50,7.721806,7.450016
worker_2,234,1788086958.438493,50,7.845834,7.713760
worker_2,235,1788086958.446365,50,7.978233,7.716352
worker_2,236,1788086958.454392,50,7.979178,7.854400
worker_2,237,1788086958.462399,50,7.920260,7.652704
worker_2,238,1788086958.470371,50,7.844936,7.718624
worker_2,239,1788086958.478242,50,7.899687,7.626080
worker_2,240,1788086958.486191,50,7.217995,7.090336
worker_2,241,1788086958.493435,50,7.471192,7.188416
worker_2,242,1788086958.500959,50,7.397358,7.272320
worker_2,243,1788086958.508383,50,7.891631,7.604640
worker_2,244,1788086958.516343,50,7.827242,7.694304
worker_2,245,1788086958.524195,50,7.660351,7.593888
worker_2,246,1788086958.531876,50,7.761991,7.715008
worker_2,247,1788086958.539656,50,7.611164,7.564352
worker_2,248,1788086958.547286,50,7.812130,7.570560
worker_2,249,1788086958.555116,50,7.172328,7.107008
worker_2,250,1788086958.562304,50,7.722073,7.529408
worker_2,251,1788086958.570043,50,7.577175,7.372544
worker_2,252,1788086958.577637,50,7.743897,7.642912
worker_2,253,1788086958.585397,50,7.448339,7.401312
worker_2,254,1788086958.592862,50,7.557508,7.508544
worker_2,255,1788086958.600438,50,7.236921,7.185792
worker_2,256,1788086958.607690,50,7.480432,7.432832
worker_2,257,1788086958.615187,50,7.330663,7.265280
worker_2,258,1788086958.622540,50,7.561785,7.494080
worker_2,259,1788086958.630125,50,6.964790,6.897824
worker_2,260,1788086958.637113,50,6.925659,6.872416
worker_2,261,1788086958.644055,50,7.675267,7.633408
worker_2,262,1788086958.651746,50,7.739443,7.695776
worker_2,263,1788086958.659511,50,7.731694,7.685088
worker_2,264,1788086958.667262,50,7.617148,7.565952
worker_2,265,1788086958.674896,50,7.795871,7.749984
worker_2,266,1788086958.682709,50,7.597933,7.332704
worker_2,267,1788086958.690360,50,8.192531,7.816608
worker_2,268,1788086958.698603,50,7.855509,7.514208
worker_2,269,1788086958.706508,50,8.176595,7.835968
worker_2,270,1788086958.714734,50,8.230735,7.851168
worker_2,271,1788086958.723014,50,8.216605,7.857376
worker_2,272,1788086958.731279,50,8.104985,7.773760
worker_2,273,1788086958.739433,50,7.896464,7.764928
worker_2,274,1788086958.747356,50,7.932057,7.649088
worker_2,275,1788086958.755340,50,7.756722,7.632000
worker_2,276,1788086958.763124,50,7.972871,7.687552
worker_2,277,1788086958.771147,50,7.909482,7.783456
worker_2,278,1788086958.779085,50,7.436368,7.162816
worker_2,279,1788086958.786571,50,7.594962,7.458208
worker_2,280,1788086958.794191,50,7.513831,7.446560
worker_2,281,1788086958.801733,50,7.997114,7.710656
worker_2,282,1788086958.809781,50,7.531646,7.401536
worker_2,283,1788086958.817352,50,7.886325,7.600032
worker_2,284,1788086958.825291,50,7.765371,7.634880
worker_2,285,1788086958.833085,50,7.904908,7.625536
worker_2,286,1788086958.841041,50,7.839732,7.710656
worker_2,287,1788086958.848909,50,7.905918,7.623136
worker_2,288,1788086958.856868,50,7.797241,7.666720
worker_2,289,1788086958.864693,50,7.995844,7.713856
worker_2,290,1788086958.872741,50,7.768908,7.637920
worker_2,291,1788086958.880536,50,7.919056,7.626976
worker_2,292,1788086958.888508,50,7.745731,7.618752
worker_2,293,1788086958.896280,50,8.003622,7.710944
worker_2,294,1788086958.904337,50,7.667535,7.539392
worker_2,295,1788086958.912033,50,7.928770,7.646976
worker_2,296,1788086958.920015,50,7.779129,7.651648
worker_2,297,1788086958.927823,50,7.891085,7.616992
worker_2,298,1788086958.935764,50,7.975511,7.853632
worker_2,299,1788086958.943766,50,7.725397,7.442816
worker_2,300,1788086958.951542,50,7.862677,7.738368
worker_2,301,1788086958.959432,50,7.768584,7.502176
worker_2,302,1788086958.967265,50,7.875094,7.747104
worker_2,303,1788086958.975167,50,7.792473,7.524032
worker_2,304,1788086958.983012,50,7.938686,7.805184
worker_2,305,1788086958.990978,50,7.802083,7.743840
worker_2,306,1788086958.998800,50,7.666342,7.619520
worker_2,307,1788086959.006484,50,7.801880,7.753536
worker_2,308,1788086959.014303,50,8.186679,7.764672
worker_2,309,1788086959.022541,50,8.067003,7.792416
worker_2,310,1788086959.030723,50,7.974501,7.544768
worker_2,311,1788086959.038750,50,8.081558,7.799936
worker_2,312,1788086959.046858,50,7.962975,7.622336
worker_2,313,1788086959.054871,50,8.074225,7.865824
worker_2,314,1788086959.062973,50,7.875537,7.552896
worker_2,315,1788086959.070898,50,8.068892,7.773504
worker_2,316,1788086959.079000,50,7.891964,7.678816
worker_2,317,1788086959.086915,50,7.741694,7.539520
worker_2,318,1788086959.094678,50,7.719945,7.670912
worker_2,319,1788086959.102416,50,8.034595,7.774016
worker_2,320,1788086959.110503,50,7.980530,7.855712
worker_2,321,1788086959.118512,50,8.062326,7.788384
worker_2,322,1788086959.126638,50,7.958196,7.831776
worker_2,323,1788086959.134622,50,7.969188,7.702944
worker_2,324,1788086959.142641,50,7.955427,7.830976
worker_2,325,1788086959.150624,50,8.041909,7.774944
worker_2,326,1788086959.158717,50,8.023085,7.901088
worker_2,327,1788086959.166768,50,7.649092,7.591904
worker_2,328,1788086959.174437,50,7.926855,7.653024
worker_2,329,1788086959.182414,50,7.909807,7.735840
worker_2,330,1788086959.190349,50,8.002419,7.606496
worker_2,331,1788086959.198402,50,7.971725,7.688832
worker_2,332,1788086959.206401,50,8.056012,7.787904
worker_2,333,1788086959.214506,50,7.809815,7.681504
worker_2,334,1788086959.222343,50,8.003909,7.730560
worker_2,335,1788086959.230398,50,8.017660,7.886528
worker_2,336,1788086959.238444,50,8.032659,7.760736
worker_2,337,1788086959.246528,50,8.018308,7.893376
worker_2,338,1788086959.254572,50,8.053382,7.778784
worker_2,339,1788086959.262676,50,8.009965,7.883776
worker_2,340,1788086959.270714,50,8.052372,7.783872
worker_2,341,1788086959.278842,50,7.977955,7.856320
worker_2,342,1788086959.286849,50,8.039956,7.769504
worker_2,343,1788086959.294937,50,7.997113,7.869408
worker_2,344,1788086959.302961,50,8.062938,7.793184
worker_2,345,1788086959.311073,50,7.968956,7.843712
worker_2,346,1788086959.319069,50,8.064418,7.791648
worker_2,347,1788086959.327183,50,7.992417,7.850304
worker_2,348,1788086959.335202,50,8.062096,7.787904
worker_2,349,1788086959.343317,50,7.983484,7.854272
worker_2,350,1788086959.351329,50,8.087179,7.815680
worker_2,351,1788086959.359466,50,8.094900,7.968224
worker_2,352,1788086959.367586,50,7.817741,7.551264
worker_2,353,1788086959.375453,50,7.885519,7.759328
worker_2,354,1788086959.383365,50,7.834279,7.567744
worker_2,355,1788086959.391247,50,8.015400,7.891328
worker_2,356,1788086959.399288,50,8.048206,7.780704
worker_2,357,1788086959.407386,50,8.037344,7.913856
worker_2,358,1788086959.415450,50,8.017085,7.747040
worker_2,359,1788086959.423516,50,7.992261,7.869120
worker_2,360,1788086959.431536,50,8.053531,7.782368
worker_2,361,1788086959.439650,50,8.009910,7.882912
worker_2,362,1788086959.447688,50,8.033789,7.761408
worker_2,363,1788086959.455771,50,8.019603,7.878208
worker_2,364,1788086959.463818,50,8.000733,7.724160
worker_2,365,1788086959.471870,50,7.750889,7.620864
worker_2,366,1788086959.479648,50,7.721398,7.445056
worker_2,367,1788086959.487421,50,7.684795,7.557120
worker_2,368,1788086959.495132,50,8.016947,7.744864
worker_2,369,1788086959.503199,50,8.027483,7.904160
worker_2,370,1788086959.511251,50,8.019761,7.747552
worker_2,371,1788086959.519320,50,7.982790,7.856448
worker_2,372,1788086959.527330,50,8.052808,7.776992
worker_2,373,1788086959.535431,50,8.015132,7.887936
worker_2,374,1788086959.543474,50,8.119559,7.699840
worker_2,375,1788086959.551643,50,7.898853,7.660320
worker_2,376,1788086959.559567,50,7.731510,7.376864
worker_2,377,1788086959.567347,50,8.025872,7.754112
worker_2,378,1788086959.575398,50,7.891427,7.610336
worker_2,379,1788086959.583337,50,7.996418,7.709312
worker_2,380,1788086959.591367,50,7.943835,7.655360
worker_2,381,1788086959.599363,50,7.990651,7.865472
worker_2,382,1788086959.607381,50,8.005086,7.733696
worker_2,383,1788086959.615436,50,8.080207,7.955904
worker_2,384,1788086959.623543,50,7.957510,7.685664
worker_2,385,1788086959.631551,50,8.095243,7.969824
worker_2,386,1788086959.639676,50,8.134754,7.865952
worker_2,387,1788086959.647862,50,7.979345,7.853984
worker_2,388,1788086959.655869,50,7.922686,7.650112
worker_2,389,1788086959.663842,50,7.849566,7.723328
worker_2,390,1788086959.671718,50,7.711453,7.648992
worker_2,391,1788086959.679452,50,7.756462,7.704960
worker_2,392,1788086959.687227,50,7.820899,7.773408
worker_2,393,1788086959.695066,50,7.772925,7.726592
worker_2,394,1788086959.702855,50,7.813926,7.768064
worker_2,395,1788086959.710686,50,7.779037,7.719072
worker_2,396,1788086959.718482,50,7.818796,7.773728
worker_2,397,1788086959.726318,50,7.779546,7.734976
worker_2,398,1788086959.734113,50,7.809417,7.763360
worker_2,399,1788086959.741938,50,7.778000,7.733280
worker_2,400,1788086959.749741,50,7.777908,7.730048
worker_2,401,1788086959.757538,50,7.814306,7.767744
worker_2,402,1788086959.765371,50,7.827093,7.779936
worker_2,403,1788086959.773214,50,8.009798,7.745728
worker_2,404,1788086959.781277,50,8.230577,7.893888
worker_2,405,1788086959.789559,50,8.153753,7.818304
worker_2,406,1788086959.797761,50,8.309487,7.976608
worker_2,407,1788086959.806119,50,8.212671,7.877152
worker_2,408,1788086959.814380,50,7.990410,7.652960
worker_2,409,1788086959.822417,50,8.064233,7.734528
worker_2,410,1788086959.830528,50,7.896103,7.564032
worker_2,411,1788086959.838474,50,8.273069,7.923840
worker_2,412,1788086959.846795,50,8.187216,7.853472
worker_2,413,1788086959.855031,50,8.010521,7.680480
worker_2,414,1788086959.863091,50,8.057873,7.722400
worker_2,415,1788086959.871198,50,8.015150,7.678816
worker_2,416,1788086959.879262,50,7.853491,7.723040
worker_2,417,1788086959.887143,50,8.010242,7.738464
worker_2,418,1788086959.895205,50,8.011410,7.886176
worker_2,419,1788086959.903256,50,8.001076,7.733664
worker_2,420,1788086959.911306,50,8.008697,7.879488
worker_2,421,1788086959.919341,50,8.056957,7.787616
worker_2,422,1788086959.927447,50,7.967678,7.842016
worker_2,423,1788086959.935439,50,8.048669,7.782016
worker_2,424,1788086959.943537,50,7.825584,7.700480
worker_2,425,1788086959.951387,50,7.667490,7.401824
worker_2,426,1788086959.959103,50,7.692824,7.570752
worker_2,427,1788086959.966820,50,7.848472,7.564992
worker_2,428,1788086959.974716,50,7.939640,7.815488
worker_2,429,1788086959.982681,50,7.760352,7.707648
worker_2,430,1788086959.990459,50,8.033317,7.773216
worker_2,431,1788086959.998543,50,8.009733,7.882592
worker_2,432,1788086960.006578,50,8.128077,7.856384
worker_2,433,1788086960.014756,50,7.809083,7.687296
worker_2,434,1788086960.022592,50,8.012835,7.744352
worker_2,435,1788086960.030655,50,7.984456,7.861088
worker_2,436,1788086960.038664,50,8.070298,7.785152
worker_2,437,1788086960.046784,50,7.999428,7.875648
worker_2,438,1788086960.054811,50,7.892659,7.611136
worker_2,439,1788086960.062774,50,7.825427,7.700288
worker_2,440,1788086960.070627,50,7.775602,7.504000
worker_2,441,1788086960.078451,50,7.866834,7.743232
worker_2,442,1788086960.086344,50,8.010326,7.737472
worker_2,443,1788086960.094405,50,7.980363,7.851680
worker_2,444,1788086960.102411,50,8.009234,7.739008
worker_2,445,1788086960.110470,50,8.090966,7.962656
worker_2,446,1788086960.118588,50,8.128096,7.853856
worker_2,447,1788086960.126768,50,7.938242,7.812096
worker_2,448,1788086960.134732,50,8.026484,7.749856
worker_2,449,1788086960.142807,50,7.867807,7.745120
worker_2,450,1788086960.150701,50,7.729362,7.447872
worker_2,451,1788086960.158478,50,7.702971,7.577792
worker_2,452,1788086960.166208,50,7.626990,7.574016
worker_2,453,1788086960.173853,50,7.602351,7.555072
worker_2,454,1788086960.181472,50,7.772723,7.726272
worker_2,455,1788086960.189261,50,7.797510,7.751072
worker_2,456,1788086960.197074,50,7.721999,7.674912
worker_2,457,1788086960.204814,50,7.742184,7.695776
worker_2,458,1788086960.212588,50,7.763269,7.716960
worker_2,459,1788086960.220368,50,7.722519,7.674208
worker_2,460,1788086960.228107,50,7.551711,7.503488
worker_2,461,1788086960.235676,50,7.638916,7.591072
worker_2,462,1788086960.243331,50,7.766889,7.719776
worker_2,463,1788086960.251113,50,7.773862,7.469344
worker_2,464,1788086960.259024,50,7.859279,7.734912
worker_2,465,1788086960.266912,50,7.784583,7.725664
worker_2,466,1788086960.274719,50,7.517137,7.468064
worker_2,467,1788086960.282255,50,7.837593,7.790784
worker_2,468,1788086960.290108,50,7.775260,7.724768
worker_2,469,1788086960.297900,50,7.803889,7.756000
worker_2,470,1788086960.305721,50,7.813343,7.765248
worker_2,471,1788086960.313552,50,8.108938,7.847200
worker_2,472,1788086960.321714,50,8.240180,7.862144
worker_2,473,1788086960.330002,50,8.157161,7.817408
worker_2,474,1788086960.338207,50,8.307106,7.963328
worker_2,475,1788086960.346564,50,7.809492,7.677408
worker_2,476,1788086960.354400,50,7.611545,7.552096
worker_2,477,1788086960.362031,50,7.584296,7.535200
worker_2,478,1788086960.369650,50,7.659611,7.605440
worker_2,479,1788086960.377326,50,7.608721,7.562688
worker_2,480,1788086960.384953,50,7.763120,7.715072
worker_2,481,1788086960.392734,50,7.808638,7.759392
worker_2,482,1788086960.400560,50,7.676870,7.507008
worker_2,483,1788086960.408254,50,7.221088,7.162816
worker_2,484,1788086960.415493,50,7.692425,7.302336
worker_2,485,1788086960.423239,50,8.215161,7.758240
worker_2,486,1788086960.431506,50,8.217392,7.751744
worker_2,487,1788086960.439774,50,8.342458,7.875104
worker_2,488,1788086960.448166,50,7.877417,7.723936
worker_2,489,1788086960.456070,50,7.607156,7.429440
worker_2,490,1788086960.463699,50,7.408506,7.354400
worker_2,491,1788086960.471126,50,7.599693,7.551904
worker_2,492,1788086960.478745,50,7.742491,7.693472
worker_2,493,1788086960.486506,50,7.595618,7.547616
worker_2,494,1788086960.494120,50,7.811279,7.762496
worker_2,495,1788086960.501947,50,7.898334,7.849792
worker_2,496,1788086960.509863,50,7.980029,7.719648
worker_2,497,1788086960.517906,50,8.184855,7.849088
worker_2,498,1788086960.526141,50,8.222977,7.892576
worker_2,499,1788086960.534412,50,8.213022,7.882560
worker_2,500,1788086960.542673,50,8.074105,7.801472
worker_2,501,1788086960.550772,50,7.856011,7.685024
worker_2,502,1788086960.558648,50,7.658638,7.532416
worker_2,503,1788086960.566324,50,7.636165,7.470720
worker_2,504,1788086960.573979,50,7.627118,7.515360
worker_2,505,1788086960.581623,50,7.506406,7.340128
worker_2,506,1788086960.589145,50,7.701203,7.634368
worker_2,507,1788086960.596864,50,7.844529,7.681568
worker_2,508,1788086960.604726,50,7.463488,7.408992
worker_2,509,1788086960.612205,50,7.878185,7.598304
worker_2,510,1788086960.620134,50,8.264125,7.916480
worker_2,511,1788086960.628448,50,8.168864,7.837728
worker_2,512,1788086960.636666,50,8.304356,7.968544
worker_2,513,1788086960.645018,50,8.201448,7.871488
worker_2,514,1788086960.653266,50,8.068846,7.947552
worker_2,515,1788086960.661360,50,7.650703,7.597600
worker_2,516,1788086960.669034,50,7.602331,7.555008
worker_2,517,1788086960.676661,50,7.602536,7.555104
worker_2,518,1788086960.684280,50,7.715277,7.669952
worker_2,519,1788086960.692013,50,7.766147,7.718176
worker_2,520,1788086960.699796,50,7.831250,7.783520
worker_2,521,1788086960.707646,50,7.801658,7.755104
worker_2,522,1788086960.715465,50,8.036974,7.767104
worker_2,523,1788086960.723553,50,8.189290,7.857696
worker_2,524,1788086960.731792,50,8.273846,7.937216
worker_2,525,1788086960.740114,50,8.066094,7.724512
worker_2,526,1788086960.748245,50,7.766741,7.637568
worker_2,527,1788086960.756037,50,7.647573,7.592288
worker_2,528,1788086960.763706,50,7.620739,7.574208
worker_2,529,1788086960.771343,50,7.593748,7.548000
worker_2,530,1788086960.778953,50,7.638767,7.592672
worker_2,531,1788086960.786608,50,7.663777,7.617696
worker_2,532,1788086960.794288,50,7.808907,7.761408
worker_2,533,1788086960.802112,50,7.638879,7.593120
worker_2,534,1788086960.809766,50,7.600648,7.547680
worker_2,535,1788086960.817389,50,7.915084,7.656128
worker_2,536,1788086960.825377,50,7.983844,7.650944
worker_2,537,1788086960.833409,50,8.157439,7.826336
worker_2,538,1788086960.841615,50,8.187429,7.840032
worker_2,539,1788086960.849851,50,8.261180,7.928992
worker_2,540,1788086960.858164,50,8.011039,7.676032
worker_2,541,1788086960.866223,50,8.013252,7.679136
worker_2,542,1788086960.874285,50,7.993529,7.655840
worker_2,543,1788086960.882328,50,8.224096,7.895264
worker_2,544,1788086960.890602,50,8.266912,7.936000
worker_2,545,1788086960.898917,50,8.192809,7.863680
worker_2,546,1788086960.907159,50,8.202809,7.868832
worker_2,547,1788086960.915411,50,8.017752,7.892480
worker_2,548,1788086960.923453,50,8.043474,7.778912
worker_2,549,1788086960.931544,50,8.022234,7.899456
worker_2,550,1788086960.939591,50,7.891974,7.626144
worker_2,551,1788086960.947531,50,7.976502,7.854400
worker_2,552,1788086960.955533,50,7.972150,7.704416
worker_2,553,1788086960.963555,50,7.872946,7.749024
worker_2,554,1788086960.971456,50,7.649907,7.371872
worker_2,555,1788086960.979155,50,7.819491,7.698304
worker_2,556,1788086960.987015,50,8.111077,7.846400
worker_2,557,1788086960.995176,50,8.023817,7.898240
worker_2,558,1788086961.003226,50,8.163457,7.896832
worker_2,559,1788086961.011439,50,7.939724,7.815424
worker_2,560,1788086961.019406,50,8.112652,7.842624
worker_2,561,1788086961.027567,50,7.980864,7.855648
worker_2,562,1788086961.035574,50,8.089613,7.780576
worker_2,563,1788086961.043713,50,7.806482,7.682624
worker_2,564,1788086961.051547,50,7.952956,7.681152
worker_2,565,1788086961.059551,50,7.813148,7.688384
worker_2,566,1788086961.067390,50,7.827936,7.557664
worker_2,567,1788086961.075269,50,7.794417,7.671136
worker_2,568,1788086961.083091,50,7.873936,7.603104
worker_2,569,1788086961.091014,50,8.020705,7.894112
worker_2,570,1788086961.099062,50,8.056855,7.772928
worker_2,571,1788086961.107169,50,8.022289,7.899008
worker_2,572,1788086961.115219,50,8.134965,7.855776
worker_2,573,1788086961.123402,50,8.087928,7.957664
worker_2,574,1788086961.131517,50,8.137076,7.865344
worker_2,575,1788086961.139718,50,7.934362,7.808832
worker_2,576,1788086961.147679,50,8.024956,7.751488
worker_2,577,1788086961.155754,50,7.990992,7.858048
worker_2,578,1788086961.163775,50,7.473868,7.415680
worker_2,579,1788086961.171270,50,7.633073,7.584896
worker_2,580,1788086961.178923,50,7.591869,7.545504
worker_2,581,1788086961.186533,50,7.721175,7.676448
worker_2,582,1788086961.194271,50,7.615156,7.568896
worker_2,583,1788086961.201904,50,7.420044,7.375424
worker_2,584,1788086961.209342,50,7.565387,7.519552
worker_2,585,1788086961.216923,50,7.406127,7.359680
worker_2,586,1788086961.224347,50,7.574341,7.511136
worker_2,587,1788086961.231937,50,7.502563,7.449760
worker_2,588,1788086961.239457,50,7.604759,7.551136
worker_2,589,1788086961.247079,50,7.802741,7.753280
worker_2,590,1788086961.254899,50,7.850612,7.796704
worker_2,591,1788086961.262767,50,7.669249,7.618848
worker_2,592,1788086961.270456,50,7.777481,7.728704
worker_2,593,1788086961.278250,50,7.886668,7.621152
worker_2,594,1788086961.286190,50,8.215494,7.875424
worker_2,595,1788086961.294468,50,7.800843,7.679008
worker_2,596,1788086961.302296,50,7.800500,7.741888
worker_2,597,1788086961.310120,50,7.864825,7.812032
worker_2,598,1788086961.318003,50,7.623268,7.571200
worker_2,599,1788086961.325643,50,7.794713,7.748288
worker_2,600,1788086961.333454,50,7.583933,7.535264
worker_2,601,1788086961.341055,50,7.857981,7.811136
worker_2,602,1788086961.348930,50,7.547535,7.485824
worker_2,603,1788086961.356493,50,7.859705,7.593856
worker_2,604,1788086961.364403,50,7.666796,7.535328
worker_2,605,1788086961.372097,50,7.527672,7.468096
worker_2,606,1788086961.379645,50,7.606498,7.556160
worker_2,607,1788086961.387270,50,7.446784,7.397088
worker_2,608,1788086961.394735,50,7.561888,7.514816
worker_2,609,1788086961.402313,50,7.860546,7.598720
worker_2,610,1788086961.410224,50,7.842407,7.718080
worker_2,611,1788086961.418092,50,7.627573,7.568672
worker_2,612,1788086961.425742,50,7.631517,7.583808
worker_2,613,1788086961.433391,50,7.818805,7.768864
worker_2,614,1788086961.441241,50,7.756406,7.708160
worker_2,615,1788086961.449014,50,7.894927,7.848608
worker_2,616,1788086961.456928,50,7.993344,7.728768
worker_2,617,1788086961.464971,50,7.760823,7.634048
worker_2,618,1788086961.472841,50,7.658508,7.584896
worker_2,619,1788086961.480522,50,7.598861,7.546304
worker_2,620,1788086961.488142,50,7.633517,7.583680
worker_2,621,1788086961.495794,50,7.622665,7.575840
worker_2,622,1788086961.503433,50,7.695333,7.433600
worker_2,623,1788086961.511178,50,7.915946,7.794304
worker_2,624,1788086961.519121,50,7.742417,7.685696
worker_2,625,1788086961.526883,50,7.583749,7.535008
worker_2,626,1788086961.534487,50,7.627749,7.577152
worker_2,627,1788086961.542132,50,7.696852,7.498976
worker_2,628,1788086961.549845,50,7.557017,7.505536
worker_2,629,1788086961.557420,50,7.587757,7.535648
worker_2,630,1788086961.565027,50,7.460119,7.407840
worker_2,631,1788086961.572504,50,7.389200,7.340224
worker_2,632,1788086961.579910,50,7.546147,7.498720
worker_2,633,1788086961.587473,50,7.724721,7.465312
worker_2,634,1788086961.595262,50,8.026632,7.688160
worker_2,635,1788086961.603339,50,7.785315,7.662784
worker_2,636,1788086961.611151,50,7.652879,7.598848
worker_2,637,1788086961.618824,50,7.607786,7.559616
worker_2,638,1788086961.626450,50,7.555516,7.506688
worker_2,639,1788086961.634023,50,7.599102,7.547712
worker_2,640,1788086961.641638,50,7.813194,7.766400
worker_2,641,1788086961.649467,50,7.512247,7.465056
worker_2,642,1788086961.656996,50,8.019826,7.761248
worker_2,643,1788086961.665065,50,8.044928,7.714976
worker_2,644,1788086961.673159,50,8.181689,7.841088
worker_2,645,1788086961.681390,50,8.059808,7.726688
worker_2,646,1788086961.689499,50,8.036734,7.911808
worker_2,647,1788086961.697565,50,7.620035,7.562368
worker_2,648,1788086961.705206,50,7.776278,7.728224
worker_2,649,1788086961.713000,50,7.573665,7.526560
worker_2,650,1788086961.720593,50,7.754899,7.691680
worker_2,651,1788086961.728366,50,7.589137,7.543872
worker_2,652,1788086961.735973,50,7.822446,7.770720
worker_2,653,1788086961.743821,50,7.602683,7.552064
worker_2,654,1788086961.751441,50,8.028160,7.762528
worker_2,655,1788086961.759521,50,7.873612,7.539968
worker_2,656,1788086961.767444,50,8.199633,7.864896
worker_2,657,1788086961.775693,50,7.834852,7.503968
worker_2,658,1788086961.783579,50,7.985325,7.861504
worker_2,659,1788086961.791592,50,7.449080,7.391296
worker_2,660,1788086961.799059,50,7.593387,7.539840
worker_2,661,1788086961.806674,50,7.503739,7.434400
worker_2,662,1788086961.814203,50,7.561276,7.488256
worker_2,663,1788086961.821784,50,7.425525,7.380256
worker_2,664,1788086961.829228,50,7.677129,7.627712
worker_2,665,1788086961.836923,50,7.631749,7.585152
worker_2,666,1788086961.844573,50,7.624970,7.565792
worker_2,667,1788086961.852231,50,7.835260,7.574080
worker_2,668,1788086961.860117,50,7.961567,7.787520
worker_2,669,1788086961.868117,50,7.821602,7.696064
worker_2,670,1788086961.875972,50,7.673370,7.591296
worker_2,671,1788086961.883673,50,7.755001,7.694048
worker_2,672,1788086961.891448,50,7.857315,7.808320
worker_2,673,1788086961.899340,50,7.745833,7.691264
worker_2,674,1788086961.907106,50,7.842048,7.796096
worker_2,675,1788086961.914966,50,7.815695,7.769152
worker_2,676,1788086961.922799,50,7.823908,7.776928
worker_2,677,1788086961.930638,50,7.660388,7.613984
worker_2,678,1788086961.938315,50,7.787880,7.734560
worker_2,679,1788086961.946119,50,7.691703,7.633632
worker_2,680,1788086961.953832,50,7.684833,7.623936
worker_2,681,1788086961.961539,50,7.677889,7.626208
worker_2,682,1788086961.969238,50,7.980409,7.693088
worker_2,683,1788086961.977268,50,8.278893,7.915968
worker_2,684,1788086961.985598,50,8.036660,7.705088
worker_2,685,1788086961.993685,50,7.926992,7.802816
worker_2,686,1788086962.001640,50,7.734825,7.681312
worker_2,687,1788086962.009396,50,7.832343,7.783488
worker_2,688,1788086962.017246,50,7.637276,7.589376
worker_2,689,1788086962.024899,50,7.782815,7.725920
worker_2,690,1788086962.032699,50,7.478933,7.426528
worker_2,691,1788086962.040196,50,7.757389,7.694336
worker_2,692,1788086962.047970,50,7.569536,7.520544
worker_2,693,1788086962.055557,50,7.785870,7.508480
worker_2,694,1788086962.063411,50,8.141225,7.800416
worker_2,695,1788086962.071604,50,8.200012,7.851872
worker_2,696,1788086962.079854,50,8.016705,7.670208
worker_2,697,1788086962.087920,50,8.233133,7.890240
worker_2,698,1788086962.096202,50,7.844852,7.706496
worker_2,699,1788086962.104074,50,7.803741,7.747872
worker_2,700,1788086962.111900,50,7.640434,7.592096
worker_2,701,1788086962.119560,50,7.782842,7.734912
worker_2,702,1788086962.127361,50,7.587211,7.541888
worker_2,703,1788086962.134966,50,7.767111,7.719840
worker_2,704,1788086962.142751,50,7.538516,7.491776
worker_2,705,1788086962.150306,50,7.784917,7.738816
worker_2,706,1788086962.158108,50,7.724546,7.457856
worker_2,707,1788086962.165885,50,8.047419,7.708416
worker_2,708,1788086962.173982,50,7.844686,7.512448
worker_2,709,1788086962.181876,50,8.069355,7.736704
worker_2,710,1788086962.189994,50,7.773806,7.442240
worker_2,711,1788086962.197816,50,7.856908,7.733216
worker_2,712,1788086962.205698,50,7.420173,7.363488
worker_2,713,1788086962.213137,50,7.565007,7.517856
worker_2,714,1788086962.220724,50,7.627879,7.576064
worker_2,715,1788086962.228369,50,7.617573,7.572000
worker_2,716,1788086962.236002,50,7.759620,7.711200
worker_2,717,1788086962.243779,50,7.762018,7.715520
worker_2,718,1788086962.251557,50,7.424997,7.377504
worker_2,719,1788086962.258999,50,7.644583,7.600704
worker_2,720,1788086962.266659,50,7.606748,7.559744
worker_2,721,1788086962.274283,50,7.664861,7.615104
worker_2,722,1788086962.281964,50,7.597462,7.549696
worker_2,723,1788086962.289578,50,7.819010,7.771392
worker_2,724,1788086962.297413,50,7.857621,7.596320
worker_2,725,1788086962.305320,50,8.263708,7.929760
worker_2,726,1788086962.313636,50,8.046651,7.713696
worker_2,727,1788086962.321733,50,8.219291,7.887680
worker_2,728,1788086962.330002,50,8.012789,7.676224
worker_2,729,1788086962.338064,50,8.193790,7.861440
worker_2,730,1788086962.346307,50,7.911501,7.586176
worker_2,731,1788086962.354267,50,8.098300,7.767648
worker_2,732,1788086962.362414,50,7.987234,7.642336
worker_2,733,1788086962.370466,50,7.991733,7.656992
worker_2,734,1788086962.378505,50,7.825742,7.697888
worker_2,735,1788086962.386358,50,7.600693,7.544064
worker_2,736,1788086962.393977,50,7.687722,7.637952
worker_2,737,1788086962.401681,50,7.839037,7.791456
worker_2,738,1788086962.409538,50,7.451980,7.404608
worker_2,739,1788086962.417006,50,7.999799,7.732288
worker_2,740,1788086962.425058,50,8.047854,7.701184
worker_2,741,1788086962.433156,50,7.993622,7.642176
worker_2,742,1788086962.441199,50,8.165318,7.827008
worker_2,743,1788086962.449414,50,7.884335,7.551072
worker_2,744,1788086962.457348,50,8.206754,7.877408
worker_2,745,1788086962.465601,50,8.241570,7.907648
worker_2,746,1788086962.473893,50,8.092882,7.755712
worker_2,747,1788086962.482035,50,8.172985,7.841920
worker_2,748,1788086962.490258,50,8.230671,7.896768
worker_2,749,1788086962.498536,50,8.205003,7.871264
worker_2,750,1788086962.506790,50,7.852409,7.725760
worker_2,751,1788086962.514670,50,8.095541,7.824288
worker_2,752,1788086962.522816,50,7.196495,7.069344
worker_2,753,1788086962.530053,50,7.958409,7.677120
worker_2,754,1788086962.538060,50,7.907853,7.781024
worker_2,755,1788086962.545993,50,8.050928,7.603616
worker_2,756,1788086962.554095,50,7.680036,7.408128
worker_2,757,1788086962.561801,50,7.733176,7.398240
worker_2,758,1788086962.569586,50,7.664008,7.394944
worker_2,759,1788086962.577276,50,7.783732,7.362016
worker_2,760,1788086962.585112,50,7.687768,7.407072
worker_2,761,1788086962.592828,50,7.770741,7.425376
worker_2,762,1788086962.600651,50,7.203023,6.931904
worker_2,763,1788086962.607880,50,8.018030,7.565088
worker_2,764,1788086962.615950,50,7.685732,7.559072
worker_2,765,1788086962.623660,50,7.576535,7.523104
worker_2,766,1788086962.631259,50,7.269958,7.222112
worker_2,767,1788086962.638545,50,7.723352,7.674592
worker_2,768,1788086962.646286,50,7.559091,7.511104
worker_2,769,1788086962.653862,50,7.742203,7.688160
worker_2,770,1788086962.661622,50,8.056484,7.798144
worker_2,771,1788086962.669729,50,8.111928,7.781344
worker_2,772,1788086962.678007,50,8.039086,7.705632
worker_2,773,1788086962.686095,50,8.209420,7.874848
worker_2,774,1788086962.694354,50,8.105873,7.762432
worker_2,775,1788086962.702509,50,8.194087,7.854560
worker_2,776,1788086962.710752,50,8.108586,7.768992
worker_2,777,1788086962.718910,50,8.235393,7.888128
worker_2,778,1788086962.727195,50,8.059456,7.727392
worker_2,779,1788086962.735303,50,8.155160,7.822528
worker_2,780,1788086962.743507,50,7.586610,7.460960
worker_2,781,1788086962.751122,50,7.879520,7.607200
worker_2,782,1788086962.759050,50,7.503684,7.375072
worker_2,783,1788086962.766580,50,7.619277,7.564288
worker_2,784,1788086962.774220,50,7.743778,7.480128
worker_2,785,1788086962.782014,50,7.866797,7.733472
worker_2,786,1788086962.789910,50,7.899195,7.630688
worker_2,787,1788086962.797859,50,7.912843,7.791040
worker_2,788,1788086962.805800,50,7.919909,7.650400
worker_2,789,1788086962.813771,50,7.664527,7.542048
worker_2,790,1788086962.821463,50,7.654443,7.372128
worker_2,791,1788086962.829170,50,7.643258,7.367680
worker_2,792,1788086962.836856,50,7.633804,7.204928
worker_2,793,1788086962.844540,50,7.837880,7.681056
worker_2,794,1788086962.852406,50,7.837464,7.404512
worker_2,795,1788086962.860293,50,6.673926,6.401504
worker_2,796,1788086962.866993,50,7.428636,6.983072
worker_2,797,1788086962.874473,50,7.601396,7.475456
worker_2,798,1788086962.882101,50,8.057781,7.781664
worker_2,799,1788086962.890211,50,7.873955,7.746048
worker_2,800,1788086962.898112,50,8.008688,7.737696
worker_2,801,1788086962.906173,50,7.811158,7.681472
worker_2,802,1788086962.914012,50,8.020261,7.746496
worker_2,803,1788086962.922083,50,7.684805,7.556256
worker_2,804,1788086962.929795,50,8.019901,7.746368
worker_2,805,1788086962.937867,50,7.804870,7.679776
worker_2,806,1788086962.945700,50,8.034206,7.765344
worker_2,807,1788086962.953783,50,7.930289,7.811744
worker_2,808,1788086962.961740,50,7.814816,7.547200
worker_2,809,1788086962.969604,50,8.028308,7.890048
worker_2,810,1788086962.977659,50,7.732056,7.463936
worker_2,811,1788086962.985457,50,7.999576,7.872288
worker_2,812,1788086962.993485,50,7.666287,7.390592
worker_2,813,1788086963.001201,50,7.969001,7.838400
worker_2,814,1788086963.009197,50,7.844640,7.572576
worker_2,815,1788086963.017092,50,8.007836,7.881824
worker_2,816,1788086963.025128,50,7.624351,7.351904
worker_2,817,1788086963.032804,50,7.972836,7.848576
worker_2,818,1788086963.040807,50,7.698971,7.428800
worker_2,819,1788086963.048557,50,7.852001,7.728704
worker_2,820,1788086963.056435,50,7.468247,7.408448
worker_2,821,1788086963.063923,50,7.804964,7.752032
worker_2,822,1788086963.071747,50,7.741795,7.694720
worker_2,823,1788086963.079506,50,7.547563,7.500416
worker_2,824,1788086963.087075,50,7.553026,7.504288
worker_2,825,1788086963.094646,50,7.458738,7.398080
worker_2,826,1788086963.102123,50,7.768065,7.721120
worker_2,827,1788086963.109909,50,7.595064,7.548864
worker_2,828,1788086963.117522,50,7.864305,7.816256
worker_2,829,1788086963.125402,50,7.465971,7.416992
worker_2,830,1788086963.132885,50,7.634278,7.585984
worker_2,831,1788086963.140546,50,7.645296,7.378944
worker_2,832,1788086963.148257,50,8.138181,7.804064
worker_2,833,1788086963.156444,50,7.807722,7.456000
worker_2,834,1788086963.164304,50,8.207161,7.854912
worker_2,835,1788086963.172560,50,8.038206,7.683840
worker_2,836,1788086963.180653,50,8.009623,7.653120
worker_2,837,1788086963.188715,50,7.837168,7.481920
worker_2,838,1788086963.196606,50,8.018262,7.660544
worker_2,839,1788086963.204676,50,7.340396,7.002912
worker_2,840,1788086963.212065,50,8.239004,7.892000
worker_2,841,1788086963.220355,50,7.994373,7.637056
worker_2,842,1788086963.228401,50,8.266180,7.928480
worker_2,843,1788086963.236716,50,8.213651,7.881344
worker_2,844,1788086963.244978,50,8.147726,7.819392
worker_2,845,1788086963.253176,50,8.228624,7.900160
worker_2,846,1788086963.261454,50,7.996085,7.869696
worker_2,847,1788086963.269476,50,7.823232,7.766752
worker_2,848,1788086963.277320,50,7.772231,7.725056
worker_2,849,1788086963.285109,50,7.757019,7.710656
worker_2,850,1788086963.292898,50,7.622749,7.576672
worker_2,851,1788086963.300539,50,7.559572,7.511680
worker_2,852,1788086963.308115,50,7.600248,7.551904
worker_2,853,1788086963.315733,50,7.816834,7.768960
worker_2,854,1788086963.323568,50,7.641573,7.593984
worker_2,855,1788086963.331228,50,7.589397,7.539904
worker_2,856,1788086963.338835,50,7.360923,7.314144
worker_2,857,1788086963.346214,50,7.627712,7.354528
worker_2,858,1788086963.353890,50,7.693251,7.368064
worker_2,859,1788086963.361633,50,7.937659,7.604480
worker_2,860,1788086963.369621,50,8.017021,7.682624
worker_2,861,1788086963.377690,50,7.923057,7.572416
worker_2,862,1788086963.385663,50,8.080409,7.741824
worker_2,863,1788086963.393795,50,8.202921,7.853280
worker_2,864,1788086963.402047,50,8.231884,7.899264
worker_2,865,1788086963.410327,50,8.141087,7.809312
worker_2,866,1788086963.418516,50,7.742583,7.621440
worker_2,867,1788086963.426283,50,7.487432,7.436512
worker_2,868,1788086963.433790,50,7.676056,7.631264
worker_2,869,1788086963.441483,50,7.205356,7.159520
worker_2,870,1788086963.448722,50,7.807741,7.758272
worker_2,871,1788086963.456547,50,7.768481,7.720608
worker_2,872,1788086963.464332,50,7.367932,7.316928
worker_2,873,1788086963.471716,50,7.581655,7.522624
worker_2,874,1788086963.479315,50,7.574387,7.304640
worker_2,875,1788086963.486942,50,7.818111,7.471456
worker_2,876,1788086963.494811,50,7.690286,7.558528
worker_2,877,1788086963.502529,50,7.621351,7.564736
worker_2,878,1788086963.510169,50,7.706546,7.659040
worker_2,879,1788086963.517893,50,7.595693,7.542464
worker_2,880,1788086963.525506,50,7.710453,7.661504
worker_2,881,1788086963.533233,50,7.616277,7.567232
worker_2,882,1788086963.540867,50,8.018187,7.607264
worker_2,883,1788086963.548933,50,8.119262,7.730560
worker_2,884,1788086963.557102,50,7.940732,7.578368
worker_2,885,1788086963.565092,50,8.146577,7.707872
worker_2,886,1788086963.573290,50,7.942215,7.493472
worker_2,887,1788086963.581280,50,8.085697,7.643488
worker_2,888,1788086963.589414,50,8.053696,7.723840
worker_2,889,1788086963.597531,50,8.039012,7.624832
worker_2,890,1788086963.605619,50,8.268597,7.793056
worker_2,891,1788086963.613936,50,7.895890,7.477024
worker_2,892,1788086963.621880,50,7.997835,7.590496
worker_2,893,1788086963.629928,50,7.964132,7.636224
worker_2,894,1788086963.637940,50,8.228301,7.899456
worker_2,895,1788086963.646216,50,7.935353,7.603776
worker_2,896,1788086963.654200,50,8.197855,7.868256
worker_2,897,1788086963.662446,50,7.373395,7.040576
worker_2,898,1788086963.669868,50,8.187558,7.854080
worker_2,899,1788086963.678105,50,7.975771,7.642144
worker_2,900,1788086963.686131,50,8.011392,7.885248
worker_2,901,1788086963.694171,50,7.488915,7.430240
worker_2,902,1788086963.701679,50,7.808731,7.762560
worker_2,903,1788086963.709505,50,7.455739,7.410240
worker_2,904,1788086963.716977,50,7.698934,7.648544
worker_2,905,1788086963.724694,50,7.352367,7.278368
worker_2,906,1788086963.732064,50,7.549452,7.503296
worker_2,907,1788086963.739630,50,7.511989,7.465536
worker_2,908,1788086963.747159,50,7.776204,7.517888
worker_2,909,1788086963.755000,50,8.124244,7.802784
worker_2,910,1788086963.763173,50,8.083826,7.756960
worker_2,911,1788086963.771305,50,7.964428,7.642304
worker_2,912,1788086963.779319,50,8.187245,7.849312
worker_2,913,1788086963.787556,50,7.743269,7.414368
worker_2,914,1788086963.795349,50,8.016808,7.693824
worker_2,915,1788086963.803414,50,7.982030,7.650944
worker_2,916,1788086963.811448,50,8.017399,7.685728
worker_2,917,1788086963.819514,50,8.024420,7.690432
worker_2,918,1788086963.827589,50,8.061947,7.717952
worker_2,919,1788086963.835703,50,7.720704,7.380608
worker_2,920,1788086963.843475,50,7.966659,7.836992
worker_2,921,1788086963.851473,50,7.561304,7.488960
worker_2,922,1788086963.859054,50,7.622815,7.574944
worker_2,923,1788086963.866697,50,7.428192,7.383680
worker_2,924,1788086963.874142,50,7.598620,7.553376
worker_2,925,1788086963.881758,50,7.400098,7.354592
worker_2,926,1788086963.889260,50,7.628647,7.574624
worker_2,927,1788086963.896909,50,7.634694,7.587168
worker_2,928,1788086963.904573,50,7.485248,7.436032
worker_2,929,1788086963.912077,50,7.811111,7.763616
worker_2,930,1788086963.919905,50,7.642157,7.592576
worker_2,931,1788086963.927564,50,7.508267,7.460480
worker_2,932,1788086963.935091,50,7.783398,7.736160
worker_2,933,1788086963.942893,50,7.931373,7.672992
worker_2,934,1788086963.950873,50,8.140753,7.812288
worker_2,935,1788086963.959064,50,7.997400,7.597248
worker_2,936,1788086963.967113,50,8.124818,7.700288
worker_2,937,1788086963.975286,50,7.653583,7.261312
worker_2,938,1788086963.982991,50,8.259393,7.793664
worker_2,939,1788086963.991304,50,7.864456,7.503392
worker_2,940,1788086963.999220,50,7.959669,7.609184
worker_2,941,1788086964.007231,50,7.914641,7.576704
worker_2,942,1788086964.015193,50,8.047585,7.711136
worker_2,943,1788086964.023290,50,7.964668,7.627520
worker_2,944,1788086964.031305,50,8.018687,7.679040
worker_2,945,1788086964.039374,50,7.132327,7.003200
worker_2,946,1788086964.046534,50,7.376412,7.321760
worker_2,947,1788086964.053930,50,7.017763,6.968288
worker_2,948,1788086964.060978,50,7.615073,7.552448
worker_2,949,1788086964.068612,50,7.423664,7.374816
worker_2,950,1788086964.076054,50,7.837872,7.791584
worker_2,951,1788086964.083909,50,7.458969,7.413536
worker_2,952,1788086964.091386,50,7.813214,7.767168
worker_2,953,1788086964.099216,50,7.633118,7.586688
worker_2,954,1788086964.106868,50,7.814111,7.768128
worker_2,955,1788086964.114699,50,7.688739,7.641472
worker_2,956,1788086964.122405,50,7.623935,7.577216
worker_2,957,1788086964.130046,50,7.544359,7.495136
worker_2,958,1788086964.137608,50,7.275218,7.227680
worker_2,959,1788086964.144899,50,7.734491,7.461216
worker_2,960,1788086964.152684,50,7.948594,7.616160
worker_2,961,1788086964.160683,50,8.158290,7.803488
worker_2,962,1788086964.168891,50,7.954168,7.615552
worker_2,963,1788086964.176895,50,8.211004,7.877152
worker_2,964,1788086964.185157,50,7.896418,7.563456
worker_2,965,1788086964.193103,50,8.159688,7.825344
worker_2,966,1788086964.201313,50,7.930492,7.601760
worker_2,967,1788086964.209307,50,8.206586,7.867648
worker_2,968,1788086964.217563,50,8.005780,7.663712
worker_2,969,1788086964.225618,50,8.026789,7.685504
worker_2,970,1788086964.233692,50,7.672341,7.320416
worker_2,971,1788086964.241417,50,7.902797,7.552448
worker_2,972,1788086964.249367,50,7.825445,7.482976
worker_2,973,1788086964.257244,50,8.193782,7.856320
worker_2,974,1788086964.265488,50,8.209606,7.878624
worker_2,975,1788086964.273747,50,8.020715,7.686976
worker_2,976,1788086964.281817,50,7.815714,7.695680
worker_2,977,1788086964.289660,50,7.810362,7.756896
worker_2,978,1788086964.297492,50,7.802806,7.756608
worker_2,979,1788086964.305313,50,7.803732,7.756768
worker_2,980,1788086964.313133,50,7.796917,7.751360
worker_2,981,1788086964.320946,50,7.469211,7.423040
worker_2,982,1788086964.328432,50,7.481831,7.433952
worker_2,983,1788086964.335930,50,7.569213,7.523744
worker_2,984,1788086964.343517,50,7.500655,7.441344
worker_2,985,1788086964.351041,50,7.868009,7.592160
worker_2,986,1788086964.358958,50,7.885779,7.558336
worker_2,987,1788086964.366906,50,7.894232,7.566944
worker_2,988,1788086964.374849,50,7.914900,7.580544
worker_2,989,1788086964.382814,50,7.994429,7.656000
worker_2,990,1788086964.390862,50,7.851121,7.509312
worker_2,991,1788086964.398763,50,8.052872,7.718368
worker_2,992,1788086964.406867,50,7.842667,7.506496
worker_2,993,1788086964.414759,50,8.025548,7.692768
worker_2,994,1788086964.422835,50,7.772130,7.434368
worker_2,995,1788086964.430655,50,7.937326,7.599072
worker_2,996,1788086964.438643,50,7.409256,7.064384
worker_2,997,1788086964.446102,50,7.707083,7.367552
worker_2,998,1788086964.453859,50,8.190180,7.858368
worker_2,999,1788086964.462097,50,7.806389,7.479616
worker_2,1000,1788086964.469953,50,8.019873,7.688128
worker_2,1001,1788086964.478023,50,7.773834,7.649568
worker_2,1002,1788086964.485827,50,7.794278,7.737696
worker_2,1003,1788086964.493640,50,7.602202,7.554240
worker_2,1004,1788086964.501260,50,7.768676,7.722656
worker_2,1005,1788086964.509045,50,7.738509,7.691616
worker_2,1006,1788086964.516813,50,7.813935,7.763712
worker_2,1007,1788086964.524645,50,7.689407,7.641184
worker_2,1008,1788086964.532349,50,7.668620,7.621856
worker_2,1009,1788086964.540035,50,7.995965,7.801440
worker_2,1010,1788086964.548049,50,7.012197,6.894368
worker_2,1011,1788086964.555086,50,7.629017,7.507424
worker_2,1012,1788086964.562735,50,7.431756,7.012064
worker_2,1013,1788086964.570218,50,8.108559,7.626400
worker_2,1014,1788086964.578377,50,7.888131,7.405984
worker_2,1015,1788086964.586313,50,7.958594,7.480864
worker_2,1016,1788086964.594319,50,8.023909,7.535136
worker_2,1017,1788086964.602390,50,7.854583,7.368352
worker_2,1018,1788086964.610294,50,7.726527,7.389312
worker_2,1019,1788086964.618068,50,7.987612,7.494016
worker_2,1020,1788086964.626104,50,7.398514,6.977888
worker_2,1021,1788086964.633551,50,7.832242,7.343072
worker_2,1022,1788086964.641433,50,7.892344,7.554016
worker_2,1023,1788086964.649375,50,7.813918,7.482176
worker_2,1024,1788086964.657237,50,7.231606,6.886656
worker_2,1025,1788086964.664517,50,8.011799,7.680192
worker_2,1026,1788086964.672594,50,7.876233,7.749472
worker_2,1027,1788086964.680497,50,7.813593,7.760896
worker_2,1028,1788086964.688330,50,7.476795,7.429664
worker_2,1029,1788086964.695825,50,7.675212,7.624032
worker_2,1030,1788086964.703518,50,7.696111,7.648224
worker_2,1031,1788086964.711231,50,7.495794,7.449856
worker_2,1032,1788086964.718744,50,7.779324,7.722496
worker_2,1033,1788086964.726538,50,6.920290,6.872608
worker_2,1034,1788086964.733478,50,7.602498,7.555136
worker_2,1035,1788086964.741098,50,7.539452,7.490464
worker_2,1036,1788086964.748653,50,7.631342,7.340512
worker_2,1037,1788086964.756340,50,7.515758,7.165504
worker_2,1038,1788086964.763905,50,7.979066,7.636160
worker_2,1039,1788086964.771935,50,8.065465,7.726816
worker_2,1040,1788086964.780049,50,7.954863,7.623104
worker_2,1041,1788086964.788053,50,8.007520,7.675616
worker_2,1042,1788086964.796111,50,8.093706,7.760768
worker_2,1043,1788086964.804267,50,7.034253,6.692704
worker_2,1044,1788086964.811350,50,8.067409,7.560960
worker_2,1045,1788086964.819479,50,6.708038,6.370432
worker_2,1046,1788086964.826234,50,7.995770,7.664064
worker_2,1047,1788086964.834281,50,7.610674,7.272288
worker_2,1048,1788086964.841940,50,7.676230,7.330240
worker_2,1049,1788086964.849666,50,7.728398,7.391072
worker_2,1050,1788086964.857445,50,7.185421,6.852192
worker_2,1051,1788086964.864680,50,8.204633,7.874848
worker_2,1052,1788086964.872931,50,7.777232,7.447168
worker_2,1053,1788086964.880756,50,7.587313,7.464192
worker_2,1054,1788086964.888370,50,7.271376,7.006848
worker_2,1055,1788086964.895692,50,8.010048,7.882272
worker_2,1056,1788086964.903730,50,7.811555,7.538720
worker_2,1057,1788086964.911592,50,8.021882,7.894112
worker_2,1058,1788086964.919641,50,6.903345,6.851168
worker_2,1059,1788086964.926562,50,7.350432,7.301536
worker_2,1060,1788086964.933929,50,6.816927,6.767232
worker_2,1061,1788086964.940763,50,7.626665,7.578976
worker_2,1062,1788086964.948406,50,6.830714,6.784416
worker_2,1063,1788086964.955253,50,7.990843,7.719840
worker_2,1064,1788086964.963297,50,7.747389,7.418432
worker_2,1065,1788086964.971095,50,7.677666,7.355840
worker_2,1066,1788086964.978814,50,7.949595,7.625184
worker_2,1067,1788086964.986809,50,7.888974,7.552832
worker_2,1068,1788086964.994745,50,7.830407,7.479008
worker_2,1069,1788086965.002627,50,7.954215,7.602848
worker_2,1070,1788086965.010631,50,7.912955,7.576000
worker_2,1071,1788086965.018595,50,8.184439,7.843648
worker_2,1072,1788086965.026829,50,7.966790,7.798848
worker_2,1073,1788086965.034838,50,7.789353,7.691680
worker_2,1074,1788086965.042655,50,7.742499,7.681632
worker_2,1075,1788086965.050421,50,7.778677,7.730336
worker_2,1076,1788086965.058219,50,7.886798,7.837408
worker_2,1077,1788086965.066124,50,7.715092,7.665824
worker_2,1078,1788086965.073857,50,7.989364,7.716544
worker_2,1079,1788086965.081991,50,7.950826,7.825728
worker_2,1080,1788086965.089970,50,8.065900,7.772640
worker_2,1081,1788086965.098087,50,8.033641,7.906752
worker_2,1082,1788086965.106149,50,8.013743,7.734816
worker_2,1083,1788086965.114216,50,7.956362,7.835264
worker_2,1084,1788086965.122206,50,7.561776,7.478656
worker_2,1085,1788086965.129812,50,7.724073,7.624736
worker_2,1086,1788086965.137561,50,7.785103,7.731360
worker_2,1087,1788086965.145368,50,7.593267,7.541568
worker_2,1088,1788086965.152981,50,7.787167,7.738688
worker_2,1089,1788086965.160787,50,7.780103,7.732480
worker_2,1090,1788086965.168587,50,7.425238,7.376672
worker_2,1091,1788086965.176030,50,7.597665,7.551136
worker_2,1092,1788086965.183645,50,7.835177,7.561536
worker_2,1093,1788086965.191534,50,7.798380,7.672512
worker_2,1094,1788086965.199363,50,8.025224,7.743328
worker_2,1095,1788086965.207439,50,7.794898,7.668896
worker_2,1096,1788086965.215261,50,7.615778,7.546112
worker_2,1097,1788086965.222898,50,7.611749,7.337312
worker_2,1098,1788086965.230561,50,8.016335,7.650848
worker_2,1099,1788086965.238632,50,6.751463,6.621408
worker_2,1100,1788086965.245410,50,7.485767,7.429824
worker_2,1101,1788086965.252916,50,7.681999,7.413056
worker_2,1102,1788086965.260651,50,8.009908,7.878944
worker_2,1103,1788086965.268691,50,7.931279,7.641408
worker_2,1104,1788086965.276687,50,7.918400,7.776896
worker_2,1105,1788086965.284635,50,7.832204,7.550720
worker_2,1106,1788086965.292519,50,7.978437,7.845408
worker_2,1107,1788086965.300524,50,7.847445,7.564288
worker_2,1108,1788086965.308424,50,7.958047,7.831904
worker_2,1109,1788086965.316410,50,7.888890,7.596672
worker_2,1110,1788086965.324349,50,7.754871,7.625408
worker_2,1111,1788086965.332132,50,7.667102,7.389088
worker_2,1112,1788086965.339850,50,7.676666,7.536416
worker_2,1113,1788086965.347553,50,7.485192,7.209248
worker_2,1114,1788086965.355089,50,7.803862,7.669792
worker_2,1115,1788086965.362921,50,8.013262,7.741440
worker_2,1116,1788086965.370985,50,7.921955,7.794848
worker_2,1117,1788086965.378935,50,7.870787,7.598464
worker_2,1118,1788086965.386855,50,7.700712,7.574304
worker_2,1119,1788086965.394587,50,7.578396,7.493152
worker_2,1120,1788086965.402202,50,7.624452,7.544992
worker_2,1121,1788086965.409848,50,7.836602,7.785056
worker_2,1122,1788086965.417706,50,7.761850,7.712416
worker_2,1123,1788086965.425498,50,7.684276,7.616416
worker_2,1124,1788086965.433210,50,7.863714,7.793248
worker_2,1125,1788086965.441097,50,7.843964,7.792096
worker_2,1126,1788086965.448959,50,7.660666,7.611104
worker_2,1127,1788086965.456637,50,7.454117,7.390208
worker_2,1128,1788086965.464120,50,7.768407,7.682912
worker_2,1129,1788086965.471910,50,7.674203,7.412064
worker_2,1130,1788086965.479634,50,7.894140,7.563488
worker_2,1131,1788086965.487579,50,8.025465,7.690176
worker_2,1132,1788086965.495655,50,7.490238,7.148352
worker_2,1133,1788086965.503195,50,7.914501,7.575488
worker_2,1134,1788086965.511158,50,6.948799,6.600896
worker_2,1135,1788086965.518157,50,8.207651,7.621504
worker_2,1136,1788086965.526420,50,8.069844,7.732576
worker_2,1137,1788086965.534540,50,8.005483,7.682144
worker_2,1138,1788086965.542595,50,8.095104,7.827584
worker_2,1139,1788086965.550716,50,7.655702,7.236512
worker_2,1140,1788086965.558422,50,7.827953,7.545920
worker_2,1141,1788086965.566278,50,7.541470,7.121792
worker_2,1142,1788086965.573870,50,7.695944,7.423264
worker_2,1143,1788086965.581610,50,7.932112,7.512032
worker_2,1144,1788086965.589593,50,7.773241,7.490080
worker_2,1145,1788086965.597394,50,7.576944,7.302752
worker_2,1146,1788086965.605022,50,7.904029,7.631296
worker_2,1147,1788086965.612954,50,7.732407,7.297568
worker_2,1148,1788086965.620738,50,7.450043,7.174912
worker_2,1149,1788086965.628230,50,7.702120,7.288640
worker_2,1150,1788086965.635983,50,7.839778,7.554112
worker_2,1151,1788086965.643853,50,7.389616,7.099872
worker_2,1152,1788086965.651294,50,7.649896,7.516160
worker_2,1153,1788086965.658974,50,7.860909,7.592960
worker_2,1154,1788086965.666886,50,8.011604,7.890144
worker_2,1155,1788086965.674930,50,8.056985,7.783936
worker_2,1156,1788086965.683036,50,7.569396,7.441792
worker_2,1157,1788086965.690634,50,7.867446,7.597184
worker_2,1158,1788086965.698550,50,7.811093,7.684000
worker_2,1159,1788086965.706387,50,7.808130,7.539488
worker_2,1160,1788086965.714245,50,7.331322,7.181696
worker_2,1161,1788086965.721603,50,8.042929,7.771808
worker_2,1162,1788086965.729710,50,7.217347,7.091296
worker_2,1163,1788086965.736953,50,8.018206,7.746912
worker_2,1164,1788086965.745023,50,7.171736,7.047968
worker_2,1165,1788086965.752234,50,8.052594,7.766496
worker_2,1166,1788086965.760341,50,7.313126,7.176800
worker_2,1167,1788086965.767682,50,8.027715,7.755488
worker_2,1168,1788086965.775761,50,7.286560,7.156864
worker_2,1169,1788086965.783075,50,7.726277,7.455584
worker_2,1170,1788086965.790853,50,8.029938,7.905408
worker_2,1171,1788086965.798912,50,7.943835,7.670080
worker_2,1172,1788086965.806906,50,7.850463,7.724608
worker_2,1173,1788086965.814784,50,7.536480,7.480576
worker_2,1174,1788086965.822339,50,7.586869,7.319008
worker_2,1175,1788086965.829979,50,7.581508,7.450720
worker_2,1176,1788086965.837588,50,7.308357,7.010336
worker_2,1177,1788086965.844946,50,7.809686,7.678112
worker_2,1178,1788086965.852785,50,7.700305,7.428096
worker_2,1179,1788086965.860540,50,7.800880,7.669952
worker_2,1180,1788086965.868369,50,7.891955,7.598880
worker_2,1181,1788086965.876315,50,7.741065,7.613728
worker_2,1182,1788086965.884100,50,7.819843,7.551136
worker_2,1183,1788086965.891973,50,8.008891,7.882560
worker_2,1184,1788086965.900011,50,7.692157,7.422240
worker_2,1185,1788086965.907754,50,7.784482,7.657856
worker_2,1186,1788086965.915566,50,7.872483,7.600384
worker_2,1187,1788086965.923491,50,7.929030,7.800896
worker_2,1188,1788086965.931448,50,7.832835,7.558144
worker_2,1189,1788086965.939332,50,6.803816,6.669504
worker_2,1190,1788086965.946163,50,7.825241,7.546912
worker_2,1191,1788086965.954043,50,7.695231,7.560416
worker_2,1192,1788086965.961768,50,8.032993,7.747776
worker_2,1193,1788086965.969854,50,7.644916,7.511232
worker_2,1194,1788086965.977526,50,8.031373,7.759648
worker_2,1195,1788086965.985612,50,7.623990,7.495168
worker_2,1196,1788086965.993265,50,8.000336,7.728448
worker_2,1197,1788086966.001318,50,7.681972,7.552256
worker_2,1198,1788086966.009029,50,8.054308,7.780992
worker_2,1199,1788086966.017135,50,7.496516,7.368640
worker_2,1200,1788086966.024658,50,7.645081,7.346976
worker_2,1201,1788086966.032368,50,7.536229,7.398240
worker_2,1202,1788086966.039931,50,7.846640,7.577088
worker_2,1203,1788086966.047830,50,7.837307,7.709824
worker_2,1204,1788086966.055694,50,8.017419,7.749472
worker_2,1205,1788086966.063763,50,7.702973,7.576256
worker_2,1206,1788086966.071493,50,8.031910,7.763808
worker_2,1207,1788086966.079577,50,7.820964,7.696800
worker_2,1208,1788086966.087426,50,8.034364,7.767744
worker_2,1209,1788086966.095510,50,7.753972,7.634208
worker_2,1210,1788086966.103292,50,8.011048,7.739136
worker_2,1211,1788086966.111352,50,7.798537,7.537504
worker_2,1212,1788086966.119179,50,7.916798,7.630144
worker_2,1213,1788086966.127147,50,7.635453,7.510048
worker_2,1214,1788086966.134810,50,7.600758,7.543008
worker_2,1215,1788086966.142431,50,7.761165,7.492288
worker_2,1216,1788086966.150242,50,7.908362,7.778784
worker_2,1217,1788086966.158178,50,8.017270,7.732384
worker_2,1218,1788086966.166247,50,8.051550,7.926112
worker_2,1219,1788086966.174326,50,7.663907,7.396224
worker_2,1220,1788086966.182041,50,8.032576,7.906720
worker_2,1221,1788086966.190120,50,7.859445,7.589728
worker_2,1222,1788086966.198030,50,8.058520,7.937664
worker_2,1223,1788086966.206115,50,7.796333,7.527168
worker_2,1224,1788086966.213960,50,7.839186,7.711296
worker_2,1225,1788086966.221827,50,7.775065,7.717600
worker_2,1226,1788086966.229622,50,7.532183,7.484832
worker_2,1227,1788086966.237174,50,7.428238,7.382304
worker_2,1228,1788086966.244620,50,7.606619,7.551936
worker_2,1229,1788086966.252243,50,7.580812,7.533216
worker_2,1230,1788086966.259923,50,7.537229,7.480864
worker_2,1231,1788086966.267480,50,7.799714,7.750272
worker_2,1232,1788086966.275299,50,7.708804,7.661856
worker_2,1233,1788086966.283024,50,7.816056,7.771456
worker_2,1234,1788086966.290858,50,7.632359,7.584352
worker_2,1235,1788086966.298506,50,7.823463,7.777216
worker_2,1236,1788086966.306345,50,7.737213,7.688544
worker_2,1237,1788086966.314098,50,7.471182,7.211648
worker_2,1238,1788086966.321624,50,7.902279,7.554656
worker_2,1239,1788086966.329579,50,7.672953,7.334912
worker_2,1240,1788086966.337320,50,8.047817,7.709536
worker_2,1241,1788086966.345417,50,7.627915,7.292896
worker_2,1242,1788086966.353093,50,8.018762,7.680768
worker_2,1243,1788086966.361162,50,7.856640,7.518496
worker_2,1244,1788086966.369069,50,7.977113,7.641408
worker_2,1245,1788086966.377096,50,7.805222,7.466272
worker_2,1246,1788086966.384950,50,8.107215,7.765024
worker_2,1247,1788086966.393109,50,7.831870,7.490656
worker_2,1248,1788086966.400989,50,8.093448,7.759296
worker_2,1249,1788086966.409132,50,7.999679,7.665888
worker_2,1250,1788086966.417181,50,7.834168,7.490656
worker_2,1251,1788086966.425068,50,7.741880,7.604096
worker_2,1252,1788086966.432839,50,7.672750,7.397184
worker_2,1253,1788086966.440563,50,7.752750,7.613888
worker_2,1254,1788086966.448344,50,7.827140,7.552096
worker_2,1255,1788086966.456239,50,7.820306,7.692608
worker_2,1256,1788086966.464091,50,8.004419,7.728544
worker_2,1257,1788086966.472149,50,7.613193,7.469344
worker_2,1258,1788086966.479789,50,7.908075,7.631936
worker_2,1259,1788086966.487749,50,7.843880,7.712416
worker_2,1260,1788086966.495638,50,7.786640,7.514208
worker_2,1261,1788086966.503477,50,7.801519,7.670176
worker_2,1262,1788086966.511309,50,7.707184,7.420512
worker_2,1263,1788086966.519070,50,7.604842,7.466688
worker_2,1264,1788086966.526703,50,6.942206,6.884768
worker_2,1265,1788086966.533666,50,7.832075,7.563648
worker_2,1266,1788086966.541553,50,7.985771,7.853312
worker_2,1267,1788086966.549567,50,8.040382,7.768160
worker_2,1268,1788086966.557659,50,7.844935,7.719712
worker_2,1269,1788086966.565532,50,7.879204,7.603648
worker_2,1270,1788086966.573462,50,7.669750,7.538592
worker_2,1271,1788086966.581160,50,7.934075,7.647520
worker_2,1272,1788086966.589144,50,7.636629,7.507360
worker_2,1273,1788086966.596808,50,7.862548,7.575072
worker_2,1274,1788086966.604724,50,7.782806,7.654080
worker_2,1275,1788086966.612535,50,7.994873,7.713376
worker_2,1276,1788086966.620582,50,7.768352,7.637632
worker_2,1277,1788086966.628379,50,7.923816,7.623648
worker_2,1278,1788086966.636355,50,7.603934,7.473312
worker_2,1279,1788086966.644011,50,7.889557,7.574176
worker_2,1280,1788086966.651952,50,7.820176,7.691616
worker_2,1281,1788086966.659802,50,7.863122,7.583584
worker_2,1282,1788086966.667719,50,7.582870,7.452544
worker_2,1283,1788086966.675331,50,7.851224,7.571936
worker_2,1284,1788086966.683233,50,7.642814,7.513792
worker_2,1285,1788086966.690904,50,8.023669,7.745536
worker_2,1286,1788086966.698981,50,7.633063,7.505216
worker_2,1287,1788086966.706642,50,7.836389,7.546176
worker_2,1288,1788086966.714530,50,7.088689,6.961792
worker_2,1289,1788086966.721646,50,7.690370,7.406208
worker_2,1290,1788086966.729389,50,7.161422,7.029440
worker_2,1291,1788086966.736581,50,7.659657,7.371808
worker_2,1292,1788086966.744292,50,7.962604,7.835008
worker_2,1293,1788086966.752284,50,7.695332,7.424896
worker_2,1294,1788086966.760032,50,7.973343,7.843424
worker_2,1295,1788086966.768037,50,7.797964,7.522880
worker_2,1296,1788086966.775885,50,7.909316,7.779264
worker_2,1297,1788086966.783823,50,7.872148,7.597184
worker_2,1298,1788086966.791746,50,7.802583,7.674624
worker_2,1299,1788086966.799595,50,7.649842,7.382592
worker_2,1300,1788086966.807296,50,7.984613,7.855040
worker_2,1301,1788086966.815308,50,7.799418,7.527616
worker_2,1302,1788086966.823156,50,7.834390,7.708032
worker_2,1303,1788086966.831017,50,7.868148,7.562464
worker_2,1304,1788086966.838937,50,7.683194,7.560864
worker_2,1305,1788086966.846646,50,7.544165,7.490400
worker_2,1306,1788086966.854213,50,7.831843,7.567680
worker_2,1307,1788086966.862098,50,7.780483,7.656128
worker_2,1308,1788086966.869908,50,7.824565,7.553376
worker_2,1309,1788086966.877785,50,7.798454,7.674912
worker_2,1310,1788086966.885610,50,8.022530,7.752320
worker_2,1311,1788086966.893683,50,7.737879,7.612320
worker_2,1312,1788086966.901449,50,8.056485,7.785984
worker_2,1313,1788086966.909554,50,7.827621,7.706688
worker_2,1314,1788086966.917407,50,7.996418,7.728896
worker_2,1315,1788086966.925454,50,7.937038,7.815648
worker_2,1316,1788086966.933420,50,7.798333,7.512928
worker_2,1317,1788086966.941270,50,7.632600,7.508000
worker_2,1318,1788086966.948947,50,7.732231,7.449312
worker_2,1319,1788086966.956729,50,7.552128,7.409120
worker_2,1320,1788086966.964308,50,7.737026,7.416800
worker_2,1321,1788086966.972097,50,7.740749,7.614624
worker_2,1322,1788086966.979867,50,7.724944,7.448128
worker_2,1323,1788086966.987642,50,7.639055,7.514144
worker_2,1324,1788086966.995308,50,7.589759,7.314784
worker_2,1325,1788086967.002948,50,7.105209,6.974400
worker_2,1326,1788086967.010080,50,7.785158,7.514912
worker_2,1327,1788086967.017914,50,7.843640,7.718176
worker_2,1328,1788086967.025787,50,7.808991,7.527808
worker_2,1329,1788086967.033647,50,7.955668,7.827456
worker_2,1330,1788086967.041631,50,7.882001,7.608960
worker_2,1331,1788086967.049563,50,7.877251,7.753120
worker_2,1332,1788086967.057467,50,7.906816,7.622528
worker_2,1333,1788086967.065423,50,7.755296,7.632544
worker_2,1334,1788086967.073205,50,8.034633,7.765664
worker_2,1335,1788086967.081290,50,7.625138,7.488128
worker_2,1336,1788086967.088942,50,7.925474,7.658112
worker_2,1337,1788086967.096920,50,7.849380,7.719136
worker_2,1338,1788086967.104815,50,8.108707,7.837312
worker_2,1339,1788086967.112978,50,7.634157,7.507808
worker_2,1340,1788086967.120638,50,7.685240,7.409216
worker_2,1341,1788086967.128376,50,7.704703,7.567584
worker_2,1342,1788086967.136110,50,8.039974,7.763328
worker_2,1343,1788086967.144202,50,7.685990,7.547296
worker_2,1344,1788086967.151917,50,7.789519,7.730464
worker_2,1345,1788086967.159727,50,7.834112,7.784000
worker_2,1346,1788086967.167581,50,7.761556,7.498144
worker_2,1347,1788086967.175395,50,8.031826,7.897696
worker_2,1348,1788086967.183455,50,7.825963,7.554304
worker_2,1349,1788086967.191334,50,7.973743,7.844224
worker_2,1350,1788086967.199333,50,7.660730,7.393856
worker_2,1351,1788086967.207044,50,7.883177,7.743872
worker_2,1352,1788086967.214955,50,7.602591,7.332448
worker_2,1353,1788086967.222606,50,7.639333,7.511744
worker_2,1354,1788086967.230272,50,7.442747,7.384512
worker_2,1355,1788086967.237736,50,7.898437,7.586848
worker_2,1356,1788086967.245687,50,7.632203,7.504352
worker_2,1357,1788086967.253364,50,7.613637,7.327008
worker_2,1358,1788086967.261032,50,7.889872,7.760288
worker_2,1359,1788086967.268952,50,8.044337,7.772416
worker_2,1360,1788086967.277047,50,7.865761,7.740288
worker_2,1361,1788086967.284940,50,7.899362,7.629568
worker_2,1362,1788086967.292890,50,7.990067,7.863744
worker_2,1363,1788086967.300909,50,7.965641,7.691360
worker_2,1364,1788086967.308925,50,7.994521,7.867200
worker_2,1365,1788086967.316947,50,7.530684,7.247552
worker_2,1366,1788086967.324529,50,7.662647,7.528736
worker_2,1367,1788086967.332228,50,7.613711,7.315040
worker_2,1368,1788086967.339894,50,7.790055,7.661504
worker_2,1369,1788086967.347714,50,7.301424,7.027424
worker_2,1370,1788086967.355066,50,7.846075,7.716288
worker_2,1371,1788086967.362941,50,7.888316,7.615264
worker_2,1372,1788086967.370882,50,8.014215,7.883424
worker_2,1373,1788086967.378924,50,8.020132,7.748832
worker_2,1374,1788086967.386994,50,7.963863,7.841248
worker_2,1375,1788086967.394984,50,8.010649,7.737376
worker_2,1376,1788086967.403045,50,8.023956,7.898912
worker_2,1377,1788086967.411117,50,7.942992,7.673248
worker_2,1378,1788086967.419112,50,7.814584,7.690656
worker_2,1379,1788086967.426954,50,7.888890,7.608608
worker_2,1380,1788086967.434894,50,7.749315,7.619552
worker_2,1381,1788086967.442756,50,7.830898,7.769504
worker_2,1382,1788086967.450611,50,7.818787,7.552768
worker_2,1383,1788086967.458481,50,8.010687,7.868128
worker_2,1384,1788086967.466521,50,7.687213,7.398368
worker_2,1385,1788086967.474259,50,7.722796,7.597888
worker_2,1386,1788086967.482008,50,7.771778,7.499424
worker_2,1387,1788086967.489831,50,7.811787,7.686432
worker_2,1388,1788086967.497672,50,7.710732,7.436576
worker_2,1389,1788086967.505434,50,7.642897,7.513504
worker_2,1390,1788086967.513106,50,6.797954,6.526016
worker_2,1391,1788086967.519955,50,7.130651,7.004448
worker_2,1392,1788086967.527112,50,7.900546,7.624096
worker_2,1393,1788086967.535063,50,7.753130,7.630560
worker_2,1394,1788086967.542842,50,7.814585,7.543584
worker_2,1395,1788086967.550706,50,7.866482,7.742240
worker_2,1396,1788086967.558611,50,7.971158,7.708032
worker_2,1397,1788086967.566632,50,7.737684,7.611616
worker_2,1398,1788086967.574398,50,7.922334,7.654848
worker_2,1399,1788086967.582370,50,7.763213,7.623712
worker_2,1400,1788086967.590162,50,8.099789,7.678528
worker_2,1401,1788086967.598314,50,7.679833,7.555520
worker_2,1402,1788086967.606021,50,8.070937,7.800320
worker_2,1403,1788086967.614143,50,7.659055,7.532096
worker_2,1404,1788086967.621831,50,8.022835,7.752832
worker_2,1405,1788086967.629905,50,7.768889,7.649472
worker_2,1406,1788086967.637703,50,7.842213,7.574304
worker_2,1407,1788086967.645596,50,7.826399,7.702816
worker_2,1408,1788086967.653449,50,7.824835,7.558304
worker_2,1409,1788086967.661325,50,7.904001,7.777632
worker_2,1410,1788086967.669257,50,7.800824,7.531776
worker_2,1411,1788086967.677109,50,8.040826,7.916928
worker_2,1412,1788086967.685176,50,7.834464,7.562528
worker_2,1413,1788086967.693061,50,7.854491,7.729344
worker_2,1414,1788086967.700944,50,7.817409,7.538976
worker_2,1415,1788086967.708812,50,7.826982,7.684768
worker_2,1416,1788086967.716673,50,7.629692,7.348640
worker_2,1417,1788086967.724354,50,7.603766,7.478624
worker_2,1418,1788086967.731985,50,7.661147,7.383648
worker_2,1419,1788086967.739696,50,7.631101,7.502880
worker_2,1420,1788086967.747354,50,7.873797,7.595520
worker_2,1421,1788086967.755281,50,7.810770,7.682368
worker_2,1422,1788086967.763122,50,7.869945,7.597568
worker_2,1423,1788086967.771044,50,7.807621,7.680864
worker_2,1424,1788086967.778879,50,7.912529,7.625920
worker_2,1425,1788086967.786845,50,7.836510,7.711488
worker_2,1426,1788086967.794710,50,7.562368,7.504832
worker_2,1427,1788086967.802292,50,7.987724,7.711488
worker_2,1428,1788086967.810331,50,7.553869,7.432384
worker_2,1429,1788086967.817912,50,7.713333,7.424416
worker_2,1430,1788086967.825683,50,6.735510,6.595168
worker_2,1431,1788086967.832447,50,7.907853,7.579680
worker_2,1432,1788086967.840404,50,7.620952,7.495712
worker_2,1433,1788086967.848054,50,7.916140,7.635424
worker_2,1434,1788086967.856023,50,7.718917,7.590304
worker_2,1435,1788086967.863790,50,7.944855,7.665824
worker_2,1436,1788086967.871786,50,7.838000,7.710880
worker_2,1437,1788086967.879653,50,7.848482,7.574976
worker_2,1438,1788086967.887552,50,7.993604,7.865120
worker_2,1439,1788086967.895574,50,7.701444,7.430400
worker_2,1440,1788086967.903327,50,8.002223,7.876544
worker_2,1441,1788086967.911360,50,7.888094,7.612800
worker_2,1442,1788086967.919299,50,7.444794,7.319840
worker_2,1443,1788086967.926772,50,6.245637,5.972384
worker_2,1444,1788086967.933067,50,7.990187,7.862848
worker_2,1445,1788086967.941087,50,7.774658,7.502144
worker_2,1446,1788086967.948913,50,7.984279,7.854912
worker_2,1447,1788086967.956926,50,7.873511,7.580448
worker_2,1448,1788086967.964850,50,8.068141,7.940000
worker_2,1449,1788086967.972946,50,7.589581,7.307264
worker_2,1450,1788086967.980586,50,8.033901,7.903680
worker_2,1451,1788086967.988648,50,7.666027,7.394304
worker_2,1452,1788086967.996366,50,7.978113,7.845600
worker_2,1453,1788086968.004373,50,7.653564,7.380448
worker_2,1454,1788086968.012077,50,7.782769,7.655456
worker_2,1455,1788086968.019906,50,7.713249,7.432160
worker_2,1456,1788086968.027670,50,7.963196,7.840608
worker_2,1457,1788086968.035666,50,7.585332,7.305024
worker_2,1458,1788086968.043301,50,7.772898,7.639808
worker_2,1459,1788086968.051101,50,6.971855,6.655200
worker_2,1460,1788086968.058124,50,8.002447,7.875648
worker_2,1461,1788086968.066153,50,7.749491,7.474848
worker_2,1462,1788086968.073954,50,8.040402,7.913792
worker_2,1463,1788086968.082021,50,7.925279,7.658528
worker_2,1464,1788086968.089995,50,7.943584,7.822272
worker_2,1465,1788086968.097966,50,7.872001,7.603488
worker_2,1466,1788086968.105888,50,7.910493,7.784512
worker_2,1467,1788086968.113827,50,7.746121,7.463328
worker_2,1468,1788086968.121627,50,7.820713,7.663552
worker_2,1469,1788086968.129489,50,7.630804,7.527616
worker_2,1470,1788086968.137158,50,7.550637,7.470304
worker_2,1471,1788086968.144727,50,7.756130,7.714656
worker_2,1472,1788086968.152499,50,7.491971,7.449856
worker_2,1473,1788086968.160007,50,7.682823,7.640480
worker_2,1474,1788086968.167715,50,7.725732,7.685440
worker_2,1475,1788086968.175457,50,7.619767,7.576512
worker_2,1476,1788086968.183092,50,7.841000,7.798112
worker_2,1477,1788086968.190949,50,7.795037,7.752064
worker_2,1478,1788086968.198758,50,7.805389,7.551904
worker_2,1479,1788086968.206614,50,7.900539,7.758400
worker_2,1480,1788086968.214548,50,7.672147,7.588320
worker_2,1481,1788086968.222243,50,7.798269,7.750912
worker_2,1482,1788086968.230062,50,7.749453,7.700128
worker_2,1483,1788086968.237830,50,7.808529,7.763360
worker_2,1484,1788086968.245655,50,7.805130,7.760320
worker_2,1485,1788086968.253478,50,8.012910,7.773120
worker_2,1486,1788086968.261533,50,7.918852,7.809632
worker_2,1487,1788086968.269479,50,8.044844,7.780544
worker_2,1488,1788086968.277572,50,7.922113,7.805728
worker_2,1489,1788086968.285520,50,7.618767,7.360896
worker_2,1490,1788086968.293186,50,8.004613,7.862688
worker_2,1491,1788086968.301230,50,7.827955,7.732928
worker_2,1492,1788086968.309090,50,7.664277,7.592416
worker_2,1493,1788086968.316776,50,5.979151,5.929120
worker_2,1494,1788086968.322788,50,7.623766,7.574784
worker_2,1495,1788086968.330431,50,7.635332,7.587200
worker_2,1496,1788086968.338086,50,7.557303,7.509920
worker_2,1497,1788086968.345662,50,7.553461,7.508064
worker_2,1498,1788086968.353233,50,7.808963,7.763904
worker_2,1499,1788086968.361060,50,7.782778,7.735872
worker_2,1500,1788086968.368859,50,7.715712,7.671744
worker_2,1501,1788086968.376590,50,7.787436,7.741824
worker_2,1502,1788086968.384396,50,7.937205,7.627008
worker_2,1503,1788086968.392386,50,8.002947,7.877024
worker_2,1504,1788086968.400417,50,8.101059,7.819520
worker_2,1505,1788086968.408572,50,7.967502,7.841056
worker_2,1506,1788086968.416568,50,7.975085,7.691008
worker_2,1507,1788086968.424601,50,7.734814,7.605824
worker_2,1508,1788086968.432364,50,7.867455,7.569696
worker_2,1509,1788086968.440288,50,7.960974,7.831520
worker_2,1510,1788086968.448278,50,8.053587,7.769216
worker_2,1511,1788086968.456381,50,8.017974,7.888000
worker_2,1512,1788086968.464427,50,7.856779,7.572672
worker_2,1513,1788086968.472349,50,7.896482,7.772480
worker_2,1514,1788086968.480274,50,8.028252,7.757248
worker_2,1515,1788086968.488353,50,7.814444,7.687264
worker_2,1516,1788086968.496194,50,7.596220,7.529792
worker_2,1517,1788086968.503810,50,7.801528,7.753216
worker_2,1518,1788086968.511630,50,7.626194,7.578528
worker_2,1519,1788086968.519274,50,7.681147,7.634304
worker_2,1520,1788086968.526971,50,7.369340,7.321440
worker_2,1521,1788086968.534358,50,7.384479,7.336544
worker_2,1522,1788086968.541760,50,7.961974,7.551232
worker_2,1523,1788086968.549776,50,7.609730,7.475968
worker_2,1524,1788086968.557416,50,7.807547,7.750048
worker_2,1525,1788086968.565243,50,7.936770,7.741376
worker_2,1526,1788086968.573197,50,7.243402,7.022272
worker_2,1527,1788086968.580458,50,7.829390,7.777728
worker_2,1528,1788086968.588304,50,7.960834,7.685504
worker_2,1529,1788086968.596316,50,8.039067,7.706080
worker_2,1530,1788086968.604405,50,8.165893,7.831360
worker_2,1531,1788086968.612619,50,7.975456,7.644128
worker_2,1532,1788086968.620736,50,8.016660,7.680096
worker_2,1533,1788086968.628814,50,8.244448,7.914272
worker_2,1534,1788086968.637109,50,8.118439,7.788192
worker_2,1535,1788086968.645276,50,8.243412,7.915200
worker_2,1536,1788086968.653569,50,8.107781,7.778720
worker_2,1537,1788086968.661727,50,8.195318,7.865152
worker_2,1538,1788086968.669971,50,7.891232,7.558368
worker_2,1539,1788086968.677914,50,8.002771,7.668832
worker_2,1540,1788086968.685970,50,8.004298,7.873088
worker_2,1541,1788086968.694004,50,7.877222,7.606688
worker_2,1542,1788086968.701932,50,8.232096,7.883072
worker_2,1543,1788086968.710215,50,8.137003,7.807936
worker_2,1544,1788086968.718401,50,7.852798,7.523456
worker_2,1545,1788086968.726304,50,8.012557,7.683648
worker_2,1546,1788086968.734367,50,8.043798,7.713824
worker_2,1547,1788086968.742462,50,7.898863,7.568896
worker_2,1548,1788086968.750412,50,8.158911,7.827392
worker_2,1549,1788086968.758621,50,7.711851,7.589120
worker_2,1550,1788086968.766360,50,8.059179,7.790656
worker_2,1551,1788086968.774470,50,7.763584,7.638880
worker_2,1552,1788086968.782279,50,7.869362,7.601248
worker_2,1553,1788086968.790198,50,7.825407,7.698880
worker_2,1554,1788086968.798050,50,7.963336,7.693920
worker_2,1555,1788086968.806064,50,7.790278,7.668416
worker_2,1556,1788086968.813881,50,7.578138,7.310464
worker_2,1557,1788086968.821509,50,7.516841,7.388448
worker_2,1558,1788086968.829053,50,7.529035,7.249632
worker_2,1559,1788086968.836633,50,7.804389,7.679136
worker_2,1560,1788086968.844466,50,7.696508,7.425312
worker_2,1561,1788086968.852230,50,7.706991,7.581824
worker_2,1562,1788086968.859966,50,7.729943,7.462688
worker_2,1563,1788086968.867749,50,7.892881,7.767264
worker_2,1564,1788086968.875670,50,7.879844,7.612096
worker_2,1565,1788086968.883599,50,7.826380,7.698784
worker_2,1566,1788086968.891453,50,7.887010,7.618016
worker_2,1567,1788086968.899390,50,7.897362,7.772736
worker_2,1568,1788086968.907314,50,7.876270,7.613536
worker_2,1569,1788086968.915241,50,7.842963,7.719136
worker_2,1570,1788086968.923112,50,7.624378,7.344384
worker_2,1571,1788086968.930791,50,7.901093,7.765376
worker_2,1572,1788086968.938738,50,7.479728,7.424512
worker_2,1573,1788086968.946239,50,7.897492,7.641760
worker_2,1574,1788086968.954190,50,7.851362,7.705312
worker_2,1575,1788086968.962070,50,7.905409,7.637344
worker_2,1576,1788086968.970027,50,7.789046,7.662560
worker_2,1577,1788086968.977844,50,7.890362,7.622624
worker_2,1578,1788086968.985786,50,7.820871,7.697024
worker_2,1579,1788086968.993636,50,7.932167,7.665312
worker_2,1580,1788086969.001619,50,7.788685,7.659648
worker_2,1581,1788086969.009434,50,7.883047,7.620288
worker_2,1582,1788086969.017365,50,7.769981,7.641728
worker_2,1583,1788086969.025165,50,7.706638,7.434912
worker_2,1584,1788086969.032923,50,7.635212,7.500480
worker_2,1585,1788086969.040590,50,7.826871,7.553248
worker_2,1586,1788086969.048469,50,7.847482,7.718848
worker_2,1587,1788086969.056345,50,8.062651,7.776608
worker_2,1588,1788086969.064457,50,7.692980,7.569696
worker_2,1589,1788086969.072176,50,7.834834,7.564608
worker_2,1590,1788086969.080061,50,7.768177,7.627840
worker_2,1591,1788086969.087864,50,8.010094,7.737024
worker_2,1592,1788086969.095927,50,7.495461,7.363488
worker_2,1593,1788086969.103452,50,7.879325,7.605856
worker_2,1594,1788086969.111385,50,7.666408,7.537024
worker_2,1595,1788086969.119078,50,7.879168,7.610816
worker_2,1596,1788086969.127010,50,7.453553,7.324672
worker_2,1597,1788086969.134491,50,7.726491,7.445696
worker_2,1598,1788086969.142271,50,7.613655,7.488832
worker_2,1599,1788086969.149912,50,7.922418,7.646400
worker_2,1600,1788086969.157885,50,7.914548,7.785120
worker_2,1601,1788086969.165829,50,7.825474,7.558304
worker_2,1602,1788086969.173706,50,7.966243,7.844576
worker_2,1603,1788086969.181699,50,7.900539,7.625376
worker_2,1604,1788086969.189651,50,7.918751,7.793088
worker_2,1605,1788086969.197596,50,7.849603,7.581632
worker_2,1606,1788086969.205496,50,7.735796,7.591744
worker_2,1607,1788086969.213259,50,8.056604,7.784000
worker_2,1608,1788086969.221370,50,6.959678,6.826752
worker_2,1609,1788086969.228357,50,7.839899,7.563904
worker_2,1610,1788086969.236262,50,7.834853,7.708512
worker_2,1611,1788086969.244142,50,7.980419,7.711328
worker_2,1612,1788086969.252175,50,7.717528,7.579232
worker_2,1613,1788086969.259920,50,8.087559,7.818464
worker_2,1614,1788086969.268061,50,7.849622,7.719648
worker_2,1615,1788086969.275940,50,8.023761,7.749184
worker_2,1616,1788086969.284015,50,7.826742,7.694592
worker_2,1617,1788086969.291873,50,8.086022,7.812992
worker_2,1618,1788086969.300010,50,7.584545,7.456992
worker_2,1619,1788086969.307623,50,8.033696,7.762528
worker_2,1620,1788086969.315707,50,7.828474,7.705504
worker_2,1621,1788086969.323564,50,7.999187,7.724064
worker_2,1622,1788086969.331614,50,7.846565,7.703840
worker_2,1623,1788086969.339487,50,7.666416,7.398112
worker_2,1624,1788086969.347205,50,7.845326,7.717152
worker_2,1625,1788086969.355077,50,7.799149,7.524224
worker_2,1626,1788086969.362927,50,7.806501,7.675872
worker_2,1627,1788086969.370760,50,7.441507,7.385760
worker_2,1628,1788086969.378222,50,8.017956,7.749792
worker_2,1629,1788086969.386291,50,7.976298,7.845568
worker_2,1630,1788086969.394308,50,7.872759,7.601568
worker_2,1631,1788086969.402233,50,7.975094,7.843488
worker_2,1632,1788086969.410238,50,8.006567,7.736256
worker_2,1633,1788086969.418296,50,7.876797,7.751104
worker_2,1634,1788086969.426201,50,7.840288,7.566368
worker_2,1635,1788086969.434093,50,7.911224,7.781440
worker_2,1636,1788086969.442032,50,7.926640,7.656768
worker_2,1637,1788086969.450011,50,7.779508,7.655136
worker_2,1638,1788086969.457818,50,7.889501,7.603456
worker_2,1639,1788086969.465758,50,7.890019,7.760384
worker_2,1640,1788086969.473677,50,7.848529,7.573568
worker_2,1641,1788086969.481575,50,7.962900,7.840160
worker_2,1642,1788086969.489565,50,7.846668,7.572864
worker_2,1643,1788086969.497463,50,7.309950,7.180960
worker_2,1644,1788086969.504800,50,7.693073,7.421056
worker_2,1645,1788086969.512542,50,7.753018,7.624224
worker_2,1646,1788086969.520322,50,6.869002,6.596384
worker_2,1647,1788086969.527241,50,7.000734,6.870432
worker_2,1648,1788086969.534267,50,7.007263,6.729632
worker_2,1649,1788086969.541327,50,7.982595,7.703136
worker_2,1650,1788086969.549352,50,7.925436,7.591744
worker_2,1651,1788086969.557330,50,7.732287,7.606048
worker_2,1652,1788086969.565092,50,7.985964,7.715392
worker_2,1653,1788086969.573129,50,7.878613,7.754016
worker_2,1654,1788086969.581037,50,8.029845,7.748608
worker_2,1655,1788086969.589118,50,7.913816,7.787296
worker_2,1656,1788086969.597059,50,8.009706,7.736416
worker_2,1657,1788086969.605118,50,7.784490,7.654528
worker_2,1658,1788086969.612931,50,8.006243,7.732288
worker_2,1659,1788086969.620988,50,7.712564,7.585792
worker_2,1660,1788086969.628728,50,7.803111,7.528928
worker_2,1661,1788086969.636581,50,7.702436,7.571360
worker_2,1662,1788086969.644310,50,8.046882,7.773472
worker_2,1663,1788086969.652407,50,7.570563,7.444800
worker_2,1664,1788086969.660006,50,7.766018,7.492096
worker_2,1665,1788086969.667821,50,7.846343,7.723424
worker_2,1666,1788086969.675695,50,7.835676,7.560608
worker_2,1667,1788086969.683581,50,7.630610,7.506496
worker_2,1668,1788086969.691239,50,7.898020,7.624512
worker_2,1669,1788086969.699203,50,7.710471,7.585920
worker_2,1670,1788086969.706941,50,7.746954,7.644416
worker_2,1671,1788086969.714735,50,7.718212,7.624192
worker_2,1672,1788086969.722477,50,7.763305,7.563488
worker_2,1673,1788086969.730261,50,7.595592,7.319040
worker_2,1674,1788086969.737909,50,7.979409,7.851776
worker_2,1675,1788086969.745917,50,7.650887,7.380320
worker_2,1676,1788086969.753618,50,7.843954,7.714848
worker_2,1677,1788086969.761488,50,7.643583,7.371904
worker_2,1678,1788086969.769184,50,7.975049,7.850240
worker_2,1679,1788086969.777189,50,7.626582,7.354176
worker_2,1680,1788086969.784870,50,7.982391,7.851776
worker_2,1681,1788086969.792882,50,7.841704,7.573344
worker_2,1682,1788086969.800774,50,7.809658,7.684800
worker_2,1683,1788086969.808709,50,7.635370,7.361344
worker_2,1684,1788086969.816395,50,7.809537,7.683104
worker_2,1685,1788086969.824254,50,7.514405,7.233792
worker_2,1686,1788086969.831817,50,7.836547,7.707360
worker_2,1687,1788086969.839681,50,7.347738,7.214336
worker_2,1688,1788086969.847085,50,7.933214,7.756480
worker_2,1689,1788086969.855085,50,7.646999,7.545632
worker_2,1690,1788086969.862761,50,7.794935,7.736480
worker_2,1691,1788086969.870578,50,7.801584,7.753888
worker_2,1692,1788086969.878399,50,7.649861,7.602912
worker_2,1693,1788086969.886067,50,7.767334,7.719648
worker_2,1694,1788086969.893852,50,7.473267,7.421344
worker_2,1695,1788086969.901342,50,7.538221,7.492544
worker_2,1696,1788086969.908898,50,7.503573,7.240128
worker_2,1697,1788086969.916455,50,7.592926,7.464608
worker_2,1698,1788086969.924076,50,7.650861,7.377472
worker_2,1699,1788086969.931779,50,7.451358,7.324832
worker_2,1700,1788086969.939255,50,7.576267,7.306080
worker_2,1701,1788086969.946882,50,7.771177,7.645312
worker_2,1702,1788086969.954683,50,6.932641,6.860160
worker_2,1703,1788086969.961635,50,7.686953,7.421184
worker_2,1704,1788086969.969374,50,7.678704,7.554400
worker_2,1705,1788086969.977081,50,7.745250,7.612736
worker_2,1706,1788086969.984884,50,7.916131,7.615808
worker_2,1707,1788086969.992849,50,7.754297,7.502976
worker_2,1708,1788086970.000647,50,7.603239,7.414784
worker_2,1709,1788086970.008271,50,7.224384,7.027200
worker_2,1710,1788086970.015513,50,7.498656,7.450144
worker_2,1711,1788086970.023031,50,7.046763,6.999776
worker_2,1712,1788086970.030094,50,7.708510,7.447904
worker_2,1713,1788086970.037855,50,7.954604,7.824832
worker_2,1714,1788086970.045836,50,7.866659,7.599328
worker_2,1715,1788086970.053754,50,7.970724,7.844768
worker_2,1716,1788086970.061753,50,7.341988,7.068672
worker_2,1717,1788086970.069145,50,7.739815,7.611488
worker_2,1718,1788086970.076911,50,7.506127,7.451904
worker_2,1719,1788086970.084436,50,7.390701,7.341056
worker_2,1720,1788086970.091847,50,7.776426,7.728832
worker_2,1721,1788086970.099641,50,6.757695,6.711296
worker_2,1722,1788086970.106416,50,7.793186,7.748736
worker_2,1723,1788086970.114228,50,6.832909,6.786368
worker_2,1724,1788086970.121078,50,7.633786,7.581984
worker_2,1725,1788086970.128730,50,6.628009,6.582112
worker_2,1726,1788086970.135374,50,7.632304,7.586176
worker_2,1727,1788086970.143022,50,6.792854,6.746080
worker_2,1728,1788086970.149844,50,7.387830,7.338464
worker_2,1729,1788086970.157249,50,7.131003,7.081536
worker_2,1730,1788086970.164397,50,7.795371,7.525568
worker_2,1731,1788086970.172259,50,8.037317,7.694016
worker_2,1732,1788086970.180348,50,8.158911,7.811680
worker_2,1733,1788086970.188557,50,8.004725,7.662112
worker_2,1734,1788086970.196612,50,7.981401,7.642272
worker_2,1735,1788086970.204642,50,7.802510,7.458560
worker_2,1736,1788086970.212494,50,8.088761,7.752032
worker_2,1737,1788086970.220632,50,7.646694,7.299072
worker_2,1738,1788086970.228328,50,7.937955,7.575296
worker_2,1739,1788086970.236318,50,7.411377,7.039168
worker_2,1740,1788086970.243780,50,7.972799,7.636864
worker_2,1741,1788086970.251802,50,7.877298,7.543136
worker_2,1742,1788086970.259730,50,7.980362,7.853376
worker_2,1743,1788086970.267739,50,7.890205,7.617184
worker_2,1744,1788086970.275681,50,7.776574,7.642752
worker_2,1745,1788086970.283486,50,7.645518,7.374592
worker_2,1746,1788086970.291185,50,7.884565,7.759008
worker_2,1747,1788086970.299120,50,7.798546,7.524672
worker_2,1748,1788086970.306971,50,7.990177,7.858880
worker_2,1749,1788086970.314991,50,7.541082,7.266752
worker_2,1750,1788086970.322583,50,7.671888,7.541120
worker_2,1751,1788086970.330285,50,6.494360,6.436416
worker_2,1752,1788086970.336798,50,7.866779,7.587104
worker_2,1753,1788086970.344717,50,7.622647,7.493376
worker_2,1754,1788086970.352369,50,7.653869,7.373824
worker_2,1755,1788086970.360076,50,7.754890,7.622816
worker_2,1756,1788086970.367861,50,7.920649,7.644128
worker_2,1757,1788086970.375831,50,7.993836,7.864896
worker_2,1758,1788086970.383851,50,7.886335,7.617952
worker_2,1759,1788086970.391791,50,7.979076,7.849696
worker_2,1760,1788086970.399800,50,7.837426,7.565792
worker_2,1761,1788086970.407688,50,7.980076,7.848800
worker_2,1762,1788086970.415698,50,8.046964,7.775776
worker_2,1763,1788086970.423796,50,7.423914,7.296064
worker_2,1764,1788086970.431250,50,7.203078,7.144352
worker_2,1765,1788086970.438473,50,7.782583,7.732864
worker_2,1766,1788086970.446275,50,7.592637,7.541920
worker_2,1767,1788086970.453893,50,7.853233,7.804480
worker_2,1768,1788086970.461764,50,7.448127,7.399616
worker_2,1769,1788086970.469229,50,7.851297,7.580224
worker_2,1770,1788086970.477134,50,7.802500,7.463488
worker_2,1771,1788086970.484987,50,8.094558,7.756992
worker_2,1772,1788086970.493134,50,8.007363,7.670624
worker_2,1773,1788086970.501192,50,8.274976,7.943616
worker_2,1774,1788086970.509517,50,8.046271,7.713120
worker_2,1775,1788086970.517615,50,8.069540,7.739520
worker_2,1776,1788086970.525735,50,7.930844,7.598528
worker_2,1777,1788086970.533717,50,8.046826,7.716928
worker_2,1778,1788086970.541815,50,7.560240,7.435488
worker_2,1779,1788086970.549403,50,7.902612,7.629120
worker_2,1780,1788086970.557356,50,7.988049,7.863008
worker_2,1781,1788086970.565371,50,7.978336,7.691392
worker_2,1782,1788086970.573399,50,7.982381,7.858368
worker_2,1783,1788086970.581407,50,7.855408,7.587520
worker_2,1784,1788086970.589313,50,7.777388,7.653952
worker_2,1785,1788086970.597116,50,8.006085,7.737376
worker_2,1786,1788086970.605186,50,7.876917,7.747488
worker_2,1787,1788086970.613090,50,7.642685,7.367424
worker_2,1788,1788086970.620782,50,7.597684,7.471232
worker_2,1789,1788086970.628407,50,7.665047,7.374688
worker_2,1790,1788086970.636122,50,7.719603,7.566176
worker_2,1791,1788086970.643870,50,7.779297,7.509760
worker_2,1792,1788086970.651701,50,7.750010,7.618944
worker_2,1793,1788086970.659478,50,8.033032,7.748320
worker_2,1794,1788086970.667563,50,7.870057,7.744800
worker_2,1795,1788086970.675460,50,7.885455,7.567616
worker_2,1796,1788086970.683398,50,7.883639,7.757728
worker_2,1797,1788086970.691308,50,8.076586,7.788576
worker_2,1798,1788086970.699435,50,8.012243,7.884416
worker_2,1799,1788086970.707476,50,7.743232,7.470240
worker_2,1800,1788086970.715270,50,7.981585,7.852160
worker_2,1801,1788086970.723281,50,7.665629,7.394560
worker_2,1802,1788086970.730996,50,7.661731,7.538112
worker_2,1803,1788086970.738684,50,6.658074,6.605248
worker_2,1804,1788086970.745361,50,7.057290,6.792096
worker_2,1805,1788086970.752470,50,7.665953,7.531872
worker_2,1806,1788086970.760182,50,7.852621,7.583296
worker_2,1807,1788086970.768087,50,7.758916,7.625728
worker_2,1808,1788086970.775874,50,7.867102,7.596640
worker_2,1809,1788086970.783794,50,7.868732,7.739328
worker_2,1810,1788086970.791690,50,8.043780,7.772960
worker_2,1811,1788086970.799787,50,8.027086,7.899744
worker_2,1812,1788086970.807842,50,7.865733,7.593408
worker_2,1813,1788086970.815759,50,8.026262,7.877504
worker_2,1814,1788086970.823813,50,7.601221,7.330528
worker_2,1815,1788086970.831465,50,7.923603,7.798080
worker_2,1816,1788086970.839416,50,7.489860,7.206880
worker_2,1817,1788086970.846957,50,7.690796,7.558784
worker_2,1818,1788086970.854674,50,7.708870,7.417024
worker_2,1819,1788086970.862437,50,7.592222,7.465760
worker_2,1820,1788086970.870059,50,7.750584,7.477856
worker_2,1821,1788086970.877862,50,7.902056,7.771168
worker_2,1822,1788086970.885793,50,8.013279,7.738528
worker_2,1823,1788086970.893857,50,8.007946,7.881568
worker_2,1824,1788086970.901893,50,7.768842,7.496544
worker_2,1825,1788086970.909729,50,8.047132,7.921024
worker_2,1826,1788086970.917804,50,7.994326,7.726464
worker_2,1827,1788086970.925849,50,7.766407,7.641984
worker_2,1828,1788086970.933643,50,7.091939,6.819168
worker_2,1829,1788086970.940785,50,8.012705,7.870592
worker_2,1830,1788086970.948823,50,7.710407,7.434272
worker_2,1831,1788086970.956586,50,7.693212,7.561760
worker_2,1832,1788086970.964307,50,7.677648,7.397120
worker_2,1833,1788086970.972035,50,7.782713,7.654848
worker_2,1834,1788086970.979944,50,7.856686,7.581920
worker_2,1835,1788086970.987852,50,7.926650,7.801728
worker_2,1836,1788086970.995806,50,7.764500,7.492320
worker_2,1837,1788086971.003622,50,7.844594,7.716928
worker_2,1838,1788086971.011496,50,7.712936,7.441248
worker_2,1839,1788086971.019259,50,7.829916,7.704096
worker_2,1840,1788086971.027117,50,7.831537,7.554848
worker_2,1841,1788086971.034999,50,7.665814,7.537856
worker_2,1842,1788086971.042692,50,7.692462,7.601344
worker_2,1843,1788086971.050425,50,7.746520,7.666016
worker_2,1844,1788086971.058195,50,7.625099,7.569504
worker_2,1845,1788086971.065858,50,7.794222,7.735488
worker_2,1846,1788086971.073671,50,7.598611,7.550208
worker_2,1847,1788086971.081287,50,8.005761,7.743104
worker_2,1848,1788086971.089343,50,7.296765,6.960320
worker_2,1849,1788086971.096688,50,7.978798,7.644224
worker_2,1850,1788086971.104716,50,8.005261,7.664928
worker_2,1851,1788086971.112770,50,8.028539,7.687424
worker_2,1852,1788086971.120848,50,7.882574,7.541280
worker_2,1853,1788086971.128782,50,7.626657,7.489088
worker_2,1854,1788086971.136438,50,7.322283,7.036864
worker_2,1855,1788086971.143813,50,7.531767,7.396960
worker_2,1856,1788086971.151375,50,7.745732,7.470464
worker_2,1857,1788086971.159174,50,8.046946,7.918816
worker_2,1858,1788086971.167251,50,7.443775,7.384800
worker_2,1859,1788086971.174715,50,7.655953,7.585408
worker_2,1860,1788086971.182408,50,7.790288,7.701504
worker_2,1861,1788086971.190230,50,7.906372,7.823072
worker_2,1862,1788086971.198157,50,7.483452,7.431296
worker_2,1863,1788086971.205658,50,7.770287,7.720992
worker_2,1864,1788086971.213458,50,7.751092,7.701120
worker_2,1865,1788086971.221227,50,7.634397,7.372288
worker_2,1866,1788086971.228912,50,7.827288,7.476800
worker_2,1867,1788086971.236791,50,7.834085,7.483168
worker_2,1868,1788086971.244675,50,7.851344,7.503200
worker_2,1869,1788086971.252577,50,7.669684,7.313088
worker_2,1870,1788086971.260297,50,8.008864,7.671200
worker_2,1871,1788086971.268356,50,8.014272,7.677856
worker_2,1872,1788086971.276423,50,8.140596,7.801120
worker_2,1873,1788086971.284614,50,8.234736,7.901024
worker_2,1874,1788086971.292902,50,7.801713,7.678016
worker_2,1875,1788086971.300731,50,7.746630,7.649472
worker_2,1876,1788086971.308518,50,7.750065,7.614176
worker_2,1877,1788086971.316314,50,7.729694,7.627584
worker_2,1878,1788086971.324064,50,7.503702,7.460224
worker_2,1879,1788086971.331581,50,7.337868,7.294976
worker_2,1880,1788086971.338933,50,7.556702,7.514560
worker_2,1881,1788086971.346502,50,7.360600,7.314336
worker_2,1882,1788086971.353877,50,7.824112,7.781824
worker_2,1883,1788086971.361716,50,7.822825,7.628544
worker_2,1884,1788086971.369560,50,7.856326,7.658656
worker_2,1885,1788086971.377440,50,7.677129,7.595168
worker_2,1886,1788086971.385143,50,7.775473,7.715712
worker_2,1887,1788086971.392936,50,7.780863,7.739872
worker_2,1888,1788086971.400731,50,7.733157,7.692512
worker_2,1889,1788086971.408478,50,7.826122,7.724096
worker_2,1890,1788086971.416332,50,7.815001,7.748640
worker_2,1891,1788086971.424167,50,7.768695,7.725568
worker_2,1892,1788086971.431952,50,7.646527,7.604384
worker_2,1893,1788086971.439612,50,7.782158,7.727232
worker_2,1894,1788086971.447408,50,7.807538,7.753216
worker_2,1895,1788086971.455239,50,7.626285,7.552128
worker_2,1896,1788086971.462893,50,7.896327,7.831392
worker_2,1897,1788086971.470810,50,7.686250,7.638432
worker_2,1898,1788086971.478520,50,7.867899,7.813760
worker_2,1899,1788086971.486409,50,7.468461,7.418112
worker_2,1900,1788086971.493897,50,7.530711,7.483328
worker_2,1901,1788086971.501446,50,7.426154,7.378656
worker_2,1902,1788086971.508890,50,7.669536,7.396704
worker_2,1903,1788086971.516629,50,8.043576,7.684320
worker_2,1904,1788086971.524726,50,7.954622,7.608928
worker_2,1905,1788086971.532732,50,8.041955,7.853408
worker_2,1906,1788086971.540827,50,8.384709,7.880160
worker_2,1907,1788086971.549262,50,7.774250,7.504512
worker_2,1908,1788086971.557063,50,7.830084,7.558944
worker_2,1909,1788086971.564944,50,7.851733,7.712768
worker_2,1910,1788086971.572826,50,7.863492,7.589920
worker_2,1911,1788086971.580741,50,8.040002,7.766816
worker_2,1912,1788086971.588807,50,8.045316,7.628704
worker_2,1913,1788086971.596903,50,7.871953,7.596864
worker_2,1914,1788086971.604801,50,7.813871,7.401760
worker_2,1915,1788086971.612666,50,8.052392,7.762656
worker_2,1916,1788086971.620744,50,7.813880,7.373024
worker_2,1917,1788086971.628608,50,7.597155,7.468096
worker_2,1918,1788086971.636245,50,7.774020,7.506592
worker_2,1919,1788086971.644071,50,7.987993,7.863424
worker_2,1920,1788086971.652088,50,8.044938,7.773536
worker_2,1921,1788086971.660183,50,7.968614,7.830304
worker_2,1922,1788086971.668181,50,7.850473,7.565920
worker_2,1923,1788086971.676098,50,7.827417,7.701376
worker_2,1924,1788086971.683955,50,7.711870,7.433408
worker_2,1925,1788086971.691720,50,7.912927,7.774624
worker_2,1926,1788086971.699663,50,7.741954,7.462176
worker_2,1927,1788086971.707456,50,7.498230,7.369120
worker_2,1928,1788086971.714981,50,7.704871,7.428032
worker_2,1929,1788086971.722740,50,7.554443,7.425952
worker_2,1930,1788086971.730322,50,7.569259,7.514272
worker_2,1931,1788086971.737912,50,7.903492,7.637344
worker_2,1932,1788086971.745868,50,7.710472,7.580672
worker_2,1933,1788086971.753609,50,7.658351,7.382464
worker_2,1934,1788086971.761320,50,7.618637,7.485920
worker_2,1935,1788086971.768967,50,6.991696,6.721600
worker_2,1936,1788086971.776008,50,7.998919,7.872736
worker_2,1937,1788086971.784034,50,7.622510,7.350208
worker_2,1938,1788086971.791706,50,7.685444,7.558080
worker_2,1939,1788086971.799420,50,7.852678,7.576320
worker_2,1940,1788086971.807324,50,7.759620,7.631968
worker_2,1941,1788086971.815111,50,8.056429,7.765504
worker_2,1942,1788086971.823236,50,7.631766,7.509216
worker_2,1943,1788086971.830897,50,8.018290,7.731520
worker_2,1944,1788086971.838967,50,7.649444,7.523968
worker_2,1945,1788086971.846641,50,7.875835,7.608768
worker_2,1946,1788086971.854571,50,7.719843,7.589120
worker_2,1947,1788086971.862320,50,7.898225,7.622720
worker_2,1948,1788086971.870271,50,7.756769,7.627712
worker_2,1949,1788086971.878056,50,7.952511,7.650848
worker_2,1950,1788086971.886059,50,7.775926,7.650240
worker_2,1951,1788086971.893864,50,7.878242,7.604800
worker_2,1952,1788086971.901792,50,7.813825,7.683488
worker_2,1953,1788086971.909632,50,7.809047,7.522176
worker_2,1954,1788086971.917492,50,7.512220,7.384192
worker_2,1955,1788086971.925032,50,7.989882,7.714784
worker_2,1956,1788086971.933072,50,7.997132,7.869504
worker_2,1957,1788086971.941095,50,7.957558,7.673376
worker_2,1958,1788086971.949101,50,7.781130,7.657856
worker_2,1959,1788086971.956908,50,7.832936,7.566112
worker_2,1960,1788086971.964789,50,8.007908,7.882720
worker_2,1961,1788086971.972825,50,7.793889,7.521344
worker_2,1962,1788086971.980686,50,7.854149,7.727008
worker_2,1963,1788086971.988570,50,8.067734,7.797760
worker_2,1964,1788086971.996688,50,7.889992,7.762080
worker_2,1965,1788086972.004604,50,8.096281,7.821664
worker_2,1966,1788086972.012752,50,8.023049,7.894752
worker_2,1967,1788086972.020805,50,7.885890,7.610720
worker_2,1968,1788086972.028742,50,7.905141,7.777568
worker_2,1969,1788086972.036674,50,7.507674,7.233920
worker_2,1970,1788086972.044249,50,7.499989,7.367296
worker_2,1971,1788086972.051778,50,7.941502,7.612224
worker_2,1972,1788086972.059773,50,7.944835,7.750464
worker_2,1973,1788086972.067748,50,7.975919,7.564320
worker_2,1974,1788086972.075776,50,8.049317,7.778176
worker_2,1975,1788086972.083852,50,7.976640,7.594304
worker_2,1976,1788086972.091878,50,8.071151,7.800832
worker_2,1977,1788086972.099976,50,7.513785,7.082880
worker_2,1978,1788086972.107539,50,7.749369,7.616992
worker_2,1979,1788086972.115315,50,7.286904,7.015904
worker_2,1980,1788086972.122651,50,7.608203,7.477568
worker_2,1981,1788086972.130301,50,6.960308,6.904896
worker_2,1982,1788086972.137283,50,7.016318,6.725824
worker_2,1983,1788086972.144356,50,7.206986,7.068000
worker_2,1984,1788086972.151591,50,7.327366,7.057568
worker_2,1985,1788086972.159057,50,7.703935,7.575360
worker_2,1986,1788086972.166789,50,7.879631,7.608608
worker_2,1987,1788086972.174720,50,7.794926,7.667424
worker_2,1988,1788086972.182542,50,7.852769,7.566176
worker_2,1989,1788086972.190446,50,7.837547,7.706752
worker_2,1990,1788086972.198311,50,7.670360,7.393376
worker_2,1991,1788086972.206033,50,7.940762,7.811104
worker_2,1992,1788086972.214004,50,7.876473,7.596096
worker_2,1993,1788086972.221930,50,7.991048,7.863456
worker_2,1994,1788086972.229949,50,7.882853,7.611840
worker_2,1995,1788086972.237884,50,7.994919,7.869984
worker_2,1996,1788086972.245906,50,7.294533,7.024128
worker_2,1997,1788086972.253251,50,7.973270,7.846112
worker_2,1998,1788086972.261252,50,7.781926,7.515008
worker_2,1999,1788086972.269085,50,7.977104,7.853696
worker_2,2000,1788086972.277090,50,7.644833,7.373472
worker_2,2001,1788086972.284804,50,7.889111,7.743840
worker_2,2002,1788086972.292723,50,7.926427,7.659392
worker_2,2003,1788086972.300702,50,8.032020,7.896704
worker_2,2004,1788086972.308763,50,7.837399,7.571328
worker_2,2005,1788086972.316651,50,7.973864,7.848512
worker_2,2006,1788086972.324652,50,7.814333,7.533440
worker_2,2007,1788086972.332518,50,8.035243,7.898432
worker_2,2008,1788086972.340581,50,7.704287,7.422464
worker_2,2009,1788086972.348338,50,7.978678,7.840640
worker_2,2010,1788086972.356345,50,7.950946,7.664544
worker_2,2011,1788086972.364350,50,7.700029,7.569152
worker_2,2012,1788086972.372077,50,7.839473,7.569824
worker_2,2013,1788086972.379967,50,7.416831,7.287872
worker_2,2014,1788086972.387412,50,7.527619,7.252544
worker_2,2015,1788086972.394990,50,7.854491,7.723776
worker_2,2016,1788086972.402874,50,7.754269,7.481760
worker_2,2017,1788086972.410680,50,7.800907,7.665888
worker_2,2018,1788086972.418509,50,7.719223,7.663008
worker_2,2019,1788086972.426249,50,8.036197,7.778848
worker_2,2020,1788086972.434352,50,7.992234,7.867328
worker_2,2021,1788086972.442372,50,7.927668,7.650752
worker_2,2022,1788086972.450352,50,7.789659,7.661888
worker_2,2023,1788086972.458167,50,7.791880,7.733376
worker_2,2024,1788086972.465983,50,7.805223,7.750048
worker_2,2025,1788086972.473808,50,7.859354,7.811104
worker_2,2026,1788086972.481686,50,7.788399,7.736832
worker_2,2027,1788086972.489492,50,7.871853,7.821888
worker_2,2028,1788086972.497383,50,7.815131,7.763392
worker_2,2029,1788086972.505217,50,7.843491,7.794400
worker_2,2030,1788086972.513079,50,7.181107,7.128544
worker_2,2031,1788086972.520278,50,7.513656,7.467136
worker_2,2032,1788086972.527808,50,7.725249,7.458592
worker_2,2033,1788086972.535586,50,7.750463,7.617024
worker_2,2034,1788086972.543366,50,8.170244,7.772608
worker_2,2035,1788086972.551586,50,7.994057,7.707392
worker_2,2036,1788086972.559607,50,7.895252,7.788448
worker_2,2037,1788086972.567524,50,7.801250,7.433344
worker_2,2038,1788086972.575376,50,7.907918,7.423520
worker_2,2039,1788086972.583337,50,8.053929,7.776480
worker_2,2040,1788086972.591429,50,7.869686,7.606880
worker_2,2041,1788086972.599348,50,7.882187,7.760320
worker_2,2042,1788086972.607257,50,7.828844,7.776832
worker_2,2043,1788086972.615106,50,7.987789,7.725760
worker_2,2044,1788086972.623142,50,7.761139,7.638112
worker_2,2045,1788086972.630930,50,7.680898,7.394624
worker_2,2046,1788086972.638664,50,6.951965,6.820896
worker_2,2047,1788086972.645642,50,7.905177,7.612000
worker_2,2048,1788086972.653602,50,7.736074,7.613536
worker_2,2049,1788086972.661367,50,7.962890,7.688256
worker_2,2050,1788086972.669381,50,7.888779,7.756384
worker_2,2051,1788086972.677299,50,7.864529,7.590016
worker_2,2052,1788086972.685215,50,7.825083,7.680768
worker_2,2053,1788086972.693069,50,8.031780,7.757408
worker_2,2054,1788086972.701151,50,7.645351,7.518848
worker_2,2055,1788086972.708822,50,7.928094,7.661440
worker_2,2056,1788086972.716800,50,7.841815,7.711904
worker_2,2057,1788086972.724670,50,7.872713,7.600384
worker_2,2058,1788086972.732593,50,7.821185,7.691648
worker_2,2059,1788086972.740459,50,8.063614,7.792640
worker_2,2060,1788086972.748574,50,8.023659,7.897088
worker_2,2061,1788086972.756626,50,8.136540,7.851968
worker_2,2062,1788086972.764813,50,7.794566,7.667936
worker_2,2063,1788086972.772633,50,7.751185,7.480256
worker_2,2064,1788086972.780435,50,7.676295,7.548000
worker_2,2065,1788086972.788141,50,7.564425,7.291072
worker_2,2066,1788086972.795755,50,7.961965,7.831840
worker_2,2067,1788086972.803746,50,7.909779,7.641408
worker_2,2068,1788086972.811707,50,8.002706,7.862656
worker_2,2069,1788086972.819738,50,7.623175,7.352352
worker_2,2070,1788086972.827411,50,7.991252,7.865888
worker_2,2071,1788086972.835433,50,7.489285,7.211904
worker_2,2072,1788086972.842974,50,7.859205,7.724384
worker_2,2073,1788086972.850863,50,7.525072,7.249856
worker_2,2074,1788086972.858439,50,7.976353,7.849632
worker_2,2075,1788086972.866445,50,7.784824,7.511328
worker_2,2076,1788086972.874284,50,7.989511,7.859616
worker_2,2077,1788086972.882304,50,7.724407,7.445536
worker_2,2078,1788086972.890082,50,7.816909,7.684864
worker_2,2079,1788086972.897946,50,7.743084,7.473536
worker_2,2080,1788086972.905741,50,7.670953,7.537536
worker_2,2081,1788086972.913442,50,7.774889,7.506016
worker_2,2082,1788086972.921267,50,7.890566,7.765024
worker_2,2083,1788086972.929188,50,8.172207,7.901152
worker_2,2084,1788086972.937410,50,7.581907,7.442720
worker_2,2085,1788086972.945019,50,7.320774,7.047360
worker_2,2086,1788086972.952394,50,7.565387,7.439648
worker_2,2087,1788086972.959989,50,8.001604,7.730464
worker_2,2088,1788086972.968044,50,7.839733,7.709088
worker_2,2089,1788086972.975913,50,7.845566,7.569344
worker_2,2090,1788086972.983811,50,7.624065,7.497856
worker_2,2091,1788086972.991463,50,7.834287,7.562880
worker_2,2092,1788086972.999351,50,7.840935,7.712480
worker_2,2093,1788086973.007223,50,7.852575,7.575456
worker_2,2094,1788086973.015129,50,7.816223,7.686144
worker_2,2095,1788086973.022973,50,7.849307,7.578944
worker_2,2096,1788086973.030873,50,7.745241,7.619424
worker_2,2097,1788086973.038645,50,7.579619,7.522176
worker_2,2098,1788086973.046270,50,7.822639,7.555776
worker_2,2099,1788086973.054143,50,7.785862,7.655744
worker_2,2100,1788086973.061958,50,8.010391,7.729984
worker_2,2101,1788086973.070021,50,7.804111,7.679104
worker_2,2102,1788086973.077854,50,7.830862,7.560448
worker_2,2103,1788086973.085736,50,7.846723,7.720128
worker_2,2104,1788086973.093612,50,7.980697,7.709152
worker_2,2105,1788086973.101644,50,7.915808,7.790304
worker_2,2106,1788086973.109585,50,7.885547,7.615072
worker_2,2107,1788086973.117521,50,7.811761,7.685472
worker_2,2108,1788086973.125362,50,8.049965,7.774784
worker_2,2109,1788086973.133464,50,7.535212,7.403712
worker_2,2110,1788086973.141024,50,7.697601,7.414816
worker_2,2111,1788086973.148774,50,7.506942,7.366560
worker_2,2112,1788086973.156307,50,7.965094,7.677312
worker_2,2113,1788086973.164327,50,7.725841,7.597312
worker_2,2114,1788086973.172082,50,7.835826,7.564736
worker_2,2115,1788086973.179970,50,7.693518,7.564000
worker_2,2116,1788086973.187691,50,8.016901,7.735808
worker_2,2117,1788086973.195762,50,7.320441,7.189248
worker_2,2118,1788086973.203125,50,7.861194,7.459552
worker_2,2119,1788086973.211041,50,7.834325,7.706336
worker_2,2120,1788086973.218904,50,7.846519,7.443808
worker_2,2121,1788086973.226804,50,7.917390,7.660896
worker_2,2122,1788086973.234751,50,7.475563,7.418080
worker_2,2123,1788086973.242248,50,7.835111,7.570848
worker_2,2124,1788086973.250137,50,7.723398,7.592000
worker_2,2125,1788086973.257889,50,7.911362,7.640416
worker_2,2126,1788086973.265852,50,7.725175,7.597696
worker_2,2127,1788086973.273605,50,7.892131,7.621536
worker_2,2128,1788086973.281548,50,7.930871,7.801728
worker_2,2129,1788086973.289508,50,7.566508,7.294176
worker_2,2130,1788086973.297128,50,8.055336,7.924416
worker_2,2131,1788086973.305212,50,7.803834,7.530016
worker_2,2132,1788086973.313066,50,7.840668,7.697856
worker_2,2133,1788086973.320936,50,7.919669,7.647008
worker_2,2134,1788086973.328908,50,7.961049,7.830464
worker_2,2135,1788086973.336896,50,7.854168,7.578272
worker_2,2136,1788086973.344895,50,7.119152,6.994720
worker_2,2137,1788086973.352051,50,7.166143,6.889152
worker_2,2138,1788086973.359267,50,7.613527,7.484896
worker_2,2139,1788086973.366912,50,7.864140,7.592256
worker_2,2140,1788086973.374828,50,7.867344,7.738784
worker_2,2141,1788086973.382723,50,8.052744,7.778176
worker_2,2142,1788086973.390828,50,7.787018,7.658592
worker_2,2143,1788086973.398645,50,8.004816,7.728672
worker_2,2144,1788086973.406701,50,7.963715,7.832896
worker_2,2145,1788086973.414692,50,7.798778,7.743232
worker_2,2146,1788086973.422511,50,7.754352,7.487936
worker_2,2147,1788086973.430316,50,7.681898,7.549376
worker_2,2148,1788086973.438024,50,7.906315,7.617088
worker_2,2149,1788086973.445981,50,7.773648,7.637696
worker_2,2150,1788086973.453783,50,7.896936,7.631712
worker_2,2151,1788086973.461733,50,7.994855,7.866240
worker_2,2152,1788086973.469756,50,8.041150,7.771264
worker_2,2153,1788086973.477847,50,7.687500,7.559872
worker_2,2154,1788086973.485560,50,8.013919,7.748032
worker_2,2155,1788086973.493626,50,8.006150,7.879072
worker_2,2156,1788086973.501659,50,8.045270,7.780896
worker_2,2157,1788086973.509768,50,7.800297,7.675552
worker_2,2158,1788086973.517596,50,7.693861,7.420032
worker_2,2159,1788086973.525339,50,7.875103,7.750784
worker_2,2160,1788086973.533241,50,7.905909,7.634432
worker_2,2161,1788086973.541200,50,7.197126,6.917280
worker_2,2162,1788086973.548426,50,6.860076,6.464992
worker_2,2163,1788086973.555335,50,7.831732,7.574592
worker_2,2164,1788086973.563195,50,8.020281,7.598016
worker_2,2165,1788086973.571265,50,7.849908,7.626720
worker_2,2166,1788086973.579141,50,7.874196,7.543200
worker_2,2167,1788086973.587064,50,7.695463,7.537344
worker_2,2168,1788086973.594786,50,7.649555,7.244864
worker_2,2169,1788086973.602484,50,7.803057,7.681504
worker_2,2170,1788086973.610312,50,7.758083,7.489440
worker_2,2171,1788086973.618120,50,7.672953,7.546240
worker_2,2172,1788086973.625821,50,7.997633,7.731936
worker_2,2173,1788086973.633870,50,7.625860,7.504064
worker_2,2174,1788086973.641523,50,7.719593,7.441856
worker_2,2175,1788086973.649298,50,7.199819,7.068544
worker_2,2176,1788086973.656545,50,7.768732,7.497056
worker_2,2177,1788086973.664367,50,7.832509,7.705664
worker_2,2178,1788086973.672240,50,7.919909,7.645216
worker_2,2179,1788086973.680226,50,7.616248,7.485088
worker_2,2180,1788086973.687872,50,7.895844,7.606976
worker_2,2181,1788086973.695819,50,7.831084,7.699520
worker_2,2182,1788086973.703680,50,7.919187,7.643296
worker_2,2183,1788086973.711651,50,7.644703,7.512128
worker_2,2184,1788086973.719323,50,7.850381,7.575232
worker_2,2185,1788086973.727225,50,7.852927,7.720192
worker_2,2186,1788086973.735109,50,7.713861,7.434496
worker_2,2187,1788086973.742872,50,7.506888,7.376160
worker_2,2188,1788086973.750406,50,7.547721,7.490784
worker_2,2189,1788086973.757973,50,7.675620,7.413728
worker_2,2190,1788086973.765702,50,7.863640,7.737952
worker_2,2191,1788086973.773593,50,7.865686,7.598592
worker_2,2192,1788086973.781509,50,7.940919,7.807552
worker_2,2193,1788086973.789478,50,7.868085,7.601408
worker_2,2194,1788086973.797397,50,7.990151,7.864384
worker_2,2195,1788086973.805414,50,7.701371,7.434112
worker_2,2196,1788086973.813181,50,7.917770,7.783040
worker_2,2197,1788086973.821126,50,7.585933,7.307360
worker_2,2198,1788086973.828760,50,7.954251,7.827968
worker_2,2199,1788086973.836741,50,6.929402,6.635584
worker_2,2200,1788086973.843722,50,7.632805,7.499328
worker_2,2201,1788086973.851387,50,7.513758,7.236896
worker_2,2202,1788086973.858951,50,7.929197,7.803552
worker_2,2203,1788086973.866909,50,7.711462,7.439360
worker_2,2204,1788086973.874672,50,7.798112,7.673984
worker_2,2205,1788086973.882498,50,7.851787,7.586208
worker_2,2206,1788086973.890402,50,7.950502,7.822624
worker_2,2207,1788086973.898379,50,7.824362,7.555008
worker_2,2208,1788086973.906253,50,7.786278,7.657248
worker_2,2209,1788086973.914067,50,7.693621,7.421472
worker_2,2210,1788086973.921809,50,7.997964,7.874016
worker_2,2211,1788086973.929834,50,7.845918,7.573856
worker_2,2212,1788086973.937733,50,7.378015,7.239808
worker_2,2213,1788086973.945138,50,7.681546,7.391616
worker_2,2214,1788086973.952870,50,8.009660,7.882080
worker_2,2215,1788086973.960920,50,7.806372,7.533536
worker_2,2216,1788086973.968776,50,7.508294,7.382464
worker_2,2217,1788086973.976313,50,8.024735,7.737024
worker_2,2218,1788086973.984389,50,7.870566,7.739744
worker_2,2219,1788086973.992288,50,8.013910,7.739360
worker_2,2220,1788086974.000354,50,7.590082,7.455200
worker_2,2221,1788086974.007973,50,8.023419,7.747168
worker_2,2222,1788086974.016049,50,7.606055,7.475712
worker_2,2223,1788086974.023682,50,7.686388,7.407360
worker_2,2224,1788086974.031419,50,7.481321,7.351744
worker_2,2225,1788086974.038928,50,7.662889,7.386880
worker_2,2226,1788086974.046641,50,7.734259,7.600480
worker_2,2227,1788086974.054404,50,7.845038,7.785984
worker_2,2228,1788086974.062273,50,7.897501,7.636256
worker_2,2229,1788086974.070220,50,7.979733,7.851264
worker_2,2230,1788086974.078228,50,7.962492,7.691168
worker_2,2231,1788086974.086240,50,7.971160,7.846592
worker_2,2232,1788086974.094236,50,7.830547,7.553952
worker_2,2233,1788086974.102117,50,7.830575,7.704896
worker_2,2234,1788086974.109974,50,8.081873,7.810912
worker_2,2235,1788086974.118119,50,7.824066,7.700544
worker_2,2236,1788086974.125969,50,7.869455,7.593408
worker_2,2237,1788086974.133888,50,7.707963,7.577536
worker_2,2238,1788086974.141623,50,7.666175,7.393824
worker_2,2239,1788086974.149340,50,7.458961,7.331968
worker_2,2240,1788086974.156827,50,7.676980,7.387360
worker_2,2241,1788086974.164556,50,7.638971,7.510560
worker_2,2242,1788086974.172236,50,7.830909,7.551136
worker_2,2243,1788086974.180119,50,7.729426,7.600288
worker_2,2244,1788086974.187877,50,7.765389,7.498400
worker_2,2245,1788086974.195693,50,8.004121,7.875520
worker_2,2246,1788086974.203726,50,7.866963,7.589728
worker_2,2247,1788086974.211643,50,7.498461,7.370208
worker_2,2248,1788086974.219167,50,7.721231,7.447008
worker_2,2249,1788086974.226942,50,7.632813,7.503712
worker_2,2250,1788086974.234602,50,7.806157,7.527424
worker_2,2251,1788086974.242459,50,7.872677,7.740320
worker_2,2252,1788086974.250357,50,7.875501,7.604096
worker_2,2253,1788086974.258284,50,7.713102,7.584160
worker_2,2254,1788086974.266041,50,8.032429,7.733376
worker_2,2255,1788086974.274124,50,7.942705,7.816192
worker_2,2256,1788086974.282094,50,8.047974,7.761024
worker_2,2257,1788086974.290194,50,7.747167,7.621376
worker_2,2258,1788086974.297966,50,7.123791,6.857568
worker_2,2259,1788086974.305139,50,7.658537,7.534816
worker_2,2260,1788086974.312823,50,7.892631,7.604608
worker_2,2261,1788086974.320765,50,7.614926,7.491680
worker_2,2262,1788086974.328406,50,7.652036,7.375392
worker_2,2263,1788086974.336113,50,7.728500,7.597056
worker_2,2264,1788086974.343873,50,7.780029,7.510432
worker_2,2265,1788086974.351705,50,7.849178,7.726144
worker_2,2266,1788086974.359583,50,7.945993,7.681120
worker_2,2267,1788086974.367581,50,7.812908,7.684576
worker_2,2268,1788086974.375420,50,8.036067,7.768768
worker_2,2269,1788086974.383506,50,7.894001,7.770752
worker_2,2270,1788086974.391427,50,7.657953,7.388544
worker_2,2271,1788086974.399133,50,7.761500,7.636160
worker_2,2272,1788086974.406923,50,7.905853,7.633760
worker_2,2273,1788086974.414882,50,7.697323,7.565376
worker_2,2274,1788086974.422618,50,7.522470,7.466944
worker_2,2275,1788086974.430161,50,7.638027,7.366560
worker_2,2276,1788086974.437851,50,7.677408,7.545696
worker_2,2277,1788086974.445558,50,7.679889,7.405568
worker_2,2278,1788086974.453290,50,7.683176,7.554048
worker_2,2279,1788086974.461001,50,7.717917,7.438976
worker_2,2280,1788086974.468776,50,7.786649,7.664032
worker_2,2281,1788086974.476583,50,7.762121,7.507392
worker_2,2282,1788086974.484390,50,7.812010,7.699648
worker_2,2283,1788086974.492235,50,7.868761,7.614752
worker_2,2284,1788086974.500149,50,7.874613,7.753056
worker_2,2285,1788086974.508049,50,7.551618,7.445088
worker_2,2286,1788086974.515643,50,7.730186,7.607232
worker_2,2287,1788086974.523495,50,7.834037,7.757248
worker_2,2288,1788086974.531356,50,7.774963,7.723232
worker_2,2289,1788086974.539153,50,7.245145,7.197216
worker_2,2290,1788086974.546417,50,7.688629,7.640384
worker_2,2291,1788086974.554125,50,7.693797,7.632768
worker_2,2292,1788086974.561835,50,7.576109,7.528544
worker_2,2293,1788086974.569437,50,7.554490,7.504288
worker_2,2294,1788086974.577011,50,7.727833,7.310688
worker_2,2295,1788086974.584794,50,7.771723,7.661888
worker_2,2296,1788086974.592596,50,7.401201,7.341632
worker_2,2297,1788086974.600019,50,7.635202,7.585760
worker_2,2298,1788086974.607674,50,7.329349,7.282368
worker_2,2299,1788086974.615021,50,6.856168,6.799072
worker_2,2300,1788086974.621900,50,7.672360,7.607616
worker_2,2301,1788086974.629598,50,6.929595,6.872768
worker_2,2302,1788086974.636550,50,7.604656,7.545152
worker_2,2303,1788086974.644180,50,7.108679,7.056864
worker_2,2304,1788086974.651305,50,7.638463,7.587072
worker_2,2305,1788086974.658964,50,7.704342,7.655904
worker_2,2306,1788086974.666687,50,7.600564,7.551200
worker_2,2307,1788086974.674305,50,7.471989,7.414752
worker_2,2308,1788086974.681796,50,7.683416,7.632992
worker_2,2309,1788086974.689499,50,7.628721,7.570720
worker_2,2310,1788086974.697146,50,7.798334,7.747968
worker_2,2311,1788086974.704963,50,7.161921,7.111104
worker_2,2312,1788086974.712142,50,7.410478,7.361056
worker_2,2313,1788086974.719582,50,7.594526,7.539904
worker_2,2314,1788086974.727197,50,7.845334,7.790688
worker_2,2315,1788086974.735063,50,7.656582,7.605248
worker_2,2316,1788086974.742739,50,7.630008,7.582336
worker_2,2317,1788086974.750387,50,7.805426,7.713632
worker_2,2318,1788086974.758213,50,7.667953,7.615040
worker_2,2319,1788086974.765901,50,7.556118,7.507616
worker_2,2320,1788086974.773475,50,7.677758,7.631648
worker_2,2321,1788086974.781170,50,7.620388,7.569152
worker_2,2322,1788086974.788811,50,7.780963,7.729408
worker_2,2323,1788086974.796612,50,7.679397,7.617216
worker_2,2324,1788086974.804310,50,7.289052,7.240544
worker_2,2325,1788086974.811616,50,7.647701,7.599072
worker_2,2326,1788086974.819282,50,7.414174,7.358464
worker_2,2327,1788086974.826720,50,7.536563,7.476000
worker_2,2328,1788086974.834277,50,6.964012,6.906304
worker_2,2329,1788086974.841260,50,7.589610,7.542656
worker_2,2330,1788086974.848867,50,7.324570,7.278752
worker_2,2331,1788086974.856210,50,7.591294,7.540320
worker_2,2332,1788086974.863836,50,7.413590,7.363712
worker_2,2333,1788086974.871266,50,7.650869,7.606048
worker_2,2334,1788086974.878933,50,7.631258,7.572256
worker_2,2335,1788086974.886583,50,7.620990,7.572352
worker_2,2336,1788086974.894222,50,7.539517,7.491392
worker_2,2337,1788086974.901778,50,7.510878,7.461472
worker_2,2338,1788086974.909308,50,7.722454,7.672352
worker_2,2339,1788086974.917051,50,7.661008,7.596320
worker_2,2340,1788086974.924731,50,7.791148,7.736736
worker_2,2341,1788086974.932542,50,7.330173,7.276704
worker_2,2342,1788086974.939890,50,7.732278,7.681408
worker_2,2343,1788086974.947640,50,6.866048,6.819232
worker_2,2344,1788086974.954523,50,7.505897,7.448864
worker_2,2345,1788086974.962051,50,7.455053,7.403008
worker_2,2346,1788086974.969526,50,7.604046,7.556512
worker_2,2347,1788086974.977148,50,7.580461,7.527456
worker_2,2348,1788086974.984750,50,7.706472,7.640448
worker_2,2349,1788086974.992476,50,7.394580,7.348800
worker_2,2350,1788086974.999890,50,7.591574,7.544480
worker_2,2351,1788086975.007500,50,7.482683,7.436800
worker_2,2352,1788086975.015010,50,7.559489,7.501280
worker_2,2353,1788086975.022592,50,7.660898,7.606272
worker_2,2354,1788086975.030272,50,7.654824,7.598624
worker_2,2355,1788086975.037951,50,7.448988,7.384224
worker_2,2356,1788086975.045420,50,7.630564,7.579104
worker_2,2357,1788086975.053073,50,7.765462,7.717536
worker_2,2358,1788086975.060858,50,7.240726,7.192032
worker_2,2359,1788086975.068115,50,7.780278,7.731168
worker_2,2360,1788086975.075914,50,7.487349,7.433920
worker_2,2361,1788086975.083421,50,7.750213,7.699744
worker_2,2362,1788086975.091190,50,7.251514,7.204224
worker_2,2363,1788086975.098462,50,7.794380,7.745760
worker_2,2364,1788086975.106275,50,7.582730,7.537824
worker_2,2365,1788086975.113876,50,7.691362,7.640576
worker_2,2366,1788086975.121589,50,7.628999,7.574976
worker_2,2367,1788086975.129237,50,7.629860,7.577760
worker_2,2368,1788086975.136886,50,7.514128,7.467232
worker_2,2369,1788086975.144417,50,7.534841,7.479008
worker_2,2370,1788086975.151975,50,7.765880,7.714400
worker_2,2371,1788086975.159773,50,7.437933,7.371776
worker_2,2372,1788086975.167230,50,7.600907,7.555520
worker_2,2373,1788086975.174848,50,7.643305,7.592192
worker_2,2374,1788086975.182511,50,7.415340,7.365504
worker_2,2375,1788086975.189943,50,7.465128,7.419200
worker_2,2376,1788086975.197425,50,7.458813,7.412448
worker_2,2377,1788086975.204899,50,7.552527,7.506496
worker_2,2378,1788086975.212471,50,7.499202,7.454080
worker_2,2379,1788086975.219987,50,7.605433,7.551296
worker_2,2380,1788086975.227613,50,7.422007,7.366720
worker_2,2381,1788086975.235058,50,7.633676,7.578656
worker_2,2382,1788086975.242712,50,7.594851,7.542304
worker_2,2383,1788086975.250325,50,7.670268,7.624320
worker_2,2384,1788086975.258013,50,7.754176,7.706304
worker_2,2385,1788086975.265785,50,7.378303,7.334304
worker_2,2386,1788086975.273180,50,7.798149,7.751968
worker_2,2387,1788086975.280998,50,7.551213,7.491904
worker_2,2388,1788086975.288567,50,7.783685,7.737920
worker_2,2389,1788086975.296368,50,7.445859,7.395936
worker_2,2390,1788086975.303830,50,7.598535,7.551936
worker_2,2391,1788086975.311453,50,7.796715,7.747808
worker_2,2392,1788086975.319268,50,7.543174,7.489216
worker_2,2393,1788086975.326830,50,7.822074,7.768384
worker_2,2394,1788086975.334673,50,7.496026,7.446592
worker_2,2395,1788086975.342188,50,7.764473,7.717280
worker_2,2396,1788086975.349973,50,7.037902,6.988864
worker_2,2397,1788086975.357030,50,7.635138,7.590496
worker_2,2398,1788086975.364682,50,7.547924,7.500256
worker_2,2399,1788086975.372250,50,7.646934,7.599520
worker_2,2400,1788086975.379915,50,7.512024,7.461632
worker_2,2401,1788086975.387444,50,7.738537,7.692800
worker_2,2402,1788086975.395201,50,7.584804,7.540992
worker_2,2403,1788086975.402802,50,7.645323,7.587520
worker_2,2404,1788086975.410465,50,7.342914,7.295328
worker_2,2405,1788086975.417824,50,7.439886,7.388320
worker_2,2406,1788086975.425286,50,6.551694,6.497664
worker_2,2407,1788086975.431856,50,7.505609,7.456128
worker_2,2408,1788086975.439377,50,7.791816,7.745600
worker_2,2409,1788086975.447186,50,7.685286,7.638880
worker_2,2410,1788086975.454897,50,7.632860,7.587936
worker_2,2411,1788086975.462547,50,7.762204,7.717312
worker_2,2412,1788086975.470326,50,7.688111,7.643520
worker_2,2413,1788086975.478030,50,7.455599,7.408640
worker_2,2414,1788086975.485502,50,7.519470,7.472672
worker_2,2415,1788086975.493039,50,7.634861,7.583744
worker_2,2416,1788086975.500691,50,7.824861,7.778368
worker_2,2417,1788086975.508533,50,7.357497,7.312288
worker_2,2418,1788086975.515907,50,7.776657,7.725856
worker_2,2419,1788086975.523705,50,7.445683,7.374880
worker_2,2420,1788086975.531171,50,7.627519,7.574912
worker_2,2421,1788086975.538817,50,7.547331,7.499136
worker_2,2422,1788086975.546382,50,7.612416,7.566176
worker_2,2423,1788086975.554011,50,7.534183,7.485792
worker_2,2424,1788086975.561563,50,7.601499,7.554336
worker_2,2425,1788086975.569181,50,7.411969,7.365216
worker_2,2426,1788086975.576611,50,7.622221,7.577344
worker_2,2427,1788086975.584254,50,7.417729,7.369984
worker_2,2428,1788086975.591690,50,7.804066,7.758528
worker_2,2429,1788086975.599514,50,7.023975,6.976832
worker_2,2430,1788086975.606561,50,7.770519,7.719776
worker_2,2431,1788086975.614353,50,7.172468,7.123456
worker_2,2432,1788086975.621542,50,7.786009,7.737600
worker_2,2433,1788086975.629345,50,7.693583,7.646336
worker_2,2434,1788086975.637055,50,7.793325,7.748800
worker_2,2435,1788086975.644867,50,7.664314,7.611232
worker_2,2436,1788086975.652548,50,7.469534,7.420640
worker_2,2437,1788086975.660034,50,7.596119,7.547200
worker_2,2438,1788086975.667737,50,7.414071,7.358912
worker_2,2439,1788086975.675170,50,7.632352,7.585888
worker_2,2440,1788086975.682821,50,7.305043,7.256416
worker_2,2441,1788086975.690142,50,7.649288,7.604352
worker_2,2442,1788086975.697808,50,7.293561,7.248544
worker_2,2443,1788086975.705119,50,7.599564,7.548896
worker_2,2444,1788086975.712738,50,7.564146,7.514848
worker_2,2445,1788086975.720321,50,7.511461,7.456448
worker_2,2446,1788086975.727852,50,7.711630,7.661696
worker_2,2447,1788086975.735580,50,7.512600,7.466368
worker_2,2448,1788086975.743110,50,7.609166,7.561824
worker_2,2449,1788086975.750750,50,6.943252,6.896608
worker_2,2450,1788086975.757710,50,7.352784,7.305152
worker_2,2451,1788086975.765082,50,6.759075,6.704416
worker_2,2452,1788086975.771858,50,7.227403,7.181248
worker_2,2453,1788086975.779104,50,7.159709,7.113312
worker_2,2454,1788086975.786283,50,7.654462,7.605856
worker_2,2455,1788086975.793954,50,7.589212,7.541984
worker_2,2456,1788086975.801559,50,7.452526,7.404160
worker_2,2457,1788086975.809029,50,7.625175,7.581760
worker_2,2458,1788086975.816671,50,7.496424,7.450080
worker_2,2459,1788086975.824184,50,7.596702,7.549888
worker_2,2460,1788086975.831798,50,7.511683,7.466208
worker_2,2461,1788086975.839326,50,7.426896,7.372288
worker_2,2462,1788086975.846775,50,7.320404,7.267168
worker_2,2463,1788086975.854114,50,7.593962,7.546400
worker_2,2464,1788086975.861727,50,7.449035,7.402176
worker_2,2465,1788086975.869195,50,7.645462,7.595392
worker_2,2466,1788086975.876860,50,7.252912,7.205344
worker_2,2467,1788086975.884130,50,7.613972,7.550272
worker_2,2468,1788086975.891762,50,6.883993,6.834464
worker_2,2469,1788086975.898669,50,7.673814,7.623840
worker_2,2470,1788086975.906362,50,7.811695,7.764608
worker_2,2471,1788086975.914191,50,7.635360,7.590240
worker_2,2472,1788086975.921843,50,7.597036,7.551840
worker_2,2473,1788086975.929457,50,7.546461,7.497792
worker_2,2474,1788086975.937019,50,7.644499,7.597376
worker_2,2475,1788086975.944681,50,7.637323,7.590976
worker_2,2476,1788086975.952335,50,7.430784,7.386560
worker_2,2477,1788086975.959782,50,7.605137,7.558112
worker_2,2478,1788086975.967408,50,7.463849,7.412416
worker_2,2479,1788086975.974890,50,7.414136,7.362368
worker_2,2480,1788086975.982321,50,7.695657,7.647264
worker_2,2481,1788086975.990034,50,7.589721,7.542304
worker_2,2482,1788086975.997641,50,7.817139,7.771456
worker_2,2483,1788086976.005476,50,7.646351,7.599488
worker_2,2484,1788086976.013140,50,7.800075,7.756096
worker_2,2485,1788086976.020958,50,7.589424,7.543232
worker_2,2486,1788086976.028568,50,7.682824,7.633984
worker_2,2487,1788086976.036269,50,7.457571,7.408192
worker_2,2488,1788086976.043750,50,7.812972,7.766688
worker_2,2489,1788086976.051580,50,7.545202,7.500544
worker_2,2490,1788086976.059144,50,7.816361,7.771584
worker_2,2491,1788086976.066978,50,7.806259,7.760128
worker_2,2492,1788086976.074801,50,7.579711,7.534176
worker_2,2493,1788086976.082398,50,7.424247,7.379104
worker_2,2494,1788086976.089839,50,7.777028,7.730304
worker_2,2495,1788086976.097634,50,7.610082,7.564832
worker_2,2496,1788086976.105261,50,7.398636,7.352672
worker_2,2497,1788086976.112675,50,7.430794,7.384256
worker_2,2498,1788086976.120123,50,7.594212,7.547616
worker_2,2499,1788086976.127734,50,7.493655,7.443904
worker_2,2500,1788086976.135244,50,7.644684,7.598752
worker_2,2501,1788086976.142906,50,7.642916,7.597760
worker_2,2502,1788086976.150568,50,7.420043,7.376480
worker_2,2503,1788086976.158005,50,7.745973,7.697504
worker_2,2504,1788086976.165769,50,7.410301,7.362496
worker_2,2505,1788086976.173195,50,7.555850,7.510176
worker_2,2506,1788086976.180768,50,7.459386,7.403744
worker_2,2507,1788086976.188245,50,7.538804,7.492992
worker_2,2508,1788086976.195808,50,7.459201,7.412896
worker_2,2509,1788086976.203285,50,7.462173,7.414432
worker_2,2510,1788086976.210766,50,7.422506,7.377216
worker_2,2511,1788086976.218204,50,7.501941,7.450592
worker_2,2512,1788086976.225724,50,7.593351,7.541856
worker_2,2513,1788086976.233334,50,7.376848,7.322208
worker_2,2514,1788086976.240729,50,7.632712,7.585056
worker_2,2515,1788086976.248378,50,7.510757,7.463616
worker_2,2516,1788086976.255906,50,7.644851,7.596000
worker_2,2517,1788086976.263569,50,7.565296,7.518784
worker_2,2518,1788086976.271151,50,7.688823,7.644000
worker_2,2519,1788086976.278857,50,7.439026,7.393824
worker_2,2520,1788086976.286312,50,7.649833,7.602016
worker_2,2521,1788086976.293981,50,7.733547,7.686912
worker_2,2522,1788086976.301731,50,7.449757,7.405472
worker_2,2523,1788086976.309198,50,7.596416,7.548384
worker_2,2524,1788086976.316813,50,7.456433,7.412448
worker_2,2525,1788086976.324286,50,7.812815,7.768576
worker_2,2526,1788086976.332117,50,7.418766,7.372864
worker_2,2527,1788086976.339561,50,7.780704,7.732064
worker_2,2528,1788086976.347359,50,7.456831,7.410080
worker_2,2529,1788086976.354834,50,7.765806,7.718432
worker_2,2530,1788086976.362618,50,7.389017,7.342816
worker_2,2531,1788086976.370025,50,7.528535,7.481088
worker_2,2532,1788086976.377569,50,7.471489,7.425760
worker_2,2533,1788086976.385058,50,7.587674,7.542976
worker_2,2534,1788086976.392663,50,7.600351,7.553536
worker_2,2535,1788086976.400280,50,7.533794,7.484224
worker_2,2536,1788086976.407830,50,7.717982,7.673568
worker_2,2537,1788086976.415567,50,7.498147,7.452064
worker_2,2538,1788086976.423083,50,7.733028,7.686912
worker_2,2539,1788086976.430834,50,7.813417,7.765056
worker_2,2540,1788086976.438664,50,7.769770,7.724320
worker_2,2541,1788086976.446452,50,7.340941,7.289792
worker_2,2542,1788086976.453810,50,7.763686,7.713856
worker_2,2543,1788086976.461591,50,7.758324,7.712064
worker_2,2544,1788086976.469366,50,7.743369,7.693920
worker_2,2545,1788086976.477125,50,7.638584,7.590080
worker_2,2546,1788086976.484782,50,7.848325,7.795616
worker_2,2547,1788086976.492653,50,7.317655,7.272192
worker_2,2548,1788086976.499989,50,7.680925,7.633280
worker_2,2549,1788086976.507687,50,7.497304,7.452512
worker_2,2550,1788086976.515201,50,7.431210,7.385888
worker_2,2551,1788086976.522648,50,7.287432,7.239680
worker_2,2552,1788086976.529953,50,7.549535,7.501216
worker_2,2553,1788086976.537520,50,7.583146,7.538400
worker_2,2554,1788086976.545120,50,7.410813,7.250272
worker_2,2555,1788086976.552547,50,7.610564,7.401760
worker_2,2556,1788086976.560174,50,7.619648,7.410560
worker_2,2557,1788086976.567810,50,7.481460,7.271968
worker_2,2558,1788086976.575308,50,7.733333,7.531776
