label,batch,start_unix_s,operations,wall_ms,cuda_batch_ms
worker_3,0,1788086956.583201,50,7.887909,7.694592
worker_3,1,1788086956.591143,50,7.648953,7.536352
worker_3,2,1788086956.598834,50,7.687304,7.582464
worker_3,3,1788086956.606562,50,7.716592,7.615744
worker_3,4,1788086956.614315,50,7.694416,7.594880
worker_3,5,1788086956.622047,50,7.894759,7.798560
worker_3,6,1788086956.629979,50,8.038391,7.755424
worker_3,7,1788086956.638059,50,7.900464,7.782976
worker_3,8,1788086956.645998,50,7.889733,7.787680
worker_3,9,1788086956.653924,50,7.908658,7.803616
worker_3,10,1788086956.661880,50,7.827814,7.722048
worker_3,11,1788086956.669745,50,8.080067,7.794976
worker_3,12,1788086956.677867,50,7.794185,7.483264
worker_3,13,1788086956.685711,50,7.546165,7.390720
worker_3,14,1788086956.693295,50,7.680952,7.575840
worker_3,15,1788086956.701012,50,7.768343,7.665312
worker_3,16,1788086956.708817,50,7.685730,7.584416
worker_3,17,1788086956.716539,50,7.723592,7.612736
worker_3,18,1788086956.724300,50,7.958927,7.837632
worker_3,19,1788086956.732296,50,7.766083,7.662912
worker_3,20,1788086956.740097,50,7.906603,7.806944
worker_3,21,1788086956.748039,50,7.817750,7.719136
worker_3,22,1788086956.755893,50,7.686416,7.606304
worker_3,23,1788086956.763604,50,7.557961,7.505920
worker_3,24,1788086956.771183,50,7.025957,6.975936
worker_3,25,1788086956.778228,50,7.619535,7.567680
worker_3,26,1788086956.785867,50,7.173458,6.903872
worker_3,27,1788086956.793088,50,8.065865,7.723232
worker_3,28,1788086956.801203,50,7.564915,7.433824
worker_3,29,1788086956.808806,50,7.690666,7.632512
worker_3,30,1788086956.816516,50,7.493581,7.445152
worker_3,31,1788086956.824026,50,7.681962,7.636768
worker_3,32,1788086956.831727,50,7.503452,7.457888
worker_3,33,1788086956.839248,50,7.684230,7.639520
worker_3,34,1788086956.846949,50,7.494257,7.447776
worker_3,35,1788086956.854459,50,7.686832,7.641504
worker_3,36,1788086956.862161,50,7.725121,7.677792
worker_3,37,1788086956.869903,50,7.726379,7.675200
worker_3,38,1788086956.877648,50,7.900400,7.631776
worker_3,39,1788086956.885599,50,8.108152,7.764256
worker_3,40,1788086956.893757,50,7.900408,7.713152
worker_3,41,1788086956.901710,50,7.773982,7.651616
worker_3,42,1788086956.909511,50,7.536860,7.483744
worker_3,43,1788086956.917067,50,7.552109,7.504480
worker_3,44,1788086956.924636,50,7.220903,7.113184
worker_3,45,1788086956.931904,50,7.348218,7.240352
worker_3,46,1788086956.939278,50,7.567703,7.502208
worker_3,47,1788086956.946869,50,7.524971,7.461888
worker_3,48,1788086956.954412,50,7.501562,7.452992
worker_3,49,1788086956.961947,50,7.666063,7.616416
worker_3,50,1788086956.969631,50,7.615296,7.568256
worker_3,51,1788086956.977263,50,7.770343,7.514816
worker_3,52,1788086956.985085,50,8.074836,7.738784
worker_3,53,1788086956.993211,50,7.958372,7.617536
worker_3,54,1788086957.001217,50,7.910908,7.782208
worker_3,55,1788086957.009153,50,7.554202,7.491104
worker_3,56,1788086957.016726,50,7.683194,7.633248
worker_3,57,1788086957.024426,50,7.490646,7.440416
worker_3,58,1788086957.031934,50,7.697138,7.651616
worker_3,59,1788086957.039648,50,7.550081,7.505184
worker_3,60,1788086957.047214,50,7.677851,7.632160
worker_3,61,1788086957.054909,50,7.512360,7.466816
worker_3,62,1788086957.062438,50,7.680407,7.634912
worker_3,63,1788086957.070135,50,7.485618,7.438272
worker_3,64,1788086957.077637,50,7.689851,7.644160
worker_3,65,1788086957.085346,50,7.157912,7.110976
worker_3,66,1788086957.092520,50,7.656221,7.610816
worker_3,67,1788086957.100192,50,7.150031,7.103968
worker_3,68,1788086957.107369,50,7.662157,7.614816
worker_3,69,1788086957.115048,50,7.169468,7.113760
worker_3,70,1788086957.122238,50,7.558044,7.502592
worker_3,71,1788086957.129816,50,7.621073,7.570176
worker_3,72,1788086957.137453,50,7.605350,7.558528
worker_3,73,1788086957.145076,50,7.585156,7.539168
worker_3,74,1788086957.152677,50,7.643053,7.598144
worker_3,75,1788086957.160336,50,7.737592,7.691392
worker_3,76,1788086957.168092,50,7.417886,7.369120
worker_3,77,1788086957.175529,50,8.015955,7.756288
worker_3,78,1788086957.183597,50,7.888944,7.497888
worker_3,79,1788086957.191537,50,8.245245,7.913248
worker_3,80,1788086957.199831,50,7.988121,7.663296
worker_3,81,1788086957.207867,50,7.815935,7.696992
worker_3,82,1788086957.215707,50,7.838001,7.783776
worker_3,83,1788086957.223564,50,7.793277,7.748000
worker_3,84,1788086957.231374,50,7.646406,7.602656
worker_3,85,1788086957.239037,50,7.782222,7.738912
worker_3,86,1788086957.246835,50,7.684138,7.640064
worker_3,87,1788086957.254535,50,7.776000,7.711840
worker_3,88,1788086957.262332,50,7.514275,7.467904
worker_3,89,1788086957.269863,50,7.768564,7.724736
worker_3,90,1788086957.277647,50,7.871546,7.614624
worker_3,91,1788086957.285568,50,8.271708,7.941440
worker_3,92,1788086957.293891,50,8.022733,7.693504
worker_3,93,1788086957.301964,50,7.924030,7.803840
worker_3,94,1788086957.309915,50,7.689045,7.636192
worker_3,95,1788086957.317623,50,7.666647,7.619936
worker_3,96,1788086957.325308,50,7.616851,7.570432
worker_3,97,1788086957.332941,50,7.758213,7.706112
worker_3,98,1788086957.340725,50,7.614711,7.562944
worker_3,99,1788086957.348358,50,7.755167,7.706272
worker_3,100,1788086957.356131,50,7.608701,7.536672
worker_3,101,1788086957.363762,50,7.747304,7.692608
worker_3,102,1788086957.371528,50,7.618471,7.565856
worker_3,103,1788086957.379165,50,7.968446,7.709664
worker_3,104,1788086957.387181,50,8.131531,7.804224
worker_3,105,1788086957.395361,50,8.234467,7.908736
worker_3,106,1788086957.403644,50,8.007642,7.683168
worker_3,107,1788086957.411716,50,8.070790,7.946176
worker_3,108,1788086957.419817,50,7.614618,7.559168
worker_3,109,1788086957.427453,50,7.804445,7.758528
worker_3,110,1788086957.435275,50,7.600220,7.555168
worker_3,111,1788086957.442892,50,7.772898,7.728096
worker_3,112,1788086957.450681,50,7.538295,7.489728
worker_3,113,1788086957.458237,50,7.685971,7.636800
worker_3,114,1788086957.465940,50,7.568933,7.523232
worker_3,115,1788086957.473527,50,8.001845,7.744192
worker_3,116,1788086957.481579,50,8.022049,7.692736
worker_3,117,1788086957.489650,50,7.936048,7.813856
worker_3,118,1788086957.497614,50,7.599554,7.543392
worker_3,119,1788086957.505232,50,7.801195,7.753856
worker_3,120,1788086957.513052,50,7.631518,7.580704
worker_3,121,1788086957.520701,50,7.632453,7.585600
worker_3,122,1788086957.528350,50,7.513776,7.468800
worker_3,123,1788086957.535880,50,7.632231,7.586368
worker_3,124,1788086957.543529,50,7.515276,7.326368
worker_3,125,1788086957.551059,50,7.725221,7.300256
worker_3,126,1788086957.558817,50,7.695287,7.612640
worker_3,127,1788086957.566547,50,7.522433,7.467808
worker_3,128,1788086957.574091,50,7.635619,7.588480
worker_3,129,1788086957.581746,50,7.619166,7.563200
worker_3,130,1788086957.589383,50,7.446608,7.400128
worker_3,131,1788086957.596846,50,7.771204,7.720192
worker_3,132,1788086957.604636,50,7.684055,7.622464
worker_3,133,1788086957.612340,50,7.800732,7.747424
worker_3,134,1788086957.620159,50,7.702768,7.653984
worker_3,135,1788086957.627880,50,7.812982,7.767392
worker_3,136,1788086957.635709,50,7.477137,7.431840
worker_3,137,1788086957.643203,50,7.781620,7.734432
worker_3,138,1788086957.651001,50,7.599832,7.554144
worker_3,139,1788086957.658617,50,7.732556,7.685632
worker_3,140,1788086957.666367,50,7.551415,7.506208
worker_3,141,1788086957.673934,50,7.866103,7.599040
worker_3,142,1788086957.681849,50,7.956853,7.578176
worker_3,143,1788086957.689856,50,8.029243,7.685952
worker_3,144,1788086957.697936,50,7.863242,7.528032
worker_3,145,1788086957.705849,50,7.938011,7.610304
worker_3,146,1788086957.713852,50,7.733482,7.609344
worker_3,147,1788086957.721613,50,7.649037,7.594560
worker_3,148,1788086957.729283,50,7.581452,7.533536
worker_3,149,1788086957.736882,50,7.771788,7.713632
worker_3,150,1788086957.744670,50,7.557359,7.509824
worker_3,151,1788086957.752244,50,7.809788,7.763616
worker_3,152,1788086957.760070,50,7.641480,7.594240
worker_3,153,1788086957.767730,50,7.809185,7.760352
worker_3,154,1788086957.775555,50,7.644665,7.596224
worker_3,155,1788086957.783221,50,8.031632,7.764960
worker_3,156,1788086957.791406,50,7.941982,7.611872
worker_3,157,1788086957.799395,50,7.777880,7.654144
worker_3,158,1788086957.807203,50,7.444293,7.388000
worker_3,159,1788086957.814669,50,7.544258,7.496000
worker_3,160,1788086957.822232,50,7.346440,7.297664
worker_3,161,1788086957.829593,50,7.590730,7.543264
worker_3,162,1788086957.837200,50,7.511591,7.457568
worker_3,163,1788086957.844728,50,7.547628,7.499904
worker_3,164,1788086957.852292,50,7.688954,7.634944
worker_3,165,1788086957.859999,50,7.478562,7.425344
worker_3,166,1788086957.867511,50,7.617250,7.565216
worker_3,167,1788086957.875147,50,7.650444,7.391232
worker_3,168,1788086957.882848,50,8.025382,7.691936
worker_3,169,1788086957.890923,50,7.842807,7.513856
worker_3,170,1788086957.898814,50,8.010418,7.680320
worker_3,171,1788086957.906873,50,7.659517,7.536192
worker_3,172,1788086957.914561,50,7.796592,7.743008
worker_3,173,1788086957.922378,50,7.531877,7.485760
worker_3,174,1788086957.929927,50,7.828926,7.782592
worker_3,175,1788086957.937773,50,7.388970,7.343840
worker_3,176,1788086957.945180,50,7.764056,7.719680
worker_3,177,1788086957.952961,50,7.641712,7.554432
worker_3,178,1788086957.960645,50,7.915297,7.813856
worker_3,179,1788086957.968591,50,7.773815,7.713088
worker_3,180,1788086957.976389,50,7.955908,7.755296
worker_3,181,1788086957.984363,50,7.827667,7.630976
worker_3,182,1788086957.992209,50,8.079030,7.660416
worker_3,183,1788086958.000336,50,8.217799,7.741920
worker_3,184,1788086958.008603,50,8.031020,7.554048
worker_3,185,1788086958.016696,50,7.676184,7.196896
worker_3,186,1788086958.024423,50,7.763102,7.476096
worker_3,187,1788086958.032222,50,7.563692,7.349856
worker_3,188,1788086958.039808,50,7.656462,7.447648
worker_3,189,1788086958.047483,50,7.421266,7.230816
worker_3,190,1788086958.054920,50,7.497145,7.285984
worker_3,191,1788086958.062435,50,7.611257,7.402848
worker_3,192,1788086958.070062,50,7.406071,7.230464
worker_3,193,1788086958.077486,50,7.544730,7.498688
worker_3,194,1788086958.085047,50,7.554025,7.491072
worker_3,195,1788086958.092618,50,7.720139,7.653568
worker_3,196,1788086958.100362,50,7.545498,7.419520
worker_3,197,1788086958.107958,50,7.813279,7.683296
worker_3,198,1788086958.115800,50,7.461571,7.401888
worker_3,199,1788086958.123280,50,7.595351,7.545984
worker_3,200,1788086958.130893,50,7.404877,7.360384
worker_3,201,1788086958.138317,50,7.679879,7.632992
worker_3,202,1788086958.146014,50,7.605202,7.559712
worker_3,203,1788086958.153635,50,7.679842,7.632032
worker_3,204,1788086958.161330,50,7.645369,7.599328
worker_3,205,1788086958.169006,50,7.642739,7.591968
worker_3,206,1788086958.176665,50,7.955753,7.693376
worker_3,207,1788086958.184670,50,7.885288,7.557504
worker_3,208,1788086958.192605,50,8.149170,7.813472
worker_3,209,1788086958.200802,50,7.970224,7.645472
worker_3,210,1788086958.208820,50,8.048687,7.866880
worker_3,211,1788086958.216917,50,8.108355,7.965440
worker_3,212,1788086958.225052,50,7.743982,7.686016
worker_3,213,1788086958.232816,50,7.817046,7.769824
worker_3,214,1788086958.240650,50,7.639537,7.594656
worker_3,215,1788086958.248307,50,7.776223,7.730464
worker_3,216,1788086958.256100,50,7.634925,7.586880
worker_3,217,1788086958.263751,50,7.783852,7.736320
worker_3,218,1788086958.271551,50,7.597175,7.549536
worker_3,219,1788086958.279164,50,7.996612,7.741088
worker_3,220,1788086958.287212,50,8.006271,7.676608
worker_3,221,1788086958.295268,50,8.237967,7.910784
worker_3,222,1788086958.303551,50,7.850148,7.524064
worker_3,223,1788086958.311450,50,7.905464,7.779648
worker_3,224,1788086958.319400,50,7.505470,7.450016
worker_3,225,1788086958.326927,50,7.554101,7.507104
worker_3,226,1788086958.334500,50,7.509386,7.464064
worker_3,227,1788086958.342027,50,7.599405,7.551648
worker_3,228,1788086958.349645,50,7.764861,7.718112
worker_3,229,1788086958.357426,50,7.769908,7.723968
worker_3,230,1788086958.365212,50,7.593220,7.548224
worker_3,231,1788086958.372822,50,7.728046,7.684544
worker_3,232,1788086958.380569,50,7.701963,7.429856
worker_3,233,1788086958.388322,50,7.907871,7.780896
worker_3,234,1788086958.396258,50,7.662619,7.606272
worker_3,235,1788086958.403939,50,7.523192,7.474016
worker_3,236,1788086958.411479,50,7.844075,7.796096
worker_3,237,1788086958.419340,50,7.582666,7.534624
worker_3,238,1788086958.426939,50,7.999344,7.737120
worker_3,239,1788086958.434985,50,7.670601,7.545056
worker_3,240,1788086958.442682,50,7.564387,7.512800
worker_3,241,1788086958.450267,50,6.948679,6.901376
worker_3,242,1788086958.457234,50,7.457683,7.408992
worker_3,243,1788086958.464708,50,7.079161,7.033600
worker_3,244,1788086958.471810,50,7.662203,7.614720
worker_3,245,1788086958.479489,50,7.783213,7.527456
worker_3,246,1788086958.487320,50,7.951687,7.625280
worker_3,247,1788086958.495321,50,7.910640,7.582464
worker_3,248,1788086958.503282,50,8.191762,7.860896
worker_3,249,1788086958.511523,50,8.074308,7.744096
worker_3,250,1788086958.519646,50,7.810611,7.689504
worker_3,251,1788086958.527484,50,7.793556,7.738464
worker_3,252,1788086958.535297,50,7.590333,7.542944
worker_3,253,1788086958.542904,50,7.849176,7.649600
worker_3,254,1788086958.550770,50,7.725286,7.534144
worker_3,255,1788086958.558512,50,7.836835,7.641888
worker_3,256,1788086958.566365,50,7.746777,7.554784
worker_3,257,1788086958.574128,50,7.666434,7.469696
worker_3,258,1788086958.581811,50,7.904205,7.640128
worker_3,259,1788086958.589766,50,7.961057,7.630208
worker_3,260,1788086958.597775,50,8.214206,7.890176
worker_3,261,1788086958.606037,50,8.005261,7.677408
worker_3,262,1788086958.614091,50,8.237364,7.911488
worker_3,263,1788086958.622388,50,8.033854,7.705472
worker_3,264,1788086958.630473,50,7.996530,7.697760
worker_3,265,1788086958.638508,50,7.975465,7.827232
worker_3,266,1788086958.646523,50,7.881399,7.787200
worker_3,267,1788086958.654426,50,7.814009,7.767232
worker_3,268,1788086958.662256,50,7.940039,7.691968
worker_3,269,1788086958.670243,50,8.030021,7.914368
worker_3,270,1788086958.678299,50,7.769037,7.508512
worker_3,271,1788086958.686117,50,7.808103,7.681440
worker_3,272,1788086958.693954,50,7.615609,7.485600
worker_3,273,1788086958.701605,50,7.658147,7.537376
worker_3,274,1788086958.709291,50,7.489441,7.416448
worker_3,275,1788086958.716799,50,7.632526,7.585056
worker_3,276,1788086958.724453,50,7.500025,7.425408
worker_3,277,1788086958.731987,50,7.491645,7.409888
worker_3,278,1788086958.739501,50,7.620258,7.570944
worker_3,279,1788086958.747141,50,7.728454,7.682752
worker_3,280,1788086958.754887,50,7.590471,7.545120
worker_3,281,1788086958.762496,50,7.737547,7.693120
worker_3,282,1788086958.770251,50,7.537100,7.488064
worker_3,283,1788086958.777813,50,7.893326,7.619968
worker_3,284,1788086958.785760,50,7.876148,7.638304
worker_3,285,1788086958.793657,50,7.859121,7.612704
worker_3,286,1788086958.801559,50,7.851020,7.736320
worker_3,287,1788086958.809439,50,7.723917,7.441920
worker_3,288,1788086958.817214,50,7.919714,7.790240
worker_3,289,1788086958.825160,50,7.735834,7.455200
worker_3,290,1788086958.832945,50,7.941501,7.802208
worker_3,291,1788086958.840913,50,7.773102,7.490208
worker_3,292,1788086958.848735,50,7.896973,7.767328
worker_3,293,1788086958.856658,50,7.808176,7.525216
worker_3,294,1788086958.864516,50,7.870918,7.743552
worker_3,295,1788086958.872414,50,7.765028,7.473440
worker_3,296,1788086958.880247,50,7.821825,7.687296
worker_3,297,1788086958.888097,50,7.865751,7.566880
worker_3,298,1788086958.896014,50,7.844074,7.716416
worker_3,299,1788086958.903885,50,7.730703,7.459584
worker_3,300,1788086958.911666,50,7.884278,7.751616
worker_3,301,1788086958.919577,50,7.318839,7.050368
worker_3,302,1788086958.926959,50,7.845187,7.714752
worker_3,303,1788086958.934831,50,7.152644,7.095200
worker_3,304,1788086958.942005,50,7.744712,7.481152
worker_3,305,1788086958.949801,50,7.266634,7.127648
worker_3,306,1788086958.957095,50,7.747880,7.465504
worker_3,307,1788086958.964892,50,7.410766,7.273152
worker_3,308,1788086958.972329,50,7.983512,7.730176
worker_3,309,1788086958.980376,50,7.821852,7.683808
worker_3,310,1788086958.988332,50,7.845407,7.773312
worker_3,311,1788086958.996203,50,7.618683,7.553152
worker_3,312,1788086959.003844,50,7.768667,7.712736
worker_3,313,1788086959.011634,50,7.758973,7.704480
worker_3,314,1788086959.019416,50,7.582684,7.528000
worker_3,315,1788086959.027018,50,7.685805,7.490240
worker_3,316,1788086959.034720,50,7.391220,7.192576
worker_3,317,1788086959.042129,50,7.621998,7.423552
worker_3,318,1788086959.049767,50,7.305608,7.238144
worker_3,319,1788086959.057093,50,7.892047,7.692288
worker_3,320,1788086959.065002,50,7.583183,7.442496
worker_3,321,1788086959.072604,50,7.713602,7.506944
worker_3,322,1788086959.080344,50,7.770353,7.584128
worker_3,323,1788086959.088131,50,7.797315,7.603360
worker_3,324,1788086959.095945,50,7.731453,7.682752
worker_3,325,1788086959.103692,50,7.658137,7.607648
worker_3,326,1788086959.111370,50,7.810010,7.756960
worker_3,327,1788086959.119200,50,7.691417,7.640736
worker_3,328,1788086959.126908,50,7.798204,7.753504
worker_3,329,1788086959.134723,50,7.777546,7.722528
worker_3,330,1788086959.142523,50,7.766954,7.708800
worker_3,331,1788086959.150310,50,7.795667,7.748896
worker_3,332,1788086959.158122,50,7.565554,7.517920
worker_3,333,1788086959.165704,50,7.585526,7.536864
worker_3,334,1788086959.173310,50,7.906529,7.728288
worker_3,335,1788086959.181235,50,7.583499,7.389728
worker_3,336,1788086959.188836,50,7.821102,7.633344
worker_3,337,1788086959.196675,50,7.563221,7.369280
worker_3,338,1788086959.204256,50,7.654425,7.586944
worker_3,339,1788086959.211931,50,7.886455,7.622624
worker_3,340,1788086959.219868,50,7.930372,7.806336
worker_3,341,1788086959.227840,50,7.649471,7.594528
worker_3,342,1788086959.235512,50,7.757130,7.709728
worker_3,343,1788086959.243286,50,7.630463,7.585408
worker_3,344,1788086959.250933,50,7.767463,7.721824
worker_3,345,1788086959.258716,50,7.643508,7.598688
worker_3,346,1788086959.266376,50,7.766971,7.716384
worker_3,347,1788086959.274162,50,7.610517,7.561312
worker_3,348,1788086959.281789,50,7.782259,7.737120
worker_3,349,1788086959.289587,50,7.511100,7.465728
worker_3,350,1788086959.297114,50,7.761426,7.714912
worker_3,351,1788086959.304893,50,7.662368,7.606624
worker_3,352,1788086959.312575,50,7.788454,7.734528
worker_3,353,1788086959.320384,50,7.646221,7.596032
worker_3,354,1788086959.328048,50,7.819639,7.760384
worker_3,355,1788086959.335884,50,7.706342,7.649408
worker_3,356,1788086959.343614,50,7.836657,7.774912
worker_3,357,1788086959.351473,50,7.769111,7.717728
worker_3,358,1788086959.359258,50,7.564452,7.518496
worker_3,359,1788086959.366839,50,7.578795,7.528928
worker_3,360,1788086959.374434,50,7.349755,7.299488
worker_3,361,1788086959.381812,50,7.657545,7.611680
worker_3,362,1788086959.389486,50,7.670527,7.626592
worker_3,363,1788086959.397172,50,7.773240,7.724864
worker_3,364,1788086959.404963,50,7.638656,7.580896
worker_3,365,1788086959.412620,50,7.793474,7.732384
worker_3,366,1788086959.420433,50,7.749638,7.700768
worker_3,367,1788086959.428200,50,7.786314,7.727104
worker_3,368,1788086959.436004,50,7.635998,7.590592
worker_3,369,1788086959.443656,50,7.774861,7.728384
worker_3,370,1788086959.451447,50,7.694491,7.638688
worker_3,371,1788086959.459158,50,7.772972,7.726784
worker_3,372,1788086959.466947,50,7.477589,7.421152
worker_3,373,1788086959.474446,50,7.869418,7.807648
worker_3,374,1788086959.482337,50,7.487146,7.440384
worker_3,375,1788086959.489841,50,7.557248,7.509728
worker_3,376,1788086959.497415,50,7.689018,7.642432
worker_3,377,1788086959.505120,50,7.786658,7.729344
worker_3,378,1788086959.512927,50,7.680249,7.611360
worker_3,379,1788086959.520628,50,7.763250,7.703968
worker_3,380,1788086959.528419,50,7.620999,7.575232
worker_3,381,1788086959.536057,50,7.778222,7.723712
worker_3,382,1788086959.543858,50,7.899863,7.690336
worker_3,383,1788086959.551777,50,7.756334,7.555872
worker_3,384,1788086959.559549,50,7.520952,7.321920
worker_3,385,1788086959.567086,50,6.607851,6.408224
worker_3,386,1788086959.573714,50,7.655944,7.461472
worker_3,387,1788086959.581388,50,7.160153,6.962752
worker_3,388,1788086959.588565,50,7.189681,7.010496
worker_3,389,1788086959.595771,50,7.306756,7.213088
worker_3,390,1788086959.603095,50,7.756463,7.710624
worker_3,391,1788086959.610869,50,7.602481,7.552864
worker_3,392,1788086959.618490,50,7.861472,7.812864
worker_3,393,1788086959.626369,50,7.666425,7.622048
worker_3,394,1788086959.634053,50,7.773602,7.729216
worker_3,395,1788086959.641843,50,7.605711,7.560864
worker_3,396,1788086959.649465,50,7.770862,7.724704
worker_3,397,1788086959.657252,50,7.435395,7.389664
worker_3,398,1788086959.664703,50,7.679286,7.634656
worker_3,399,1788086959.672398,50,7.644703,7.599808
worker_3,400,1788086959.680070,50,7.599535,7.552736
worker_3,401,1788086959.687688,50,7.822400,7.775296
worker_3,402,1788086959.695529,50,7.812296,7.760128
worker_3,403,1788086959.703358,50,7.817324,7.769312
worker_3,404,1788086959.711193,50,7.781445,7.730048
worker_3,405,1788086959.718993,50,7.811574,7.763808
worker_3,406,1788086959.726821,50,7.860325,7.814080
worker_3,407,1788086959.734698,50,7.816398,7.761536
worker_3,408,1788086959.742536,50,7.803722,7.742816
worker_3,409,1788086959.750359,50,7.817870,7.771104
worker_3,410,1788086959.758192,50,7.817315,7.774208
worker_3,411,1788086959.766026,50,7.831778,7.784064
worker_3,412,1788086959.773873,50,7.700351,7.655232
worker_3,413,1788086959.781591,50,7.817307,7.772896
worker_3,414,1788086959.789425,50,7.607564,7.562880
worker_3,415,1788086959.797050,50,7.591592,7.545088
worker_3,416,1788086959.804657,50,7.545554,7.496896
worker_3,417,1788086959.812232,50,7.833241,7.564480
worker_3,418,1788086959.820116,50,8.090632,7.723168
worker_3,419,1788086959.828285,50,8.018641,7.689152
worker_3,420,1788086959.836352,50,7.820131,7.699200
worker_3,421,1788086959.844198,50,7.663935,7.599680
worker_3,422,1788086959.851879,50,7.442969,7.398400
worker_3,423,1788086959.859339,50,7.460053,7.415392
worker_3,424,1788086959.866818,50,7.461182,7.415520
worker_3,425,1788086959.874295,50,7.475303,7.429184
worker_3,426,1788086959.881788,50,7.810806,7.764480
worker_3,427,1788086959.889614,50,7.638555,7.591584
worker_3,428,1788086959.897268,50,7.804249,7.758816
worker_3,429,1788086959.905088,50,7.512896,7.447776
worker_3,430,1788086959.912616,50,7.839075,7.767488
worker_3,431,1788086959.920476,50,7.623045,7.570944
worker_3,432,1788086959.928116,50,7.796149,7.744800
worker_3,433,1788086959.935928,50,7.904584,7.653824
worker_3,434,1788086959.943877,50,8.231504,7.903008
worker_3,435,1788086959.952155,50,7.719139,7.587360
worker_3,436,1788086959.959902,50,7.585433,7.534976
worker_3,437,1788086959.967505,50,7.509970,7.464736
worker_3,438,1788086959.975033,50,7.732315,7.687424
worker_3,439,1788086959.982797,50,7.834898,7.785056
worker_3,440,1788086959.990649,50,7.820890,7.776800
worker_3,441,1788086959.998487,50,7.640897,7.595040
worker_3,442,1788086960.006144,50,7.769574,7.724416
worker_3,443,1788086960.013930,50,7.930232,7.673152
worker_3,444,1788086960.021910,50,8.028641,7.901312
worker_3,445,1788086960.029966,50,7.734674,7.677440
worker_3,446,1788086960.037719,50,7.807046,7.756672
worker_3,447,1788086960.045544,50,7.632239,7.587296
worker_3,448,1788086960.053193,50,7.603138,7.559200
worker_3,449,1788086960.060812,50,7.432043,7.387520
worker_3,450,1788086960.068261,50,7.751204,7.689248
worker_3,451,1788086960.076029,50,7.620072,7.571936
worker_3,452,1788086960.083666,50,7.628952,7.583264
worker_3,453,1788086960.091311,50,7.649193,7.604448
worker_3,454,1788086960.098977,50,7.806121,7.760448
worker_3,455,1788086960.106801,50,7.589887,7.542816
worker_3,456,1788086960.114408,50,7.776555,7.725632
worker_3,457,1788086960.122205,50,7.353006,7.301504
worker_3,458,1788086960.129587,50,7.798556,7.751136
worker_3,459,1788086960.137403,50,7.812084,7.552864
worker_3,460,1788086960.145262,50,8.194642,7.866368
worker_3,461,1788086960.153504,50,7.760454,7.636928
worker_3,462,1788086960.161293,50,7.772945,7.720256
worker_3,463,1788086960.169087,50,7.558721,7.512704
worker_3,464,1788086960.176745,50,7.700223,7.635104
worker_3,465,1788086960.184468,50,7.732629,7.685280
worker_3,466,1788086960.192231,50,7.827324,7.761376
worker_3,467,1788086960.200077,50,7.808362,7.760704
worker_3,468,1788086960.207905,50,7.775936,7.727744
worker_3,469,1788086960.215698,50,8.112133,7.842432
worker_3,470,1788086960.223861,50,8.186698,7.842464
worker_3,471,1788086960.232096,50,8.197116,7.863712
worker_3,472,1788086960.240342,50,7.958621,7.827456
worker_3,473,1788086960.248328,50,7.753787,7.695328
worker_3,474,1788086960.256101,50,7.576471,7.531168
worker_3,475,1788086960.263695,50,7.590036,7.546208
worker_3,476,1788086960.271302,50,7.637527,7.593824
worker_3,477,1788086960.278957,50,7.551101,7.503296
worker_3,478,1788086960.286542,50,7.879370,7.829824
worker_3,479,1788086960.294437,50,7.806297,7.762112
worker_3,480,1788086960.302260,50,7.814972,7.769632
worker_3,481,1788086960.310091,50,7.773186,7.728736
worker_3,482,1788086960.317880,50,7.653638,7.607904
worker_3,483,1788086960.325550,50,7.557026,7.512768
worker_3,484,1788086960.333124,50,7.715908,7.672416
worker_3,485,1788086960.340855,50,7.816880,7.558752
worker_3,486,1788086960.348717,50,7.953530,7.827552
worker_3,487,1788086960.356699,50,7.626990,7.558176
worker_3,488,1788086960.364347,50,7.525489,7.479040
worker_3,489,1788086960.371891,50,7.603008,7.558368
worker_3,490,1788086960.379511,50,7.604305,7.556608
worker_3,491,1788086960.387132,50,7.805649,7.760224
worker_3,492,1788086960.394954,50,8.148253,7.758848
worker_3,493,1788086960.403153,50,8.264513,7.809408
worker_3,494,1788086960.411467,50,8.262643,7.805024
worker_3,495,1788086960.419777,50,7.710462,7.567872
worker_3,496,1788086960.427514,50,7.671185,7.494368
worker_3,497,1788086960.435219,50,7.596045,7.481184
worker_3,498,1788086960.442834,50,7.599879,7.420352
worker_3,499,1788086960.450450,50,7.806056,7.619840
worker_3,500,1788086960.458272,50,7.657490,7.469920
worker_3,501,1788086960.465945,50,7.654879,7.608288
worker_3,502,1788086960.473617,50,7.565887,7.520896
worker_3,503,1788086960.481202,50,7.733436,7.683872
worker_3,504,1788086960.488953,50,7.631592,7.587456
worker_3,505,1788086960.496601,50,7.778195,7.733056
worker_3,506,1788086960.504395,50,7.779028,7.731680
worker_3,507,1788086960.512190,50,7.599183,7.556192
worker_3,508,1788086960.519806,50,7.602072,7.558496
worker_3,509,1788086960.527424,50,7.653323,7.605440
worker_3,510,1788086960.535093,50,7.703139,7.617280
worker_3,511,1788086960.542821,50,7.918909,7.748704
worker_3,512,1788086960.550760,50,7.866122,7.662816
worker_3,513,1788086960.558641,50,7.660795,7.460160
worker_3,514,1788086960.566318,50,7.639081,7.439200
worker_3,515,1788086960.573973,50,7.629591,7.442848
worker_3,516,1788086960.581620,50,7.506203,7.307200
worker_3,517,1788086960.589147,50,7.673536,7.532448
worker_3,518,1788086960.596836,50,8.089522,7.662016
worker_3,519,1788086960.604975,50,8.153328,7.747360
worker_3,520,1788086960.613177,50,7.803482,7.680416
worker_3,521,1788086960.621009,50,7.662379,7.605632
worker_3,522,1788086960.628692,50,7.834020,7.785280
worker_3,523,1788086960.636543,50,7.634637,7.588480
worker_3,524,1788086960.644195,50,7.685647,7.625984
worker_3,525,1788086960.651898,50,7.597979,7.555200
worker_3,526,1788086960.659512,50,7.595027,7.548704
worker_3,527,1788086960.667124,50,7.523238,7.480544
worker_3,528,1788086960.674665,50,7.691258,7.645824
worker_3,529,1788086960.682373,50,7.641851,7.595136
worker_3,530,1788086960.690032,50,7.840370,7.794080
worker_3,531,1788086960.697889,50,7.826750,7.783200
worker_3,532,1788086960.705732,50,7.806574,7.760288
worker_3,533,1788086960.713555,50,7.821974,7.777312
worker_3,534,1788086960.721393,50,7.602257,7.557504
worker_3,535,1788086960.729010,50,7.610397,7.564832
worker_3,536,1788086960.736647,50,7.882779,7.613568
worker_3,537,1788086960.744577,50,7.957742,7.641120
worker_3,538,1788086960.752583,50,7.804232,7.683616
worker_3,539,1788086960.760414,50,7.609157,7.553824
worker_3,540,1788086960.768046,50,7.623796,7.577440
worker_3,541,1788086960.775688,50,7.625508,7.578400
worker_3,542,1788086960.783329,50,7.719276,7.673536
worker_3,543,1788086960.791065,50,7.767306,7.721376
worker_3,544,1788086960.798849,50,8.022677,7.765440
worker_3,545,1788086960.806922,50,8.177022,7.832320
worker_3,546,1788086960.815148,50,8.195827,7.868224
worker_3,547,1788086960.823393,50,7.963464,7.638560
worker_3,548,1788086960.831405,50,7.771556,7.652032
worker_3,549,1788086960.839202,50,7.667055,7.615648
worker_3,550,1788086960.846888,50,7.630739,7.584544
worker_3,551,1788086960.854535,50,7.460247,7.415360
worker_3,552,1788086960.862011,50,7.450052,7.405120
worker_3,553,1788086960.869479,50,7.455452,7.409248
worker_3,554,1788086960.876951,50,7.661249,7.613920
worker_3,555,1788086960.884629,50,7.636573,7.590816
worker_3,556,1788086960.892296,50,7.619507,7.572768
worker_3,557,1788086960.899932,50,7.517720,7.473568
worker_3,558,1788086960.907468,50,7.796659,7.750752
worker_3,559,1788086960.915281,50,7.640933,7.596992
worker_3,560,1788086960.922938,50,7.765499,7.721376
worker_3,561,1788086960.930719,50,7.603462,7.549952
worker_3,562,1788086960.938338,50,8.032216,7.782976
worker_3,563,1788086960.946415,50,7.852918,7.740448
worker_3,564,1788086960.954295,50,7.640138,7.588128
worker_3,565,1788086960.961954,50,7.454914,7.408544
worker_3,566,1788086960.969424,50,7.807001,7.758560
worker_3,567,1788086960.977247,50,7.260856,7.213568
worker_3,568,1788086960.984523,50,7.631972,7.587552
worker_3,569,1788086960.992171,50,7.650953,7.602400
worker_3,570,1788086960.999841,50,7.756982,7.710304
worker_3,571,1788086961.007619,50,7.596424,7.548256
worker_3,572,1788086961.015235,50,7.770278,7.723968
worker_3,573,1788086961.023021,50,7.667230,7.620128
worker_3,574,1788086961.030704,50,7.766352,7.718784
worker_3,575,1788086961.038496,50,7.844982,7.581440
worker_3,576,1788086961.046390,50,8.174216,7.844544
worker_3,577,1788086961.054612,50,7.821760,7.684224
worker_3,578,1788086961.062460,50,7.625990,7.575168
worker_3,579,1788086961.070105,50,7.479275,7.432672
worker_3,580,1788086961.077601,50,7.593119,7.547360
worker_3,581,1788086961.085210,50,7.465877,7.420800
worker_3,582,1788086961.092691,50,7.770268,7.726496
worker_3,583,1788086961.100477,50,7.586323,7.541984
worker_3,584,1788086961.108080,50,7.719323,7.674048
worker_3,585,1788086961.115816,50,7.691260,7.646240
worker_3,586,1788086961.123523,50,7.693592,7.648448
worker_3,587,1788086961.131233,50,7.782213,7.735136
worker_3,588,1788086961.139031,50,7.745250,7.684672
worker_3,589,1788086961.146799,50,7.913918,7.851712
worker_3,590,1788086961.154732,50,7.604574,7.557856
worker_3,591,1788086961.162354,50,7.839538,7.580064
worker_3,592,1788086961.170244,50,7.849769,7.724064
worker_3,593,1788086961.178123,50,7.619823,7.543296
worker_3,594,1788086961.185763,50,7.602712,7.553568
worker_3,595,1788086961.193391,50,7.721240,7.673344
worker_3,596,1788086961.201129,50,7.812640,7.547936
worker_3,597,1788086961.208990,50,7.980252,7.640928
worker_3,598,1788086961.217016,50,8.021456,7.691040
worker_3,599,1788086961.225085,50,7.978845,7.650176
worker_3,600,1788086961.233110,50,7.850149,7.728704
worker_3,601,1788086961.240988,50,7.772528,7.715808
worker_3,602,1788086961.248782,50,7.774667,7.727712
worker_3,603,1788086961.256573,50,7.454358,7.410816
worker_3,604,1788086961.264043,50,7.867658,7.821344
worker_3,605,1788086961.271926,50,7.599240,7.556128
worker_3,606,1788086961.279541,50,7.676638,7.628640
worker_3,607,1788086961.287233,50,7.405941,7.359680
worker_3,608,1788086961.294655,50,7.725121,7.680000
worker_3,609,1788086961.302395,50,7.814222,7.754208
worker_3,610,1788086961.310225,50,7.794704,7.749952
worker_3,611,1788086961.318036,50,7.662443,7.617120
worker_3,612,1788086961.325715,50,7.801186,7.754816
worker_3,613,1788086961.333531,50,7.619146,7.575776
worker_3,614,1788086961.341174,50,7.831112,7.770048
worker_3,615,1788086961.349029,50,7.889270,7.576416
worker_3,616,1788086961.356964,50,7.982863,7.661536
worker_3,617,1788086961.364994,50,7.979437,7.643648
worker_3,618,1788086961.373108,50,8.215412,7.880544
worker_3,619,1788086961.381373,50,8.163225,7.837856
worker_3,620,1788086961.389584,50,8.180143,7.852288
worker_3,621,1788086961.397812,50,8.204003,7.874624
worker_3,622,1788086961.406065,50,7.974298,7.645632
worker_3,623,1788086961.414086,50,8.272365,7.945312
worker_3,624,1788086961.422407,50,8.187810,7.864064
worker_3,625,1788086961.430642,50,8.029965,7.892096
worker_3,626,1788086961.438699,50,7.805074,7.754688
worker_3,627,1788086961.446527,50,7.767499,7.720256
worker_3,628,1788086961.454312,50,7.902029,7.857120
worker_3,629,1788086961.462231,50,7.332070,7.287904
worker_3,630,1788086961.469581,50,7.636435,7.592640
worker_3,631,1788086961.477234,50,7.573099,7.523200
worker_3,632,1788086961.484824,50,7.678703,7.630752
worker_3,633,1788086961.492520,50,7.644008,7.597792
worker_3,634,1788086961.500190,50,7.858464,7.808192
worker_3,635,1788086961.508067,50,7.504230,7.455424
worker_3,636,1788086961.515588,50,7.592156,7.548384
worker_3,637,1788086961.523197,50,7.600119,7.546112
worker_3,638,1788086961.530818,50,7.672842,7.614400
worker_3,639,1788086961.538510,50,7.630073,7.571424
worker_3,640,1788086961.546162,50,7.699860,7.423808
worker_3,641,1788086961.553911,50,7.970094,7.629728
worker_3,642,1788086961.561927,50,7.868167,7.539648
worker_3,643,1788086961.569843,50,7.943214,7.614048
worker_3,644,1788086961.577833,50,8.027493,7.701120
worker_3,645,1788086961.585910,50,7.980205,7.653760
worker_3,646,1788086961.593938,50,8.007706,7.680992
worker_3,647,1788086961.601997,50,7.609322,7.485984
worker_3,648,1788086961.609633,50,8.010891,7.738240
worker_3,649,1788086961.617695,50,7.850491,7.723392
worker_3,650,1788086961.625576,50,8.047762,7.777600
worker_3,651,1788086961.633672,50,7.802982,7.678592
worker_3,652,1788086961.641503,50,8.078086,7.813600
worker_3,653,1788086961.649642,50,7.809269,7.681216
worker_3,654,1788086961.657479,50,7.707065,7.650016
worker_3,655,1788086961.665205,50,7.573887,7.527168
worker_3,656,1788086961.672796,50,7.658017,7.602880
worker_3,657,1788086961.680471,50,7.436738,7.380096
worker_3,658,1788086961.687927,50,7.568518,7.524960
worker_3,659,1788086961.695512,50,7.606711,7.563456
worker_3,660,1788086961.703135,50,7.780407,7.735104
worker_3,661,1788086961.710930,50,7.606499,7.563488
worker_3,662,1788086961.718552,50,7.772695,7.725056
worker_3,663,1788086961.726341,50,7.469395,7.426400
worker_3,664,1788086961.733825,50,7.822084,7.776000
worker_3,665,1788086961.741662,50,8.108096,7.852096
worker_3,666,1788086961.749815,50,8.009993,7.892960
worker_3,667,1788086961.757851,50,7.648851,7.378752
worker_3,668,1788086961.765550,50,7.850612,7.725280
worker_3,669,1788086961.773429,50,7.663147,7.393728
worker_3,670,1788086961.781144,50,7.847937,7.717984
worker_3,671,1788086961.789020,50,7.916270,7.649952
worker_3,672,1788086961.796985,50,7.837926,7.711520
worker_3,673,1788086961.804865,50,7.860936,7.624640
worker_3,674,1788086961.812763,50,7.745167,7.583680
worker_3,675,1788086961.820551,50,8.009094,7.857408
worker_3,676,1788086961.828600,50,8.048577,7.746016
worker_3,677,1788086961.836691,50,8.019882,7.714048
worker_3,678,1788086961.844754,50,8.158624,7.838688
worker_3,679,1788086961.852955,50,7.550008,7.383840
worker_3,680,1788086961.860552,50,7.969881,7.854880
worker_3,681,1788086961.868548,50,7.841426,7.576704
worker_3,682,1788086961.876442,50,8.018261,7.889600
worker_3,683,1788086961.884486,50,7.742786,7.665088
worker_3,684,1788086961.892252,50,7.827557,7.767648
worker_3,685,1788086961.900102,50,8.034058,7.978976
worker_3,686,1788086961.908155,50,7.767871,7.720704
worker_3,687,1788086961.915941,50,7.811611,7.764736
worker_3,688,1788086961.923769,50,7.825270,7.780896
worker_3,689,1788086961.931610,50,7.662361,7.595328
worker_3,690,1788086961.939289,50,7.879177,7.810304
worker_3,691,1788086961.947196,50,7.610915,7.539168
worker_3,692,1788086961.954829,50,7.587582,7.538912
worker_3,693,1788086961.962433,50,7.821583,7.769280
worker_3,694,1788086961.970288,50,7.570165,7.518784
worker_3,695,1788086961.977874,50,7.750834,7.708256
worker_3,696,1788086961.985640,50,7.592618,7.321504
worker_3,697,1788086961.993284,50,7.799954,7.674880
worker_3,698,1788086962.001111,50,7.488016,7.435392
worker_3,699,1788086962.008620,50,7.682767,7.632064
worker_3,700,1788086962.016320,50,7.673212,7.627840
worker_3,701,1788086962.024010,50,7.804066,7.755712
worker_3,702,1788086962.031831,50,7.919057,7.647552
worker_3,703,1788086962.039801,50,8.181142,7.836224
worker_3,704,1788086962.048031,50,8.069641,7.734752
worker_3,705,1788086962.056151,50,7.805268,7.651872
worker_3,706,1788086962.063988,50,7.614796,7.553856
worker_3,707,1788086962.071627,50,7.682620,7.630784
worker_3,708,1788086962.079328,50,7.541443,7.493184
worker_3,709,1788086962.086886,50,7.606332,7.559872
worker_3,710,1788086962.094511,50,7.151578,7.107040
worker_3,711,1788086962.101680,50,7.819565,7.774112
worker_3,712,1788086962.109517,50,7.641814,7.595456
worker_3,713,1788086962.117175,50,7.826204,7.780032
worker_3,714,1788086962.125028,50,7.594166,7.530560
worker_3,715,1788086962.132639,50,7.716601,7.672736
worker_3,716,1788086962.140371,50,7.589647,7.530816
worker_3,717,1788086962.147984,50,7.876788,7.811072
worker_3,718,1788086962.155880,50,7.817666,7.557760
worker_3,719,1788086962.163749,50,8.096448,7.763360
worker_3,720,1788086962.171896,50,7.880908,7.550464
worker_3,721,1788086962.179829,50,8.104420,7.723200
worker_3,722,1788086962.187984,50,7.815287,7.486752
worker_3,723,1788086962.195849,50,8.025483,7.697120
worker_3,724,1788086962.203925,50,8.052678,7.725344
worker_3,725,1788086962.212028,50,8.164095,7.839296
worker_3,726,1788086962.220258,50,8.104215,7.779680
worker_3,727,1788086962.228410,50,8.101734,7.772704
worker_3,728,1788086962.236561,50,7.981500,7.855456
worker_3,729,1788086962.244568,50,8.022002,7.741504
worker_3,730,1788086962.252639,50,7.961427,7.626912
worker_3,731,1788086962.260648,50,8.028372,7.902624
worker_3,732,1788086962.268706,50,7.926196,7.654432
worker_3,733,1788086962.276695,50,8.063365,7.938656
worker_3,734,1788086962.284786,50,7.701721,7.646080
worker_3,735,1788086962.292508,50,7.819760,7.773472
worker_3,736,1788086962.300344,50,7.463257,7.417536
worker_3,737,1788086962.307823,50,7.588277,7.542816
worker_3,738,1788086962.315428,50,7.506081,7.461184
worker_3,739,1788086962.322952,50,7.630768,7.585248
worker_3,740,1788086962.330599,50,7.538146,7.492704
worker_3,741,1788086962.338154,50,7.940418,7.688544
worker_3,742,1788086962.346139,50,7.739185,7.422720
worker_3,743,1788086962.353927,50,7.981215,7.649312
worker_3,744,1788086962.361958,50,7.903723,7.570400
worker_3,745,1788086962.369912,50,7.972825,7.641152
worker_3,746,1788086962.377937,50,7.624146,7.497376
worker_3,747,1788086962.385592,50,8.013753,7.744768
worker_3,748,1788086962.393655,50,7.932965,7.807328
worker_3,749,1788086962.401614,50,7.997345,7.731040
worker_3,750,1788086962.409661,50,7.914650,7.788768
worker_3,751,1788086962.417601,50,7.900446,7.629024
worker_3,752,1788086962.425550,50,7.866964,7.745024
worker_3,753,1788086962.433450,50,7.698435,7.646976
worker_3,754,1788086962.441168,50,7.897372,7.622752
worker_3,755,1788086962.449116,50,7.404079,7.052032
worker_3,756,1788086962.456571,50,7.657036,7.519008
worker_3,757,1788086962.464253,50,6.832946,6.776992
worker_3,758,1788086962.471107,50,7.557406,7.509408
worker_3,759,1788086962.478682,50,7.304024,7.259040
worker_3,760,1788086962.486002,50,7.595258,7.545792
worker_3,761,1788086962.493616,50,7.646314,7.601664
worker_3,762,1788086962.501278,50,7.646601,7.598368
worker_3,763,1788086962.508940,50,7.584407,7.536160
worker_3,764,1788086962.516543,50,7.582563,7.535968
worker_3,765,1788086962.524141,50,7.029643,6.985696
worker_3,766,1788086962.531189,50,7.626407,7.580128
worker_3,767,1788086962.538831,50,7.811639,7.552256
worker_3,768,1788086962.546688,50,8.099512,7.608256
worker_3,769,1788086962.554837,50,7.990299,7.513280
worker_3,770,1788086962.562875,50,8.039901,7.566976
worker_3,771,1788086962.570964,50,8.085706,7.608064
worker_3,772,1788086962.579209,50,7.975807,7.484704
worker_3,773,1788086962.587233,50,8.069475,7.589184
worker_3,774,1788086962.595353,50,8.042198,7.564704
worker_3,775,1788086962.603445,50,7.980882,7.612192
worker_3,776,1788086962.611475,50,7.676509,7.498560
worker_3,777,1788086962.619201,50,7.716028,7.596128
worker_3,778,1788086962.626944,50,7.939511,7.675552
worker_3,779,1788086962.634934,50,7.763398,7.633952
worker_3,780,1788086962.642727,50,7.688370,7.632416
worker_3,781,1788086962.650435,50,7.621442,7.567808
worker_3,782,1788086962.658075,50,7.812834,7.767904
worker_3,783,1788086962.665905,50,7.048762,7.004512
worker_3,784,1788086962.672969,50,7.576831,7.530752
worker_3,785,1788086962.680563,50,7.434682,7.385792
worker_3,786,1788086962.688013,50,7.648842,7.605280
worker_3,787,1788086962.695678,50,7.464636,7.419680
worker_3,788,1788086962.703157,50,7.742971,7.696032
worker_3,789,1788086962.710917,50,7.619314,7.570336
worker_3,790,1788086962.718553,50,7.643944,7.599040
worker_3,791,1788086962.726213,50,7.472562,7.423744
worker_3,792,1788086962.733706,50,7.628165,7.583008
worker_3,793,1788086962.741351,50,7.635175,7.380416
worker_3,794,1788086962.749031,50,8.194309,7.872928
worker_3,795,1788086962.757274,50,7.793092,7.467296
worker_3,796,1788086962.765114,50,8.190929,7.857728
worker_3,797,1788086962.773354,50,8.037280,7.706944
worker_3,798,1788086962.781439,50,8.110447,7.777824
worker_3,799,1788086962.789600,50,7.992549,7.643424
worker_3,800,1788086962.797644,50,8.064892,7.725664
worker_3,801,1788086962.805759,50,8.180040,7.856192
worker_3,802,1788086962.813988,50,8.034493,7.710560
worker_3,803,1788086962.822073,50,7.977928,7.504640
worker_3,804,1788086962.830101,50,8.046187,7.567072
worker_3,805,1788086962.838196,50,7.656758,7.384640
worker_3,806,1788086962.845880,50,8.114374,7.703456
worker_3,807,1788086962.854046,50,7.977974,7.498784
worker_3,808,1788086962.862071,50,8.053196,7.575872
worker_3,809,1788086962.870175,50,7.546322,7.358368
worker_3,810,1788086962.877770,50,7.808880,7.693152
worker_3,811,1788086962.885621,50,7.607276,7.552512
worker_3,812,1788086962.893252,50,7.663157,7.616736
worker_3,813,1788086962.900932,50,7.580110,7.534240
worker_3,814,1788086962.908529,50,7.664305,7.617696
worker_3,815,1788086962.916222,50,7.422368,7.377120
worker_3,816,1788086962.923660,50,7.657138,7.602656
worker_3,817,1788086962.931335,50,7.599795,7.556576
worker_3,818,1788086962.938951,50,7.597934,7.553248
worker_3,819,1788086962.946566,50,7.543378,7.497120
worker_3,820,1788086962.954127,50,7.676175,7.629248
worker_3,821,1788086962.961820,50,7.748714,7.703136
worker_3,822,1788086962.969586,50,7.498793,7.453760
worker_3,823,1788086962.977100,50,7.269468,7.215104
worker_3,824,1788086962.984391,50,7.459943,7.408288
worker_3,825,1788086962.991868,50,7.814796,7.555808
worker_3,826,1788086962.999735,50,7.853992,7.726912
worker_3,827,1788086963.007617,50,7.617036,7.560640
worker_3,828,1788086963.015255,50,7.613508,7.568640
worker_3,829,1788086963.022888,50,7.649924,7.605664
worker_3,830,1788086963.030557,50,7.418728,7.371104
worker_3,831,1788086963.038007,50,7.656610,7.608576
worker_3,832,1788086963.045680,50,7.430062,7.375424
worker_3,833,1788086963.053128,50,7.498757,7.446112
worker_3,834,1788086963.060649,50,7.645878,7.584384
worker_3,835,1788086963.068313,50,7.763149,7.713728
worker_3,836,1788086963.076107,50,7.323987,7.265088
worker_3,837,1788086963.083454,50,7.931160,7.670848
worker_3,838,1788086963.091437,50,8.044271,7.714848
worker_3,839,1788086963.099531,50,8.033761,7.911232
worker_3,840,1788086963.107594,50,7.649499,7.592032
worker_3,841,1788086963.115263,50,7.820260,7.773152
worker_3,842,1788086963.123101,50,7.545007,7.500928
worker_3,843,1788086963.130662,50,7.641869,7.596480
worker_3,844,1788086963.138321,50,7.680092,7.635264
worker_3,845,1788086963.146018,50,7.550027,7.505664
worker_3,846,1788086963.153584,50,7.501350,7.454400
worker_3,847,1788086963.161101,50,7.431674,7.386912
worker_3,848,1788086963.168551,50,7.675980,7.612480
worker_3,849,1788086963.176246,50,7.563554,7.289568
worker_3,850,1788086963.183873,50,8.035956,7.692640
worker_3,851,1788086963.191960,50,7.908658,7.569024
worker_3,852,1788086963.199919,50,8.108048,7.764640
worker_3,853,1788086963.208077,50,7.690156,7.563200
worker_3,854,1788086963.215794,50,7.573183,7.518208
worker_3,855,1788086963.223387,50,7.485488,7.439648
worker_3,856,1788086963.230890,50,7.601684,7.556128
worker_3,857,1788086963.238508,50,7.596443,7.552608
worker_3,858,1788086963.246120,50,7.629203,7.584416
worker_3,859,1788086963.253766,50,7.730712,7.684832
worker_3,860,1788086963.261512,50,7.736760,7.690944
worker_3,861,1788086963.269266,50,7.875223,7.830016
worker_3,862,1788086963.277156,50,7.990270,7.734144
worker_3,863,1788086963.285196,50,8.181679,7.852128
worker_3,864,1788086963.293428,50,8.229865,7.891936
worker_3,865,1788086963.301707,50,8.237550,7.900000
worker_3,866,1788086963.309993,50,8.013197,7.887904
worker_3,867,1788086963.318033,50,7.629489,7.576416
worker_3,868,1788086963.325681,50,7.633517,7.585440
worker_3,869,1788086963.333331,50,7.602258,7.555648
worker_3,870,1788086963.340967,50,7.595842,7.546784
worker_3,871,1788086963.348579,50,7.478508,7.432736
worker_3,872,1788086963.356074,50,7.385301,7.337536
worker_3,873,1788086963.363476,50,7.265783,7.220768
worker_3,874,1788086963.370757,50,7.456489,7.413152
worker_3,875,1788086963.378231,50,7.632119,7.372992
worker_3,876,1788086963.385914,50,7.952899,7.828416
worker_3,877,1788086963.393893,50,7.720935,7.667360
worker_3,878,1788086963.401633,50,7.544674,7.496320
worker_3,879,1788086963.409196,50,7.354811,7.307296
worker_3,880,1788086963.416569,50,7.802056,7.736960
worker_3,881,1788086963.424388,50,7.728648,7.469568
worker_3,882,1788086963.432164,50,7.983086,7.633216
worker_3,883,1788086963.440195,50,7.972780,7.612160
worker_3,884,1788086963.448228,50,8.206643,7.878016
worker_3,885,1788086963.456482,50,8.245754,7.908864
worker_3,886,1788086963.464775,50,8.087105,7.755360
worker_3,887,1788086963.472909,50,7.727908,7.360000
worker_3,888,1788086963.480685,50,7.124799,7.000800
worker_3,889,1788086963.487853,50,7.441876,7.389760
worker_3,890,1788086963.495315,50,7.710833,7.665056
worker_3,891,1788086963.503043,50,7.678582,7.633056
worker_3,892,1788086963.510739,50,7.637268,7.592768
worker_3,893,1788086963.518392,50,7.666684,7.622784
worker_3,894,1788086963.526075,50,7.607813,7.560832
worker_3,895,1788086963.533699,50,7.720878,7.674976
worker_3,896,1788086963.541435,50,7.638018,7.437152
worker_3,897,1788086963.549088,50,7.960262,7.601152
worker_3,898,1788086963.557096,50,7.941557,7.542720
worker_3,899,1788086963.565087,50,8.145947,7.672352
worker_3,900,1788086963.573283,50,7.945436,7.461984
worker_3,901,1788086963.581275,50,8.084918,7.620640
worker_3,902,1788086963.589406,50,8.023141,7.697280
worker_3,903,1788086963.597477,50,8.092022,7.602848
worker_3,904,1788086963.605617,50,8.033826,7.676800
worker_3,905,1788086963.613700,50,7.575758,7.190080
worker_3,906,1788086963.621324,50,6.983743,6.454464
worker_3,907,1788086963.628359,50,6.256358,6.117536
worker_3,908,1788086963.634642,50,6.440997,6.384896
worker_3,909,1788086963.641119,50,7.503859,7.451936
worker_3,910,1788086963.648642,50,7.342173,7.296768
worker_3,911,1788086963.656002,50,7.890816,7.633984
worker_3,912,1788086963.663942,50,7.089430,6.949184
worker_3,913,1788086963.671059,50,7.870695,7.602688
worker_3,914,1788086963.678979,50,7.647980,7.525088
worker_3,915,1788086963.686656,50,7.999344,7.731072
worker_3,916,1788086963.694705,50,7.772612,7.648736
worker_3,917,1788086963.702503,50,8.094067,7.833504
worker_3,918,1788086963.710646,50,7.762556,7.641376
worker_3,919,1788086963.718436,50,7.935696,7.669408
worker_3,920,1788086963.726425,50,7.592425,7.463616
worker_3,921,1788086963.734045,50,7.915520,7.651488
worker_3,922,1788086963.742014,50,7.606074,7.485472
worker_3,923,1788086963.749648,50,7.686240,7.572544
worker_3,924,1788086963.757387,50,7.080560,6.956864
worker_3,925,1788086963.764494,50,7.637137,7.373376
worker_3,926,1788086963.772296,50,7.329366,7.207328
worker_3,927,1788086963.779656,50,7.992734,7.730816
worker_3,928,1788086963.787712,50,7.603639,7.479328
worker_3,929,1788086963.795344,50,7.725509,7.460416
worker_3,930,1788086963.803124,50,7.687046,7.557472
worker_3,931,1788086963.810840,50,7.827575,7.555520
worker_3,932,1788086963.818718,50,7.644055,7.521504
worker_3,933,1788086963.826388,50,7.482183,7.429728
worker_3,934,1788086963.833891,50,7.482656,7.217792
worker_3,935,1788086963.841425,50,7.835816,7.700160
worker_3,936,1788086963.849292,50,7.862704,7.599104
worker_3,937,1788086963.857204,50,7.883279,7.758752
worker_3,938,1788086963.865116,50,7.791120,7.522976
worker_3,939,1788086963.872959,50,7.846520,7.723520
worker_3,940,1788086963.880836,50,7.886344,7.618784
worker_3,941,1788086963.888773,50,7.810556,7.686816
worker_3,942,1788086963.896611,50,7.913344,7.650496
worker_3,943,1788086963.904574,50,7.837464,7.712128
worker_3,944,1788086963.912438,50,8.012975,7.729728
worker_3,945,1788086963.920498,50,8.029475,7.900608
worker_3,946,1788086963.928556,50,7.485682,7.424928
worker_3,947,1788086963.936061,50,7.783167,7.734720
worker_3,948,1788086963.943875,50,7.321246,7.274016
worker_3,949,1788086963.951213,50,7.812185,7.767488
worker_3,950,1788086963.959043,50,7.315052,7.271232
worker_3,951,1788086963.966375,50,7.638574,7.471328
worker_3,952,1788086963.974030,50,7.367127,7.240320
worker_3,953,1788086963.981413,50,7.608887,7.440256
worker_3,954,1788086963.989038,50,7.235450,7.060608
worker_3,955,1788086963.996290,50,7.316376,7.122368
worker_3,956,1788086964.003624,50,7.562702,7.369760
worker_3,957,1788086964.011204,50,7.374414,7.327552
worker_3,958,1788086964.018597,50,7.700323,7.442624
worker_3,959,1788086964.026349,50,7.848473,7.520352
worker_3,960,1788086964.034247,50,8.053150,7.701440
worker_3,961,1788086964.042353,50,8.100900,7.772928
worker_3,962,1788086964.050504,50,8.055336,7.732960
worker_3,963,1788086964.058608,50,7.957808,7.834560
worker_3,964,1788086964.066593,50,7.651563,7.594720
worker_3,965,1788086964.074265,50,7.487285,7.440736
worker_3,966,1788086964.081770,50,7.480952,7.434464
worker_3,967,1788086964.089282,50,7.663452,7.615072
worker_3,968,1788086964.096964,50,7.810686,7.764832
worker_3,969,1788086964.104791,50,7.637601,7.592192
worker_3,970,1788086964.112446,50,7.817685,7.773504
worker_3,971,1788086964.120279,50,7.812269,7.546528
worker_3,972,1788086964.128141,50,8.006141,7.656192
worker_3,973,1788086964.136199,50,7.788602,7.439808
worker_3,974,1788086964.144037,50,8.096021,7.756352
worker_3,975,1788086964.152182,50,7.608314,7.471872
worker_3,976,1788086964.159819,50,7.566220,7.489760
worker_3,977,1788086964.167406,50,7.535822,7.488896
worker_3,978,1788086964.174960,50,7.439904,7.394272
worker_3,979,1788086964.182418,50,7.205107,7.157664
worker_3,980,1788086964.189639,50,7.352884,7.308640
worker_3,981,1788086964.197010,50,6.858955,6.811008
worker_3,982,1788086964.203886,50,7.282532,7.235904
worker_3,983,1788086964.211186,50,7.153152,7.109280
worker_3,984,1788086964.218354,50,7.741972,7.479648
worker_3,985,1788086964.226147,50,8.022141,7.687392
worker_3,986,1788086964.234220,50,7.700601,7.365216
worker_3,987,1788086964.241987,50,7.868140,7.528096
worker_3,988,1788086964.249904,50,7.638980,7.507776
worker_3,989,1788086964.257573,50,7.799546,7.744032
worker_3,990,1788086964.265395,50,7.665573,7.618720
worker_3,991,1788086964.273079,50,7.497877,7.453344
worker_3,992,1788086964.280594,50,7.440432,7.395328
worker_3,993,1788086964.288050,50,7.821076,7.776864
worker_3,994,1788086964.295889,50,7.811965,7.768512
worker_3,995,1788086964.303717,50,7.802139,7.756832
worker_3,996,1788086964.311535,50,7.804741,7.759456
worker_3,997,1788086964.319355,50,7.850307,7.592608
worker_3,998,1788086964.327256,50,8.034854,7.704320
worker_3,999,1788086964.335339,50,8.105827,7.777152
worker_3,1000,1788086964.343493,50,7.989955,7.658496
worker_3,1001,1788086964.351532,50,7.567220,7.444192
worker_3,1002,1788086964.359127,50,7.618444,7.565824
worker_3,1003,1788086964.366766,50,6.848021,6.803232
worker_3,1004,1788086964.373630,50,6.988790,6.942848
worker_3,1005,1788086964.380636,50,7.264774,7.218336
worker_3,1006,1788086964.387931,50,7.253477,7.207488
worker_3,1007,1788086964.395203,50,7.468359,7.421280
worker_3,1008,1788086964.402689,50,7.462275,7.416096
worker_3,1009,1788086964.410168,50,7.256321,7.211392
worker_3,1010,1788086964.417440,50,7.809287,7.545696
worker_3,1011,1788086964.425302,50,7.088790,6.751584
worker_3,1012,1788086964.432440,50,7.848844,7.505280
worker_3,1013,1788086964.440341,50,7.885213,7.527328
worker_3,1014,1788086964.448277,50,7.638602,7.515520
worker_3,1015,1788086964.455942,50,7.670999,7.616384
worker_3,1016,1788086964.463632,50,7.322080,7.274144
worker_3,1017,1788086964.470970,50,7.501415,7.457120
worker_3,1018,1788086964.478490,50,7.646953,7.600064
worker_3,1019,1788086964.486153,50,7.774287,7.730880
worker_3,1020,1788086964.493943,50,7.605481,7.561248
worker_3,1021,1788086964.501564,50,7.893548,7.847424
worker_3,1022,1788086964.509473,50,7.607378,7.562240
worker_3,1023,1788086964.517097,50,8.011270,7.751936
worker_3,1024,1788086964.525158,50,7.696305,7.572640
worker_3,1025,1788086964.532881,50,7.827149,7.768416
worker_3,1026,1788086964.540732,50,7.822426,7.628352
worker_3,1027,1788086964.548572,50,7.701010,7.609760
worker_3,1028,1788086964.556289,50,7.839759,7.643264
worker_3,1029,1788086964.564144,50,7.373321,7.179200
worker_3,1030,1788086964.571535,50,7.593953,7.404096
worker_3,1031,1788086964.579144,50,7.512443,7.319424
worker_3,1032,1788086964.586673,50,7.633590,7.566816
worker_3,1033,1788086964.594321,50,7.596461,7.404864
worker_3,1034,1788086964.601934,50,7.532720,7.339488
worker_3,1035,1788086964.609482,50,7.208643,7.002240
worker_3,1036,1788086964.616705,50,6.487980,6.290240
worker_3,1037,1788086964.623210,50,7.616165,7.195392
worker_3,1038,1788086964.630881,50,6.088782,5.564704
worker_3,1039,1788086964.637020,50,7.739342,7.391872
worker_3,1040,1788086964.644811,50,7.815640,7.472128
worker_3,1041,1788086964.652679,50,7.567146,7.428448
worker_3,1042,1788086964.660275,50,6.845455,6.581440
worker_3,1043,1788086964.667170,50,7.819704,7.695104
worker_3,1044,1788086964.675017,50,7.646481,7.591488
worker_3,1045,1788086964.682699,50,7.831853,7.782208
worker_3,1046,1788086964.690550,50,7.550757,7.504320
worker_3,1047,1788086964.698116,50,7.671777,7.624224
worker_3,1048,1788086964.705804,50,6.758177,6.713056
worker_3,1049,1788086964.712577,50,7.773834,7.729408
worker_3,1050,1788086964.720366,50,7.455182,7.200832
worker_3,1051,1788086964.727872,50,8.207939,7.879360
worker_3,1052,1788086964.736129,50,8.053622,7.707808
worker_3,1053,1788086964.744244,50,8.102058,7.765728
worker_3,1054,1788086964.752398,50,7.447654,7.119552
worker_3,1055,1788086964.759895,50,7.723148,7.576384
worker_3,1056,1788086964.767648,50,7.580535,7.522048
worker_3,1057,1788086964.775252,50,7.343830,7.295232
worker_3,1058,1788086964.782613,50,7.421941,7.376960
worker_3,1059,1788086964.790052,50,7.435164,7.391104
worker_3,1060,1788086964.797503,50,7.558924,7.511648
worker_3,1061,1788086964.805078,50,7.117966,7.073728
worker_3,1062,1788086964.812220,50,7.518193,7.317952
worker_3,1063,1788086964.819754,50,6.649222,6.400128
worker_3,1064,1788086964.826453,50,8.067853,7.748096
worker_3,1065,1788086964.834584,50,7.862630,7.533760
worker_3,1066,1788086964.842494,50,7.757639,7.432768
worker_3,1067,1788086964.850299,50,7.718231,7.396416
worker_3,1068,1788086964.858064,50,7.803741,7.683968
worker_3,1069,1788086964.865894,50,7.583331,7.523008
worker_3,1070,1788086964.873496,50,7.478034,7.431552
worker_3,1071,1788086964.880990,50,7.543655,7.478848
worker_3,1072,1788086964.888550,50,7.066642,7.024160
worker_3,1073,1788086964.895632,50,7.641369,7.594432
worker_3,1074,1788086964.903293,50,7.452747,7.403328
worker_3,1075,1788086964.910764,50,7.639110,7.593824
worker_3,1076,1788086964.918418,50,7.153272,6.893216
worker_3,1077,1788086964.925622,50,7.821131,7.495392
worker_3,1078,1788086964.933493,50,7.271005,6.943008
worker_3,1079,1788086964.940907,50,8.151901,7.829344
worker_3,1080,1788086964.949106,50,7.190726,7.069760
worker_3,1081,1788086964.956323,50,7.801675,7.551392
worker_3,1082,1788086964.964167,50,7.730268,7.395488
worker_3,1083,1788086964.971949,50,7.618934,7.445344
worker_3,1084,1788086964.979621,50,7.727167,7.430208
worker_3,1085,1788086964.987389,50,7.816583,7.510080
worker_3,1086,1788086964.995248,50,7.642777,7.522336
worker_3,1087,1788086965.002921,50,7.668897,7.590432
worker_3,1088,1788086965.010611,50,7.407321,7.359328
worker_3,1089,1788086965.018036,50,7.561720,7.504096
worker_3,1090,1788086965.025625,50,7.685148,7.627040
worker_3,1091,1788086965.033330,50,7.608878,7.532800
worker_3,1092,1788086965.040965,50,7.841640,7.763744
worker_3,1093,1788086965.048834,50,7.795048,7.744064
worker_3,1094,1788086965.056649,50,7.745370,7.697856
worker_3,1095,1788086965.064415,50,7.864945,7.815872
worker_3,1096,1788086965.072297,50,7.781121,7.712672
worker_3,1097,1788086965.080095,50,7.663305,7.612032
worker_3,1098,1788086965.087778,50,7.807685,7.762656
worker_3,1099,1788086965.095604,50,7.480840,7.433056
worker_3,1100,1788086965.103102,50,7.767205,7.721344
worker_3,1101,1788086965.110888,50,7.712611,7.664096
worker_3,1102,1788086965.118621,50,7.708315,7.655648
worker_3,1103,1788086965.126352,50,7.479164,7.412896
worker_3,1104,1788086965.133856,50,7.715564,7.667232
worker_3,1105,1788086965.141592,50,7.636962,7.587744
worker_3,1106,1788086965.149249,50,7.593925,7.547168
worker_3,1107,1788086965.156863,50,7.784315,7.740544
worker_3,1108,1788086965.164666,50,7.329275,7.282336
worker_3,1109,1788086965.172012,50,7.668638,7.624864
worker_3,1110,1788086965.179698,50,7.647785,7.601600
worker_3,1111,1788086965.187363,50,7.439368,7.395040
worker_3,1112,1788086965.194820,50,7.815889,7.771424
worker_3,1113,1788086965.202652,50,7.608888,7.563136
worker_3,1114,1788086965.210277,50,7.462553,7.416448
worker_3,1115,1788086965.217757,50,8.009105,7.730336
worker_3,1116,1788086965.225820,50,7.815176,7.468416
worker_3,1117,1788086965.233688,50,7.763472,7.403904
worker_3,1118,1788086965.241506,50,8.152920,7.802144
worker_3,1119,1788086965.249711,50,7.942512,7.804224
worker_3,1120,1788086965.257682,50,7.540720,7.487328
worker_3,1121,1788086965.265242,50,7.730009,7.684544
worker_3,1122,1788086965.272990,50,6.565323,6.518400
worker_3,1123,1788086965.279581,50,7.771463,7.726528
worker_3,1124,1788086965.287372,50,7.334182,7.288576
worker_3,1125,1788086965.294723,50,7.406673,7.360864
worker_3,1126,1788086965.302147,50,7.286376,7.239840
worker_3,1127,1788086965.309448,50,7.831131,7.777760
worker_3,1128,1788086965.317298,50,7.644054,7.373312
worker_3,1129,1788086965.324992,50,8.171320,7.832512
worker_3,1130,1788086965.333213,50,7.845482,7.516864
worker_3,1131,1788086965.341108,50,7.999030,7.654464
worker_3,1132,1788086965.349158,50,7.411219,7.277056
worker_3,1133,1788086965.356597,50,7.606795,7.554016
worker_3,1134,1788086965.364231,50,7.079476,7.030048
worker_3,1135,1788086965.371327,50,7.668787,7.609568
worker_3,1136,1788086965.379014,50,7.727547,7.681632
worker_3,1137,1788086965.386758,50,6.863697,6.815680
worker_3,1138,1788086965.393638,50,7.453497,7.408512
worker_3,1139,1788086965.401107,50,7.403793,7.357376
worker_3,1140,1788086965.408527,50,7.773759,7.720832
worker_3,1141,1788086965.416320,50,7.868418,7.819328
worker_3,1142,1788086965.424205,50,8.046187,7.739520
worker_3,1143,1788086965.432316,50,7.909141,7.777184
worker_3,1144,1788086965.440256,50,7.830177,7.772992
worker_3,1145,1788086965.448105,50,7.598378,7.546944
worker_3,1146,1788086965.455720,50,7.579406,7.535200
worker_3,1147,1788086965.463317,50,7.594980,7.550560
worker_3,1148,1788086965.470928,50,7.509332,7.465696
worker_3,1149,1788086965.478453,50,7.262820,7.216384
worker_3,1150,1788086965.485732,50,7.478099,7.430592
worker_3,1151,1788086965.493228,50,6.899836,6.843808
worker_3,1152,1788086965.500143,50,7.281922,7.235680
worker_3,1153,1788086965.507442,50,6.870474,6.609984
worker_3,1154,1788086965.514363,50,7.722823,7.537184
worker_3,1155,1788086965.522140,50,7.615007,7.481856
worker_3,1156,1788086965.529783,50,7.537767,7.483584
worker_3,1157,1788086965.537339,50,7.702240,7.656416
worker_3,1158,1788086965.545058,50,7.770407,7.636448
worker_3,1159,1788086965.552844,50,7.238597,7.048864
worker_3,1160,1788086965.560099,50,7.671221,7.474720
worker_3,1161,1788086965.567786,50,7.354247,7.307840
worker_3,1162,1788086965.575170,50,7.581007,7.481568
worker_3,1163,1788086965.582767,50,7.498303,7.308768
worker_3,1164,1788086965.590281,50,7.537748,7.344512
worker_3,1165,1788086965.597834,50,7.437117,7.244928
worker_3,1166,1788086965.605287,50,7.854852,7.596288
worker_3,1167,1788086965.613192,50,8.033168,7.549568
worker_3,1168,1788086965.621274,50,8.021539,7.649600
worker_3,1169,1788086965.629345,50,7.717917,7.360352
worker_3,1170,1788086965.637111,50,7.994438,7.477600
worker_3,1171,1788086965.645157,50,7.482711,7.228416
worker_3,1172,1788086965.652667,50,7.693666,7.636960
worker_3,1173,1788086965.660381,50,7.546129,7.493344
worker_3,1174,1788086965.667944,50,7.752371,7.708256
worker_3,1175,1788086965.675713,50,7.558387,7.513568
worker_3,1176,1788086965.683287,50,7.509359,7.460928
worker_3,1177,1788086965.690814,50,7.633240,7.583456
worker_3,1178,1788086965.698463,50,7.544341,7.500640
worker_3,1179,1788086965.706023,50,7.861806,7.607968
worker_3,1180,1788086965.713935,50,7.387025,7.060608
worker_3,1181,1788086965.721368,50,8.109160,7.782528
worker_3,1182,1788086965.729538,50,6.688130,6.349440
worker_3,1183,1788086965.736274,50,7.944575,7.804896
worker_3,1184,1788086965.744246,50,6.818946,6.765184
worker_3,1185,1788086965.751084,50,7.769509,7.722976
worker_3,1186,1788086965.758872,50,6.941975,6.897952
worker_3,1187,1788086965.765832,50,7.792714,7.747616
worker_3,1188,1788086965.773643,50,6.830835,6.780096
worker_3,1189,1788086965.780489,50,7.453256,7.408064
worker_3,1190,1788086965.787959,50,7.639268,7.592896
worker_3,1191,1788086965.795615,50,7.597148,7.551680
worker_3,1192,1788086965.803229,50,7.462433,7.415232
worker_3,1193,1788086965.810709,50,7.814010,7.559936
worker_3,1194,1788086965.818573,50,8.043567,7.714880
worker_3,1195,1788086965.826668,50,7.721915,7.392544
worker_3,1196,1788086965.834441,50,7.637573,7.298816
worker_3,1197,1788086965.842129,50,7.672212,7.536896
worker_3,1198,1788086965.849831,50,7.443395,7.377728
worker_3,1199,1788086965.857293,50,7.440184,7.374336
worker_3,1200,1788086965.864751,50,7.611906,7.565472
worker_3,1201,1788086965.872397,50,7.629739,7.585600
worker_3,1202,1788086965.880044,50,7.492156,7.447680
worker_3,1203,1788086965.887551,50,7.556415,7.508160
worker_3,1204,1788086965.895124,50,7.683046,7.638336
worker_3,1205,1788086965.902824,50,7.492729,7.444288
worker_3,1206,1788086965.910333,50,7.876139,7.618592
worker_3,1207,1788086965.918261,50,7.999113,7.672128
worker_3,1208,1788086965.926309,50,8.160374,7.836576
worker_3,1209,1788086965.934520,50,7.827409,7.504768
worker_3,1210,1788086965.942396,50,8.176031,7.851872
worker_3,1211,1788086965.950621,50,7.451544,7.331968
worker_3,1212,1788086965.958100,50,7.755601,7.701152
worker_3,1213,1788086965.965874,50,7.419006,7.372640
worker_3,1214,1788086965.973310,50,7.689712,7.643840
worker_3,1215,1788086965.981017,50,7.411572,7.346656
worker_3,1216,1788086965.988446,50,7.615814,7.560512
worker_3,1217,1788086965.996077,50,7.431303,7.385088
worker_3,1218,1788086966.003524,50,7.604518,7.557952
worker_3,1219,1788086966.011145,50,7.742028,7.466496
worker_3,1220,1788086966.018941,50,8.068391,7.725024
worker_3,1221,1788086966.027071,50,7.785945,7.443008
worker_3,1222,1788086966.034909,50,7.998363,7.662144
worker_3,1223,1788086966.042958,50,7.861620,7.736128
worker_3,1224,1788086966.050848,50,7.613507,7.559296
worker_3,1225,1788086966.058481,50,7.546757,7.500832
worker_3,1226,1788086966.066045,50,7.549572,7.501920
worker_3,1227,1788086966.073615,50,7.541201,7.496352
worker_3,1228,1788086966.081173,50,7.639721,7.594528
worker_3,1229,1788086966.088829,50,6.872983,6.827424
worker_3,1230,1788086966.095796,50,7.615712,7.559136
worker_3,1231,1788086966.103432,50,7.804454,7.740800
worker_3,1232,1788086966.111254,50,7.949261,7.543616
worker_3,1233,1788086966.119252,50,8.158485,7.834592
worker_3,1234,1788086966.127460,50,8.031466,7.697088
worker_3,1235,1788086966.135540,50,8.166021,7.838464
worker_3,1236,1788086966.143754,50,7.796120,7.463264
worker_3,1237,1788086966.151599,50,7.986613,7.859200
worker_3,1238,1788086966.159612,50,7.611925,7.554208
worker_3,1239,1788086966.167244,50,7.860824,7.813728
worker_3,1240,1788086966.175136,50,7.368737,7.320064
worker_3,1241,1788086966.182522,50,7.774398,7.727008
worker_3,1242,1788086966.190314,50,7.603646,7.557792
worker_3,1243,1788086966.197935,50,7.723694,7.679168
worker_3,1244,1788086966.205676,50,7.784695,7.518912
worker_3,1245,1788086966.213513,50,7.970724,7.622304
worker_3,1246,1788086966.221535,50,8.138040,7.789312
worker_3,1247,1788086966.229721,50,8.003446,7.662208
worker_3,1248,1788086966.237772,50,7.887028,7.762880
worker_3,1249,1788086966.245685,50,7.660526,7.607744
worker_3,1250,1788086966.253365,50,7.542868,7.496640
worker_3,1251,1788086966.260924,50,7.449582,7.405440
worker_3,1252,1788086966.268390,50,7.766667,7.720320
worker_3,1253,1788086966.276172,50,7.605388,7.561440
worker_3,1254,1788086966.283794,50,7.811018,7.766624
worker_3,1255,1788086966.291623,50,7.668685,7.624384
worker_3,1256,1788086966.299308,50,7.824352,7.780576
worker_3,1257,1788086966.307147,50,7.483478,7.230464
worker_3,1258,1788086966.314681,50,7.950334,7.622400
worker_3,1259,1788086966.322682,50,7.364394,7.039232
worker_3,1260,1788086966.330112,50,7.883353,7.548224
worker_3,1261,1788086966.338045,50,7.685703,7.359872
worker_3,1262,1788086966.345781,50,7.738074,7.403904
worker_3,1263,1788086966.353569,50,7.850788,7.729504
worker_3,1264,1788086966.361447,50,7.549981,7.474336
worker_3,1265,1788086966.369027,50,7.581387,7.486720
worker_3,1266,1788086966.376632,50,7.461609,7.407680
worker_3,1267,1788086966.384110,50,7.491581,7.444800
worker_3,1268,1788086966.391620,50,7.412405,7.365248
worker_3,1269,1788086966.399050,50,7.376812,7.329248
worker_3,1270,1788086966.406446,50,7.630472,7.369760
worker_3,1271,1788086966.414127,50,7.962714,7.627328
worker_3,1272,1788086966.422141,50,7.693277,7.356288
worker_3,1273,1788086966.429883,50,8.160401,7.832480
worker_3,1274,1788086966.438093,50,7.826778,7.496064
worker_3,1275,1788086966.445968,50,8.190347,7.866112
worker_3,1276,1788086966.454209,50,7.671388,7.547744
worker_3,1277,1788086966.461906,50,7.785880,7.728416
worker_3,1278,1788086966.469712,50,7.240375,7.190272
worker_3,1279,1788086966.476974,50,7.652851,7.604384
worker_3,1280,1788086966.484643,50,7.433136,7.384768
worker_3,1281,1788086966.492093,50,7.814334,7.766816
worker_3,1282,1788086966.499927,50,7.285847,7.239648
worker_3,1283,1788086966.507229,50,7.990436,7.735520
worker_3,1284,1788086966.515270,50,7.612600,7.283360
worker_3,1285,1788086966.522931,50,8.165235,7.830304
worker_3,1286,1788086966.531149,50,7.834427,7.709024
worker_3,1287,1788086966.539011,50,7.520073,7.462912
worker_3,1288,1788086966.546551,50,7.814204,7.767840
worker_3,1289,1788086966.554382,50,7.417570,7.372448
worker_3,1290,1788086966.561817,50,7.805593,7.760864
worker_3,1291,1788086966.569639,50,7.253348,7.209632
worker_3,1292,1788086966.576908,50,7.617073,7.572992
worker_3,1293,1788086966.584541,50,7.381090,7.335424
worker_3,1294,1788086966.591939,50,7.641360,7.593536
worker_3,1295,1788086966.599600,50,7.320052,7.272064
worker_3,1296,1788086966.606936,50,7.768092,7.716608
worker_3,1297,1788086966.614725,50,7.536655,7.483328
worker_3,1298,1788086966.622281,50,7.975168,7.710048
worker_3,1299,1788086966.630318,50,7.813556,7.482304
worker_3,1300,1788086966.638182,50,8.246893,7.906848
worker_3,1301,1788086966.646479,50,7.685425,7.561824
worker_3,1302,1788086966.654191,50,7.779815,7.726624
worker_3,1303,1788086966.661991,50,7.222394,7.175360
worker_3,1304,1788086966.669230,50,7.650415,7.605120
worker_3,1305,1788086966.676896,50,7.340201,7.293056
worker_3,1306,1788086966.684254,50,7.585175,7.542432
worker_3,1307,1788086966.691856,50,7.647370,7.602016
worker_3,1308,1788086966.699518,50,7.432618,7.387872
worker_3,1309,1788086966.706968,50,7.801102,7.546240
worker_3,1310,1788086966.714818,50,8.093132,7.744160
worker_3,1311,1788086966.722962,50,8.062595,7.725504
worker_3,1312,1788086966.731072,50,8.201753,7.866272
worker_3,1313,1788086966.739325,50,7.629174,7.502496
worker_3,1314,1788086966.746982,50,7.653870,7.601312
worker_3,1315,1788086966.754654,50,7.426311,7.380576
worker_3,1316,1788086966.762098,50,7.767824,7.723616
worker_3,1317,1788086966.769883,50,7.462766,7.418720
worker_3,1318,1788086966.777376,50,7.687082,7.640896
worker_3,1319,1788086966.785081,50,7.466775,7.421856
worker_3,1320,1788086966.792563,50,7.635480,7.588544
worker_3,1321,1788086966.800225,50,7.331136,7.285248
worker_3,1322,1788086966.807574,50,7.825963,7.771328
worker_3,1323,1788086966.815420,50,7.703213,7.650144
worker_3,1324,1788086966.823143,50,7.496248,7.451040
worker_3,1325,1788086966.830658,50,7.640221,7.596096
worker_3,1326,1788086966.838315,50,7.651175,7.368832
worker_3,1327,1788086966.846018,50,8.008354,7.668032
worker_3,1328,1788086966.854080,50,7.991910,7.662560
worker_3,1329,1788086966.862122,50,7.793657,7.673408
worker_3,1330,1788086966.869941,50,7.693202,7.639904
worker_3,1331,1788086966.877654,50,7.456054,7.410496
worker_3,1332,1788086966.885128,50,7.825537,7.779264
worker_3,1333,1788086966.892970,50,7.473147,7.426976
worker_3,1334,1788086966.900459,50,7.787658,7.740128
worker_3,1335,1788086966.908263,50,7.491285,7.434336
worker_3,1336,1788086966.915777,50,7.818501,7.763584
worker_3,1337,1788086966.923615,50,6.777955,6.727872
worker_3,1338,1788086966.930429,50,7.604693,7.553888
worker_3,1339,1788086966.938051,50,6.749732,6.703168
worker_3,1340,1788086966.944817,50,7.416025,7.363872
worker_3,1341,1788086966.952251,50,7.515100,7.245760
worker_3,1342,1788086966.959820,50,7.678637,7.536640
worker_3,1343,1788086966.967524,50,7.300052,7.244896
worker_3,1344,1788086966.974844,50,7.472933,7.427680
worker_3,1345,1788086966.982335,50,7.250986,7.206624
worker_3,1346,1788086966.989603,50,7.480080,7.432672
worker_3,1347,1788086966.997099,50,7.573360,7.526048
worker_3,1348,1788086967.004689,50,7.617462,7.573344
worker_3,1349,1788086967.012323,50,7.380561,7.329536
worker_3,1350,1788086967.019724,50,7.619777,7.570688
worker_3,1351,1788086967.027366,50,7.420405,7.374048
worker_3,1352,1788086967.034803,50,7.802955,7.756352
worker_3,1353,1788086967.042622,50,7.552081,7.507168
worker_3,1354,1788086967.050190,50,7.600166,7.547840
worker_3,1355,1788086967.057810,50,7.596221,7.546656
worker_3,1356,1788086967.065425,50,7.324052,7.278688
worker_3,1357,1788086967.072778,50,7.780407,7.735136
worker_3,1358,1788086967.080578,50,7.249246,7.196992
worker_3,1359,1788086967.087844,50,7.605794,7.559712
worker_3,1360,1788086967.095465,50,7.468814,7.419648
worker_3,1361,1788086967.102951,50,7.771482,7.725408
worker_3,1362,1788086967.110740,50,7.754481,7.498048
worker_3,1363,1788086967.118547,50,8.035050,7.702432
worker_3,1364,1788086967.126636,50,7.834102,7.494016
worker_3,1365,1788086967.134521,50,7.978686,7.853568
worker_3,1366,1788086967.142529,50,7.298265,7.238816
worker_3,1367,1788086967.149848,50,7.713944,7.665760
worker_3,1368,1788086967.157582,50,7.954455,7.903232
worker_3,1369,1788086967.165555,50,7.550841,7.504640
worker_3,1370,1788086967.173122,50,7.607518,7.553856
worker_3,1371,1788086967.180748,50,7.554489,7.508160
worker_3,1372,1788086967.188320,50,7.667583,7.621664
worker_3,1373,1788086967.196005,50,7.505211,7.458272
worker_3,1374,1788086967.203526,50,7.537840,7.476128
worker_3,1375,1788086967.211082,50,7.641388,7.381088
worker_3,1376,1788086967.218776,50,7.911298,7.571424
worker_3,1377,1788086967.226749,50,7.663879,7.535488
worker_3,1378,1788086967.234445,50,7.608953,7.554176
worker_3,1379,1788086967.242073,50,7.307793,7.260928
worker_3,1380,1788086967.249398,50,7.807018,7.761568
worker_3,1381,1788086967.257303,50,7.327820,7.274880
worker_3,1382,1788086967.264652,50,7.721972,7.673184
worker_3,1383,1788086967.272393,50,7.512276,7.467488
worker_3,1384,1788086967.279924,50,7.829935,7.784320
worker_3,1385,1788086967.287771,50,7.480840,7.434624
worker_3,1386,1788086967.295268,50,7.608018,7.562560
worker_3,1387,1788086967.302893,50,7.598101,7.553440
worker_3,1388,1788086967.310507,50,7.834909,7.577024
worker_3,1389,1788086967.318394,50,7.760185,7.570208
worker_3,1390,1788086967.326205,50,7.859796,7.497312
worker_3,1391,1788086967.334115,50,7.868806,7.524000
worker_3,1392,1788086967.342034,50,8.058003,7.692992
worker_3,1393,1788086967.350144,50,7.635036,7.504704
worker_3,1394,1788086967.357808,50,7.412719,7.358624
worker_3,1395,1788086967.365242,50,7.640787,7.592512
worker_3,1396,1788086967.372915,50,7.752658,7.705984
worker_3,1397,1788086967.380686,50,7.561850,7.515328
worker_3,1398,1788086967.388264,50,7.785389,7.726752
worker_3,1399,1788086967.396065,50,7.513099,7.467168
worker_3,1400,1788086967.403596,50,7.773167,7.727648
worker_3,1401,1788086967.411386,50,7.855890,7.604480
worker_3,1402,1788086967.419290,50,7.995169,7.669568
worker_3,1403,1788086967.427335,50,8.062261,7.735584
worker_3,1404,1788086967.435446,50,7.773250,7.649664
worker_3,1405,1788086967.443247,50,7.803241,7.749920
worker_3,1406,1788086967.451071,50,7.521165,7.468192
worker_3,1407,1788086967.458611,50,7.754908,7.710656
worker_3,1408,1788086967.466384,50,7.433442,7.388352
worker_3,1409,1788086967.473834,50,7.233301,7.189664
worker_3,1410,1788086967.481083,50,7.414007,7.366016
worker_3,1411,1788086967.488513,50,7.483284,7.436992
worker_3,1412,1788086967.496012,50,7.435553,7.390336
worker_3,1413,1788086967.503465,50,7.394432,7.349344
worker_3,1414,1788086967.510874,50,7.923862,7.629728
worker_3,1415,1788086967.518850,50,7.886722,7.561568
worker_3,1416,1788086967.526796,50,8.114160,7.779744
worker_3,1417,1788086967.534960,50,7.701231,7.582176
worker_3,1418,1788086967.542688,50,7.631656,7.577056
worker_3,1419,1788086967.550339,50,6.951012,6.902624
worker_3,1420,1788086967.557306,50,7.398423,7.346432
worker_3,1421,1788086967.564723,50,6.784843,6.734176
worker_3,1422,1788086967.571526,50,7.302903,7.235520
worker_3,1423,1788086967.578849,50,7.406552,7.361376
worker_3,1424,1788086967.586273,50,7.394683,7.221952
worker_3,1425,1788086967.593686,50,7.155894,7.025888
worker_3,1426,1788086967.600860,50,7.290172,7.242880
worker_3,1427,1788086967.608166,50,7.597386,7.546400
worker_3,1428,1788086967.615783,50,7.459711,7.407520
worker_3,1429,1788086967.623260,50,6.890965,6.841536
worker_3,1430,1788086967.630167,50,7.582544,7.533120
worker_3,1431,1788086967.637766,50,7.718213,7.669504
worker_3,1432,1788086967.645501,50,7.669073,7.409184
worker_3,1433,1788086967.653222,50,7.764990,7.637248
worker_3,1434,1788086967.661013,50,7.137365,7.078848
worker_3,1435,1788086967.668184,50,7.338940,7.291616
worker_3,1436,1788086967.675540,50,7.469007,7.423104
worker_3,1437,1788086967.683027,50,7.592063,7.547168
worker_3,1438,1788086967.690635,50,7.688675,7.631552
worker_3,1439,1788086967.698341,50,7.417016,7.372640
worker_3,1440,1788086967.705775,50,7.589822,7.543488
worker_3,1441,1788086967.713381,50,7.657425,7.397600
worker_3,1442,1788086967.721087,50,8.045280,7.702464
worker_3,1443,1788086967.729185,50,7.871899,7.530368
worker_3,1444,1788086967.737107,50,8.017123,7.675744
worker_3,1445,1788086967.745175,50,7.664693,7.541280
worker_3,1446,1788086967.752868,50,7.627656,7.573984
worker_3,1447,1788086967.760516,50,7.462831,7.415552
worker_3,1448,1788086967.767995,50,7.555008,7.506048
worker_3,1449,1788086967.775569,50,7.428692,7.383360
worker_3,1450,1788086967.783014,50,7.653509,7.609440
worker_3,1451,1788086967.790684,50,7.440192,7.393440
worker_3,1452,1788086967.798141,50,7.527016,7.479584
worker_3,1453,1788086967.805685,50,6.950346,6.905984
worker_3,1454,1788086967.812650,50,7.894964,7.611648
worker_3,1455,1788086967.820621,50,7.435516,7.107040
worker_3,1456,1788086967.828106,50,8.201735,7.878528
worker_3,1457,1788086967.836361,50,7.267848,7.141248
worker_3,1458,1788086967.843655,50,7.615294,7.559168
worker_3,1459,1788086967.851290,50,7.633417,7.586688
worker_3,1460,1788086967.858942,50,7.506711,7.462272
worker_3,1461,1788086967.866466,50,7.556961,7.511776
worker_3,1462,1788086967.874042,50,7.463822,7.416032
worker_3,1463,1788086967.881523,50,7.568536,7.526432
worker_3,1464,1788086967.889108,50,7.690305,7.646144
worker_3,1465,1788086967.896814,50,7.391100,7.344928
worker_3,1466,1788086967.904232,50,7.744778,7.698368
worker_3,1467,1788086967.911992,50,7.636212,7.382400
worker_3,1468,1788086967.919677,50,8.157003,7.834144
worker_3,1469,1788086967.927883,50,7.786148,7.662176
worker_3,1470,1788086967.935696,50,7.670693,7.604512
worker_3,1471,1788086967.943386,50,7.417673,7.370944
worker_3,1472,1788086967.950822,50,7.815696,7.768416
worker_3,1473,1788086967.958657,50,7.428145,7.384672
worker_3,1474,1788086967.966111,50,7.764899,7.720736
worker_3,1475,1788086967.973892,50,7.288283,7.245536
worker_3,1476,1788086967.981196,50,7.802566,7.756640
worker_3,1477,1788086967.989015,50,7.424516,7.378432
worker_3,1478,1788086967.996454,50,7.685480,7.641152
worker_3,1479,1788086968.004156,50,7.496693,7.451296
worker_3,1480,1788086968.011669,50,7.757741,7.500128
worker_3,1481,1788086968.019478,50,7.971845,7.639488
worker_3,1482,1788086968.027500,50,8.114549,7.773056
worker_3,1483,1788086968.035665,50,7.954113,7.621120
worker_3,1484,1788086968.043668,50,7.883019,7.535488
worker_3,1485,1788086968.051601,50,7.538017,7.415968
worker_3,1486,1788086968.059166,50,7.483210,7.415648
worker_3,1487,1788086968.066670,50,7.434136,7.385376
worker_3,1488,1788086968.074121,50,7.746620,7.702240
worker_3,1489,1788086968.081887,50,7.748074,7.703968
worker_3,1490,1788086968.089652,50,6.452545,6.406880
worker_3,1491,1788086968.096120,50,7.810037,7.765888
worker_3,1492,1788086968.103946,50,6.685269,6.640096
worker_3,1493,1788086968.110647,50,7.988215,7.732352
worker_3,1494,1788086968.118699,50,6.935086,6.605248
worker_3,1495,1788086968.125682,50,8.069974,7.738016
worker_3,1496,1788086968.133805,50,7.781750,7.476192
worker_3,1497,1788086968.141625,50,7.925335,7.805184
worker_3,1498,1788086968.149583,50,7.885454,7.587968
worker_3,1499,1788086968.157516,50,7.771306,7.655296
worker_3,1500,1788086968.165312,50,7.790898,7.742304
worker_3,1501,1788086968.173121,50,8.012022,7.738944
worker_3,1502,1788086968.181183,50,7.968437,7.837216
worker_3,1503,1788086968.189179,50,7.816704,7.758528
worker_3,1504,1788086968.197016,50,7.621184,7.569216
worker_3,1505,1788086968.204656,50,7.584257,7.502272
worker_3,1506,1788086968.212274,50,7.704064,7.595200
worker_3,1507,1788086968.220017,50,7.879166,7.797824
worker_3,1508,1788086968.227922,50,7.859435,7.807456
worker_3,1509,1788086968.235805,50,7.849807,7.800800
worker_3,1510,1788086968.243674,50,7.805334,7.759392
worker_3,1511,1788086968.251499,50,7.811435,7.763712
worker_3,1512,1788086968.259329,50,7.587303,7.543104
worker_3,1513,1788086968.266945,50,7.792176,7.745440
worker_3,1514,1788086968.274756,50,7.436599,7.389024
worker_3,1515,1788086968.282211,50,7.557786,7.513760
worker_3,1516,1788086968.289784,50,7.643953,7.596736
worker_3,1517,1788086968.297444,50,7.581415,7.535680
worker_3,1518,1788086968.305044,50,7.604657,7.556736
worker_3,1519,1788086968.312666,50,7.326357,7.069664
worker_3,1520,1788086968.320043,50,8.191475,7.840128
worker_3,1521,1788086968.328286,50,7.793732,7.667264
worker_3,1522,1788086968.336109,50,7.766889,7.710432
worker_3,1523,1788086968.343895,50,7.712510,7.666240
worker_3,1524,1788086968.351627,50,7.632841,7.588128
worker_3,1525,1788086968.359276,50,7.860130,7.813888
worker_3,1526,1788086968.367153,50,7.768537,7.724384
worker_3,1527,1788086968.374937,50,7.608638,7.564896
worker_3,1528,1788086968.382562,50,7.552480,7.508448
worker_3,1529,1788086968.390132,50,7.433673,7.376832
worker_3,1530,1788086968.397592,50,7.788463,7.716832
worker_3,1531,1788086968.405403,50,7.633750,7.585568
worker_3,1532,1788086968.413137,50,8.015030,7.743808
worker_3,1533,1788086968.421220,50,7.829076,7.704576
worker_3,1534,1788086968.429078,50,7.622110,7.553120
worker_3,1535,1788086968.436723,50,7.513053,7.462048
worker_3,1536,1788086968.444255,50,7.748630,7.703072
worker_3,1537,1788086968.452022,50,7.641823,7.596160
worker_3,1538,1788086968.459681,50,7.820093,7.774880
worker_3,1539,1788086968.467518,50,7.438256,7.393632
worker_3,1540,1788086968.474974,50,7.602018,7.557856
worker_3,1541,1788086968.482593,50,7.523545,7.479712
worker_3,1542,1788086968.490133,50,7.626147,7.580160
worker_3,1543,1788086968.497776,50,7.478230,7.431168
worker_3,1544,1788086968.505270,50,7.628249,7.583712
worker_3,1545,1788086968.512913,50,8.032891,7.775040
worker_3,1546,1788086968.520995,50,8.333875,7.859360
worker_3,1547,1788086968.529378,50,7.796936,7.472160
worker_3,1548,1788086968.537224,50,8.161503,7.829216
worker_3,1549,1788086968.545438,50,6.015106,5.742144
worker_3,1550,1788086968.551479,50,7.715213,7.663328
worker_3,1551,1788086968.559215,50,7.568313,7.519968
worker_3,1552,1788086968.566809,50,7.061245,6.870656
worker_3,1553,1788086968.573886,50,7.776482,7.729440
worker_3,1554,1788086968.581678,50,7.799659,7.756064
worker_3,1555,1788086968.589493,50,7.559637,7.512224
worker_3,1556,1788086968.597070,50,7.555082,7.509248
worker_3,1557,1788086968.604641,50,7.757908,7.710944
worker_3,1558,1788086968.612415,50,7.665019,7.410496
worker_3,1559,1788086968.620131,50,7.968344,7.624128
worker_3,1560,1788086968.628149,50,7.849409,7.709184
worker_3,1561,1788086968.636025,50,7.745250,7.692096
worker_3,1562,1788086968.643790,50,7.646072,7.597760
worker_3,1563,1788086968.651454,50,7.673702,7.627424
worker_3,1564,1788086968.659148,50,7.604129,7.556512
worker_3,1565,1788086968.666770,50,7.346728,7.278912
worker_3,1566,1788086968.674139,50,7.584314,7.519552
worker_3,1567,1788086968.681745,50,7.634221,7.584960
worker_3,1568,1788086968.689396,50,7.765556,7.717440
worker_3,1569,1788086968.697179,50,7.468062,7.417728
worker_3,1570,1788086968.704663,50,7.560628,7.513568
worker_3,1571,1788086968.712240,50,7.647935,7.388832
worker_3,1572,1788086968.719953,50,7.871705,7.542976
worker_3,1573,1788086968.727874,50,7.981427,7.656800
worker_3,1574,1788086968.735907,50,8.040651,7.715008
worker_3,1575,1788086968.743997,50,7.819492,7.695008
worker_3,1576,1788086968.751844,50,7.658351,7.602784
worker_3,1577,1788086968.759522,50,7.659120,7.612352
worker_3,1578,1788086968.767199,50,7.613259,7.568992
worker_3,1579,1788086968.774829,50,7.629870,7.582624
worker_3,1580,1788086968.782476,50,7.684860,7.640128
worker_3,1581,1788086968.790177,50,7.418711,7.355680
worker_3,1582,1788086968.797612,50,7.607702,7.562144
worker_3,1583,1788086968.805236,50,7.408572,7.363488
worker_3,1584,1788086968.812661,50,7.537017,7.276384
worker_3,1585,1788086968.820268,50,7.228754,6.887872
worker_3,1586,1788086968.827548,50,7.801139,7.462176
worker_3,1587,1788086968.835398,50,7.635175,7.514144
worker_3,1588,1788086968.843060,50,7.490017,7.437280
worker_3,1589,1788086968.850569,50,7.504045,7.457472
worker_3,1590,1788086968.858092,50,7.639722,7.595616
worker_3,1591,1788086968.865762,50,7.442016,7.394528
worker_3,1592,1788086968.873222,50,7.636851,7.591072
worker_3,1593,1788086968.880876,50,7.391849,7.335552
worker_3,1594,1788086968.888284,50,7.304877,7.256800
worker_3,1595,1788086968.895606,50,7.362811,7.318080
worker_3,1596,1788086968.902987,50,7.688258,7.642176
worker_3,1597,1788086968.910695,50,6.998512,6.734016
worker_3,1598,1788086968.917742,50,8.165328,7.832128
worker_3,1599,1788086968.925962,50,7.142495,6.806336
worker_3,1600,1788086968.933153,50,8.201143,7.867008
worker_3,1601,1788086968.941406,50,7.862325,7.740608
worker_3,1602,1788086968.949299,50,7.309237,7.235232
worker_3,1603,1788086968.956627,50,7.599277,7.543840
worker_3,1604,1788086968.964247,50,7.393561,7.348544
worker_3,1605,1788086968.971657,50,7.628850,7.581344
worker_3,1606,1788086968.979306,50,7.444173,7.400704
worker_3,1607,1788086968.986766,50,7.612666,7.567488
worker_3,1608,1788086968.994397,50,7.479535,7.431424
worker_3,1609,1788086969.001893,50,7.624897,7.579680
worker_3,1610,1788086969.009534,50,7.863425,7.603840
worker_3,1611,1788086969.017462,50,8.034539,7.702368
worker_3,1612,1788086969.025545,50,7.892936,7.559840
worker_3,1613,1788086969.033489,50,7.842362,7.696672
worker_3,1614,1788086969.041359,50,7.446450,7.392960
worker_3,1615,1788086969.048824,50,7.638990,7.592224
worker_3,1616,1788086969.056480,50,7.810612,7.766752
worker_3,1617,1788086969.064307,50,7.332690,7.288576
worker_3,1618,1788086969.071655,50,7.638333,7.593600
worker_3,1619,1788086969.079310,50,7.308820,7.264064
worker_3,1620,1788086969.086635,50,7.779138,7.733920
worker_3,1621,1788086969.094430,50,7.418636,7.371264
worker_3,1622,1788086969.101865,50,7.670851,7.625728
worker_3,1623,1788086969.109551,50,7.335821,7.292672
worker_3,1624,1788086969.116904,50,7.790796,7.514880
worker_3,1625,1788086969.124748,50,7.795871,7.443712
worker_3,1626,1788086969.132593,50,8.065271,7.702784
worker_3,1627,1788086969.140711,50,7.812149,7.479296
worker_3,1628,1788086969.148574,50,7.765963,7.645120
worker_3,1629,1788086969.156368,50,6.969735,6.899232
worker_3,1630,1788086969.163366,50,7.617850,7.569888
worker_3,1631,1788086969.171002,50,6.923280,6.876608
worker_3,1632,1788086969.177945,50,7.694268,7.645824
worker_3,1633,1788086969.185657,50,7.426182,7.380352
worker_3,1634,1788086969.193099,50,7.781148,7.736064
worker_3,1635,1788086969.200895,50,7.261765,7.217440
worker_3,1636,1788086969.208173,50,7.656537,7.609600
worker_3,1637,1788086969.215846,50,7.768121,7.517696
worker_3,1638,1788086969.223665,50,8.179142,7.852800
worker_3,1639,1788086969.231894,50,7.680740,7.556576
worker_3,1640,1788086969.239604,50,7.789880,7.734432
worker_3,1641,1788086969.247414,50,7.629414,7.579936
worker_3,1642,1788086969.255063,50,7.631758,7.586144
worker_3,1643,1788086969.262714,50,7.587813,7.542144
worker_3,1644,1788086969.270318,50,7.647101,7.603616
worker_3,1645,1788086969.277982,50,7.607249,7.546368
worker_3,1646,1788086969.285608,50,7.586480,7.542816
worker_3,1647,1788086969.293212,50,7.600443,7.554048
worker_3,1648,1788086969.300828,50,7.416747,7.369856
worker_3,1649,1788086969.308261,50,7.672721,7.626208
worker_3,1650,1788086969.315961,50,7.615017,7.561184
worker_3,1651,1788086969.323596,50,7.866972,7.815648
worker_3,1652,1788086969.331481,50,7.472979,7.426272
worker_3,1653,1788086969.338970,50,7.467608,7.421824
worker_3,1654,1788086969.346455,50,7.808029,7.553472
worker_3,1655,1788086969.354312,50,7.986354,7.656384
worker_3,1656,1788086969.362350,50,7.683860,7.557920
worker_3,1657,1788086969.370062,50,7.482645,7.426464
worker_3,1658,1788086969.377565,50,7.794574,7.747680
worker_3,1659,1788086969.385377,50,7.598407,7.554272
worker_3,1660,1788086969.392993,50,7.647481,7.600448
worker_3,1661,1788086969.400657,50,7.637064,7.574816
worker_3,1662,1788086969.408314,50,7.815306,7.767712
worker_3,1663,1788086969.416146,50,7.801177,7.545216
worker_3,1664,1788086969.423999,50,8.185494,7.858176
worker_3,1665,1788086969.432245,50,8.005391,7.665440
worker_3,1666,1788086969.440301,50,7.808353,7.685664
worker_3,1667,1788086969.448138,50,7.429312,7.376960
worker_3,1668,1788086969.455587,50,7.644888,7.597632
worker_3,1669,1788086969.463266,50,7.505906,7.460224
worker_3,1670,1788086969.470790,50,7.281320,7.234944
worker_3,1671,1788086969.478088,50,6.712315,6.667328
worker_3,1672,1788086969.484818,50,7.621157,7.566976
worker_3,1673,1788086969.492456,50,6.954845,6.907872
worker_3,1674,1788086969.499427,50,7.516305,7.468928
worker_3,1675,1788086969.506960,50,7.496395,7.452800
worker_3,1676,1788086969.514472,50,7.762982,7.503424
worker_3,1677,1788086969.522284,50,7.898556,7.559552
worker_3,1678,1788086969.530234,50,8.004289,7.669216
worker_3,1679,1788086969.538289,50,7.702804,7.568352
worker_3,1680,1788086969.546024,50,7.642370,7.436960
worker_3,1681,1788086969.553689,50,7.517378,7.321248
worker_3,1682,1788086969.561224,50,7.752935,7.703488
worker_3,1683,1788086969.569105,50,7.433803,7.378176
worker_3,1684,1788086969.576559,50,7.729907,7.681344
worker_3,1685,1788086969.584308,50,7.418913,7.372320
worker_3,1686,1788086969.591744,50,7.771852,7.725248
worker_3,1687,1788086969.599533,50,7.454839,7.409216
worker_3,1688,1788086969.607004,50,7.796760,7.751872
worker_3,1689,1788086969.614833,50,7.724102,7.469568
worker_3,1690,1788086969.622606,50,8.168282,7.841696
worker_3,1691,1788086969.630821,50,7.948251,7.619424
worker_3,1692,1788086969.638819,50,7.944408,7.821984
worker_3,1693,1788086969.646790,50,7.216219,7.146304
worker_3,1694,1788086969.654025,50,7.725861,7.678112
worker_3,1695,1788086969.661768,50,7.549303,7.504576
worker_3,1696,1788086969.669333,50,7.646722,7.600032
worker_3,1697,1788086969.676996,50,6.857641,6.812064
worker_3,1698,1788086969.683870,50,7.646841,7.599136
worker_3,1699,1788086969.691535,50,7.619971,7.569952
worker_3,1700,1788086969.699174,50,6.922160,6.872736
worker_3,1701,1788086969.706112,50,7.722759,7.676608
worker_3,1702,1788086969.713852,50,7.514850,7.463968
worker_3,1703,1788086969.721387,50,7.626370,7.572512
worker_3,1704,1788086969.729035,50,7.446775,7.239328
worker_3,1705,1788086969.736497,50,7.642389,7.594016
worker_3,1706,1788086969.744158,50,7.823343,7.568320
worker_3,1707,1788086969.752032,50,8.020631,7.690080
worker_3,1708,1788086969.760121,50,7.599906,7.458720
worker_3,1709,1788086969.767748,50,7.613296,7.546016
worker_3,1710,1788086969.775382,50,7.510720,7.461952
worker_3,1711,1788086969.782912,50,7.591314,7.545696
worker_3,1712,1788086969.790522,50,7.651351,7.605664
worker_3,1713,1788086969.798190,50,7.430063,7.381216
worker_3,1714,1788086969.805637,50,7.373181,7.327776
worker_3,1715,1788086969.813028,50,7.857455,7.598816
worker_3,1716,1788086969.820936,50,7.882363,7.550816
worker_3,1717,1788086969.828869,50,8.088596,7.746240
worker_3,1718,1788086969.837011,50,7.843335,7.501760
worker_3,1719,1788086969.844904,50,7.666018,7.531136
worker_3,1720,1788086969.852598,50,7.440386,7.385280
worker_3,1721,1788086969.860059,50,7.806945,7.758304
worker_3,1722,1788086969.867885,50,7.801223,7.756448
worker_3,1723,1788086969.875705,50,7.696010,7.650656
worker_3,1724,1788086969.883417,50,7.770389,7.726432
worker_3,1725,1788086969.891204,50,7.383284,7.323008
worker_3,1726,1788086969.898604,50,7.635619,7.590336
worker_3,1727,1788086969.906258,50,7.164449,7.116224
worker_3,1728,1788086969.913445,50,7.629629,7.373376
worker_3,1729,1788086969.921125,50,7.838899,7.511424
worker_3,1730,1788086969.929013,50,7.586703,7.256448
worker_3,1731,1788086969.936649,50,7.857353,7.526144
worker_3,1732,1788086969.944557,50,7.685250,7.554240
worker_3,1733,1788086969.952271,50,7.836732,7.561472
worker_3,1734,1788086969.960157,50,7.936603,7.795904
worker_3,1735,1788086969.968123,50,7.431386,7.378592
worker_3,1736,1788086969.975575,50,7.440795,7.391904
worker_3,1737,1788086969.983033,50,7.635203,7.589952
worker_3,1738,1788086969.990685,50,7.373839,7.198144
worker_3,1739,1788086969.998075,50,7.787185,7.606752
worker_3,1740,1788086970.005878,50,7.620647,7.429312
worker_3,1741,1788086970.013515,50,7.819315,7.547616
worker_3,1742,1788086970.021384,50,7.893677,7.572960
worker_3,1743,1788086970.029327,50,8.124281,7.791392
worker_3,1744,1788086970.037500,50,7.742204,7.618560
worker_3,1745,1788086970.045271,50,7.646332,7.587936
worker_3,1746,1788086970.052937,50,7.564795,7.516576
worker_3,1747,1788086970.060535,50,7.735704,7.669472
worker_3,1748,1788086970.068289,50,7.169199,7.123968
worker_3,1749,1788086970.075473,50,7.596952,7.552544
worker_3,1750,1788086970.083087,50,6.551147,6.506816
worker_3,1751,1788086970.089654,50,7.669741,7.623872
worker_3,1752,1788086970.097340,50,6.792537,6.744992
worker_3,1753,1788086970.104148,50,7.728990,7.682688
worker_3,1754,1788086970.111895,50,6.901132,6.855552
worker_3,1755,1788086970.118812,50,7.983623,7.727008
worker_3,1756,1788086970.126846,50,7.341405,7.017056
worker_3,1757,1788086970.134234,50,8.147846,7.822912
worker_3,1758,1788086970.142432,50,7.246968,6.922752
worker_3,1759,1788086970.149729,50,7.661648,7.539296
worker_3,1760,1788086970.157418,50,7.066856,7.008608
worker_3,1761,1788086970.164503,50,7.731481,7.684736
worker_3,1762,1788086970.172251,50,7.546489,7.495648
worker_3,1763,1788086970.179813,50,7.694390,7.651456
worker_3,1764,1788086970.187523,50,7.472988,7.425344
worker_3,1765,1788086970.195013,50,7.675250,7.631136
worker_3,1766,1788086970.202704,50,7.531406,7.485856
worker_3,1767,1788086970.210268,50,7.399108,7.351104
worker_3,1768,1788086970.217684,50,7.835389,7.578368
worker_3,1769,1788086970.225568,50,7.798371,7.461504
worker_3,1770,1788086970.233416,50,7.973390,7.630432
worker_3,1771,1788086970.241437,50,7.899704,7.572896
worker_3,1772,1788086970.249388,50,7.830362,7.707328
worker_3,1773,1788086970.257245,50,7.542656,7.487968
worker_3,1774,1788086970.264807,50,7.789046,7.741856
worker_3,1775,1788086970.272618,50,7.280052,7.230336
worker_3,1776,1788086970.279916,50,7.641295,7.596832
worker_3,1777,1788086970.287576,50,7.359062,7.311488
worker_3,1778,1788086970.294951,50,7.612073,7.565120
worker_3,1779,1788086970.302579,50,7.429136,7.384256
worker_3,1780,1788086970.310024,50,7.822760,7.773568
worker_3,1781,1788086970.317864,50,7.496182,7.240160
worker_3,1782,1788086970.325411,50,8.218031,7.872448
worker_3,1783,1788086970.333679,50,8.125910,7.780384
worker_3,1784,1788086970.341854,50,7.835168,7.504800
worker_3,1785,1788086970.349739,50,7.803426,7.682848
worker_3,1786,1788086970.357584,50,7.435423,7.382816
worker_3,1787,1788086970.365039,50,7.681693,7.626432
worker_3,1788,1788086970.372740,50,7.368422,7.322080
worker_3,1789,1788086970.380125,50,7.831556,7.785056
worker_3,1790,1788086970.387975,50,7.464478,7.420608
worker_3,1791,1788086970.395458,50,7.823000,7.773568
worker_3,1792,1788086970.403301,50,7.462126,7.417632
worker_3,1793,1788086970.410783,50,7.808436,7.758976
worker_3,1794,1788086970.418609,50,7.849918,7.591232
worker_3,1795,1788086970.426510,50,7.959567,7.630752
worker_3,1796,1788086970.434521,50,7.692980,7.572128
worker_3,1797,1788086970.442241,50,7.751185,7.695456
worker_3,1798,1788086970.450013,50,7.715286,7.668000
worker_3,1799,1788086970.457745,50,7.769833,7.725088
worker_3,1800,1788086970.465533,50,7.417563,7.371392
worker_3,1801,1788086970.472967,50,7.460081,7.414976
worker_3,1802,1788086970.480443,50,7.335793,7.292384
worker_3,1803,1788086970.487795,50,7.428238,7.383520
worker_3,1804,1788086970.495239,50,7.500535,7.454048
worker_3,1805,1788086970.502757,50,7.605906,7.559296
worker_3,1806,1788086970.510386,50,7.494840,7.448288
worker_3,1807,1788086970.517897,50,7.894105,7.640736
worker_3,1808,1788086970.525841,50,8.039836,7.720544
worker_3,1809,1788086970.533928,50,8.126411,7.807040
worker_3,1810,1788086970.542105,50,7.811491,7.686144
worker_3,1811,1788086970.549943,50,7.565481,7.513696
worker_3,1812,1788086970.557528,50,7.771316,7.724000
worker_3,1813,1788086970.565317,50,7.546563,7.499584
worker_3,1814,1788086970.572879,50,7.652925,7.607776
worker_3,1815,1788086970.580547,50,7.688167,7.629568
worker_3,1816,1788086970.588252,50,7.269569,7.223968
worker_3,1817,1788086970.595537,50,7.780871,7.733440
worker_3,1818,1788086970.603334,50,7.305005,7.259584
worker_3,1819,1788086970.610656,50,7.414747,7.368000
worker_3,1820,1788086970.618086,50,7.695870,7.420512
worker_3,1821,1788086970.625836,50,8.053725,7.716256
worker_3,1822,1788086970.633943,50,7.819075,7.479360
worker_3,1823,1788086970.641812,50,8.016049,7.685248
worker_3,1824,1788086970.649879,50,7.594554,7.468160
worker_3,1825,1788086970.657522,50,7.780973,7.725376
worker_3,1826,1788086970.665325,50,7.457795,7.410816
worker_3,1827,1788086970.672802,50,7.671823,7.625632
worker_3,1828,1788086970.680490,50,7.521591,7.472928
worker_3,1829,1788086970.688028,50,7.785473,7.736672
worker_3,1830,1788086970.695831,50,7.647073,7.598976
worker_3,1831,1788086970.703497,50,7.565555,7.502592
worker_3,1832,1788086970.711088,50,7.646139,7.579872
worker_3,1833,1788086970.718757,50,7.835585,7.577280
worker_3,1834,1788086970.726735,50,7.913306,7.585792
worker_3,1835,1788086970.734698,50,7.974697,7.646496
worker_3,1836,1788086970.742723,50,8.140105,7.788032
worker_3,1837,1788086970.750915,50,7.572063,7.448576
worker_3,1838,1788086970.758512,50,7.614036,7.560800
worker_3,1839,1788086970.766147,50,7.254237,7.207776
worker_3,1840,1788086970.773418,50,7.383006,7.338624
worker_3,1841,1788086970.780818,50,7.530332,7.481984
worker_3,1842,1788086970.788366,50,7.767732,7.722784
worker_3,1843,1788086970.796150,50,7.596639,7.550912
worker_3,1844,1788086970.803763,50,7.678481,7.633408
worker_3,1845,1788086970.811473,50,7.549045,7.502208
worker_3,1846,1788086970.819040,50,7.974465,7.720320
worker_3,1847,1788086970.827065,50,7.986798,7.658112
worker_3,1848,1788086970.835103,50,8.025836,7.696320
worker_3,1849,1788086970.843176,50,7.784575,7.441920
worker_3,1850,1788086970.851012,50,7.705749,7.572448
worker_3,1851,1788086970.858743,50,7.219792,7.167520
worker_3,1852,1788086970.865983,50,7.655676,7.472512
worker_3,1853,1788086970.873658,50,7.617648,7.571360
worker_3,1854,1788086970.881294,50,7.779500,7.732608
worker_3,1855,1788086970.889091,50,7.643295,7.590080
worker_3,1856,1788086970.896752,50,7.798713,7.754400
worker_3,1857,1788086970.904567,50,7.471413,7.422816
worker_3,1858,1788086970.912056,50,7.777528,7.729536
worker_3,1859,1788086970.919851,50,7.915983,7.660256
worker_3,1860,1788086970.927815,50,8.178764,7.853920
worker_3,1861,1788086970.936042,50,7.809333,7.688896
worker_3,1862,1788086970.943876,50,7.832741,7.774272
worker_3,1863,1788086970.951727,50,7.364201,7.318912
worker_3,1864,1788086970.959121,50,7.645925,7.597600
worker_3,1865,1788086970.966786,50,7.287404,7.241312
worker_3,1866,1788086970.974092,50,7.463739,7.416640
worker_3,1867,1788086970.981574,50,7.512165,7.467328
worker_3,1868,1788086970.989102,50,7.598627,7.543488
worker_3,1869,1788086970.996717,50,7.353358,7.306944
worker_3,1870,1788086971.004086,50,7.603128,7.558944
worker_3,1871,1788086971.011706,50,7.479395,7.434496
worker_3,1872,1788086971.019201,50,7.499739,7.449600
worker_3,1873,1788086971.026719,50,7.590055,7.538368
worker_3,1874,1788086971.034331,50,7.285162,7.236512
worker_3,1875,1788086971.041633,50,7.593100,7.545632
worker_3,1876,1788086971.049242,50,7.607360,7.556704
worker_3,1877,1788086971.056870,50,7.707508,7.656736
worker_3,1878,1788086971.064597,50,7.808630,7.762592
worker_3,1879,1788086971.072423,50,7.599183,7.552608
worker_3,1880,1788086971.080039,50,7.791491,7.747904
worker_3,1881,1788086971.087847,50,6.665759,6.622912
worker_3,1882,1788086971.094528,50,7.528906,7.482592
worker_3,1883,1788086971.102073,50,7.654121,7.609312
worker_3,1884,1788086971.109756,50,7.282209,7.233472
worker_3,1885,1788086971.117054,50,7.832435,7.549472
worker_3,1886,1788086971.124939,50,7.658147,7.326112
worker_3,1887,1788086971.132648,50,8.178225,7.822912
worker_3,1888,1788086971.140877,50,7.712269,7.379552
worker_3,1889,1788086971.148639,50,7.962530,7.837312
worker_3,1890,1788086971.156627,50,7.611092,7.553696
worker_3,1891,1788086971.164259,50,7.657212,7.612288
worker_3,1892,1788086971.171937,50,7.454312,7.405856
worker_3,1893,1788086971.179407,50,7.555980,7.510656
worker_3,1894,1788086971.186981,50,7.721740,7.677632
worker_3,1895,1788086971.194720,50,7.786205,7.738944
worker_3,1896,1788086971.202522,50,7.683619,7.636448
worker_3,1897,1788086971.210222,50,7.765500,7.720352
worker_3,1898,1788086971.218004,50,7.992530,7.730240
worker_3,1899,1788086971.226045,50,7.965427,7.620000
worker_3,1900,1788086971.234061,50,7.966936,7.606464
worker_3,1901,1788086971.242077,50,7.878890,7.534144
worker_3,1902,1788086971.250008,50,7.628527,7.275424
worker_3,1903,1788086971.257703,50,7.723945,7.592512
worker_3,1904,1788086971.265456,50,7.429071,7.370624
worker_3,1905,1788086971.272907,50,7.395488,7.348896
worker_3,1906,1788086971.280322,50,7.550388,7.501472
worker_3,1907,1788086971.287891,50,7.687296,7.640800
worker_3,1908,1788086971.295596,50,7.421212,7.374464
worker_3,1909,1788086971.303035,50,7.779861,7.715328
worker_3,1910,1788086971.310831,50,7.376588,7.337120
worker_3,1911,1788086971.318222,50,7.955039,7.691904
worker_3,1912,1788086971.326230,50,7.925391,7.570816
worker_3,1913,1788086971.334208,50,8.189208,7.828352
worker_3,1914,1788086971.342450,50,7.732704,7.607680
worker_3,1915,1788086971.350212,50,7.667434,7.610240
worker_3,1916,1788086971.357900,50,7.633268,7.568384
worker_3,1917,1788086971.365552,50,7.632360,7.583264
worker_3,1918,1788086971.373204,50,7.488276,7.415072
worker_3,1919,1788086971.380721,50,7.841428,7.761376
worker_3,1920,1788086971.388583,50,7.759389,7.713952
worker_3,1921,1788086971.396363,50,7.896186,7.848384
worker_3,1922,1788086971.404278,50,7.739834,7.675616
worker_3,1923,1788086971.412063,50,7.977650,7.882208
worker_3,1924,1788086971.420075,50,7.897206,7.810528
worker_3,1925,1788086971.427996,50,7.677296,7.618688
worker_3,1926,1788086971.435699,50,7.757250,7.703808
worker_3,1927,1788086971.443475,50,7.854177,7.804864
worker_3,1928,1788086971.451349,50,7.739732,7.695424
worker_3,1929,1788086971.459104,50,7.602452,7.556448
worker_3,1930,1788086971.466729,50,7.805178,7.748416
worker_3,1931,1788086971.474554,50,7.606694,7.554720
worker_3,1932,1788086971.482180,50,7.613285,7.554624
worker_3,1933,1788086971.489811,50,7.429210,7.383072
worker_3,1934,1788086971.497259,50,7.537202,7.491072
worker_3,1935,1788086971.504813,50,7.443552,7.390688
worker_3,1936,1788086971.512278,50,7.504507,7.436256
worker_3,1937,1788086971.519801,50,7.598230,7.330112
worker_3,1938,1788086971.527450,50,7.635804,7.508768
worker_3,1939,1788086971.535115,50,7.749334,7.688608
worker_3,1940,1788086971.542892,50,7.590405,7.392384
worker_3,1941,1788086971.550506,50,7.163208,6.969984
worker_3,1942,1788086971.557703,50,7.495571,7.447072
worker_3,1943,1788086971.565217,50,7.647083,7.601568
worker_3,1944,1788086971.572881,50,7.632998,7.582528
worker_3,1945,1788086971.580531,50,7.766611,7.561440
worker_3,1946,1788086971.588315,50,7.872316,7.664672
worker_3,1947,1788086971.596204,50,7.484201,7.286720
worker_3,1948,1788086971.603705,50,7.573184,7.371648
worker_3,1949,1788086971.611294,50,7.675925,7.476064
worker_3,1950,1788086971.618988,50,8.045104,7.607072
worker_3,1951,1788086971.627084,50,7.689472,7.341024
worker_3,1952,1788086971.634823,50,8.004087,7.671936
worker_3,1953,1788086971.642879,50,7.857594,7.732864
worker_3,1954,1788086971.650764,50,7.789889,7.735456
worker_3,1955,1788086971.658574,50,7.684695,7.622336
worker_3,1956,1788086971.666285,50,7.657175,7.587392
worker_3,1957,1788086971.673966,50,7.326006,7.267712
worker_3,1958,1788086971.681311,50,7.483860,7.433952
worker_3,1959,1788086971.688812,50,7.384229,7.335584
worker_3,1960,1788086971.696223,50,7.491165,7.435328
worker_3,1961,1788086971.703729,50,7.431432,7.385824
worker_3,1962,1788086971.711205,50,7.499220,7.448320
worker_3,1963,1788086971.718722,50,7.471054,7.413216
worker_3,1964,1788086971.726212,50,7.507665,7.445440
worker_3,1965,1788086971.733738,50,7.549480,7.503072
worker_3,1966,1788086971.741304,50,7.719232,7.465056
worker_3,1967,1788086971.749074,50,8.024762,7.689984
worker_3,1968,1788086971.757150,50,7.887760,7.543520
worker_3,1969,1788086971.765089,50,7.785268,7.659904
worker_3,1970,1788086971.772904,50,6.616527,6.560960
worker_3,1971,1788086971.779539,50,7.734547,7.687200
worker_3,1972,1788086971.787293,50,7.266042,7.202400
worker_3,1973,1788086971.794583,50,7.461590,7.391072
worker_3,1974,1788086971.802073,50,7.626055,7.563776
worker_3,1975,1788086971.809716,50,7.390543,7.340544
worker_3,1976,1788086971.817125,50,7.639035,7.585664
worker_3,1977,1788086971.824782,50,7.404636,7.354080
worker_3,1978,1788086971.832205,50,7.585898,7.526304
worker_3,1979,1788086971.839808,50,7.635314,7.378432
worker_3,1980,1788086971.847493,50,7.851714,7.703680
worker_3,1981,1788086971.855386,50,7.558888,7.494400
worker_3,1982,1788086971.862969,50,7.523137,7.476992
worker_3,1983,1788086971.870510,50,7.623527,7.578176
worker_3,1984,1788086971.878152,50,7.694425,7.645984
worker_3,1985,1788086971.885944,50,7.462313,7.409760
worker_3,1986,1788086971.893427,50,7.592248,7.546240
worker_3,1987,1788086971.901037,50,7.476183,7.430144
worker_3,1988,1788086971.908531,50,7.647832,7.585184
worker_3,1989,1788086971.916205,50,7.319126,7.231136
worker_3,1990,1788086971.923552,50,7.857537,7.788192
worker_3,1991,1788086971.931431,50,7.621869,7.573440
worker_3,1992,1788086971.939070,50,7.797158,7.749344
worker_3,1993,1788086971.946887,50,7.665971,7.619104
worker_3,1994,1788086971.954570,50,7.642166,7.594016
worker_3,1995,1788086971.962228,50,7.453562,7.409728
worker_3,1996,1788086971.969699,50,7.804213,7.741280
worker_3,1997,1788086971.977519,50,7.507757,7.462592
worker_3,1998,1788086971.985042,50,7.562998,7.519520
worker_3,1999,1788086971.992620,50,7.596471,7.545984
worker_3,2000,1788086972.000232,50,7.613629,7.557760
worker_3,2001,1788086972.007871,50,7.628073,7.580896
worker_3,2002,1788086972.015515,50,7.995919,7.738848
worker_3,2003,1788086972.023561,50,8.063188,7.730432
worker_3,2004,1788086972.031672,50,7.981595,7.646944
worker_3,2005,1788086972.039707,50,7.733223,7.385632
worker_3,2006,1788086972.047491,50,7.933178,7.665024
worker_3,2007,1788086972.055457,50,7.576619,7.371040
worker_3,2008,1788086972.063056,50,7.831511,7.634592
worker_3,2009,1788086972.070909,50,7.362164,7.228832
worker_3,2010,1788086972.078290,50,7.681406,7.490016
worker_3,2011,1788086972.085988,50,6.465628,6.266592
worker_3,2012,1788086972.092469,50,7.660398,7.464704
worker_3,2013,1788086972.100146,50,7.573229,7.380576
worker_3,2014,1788086972.107736,50,7.590064,7.535520
worker_3,2015,1788086972.115344,50,7.161430,7.110336
worker_3,2016,1788086972.122523,50,7.529062,7.262112
worker_3,2017,1788086972.130106,50,7.321247,6.990784
worker_3,2018,1788086972.137477,50,7.278950,6.943936
worker_3,2019,1788086972.144807,50,7.433525,7.084480
worker_3,2020,1788086972.152304,50,7.203440,7.071520
worker_3,2021,1788086972.159535,50,7.530194,7.466464
worker_3,2022,1788086972.167088,50,7.634944,7.583520
worker_3,2023,1788086972.174742,50,7.568137,7.516768
worker_3,2024,1788086972.182330,50,7.543444,7.493472
worker_3,2025,1788086972.189896,50,7.406256,7.357952
worker_3,2026,1788086972.197320,50,7.513951,7.459808
worker_3,2027,1788086972.204855,50,7.554285,7.499520
worker_3,2028,1788086972.212430,50,7.592435,7.539872
worker_3,2029,1788086972.220039,50,7.652990,7.600192
worker_3,2030,1788086972.227711,50,7.644267,7.591136
worker_3,2031,1788086972.235373,50,7.649824,7.603328
worker_3,2032,1788086972.243042,50,7.762944,7.505408
worker_3,2033,1788086972.250854,50,7.803742,7.678048
worker_3,2034,1788086972.258685,50,7.708343,7.653664
worker_3,2035,1788086972.266412,50,7.695064,7.647936
worker_3,2036,1788086972.274125,50,7.638147,7.591904
worker_3,2037,1788086972.281783,50,7.385404,7.334912
worker_3,2038,1788086972.289188,50,7.708121,7.657312
worker_3,2039,1788086972.296916,50,7.563026,7.515712
worker_3,2040,1788086972.304527,50,7.799204,7.738016
worker_3,2041,1788086972.312343,50,7.414090,7.368512
worker_3,2042,1788086972.319774,50,7.819705,7.764576
worker_3,2043,1788086972.327614,50,7.535248,7.479552
worker_3,2044,1788086972.335168,50,7.665111,7.559776
worker_3,2045,1788086972.342886,50,7.819019,7.694432
worker_3,2046,1788086972.350734,50,7.615907,7.559008
worker_3,2047,1788086972.358370,50,7.586257,7.536512
worker_3,2048,1788086972.365974,50,7.720018,7.667232
worker_3,2049,1788086972.373712,50,7.526693,7.478752
worker_3,2050,1788086972.381256,50,7.065745,7.014368
worker_3,2051,1788086972.388337,50,7.027837,6.983360
worker_3,2052,1788086972.395382,50,7.610758,7.565088
worker_3,2053,1788086972.403010,50,7.477831,7.432352
worker_3,2054,1788086972.410503,50,7.467220,7.417600
worker_3,2055,1788086972.417986,50,7.998919,7.737760
worker_3,2056,1788086972.426035,50,8.209560,7.880160
worker_3,2057,1788086972.434295,50,8.134031,7.808736
worker_3,2058,1788086972.442479,50,8.109011,7.784640
worker_3,2059,1788086972.450649,50,7.949308,7.823552
worker_3,2060,1788086972.458625,50,7.832510,7.775168
worker_3,2061,1788086972.466481,50,7.770574,7.718240
worker_3,2062,1788086972.474270,50,7.861391,7.813184
worker_3,2063,1788086972.482147,50,7.787343,7.740864
worker_3,2064,1788086972.489951,50,7.911094,7.867328
worker_3,2065,1788086972.497878,50,7.780862,7.735008
worker_3,2066,1788086972.505675,50,7.808890,7.758592
worker_3,2067,1788086972.513500,50,7.420951,7.373216
worker_3,2068,1788086972.520937,50,7.684425,7.427744
worker_3,2069,1788086972.528671,50,7.626277,7.437504
worker_3,2070,1788086972.536350,50,7.797380,7.667392
worker_3,2071,1788086972.544175,50,7.662971,7.565792
worker_3,2072,1788086972.551858,50,7.712666,7.655488
worker_3,2073,1788086972.559590,50,7.905002,7.710688
worker_3,2074,1788086972.567512,50,7.587720,7.369952
worker_3,2075,1788086972.575117,50,6.069338,5.860768
worker_3,2076,1788086972.581203,50,6.799779,6.603424
worker_3,2077,1788086972.588021,50,6.627121,6.575968
worker_3,2078,1788086972.594665,50,6.419211,6.371488
worker_3,2079,1788086972.601112,50,7.273218,7.225952
worker_3,2080,1788086972.608400,50,7.722222,7.677408
worker_3,2081,1788086972.616137,50,7.195004,7.149600
worker_3,2082,1788086972.623348,50,7.795177,7.542496
worker_3,2083,1788086972.631193,50,7.911465,7.576992
worker_3,2084,1788086972.639154,50,8.028261,7.696224
worker_3,2085,1788086972.647233,50,7.845527,7.718752
worker_3,2086,1788086972.655106,50,7.579850,7.525984
worker_3,2087,1788086972.662706,50,7.267551,7.217536
worker_3,2088,1788086972.669990,50,7.773018,7.727104
worker_3,2089,1788086972.677781,50,7.562166,7.517888
worker_3,2090,1788086972.685359,50,7.517191,7.473856
worker_3,2091,1788086972.692893,50,7.833916,7.771936
worker_3,2092,1788086972.700744,50,7.080875,7.034144
worker_3,2093,1788086972.707842,50,7.645453,7.600064
worker_3,2094,1788086972.715503,50,7.307301,7.261312
worker_3,2095,1788086972.722829,50,7.636989,7.583872
worker_3,2096,1788086972.730488,50,7.273200,7.221472
worker_3,2097,1788086972.737780,50,7.757000,7.707968
worker_3,2098,1788086972.745566,50,7.483702,7.437120
worker_3,2099,1788086972.753067,50,7.760982,7.714496
worker_3,2100,1788086972.760843,50,7.820602,7.523328
worker_3,2101,1788086972.768716,50,8.034632,7.696256
worker_3,2102,1788086972.776800,50,7.872149,7.549248
worker_3,2103,1788086972.784718,50,7.862973,7.601760
worker_3,2104,1788086972.792629,50,7.719685,7.597728
worker_3,2105,1788086972.800378,50,7.773750,7.714528
worker_3,2106,1788086972.808173,50,7.514905,7.465088
worker_3,2107,1788086972.815710,50,7.663009,7.583392
worker_3,2108,1788086972.823397,50,7.491165,7.426656
worker_3,2109,1788086972.830907,50,7.835122,7.577824
worker_3,2110,1788086972.838791,50,7.832834,7.501408
worker_3,2111,1788086972.846673,50,8.012354,7.689952
worker_3,2112,1788086972.854732,50,7.639621,7.514944
worker_3,2113,1788086972.862404,50,7.608359,7.551840
worker_3,2114,1788086972.870031,50,7.442182,7.392960
worker_3,2115,1788086972.877490,50,7.701723,7.655840
worker_3,2116,1788086972.885206,50,7.316894,7.271296
worker_3,2117,1788086972.892540,50,7.784630,7.729920
worker_3,2118,1788086972.900359,50,7.465202,7.417728
worker_3,2119,1788086972.907841,50,7.626888,7.579328
worker_3,2120,1788086972.915486,50,7.416710,7.359808
worker_3,2121,1788086972.922926,50,7.788639,7.726144
worker_3,2122,1788086972.930738,50,7.839537,7.587456
worker_3,2123,1788086972.938627,50,7.970540,7.628288
worker_3,2124,1788086972.946649,50,7.896094,7.569344
worker_3,2125,1788086972.954596,50,7.702795,7.578304
worker_3,2126,1788086972.962328,50,7.697055,7.639392
worker_3,2127,1788086972.970045,50,7.585546,7.537600
worker_3,2128,1788086972.977649,50,7.467053,7.423264
worker_3,2129,1788086972.985131,50,7.465767,7.420800
worker_3,2130,1788086972.992613,50,7.502183,7.455680
worker_3,2131,1788086973.000131,50,7.597183,7.551776
worker_3,2132,1788086973.007745,50,7.560952,7.515360
worker_3,2133,1788086973.015326,50,7.661916,7.605728
worker_3,2134,1788086973.023011,50,7.714491,7.657984
worker_3,2135,1788086973.030746,50,7.660175,7.402176
worker_3,2136,1788086973.038555,50,8.029160,7.705024
worker_3,2137,1788086973.046648,50,7.920215,7.597536
worker_3,2138,1788086973.054616,50,7.932557,7.805120
worker_3,2139,1788086973.062574,50,7.752462,7.683872
worker_3,2140,1788086973.070347,50,7.586602,7.539488
worker_3,2141,1788086973.077951,50,7.635240,7.589920
worker_3,2142,1788086973.085603,50,7.469526,7.425216
worker_3,2143,1788086973.093091,50,7.822935,7.775776
worker_3,2144,1788086973.100932,50,7.422080,7.376192
worker_3,2145,1788086973.108369,50,7.604749,7.557952
worker_3,2146,1788086973.115990,50,7.478377,7.423904
worker_3,2147,1788086973.123488,50,7.800945,7.749632
worker_3,2148,1788086973.131306,50,7.500878,7.244672
worker_3,2149,1788086973.138856,50,7.964372,7.639552
worker_3,2150,1788086973.146869,50,7.605498,7.280608
worker_3,2151,1788086973.154523,50,7.932492,7.811040
worker_3,2152,1788086973.162483,50,7.348265,7.296512
worker_3,2153,1788086973.169850,50,7.626777,7.580416
worker_3,2154,1788086973.177495,50,7.318005,7.274688
worker_3,2155,1788086973.184829,50,7.800741,7.737952
worker_3,2156,1788086973.192646,50,7.449451,7.388096
worker_3,2157,1788086973.200130,50,7.880194,7.678912
worker_3,2158,1788086973.208035,50,7.581369,7.390144
worker_3,2159,1788086973.215637,50,7.662056,7.470944
worker_3,2160,1788086973.223324,50,7.550915,7.366240
worker_3,2161,1788086973.230896,50,7.655175,7.470624
worker_3,2162,1788086973.238572,50,7.783399,7.730112
worker_3,2163,1788086973.246374,50,7.245625,7.200288
worker_3,2164,1788086973.253636,50,7.649990,7.602080
worker_3,2165,1788086973.261302,50,7.228967,7.183616
worker_3,2166,1788086973.268548,50,7.634268,7.582368
worker_3,2167,1788086973.276198,50,7.484062,7.428896
worker_3,2168,1788086973.283700,50,7.548100,7.501408
worker_3,2169,1788086973.291265,50,7.395553,7.351552
worker_3,2170,1788086973.298678,50,7.784149,7.740288
worker_3,2171,1788086973.306479,50,7.382283,7.319040
worker_3,2172,1788086973.313878,50,7.646592,7.593792
worker_3,2173,1788086973.321544,50,7.514331,7.466560
worker_3,2174,1788086973.329075,50,7.955232,7.700256
worker_3,2175,1788086973.337081,50,8.037299,7.708608
worker_3,2176,1788086973.345183,50,7.967715,7.636224
worker_3,2177,1788086973.353201,50,7.768139,7.642944
worker_3,2178,1788086973.360996,50,7.511305,7.453568
worker_3,2179,1788086973.368529,50,7.416516,7.361056
worker_3,2180,1788086973.375970,50,7.685017,7.621376
worker_3,2181,1788086973.383679,50,7.631803,7.572416
worker_3,2182,1788086973.391331,50,7.668110,7.617376
worker_3,2183,1788086973.399017,50,7.720018,7.673504
worker_3,2184,1788086973.406754,50,7.710111,7.662016
worker_3,2185,1788086973.414480,50,7.848112,7.797248
worker_3,2186,1788086973.422346,50,7.473433,7.419648
worker_3,2187,1788086973.429836,50,7.748878,7.477312
worker_3,2188,1788086973.437634,50,7.949038,7.619008
worker_3,2189,1788086973.445633,50,7.939742,7.610144
worker_3,2190,1788086973.453623,50,7.887603,7.765440
worker_3,2191,1788086973.461537,50,7.559887,7.505920
worker_3,2192,1788086973.469116,50,7.849890,7.801376
worker_3,2193,1788086973.476990,50,7.437849,7.384096
worker_3,2194,1788086973.484445,50,7.631676,7.585312
worker_3,2195,1788086973.492094,50,6.960419,6.913088
worker_3,2196,1788086973.499087,50,7.434988,7.389248
worker_3,2197,1788086973.506539,50,5.525861,5.481248
worker_3,2198,1788086973.512080,50,7.416164,7.360960
worker_3,2199,1788086973.519518,50,7.373924,7.320000
worker_3,2200,1788086973.526913,50,7.545369,7.494784
worker_3,2201,1788086973.534476,50,7.089207,6.836640
worker_3,2202,1788086973.541616,50,7.993243,7.697824
worker_3,2203,1788086973.549659,50,6.895207,6.620928
worker_3,2204,1788086973.556580,50,7.581045,7.369664
worker_3,2205,1788086973.564181,50,7.245875,7.097344
worker_3,2206,1788086973.571444,50,7.662638,7.484224
worker_3,2207,1788086973.579123,50,7.667508,7.493120
worker_3,2208,1788086973.586806,50,7.934317,7.552032
worker_3,2209,1788086973.594788,50,7.695666,7.446176
worker_3,2210,1788086973.602509,50,7.764371,7.565216
worker_3,2211,1788086973.610293,50,7.522869,7.475008
worker_3,2212,1788086973.617834,50,7.638212,7.381920
worker_3,2213,1788086973.625521,50,8.143642,7.814560
worker_3,2214,1788086973.633715,50,7.829750,7.504096
worker_3,2215,1788086973.641606,50,7.959806,7.637216
worker_3,2216,1788086973.649615,50,7.507989,7.175488
worker_3,2217,1788086973.657173,50,7.891390,7.566624
worker_3,2218,1788086973.665115,50,7.935160,7.814720
worker_3,2219,1788086973.673078,50,7.715000,7.438464
worker_3,2220,1788086973.680843,50,7.825482,7.687232
worker_3,2221,1788086973.688697,50,7.658786,7.391296
worker_3,2222,1788086973.696405,50,7.945947,7.820672
worker_3,2223,1788086973.704377,50,7.706823,7.445920
worker_3,2224,1788086973.712135,50,7.857955,7.715744
worker_3,2225,1788086973.720021,50,7.707425,7.439104
worker_3,2226,1788086973.727778,50,7.998095,7.867584
worker_3,2227,1788086973.735803,50,7.501082,7.232896
worker_3,2228,1788086973.743356,50,7.720315,7.593568
worker_3,2229,1788086973.751104,50,7.682018,7.415456
worker_3,2230,1788086973.758836,50,7.653064,7.522688
worker_3,2231,1788086973.766517,50,7.864251,7.600480
worker_3,2232,1788086973.774431,50,7.223626,7.103552
worker_3,2233,1788086973.781681,50,7.888076,7.626656
worker_3,2234,1788086973.789617,50,7.934308,7.812384
worker_3,2235,1788086973.797597,50,8.074781,7.807808
worker_3,2236,1788086973.805721,50,7.714176,7.585600
worker_3,2237,1788086973.813462,50,8.003567,7.727680
worker_3,2238,1788086973.821514,50,7.534970,7.413024
worker_3,2239,1788086973.829075,50,7.968567,7.710272
worker_3,2240,1788086973.837092,50,7.608305,7.482496
worker_3,2241,1788086973.844726,50,7.864566,7.584000
worker_3,2242,1788086973.852643,50,7.638167,7.507328
worker_3,2243,1788086973.860307,50,8.021576,7.757408
worker_3,2244,1788086973.868379,50,7.636907,7.511328
worker_3,2245,1788086973.876040,50,7.919706,7.660064
worker_3,2246,1788086973.884008,50,7.793130,7.670048
worker_3,2247,1788086973.891826,50,7.990873,7.733120
worker_3,2248,1788086973.899867,50,7.768352,7.643008
worker_3,2249,1788086973.907662,50,7.906372,7.644256
worker_3,2250,1788086973.915619,50,7.636862,7.511008
worker_3,2251,1788086973.923281,50,8.012706,7.732960
worker_3,2252,1788086973.931343,50,7.934567,7.811776
worker_3,2253,1788086973.939304,50,7.465664,7.192800
worker_3,2254,1788086973.946835,50,7.664703,7.540448
worker_3,2255,1788086973.954529,50,7.792954,7.738240
worker_3,2256,1788086973.962340,50,7.649166,7.382464
worker_3,2257,1788086973.970039,50,7.724314,7.592544
worker_3,2258,1788086973.977794,50,7.921270,7.646016
worker_3,2259,1788086973.985763,50,7.934659,7.812768
worker_3,2260,1788086973.993726,50,7.828548,7.564192
worker_3,2261,1788086974.001601,50,7.786287,7.662432
worker_3,2262,1788086974.009416,50,7.832149,7.568320
worker_3,2263,1788086974.017300,50,7.601342,7.477184
worker_3,2264,1788086974.024930,50,7.531878,7.260480
worker_3,2265,1788086974.032512,50,7.628822,7.497888
worker_3,2266,1788086974.040168,50,7.482247,7.216448
worker_3,2267,1788086974.047701,50,7.842259,7.710368
worker_3,2268,1788086974.055573,50,7.802713,7.745152
worker_3,2269,1788086974.063396,50,7.466535,7.418432
worker_3,2270,1788086974.070880,50,7.774287,7.729760
worker_3,2271,1788086974.078671,50,7.564100,7.520544
worker_3,2272,1788086974.086251,50,7.641590,7.598496
worker_3,2273,1788086974.093911,50,7.727268,7.682528
worker_3,2274,1788086974.101662,50,7.519562,7.470304
worker_3,2275,1788086974.109202,50,7.630545,7.581952
worker_3,2276,1788086974.116851,50,7.431201,7.376160
worker_3,2277,1788086974.124299,50,7.577192,7.530432
worker_3,2278,1788086974.131891,50,7.454952,7.409920
worker_3,2279,1788086974.139361,50,7.720324,7.464224
worker_3,2280,1788086974.147130,50,7.890131,7.561632
worker_3,2281,1788086974.155068,50,8.027474,7.683328
worker_3,2282,1788086974.163146,50,7.908482,7.567424
worker_3,2283,1788086974.171106,50,8.055705,7.714016
worker_3,2284,1788086974.179213,50,8.063845,7.721952
worker_3,2285,1788086974.187327,50,8.173624,7.843616
worker_3,2286,1788086974.195549,50,8.159930,7.823840
worker_3,2287,1788086974.203847,50,8.180966,7.855904
worker_3,2288,1788086974.212075,50,7.799704,7.678016
worker_3,2289,1788086974.219900,50,7.522378,7.469440
worker_3,2290,1788086974.227442,50,7.511970,7.464352
worker_3,2291,1788086974.234971,50,7.555340,7.510880
worker_3,2292,1788086974.242543,50,7.583794,7.539360
worker_3,2293,1788086974.250160,50,7.589555,7.543968
worker_3,2294,1788086974.257765,50,7.332561,7.288192
worker_3,2295,1788086974.265114,50,7.777862,7.734048
worker_3,2296,1788086974.272909,50,7.577822,7.529120
worker_3,2297,1788086974.280503,50,7.819028,7.761056
worker_3,2298,1788086974.288338,50,7.508424,7.463648
worker_3,2299,1788086974.295863,50,7.926261,7.668288
worker_3,2300,1788086974.303839,50,7.884002,7.556352
worker_3,2301,1788086974.311772,50,8.171808,7.842656
worker_3,2302,1788086974.319992,50,6.945169,6.611072
worker_3,2303,1788086974.326985,50,7.994336,7.666784
worker_3,2304,1788086974.335027,50,7.832370,7.500352
worker_3,2305,1788086974.342912,50,8.014179,7.687840
worker_3,2306,1788086974.350975,50,8.063762,7.736960
worker_3,2307,1788086974.359088,50,8.137920,7.811552
worker_3,2308,1788086974.367276,50,7.970224,7.641760
worker_3,2309,1788086974.375296,50,8.229448,7.911040
worker_3,2310,1788086974.383573,50,8.256356,7.934816
worker_3,2311,1788086974.391879,50,7.805020,7.481888
worker_3,2312,1788086974.399733,50,7.821964,7.698816
worker_3,2313,1788086974.407601,50,7.783167,7.518304
worker_3,2314,1788086974.415434,50,7.840231,7.707296
worker_3,2315,1788086974.423302,50,7.459840,7.404384
worker_3,2316,1788086974.430782,50,7.285506,7.235744
worker_3,2317,1788086974.438084,50,7.516526,7.467584
worker_3,2318,1788086974.445617,50,7.444081,7.397664
worker_3,2319,1788086974.453079,50,7.363645,7.307904
worker_3,2320,1788086974.460461,50,7.819770,7.549248
worker_3,2321,1788086974.468335,50,7.635471,7.456384
worker_3,2322,1788086974.476012,50,7.702491,7.596960
worker_3,2323,1788086974.483736,50,7.532202,7.486048
worker_3,2324,1788086974.491284,50,7.647629,7.604064
worker_3,2325,1788086974.498946,50,7.518155,7.473664
worker_3,2326,1788086974.506481,50,7.780222,7.720608
worker_3,2327,1788086974.514289,50,7.726797,7.642720
worker_3,2328,1788086974.522039,50,7.758963,7.697312
worker_3,2329,1788086974.529821,50,7.779491,7.730176
worker_3,2330,1788086974.537619,50,7.975298,7.694944
worker_3,2331,1788086974.545644,50,8.193884,7.861952
worker_3,2332,1788086974.553900,50,8.012262,7.682112
worker_3,2333,1788086974.561963,50,8.131448,7.791424
worker_3,2334,1788086974.570146,50,7.827492,7.500288
worker_3,2335,1788086974.578025,50,7.615637,7.278656
worker_3,2336,1788086974.585679,50,8.094791,7.785120
worker_3,2337,1788086974.593823,50,8.029271,7.691712
worker_3,2338,1788086974.601902,50,7.885937,7.546848
worker_3,2339,1788086974.609839,50,8.143485,7.808896
worker_3,2340,1788086974.618033,50,7.920825,7.792736
worker_3,2341,1788086974.625984,50,7.962862,7.694688
worker_3,2342,1788086974.633999,50,7.822796,7.698112
worker_3,2343,1788086974.641851,50,7.944492,7.677056
worker_3,2344,1788086974.649847,50,7.820418,7.695264
worker_3,2345,1788086974.657696,50,8.009677,7.731872
worker_3,2346,1788086974.665756,50,7.840926,7.704160
worker_3,2347,1788086974.673624,50,7.922973,7.653408
worker_3,2348,1788086974.681598,50,7.846881,7.716672
worker_3,2349,1788086974.689470,50,7.612582,7.555520
worker_3,2350,1788086974.697102,50,7.968474,7.712384
worker_3,2351,1788086974.705122,50,7.736388,7.612992
worker_3,2352,1788086974.712901,50,7.736473,7.679264
worker_3,2353,1788086974.720657,50,7.602481,7.555776
worker_3,2354,1788086974.728277,50,7.765574,7.719552
worker_3,2355,1788086974.736058,50,7.629110,7.583392
worker_3,2356,1788086974.743704,50,7.594832,7.550240
worker_3,2357,1788086974.751316,50,7.724147,7.678880
worker_3,2358,1788086974.759056,50,7.639796,7.591936
worker_3,2359,1788086974.766713,50,7.637119,7.592832
worker_3,2360,1788086974.774365,50,7.664508,7.558592
worker_3,2361,1788086974.782082,50,7.876168,7.752672
worker_3,2362,1788086974.789988,50,8.069595,7.777952
worker_3,2363,1788086974.798111,50,8.230615,7.891008
worker_3,2364,1788086974.806394,50,7.874825,7.532768
worker_3,2365,1788086974.814319,50,8.159151,7.821632
worker_3,2366,1788086974.822527,50,7.953973,7.618304
worker_3,2367,1788086974.830531,50,8.124123,7.792864
worker_3,2368,1788086974.838705,50,8.014585,7.671456
worker_3,2369,1788086974.846771,50,8.005752,7.672480
worker_3,2370,1788086974.854827,50,8.018141,7.681248
worker_3,2371,1788086974.862908,50,7.999141,7.657568
worker_3,2372,1788086974.870956,50,7.655952,7.528032
worker_3,2373,1788086974.878640,50,7.715843,7.661504
worker_3,2374,1788086974.886375,50,7.850465,7.589184
worker_3,2375,1788086974.894276,50,7.800880,7.674272
worker_3,2376,1788086974.902102,50,7.542702,7.426880
worker_3,2377,1788086974.909697,50,7.676936,7.545664
worker_3,2378,1788086974.917403,50,7.847964,7.772512
worker_3,2379,1788086974.925276,50,7.818390,7.763680
worker_3,2380,1788086974.933115,50,7.493924,7.444512
worker_3,2381,1788086974.940626,50,7.858066,7.601728
worker_3,2382,1788086974.948533,50,7.259774,7.136512
worker_3,2383,1788086974.955819,50,7.697528,7.433568
worker_3,2384,1788086974.963567,50,7.934047,7.808512
worker_3,2385,1788086974.971529,50,7.878056,7.613472
worker_3,2386,1788086974.979457,50,7.961447,7.838912
worker_3,2387,1788086974.987445,50,7.946844,7.670400
worker_3,2388,1788086974.995442,50,7.827862,7.701760
worker_3,2389,1788086975.003299,50,7.872361,7.601024
worker_3,2390,1788086975.011221,50,7.932761,7.806688
worker_3,2391,1788086975.019197,50,7.852065,7.585504
worker_3,2392,1788086975.027098,50,7.868187,7.743968
worker_3,2393,1788086975.034993,50,7.821204,7.560256
worker_3,2394,1788086975.042865,50,7.815972,7.675200
worker_3,2395,1788086975.050712,50,7.827741,7.770368
worker_3,2396,1788086975.058562,50,7.743491,7.484864
worker_3,2397,1788086975.066356,50,7.986290,7.862720
worker_3,2398,1788086975.074371,50,7.876056,7.611840
worker_3,2399,1788086975.082298,50,7.952474,7.824960
worker_3,2400,1788086975.090280,50,7.729490,7.462912
worker_3,2401,1788086975.098061,50,8.004734,7.882112
worker_3,2402,1788086975.106095,50,7.778731,7.514080
worker_3,2403,1788086975.113924,50,8.029483,7.907968
worker_3,2404,1788086975.121980,50,7.872937,7.610080
worker_3,2405,1788086975.129902,50,8.018086,7.898560
worker_3,2406,1788086975.137947,50,7.723436,7.460960
worker_3,2407,1788086975.145719,50,7.793167,7.667296
worker_3,2408,1788086975.153540,50,7.695343,7.413952
worker_3,2409,1788086975.161286,50,7.796936,7.667296
worker_3,2410,1788086975.169127,50,7.864548,7.585440
worker_3,2411,1788086975.177042,50,7.882520,7.755648
worker_3,2412,1788086975.184952,50,7.829631,7.556384
worker_3,2413,1788086975.192833,50,7.671880,7.543296
worker_3,2414,1788086975.200533,50,7.827176,7.560448
worker_3,2415,1788086975.208413,50,7.763315,7.639520
worker_3,2416,1788086975.216206,50,7.825862,7.548672
worker_3,2417,1788086975.224083,50,7.817446,7.692352
worker_3,2418,1788086975.231925,50,7.831185,7.569056
worker_3,2419,1788086975.239807,50,7.987012,7.863616
worker_3,2420,1788086975.247824,50,7.827130,7.559616
worker_3,2421,1788086975.255703,50,7.970455,7.847552
worker_3,2422,1788086975.263703,50,7.784473,7.517856
worker_3,2423,1788086975.271537,50,8.003586,7.876832
worker_3,2424,1788086975.279568,50,7.849233,7.582336
worker_3,2425,1788086975.287468,50,8.035817,7.911744
worker_3,2426,1788086975.295532,50,7.876677,7.600800
worker_3,2427,1788086975.303459,50,7.817917,7.695296
worker_3,2428,1788086975.311306,50,7.956613,7.690816
worker_3,2429,1788086975.319312,50,7.840806,7.717216
worker_3,2430,1788086975.327196,50,8.082244,7.821248
worker_3,2431,1788086975.335327,50,7.819418,7.693504
worker_3,2432,1788086975.343173,50,8.045169,7.776896
worker_3,2433,1788086975.351265,50,7.739094,7.606112
worker_3,2434,1788086975.359032,50,7.876528,7.604640
worker_3,2435,1788086975.366962,50,7.972466,7.841696
worker_3,2436,1788086975.374964,50,7.872371,7.605568
worker_3,2437,1788086975.382887,50,7.981206,7.856288
worker_3,2438,1788086975.391002,50,7.981225,7.707968
worker_3,2439,1788086975.399033,50,7.957363,7.830080
worker_3,2440,1788086975.407018,50,7.947650,7.682304
worker_3,2441,1788086975.415016,50,7.863769,7.736448
worker_3,2442,1788086975.422909,50,8.053512,7.777536
worker_3,2443,1788086975.431012,50,8.000715,7.881728
worker_3,2444,1788086975.439038,50,7.671240,7.616512
worker_3,2445,1788086975.446729,50,7.565961,7.516064
worker_3,2446,1788086975.454314,50,7.717037,7.670400
worker_3,2447,1788086975.462047,50,7.803157,7.757536
worker_3,2448,1788086975.469866,50,7.989177,7.722656
worker_3,2449,1788086975.477917,50,7.835446,7.489824
worker_3,2450,1788086975.485802,50,8.048891,7.718240
worker_3,2451,1788086975.493898,50,7.898334,7.778304
worker_3,2452,1788086975.501822,50,8.044974,7.781888
worker_3,2453,1788086975.509916,50,7.693730,7.565376
worker_3,2454,1788086975.517637,50,8.030817,7.766368
worker_3,2455,1788086975.525718,50,7.846380,7.722496
worker_3,2456,1788086975.533593,50,7.874538,7.596864
worker_3,2457,1788086975.541519,50,7.872436,7.741056
worker_3,2458,1788086975.549421,50,7.568138,7.285024
worker_3,2459,1788086975.557039,50,7.880214,7.752928
worker_3,2460,1788086975.564948,50,7.913539,7.640832
worker_3,2461,1788086975.572912,50,7.847676,7.720448
worker_3,2462,1788086975.580788,50,7.854307,7.587712
worker_3,2463,1788086975.588691,50,7.949002,7.821312
worker_3,2464,1788086975.596668,50,7.965511,7.708864
worker_3,2465,1788086975.604683,50,8.027947,7.889280
worker_3,2466,1788086975.612739,50,7.980093,7.722304
worker_3,2467,1788086975.620770,50,8.061789,7.929696
worker_3,2468,1788086975.628859,50,8.030224,7.740480
worker_3,2469,1788086975.636950,50,7.947466,7.821088
worker_3,2470,1788086975.644924,50,7.907547,7.633376
worker_3,2471,1788086975.652882,50,7.869030,7.740160
worker_3,2472,1788086975.660777,50,7.395118,7.125344
worker_3,2473,1788086975.668241,50,7.798363,7.668480
worker_3,2474,1788086975.676066,50,7.714046,7.435232
worker_3,2475,1788086975.683827,50,7.819945,7.695456
worker_3,2476,1788086975.691676,50,7.720232,7.450432
worker_3,2477,1788086975.699445,50,7.804168,7.676672
worker_3,2478,1788086975.707278,50,7.736963,7.679648
worker_3,2479,1788086975.715036,50,7.517452,7.468928
worker_3,2480,1788086975.722572,50,7.641230,7.592608
worker_3,2481,1788086975.730230,50,7.578332,7.532192
worker_3,2482,1788086975.737825,50,7.592415,7.546848
worker_3,2483,1788086975.745433,50,7.850464,7.591584
worker_3,2484,1788086975.753334,50,7.853797,7.519136
worker_3,2485,1788086975.761236,50,8.130430,7.792384
worker_3,2486,1788086975.769415,50,7.905983,7.582304
worker_3,2487,1788086975.777371,50,8.175170,7.853152
worker_3,2488,1788086975.785606,50,8.116550,7.792000
worker_3,2489,1788086975.793773,50,8.016317,7.691776
worker_3,2490,1788086975.801838,50,7.999946,7.659424
worker_3,2491,1788086975.809886,50,7.714666,7.596800
worker_3,2492,1788086975.817628,50,7.914307,7.654784
worker_3,2493,1788086975.825593,50,7.887510,7.765504
worker_3,2494,1788086975.833508,50,7.741537,7.476544
worker_3,2495,1788086975.841300,50,8.057845,7.722784
worker_3,2496,1788086975.849408,50,8.104809,7.765824
worker_3,2497,1788086975.857563,50,8.259680,7.917344
worker_3,2498,1788086975.865873,50,8.024522,7.667680
worker_3,2499,1788086975.873947,50,8.058290,7.716384
worker_3,2500,1788086975.882055,50,8.053539,7.717504
worker_3,2501,1788086975.890157,50,8.073687,7.739456
worker_3,2502,1788086975.898283,50,7.922538,7.591360
worker_3,2503,1788086975.906255,50,8.206290,7.878176
worker_3,2504,1788086975.914510,50,8.174225,7.845984
worker_3,2505,1788086975.922732,50,8.115578,7.787904
worker_3,2506,1788086975.930896,50,7.519396,7.381248
worker_3,2507,1788086975.938442,50,8.073049,7.798912
worker_3,2508,1788086975.946578,50,7.819631,7.695776
worker_3,2509,1788086975.954424,50,7.849594,7.584800
worker_3,2510,1788086975.962323,50,7.852390,7.725184
worker_3,2511,1788086975.970204,50,7.829159,7.560416
worker_3,2512,1788086975.978085,50,7.811908,7.687392
worker_3,2513,1788086975.985925,50,7.891807,7.609216
worker_3,2514,1788086975.993869,50,7.975790,7.848064
worker_3,2515,1788086976.001871,50,8.073494,7.787264
worker_3,2516,1788086976.009995,50,7.958844,7.830752
worker_3,2517,1788086976.017980,50,8.004594,7.736448
worker_3,2518,1788086976.026036,50,8.017882,7.890112
worker_3,2519,1788086976.034083,50,7.865084,7.596224
worker_3,2520,1788086976.041998,50,7.816195,7.695840
worker_3,2521,1788086976.049841,50,8.031391,7.758528
worker_3,2522,1788086976.057922,50,7.793158,7.665408
worker_3,2523,1788086976.065743,50,7.799759,7.744768
worker_3,2524,1788086976.073562,50,7.568527,7.522112
worker_3,2525,1788086976.081149,50,7.826416,7.554688
worker_3,2526,1788086976.089025,50,7.974344,7.845056
worker_3,2527,1788086976.097045,50,7.736879,7.682144
worker_3,2528,1788086976.104801,50,7.395154,7.348416
worker_3,2529,1788086976.112226,50,7.416997,7.371360
worker_3,2530,1788086976.119662,50,7.591906,7.545216
worker_3,2531,1788086976.127271,50,7.492275,7.445024
worker_3,2532,1788086976.134780,50,7.607443,7.560192
worker_3,2533,1788086976.142405,50,7.644851,7.597632
worker_3,2534,1788086976.150066,50,7.473534,7.411776
worker_3,2535,1788086976.157566,50,8.093929,7.814112
worker_3,2536,1788086976.165709,50,7.876686,7.546688
worker_3,2537,1788086976.173636,50,8.156318,7.816480
worker_3,2538,1788086976.181841,50,7.811324,7.476928
worker_3,2539,1788086976.189700,50,8.256837,7.913408
worker_3,2540,1788086976.198006,50,7.862936,7.529088
worker_3,2541,1788086976.205917,50,8.243513,7.909440
worker_3,2542,1788086976.214210,50,7.869964,7.539040
worker_3,2543,1788086976.222129,50,8.227060,7.898208
worker_3,2544,1788086976.230405,50,8.056854,7.726880
worker_3,2545,1788086976.238511,50,7.806372,7.680640
worker_3,2546,1788086976.246348,50,7.633758,7.354592
worker_3,2547,1788086976.254047,50,7.720675,7.596640
worker_3,2548,1788086976.261797,50,7.973280,7.697312
worker_3,2549,1788086976.269819,50,7.937881,7.812992
worker_3,2550,1788086976.277783,50,7.924919,7.663072
worker_3,2551,1788086976.285759,50,7.828418,7.701696
worker_3,2552,1788086976.293616,50,8.039983,7.773600
worker_3,2553,1788086976.301706,50,7.636174,7.514848
worker_3,2554,1788086976.309369,50,7.900742,7.637376
worker_3,2555,1788086976.317321,50,7.730536,7.609376
worker_3,2556,1788086976.325078,50,8.004309,7.743360
worker_3,2557,1788086976.333132,50,7.933575,7.806976
worker_3,2558,1788086976.341094,50,8.062550,7.788640
worker_3,2559,1788086976.349208,50,7.836824,7.706624
worker_3,2560,1788086976.357073,50,8.048687,7.768512
worker_3,2561,1788086976.365172,50,7.791657,7.664480
worker_3,2562,1788086976.372990,50,8.062003,7.787488
worker_3,2563,1788086976.381102,50,7.674861,7.547392
worker_3,2564,1788086976.388806,50,7.982595,7.706944
worker_3,2565,1788086976.396838,50,7.931697,7.584064
worker_3,2566,1788086976.404833,50,7.919288,7.794240
worker_3,2567,1788086976.412778,50,7.929826,7.651680
worker_3,2568,1788086976.420757,50,7.959502,7.835456
worker_3,2569,1788086976.428744,50,7.835585,7.777248
worker_3,2570,1788086976.436600,50,7.771065,7.721280
worker_3,2571,1788086976.444389,50,7.808473,7.763680
worker_3,2572,1788086976.452225,50,9.153678,7.727904
worker_3,2573,1788086976.461401,50,7.681268,7.632448
worker_3,2574,1788086976.469099,50,7.813473,7.765888
worker_3,2575,1788086976.476929,50,7.679925,7.617568
worker_3,2576,1788086976.484624,50,7.992678,7.732704
worker_3,2577,1788086976.492667,50,8.019790,7.686528
worker_3,2578,1788086976.500736,50,8.225532,7.893984
worker_3,2579,1788086976.509010,50,7.768492,7.437472
worker_3,2580,1788086976.516829,50,8.055187,7.717184
worker_3,2581,1788086976.524933,50,7.589202,7.459360
worker_3,2582,1788086976.532552,50,7.461164,7.406272
worker_3,2583,1788086976.540034,50,7.893094,7.698848
worker_3,2584,1788086976.547945,50,7.362182,7.155968
worker_3,2585,1788086976.555324,50,7.469054,7.246080
worker_3,2586,1788086976.562821,50,7.274154,7.066304
worker_3,2587,1788086976.570112,50,7.607833,7.407232
worker_3,2588,1788086976.577736,50,6.378423,6.182080
