label,batch,start_unix_s,operations,wall_ms,cuda_batch_ms
worker_4,0,1788087030.582967,50,5.494519,5.201600
worker_4,1,1788087030.588503,50,4.737327,1.099840
worker_4,2,1788087030.593266,50,4.756004,1.101440
worker_4,3,1788087030.598041,50,4.764957,1.099328
worker_4,4,1788087030.602822,50,4.772310,1.099040
worker_4,5,1788087030.607611,50,4.981746,1.097472
worker_4,6,1788087030.612638,50,4.545761,1.097824
worker_4,7,1788087030.617219,50,4.745697,1.097920
worker_4,8,1788087030.621992,50,4.749299,1.096960
worker_4,9,1788087030.626765,50,4.757661,1.098336
worker_4,10,1788087030.631552,50,4.766003,1.098336
worker_4,11,1788087030.636336,50,4.771467,1.099136
worker_4,12,1788087030.641124,50,4.768179,1.098880
worker_4,13,1788087030.645907,50,4.775690,1.100256
worker_4,14,1788087030.650699,50,4.785957,1.097920
worker_4,15,1788087030.655509,50,4.948107,1.097440
worker_4,16,1788087030.660501,50,4.745392,1.098112
worker_4,17,1788087030.665293,50,4.763402,1.098240
worker_4,18,1788087030.670102,50,4.735661,1.096480
worker_4,19,1788087030.674883,50,4.547557,1.098432
worker_4,20,1788087030.679456,50,4.777207,1.098400
worker_4,21,1788087030.684250,50,4.766837,1.097568
worker_4,22,1788087030.689033,50,4.771494,1.098944
worker_4,23,1788087030.693822,50,4.788901,1.099104
worker_4,24,1788087030.698627,50,4.766503,1.096320
worker_4,25,1788087030.703410,50,4.768225,1.098272
worker_4,26,1788087030.708194,50,4.771985,1.100352
worker_4,27,1788087030.712981,50,4.774449,1.097632
worker_4,28,1788087030.717772,50,4.770651,1.097792
worker_4,29,1788087030.722570,50,4.763069,1.096960
worker_4,30,1788087030.727353,50,4.769596,1.098976
worker_4,31,1788087030.732138,50,4.790245,1.106784
worker_4,32,1788087030.736943,50,4.839180,1.097760
worker_4,33,1788087030.741831,50,4.671207,1.097600
worker_4,34,1788087030.746530,50,4.761790,1.097536
worker_4,35,1788087030.751318,50,4.778697,1.098528
worker_4,36,1788087030.756121,50,4.760198,1.098624
worker_4,37,1788087030.760904,50,4.769790,1.103936
worker_4,38,1788087030.765691,50,4.779930,1.096288
worker_4,39,1788087030.770491,50,4.756817,1.097984
worker_4,40,1788087030.775266,50,4.772244,1.098048
worker_4,41,1788087030.780059,50,4.760716,1.099520
worker_4,42,1788087030.784839,50,4.797550,1.104192
worker_4,43,1788087030.789654,50,4.914838,1.099296
worker_4,44,1788087030.794586,50,4.702457,1.098720
worker_4,45,1788087030.799307,50,4.839171,1.096832
worker_4,46,1788087030.804163,50,4.635946,1.095840
worker_4,47,1788087030.808821,50,4.769995,1.099456
worker_4,48,1788087030.813609,50,4.762947,1.097568
worker_4,49,1788087030.818402,50,4.757050,1.097888
worker_4,50,1788087030.823176,50,4.772391,1.097344
worker_4,51,1788087030.827965,50,4.767494,1.097056
worker_4,52,1788087030.832749,50,4.788114,1.106560
worker_4,53,1788087030.837553,50,4.763790,1.099168
worker_4,54,1788087030.842333,50,4.771401,1.096928
worker_4,55,1788087030.847121,50,4.794884,1.097504
worker_4,56,1788087030.851932,50,4.769217,1.102208
worker_4,57,1788087030.856718,50,4.778438,1.098304
worker_4,58,1788087030.861515,50,4.761883,1.098784
worker_4,59,1788087030.866294,50,4.779605,1.099360
worker_4,60,1788087030.871089,50,4.775254,1.098688
worker_4,61,1788087030.875881,50,4.765095,1.096960
worker_4,62,1788087030.880663,50,4.771162,1.097792
worker_4,63,1788087030.885449,50,4.774086,1.097184
worker_4,64,1788087030.890239,50,4.773264,1.100608
worker_4,65,1788087030.895028,50,4.773169,1.097664
worker_4,66,1788087030.899817,50,4.770466,1.098720
worker_4,67,1788087030.904604,50,4.773762,1.100416
worker_4,68,1788087030.909405,50,4.763660,1.099040
worker_4,69,1788087030.914184,50,4.784300,1.097856
worker_4,70,1788087030.918985,50,4.770198,1.099296
worker_4,71,1788087030.923771,50,4.775680,1.099072
worker_4,72,1788087030.928562,50,4.776512,1.104384
worker_4,73,1788087030.933353,50,4.772531,1.097760
worker_4,74,1788087030.938141,50,4.793234,1.097408
worker_4,75,1788087030.942950,50,4.770151,1.098208
worker_4,76,1788087030.947738,50,4.776957,1.098400
worker_4,77,1788087030.952532,50,4.771096,1.097792
worker_4,78,1788087030.957318,50,4.781050,1.098656
worker_4,79,1788087030.962118,50,4.766243,1.097376
worker_4,80,1788087030.966901,50,4.765041,1.097568
worker_4,81,1788087030.971683,50,4.769243,1.097632
worker_4,82,1788087030.976467,50,4.769004,1.099872
worker_4,83,1788087030.981252,50,4.772938,1.099008
worker_4,84,1788087030.986041,50,4.770717,1.097024
worker_4,85,1788087030.990827,50,4.769123,1.097408
worker_4,86,1788087030.995611,50,4.770634,1.098432
worker_4,87,1788087031.000397,50,4.777679,1.097280
worker_4,88,1788087031.005199,50,4.763550,1.097760
worker_4,89,1788087031.009980,50,4.780818,1.098592
worker_4,90,1788087031.014778,50,4.770014,1.099392
worker_4,91,1788087031.019566,50,4.769707,1.096448
worker_4,92,1788087031.024353,50,4.770717,1.099104
worker_4,93,1788087031.029142,50,4.766327,1.097248
worker_4,94,1788087031.033924,50,4.805069,1.098560
worker_4,95,1788087031.038745,50,4.773373,1.097440
worker_4,96,1788087031.043533,50,4.773060,1.098400
worker_4,97,1788087031.048323,50,4.774698,1.100704
worker_4,98,1788087031.053113,50,4.774940,1.097216
worker_4,99,1788087031.057903,50,4.786031,1.099296
worker_4,100,1788087031.062706,50,4.763679,1.097216
worker_4,101,1788087031.067487,50,4.767771,1.096960
worker_4,102,1788087031.072272,50,4.772725,1.099264
worker_4,103,1788087031.077062,50,4.769438,1.097600
worker_4,104,1788087031.081847,50,4.772160,1.097760
worker_4,105,1788087031.086634,50,4.770271,1.097408
worker_4,106,1788087031.091420,50,4.803679,1.098368
worker_4,107,1788087031.096249,50,4.749800,1.095776
worker_4,108,1788087031.101018,50,4.786642,1.104864
worker_4,109,1788087031.105823,50,4.759994,1.096096
worker_4,110,1788087031.110600,50,4.772308,1.096896
worker_4,111,1788087031.115388,50,4.765588,1.096960
worker_4,112,1788087031.120169,50,4.771503,1.097792
worker_4,113,1788087031.124955,50,4.780939,1.099296
worker_4,114,1788087031.129751,50,4.769725,1.098400
worker_4,115,1788087031.134536,50,4.775558,1.098368
worker_4,116,1788087031.139328,50,4.768170,1.097632
worker_4,117,1788087031.144111,50,4.771522,1.097792
worker_4,118,1788087031.148898,50,4.773623,1.103328
worker_4,119,1788087031.153687,50,4.772679,1.098528
worker_4,120,1788087031.158475,50,4.779467,1.099264
worker_4,121,1788087031.163275,50,4.762559,1.100544
worker_4,122,1788087031.168055,50,4.772930,1.096704
worker_4,123,1788087031.172843,50,4.795614,1.105312
worker_4,124,1788087031.177655,50,4.771985,1.097248
worker_4,125,1788087031.182443,50,4.770253,1.097600
worker_4,126,1788087031.187230,50,4.773456,1.098368
worker_4,127,1788087031.192024,50,4.770337,1.098336
worker_4,128,1788087031.196813,50,4.762050,1.096384
worker_4,129,1788087031.201592,50,4.771170,1.098624
worker_4,130,1788087031.206379,50,4.773392,1.097568
worker_4,131,1788087031.211169,50,4.770272,1.099488
worker_4,132,1788087031.215955,50,4.772902,1.098848
worker_4,133,1788087031.220742,50,4.786827,1.103040
worker_4,134,1788087031.225545,50,4.764921,1.097120
worker_4,135,1788087031.230327,50,4.766661,1.095712
worker_4,136,1788087031.235110,50,4.770180,1.096224
worker_4,137,1788087031.239896,50,4.791689,1.106688
worker_4,138,1788087031.244707,50,4.767189,1.096032
worker_4,139,1788087031.249490,50,4.763568,1.098272
worker_4,140,1788087031.254270,50,4.768467,1.096768
worker_4,141,1788087031.259055,50,4.767623,1.097376
worker_4,142,1788087031.263839,50,4.769494,1.099456
worker_4,143,1788087031.268625,50,4.774651,1.098336
worker_4,144,1788087031.273414,50,4.776949,1.099232
worker_4,145,1788087031.278207,50,4.772781,1.098624
worker_4,146,1788087031.283004,50,4.921032,1.097344
worker_4,147,1788087031.287941,50,4.631771,1.098816
worker_4,148,1788087031.292590,50,4.763189,1.097152
worker_4,149,1788087031.297369,50,4.778143,1.098016
worker_4,150,1788087031.302162,50,4.772855,1.097600
worker_4,151,1788087031.306951,50,4.783986,1.097760
worker_4,152,1788087031.311752,50,4.759864,1.097824
worker_4,153,1788087031.316530,50,4.782421,1.100192
worker_4,154,1788087031.321337,50,4.748207,1.097600
worker_4,155,1788087031.326112,50,4.764439,1.097984
worker_4,156,1788087031.330954,50,4.697975,1.098880
worker_4,157,1788087031.335671,50,4.777310,1.100992
worker_4,158,1788087031.340465,50,4.786522,1.098400
worker_4,159,1788087031.345267,50,4.777160,1.098784
worker_4,160,1788087031.350060,50,4.764882,1.096960
worker_4,161,1788087031.354842,50,4.774031,1.098240
worker_4,162,1788087031.359634,50,4.776198,1.097760
worker_4,163,1788087031.364428,50,4.773364,1.097792
worker_4,164,1788087031.369218,50,4.762041,1.095776
worker_4,165,1788087031.373996,50,4.768364,1.095744
worker_4,166,1788087031.378790,50,4.850810,1.099552
worker_4,167,1788087031.383661,50,4.679382,1.095904
worker_4,168,1788087031.388363,50,4.757115,1.097536
worker_4,169,1788087031.393138,50,4.764253,1.095808
worker_4,170,1788087031.397920,50,4.780105,1.098112
worker_4,171,1788087031.402716,50,4.768235,1.098688
worker_4,172,1788087031.407500,50,4.772660,1.097984
worker_4,173,1788087031.412290,50,4.777772,1.100512
worker_4,174,1788087031.417084,50,4.770030,1.098464
worker_4,175,1788087031.421869,50,4.764884,1.097536
worker_4,176,1788087031.426650,50,4.771975,1.097120
worker_4,177,1788087031.431437,50,4.788263,1.098848
worker_4,178,1788087031.436241,50,4.760984,1.099040
worker_4,179,1788087031.441016,50,4.778365,1.097184
worker_4,180,1788087031.445810,50,4.779995,1.099456
worker_4,181,1788087031.450606,50,4.767364,1.097504
worker_4,182,1788087031.455389,50,4.776458,1.096384
worker_4,183,1788087031.460190,50,4.766068,1.095904
worker_4,184,1788087031.464982,50,4.753578,1.098464
worker_4,185,1788087031.469767,50,4.754364,1.098592
worker_4,186,1788087031.474539,50,4.765893,1.098048
worker_4,187,1788087031.479320,50,4.776234,1.096640
worker_4,188,1788087031.484113,50,4.765504,1.099616
worker_4,189,1788087031.488894,50,4.789938,1.099552
worker_4,190,1788087031.493711,50,4.754625,1.096608
worker_4,191,1788087031.498489,50,4.752818,1.096160
worker_4,192,1788087031.503263,50,4.758162,1.097536
worker_4,193,1788087031.508039,50,4.774243,1.098720
worker_4,194,1788087031.512829,50,4.773236,1.098432
worker_4,195,1788087031.517621,50,4.761568,1.097568
worker_4,196,1788087031.522401,50,4.766309,1.097920
worker_4,197,1788087031.527184,50,4.781966,1.099264
worker_4,198,1788087031.531981,50,4.767986,1.096672
worker_4,199,1788087031.536766,50,4.788494,1.104672
worker_4,200,1788087031.541570,50,4.766957,1.095808
worker_4,201,1788087031.546353,50,4.766457,1.097856
worker_4,202,1788087031.551135,50,4.923459,1.098112
worker_4,203,1788087031.556073,50,4.704096,1.105728
worker_4,204,1788087031.560793,50,4.828773,1.096672
worker_4,205,1788087031.565640,50,4.760902,1.096736
worker_4,206,1788087031.570413,50,4.670456,1.097184
worker_4,207,1788087031.575096,50,4.744892,1.098784
worker_4,208,1788087031.579854,50,4.775447,1.101152
worker_4,209,1788087031.584647,50,4.767290,1.097856
worker_4,210,1788087031.589431,50,4.773049,1.097184
worker_4,211,1788087031.594220,50,4.767734,1.097408
worker_4,212,1788087031.599004,50,4.767197,1.098112
worker_4,213,1788087031.603785,50,4.775373,1.097056
worker_4,214,1788087031.608576,50,4.778050,1.105120
worker_4,215,1788087031.613369,50,4.767355,1.097568
worker_4,216,1788087031.618152,50,4.786614,1.097536
worker_4,217,1788087031.622953,50,4.773124,1.097824
worker_4,218,1788087031.627742,50,4.769402,1.097632
worker_4,219,1788087031.632527,50,4.772364,1.097792
worker_4,220,1788087031.637316,50,4.767013,1.097504
worker_4,221,1788087031.642099,50,4.777383,1.097792
worker_4,222,1788087031.646891,50,4.771800,1.098112
worker_4,223,1788087031.651678,50,4.771365,1.096800
worker_4,224,1788087031.656471,50,4.765235,1.099200
worker_4,225,1788087031.661252,50,4.773262,1.097632
worker_4,226,1788087031.666041,50,4.803364,1.099776
worker_4,227,1788087031.670860,50,4.774569,1.098304
worker_4,228,1788087031.675650,50,4.772151,1.096672
worker_4,229,1788087031.680438,50,4.768902,1.098976
worker_4,230,1788087031.685222,50,4.773133,1.099872
worker_4,231,1788087031.690011,50,4.781596,1.097856
worker_4,232,1788087031.694811,50,4.766596,1.097280
worker_4,233,1788087031.699593,50,4.771893,1.096832
worker_4,234,1788087031.704381,50,4.771938,1.100320
worker_4,235,1788087031.709168,50,4.774485,1.098368
worker_4,236,1788087031.713957,50,4.782689,1.098816
worker_4,237,1788087031.718756,50,4.770216,1.096832
worker_4,238,1788087031.723541,50,4.773263,1.100704
worker_4,239,1788087031.728331,50,4.782966,1.097760
worker_4,240,1788087031.733129,50,4.763106,1.095840
worker_4,241,1788087031.737908,50,4.768419,1.098944
worker_4,242,1788087031.742692,50,4.768282,1.097184
worker_4,243,1788087031.747475,50,4.775300,1.098688
worker_4,244,1788087031.752270,50,4.760559,1.098048
worker_4,245,1788087031.757046,50,4.780754,1.096736
worker_4,246,1788087031.761844,50,4.768781,1.097248
worker_4,247,1788087031.766629,50,4.768689,1.096640
worker_4,248,1788087031.771415,50,4.769031,1.097536
worker_4,249,1788087031.776200,50,4.778662,1.097376
worker_4,250,1788087031.780993,50,4.777077,1.098656
worker_4,251,1788087031.785786,50,4.771106,1.099392
worker_4,252,1788087031.790574,50,4.776096,1.097792
worker_4,253,1788087031.795365,50,4.765929,1.097472
worker_4,254,1788087031.800146,50,4.772328,1.098496
worker_4,255,1788087031.804934,50,4.793141,1.101600
worker_4,256,1788087031.809743,50,4.775060,1.099520
worker_4,257,1788087031.814534,50,4.773744,1.098656
worker_4,258,1788087031.819324,50,4.767754,1.097760
worker_4,259,1788087031.824108,50,4.769447,1.098304
worker_4,260,1788087031.828892,50,4.779911,1.101792
worker_4,261,1788087031.833688,50,4.772744,1.096416
worker_4,262,1788087031.838476,50,4.771782,1.097824
worker_4,263,1788087031.843269,50,4.765105,1.097184
worker_4,264,1788087031.848050,50,4.773281,1.097792
worker_4,265,1788087031.852840,50,4.803856,1.111104
worker_4,266,1788087031.857659,50,4.760817,1.097856
worker_4,267,1788087031.862435,50,4.774365,1.098528
worker_4,268,1788087031.867225,50,4.766568,1.098240
worker_4,269,1788087031.872007,50,4.771560,1.097792
worker_4,270,1788087031.876794,50,4.774762,1.097696
worker_4,271,1788087031.881585,50,4.773976,1.097984
worker_4,272,1788087031.886378,50,4.767300,1.098016
worker_4,273,1788087031.891161,50,4.770643,1.095872
worker_4,274,1788087031.895949,50,4.767836,1.097312
worker_4,275,1788087031.900735,50,4.787300,1.110080
worker_4,276,1788087031.905538,50,4.773873,1.097280
worker_4,277,1788087031.910327,50,4.769457,1.097728
worker_4,278,1788087031.915112,50,4.775318,1.097024
worker_4,279,1788087031.919903,50,4.770910,1.096352
worker_4,280,1788087031.924688,50,4.783004,1.100864
worker_4,281,1788087031.929487,50,4.770726,1.097440
worker_4,282,1788087031.934273,50,4.911672,1.098528
worker_4,283,1788087031.939219,50,4.809541,1.096448
worker_4,284,1788087031.944047,50,4.745949,1.098176
worker_4,285,1788087031.948809,50,4.722735,1.099232
worker_4,286,1788087031.953548,50,4.818152,1.099072
worker_4,287,1788087031.958383,50,4.763290,1.095872
worker_4,288,1788087031.963163,50,4.772550,1.096640
worker_4,289,1788087031.967952,50,4.669502,1.097824
worker_4,290,1788087031.972636,50,4.898866,1.098432
worker_4,291,1788087031.977550,50,4.757661,1.097088
worker_4,292,1788087031.982324,50,4.648781,1.098656
worker_4,293,1788087031.986989,50,4.761873,1.097216
worker_4,294,1788087031.991766,50,4.771366,1.098368
worker_4,295,1788087031.996553,50,4.774392,1.101504
worker_4,296,1788087032.001343,50,4.772106,1.099200
worker_4,297,1788087032.006132,50,4.774790,1.097504
worker_4,298,1788087032.010922,50,4.772976,1.097600
worker_4,299,1788087032.015711,50,4.768290,1.097056
worker_4,300,1788087032.020495,50,4.782772,1.104704
worker_4,301,1788087032.025293,50,4.772290,1.096768
worker_4,302,1788087032.030089,50,4.780235,1.097792
worker_4,303,1788087032.034885,50,4.770069,1.097440
worker_4,304,1788087032.039671,50,4.772956,1.097728
worker_4,305,1788087032.044460,50,4.769819,1.098400
worker_4,306,1788087032.049245,50,4.774040,1.098240
worker_4,307,1788087032.054035,50,4.803800,1.097792
worker_4,308,1788087032.058854,50,4.767494,1.098592
worker_4,309,1788087032.063638,50,4.771818,1.097280
worker_4,310,1788087032.068495,50,4.709744,1.101408
worker_4,311,1788087032.073224,50,4.766512,1.098912
worker_4,312,1788087032.078006,50,4.779625,1.099296
worker_4,313,1788087032.082802,50,4.766032,1.096576
worker_4,314,1788087032.087584,50,4.775485,1.099232
worker_4,315,1788087032.092376,50,4.770319,1.098144
worker_4,316,1788087032.097161,50,4.773874,1.096704
worker_4,317,1788087032.101950,50,4.771855,1.098688
worker_4,318,1788087032.106737,50,4.775151,1.097792
worker_4,319,1788087032.111528,50,4.768782,1.096864
worker_4,320,1788087032.116311,50,4.763077,1.097440
worker_4,321,1788087032.121091,50,4.767754,1.096736
worker_4,322,1788087032.125878,50,4.766641,1.097376
worker_4,323,1788087032.130661,50,4.777985,1.098400
worker_4,324,1788087032.135453,50,4.831059,1.099104
worker_4,325,1788087032.140328,50,4.724355,1.098048
worker_4,326,1788087032.145090,50,4.767114,1.098592
worker_4,327,1788087032.149903,50,4.728595,1.097568
worker_4,328,1788087032.154670,50,4.744632,1.097664
worker_4,329,1788087032.159451,50,4.745095,1.097344
worker_4,330,1788087032.164241,50,4.743873,1.102176
worker_4,331,1788087032.169019,50,4.771947,1.100384
worker_4,332,1788087032.173826,50,4.749327,1.096192
worker_4,333,1788087032.178611,50,4.751336,1.098400
worker_4,334,1788087032.183398,50,4.769818,1.097664
worker_4,335,1788087032.188209,50,4.738809,1.098624
worker_4,336,1788087032.192981,50,4.753152,1.098752
worker_4,337,1788087032.197768,50,4.752929,1.097376
worker_4,338,1788087032.202556,50,4.743800,1.097984
worker_4,339,1788087032.207334,50,4.773762,1.095744
worker_4,340,1788087032.212146,50,4.739198,1.097280
worker_4,341,1788087032.216931,50,4.759022,1.104832
worker_4,342,1788087032.221726,50,4.746614,1.096448
worker_4,343,1788087032.226505,50,4.753272,1.096992
worker_4,344,1788087032.231291,50,4.750512,1.097344
worker_4,345,1788087032.236074,50,4.752216,1.103552
worker_4,346,1788087032.240859,50,4.749429,1.096736
worker_4,347,1788087032.245639,50,4.759540,1.096736
worker_4,348,1788087032.250432,50,4.753114,1.098080
worker_4,349,1788087032.255217,50,4.758818,1.096800
worker_4,350,1788087032.260015,50,4.740327,1.098496
worker_4,351,1788087032.264791,50,4.749206,1.096768
worker_4,352,1788087032.269572,50,4.756271,1.095808
worker_4,353,1788087032.274367,50,4.742744,1.097600
worker_4,354,1788087032.279145,50,4.753244,1.098592
worker_4,355,1788087032.283929,50,4.756929,1.101664
worker_4,356,1788087032.288719,50,4.747457,1.097728
worker_4,357,1788087032.293500,50,4.763994,1.098240
worker_4,358,1788087032.298301,50,4.747207,1.096416
worker_4,359,1788087032.303085,50,4.756883,1.097280
worker_4,360,1788087032.307884,50,4.741911,1.098464
worker_4,361,1788087032.312671,50,4.741466,1.096928
worker_4,362,1788087032.317447,50,4.754401,1.097632
worker_4,363,1788087032.322238,50,4.749799,1.097472
worker_4,364,1788087032.327026,50,4.748864,1.096576
worker_4,365,1788087032.331809,50,4.767132,1.098784
worker_4,366,1788087032.336615,50,4.765068,1.096576
worker_4,367,1788087032.341418,50,4.744660,1.097888
worker_4,368,1788087032.346196,50,4.747706,1.097952
worker_4,369,1788087032.350976,50,4.757882,1.096928
worker_4,370,1788087032.355768,50,4.748725,1.098624
worker_4,371,1788087032.360550,50,4.752975,1.095808
worker_4,372,1788087032.365337,50,4.751022,1.098368
worker_4,373,1788087032.370125,50,4.773105,1.097632
worker_4,374,1788087032.374938,50,4.747587,1.096736
worker_4,375,1788087032.379721,50,4.747661,1.097056
worker_4,376,1788087032.384503,50,4.756198,1.103808
worker_4,377,1788087032.389295,50,4.755059,1.097536
worker_4,378,1788087032.394089,50,4.757355,1.096960
worker_4,379,1788087032.398884,50,4.742743,1.096736
worker_4,380,1788087032.403680,50,4.737225,1.096672
worker_4,381,1788087032.408451,50,4.755004,1.099584
worker_4,382,1788087032.413239,50,4.759745,1.097280
worker_4,383,1788087032.418036,50,4.758790,1.098976
worker_4,384,1788087032.422834,50,4.745985,1.096320
worker_4,385,1788087032.427618,50,4.750578,1.097536
worker_4,386,1788087032.432411,50,4.734892,1.097248
worker_4,387,1788087032.437183,50,4.750799,1.098816
worker_4,388,1788087032.441972,50,4.766114,1.096896
worker_4,389,1788087032.446772,50,4.750161,1.097952
worker_4,390,1788087032.451560,50,4.745910,1.098528
worker_4,391,1788087032.456341,50,4.753717,1.103520
worker_4,392,1788087032.461130,50,4.752966,1.098752
worker_4,393,1788087032.465919,50,4.746180,1.097568
worker_4,394,1788087032.470699,50,4.756994,1.097920
worker_4,395,1788087032.475494,50,4.766698,1.096704
worker_4,396,1788087032.480299,50,4.730503,1.099168
worker_4,397,1788087032.485068,50,4.751708,1.098336
worker_4,398,1788087032.489852,50,4.752837,1.097280
worker_4,399,1788087032.494639,50,4.756782,1.097760
worker_4,400,1788087032.499438,50,4.742392,1.098080
worker_4,401,1788087032.504228,50,4.739846,1.097248
worker_4,402,1788087032.509003,50,4.779827,1.099456
worker_4,403,1788087032.513821,50,4.733587,1.095584
worker_4,404,1788087032.518590,50,4.743142,1.096480
worker_4,405,1788087032.523365,50,4.764189,1.097824
worker_4,406,1788087032.528167,50,4.752327,1.097568
worker_4,407,1788087032.532956,50,4.755855,1.103904
worker_4,408,1788087032.537751,50,4.743068,1.098656
worker_4,409,1788087032.542527,50,4.753605,1.096448
worker_4,410,1788087032.547314,50,4.752031,1.097728
worker_4,411,1788087032.552099,50,4.759374,1.096704
worker_4,412,1788087032.556893,50,4.771753,1.104352
worker_4,413,1788087032.561704,50,4.741614,1.098688
worker_4,414,1788087032.566479,50,4.755716,1.098272
worker_4,415,1788087032.571266,50,4.754819,1.100000
worker_4,416,1788087032.576056,50,4.754781,1.098336
worker_4,417,1788087032.580845,50,4.757179,1.099104
worker_4,418,1788087032.585637,50,4.751031,1.097696
worker_4,419,1788087032.590435,50,4.740068,1.096512
worker_4,420,1788087032.595211,50,4.742207,1.097248
worker_4,421,1788087032.599989,50,4.755216,1.097216
worker_4,422,1788087032.604778,50,4.767160,1.108960
worker_4,423,1788087032.609582,50,4.742022,1.097440
worker_4,424,1788087032.614363,50,4.744290,1.097824
worker_4,425,1788087032.619144,50,4.754142,1.097600
worker_4,426,1788087032.623932,50,4.745938,1.098656
worker_4,427,1788087032.628711,50,4.750132,1.098496
worker_4,428,1788087032.633492,50,4.782921,1.098784
worker_4,429,1788087032.638318,50,4.726254,1.097024
worker_4,430,1788087032.643077,50,4.749096,1.099104
worker_4,431,1788087032.647860,50,4.771902,1.110784
worker_4,432,1788087032.652663,50,4.751679,1.100864
worker_4,433,1788087032.657447,50,4.755458,1.098752
worker_4,434,1788087032.662237,50,4.895041,1.096640
worker_4,435,1788087032.667165,50,4.693178,1.099040
worker_4,436,1788087032.671888,50,4.831003,1.098400
worker_4,437,1788087032.676752,50,4.610002,1.097408
worker_4,438,1788087032.681394,50,4.754476,1.098272
worker_4,439,1788087032.686192,50,4.769419,1.098464
worker_4,440,1788087032.690992,50,4.751689,1.098464
worker_4,441,1788087032.695773,50,4.756763,1.097728
worker_4,442,1788087032.700563,50,4.749513,1.097952
worker_4,443,1788087032.705343,50,4.792837,1.098208
worker_4,444,1788087032.710167,50,4.752123,1.098688
worker_4,445,1788087032.714952,50,4.751512,1.097792
worker_4,446,1788087032.719739,50,4.754022,1.101472
worker_4,447,1788087032.724526,50,4.754188,1.096576
worker_4,448,1788087032.729315,50,4.746837,1.095872
worker_4,449,1788087032.734095,50,4.773708,1.098112
worker_4,450,1788087032.738903,50,4.750540,1.097568
worker_4,451,1788087032.743686,50,4.754338,1.098624
worker_4,452,1788087032.748473,50,4.749364,1.099072
worker_4,453,1788087032.753258,50,4.754299,1.097728
worker_4,454,1788087032.758047,50,4.751773,1.097280
worker_4,455,1788087032.762830,50,4.748929,1.099328
worker_4,456,1788087032.767612,50,4.749716,1.096000
worker_4,457,1788087032.772393,50,4.752003,1.098560
worker_4,458,1788087032.777185,50,4.742559,1.096992
worker_4,459,1788087032.781959,50,4.780706,1.098912
worker_4,460,1788087032.786770,50,4.755698,1.097536
worker_4,461,1788087032.791557,50,4.756512,1.097856
worker_4,462,1788087032.796347,50,4.756319,1.099488
worker_4,463,1788087032.801139,50,4.744938,1.097888
worker_4,464,1788087032.805985,50,4.688688,1.097760
worker_4,465,1788087032.810709,50,4.740947,1.097408
worker_4,466,1788087032.815484,50,4.768559,1.096640
worker_4,467,1788087032.820287,50,4.736456,1.098944
worker_4,468,1788087032.825058,50,4.766569,1.097440
worker_4,469,1788087032.829861,50,4.745160,1.097792
worker_4,470,1788087032.834643,50,4.746429,1.097184
worker_4,471,1788087032.839423,50,4.747197,1.096736
worker_4,472,1788087032.844203,50,4.759596,1.097472
worker_4,473,1788087032.848999,50,4.760938,1.099104
worker_4,474,1788087032.853791,50,4.747207,1.097696
worker_4,475,1788087032.858569,50,4.760022,1.097248
worker_4,476,1788087032.863364,50,4.757271,1.097024
worker_4,477,1788087032.868158,50,4.732503,1.097024
worker_4,478,1788087032.872931,50,4.750586,1.097856
worker_4,479,1788087032.877717,50,4.744123,1.095904
worker_4,480,1788087032.882495,50,4.747771,1.098176
worker_4,481,1788087032.887275,50,4.784891,1.097248
worker_4,482,1788087032.892094,50,4.751976,1.096672
worker_4,483,1788087032.896878,50,4.776790,1.110976
worker_4,484,1788087032.901692,50,4.747716,1.098720
worker_4,485,1788087032.906475,50,4.749215,1.097728
worker_4,486,1788087032.911258,50,4.744781,1.095392
worker_4,487,1788087032.916034,50,4.767272,1.098688
worker_4,488,1788087032.920838,50,4.746466,1.100768
worker_4,489,1788087032.925617,50,4.759197,1.099584
worker_4,490,1788087032.930409,50,4.756382,1.096960
worker_4,491,1788087032.935203,50,4.745040,1.097472
worker_4,492,1788087032.939984,50,4.741114,1.096672
worker_4,493,1788087032.944757,50,4.753132,1.097312
worker_4,494,1788087032.949541,50,4.754234,1.097280
worker_4,495,1788087032.954329,50,4.760808,1.098176
worker_4,496,1788087032.959126,50,4.744957,1.096544
worker_4,497,1788087032.963914,50,4.738715,1.098112
worker_4,498,1788087032.968686,50,4.750502,1.097248
worker_4,499,1788087032.973466,50,4.760920,1.097920
worker_4,500,1788087032.978259,50,4.756086,1.097120
worker_4,501,1788087032.983051,50,4.749419,1.097856
worker_4,502,1788087032.987834,50,4.750263,1.096288
worker_4,503,1788087032.992621,50,4.758624,1.103488
worker_4,504,1788087032.997420,50,4.744142,1.100000
worker_4,505,1788087033.002203,50,4.764614,1.096640
worker_4,506,1788087033.007001,50,4.761921,1.096896
worker_4,507,1788087033.011801,50,4.742531,1.099296
worker_4,508,1788087033.016580,50,4.750004,1.100512
worker_4,509,1788087033.021366,50,4.741485,1.097664
worker_4,510,1788087033.026144,50,4.764133,1.098784
worker_4,511,1788087033.030944,50,4.748587,1.098560
worker_4,512,1788087033.035729,50,4.747244,1.096768
worker_4,513,1788087033.040512,50,4.750586,1.101696
worker_4,514,1788087033.045298,50,4.754448,1.096896
worker_4,515,1788087033.050088,50,4.770642,1.097760
worker_4,516,1788087033.054893,50,4.749281,1.096032
worker_4,517,1788087033.059681,50,4.754059,1.096832
worker_4,518,1788087033.064467,50,4.757568,1.100064
worker_4,519,1788087033.069263,50,4.749429,1.098144
worker_4,520,1788087033.074052,50,4.757782,1.097856
worker_4,521,1788087033.078843,50,4.877624,1.096992
worker_4,522,1788087033.083754,50,4.752837,1.096960
worker_4,523,1788087033.088542,50,4.672003,1.101120
worker_4,524,1788087033.093251,50,4.704975,1.097504
worker_4,525,1788087033.097994,50,4.741605,1.097696
worker_4,526,1788087033.102768,50,4.757819,1.097408
worker_4,527,1788087033.107560,50,4.741058,1.097792
worker_4,528,1788087033.112336,50,4.752513,1.099936
worker_4,529,1788087033.117120,50,4.774790,1.097056
worker_4,530,1788087033.121931,50,4.747290,1.097504
worker_4,531,1788087033.126712,50,4.747596,1.096704
worker_4,532,1788087033.131495,50,4.893430,1.098368
worker_4,533,1788087033.136422,50,4.615779,1.101088
worker_4,534,1788087033.141072,50,4.746087,1.097312
worker_4,535,1788087033.145852,50,4.762837,1.097952
worker_4,536,1788087033.150658,50,4.741290,1.099872
worker_4,537,1788087033.155432,50,4.751206,1.095616
worker_4,538,1788087033.160224,50,4.747401,1.099456
worker_4,539,1788087033.165007,50,4.748281,1.098784
worker_4,540,1788087033.169791,50,4.754197,1.097440
worker_4,541,1788087033.174582,50,4.746411,1.097856
worker_4,542,1788087033.179363,50,4.755883,1.097216
worker_4,543,1788087033.184152,50,4.754095,1.101280
worker_4,544,1788087033.188939,50,4.749661,1.097824
worker_4,545,1788087033.193721,50,4.756346,1.097184
worker_4,546,1788087033.198508,50,4.752836,1.096480
worker_4,547,1788087033.203293,50,4.796707,1.097952
worker_4,548,1788087033.208123,50,4.744207,1.096704
worker_4,549,1788087033.212902,50,4.778337,1.096288
worker_4,550,1788087033.217713,50,4.757160,1.096160
worker_4,551,1788087033.222502,50,4.755588,1.097952
worker_4,552,1788087033.227290,50,4.753485,1.096736
worker_4,553,1788087033.232079,50,4.747336,1.099744
worker_4,554,1788087033.236859,50,4.765124,1.097472
worker_4,555,1788087033.241656,50,4.777846,1.098656
worker_4,556,1788087033.246485,50,4.711281,1.098848
worker_4,557,1788087033.251232,50,4.744123,1.097216
worker_4,558,1788087033.256008,50,4.755689,1.097344
worker_4,559,1788087033.260795,50,4.767114,1.096960
worker_4,560,1788087033.265600,50,4.743503,1.098528
worker_4,561,1788087033.270380,50,4.747503,1.096480
worker_4,562,1788087033.275161,50,4.753939,1.097152
worker_4,563,1788087033.279947,50,4.755429,1.097696
worker_4,564,1788087033.284736,50,4.760986,1.099936
worker_4,565,1788087033.289531,50,4.752373,1.097088
worker_4,566,1788087033.294319,50,4.746818,1.097952
worker_4,567,1788087033.299098,50,4.759049,1.097152
worker_4,568,1788087033.303891,50,4.752688,1.102080
worker_4,569,1788087033.308675,50,4.757069,1.096736
worker_4,570,1788087033.313469,50,4.745901,1.098208
worker_4,571,1788087033.318250,50,4.748133,1.096384
worker_4,572,1788087033.323031,50,4.760022,1.097376
worker_4,573,1788087033.327826,50,4.754762,1.102656
worker_4,574,1788087033.332618,50,4.758864,1.097536
worker_4,575,1788087033.337420,50,4.736253,1.096288
worker_4,576,1788087033.342188,50,4.754994,1.096288
worker_4,577,1788087033.346974,50,4.755392,1.096480
worker_4,578,1788087033.351762,50,4.750911,1.099744
worker_4,579,1788087033.356545,50,4.783466,1.096832
worker_4,580,1788087033.361363,50,4.750429,1.096256
worker_4,581,1788087033.366150,50,4.741030,1.095936
worker_4,582,1788087033.370923,50,4.952532,1.096672
worker_4,583,1788087033.375912,50,4.555621,1.103488
worker_4,584,1788087033.380502,50,4.744420,1.096992
worker_4,585,1788087033.385269,50,4.756790,1.097952
worker_4,586,1788087033.390044,50,4.772227,1.100320
worker_4,587,1788087033.394833,50,4.767986,1.098208
worker_4,588,1788087033.399617,50,4.777281,1.099424
worker_4,589,1788087033.404411,50,4.770828,1.099520
worker_4,590,1788087033.409199,50,4.768781,1.098048
worker_4,591,1788087033.413983,50,4.772013,1.097856
worker_4,592,1788087033.418773,50,4.775161,1.097920
worker_4,593,1788087033.423565,50,4.992080,1.099008
worker_4,594,1788087033.428605,50,4.530640,1.098720
worker_4,595,1788087033.433174,50,4.950718,1.097472
worker_4,596,1788087033.438171,50,4.538131,1.097600
worker_4,597,1788087033.442735,50,4.754327,1.097792
worker_4,598,1788087033.447508,50,4.770336,1.098720
worker_4,599,1788087033.452295,50,4.775503,1.098048
worker_4,600,1788087033.457086,50,4.973690,1.096480
worker_4,601,1788087033.462106,50,4.546140,1.097696
worker_4,602,1788087033.466677,50,4.762170,1.097760
worker_4,603,1788087033.471458,50,4.772902,1.097696
worker_4,604,1788087033.476249,50,4.770493,1.097728
worker_4,605,1788087033.481036,50,4.773032,1.097408
worker_4,606,1788087033.485825,50,4.771049,1.099456
worker_4,607,1788087033.490612,50,4.770198,1.097824
worker_4,608,1788087033.495399,50,4.764957,1.096576
worker_4,609,1788087033.500181,50,4.776939,1.097344
worker_4,610,1788087033.504974,50,4.795115,1.103040
worker_4,611,1788087033.509785,50,4.765707,1.098048
worker_4,612,1788087033.514568,50,4.770652,1.098720
worker_4,613,1788087033.519354,50,4.975663,1.097408
worker_4,614,1788087033.524387,50,4.523724,1.096640
worker_4,615,1788087033.528935,50,4.982320,1.102016
worker_4,616,1788087033.533961,50,4.734373,1.095584
worker_4,617,1788087033.538738,50,4.741521,1.098336
worker_4,618,1788087033.543607,50,4.670640,1.098048
worker_4,619,1788087033.548325,50,4.770521,1.097920
worker_4,620,1788087033.553135,50,4.963699,1.097888
worker_4,621,1788087033.558132,50,4.892505,1.098208
worker_4,622,1788087033.563057,50,4.620993,1.097024
worker_4,623,1788087033.567713,50,4.732243,1.097280
worker_4,624,1788087033.572486,50,4.308786,1.100736
worker_4,625,1788087033.576819,50,4.755225,1.097792
worker_4,626,1788087033.581595,50,4.763985,1.099392
worker_4,627,1788087033.586375,50,4.771272,1.099584
worker_4,628,1788087033.591162,50,4.794901,1.098496
worker_4,629,1788087033.595973,50,4.769846,1.099168
worker_4,630,1788087033.600760,50,4.767345,1.098176
worker_4,631,1788087033.605542,50,4.774530,1.097856
worker_4,632,1788087033.610331,50,4.976041,1.097184
worker_4,633,1788087033.615352,50,4.744799,1.097312
worker_4,634,1788087033.620158,50,4.576455,1.096832
worker_4,635,1788087033.624782,50,4.888755,1.098944
worker_4,636,1788087033.629715,50,4.730632,1.098208
worker_4,637,1788087033.634490,50,4.752734,1.097184
worker_4,638,1788087033.639288,50,4.541473,1.098656
worker_4,639,1788087033.643854,50,4.963412,1.098144
worker_4,640,1788087033.648862,50,4.546862,1.102080
worker_4,641,1788087033.653433,50,4.960681,1.097632
worker_4,642,1788087033.658440,50,4.554131,1.098112
worker_4,643,1788087033.663018,50,4.966644,1.097920
worker_4,644,1788087033.668029,50,4.543075,1.098400
worker_4,645,1788087033.672596,50,4.967625,1.105312
worker_4,646,1788087033.677608,50,4.542639,1.099040
worker_4,647,1788087033.682174,50,4.979032,1.097728
worker_4,648,1788087033.687199,50,4.538659,1.098240
worker_4,649,1788087033.691761,50,4.759715,1.097824
worker_4,650,1788087033.696539,50,4.771874,1.101824
worker_4,651,1788087033.701327,50,4.974116,1.097248
worker_4,652,1788087033.706347,50,4.552483,1.097504
worker_4,653,1788087033.710936,50,4.965107,1.098080
worker_4,654,1788087033.715945,50,4.523297,1.098752
worker_4,655,1788087033.720491,50,4.965904,1.098304
worker_4,656,1788087033.725502,50,4.536473,1.097664
worker_4,657,1788087033.730061,50,4.987061,1.098496
worker_4,658,1788087033.735093,50,4.538510,1.097792
worker_4,659,1788087033.739657,50,4.765688,1.104608
worker_4,660,1788087033.744442,50,4.790050,1.101856
worker_4,661,1788087033.749248,50,4.977736,1.097280
worker_4,662,1788087033.754272,50,4.538298,1.097760
worker_4,663,1788087033.758834,50,4.966181,1.096544
worker_4,664,1788087033.763847,50,4.534095,1.097248
worker_4,665,1788087033.768406,50,4.962625,1.097472
worker_4,666,1788087033.773415,50,4.544447,1.098688
worker_4,667,1788087033.777985,50,4.960190,1.098592
worker_4,668,1788087033.782992,50,4.542381,1.097728
worker_4,669,1788087033.787558,50,4.758928,1.101248
worker_4,670,1788087033.792336,50,4.777734,1.098432
worker_4,671,1788087033.797129,50,4.985737,1.099200
worker_4,672,1788087033.802165,50,4.538798,1.098240
worker_4,673,1788087033.806736,50,4.961135,1.097920
worker_4,674,1788087033.811742,50,4.543446,1.099648
worker_4,675,1788087033.816309,50,4.963061,1.096736
worker_4,676,1788087033.821319,50,4.546909,1.097952
worker_4,677,1788087033.825890,50,4.961940,1.096544
worker_4,678,1788087033.830899,50,4.538438,1.097376
worker_4,679,1788087033.835461,50,4.766910,1.096928
worker_4,680,1788087033.840248,50,4.761300,1.097504
worker_4,681,1788087033.845025,50,4.777632,1.099776
worker_4,682,1788087033.849820,50,4.768642,1.098272
worker_4,683,1788087033.854603,50,4.975959,1.096480
worker_4,684,1788087033.859628,50,4.545631,1.097280
worker_4,685,1788087033.864200,50,4.762226,1.097760
worker_4,686,1788087033.868980,50,4.768957,1.098496
worker_4,687,1788087033.873765,50,4.776847,1.098432
worker_4,688,1788087033.878559,50,4.768486,1.097280
worker_4,689,1788087033.883343,50,4.786512,1.098368
worker_4,690,1788087033.888145,50,4.785134,1.105632
worker_4,691,1788087033.892945,50,4.763716,1.096672
worker_4,692,1788087033.897724,50,4.772569,1.098560
worker_4,693,1788087033.902514,50,4.773587,1.098784
worker_4,694,1788087033.907312,50,4.777939,1.098048
worker_4,695,1788087033.912106,50,4.769893,1.099872
worker_4,696,1788087033.916892,50,4.976802,1.097440
worker_4,697,1788087033.921918,50,4.529678,1.096736
worker_4,698,1788087033.926472,50,4.969635,1.099424
worker_4,699,1788087033.931488,50,4.556965,1.097760
worker_4,700,1788087033.936071,50,4.758624,1.100416
worker_4,701,1788087033.940847,50,4.767948,1.098592
worker_4,702,1788087033.945632,50,4.978552,1.098144
worker_4,703,1788087033.950658,50,4.537983,1.098496
worker_4,704,1788087033.955220,50,4.759994,1.098496
worker_4,705,1788087033.959998,50,4.769744,1.100800
worker_4,706,1788087033.964785,50,4.764262,1.097568
worker_4,707,1788087033.969565,50,4.776179,1.099200
worker_4,708,1788087033.974357,50,4.976459,1.099008
worker_4,709,1788087033.979381,50,4.539789,1.098336
worker_4,710,1788087033.983946,50,4.754392,1.099808
worker_4,711,1788087033.988719,50,4.762281,1.098912
worker_4,712,1788087033.993496,50,4.977412,1.097856
worker_4,713,1788087033.998521,50,4.541585,1.098368
worker_4,714,1788087034.003099,50,4.951449,1.097152
worker_4,715,1788087034.008096,50,4.541873,1.098784
worker_4,716,1788087034.012663,50,4.973644,1.101600
worker_4,717,1788087034.017683,50,4.534289,1.097856
worker_4,718,1788087034.022241,50,5.010404,1.097152
worker_4,719,1788087034.027298,50,4.498538,1.098432
worker_4,720,1788087034.031820,50,4.917005,1.096640
worker_4,721,1788087034.036756,50,4.719485,1.100864
worker_4,722,1788087034.041492,50,5.014497,1.096320
worker_4,723,1788087034.046554,50,4.417796,1.099040
worker_4,724,1788087034.050996,50,4.960043,1.098592
worker_4,725,1788087034.056001,50,4.554817,1.110688
worker_4,726,1788087034.060582,50,4.975190,1.097184
worker_4,727,1788087034.065604,50,4.545576,1.097984
worker_4,728,1788087034.070174,50,4.959311,1.097568
worker_4,729,1788087034.075179,50,4.545178,1.097856
worker_4,730,1788087034.079748,50,4.759892,1.101696
worker_4,731,1788087034.084527,50,4.787901,1.096576
worker_4,732,1788087034.089331,50,4.971505,1.097536
worker_4,733,1788087034.094365,50,4.524741,1.097408
worker_4,734,1788087034.098916,50,4.955097,1.098752
worker_4,735,1788087034.103918,50,4.547659,1.098048
worker_4,736,1788087034.108491,50,4.759096,1.097888
worker_4,737,1788087034.113268,50,4.763532,1.096512
worker_4,738,1788087034.118048,50,4.785818,1.099776
worker_4,739,1788087034.122849,50,4.772189,1.099072
worker_4,740,1788087034.127636,50,4.775920,1.097632
worker_4,741,1788087034.132428,50,4.772773,1.100512
worker_4,742,1788087034.137215,50,4.769883,1.099616
worker_4,743,1788087034.142000,50,4.779235,1.098976
worker_4,744,1788087034.146796,50,4.770707,1.097280
worker_4,745,1788087034.151581,50,4.779763,1.099648
worker_4,746,1788087034.156378,50,4.769985,1.101440
worker_4,747,1788087034.161163,50,4.777568,1.097696
worker_4,748,1788087034.165956,50,4.781309,1.097344
worker_4,749,1788087034.170752,50,4.774698,1.098688
worker_4,750,1788087034.175541,50,4.776086,1.098336
worker_4,751,1788087034.180332,50,4.778698,1.102496
worker_4,752,1788087034.185125,50,4.767651,1.099264
worker_4,753,1788087034.189920,50,4.753957,1.097824
worker_4,754,1788087034.194690,50,4.772336,1.098976
worker_4,755,1788087034.199477,50,4.779207,1.099328
worker_4,756,1788087034.204273,50,4.774003,1.100224
worker_4,757,1788087034.209063,50,4.773040,1.097728
worker_4,758,1788087034.213851,50,4.779263,1.097696
worker_4,759,1788087034.218646,50,4.770207,1.098304
worker_4,760,1788087034.223432,50,4.790513,1.097216
worker_4,761,1788087034.228238,50,4.969782,1.097152
worker_4,762,1788087034.233256,50,4.752133,1.096032
worker_4,763,1788087034.238053,50,4.546029,1.099296
worker_4,764,1788087034.242625,50,4.755354,1.097824
worker_4,765,1788087034.247397,50,4.770790,1.097088
worker_4,766,1788087034.252185,50,4.782670,1.100032
worker_4,767,1788087034.256984,50,4.769411,1.097536
worker_4,768,1788087034.261770,50,4.768031,1.096448
worker_4,769,1788087034.266554,50,4.768522,1.097632
worker_4,770,1788087034.271338,50,4.790476,1.096256
worker_4,771,1788087034.276144,50,4.975921,1.097760
worker_4,772,1788087034.281251,50,4.661946,1.100256
worker_4,773,1788087034.285961,50,4.733604,1.096480
worker_4,774,1788087034.290740,50,4.739827,1.097056
worker_4,775,1788087034.295526,50,4.538780,1.096800
worker_4,776,1788087034.300090,50,4.761596,1.100544
worker_4,777,1788087034.304870,50,4.762541,1.097184
worker_4,778,1788087034.309650,50,4.974005,1.096384
worker_4,779,1788087034.314672,50,4.539595,1.096736
worker_4,780,1788087034.319236,50,4.787133,1.097056
worker_4,781,1788087034.324043,50,4.767354,1.099104
worker_4,782,1788087034.328828,50,4.783874,1.105216
worker_4,783,1788087034.333627,50,4.774512,1.097920
worker_4,784,1788087034.338417,50,4.973412,1.097280
worker_4,785,1788087034.343439,50,4.537001,1.097696
worker_4,786,1788087034.348000,50,4.766828,1.098720
worker_4,787,1788087034.352785,50,4.773254,1.098176
worker_4,788,1788087034.357575,50,4.970237,1.098880
worker_4,789,1788087034.362593,50,4.538900,1.098016
worker_4,790,1788087034.367156,50,4.961737,1.096064
worker_4,791,1788087034.372163,50,4.546048,1.099552
worker_4,792,1788087034.376746,50,4.952792,1.106464
worker_4,793,1788087034.381745,50,4.540197,1.097824
worker_4,794,1788087034.386310,50,4.965727,1.097600
worker_4,795,1788087034.391322,50,4.547335,1.099264
worker_4,796,1788087034.395893,50,4.762226,1.098080
worker_4,797,1788087034.400674,50,4.763318,1.098560
worker_4,798,1788087034.405454,50,4.978792,1.097504
worker_4,799,1788087034.410481,50,4.540316,1.098560
worker_4,800,1788087034.415045,50,4.752911,1.097184
worker_4,801,1788087034.419817,50,4.767004,1.098464
worker_4,802,1788087034.424601,50,4.778243,1.100672
worker_4,803,1788087034.429395,50,4.771189,1.097120
worker_4,804,1788087034.434183,50,4.780762,1.099328
worker_4,805,1788087034.438979,50,4.768578,1.098304
worker_4,806,1788087034.443763,50,4.771448,1.097792
worker_4,807,1788087034.448549,50,4.767717,1.098080
worker_4,808,1788087034.453331,50,4.982486,1.097312
worker_4,809,1788087034.458362,50,4.753995,1.099360
worker_4,810,1788087034.463162,50,4.731124,1.097632
worker_4,811,1788087034.467950,50,4.521047,1.097792
worker_4,812,1788087034.472497,50,4.972051,1.099936
worker_4,813,1788087034.477516,50,4.516260,1.097376
worker_4,814,1788087034.482050,50,4.946329,1.097952
worker_4,815,1788087034.487031,50,4.571464,1.097504
worker_4,816,1788087034.491622,50,4.964440,1.098048
worker_4,817,1788087034.496626,50,4.546742,1.100704
worker_4,818,1788087034.501192,50,4.964236,1.097632
worker_4,819,1788087034.506197,50,4.558834,1.098112
worker_4,820,1788087034.510776,50,4.763133,1.097824
worker_4,821,1788087034.515555,50,4.987597,1.099296
worker_4,822,1788087034.520587,50,4.532167,1.099200
worker_4,823,1788087034.525144,50,4.747688,1.097632
worker_4,824,1788087034.529912,50,4.764041,1.097728
worker_4,825,1788087034.534694,50,4.765346,1.097792
worker_4,826,1788087034.539474,50,4.791236,1.096992
worker_4,827,1788087034.544287,50,4.764023,1.097728
worker_4,828,1788087034.549078,50,4.743373,1.097728
worker_4,829,1788087034.553841,50,4.773337,1.097760
worker_4,830,1788087034.558632,50,4.767567,1.098272
worker_4,831,1788087034.563427,50,4.757947,1.098304
worker_4,832,1788087034.568200,50,4.775447,1.101376
worker_4,833,1788087034.572991,50,4.771661,1.098336
worker_4,834,1788087034.577778,50,4.770679,1.098176
worker_4,835,1788087034.582564,50,4.767429,1.097376
worker_4,836,1788087034.587349,50,4.790217,1.097280
worker_4,837,1788087034.592155,50,4.765845,1.097728
worker_4,838,1788087034.596938,50,4.774587,1.100800
worker_4,839,1788087034.601728,50,4.767706,1.097600
worker_4,840,1788087034.606512,50,4.773467,1.098080
worker_4,841,1788087034.611300,50,4.759208,1.097600
worker_4,842,1788087034.616071,50,4.782170,1.098592
worker_4,843,1788087034.620864,50,4.769504,1.099616
worker_4,844,1788087034.625646,50,4.995856,1.098368
worker_4,845,1788087034.630691,50,4.529252,1.098944
worker_4,846,1788087034.635244,50,4.759605,1.098944
worker_4,847,1788087034.640022,50,4.776152,1.100256
worker_4,848,1788087034.644817,50,4.761142,1.098272
worker_4,849,1788087034.649595,50,4.771097,1.098688
worker_4,850,1788087034.654387,50,4.982996,1.097056
worker_4,851,1788087034.659420,50,4.692095,1.097664
worker_4,852,1788087034.664136,50,4.760643,1.096736
worker_4,853,1788087034.668916,50,4.778513,1.103296
worker_4,854,1788087034.673711,50,4.977301,1.099040
worker_4,855,1788087034.678738,50,4.538168,1.097536
worker_4,856,1788087034.683300,50,4.752660,1.097984
worker_4,857,1788087034.688072,50,4.773975,1.097856
worker_4,858,1788087034.692862,50,4.770994,1.098112
worker_4,859,1788087034.697649,50,4.724402,1.096160
worker_4,860,1788087034.702389,50,5.002255,1.095680
worker_4,861,1788087034.707440,50,4.567446,1.097760
worker_4,862,1788087034.712032,50,4.662818,1.098176
worker_4,863,1788087034.716713,50,4.782161,1.099840
worker_4,864,1788087034.721513,50,5.056042,1.098624
worker_4,865,1788087034.726617,50,4.395722,1.097088
worker_4,866,1788087034.731037,50,4.753604,1.096448
worker_4,867,1788087034.735810,50,4.770096,1.102656
worker_4,868,1788087034.740597,50,4.783216,1.098976
worker_4,869,1788087034.745395,50,4.768985,1.098368
worker_4,870,1788087034.750192,50,4.972116,1.098016
worker_4,871,1788087034.755215,50,4.531289,1.098720
worker_4,872,1788087034.759770,50,4.769808,1.098368
worker_4,873,1788087034.764557,50,4.769393,1.099616
worker_4,874,1788087034.769342,50,4.996070,1.096736
worker_4,875,1788087034.774386,50,4.528187,1.098976
worker_4,876,1788087034.778939,50,4.983283,1.099104
worker_4,877,1788087034.783968,50,4.529954,1.098688
worker_4,878,1788087034.788523,50,4.973782,1.097664
worker_4,879,1788087034.793546,50,4.538131,1.097120
worker_4,880,1788087034.798111,50,4.961766,1.097600
worker_4,881,1788087034.803120,50,4.534567,1.097568
worker_4,882,1788087034.807679,50,4.763772,1.102272
worker_4,883,1788087034.812461,50,4.775486,1.098496
worker_4,884,1788087034.817253,50,4.988200,1.098752
worker_4,885,1788087034.822289,50,4.529012,1.098304
worker_4,886,1788087034.826844,50,4.759874,1.098400
worker_4,887,1788087034.831621,50,4.989034,1.098432
worker_4,888,1788087034.836659,50,4.520668,1.095840
worker_4,889,1788087034.841207,50,4.940105,1.097248
worker_4,890,1788087034.846183,50,4.566316,1.096608
worker_4,891,1788087034.850768,50,4.947846,1.096736
worker_4,892,1788087034.855757,50,4.571446,1.105184
worker_4,893,1788087034.860352,50,4.959274,1.100160
worker_4,894,1788087034.865356,50,4.543252,1.098016
worker_4,895,1788087034.869922,50,4.756864,1.098176
worker_4,896,1788087034.874697,50,4.973024,1.097984
worker_4,897,1788087034.879717,50,4.533270,1.096736
worker_4,898,1788087034.884274,50,4.970301,1.097792
worker_4,899,1788087034.889291,50,4.547066,1.098784
worker_4,900,1788087034.893864,50,4.965098,1.097920
worker_4,901,1788087034.898878,50,4.534271,1.097856
worker_4,902,1788087034.903437,50,4.750771,1.095872
worker_4,903,1788087034.908206,50,4.771911,1.097632
worker_4,904,1788087034.912994,50,4.767882,1.097984
worker_4,905,1788087034.917777,50,4.776578,1.097792
worker_4,906,1788087034.922568,50,4.980819,1.097824
worker_4,907,1788087034.927598,50,4.534974,1.097472
worker_4,908,1788087034.932157,50,4.836032,1.098112
worker_4,909,1788087034.937026,50,4.826845,1.099744
worker_4,910,1788087034.941871,50,4.976422,1.097536
worker_4,911,1788087034.946895,50,4.534213,1.096320
worker_4,912,1788087034.951453,50,4.773012,1.097760
worker_4,913,1788087034.956244,50,4.765967,1.098432
worker_4,914,1788087034.961026,50,4.840819,1.097248
worker_4,915,1788087034.965914,50,4.667225,1.097440
worker_4,916,1788087034.970605,50,4.972236,1.098464
worker_4,917,1788087034.975623,50,4.512917,1.098496
worker_4,918,1788087034.980160,50,4.632613,1.099456
worker_4,919,1788087034.984811,50,4.770040,1.097632
worker_4,920,1788087034.989599,50,4.971301,1.099136
worker_4,921,1788087034.994619,50,4.534418,1.098656
worker_4,922,1788087034.999180,50,4.767688,1.097728
worker_4,923,1788087035.003966,50,4.769354,1.100576
worker_4,924,1788087035.008752,50,4.767170,1.097536
worker_4,925,1788087035.013535,50,4.773169,1.097472
worker_4,926,1788087035.018405,50,4.905661,1.096384
worker_4,927,1788087035.023358,50,4.526510,1.097056
worker_4,928,1788087035.027917,50,4.750458,1.101248
worker_4,929,1788087035.032686,50,4.917596,1.097984
worker_4,930,1788087035.037620,50,4.987071,1.098368
worker_4,931,1788087035.042655,50,4.445880,1.098816
worker_4,932,1788087035.047126,50,4.845551,1.097728
worker_4,933,1788087035.051989,50,4.773902,1.097248
worker_4,934,1788087035.056780,50,4.763623,1.097152
worker_4,935,1788087035.061559,50,4.626937,1.096288
worker_4,936,1788087035.066201,50,5.130941,1.099200
worker_4,937,1788087035.071381,50,4.529575,1.097376
worker_4,938,1788087035.075936,50,4.776161,1.102496
worker_4,939,1788087035.080731,50,4.772457,1.097728
worker_4,940,1788087035.085519,50,5.013515,1.096832
worker_4,941,1788087035.090582,50,4.530752,1.097056
worker_4,942,1788087035.095138,50,4.958430,1.098048
worker_4,943,1788087035.100143,50,4.537511,1.099040
worker_4,944,1788087035.104707,50,4.962718,1.098528
worker_4,945,1788087035.109717,50,4.540797,1.097536
worker_4,946,1788087035.114284,50,4.974135,1.099136
worker_4,947,1788087035.119306,50,4.391037,1.097440
worker_4,948,1788087035.123734,50,4.739614,1.098208
worker_4,949,1788087035.128493,50,4.765586,1.096256
worker_4,950,1788087035.133276,50,4.986616,1.097152
worker_4,951,1788087035.138312,50,4.550103,1.097888
worker_4,952,1788087035.142886,50,4.963995,1.097920
worker_4,953,1788087035.147896,50,4.533946,1.099168
worker_4,954,1788087035.152454,50,4.755809,1.096640
worker_4,955,1788087035.157228,50,4.768828,1.098784
worker_4,956,1788087035.162014,50,4.762059,1.097728
worker_4,957,1788087035.166792,50,4.770319,1.098176
worker_4,958,1788087035.171579,50,4.777197,1.101920
worker_4,959,1788087035.176372,50,4.795596,1.098240
worker_4,960,1788087035.181183,50,4.767244,1.098208
worker_4,961,1788087035.185966,50,4.768087,1.096192
worker_4,962,1788087035.190749,50,4.920718,1.096896
worker_4,963,1788087035.195684,50,4.790531,1.098816
worker_4,964,1788087035.200491,50,4.989145,1.097024
worker_4,965,1788087035.205529,50,4.750337,1.097632
worker_4,966,1788087035.210325,50,4.746392,1.096256
worker_4,967,1788087035.215129,50,4.482631,1.096480
worker_4,968,1788087035.219636,50,4.779587,1.096544
worker_4,969,1788087035.224434,50,4.614198,1.095776
worker_4,970,1788087035.229065,50,4.974598,1.095936
worker_4,971,1788087035.234087,50,4.547696,1.096768
worker_4,972,1788087035.238659,50,4.962672,1.096448
worker_4,973,1788087035.243669,50,4.549678,1.099040
worker_4,974,1788087035.248248,50,4.745966,1.100320
worker_4,975,1788087035.253016,50,4.756541,1.097760
worker_4,976,1788087035.257794,50,4.766882,1.096256
worker_4,977,1788087035.262578,50,4.768605,1.099264
worker_4,978,1788087035.267365,50,4.768874,1.098816
worker_4,979,1788087035.272152,50,4.768031,1.099424
worker_4,980,1788087035.276941,50,4.765838,1.097312
worker_4,981,1788087035.281723,50,4.774808,1.098592
worker_4,982,1788087035.286515,50,4.768281,1.097408
worker_4,983,1788087035.291299,50,4.803198,1.098176
worker_4,984,1788087035.296118,50,4.770855,1.098848
worker_4,985,1788087035.300905,50,4.769633,1.097568
worker_4,986,1788087035.305690,50,4.779595,1.097152
worker_4,987,1788087035.310496,50,4.761763,1.098624
worker_4,988,1788087035.315273,50,4.792532,1.098688
worker_4,989,1788087035.320081,50,4.774920,1.101792
worker_4,990,1788087035.324872,50,4.768058,1.097696
worker_4,991,1788087035.329655,50,4.773457,1.098752
worker_4,992,1788087035.334444,50,5.000348,1.096736
worker_4,993,1788087035.339493,50,4.538289,1.097376
worker_4,994,1788087035.344054,50,4.759948,1.097888
worker_4,995,1788087035.348831,50,4.765809,1.095744
worker_4,996,1788087035.353613,50,4.983737,1.098080
worker_4,997,1788087035.358645,50,4.534095,1.098368
worker_4,998,1788087035.363203,50,4.761393,1.099584
worker_4,999,1788087035.367983,50,4.778679,1.098432
worker_4,1000,1788087035.372777,50,4.769375,1.098016
worker_4,1001,1788087035.377565,50,4.774438,1.100512
worker_4,1002,1788087035.382358,50,4.764169,1.097792
worker_4,1003,1788087035.387138,50,4.999283,1.099456
worker_4,1004,1788087035.392186,50,4.533714,1.100896
worker_4,1005,1788087035.396744,50,4.973745,1.097024
worker_4,1006,1788087035.401776,50,4.514621,1.099616
worker_4,1007,1788087035.406314,50,4.759828,1.097472
worker_4,1008,1788087035.411093,50,4.992403,1.098304
worker_4,1009,1788087035.416132,50,4.531697,1.105632
worker_4,1010,1788087035.420688,50,5.123674,1.096032
worker_4,1011,1788087035.425858,50,4.486288,1.100480
worker_4,1012,1788087035.430369,50,4.857200,1.097824
worker_4,1013,1788087035.435272,50,4.542686,1.098048
worker_4,1014,1788087035.439842,50,4.755790,1.098336
worker_4,1015,1788087035.444616,50,4.775152,1.104864
worker_4,1016,1788087035.449408,50,4.987931,1.096704
worker_4,1017,1788087035.454443,50,4.528112,1.096864
worker_4,1018,1788087035.458998,50,4.963172,1.097824
worker_4,1019,1788087035.464008,50,4.546113,1.099872
worker_4,1020,1788087035.468578,50,4.975357,1.099008
worker_4,1021,1788087035.473602,50,4.535650,1.098048
worker_4,1022,1788087035.478161,50,4.976339,1.097312
worker_4,1023,1788087035.483185,50,4.537140,1.097184
worker_4,1024,1788087035.487748,50,4.752864,1.097856
worker_4,1025,1788087035.492519,50,4.766503,1.096416
worker_4,1026,1788087035.497305,50,4.971505,1.096864
worker_4,1027,1788087035.502326,50,4.533927,1.097952
worker_4,1028,1788087035.506884,50,4.975607,1.097024
worker_4,1029,1788087035.511907,50,4.539464,1.097600
worker_4,1030,1788087035.516470,50,4.990662,1.097696
worker_4,1031,1788087035.521508,50,4.526687,1.097920
worker_4,1032,1788087035.526059,50,4.972894,1.097728
worker_4,1033,1788087035.531080,50,4.528575,1.097760
worker_4,1034,1788087035.535634,50,4.994265,1.099872
worker_4,1035,1788087035.540665,50,5.009644,1.096864
worker_4,1036,1788087035.545711,50,4.519862,1.098688
worker_4,1037,1788087035.550272,50,4.657271,1.098400
worker_4,1038,1788087035.554955,50,4.700984,1.098624
worker_4,1039,1788087035.559679,50,4.721577,1.098944
worker_4,1040,1788087035.564419,50,4.873985,1.097568
worker_4,1041,1788087035.569311,50,4.770022,1.096864
worker_4,1042,1788087035.574097,50,4.648863,1.099264
worker_4,1043,1788087035.578769,50,4.754198,1.096320
worker_4,1044,1788087035.583541,50,4.769680,1.097696
worker_4,1045,1788087035.588338,50,4.756772,1.097792
worker_4,1046,1788087035.593111,50,4.772736,1.098784
worker_4,1047,1788087035.597900,50,4.772624,1.097120
worker_4,1048,1788087035.602688,50,4.767874,1.097792
worker_4,1049,1788087035.607470,50,4.781965,1.097344
worker_4,1050,1788087035.612267,50,4.771319,1.099040
worker_4,1051,1788087035.617054,50,4.779132,1.097248
worker_4,1052,1788087035.621851,50,4.795911,1.097952
worker_4,1053,1788087035.626683,50,4.722864,1.097760
worker_4,1054,1788087035.631431,50,4.753133,1.096064
worker_4,1055,1788087035.636204,50,4.771550,1.098336
worker_4,1056,1788087035.640992,50,4.779864,1.105504
worker_4,1057,1788087035.645788,50,4.761068,1.096928
worker_4,1058,1788087035.650565,50,4.772067,1.098080
worker_4,1059,1788087035.655354,50,4.767633,1.098944
worker_4,1060,1788087035.660137,50,4.775225,1.097344
worker_4,1061,1788087035.664930,50,4.784438,1.099904
worker_4,1062,1788087035.669731,50,4.775790,1.098240
worker_4,1063,1788087035.674530,50,4.761429,1.097728
worker_4,1064,1788087035.679312,50,4.760939,1.097440
worker_4,1065,1788087035.684102,50,4.765180,1.098720
worker_4,1066,1788087035.688884,50,4.784419,1.101024
worker_4,1067,1788087035.693685,50,4.785254,1.096736
worker_4,1068,1788087035.698487,50,4.764985,1.097600
worker_4,1069,1788087035.703268,50,4.769448,1.097824
worker_4,1070,1788087035.708054,50,4.782615,1.097824
worker_4,1071,1788087035.712853,50,4.787132,1.099392
worker_4,1072,1788087035.717656,50,4.775578,1.095520
worker_4,1073,1788087035.722453,50,4.762169,1.098208
worker_4,1074,1788087035.727235,50,4.759597,1.097312
worker_4,1075,1788087035.732013,50,4.768458,1.098080
worker_4,1076,1788087035.736797,50,4.777327,1.099552
worker_4,1077,1788087035.741590,50,4.771152,1.098880
worker_4,1078,1788087035.746376,50,4.793392,1.096960
worker_4,1079,1788087035.751287,50,4.656947,1.096224
worker_4,1080,1788087035.755968,50,4.758374,1.098368
worker_4,1081,1788087035.760744,50,5.030626,1.097504
worker_4,1082,1788087035.765812,50,5.162146,1.098400
worker_4,1083,1788087035.771021,50,4.543483,1.095872
worker_4,1084,1788087035.775615,50,4.679725,1.098048
worker_4,1085,1788087035.780339,50,4.320537,1.100672
worker_4,1086,1788087035.784691,50,4.747160,1.097728
worker_4,1087,1788087035.789461,50,4.766382,1.098560
worker_4,1088,1788087035.794247,50,4.762012,1.097728
worker_4,1089,1788087035.799026,50,4.776151,1.098048
worker_4,1090,1788087035.803819,50,4.774883,1.101696
worker_4,1091,1788087035.808610,50,4.767976,1.097728
worker_4,1092,1788087035.813393,50,4.771124,1.095712
worker_4,1093,1788087035.818180,50,4.764827,1.096224
worker_4,1094,1788087035.822960,50,4.771225,1.096896
worker_4,1095,1788087035.827746,50,4.773577,1.099712
worker_4,1096,1788087035.832536,50,4.776475,1.097824
worker_4,1097,1788087035.837328,50,4.772458,1.098720
worker_4,1098,1788087035.842117,50,4.982644,1.097920
worker_4,1099,1788087035.847148,50,4.529251,1.096768
worker_4,1100,1788087035.851701,50,4.760624,1.100480
worker_4,1101,1788087035.856482,50,4.790170,1.096736
worker_4,1102,1788087035.861288,50,4.981330,1.097920
worker_4,1103,1788087035.866318,50,4.530001,1.096768
worker_4,1104,1788087035.870883,50,4.956080,1.096832
worker_4,1105,1788087035.875885,50,4.532575,1.098848
worker_4,1106,1788087035.880442,50,4.965996,1.097696
worker_4,1107,1788087035.885457,50,4.537186,1.097184
worker_4,1108,1788087035.890019,50,4.829708,1.102432
worker_4,1109,1788087035.894897,50,4.681984,1.098912
worker_4,1110,1788087035.899603,50,4.754272,1.098080
worker_4,1111,1788087035.904377,50,4.996218,1.098368
worker_4,1112,1788087035.909421,50,4.524567,1.095840
worker_4,1113,1788087035.913970,50,4.758521,1.098016
worker_4,1114,1788087035.918747,50,4.980357,1.096160
worker_4,1115,1788087035.923775,50,4.527085,1.098880
worker_4,1116,1788087035.928325,50,4.974301,1.097312
worker_4,1117,1788087035.933346,50,4.537122,1.097696
worker_4,1118,1788087035.937907,50,4.968811,1.099040
worker_4,1119,1788087035.942922,50,4.530178,1.097760
worker_4,1120,1788087035.947477,50,4.753086,1.097568
worker_4,1121,1788087035.952248,50,4.773495,1.097600
worker_4,1122,1788087035.957037,50,4.993838,1.104192
worker_4,1123,1788087035.962094,50,4.518075,1.098816
worker_4,1124,1788087035.966639,50,4.967848,1.099104
worker_4,1125,1788087035.971654,50,4.534132,1.099136
worker_4,1126,1788087035.976217,50,4.766476,1.098944
worker_4,1127,1788087035.981002,50,4.787845,1.098752
worker_4,1128,1788087035.985808,50,4.766013,1.097760
worker_4,1129,1788087035.990592,50,4.770494,1.097056
worker_4,1130,1788087035.995381,50,4.766051,1.097312
worker_4,1131,1788087036.000165,50,4.771365,1.097728
worker_4,1132,1788087036.004952,50,4.772364,1.099328
worker_4,1133,1788087036.009740,50,4.772921,1.097024
worker_4,1134,1788087036.014528,50,4.775836,1.096800
worker_4,1135,1788087036.019320,50,4.772402,1.098336
worker_4,1136,1788087036.024108,50,4.769929,1.097824
worker_4,1137,1788087036.028895,50,4.775152,1.102848
worker_4,1138,1788087036.033685,50,4.987598,1.096864
worker_4,1139,1788087036.038723,50,4.525445,1.095616
worker_4,1140,1788087036.043272,50,4.773893,1.098656
worker_4,1141,1788087036.048064,50,4.767495,1.098464
worker_4,1142,1788087036.052849,50,4.768706,1.098368
worker_4,1143,1788087036.057649,50,4.753949,1.097152
worker_4,1144,1788087036.062419,50,4.980301,1.098848
worker_4,1145,1788087036.067449,50,4.530419,1.098080
worker_4,1146,1788087036.072003,50,4.780910,1.102560
worker_4,1147,1788087036.076804,50,4.907616,1.099264
worker_4,1148,1788087036.081727,50,4.982023,1.099168
worker_4,1149,1788087036.086759,50,4.529807,1.098144
worker_4,1150,1788087036.091313,50,4.771929,1.098560
worker_4,1151,1788087036.096104,50,4.694623,1.099296
worker_4,1152,1788087036.100814,50,4.835504,1.096224
worker_4,1153,1788087036.105666,50,4.718957,1.098240
worker_4,1154,1788087036.110401,50,4.898552,1.096672
worker_4,1155,1788087036.115351,50,4.522390,1.096352
worker_4,1156,1788087036.119899,50,4.892319,1.098624
worker_4,1157,1788087036.124809,50,4.619789,1.097312
worker_4,1158,1788087036.129445,50,4.978654,1.096960
worker_4,1159,1788087036.134470,50,4.533530,1.096000
worker_4,1160,1788087036.139030,50,4.969450,1.097184
worker_4,1161,1788087036.144046,50,4.541826,1.106368
worker_4,1162,1788087036.148626,50,4.946384,1.097632
worker_4,1163,1788087036.153620,50,4.538038,1.096480
worker_4,1164,1788087036.158181,50,4.967968,1.098688
worker_4,1165,1788087036.163196,50,4.545270,1.097248
worker_4,1166,1788087036.167765,50,4.770226,1.099808
worker_4,1167,1788087036.172554,50,4.923744,1.096704
worker_4,1168,1788087036.177494,50,4.979875,1.096832
worker_4,1169,1788087036.182521,50,4.526372,1.096416
worker_4,1170,1788087036.187072,50,4.916802,1.098272
worker_4,1171,1788087036.192036,50,4.598613,1.096352
worker_4,1172,1788087036.196660,50,4.963394,1.095584
worker_4,1173,1788087036.201673,50,4.535770,1.097056
worker_4,1174,1788087036.206233,50,4.930023,1.097536
worker_4,1175,1788087036.211210,50,4.598409,1.096384
worker_4,1176,1788087036.215832,50,4.703086,1.095744
worker_4,1177,1788087036.220553,50,4.679622,1.098560
worker_4,1178,1788087036.225249,50,4.980228,1.097504
worker_4,1179,1788087036.230279,50,4.562438,1.099392
worker_4,1180,1788087036.234868,50,4.956014,1.095392
worker_4,1181,1788087036.239870,50,4.543020,1.097280
worker_4,1182,1788087036.244451,50,4.954468,1.099744
worker_4,1183,1788087036.249451,50,4.542242,1.097312
worker_4,1184,1788087036.254018,50,4.963597,1.098272
worker_4,1185,1788087036.259029,50,4.534520,1.099040
worker_4,1186,1788087036.263588,50,4.756374,1.098048
worker_4,1187,1788087036.268364,50,4.780171,1.098496
worker_4,1188,1788087036.273161,50,4.983431,1.098560
worker_4,1189,1788087036.278193,50,4.534993,1.098368
worker_4,1190,1788087036.282751,50,4.979671,1.105056
worker_4,1191,1788087036.287776,50,4.538483,1.097888
worker_4,1192,1788087036.292338,50,4.970237,1.097792
worker_4,1193,1788087036.297356,50,4.532762,1.097472
worker_4,1194,1788087036.301913,50,4.973172,1.099200
worker_4,1195,1788087036.306933,50,4.673752,1.098496
worker_4,1196,1788087036.311630,50,4.763856,1.098720
worker_4,1197,1788087036.316413,50,4.779995,1.098336
worker_4,1198,1788087036.321210,50,4.986736,1.097632
worker_4,1199,1788087036.326245,50,4.525984,1.096576
worker_4,1200,1788087036.330795,50,4.839846,1.097216
worker_4,1201,1788087036.335694,50,4.655058,1.095744
worker_4,1202,1788087036.340373,50,4.981015,1.097760
worker_4,1203,1788087036.345401,50,4.549621,1.097728
worker_4,1204,1788087036.349975,50,4.728744,1.098656
worker_4,1205,1788087036.354722,50,4.873578,1.097472
worker_4,1206,1788087036.359642,50,4.638937,1.099296
worker_4,1207,1788087036.364306,50,4.965709,1.097216
worker_4,1208,1788087036.369318,50,4.536528,1.096512
worker_4,1209,1788087036.373878,50,4.968598,1.098816
worker_4,1210,1788087036.378895,50,4.498056,1.098272
worker_4,1211,1788087036.383417,50,4.646780,1.098720
worker_4,1212,1788087036.388081,50,4.767458,1.097440
worker_4,1213,1788087036.392865,50,4.795827,1.103200
worker_4,1214,1788087036.397676,50,4.777790,1.098368
worker_4,1215,1788087036.402469,50,4.776810,1.100160
worker_4,1216,1788087036.407262,50,4.772633,1.097824
worker_4,1217,1788087036.412050,50,4.772290,1.099808
worker_4,1218,1788087036.416838,50,4.794522,1.102496
worker_4,1219,1788087036.421647,50,4.778336,1.099168
worker_4,1220,1788087036.426441,50,4.774633,1.097376
worker_4,1221,1788087036.431240,50,4.923162,1.097792
worker_4,1222,1788087036.436179,50,4.764725,1.098752
worker_4,1223,1788087036.440959,50,4.997969,1.100192
worker_4,1224,1788087036.446007,50,4.523502,1.096544
worker_4,1225,1788087036.450555,50,4.966838,1.095776
worker_4,1226,1788087036.455568,50,4.546363,1.098464
worker_4,1227,1788087036.460139,50,4.643280,1.100640
worker_4,1228,1788087036.464801,50,4.878013,1.096288
worker_4,1229,1788087036.469694,50,4.983209,1.096512
worker_4,1230,1788087036.474805,50,4.312824,1.096640
worker_4,1231,1788087036.479144,50,4.901829,1.097792
worker_4,1232,1788087036.484065,50,4.766512,1.099072
worker_4,1233,1788087036.488848,50,4.655975,1.101472
worker_4,1234,1788087036.493520,50,4.743336,1.097600
worker_4,1235,1788087036.498278,50,4.979154,1.096640
worker_4,1236,1788087036.503305,50,4.531668,1.096960
worker_4,1237,1788087036.507861,50,4.757818,1.097920
worker_4,1238,1788087036.512637,50,4.777484,1.099296
worker_4,1239,1788087036.517434,50,4.977718,1.097760
worker_4,1240,1788087036.522472,50,4.519964,1.096832
worker_4,1241,1788087036.527016,50,4.973366,1.098368
worker_4,1242,1788087036.532035,50,4.546336,1.099520
worker_4,1243,1788087036.536607,50,4.964292,1.100992
worker_4,1244,1788087036.541617,50,4.538445,1.096928
worker_4,1245,1788087036.546181,50,4.769226,1.099168
worker_4,1246,1788087036.550969,50,4.765956,1.099328
worker_4,1247,1788087036.555753,50,4.770930,1.098272
worker_4,1248,1788087036.560539,50,4.775707,1.099808
worker_4,1249,1788087036.565331,50,4.921727,1.098176
worker_4,1250,1788087036.570269,50,4.741411,1.097632
worker_4,1251,1788087036.575025,50,4.817384,1.096640
worker_4,1252,1788087036.579859,50,4.772412,1.096768
worker_4,1253,1788087036.584646,50,4.762634,1.096352
worker_4,1254,1788087036.589425,50,4.726577,1.098080
worker_4,1255,1788087036.594168,50,4.822578,1.097440
worker_4,1256,1788087036.599006,50,4.770475,1.096416
worker_4,1257,1788087036.603792,50,4.775411,1.098208
worker_4,1258,1788087036.608582,50,4.678596,1.100128
worker_4,1259,1788087036.613276,50,4.772485,1.097792
worker_4,1260,1788087036.618071,50,4.782893,1.097792
worker_4,1261,1788087036.622869,50,4.862356,1.098816
worker_4,1262,1788087036.627747,50,4.649447,1.100256
worker_4,1263,1788087036.632414,50,4.769735,1.098592
worker_4,1264,1788087036.637198,50,5.019330,1.096480
worker_4,1265,1788087036.642265,50,4.677770,1.097344
worker_4,1266,1788087036.646989,50,4.739068,1.097088
worker_4,1267,1788087036.651776,50,4.754864,1.105248
worker_4,1268,1788087036.656579,50,4.717503,1.097504
worker_4,1269,1788087036.661330,50,4.573558,1.097856
worker_4,1270,1788087036.665922,50,4.965126,1.097696
worker_4,1271,1788087036.670936,50,4.546520,1.099584
worker_4,1272,1788087036.675507,50,4.757013,1.099552
worker_4,1273,1788087036.680282,50,4.768846,1.098880
worker_4,1274,1788087036.685066,50,4.981014,1.096640
worker_4,1275,1788087036.690096,50,4.679548,1.097536
worker_4,1276,1788087036.694799,50,4.968394,1.098176
worker_4,1277,1788087036.699816,50,4.544224,1.098208
worker_4,1278,1788087036.704385,50,4.953866,1.103200
worker_4,1279,1788087036.709398,50,4.552761,1.096384
worker_4,1280,1788087036.713975,50,4.969431,1.098400
worker_4,1281,1788087036.718992,50,4.392092,1.097824
worker_4,1282,1788087036.723410,50,4.906089,1.099232
worker_4,1283,1788087036.728334,50,4.771040,1.097760
worker_4,1284,1788087036.733121,50,4.983173,1.096512
worker_4,1285,1788087036.738153,50,4.464066,1.096224
worker_4,1286,1788087036.742642,50,5.044144,1.095872
worker_4,1287,1788087036.747733,50,4.543826,1.096576
worker_4,1288,1788087036.752302,50,4.899152,1.099840
worker_4,1289,1788087036.757248,50,4.549075,1.096576
worker_4,1290,1788087036.761823,50,5.014542,1.096928
worker_4,1291,1788087036.766885,50,4.413047,1.098048
worker_4,1292,1788087036.771322,50,4.751004,1.097216
worker_4,1293,1788087036.776091,50,4.761003,1.098528
worker_4,1294,1788087036.780870,50,4.765753,1.096960
worker_4,1295,1788087036.785653,50,4.775688,1.100448
worker_4,1296,1788087036.790446,50,4.983820,1.097760
worker_4,1297,1788087036.795479,50,4.532381,1.096576
worker_4,1298,1788087036.800037,50,4.757384,1.102432
worker_4,1299,1788087036.804827,50,4.751189,1.099040
worker_4,1300,1788087036.809595,50,4.981644,1.097984
worker_4,1301,1788087036.814625,50,4.524585,1.096800
worker_4,1302,1788087036.819175,50,4.770374,1.099232
worker_4,1303,1788087036.823964,50,4.771004,1.097536
worker_4,1304,1788087036.828752,50,4.764939,1.097152
worker_4,1305,1788087036.833534,50,4.848819,1.096320
worker_4,1306,1788087036.838401,50,4.938051,1.097600
worker_4,1307,1788087036.843387,50,4.641447,1.098560
worker_4,1308,1788087036.848055,50,4.757671,1.098304
worker_4,1309,1788087036.852831,50,4.654004,1.098912
worker_4,1310,1788087036.857501,50,5.106145,1.098432
worker_4,1311,1788087036.862655,50,4.537169,1.097216
worker_4,1312,1788087036.867216,50,4.761559,1.098144
worker_4,1313,1788087036.871996,50,4.784671,1.103264
worker_4,1314,1788087036.876797,50,4.769707,1.098240
worker_4,1315,1788087036.881583,50,4.685605,1.099136
worker_4,1316,1788087036.886284,50,4.860532,1.097216
worker_4,1317,1788087036.891161,50,4.765225,1.097408
worker_4,1318,1788087036.895962,50,4.756837,1.098368
worker_4,1319,1788087036.900735,50,4.624289,1.096608
worker_4,1320,1788087036.905375,50,4.768939,1.098464
worker_4,1321,1788087036.910160,50,4.983570,1.097408
worker_4,1322,1788087036.915194,50,4.527881,1.097216
worker_4,1323,1788087036.919747,50,4.752993,1.096288
worker_4,1324,1788087036.924518,50,4.771014,1.101472
worker_4,1325,1788087036.929306,50,4.765141,1.096864
worker_4,1326,1788087036.934088,50,4.778856,1.098016
worker_4,1327,1788087036.938883,50,4.768578,1.098336
worker_4,1328,1788087036.943668,50,4.768660,1.096960
worker_4,1329,1788087036.948453,50,4.771003,1.097632
worker_4,1330,1788087036.953239,50,4.768235,1.097376
worker_4,1331,1788087036.958023,50,4.826893,1.102176
worker_4,1332,1788087036.962865,50,4.904940,1.096672
worker_4,1333,1788087036.967786,50,4.762299,1.097024
worker_4,1334,1788087036.972563,50,4.697503,1.097184
worker_4,1335,1788087036.977276,50,4.858291,1.097248
worker_4,1336,1788087036.982149,50,4.774493,1.096992
worker_4,1337,1788087036.986939,50,4.667225,1.098304
worker_4,1338,1788087036.991630,50,4.883783,1.096800
worker_4,1339,1788087036.996531,50,4.771466,1.098912
worker_4,1340,1788087037.001318,50,4.772782,1.097184
worker_4,1341,1788087037.006106,50,4.749013,1.097376
worker_4,1342,1788087037.010870,50,4.667642,1.097536
worker_4,1343,1788087037.015553,50,4.909856,1.097024
worker_4,1344,1788087037.020478,50,4.841958,1.096352
worker_4,1345,1788087037.025368,50,4.873263,1.096128
worker_4,1346,1788087037.030287,50,4.594603,1.097792
worker_4,1347,1788087037.034927,50,4.537761,1.099168
worker_4,1348,1788087037.039489,50,4.975737,1.097440
worker_4,1349,1788087037.044510,50,4.525548,1.097536
worker_4,1350,1788087037.049059,50,4.963088,1.096608
worker_4,1351,1788087037.054070,50,4.539928,1.096736
worker_4,1352,1788087037.058633,50,4.969246,1.098016
worker_4,1353,1788087037.063650,50,4.553668,1.098592
worker_4,1354,1788087037.068237,50,4.747817,1.101408
worker_4,1355,1788087037.073004,50,4.762308,1.099296
worker_4,1356,1788087037.077784,50,4.990996,1.097344
worker_4,1357,1788087037.082837,50,4.517640,1.098272
worker_4,1358,1788087037.087382,50,4.923467,1.098176
worker_4,1359,1788087037.092323,50,4.672993,1.100768
worker_4,1360,1788087037.097013,50,5.094052,1.097856
worker_4,1361,1788087037.102155,50,4.470445,1.097376
worker_4,1362,1788087037.106650,50,5.038885,1.098176
worker_4,1363,1788087037.111736,50,4.538131,1.099424
worker_4,1364,1788087037.116298,50,4.968097,1.098816
worker_4,1365,1788087037.121312,50,4.546974,1.097472
worker_4,1366,1788087037.125883,50,4.970468,1.098240
worker_4,1367,1788087037.130899,50,4.538780,1.098048
worker_4,1368,1788087037.135461,50,4.657994,1.099680
worker_4,1369,1788087037.140137,50,4.744661,1.097920
worker_4,1370,1788087037.144898,50,4.765939,1.098304
worker_4,1371,1788087037.149681,50,4.773401,1.097248
worker_4,1372,1788087037.154469,50,4.981960,1.096256
worker_4,1373,1788087037.159502,50,4.534334,1.098592
worker_4,1374,1788087037.164061,50,4.754373,1.096832
worker_4,1375,1788087037.168836,50,4.763244,1.099008
worker_4,1376,1788087037.173618,50,4.984468,1.098080
worker_4,1377,1788087037.178664,50,4.520436,1.097760
worker_4,1378,1788087037.183212,50,4.753114,1.096576
worker_4,1379,1788087037.187984,50,4.766530,1.098592
worker_4,1380,1788087037.192769,50,4.776865,1.098400
worker_4,1381,1788087037.197634,50,4.696503,1.097440
worker_4,1382,1788087037.202351,50,4.974089,1.097152
worker_4,1383,1788087037.207371,50,4.566316,1.095904
worker_4,1384,1788087037.211962,50,4.906338,1.098688
worker_4,1385,1788087037.216887,50,4.769939,1.097536
worker_4,1386,1788087037.221673,50,4.948218,1.097824
worker_4,1387,1788087037.226671,50,4.548696,1.097408
worker_4,1388,1788087037.231244,50,4.778744,1.099264
worker_4,1389,1788087037.236042,50,4.731512,1.098976
worker_4,1390,1788087037.240791,50,4.810948,1.097088
worker_4,1391,1788087037.245617,50,4.695189,1.098400
worker_4,1392,1788087037.250328,50,5.055136,1.098208
worker_4,1393,1788087037.255433,50,4.544473,1.098464
worker_4,1394,1788087037.260001,50,4.764614,1.098464
worker_4,1395,1788087037.264784,50,4.710206,1.097568
worker_4,1396,1788087037.269524,50,5.042199,1.098240
worker_4,1397,1788087037.274615,50,4.414064,1.098880
worker_4,1398,1788087037.279052,50,4.872403,1.098656
worker_4,1399,1788087037.283943,50,4.776809,1.096864
worker_4,1400,1788087037.288737,50,4.765152,1.098592
worker_4,1401,1788087037.293517,50,4.633474,1.098208
worker_4,1402,1788087037.298166,50,4.983571,1.098272
worker_4,1403,1788087037.303199,50,4.532539,1.099680
worker_4,1404,1788087037.307757,50,4.760290,1.099744
worker_4,1405,1788087037.312539,50,4.785356,1.097760
worker_4,1406,1788087037.317342,50,4.975829,1.097536
worker_4,1407,1788087037.322366,50,4.545215,1.098720
worker_4,1408,1788087037.326936,50,4.967126,1.098496
worker_4,1409,1788087037.331948,50,4.543881,1.098144
worker_4,1410,1788087037.336517,50,4.970162,1.103072
worker_4,1411,1788087037.341535,50,4.539872,1.100160
worker_4,1412,1788087037.346101,50,4.974561,1.097536
worker_4,1413,1788087037.351122,50,4.532928,1.097376
worker_4,1414,1788087037.355678,50,4.764605,1.095584
worker_4,1415,1788087037.360461,50,4.766153,1.099392
worker_4,1416,1788087037.365263,50,4.962191,1.095552
worker_4,1417,1788087037.370275,50,4.562262,1.099776
worker_4,1418,1788087037.374860,50,4.963515,1.096896
worker_4,1419,1788087037.379870,50,4.539186,1.097120
worker_4,1420,1788087037.384434,50,4.755901,1.097376
worker_4,1421,1788087037.389201,50,4.776058,1.097824
worker_4,1422,1788087037.393993,50,4.769957,1.098240
worker_4,1423,1788087037.398779,50,4.778708,1.099808
worker_4,1424,1788087037.403574,50,4.771012,1.097728
worker_4,1425,1788087037.408361,50,4.770578,1.097920
worker_4,1426,1788087037.413147,50,4.766225,1.097792
worker_4,1427,1788087037.417929,50,4.783411,1.095520
worker_4,1428,1788087037.422728,50,4.978524,1.095936
worker_4,1429,1788087037.427756,50,4.745161,1.100160
worker_4,1430,1788087037.432550,50,4.739328,1.097216
worker_4,1431,1788087037.437337,50,4.526788,1.097184
worker_4,1432,1788087037.441890,50,4.967099,1.099680
worker_4,1433,1788087037.446906,50,4.531658,1.099328
worker_4,1434,1788087037.451461,50,4.765699,1.098336
worker_4,1435,1788087037.456259,50,4.755115,1.097696
worker_4,1436,1788087037.461029,50,4.803819,1.097856
worker_4,1437,1788087037.465869,50,4.728059,1.097568
worker_4,1438,1788087037.470619,50,4.756522,1.097696
worker_4,1439,1788087037.475393,50,4.987033,1.096640
worker_4,1440,1788087037.480427,50,4.529001,1.101248
worker_4,1441,1788087037.484979,50,4.967996,1.098976
worker_4,1442,1788087037.489996,50,4.534853,1.097504
worker_4,1443,1788087037.494555,50,4.965931,1.098016
worker_4,1444,1788087037.499570,50,4.542464,1.097856
worker_4,1445,1788087037.504138,50,4.754902,1.099232
worker_4,1446,1788087037.508911,50,4.767652,1.097920
worker_4,1447,1788087037.513695,50,4.987209,1.098080
worker_4,1448,1788087037.518731,50,4.532575,1.098304
worker_4,1449,1788087037.523288,50,4.770856,1.095648
worker_4,1450,1788087037.528076,50,4.767216,1.099232
worker_4,1451,1788087037.532859,50,4.771411,1.097504
worker_4,1452,1788087037.537646,50,4.774448,1.098816
worker_4,1453,1788087037.542436,50,4.987764,1.097984
worker_4,1454,1788087037.547473,50,4.526409,1.097280
worker_4,1455,1788087037.552039,50,4.748003,1.100064
worker_4,1456,1788087037.556807,50,4.760846,1.100032
worker_4,1457,1788087037.561587,50,4.981116,1.096992
worker_4,1458,1788087037.566617,50,4.530038,1.098656
worker_4,1459,1788087037.571172,50,4.771347,1.097760
worker_4,1460,1788087037.575961,50,4.764642,1.097504
worker_4,1461,1788087037.580742,50,4.767067,1.097408
worker_4,1462,1788087037.585526,50,4.772540,1.099296
worker_4,1463,1788087037.590314,50,4.982681,1.099488
worker_4,1464,1788087037.595346,50,4.532382,1.098336
worker_4,1465,1788087037.599900,50,4.767521,1.102496
worker_4,1466,1788087037.604686,50,4.762199,1.097856
worker_4,1467,1788087037.609464,50,4.978533,1.099104
worker_4,1468,1788087037.614491,50,4.534492,1.097952
worker_4,1469,1788087037.619051,50,4.976246,1.096704
worker_4,1470,1788087037.624074,50,4.515936,1.098272
worker_4,1471,1788087037.628608,50,4.775801,1.100800
worker_4,1472,1788087037.633396,50,4.768262,1.097440
worker_4,1473,1788087037.638180,50,4.766198,1.097792
worker_4,1474,1788087037.642970,50,4.759550,1.097600
worker_4,1475,1788087037.647743,50,4.777134,1.098208
worker_4,1476,1788087037.652533,50,4.780041,1.098240
worker_4,1477,1788087037.657330,50,4.768762,1.097856
worker_4,1478,1788087037.662115,50,4.766291,1.099200
worker_4,1479,1788087037.666896,50,4.766966,1.097792
worker_4,1480,1788087037.671679,50,4.781782,1.101664
worker_4,1481,1788087037.676477,50,4.771484,1.099040
worker_4,1482,1788087037.681265,50,4.768495,1.097824
worker_4,1483,1788087037.686048,50,4.884161,1.097792
worker_4,1484,1788087037.690953,50,4.654057,1.097632
worker_4,1485,1788087037.695624,50,4.768633,1.097664
worker_4,1486,1788087037.700411,50,4.759799,1.095744
worker_4,1487,1788087037.705188,50,4.763087,1.098496
worker_4,1488,1788087037.709967,50,4.769910,1.098944
worker_4,1489,1788087037.714753,50,4.770763,1.097600
worker_4,1490,1788087037.719539,50,4.942163,1.103520
worker_4,1491,1788087037.724496,50,4.779346,1.096096
worker_4,1492,1788087037.729295,50,4.761273,1.097376
worker_4,1493,1788087037.734074,50,4.764476,1.097216
worker_4,1494,1788087037.738864,50,4.761299,1.097600
worker_4,1495,1788087037.743641,50,4.744651,1.097344
worker_4,1496,1788087037.748401,50,4.795577,1.097760
worker_4,1497,1788087037.753213,50,4.766384,1.096256
worker_4,1498,1788087037.757995,50,4.769512,1.097632
worker_4,1499,1788087037.762780,50,4.687753,1.098048
worker_4,1500,1788087037.767483,50,4.853977,1.096256
worker_4,1501,1788087037.772353,50,4.623215,1.097376
worker_4,1502,1788087037.776988,50,4.774985,1.098240
worker_4,1503,1788087037.781776,50,4.770365,1.096320
worker_4,1504,1788087037.786557,50,4.781299,1.101280
worker_4,1505,1788087037.791355,50,4.767623,1.097504
worker_4,1506,1788087037.796139,50,4.765780,1.098464
worker_4,1507,1788087037.800920,50,4.992135,1.097984
worker_4,1508,1788087037.805962,50,4.735411,1.100384
worker_4,1509,1788087037.810745,50,4.528399,1.097760
worker_4,1510,1788087037.815298,50,4.758003,1.098240
worker_4,1511,1788087037.820075,50,4.982236,1.099872
worker_4,1512,1788087037.825105,50,4.733985,1.096928
worker_4,1513,1788087037.829894,50,4.522390,1.097280
worker_4,1514,1788087037.834444,50,4.750531,1.098816
worker_4,1515,1788087037.839213,50,4.976653,1.097632
worker_4,1516,1788087037.844250,50,4.516186,1.100352
worker_4,1517,1788087037.848791,50,4.970014,1.099296
worker_4,1518,1788087037.853808,50,4.530251,1.097152
worker_4,1519,1788087037.858364,50,4.968458,1.097664
worker_4,1520,1788087037.863380,50,4.548011,1.099296
worker_4,1521,1788087037.867952,50,4.754864,1.097696
worker_4,1522,1788087037.872725,50,4.792060,1.110752
worker_4,1523,1788087037.877533,50,4.986736,1.098016
worker_4,1524,1788087037.882569,50,4.524899,1.097280
worker_4,1525,1788087037.887119,50,4.962182,1.097632
worker_4,1526,1788087037.892128,50,4.541177,1.100704
worker_4,1527,1788087037.896693,50,4.985236,1.097888
worker_4,1528,1788087037.901726,50,4.513242,1.098560
worker_4,1529,1788087037.906266,50,4.964634,1.096704
worker_4,1530,1788087037.911278,50,4.529362,1.096544
worker_4,1531,1788087037.915832,50,4.755207,1.097280
worker_4,1532,1788087037.920678,50,4.697141,1.099456
worker_4,1533,1788087037.925405,50,4.964838,1.097984
worker_4,1534,1788087037.930418,50,4.561427,1.097472
worker_4,1535,1788087037.935004,50,4.961282,1.096032
worker_4,1536,1788087037.940011,50,4.537048,1.097344
worker_4,1537,1788087037.944573,50,4.967820,1.098752
worker_4,1538,1788087037.949590,50,4.529752,1.098144
worker_4,1539,1788087037.954144,50,4.987228,1.096512
worker_4,1540,1788087037.959179,50,4.524029,1.098208
worker_4,1541,1788087037.963729,50,4.759670,1.100608
worker_4,1542,1788087037.968507,50,4.777411,1.098208
worker_4,1543,1788087037.973300,50,5.147590,1.097440
worker_4,1544,1788087037.978496,50,4.519001,1.096768
worker_4,1545,1788087037.983039,50,4.836384,1.097632
worker_4,1546,1788087037.987922,50,4.683474,1.105216
worker_4,1547,1788087037.992631,50,4.983080,1.096384
worker_4,1548,1788087037.997662,50,4.534234,1.098176
worker_4,1549,1788087038.002221,50,4.636447,1.099616
worker_4,1550,1788087038.006875,50,5.003199,1.098688
worker_4,1551,1788087038.011926,50,4.653855,1.097760
worker_4,1552,1788087038.016615,50,4.959005,1.095552
worker_4,1553,1788087038.021620,50,4.393631,1.097536
worker_4,1554,1788087038.026037,50,4.998607,1.097536
worker_4,1555,1788087038.031082,50,4.504632,1.097024
worker_4,1556,1788087038.035611,50,4.895366,1.095776
worker_4,1557,1788087038.040524,50,4.699892,1.096512
worker_4,1558,1788087038.045239,50,4.907559,1.096384
worker_4,1559,1788087038.050196,50,4.536260,1.099136
worker_4,1560,1788087038.054757,50,4.963088,1.096736
worker_4,1561,1788087038.059767,50,4.526992,1.100736
worker_4,1562,1788087038.064311,50,4.931995,1.099840
worker_4,1563,1788087038.069272,50,4.602715,1.098240
worker_4,1564,1788087038.073900,50,4.961922,1.097760
worker_4,1565,1788087038.078909,50,4.539243,1.097216
worker_4,1566,1788087038.083473,50,4.761420,1.098816
worker_4,1567,1788087038.088252,50,4.762819,1.097792
worker_4,1568,1788087038.093031,50,4.982005,1.096768
worker_4,1569,1788087038.098062,50,4.539188,1.096704
worker_4,1570,1788087038.102627,50,5.139349,1.096160
worker_4,1571,1788087038.107814,50,4.523474,1.098176
worker_4,1572,1788087038.112375,50,4.864939,1.097376
worker_4,1573,1788087038.117287,50,4.627216,1.097088
worker_4,1574,1788087038.121939,50,4.981264,1.097696
worker_4,1575,1788087038.126968,50,4.514085,1.096736
worker_4,1576,1788087038.131509,50,4.772031,1.097888
worker_4,1577,1788087038.136300,50,4.768356,1.098656
worker_4,1578,1788087038.141085,50,5.003265,1.097792
worker_4,1579,1788087038.146137,50,4.508677,1.098592
worker_4,1580,1788087038.150672,50,4.772484,1.097792
worker_4,1581,1788087038.155463,50,4.782522,1.097152
worker_4,1582,1788087038.160263,50,4.771957,1.097760
worker_4,1583,1788087038.165050,50,4.760873,1.096672
worker_4,1584,1788087038.169828,50,4.768660,1.098144
worker_4,1585,1788087038.174614,50,4.725115,1.098368
worker_4,1586,1788087038.179356,50,4.844069,1.095808
worker_4,1587,1788087038.184226,50,4.616058,1.096960
worker_4,1588,1788087038.188858,50,4.768513,1.097824
worker_4,1589,1788087038.193642,50,4.766225,1.097536
worker_4,1590,1788087038.198424,50,4.769281,1.098560
worker_4,1591,1788087038.203218,50,4.763086,1.098208
worker_4,1592,1788087038.207997,50,4.767088,1.097024
worker_4,1593,1788087038.212779,50,4.779347,1.097056
worker_4,1594,1788087038.217573,50,4.770633,1.099136
worker_4,1595,1788087038.222359,50,4.768560,1.097632
worker_4,1596,1788087038.227144,50,4.769855,1.097792
worker_4,1597,1788087038.231930,50,4.782810,1.098592
worker_4,1598,1788087038.236728,50,4.768058,1.097856
worker_4,1599,1788087038.241511,50,5.137285,1.098176
worker_4,1600,1788087038.246696,50,4.537873,1.096640
worker_4,1601,1788087038.251258,50,4.706827,1.098176
worker_4,1602,1788087038.255982,50,5.035987,1.097952
worker_4,1603,1788087038.261065,50,4.738623,1.098048
worker_4,1604,1788087038.265851,50,4.469473,1.098304
worker_4,1605,1788087038.270345,50,5.014551,1.096352
worker_4,1606,1788087038.275406,50,4.563891,1.096576
worker_4,1607,1788087038.279994,50,4.766901,1.100160
worker_4,1608,1788087038.284781,50,4.701762,1.100896
worker_4,1609,1788087038.289499,50,5.062737,1.100576
worker_4,1610,1788087038.294611,50,4.387223,1.099072
worker_4,1611,1788087038.299035,50,4.901116,1.098432
worker_4,1612,1788087038.303955,50,4.698929,1.099680
worker_4,1613,1788087038.308670,50,4.711854,1.098144
worker_4,1614,1788087038.313397,50,4.761067,1.096576
worker_4,1615,1788087038.318173,50,5.002060,1.096864
worker_4,1616,1788087038.323225,50,4.532937,1.097792
worker_4,1617,1788087038.327783,50,4.758595,1.097408
worker_4,1618,1788087038.332561,50,4.772439,1.103232
worker_4,1619,1788087038.337349,50,4.981486,1.097472
worker_4,1620,1788087038.342380,50,4.544687,1.098944
worker_4,1621,1788087038.346948,50,4.966895,1.096160
worker_4,1622,1788087038.351962,50,4.532538,1.098656
worker_4,1623,1788087038.356519,50,4.968792,1.101312
worker_4,1624,1788087038.361537,50,4.530334,1.097344
worker_4,1625,1788087038.366091,50,5.061653,1.096736
worker_4,1626,1788087038.371198,50,4.607697,1.097664
worker_4,1627,1788087038.375829,50,4.750753,1.098560
worker_4,1628,1788087038.380598,50,4.649188,1.100672
worker_4,1629,1788087038.385263,50,5.128896,1.097696
worker_4,1630,1788087038.390454,50,4.512900,1.097856
worker_4,1631,1788087038.394992,50,4.975375,1.098784
worker_4,1632,1788087038.400013,50,4.554363,1.098944
worker_4,1633,1788087038.404592,50,4.982690,1.097792
worker_4,1634,1788087038.409622,50,4.526094,1.099520
worker_4,1635,1788087038.414172,50,4.976858,1.096832
worker_4,1636,1788087038.419196,50,4.484640,1.098656
worker_4,1637,1788087038.423706,50,4.816551,1.096544
worker_4,1638,1788087038.428541,50,4.769717,1.099264
worker_4,1639,1788087038.433327,50,4.978820,1.097024
worker_4,1640,1788087038.438356,50,4.409945,1.098880
worker_4,1641,1788087038.442791,50,5.094839,1.097376
worker_4,1642,1788087038.447933,50,4.387815,1.098144
worker_4,1643,1788087038.452347,50,4.978709,1.098912
worker_4,1644,1788087038.457373,50,4.535362,1.097312
worker_4,1645,1788087038.461932,50,4.977422,1.097632
worker_4,1646,1788087038.466956,50,4.526389,1.097440
worker_4,1647,1788087038.471508,50,4.763763,1.104000
worker_4,1648,1788087038.476290,50,4.765994,1.097184
worker_4,1649,1788087038.481073,50,4.991367,1.098784
worker_4,1650,1788087038.486125,50,4.513835,1.097824
worker_4,1651,1788087038.490664,50,4.978607,1.096512
worker_4,1652,1788087038.495691,50,4.539603,1.098496
worker_4,1653,1788087038.500257,50,4.982208,1.096224
worker_4,1654,1788087038.505287,50,4.516501,1.096512
worker_4,1655,1788087038.509830,50,4.964459,1.096512
worker_4,1656,1788087038.514842,50,4.534149,1.098400
worker_4,1657,1788087038.519402,50,4.759634,1.097216
worker_4,1658,1788087038.524180,50,4.770337,1.099200
worker_4,1659,1788087038.528967,50,4.772642,1.098208
worker_4,1660,1788087038.533758,50,4.771151,1.097792
worker_4,1661,1788087038.538546,50,4.772753,1.098240
worker_4,1662,1788087038.543335,50,4.776393,1.096608
worker_4,1663,1788087038.548126,50,4.784781,1.103680
worker_4,1664,1788087038.552927,50,4.920478,1.097792
worker_4,1665,1788087038.557863,50,4.776993,1.098336
worker_4,1666,1788087038.562656,50,4.765216,1.097824
worker_4,1667,1788087038.567437,50,4.782549,1.098400
worker_4,1668,1788087038.572236,50,4.761837,1.098208
worker_4,1669,1788087038.577019,50,4.799753,1.103936
worker_4,1670,1788087038.581835,50,4.611003,1.098336
worker_4,1671,1788087038.586461,50,4.769531,1.096832
worker_4,1672,1788087038.591247,50,4.766096,1.097792
worker_4,1673,1788087038.596029,50,4.772717,1.097792
worker_4,1674,1788087038.600816,50,4.788095,1.103296
worker_4,1675,1788087038.605620,50,4.771087,1.098336
worker_4,1676,1788087038.610406,50,4.769096,1.096512
worker_4,1677,1788087038.615190,50,4.776421,1.097280
worker_4,1678,1788087038.619982,50,4.769345,1.098528
worker_4,1679,1788087038.624767,50,4.778180,1.097472
worker_4,1680,1788087038.629566,50,4.761004,1.097728
worker_4,1681,1788087038.634346,50,4.764587,1.098368
worker_4,1682,1788087038.639128,50,4.767912,1.098016
worker_4,1683,1788087038.643990,50,4.696290,1.099552
worker_4,1684,1788087038.648705,50,4.764411,1.097152
worker_4,1685,1788087038.653486,50,4.985727,1.098080
worker_4,1686,1788087038.658524,50,4.739281,1.097664
worker_4,1687,1788087038.663309,50,4.530890,1.099264
worker_4,1688,1788087038.667864,50,4.963634,1.096480
worker_4,1689,1788087038.672888,50,4.523825,1.104544
worker_4,1690,1788087038.677436,50,4.974135,1.098432
worker_4,1691,1788087038.682461,50,4.531140,1.098560
worker_4,1692,1788087038.687017,50,4.972570,1.095936
worker_4,1693,1788087038.692035,50,4.535530,1.098720
worker_4,1694,1788087038.696594,50,4.972765,1.105120
worker_4,1695,1788087038.701614,50,4.537632,1.097472
worker_4,1696,1788087038.706176,50,4.995830,1.098656
worker_4,1697,1788087038.711219,50,4.530160,1.097760
worker_4,1698,1788087038.715774,50,4.766253,1.100608
worker_4,1699,1788087038.720559,50,4.773494,1.103360
worker_4,1700,1788087038.725349,50,4.986339,1.097280
worker_4,1701,1788087038.730386,50,4.516723,1.098432
worker_4,1702,1788087038.734927,50,4.971718,1.099680
worker_4,1703,1788087038.739947,50,4.536844,1.099264
worker_4,1704,1788087038.744509,50,4.966745,1.096416
worker_4,1705,1788087038.749523,50,4.533687,1.097056
worker_4,1706,1788087038.754082,50,4.989320,1.106208
worker_4,1707,1788087038.759119,50,4.533882,1.096544
worker_4,1708,1788087038.763690,50,4.906959,1.100608
worker_4,1709,1788087038.768616,50,4.663744,1.101472
worker_4,1710,1788087038.773295,50,5.109978,1.097888
worker_4,1711,1788087038.778453,50,4.512548,1.096384
worker_4,1712,1788087038.782990,50,4.967209,1.096320
worker_4,1713,1788087038.788004,50,4.386389,1.098528
worker_4,1714,1788087038.792414,50,4.972181,1.096832
worker_4,1715,1788087038.797433,50,4.535122,1.099552
worker_4,1716,1788087038.801992,50,4.967144,1.097216
worker_4,1717,1788087038.807008,50,4.542445,1.097600
worker_4,1718,1788087038.811575,50,4.757708,1.097408
worker_4,1719,1788087038.816350,50,4.766281,1.096704
worker_4,1720,1788087038.821134,50,4.765846,1.096992
worker_4,1721,1788087038.825915,50,4.773198,1.097728
worker_4,1722,1788087038.830703,50,4.975653,1.097472
worker_4,1723,1788087038.835729,50,4.530502,1.097728
worker_4,1724,1788087038.840285,50,4.968014,1.100384
worker_4,1725,1788087038.845300,50,4.539456,1.097952
worker_4,1726,1788087038.849865,50,4.959089,1.097312
worker_4,1727,1788087038.854874,50,4.529085,1.096544
worker_4,1728,1788087038.859440,50,4.750633,1.096736
worker_4,1729,1788087038.864209,50,4.764800,1.097504
worker_4,1730,1788087038.868990,50,4.769772,1.099296
worker_4,1731,1788087038.873774,50,4.779151,1.099808
worker_4,1732,1788087038.878569,50,4.992756,1.096672
worker_4,1733,1788087038.883611,50,4.523640,1.097344
worker_4,1734,1788087038.888159,50,4.754226,1.099872
worker_4,1735,1788087038.892933,50,4.777910,1.100000
worker_4,1736,1788087038.897727,50,4.988006,1.098048
worker_4,1737,1788087038.902762,50,4.523160,1.097280
worker_4,1738,1788087038.907310,50,4.763077,1.098656
worker_4,1739,1788087038.912091,50,4.767791,1.099424
worker_4,1740,1788087038.916877,50,4.772410,1.098112
worker_4,1741,1788087038.921667,50,4.764457,1.097792
worker_4,1742,1788087038.926447,50,4.984681,1.097920
worker_4,1743,1788087038.931482,50,4.557919,1.097792
worker_4,1744,1788087038.936063,50,4.760133,1.101824
worker_4,1745,1788087038.940841,50,4.767143,1.097824
worker_4,1746,1788087038.945624,50,4.976385,1.098400
worker_4,1747,1788087038.950663,50,4.524955,1.098624
worker_4,1748,1788087038.955213,50,4.759207,1.099520
worker_4,1749,1788087038.959990,50,4.774754,1.097824
worker_4,1750,1788087038.964780,50,4.776456,1.099264
worker_4,1751,1788087038.969572,50,4.769077,1.096832
worker_4,1752,1788087038.974357,50,4.985377,1.097312
worker_4,1753,1788087038.979391,50,4.532667,1.098464
worker_4,1754,1788087038.983947,50,4.755327,1.097600
worker_4,1755,1788087038.988721,50,4.769466,1.101248
worker_4,1756,1788087038.993506,50,4.976264,1.097792
worker_4,1757,1788087038.998530,50,4.533566,1.095840
worker_4,1758,1788087039.003088,50,4.982847,1.098336
worker_4,1759,1788087039.008120,50,4.667188,1.097760
worker_4,1760,1788087039.012812,50,4.902699,1.096096
worker_4,1761,1788087039.017762,50,4.603298,1.097024
worker_4,1762,1788087039.022389,50,4.972858,1.096544
worker_4,1763,1788087039.027409,50,4.532621,1.099296
worker_4,1764,1788087039.031966,50,4.766679,1.098848
worker_4,1765,1788087039.036750,50,4.763958,1.097088
worker_4,1766,1788087039.041529,50,4.866717,1.097280
worker_4,1767,1788087039.046456,50,4.640705,1.098272
worker_4,1768,1788087039.051121,50,4.980208,1.097632
worker_4,1769,1788087039.056148,50,4.552353,1.096320
worker_4,1770,1788087039.060724,50,4.805467,1.103968
worker_4,1771,1788087039.065574,50,4.588891,1.095392
worker_4,1772,1788087039.070187,50,5.019209,1.098016
worker_4,1773,1788087039.075253,50,4.569808,1.096384
worker_4,1774,1788087039.079847,50,4.610891,1.098752
worker_4,1775,1788087039.084477,50,4.781604,1.098400
worker_4,1776,1788087039.089275,50,4.977291,1.098080
worker_4,1777,1788087039.094302,50,4.531483,1.095360
worker_4,1778,1788087039.098859,50,4.968440,1.097632
worker_4,1779,1788087039.103873,50,4.546649,1.100544
worker_4,1780,1788087039.108444,50,4.983134,1.099168
worker_4,1781,1788087039.113476,50,4.535538,1.098112
worker_4,1782,1788087039.118036,50,4.969162,1.098560
worker_4,1783,1788087039.123054,50,4.539019,1.097312
worker_4,1784,1788087039.127619,50,4.757697,1.098816
worker_4,1785,1788087039.132396,50,4.770671,1.098336
worker_4,1786,1788087039.137196,50,5.126719,1.100000
worker_4,1787,1788087039.142370,50,4.528056,1.097536
worker_4,1788,1788087039.146923,50,4.832772,1.096928
worker_4,1789,1788087039.151802,50,4.674882,1.098432
worker_4,1790,1788087039.156503,50,4.973366,1.096128
worker_4,1791,1788087039.161524,50,4.536483,1.096224
worker_4,1792,1788087039.166087,50,4.724586,1.095840
worker_4,1793,1788087039.170830,50,5.035441,1.096768
worker_4,1794,1788087039.175915,50,4.526965,1.096128
worker_4,1795,1788087039.180466,50,4.969857,1.098528
worker_4,1796,1788087039.185483,50,4.535242,1.097344
worker_4,1797,1788087039.190042,50,4.964153,1.096992
worker_4,1798,1788087039.195052,50,4.535973,1.098912
worker_4,1799,1788087039.199613,50,4.761281,1.098400
worker_4,1800,1788087039.204394,50,4.770281,1.098240
worker_4,1801,1788087039.209181,50,4.988181,1.098400
worker_4,1802,1788087039.214218,50,4.532612,1.095648
worker_4,1803,1788087039.218775,50,4.819930,1.097408
worker_4,1804,1788087039.223642,50,4.551743,1.098048
worker_4,1805,1788087039.228230,50,4.746577,1.099456
worker_4,1806,1788087039.233004,50,4.758096,1.098304
worker_4,1807,1788087039.237779,50,4.987504,1.095680
worker_4,1808,1788087039.242814,50,4.532187,1.096384
worker_4,1809,1788087039.247371,50,4.766299,1.097952
worker_4,1810,1788087039.252156,50,4.764708,1.097760
worker_4,1811,1788087039.256939,50,4.768078,1.097664
worker_4,1812,1788087039.261724,50,4.769521,1.098080
worker_4,1813,1788087039.266510,50,5.133655,1.096448
worker_4,1814,1788087039.271693,50,4.549225,1.096864
worker_4,1815,1788087039.276267,50,4.977431,1.098144
worker_4,1816,1788087039.281292,50,4.528473,1.098176
worker_4,1817,1788087039.285845,50,4.973274,1.095520
worker_4,1818,1788087039.290865,50,4.523205,1.097408
worker_4,1819,1788087039.295412,50,4.774540,1.095616
worker_4,1820,1788087039.300205,50,4.785133,1.101312
worker_4,1821,1788087039.305006,50,4.778790,1.096224
worker_4,1822,1788087039.309803,50,4.757087,1.096736
worker_4,1823,1788087039.314577,50,4.780272,1.096256
worker_4,1824,1788087039.319374,50,4.793170,1.101600
worker_4,1825,1788087039.324198,50,4.743892,1.097440
worker_4,1826,1788087039.328958,50,4.701327,1.098880
worker_4,1827,1788087039.333676,50,4.845097,1.096288
worker_4,1828,1788087039.338536,50,4.933273,1.098144
worker_4,1829,1788087039.343519,50,4.582816,1.098368
worker_4,1830,1788087039.348128,50,4.750948,1.098080
worker_4,1831,1788087039.352898,50,4.641391,1.106560
worker_4,1832,1788087039.357556,50,4.982201,1.098944
worker_4,1833,1788087039.362589,50,4.531983,1.098272
worker_4,1834,1788087039.367218,50,4.710707,1.097504
worker_4,1835,1788087039.371964,50,4.737273,1.105440
worker_4,1836,1788087039.376724,50,4.758503,1.098176
worker_4,1837,1788087039.381502,50,4.763012,1.097856
worker_4,1838,1788087039.386282,50,4.766781,1.099040
worker_4,1839,1788087039.391065,50,4.769401,1.097312
worker_4,1840,1788087039.395849,50,4.773161,1.097056
worker_4,1841,1788087039.400638,50,4.772003,1.098752
worker_4,1842,1788087039.405427,50,4.773763,1.097440
worker_4,1843,1788087039.410216,50,4.780384,1.097472
worker_4,1844,1788087039.415012,50,4.770874,1.097312
worker_4,1845,1788087039.419806,50,4.921449,1.101184
worker_4,1846,1788087039.424743,50,4.782754,1.097248
worker_4,1847,1788087039.429541,50,4.770299,1.096576
worker_4,1848,1788087039.434327,50,4.772745,1.098272
worker_4,1849,1788087039.439115,50,4.780745,1.096512
worker_4,1850,1788087039.443911,50,4.751354,1.097824
worker_4,1851,1788087039.448678,50,4.799180,1.097344
worker_4,1852,1788087039.453493,50,4.708355,1.099168
worker_4,1853,1788087039.458217,50,4.829217,1.099552
worker_4,1854,1788087039.463062,50,4.654317,1.096384
worker_4,1855,1788087039.467733,50,4.900699,1.100448
worker_4,1856,1788087039.472650,50,5.004903,1.098624
worker_4,1857,1788087039.477708,50,4.703132,1.096448
worker_4,1858,1788087039.482457,50,4.636687,1.096128
worker_4,1859,1788087039.487140,50,4.526279,1.097408
worker_4,1860,1788087039.491689,50,4.752493,1.097184
worker_4,1861,1788087039.496459,50,4.767346,1.098400
worker_4,1862,1788087039.501243,50,4.988366,1.101728
worker_4,1863,1788087039.506281,50,4.541732,1.099872
worker_4,1864,1788087039.510857,50,4.955107,1.097920
worker_4,1865,1788087039.515860,50,4.534140,1.099872
worker_4,1866,1788087039.520422,50,4.971653,1.098592
worker_4,1867,1788087039.525439,50,4.753568,1.097344
worker_4,1868,1788087039.530239,50,4.722040,1.098368
worker_4,1869,1788087039.535007,50,4.543984,1.097536
worker_4,1870,1788087039.539574,50,4.962033,1.095968
worker_4,1871,1788087039.544582,50,4.537122,1.098048
worker_4,1872,1788087039.549143,50,4.964616,1.097696
worker_4,1873,1788087039.554154,50,4.535159,1.098656
worker_4,1874,1788087039.558714,50,5.112405,1.096896
worker_4,1875,1788087039.563873,50,4.552687,1.098016
worker_4,1876,1788087039.568450,50,4.976181,1.101696
worker_4,1877,1788087039.573473,50,4.537659,1.097760
worker_4,1878,1788087039.578035,50,4.974977,1.096320
worker_4,1879,1788087039.583056,50,4.498519,1.097152
worker_4,1880,1788087039.587579,50,4.747716,1.098016
worker_4,1881,1788087039.592345,50,4.820781,1.098208
worker_4,1882,1788087039.597183,50,4.990812,1.097952
worker_4,1883,1788087039.602225,50,4.528872,1.097024
worker_4,1884,1788087039.606784,50,4.813531,1.097792
worker_4,1885,1788087039.611644,50,4.681289,1.097696
worker_4,1886,1788087039.616350,50,4.966394,1.102912
worker_4,1887,1788087039.621364,50,4.392148,1.098688
worker_4,1888,1788087039.625782,50,4.957690,1.097120
worker_4,1889,1788087039.630787,50,4.535687,1.097280
worker_4,1890,1788087039.635347,50,4.761374,1.099360
worker_4,1891,1788087039.640127,50,4.772717,1.096608
worker_4,1892,1788087039.644916,50,4.790549,1.098176
worker_4,1893,1788087039.649723,50,4.768243,1.098368
worker_4,1894,1788087039.654508,50,4.988506,1.099360
worker_4,1895,1788087039.659546,50,4.527520,1.097504
worker_4,1896,1788087039.664098,50,4.764466,1.097472
worker_4,1897,1788087039.668879,50,4.784902,1.103744
worker_4,1898,1788087039.673682,50,4.770762,1.098816
worker_4,1899,1788087039.678468,50,4.777985,1.097856
worker_4,1900,1788087039.683262,50,4.768170,1.099424
worker_4,1901,1788087039.688046,50,4.771133,1.097056
worker_4,1902,1788087039.692832,50,4.797412,1.107040
worker_4,1903,1788087039.697652,50,4.764013,1.097856
worker_4,1904,1788087039.702431,50,5.130663,1.097728
worker_4,1905,1788087039.707611,50,4.531390,1.097440
worker_4,1906,1788087039.712167,50,4.763308,1.098144
worker_4,1907,1788087039.716948,50,4.769475,1.096672
worker_4,1908,1788087039.721733,50,4.856143,1.102496
worker_4,1909,1788087039.726640,50,4.661123,1.097024
worker_4,1910,1788087039.731329,50,4.727586,1.099136
worker_4,1911,1788087039.736075,50,4.810393,1.098496
worker_4,1912,1788087039.740903,50,4.712725,1.104640
worker_4,1913,1788087039.745630,50,4.735874,1.096032
worker_4,1914,1788087039.750381,50,5.031116,1.097056
worker_4,1915,1788087039.755461,50,4.449056,1.097792
worker_4,1916,1788087039.759934,50,4.752189,1.099328
worker_4,1917,1788087039.764705,50,4.770207,1.100160
worker_4,1918,1788087039.769492,50,4.984495,1.096736
worker_4,1919,1788087039.774524,50,4.528482,1.098784
worker_4,1920,1788087039.779077,50,4.967237,1.098432
worker_4,1921,1788087039.784090,50,4.538270,1.098592
worker_4,1922,1788087039.788653,50,4.961033,1.097344
worker_4,1923,1788087039.793673,50,4.529455,1.098272
worker_4,1924,1788087039.798227,50,4.967755,1.097632
worker_4,1925,1788087039.803241,50,4.703799,1.098400
worker_4,1926,1788087039.807971,50,4.762587,1.098208
worker_4,1927,1788087039.812752,50,4.769671,1.106272
worker_4,1928,1788087039.817538,50,5.001023,1.098720
worker_4,1929,1788087039.822589,50,4.530158,1.097536
worker_4,1930,1788087039.827143,50,4.960227,1.096608
worker_4,1931,1788087039.832150,50,4.535724,1.096928
worker_4,1932,1788087039.836710,50,4.966218,1.099168
worker_4,1933,1788087039.841723,50,4.466492,1.098336
worker_4,1934,1788087039.846217,50,4.891791,1.096288
worker_4,1935,1788087039.851154,50,4.534149,1.098304
worker_4,1936,1788087039.855712,50,4.760060,1.098464
worker_4,1937,1788087039.860491,50,4.780030,1.097696
worker_4,1938,1788087039.865288,50,4.982311,1.099968
worker_4,1939,1788087039.870317,50,4.527455,1.097472
worker_4,1940,1788087039.874870,50,4.959079,1.096544
worker_4,1941,1788087039.879876,50,4.543381,1.102656
worker_4,1942,1788087039.884459,50,4.961357,1.096352
worker_4,1943,1788087039.889466,50,4.537547,1.099264
worker_4,1944,1788087039.894027,50,4.975700,1.098336
worker_4,1945,1788087039.899049,50,4.535066,1.097280
worker_4,1946,1788087039.903607,50,4.759892,1.097472
worker_4,1947,1788087039.908385,50,4.767532,1.099488
worker_4,1948,1788087039.913170,50,4.983125,1.096832
worker_4,1949,1788087039.918202,50,4.539345,1.099456
worker_4,1950,1788087039.922767,50,4.969589,1.098112
worker_4,1951,1788087039.927784,50,4.537021,1.098144
worker_4,1952,1788087039.932347,50,5.129748,1.103616
worker_4,1953,1788087039.937522,50,4.530317,1.098432
worker_4,1954,1788087039.942077,50,4.637502,1.097184
worker_4,1955,1788087039.946732,50,5.107145,1.097088
worker_4,1956,1788087039.951886,50,4.528158,1.099072
worker_4,1957,1788087039.956440,50,4.976273,1.097024
worker_4,1958,1788087039.961464,50,4.539012,1.098560
worker_4,1959,1788087039.966027,50,4.983949,1.096384
worker_4,1960,1788087039.971059,50,4.530251,1.097888
worker_4,1961,1788087039.975616,50,4.748271,1.097856
worker_4,1962,1788087039.980397,50,4.630428,1.099808
worker_4,1963,1788087039.985044,50,5.089229,1.100032
worker_4,1964,1788087039.990185,50,4.496613,1.098272
worker_4,1965,1788087039.994706,50,5.003534,1.096544
worker_4,1966,1788087039.999759,50,4.535640,1.097984
worker_4,1967,1788087040.004322,50,4.961125,1.096992
worker_4,1968,1788087040.009333,50,4.396343,1.098976
worker_4,1969,1788087040.013754,50,4.962393,1.097152
worker_4,1970,1788087040.018763,50,4.535084,1.096416
worker_4,1971,1788087040.023325,50,4.770051,1.098656
worker_4,1972,1788087040.028114,50,4.768245,1.100480
worker_4,1973,1788087040.032899,50,4.772272,1.098176
worker_4,1974,1788087040.037685,50,4.772818,1.098336
worker_4,1975,1788087040.042473,50,4.982218,1.099072
worker_4,1976,1788087040.047506,50,4.562650,1.099136
worker_4,1977,1788087040.052092,50,4.757726,1.098656
worker_4,1978,1788087040.056868,50,4.916422,1.097696
worker_4,1979,1788087040.061800,50,4.843958,1.098048
worker_4,1980,1788087040.066693,50,4.673975,1.098144
worker_4,1981,1788087040.071403,50,4.670874,1.098432
worker_4,1982,1788087040.076094,50,4.863615,1.100672
worker_4,1983,1788087040.080975,50,4.774161,1.097792
worker_4,1984,1788087040.085765,50,4.771504,1.096640
worker_4,1985,1788087040.090623,50,4.916774,1.097856
worker_4,1986,1788087040.095589,50,4.483714,1.098784
worker_4,1987,1788087040.100098,50,4.667410,1.098848
worker_4,1988,1788087040.104783,50,4.763467,1.098432
worker_4,1989,1788087040.109563,50,4.984265,1.097184
worker_4,1990,1788087040.114597,50,4.532603,1.099456
worker_4,1991,1788087040.119154,50,4.758392,1.098656
worker_4,1992,1788087040.123930,50,4.764605,1.098240
worker_4,1993,1788087040.128712,50,4.768393,1.102176
worker_4,1994,1788087040.133497,50,4.771188,1.100128
worker_4,1995,1788087040.138283,50,4.978839,1.098016
worker_4,1996,1788087040.143312,50,4.533511,1.097312
worker_4,1997,1788087040.147869,50,4.774022,1.101792
worker_4,1998,1788087040.152662,50,4.760985,1.098176
worker_4,1999,1788087040.157439,50,4.978792,1.097824
worker_4,2000,1788087040.162467,50,4.531845,1.097824
worker_4,2001,1788087040.167034,50,4.952849,1.097888
worker_4,2002,1788087040.172033,50,4.546242,1.100128
worker_4,2003,1788087040.176603,50,4.963274,1.099744
worker_4,2004,1788087040.181612,50,4.533797,1.099168
worker_4,2005,1788087040.186171,50,4.974551,1.098528
worker_4,2006,1788087040.191191,50,4.556752,1.099424
worker_4,2007,1788087040.195772,50,4.761180,1.095776
worker_4,2008,1788087040.200550,50,4.769762,1.101824
worker_4,2009,1788087040.205337,50,4.771310,1.097728
worker_4,2010,1788087040.210124,50,4.777985,1.098656
worker_4,2011,1788087040.214918,50,4.769301,1.096448
worker_4,2012,1788087040.219703,50,4.776365,1.097824
worker_4,2013,1788087040.224495,50,4.767485,1.098848
worker_4,2014,1788087040.229277,50,4.777050,1.098848
worker_4,2015,1788087040.234069,50,4.792938,1.097440
worker_4,2016,1788087040.238877,50,4.770003,1.096864
worker_4,2017,1788087040.243666,50,4.772670,1.098400
worker_4,2018,1788087040.248455,50,4.771411,1.100608
worker_4,2019,1788087040.253241,50,4.775345,1.097792
worker_4,2020,1788087040.258041,50,4.786050,1.099616
worker_4,2021,1788087040.262842,50,4.772475,1.097824
worker_4,2022,1788087040.267629,50,4.772643,1.097312
worker_4,2023,1788087040.272418,50,4.776143,1.099840
worker_4,2024,1788087040.277209,50,4.789948,1.097280
worker_4,2025,1788087040.282015,50,4.772911,1.097280
worker_4,2026,1788087040.286803,50,4.770597,1.096704
worker_4,2027,1788087040.291589,50,4.801031,1.099840
worker_4,2028,1788087040.296406,50,4.771374,1.098560
worker_4,2029,1788087040.301193,50,4.770069,1.097536
worker_4,2030,1788087040.305979,50,4.787162,1.097888
worker_4,2031,1788087040.310781,50,4.770466,1.096576
worker_4,2032,1788087040.315566,50,4.773318,1.097344
worker_4,2033,1788087040.320356,50,4.767864,1.099424
worker_4,2034,1788087040.325140,50,4.772504,1.098592
worker_4,2035,1788087040.329927,50,4.773012,1.097760
worker_4,2036,1788087040.334715,50,4.767938,1.096992
worker_4,2037,1788087040.339501,50,4.773051,1.099040
worker_4,2038,1788087040.344290,50,4.990107,1.098432
worker_4,2039,1788087040.349333,50,4.728753,1.098464
worker_4,2040,1788087040.354119,50,4.728976,1.100992
worker_4,2041,1788087040.358896,50,4.536289,1.097280
worker_4,2042,1788087040.363456,50,4.763615,1.096896
worker_4,2043,1788087040.368238,50,4.968338,1.100704
worker_4,2044,1788087040.373253,50,4.537613,1.095552
worker_4,2045,1788087040.377816,50,4.756595,1.097440
worker_4,2046,1788087040.382592,50,4.968319,1.097632
worker_4,2047,1788087040.387609,50,4.552428,1.097120
worker_4,2048,1788087040.392186,50,4.782994,1.098048
worker_4,2049,1788087040.396990,50,4.764123,1.099168
worker_4,2050,1788087040.401770,50,4.775698,1.097440
worker_4,2051,1788087040.406562,50,4.769929,1.097504
worker_4,2052,1788087040.411348,50,4.766374,1.097696
worker_4,2053,1788087040.416130,50,4.772393,1.098368
worker_4,2054,1788087040.420919,50,4.780429,1.098656
worker_4,2055,1788087040.425717,50,4.769013,1.097088
worker_4,2056,1788087040.430502,50,4.768966,1.097280
worker_4,2057,1788087040.435287,50,5.007117,1.095872
worker_4,2058,1788087040.440343,50,4.722818,1.099520
worker_4,2059,1788087040.445123,50,4.725475,1.096288
worker_4,2060,1788087040.449894,50,4.742643,1.096736
worker_4,2061,1788087040.454685,50,4.735716,1.095488
worker_4,2062,1788087040.459466,50,4.562067,1.097536
worker_4,2063,1788087040.464054,50,4.760838,1.102816
worker_4,2064,1788087040.468833,50,4.765716,1.098368
worker_4,2065,1788087040.473616,50,4.983700,1.098656
worker_4,2066,1788087040.478650,50,4.528252,1.097600
worker_4,2067,1788087040.483203,50,4.763105,1.098080
worker_4,2068,1788087040.487984,50,4.771152,1.099328
worker_4,2069,1788087040.492772,50,4.767244,1.099296
worker_4,2070,1788087040.497556,50,4.770309,1.097792
worker_4,2071,1788087040.502341,50,4.979458,1.097824
worker_4,2072,1788087040.507371,50,4.553426,1.097120
worker_4,2073,1788087040.511949,50,4.754567,1.098080
worker_4,2074,1788087040.516721,50,4.767651,1.098944
worker_4,2075,1788087040.521505,50,4.988969,1.097696
worker_4,2076,1788087040.526542,50,4.525141,1.097504
worker_4,2077,1788087040.531093,50,4.960690,1.097312
worker_4,2078,1788087040.536101,50,4.540307,1.103648
worker_4,2079,1788087040.540677,50,4.960450,1.099968
worker_4,2080,1788087040.545687,50,4.535982,1.098592
worker_4,2081,1788087040.550247,50,4.972014,1.099456
worker_4,2082,1788087040.555267,50,4.542039,1.097664
worker_4,2083,1788087040.559833,50,4.759809,1.097792
worker_4,2084,1788087040.564610,50,4.767587,1.097120
worker_4,2085,1788087040.569394,50,4.979699,1.096800
worker_4,2086,1788087040.574424,50,4.528335,1.099040
worker_4,2087,1788087040.578976,50,4.759086,1.095744
worker_4,2088,1788087040.583752,50,4.773448,1.099136
worker_4,2089,1788087040.588542,50,4.787346,1.098016
worker_4,2090,1788087040.593345,50,4.769679,1.098176
worker_4,2091,1788087040.598129,50,4.772902,1.098912
worker_4,2092,1788087040.602918,50,4.771549,1.096832
worker_4,2093,1788087040.607705,50,4.771605,1.099296
worker_4,2094,1788087040.612493,50,4.781032,1.096992
worker_4,2095,1788087040.617290,50,4.778411,1.096960
worker_4,2096,1788087040.622083,50,4.767800,1.096672
worker_4,2097,1788087040.626867,50,4.770809,1.097472
worker_4,2098,1788087040.631661,50,4.773030,1.100928
worker_4,2099,1788087040.636451,50,4.775597,1.097216
worker_4,2100,1788087040.641241,50,4.768125,1.095840
worker_4,2101,1788087040.646024,50,4.800003,1.097760
worker_4,2102,1788087040.650840,50,4.767299,1.098592
worker_4,2103,1788087040.655622,50,4.779040,1.099072
worker_4,2104,1788087040.660415,50,4.773855,1.096512
worker_4,2105,1788087040.665204,50,4.778226,1.098176
worker_4,2106,1788087040.669998,50,4.986570,1.097856
worker_4,2107,1788087040.675034,50,4.528612,1.097312
worker_4,2108,1788087040.679586,50,4.964996,1.098720
worker_4,2109,1788087040.684597,50,4.743058,1.102464
worker_4,2110,1788087040.689385,50,4.744402,1.098208
worker_4,2111,1788087040.694178,50,4.554613,1.098720
worker_4,2112,1788087040.698756,50,4.964663,1.096992
worker_4,2113,1788087040.703771,50,4.535975,1.098656
worker_4,2114,1788087040.708331,50,4.980959,1.103712
worker_4,2115,1788087040.713359,50,4.528381,1.097824
worker_4,2116,1788087040.717911,50,4.972968,1.097376
worker_4,2117,1788087040.722933,50,4.532890,1.098240
worker_4,2118,1788087040.727503,50,4.747855,1.098432
worker_4,2119,1788087040.732269,50,4.769874,1.100960
worker_4,2120,1788087040.737055,50,4.982829,1.097632
worker_4,2121,1788087040.742087,50,4.534261,1.097344
worker_4,2122,1788087040.746646,50,4.961847,1.096928
worker_4,2123,1788087040.751655,50,4.545474,1.099424
worker_4,2124,1788087040.756233,50,4.754189,1.102464
worker_4,2125,1788087040.761007,50,4.764466,1.097312
worker_4,2126,1788087040.765787,50,4.993932,1.096416
worker_4,2127,1788087040.770831,50,4.525640,1.098048
worker_4,2128,1788087040.775383,50,4.768818,1.098240
worker_4,2129,1788087040.780173,50,4.765847,1.100224
worker_4,2130,1788087040.784955,50,4.765605,1.098496
worker_4,2131,1788087040.789737,50,4.766364,1.095680
worker_4,2132,1788087040.794517,50,4.965876,1.097216
worker_4,2133,1788087040.799523,50,4.558131,1.097824
worker_4,2134,1788087040.804102,50,4.757587,1.098208
worker_4,2135,1788087040.808873,50,4.769124,1.098240
worker_4,2136,1788087040.813719,50,4.920014,1.096352
worker_4,2137,1788087040.818686,50,4.544278,1.097120
worker_4,2138,1788087040.823255,50,4.975782,1.097280
worker_4,2139,1788087040.828275,50,4.521473,1.100576
worker_4,2140,1788087040.832823,50,4.963163,1.099072
worker_4,2141,1788087040.837835,50,4.531595,1.096224
worker_4,2142,1788087040.842392,50,4.970088,1.096416
worker_4,2143,1788087040.847411,50,4.542853,1.099104
worker_4,2144,1788087040.851980,50,4.769096,1.095808
worker_4,2145,1788087040.856772,50,4.751531,1.095776
worker_4,2146,1788087040.861547,50,4.746588,1.098016
worker_4,2147,1788087040.866309,50,4.773382,1.097184
worker_4,2148,1788087040.871096,50,4.772939,1.098720
worker_4,2149,1788087040.875881,50,4.774725,1.099232
worker_4,2150,1788087040.880668,50,4.769605,1.097824
worker_4,2151,1788087040.885453,50,4.771151,1.098432
worker_4,2152,1788087040.890240,50,4.781864,1.098880
worker_4,2153,1788087040.895038,50,4.766169,1.098976
worker_4,2154,1788087040.899820,50,4.770819,1.098624
worker_4,2155,1788087040.904606,50,4.773984,1.097792
worker_4,2156,1788087040.909395,50,4.772078,1.096512
worker_4,2157,1788087040.914192,50,4.758272,1.097376
worker_4,2158,1788087040.918967,50,4.766403,1.097344
worker_4,2159,1788087040.923749,50,4.766744,1.098240
worker_4,2160,1788087040.928535,50,4.769559,1.097376
worker_4,2161,1788087040.933321,50,4.765254,1.098240
worker_4,2162,1788087040.938102,50,4.769114,1.096352
worker_4,2163,1788087040.942888,50,4.770652,1.096992
worker_4,2164,1788087040.947673,50,4.768882,1.096352
worker_4,2165,1788087040.952457,50,4.766346,1.096864
worker_4,2166,1788087040.957239,50,4.995116,1.097632
worker_4,2167,1788087040.962284,50,4.526677,1.097856
worker_4,2168,1788087040.966835,50,4.970885,1.097344
worker_4,2169,1788087040.971853,50,4.532659,1.097664
worker_4,2170,1788087040.976410,50,4.974219,1.098464
worker_4,2171,1788087040.981431,50,4.530780,1.097312
worker_4,2172,1788087040.985985,50,4.976811,1.097728
worker_4,2173,1788087040.991008,50,4.537011,1.097792
worker_4,2174,1788087040.995569,50,4.756466,1.097568
worker_4,2175,1788087041.000344,50,4.765680,1.099744
worker_4,2176,1788087041.005132,50,4.981117,1.098016
worker_4,2177,1788087041.010161,50,4.525983,1.098176
worker_4,2178,1788087041.014712,50,4.992395,1.096800
worker_4,2179,1788087041.019750,50,4.503815,1.097696
worker_4,2180,1788087041.024279,50,4.969728,1.098880
worker_4,2181,1788087041.029295,50,4.529260,1.097344
worker_4,2182,1788087041.033848,50,4.979875,1.097504
worker_4,2183,1788087041.038875,50,4.526372,1.098656
worker_4,2184,1788087041.043426,50,4.762383,1.096640
worker_4,2185,1788087041.048206,50,4.772411,1.103328
worker_4,2186,1788087041.052995,50,4.772578,1.099456
worker_4,2187,1788087041.057784,50,4.779216,1.097216
worker_4,2188,1788087041.062580,50,4.987755,1.095936
worker_4,2189,1788087041.067617,50,4.546909,1.097920
worker_4,2190,1788087041.072188,50,4.763309,1.100320
worker_4,2191,1788087041.076969,50,4.768485,1.099808
worker_4,2192,1788087041.081755,50,4.983088,1.096928
worker_4,2193,1788087041.086787,50,4.529510,1.098688
worker_4,2194,1788087041.091342,50,4.776726,1.099648
worker_4,2195,1788087041.096137,50,4.768484,1.097888
worker_4,2196,1788087041.100934,50,4.756642,1.096832
worker_4,2197,1788087041.105708,50,4.764040,1.096576
worker_4,2198,1788087041.110488,50,4.977024,1.097888
worker_4,2199,1788087041.115514,50,4.553130,1.097632
worker_4,2200,1788087041.120093,50,4.757846,1.099648
worker_4,2201,1788087041.124869,50,4.768410,1.097376
worker_4,2202,1788087041.129654,50,4.976949,1.098912
worker_4,2203,1788087041.134679,50,4.536196,1.096704
worker_4,2204,1788087041.139239,50,4.758799,1.099424
worker_4,2205,1788087041.144016,50,4.770504,1.098176
worker_4,2206,1788087041.148803,50,4.767966,1.097824
worker_4,2207,1788087041.153587,50,4.769374,1.098752
worker_4,2208,1788087041.158373,50,4.768457,1.097280
worker_4,2209,1788087041.163158,50,4.769596,1.097760
worker_4,2210,1788087041.167943,50,4.774356,1.097760
worker_4,2211,1788087041.172732,50,4.789984,1.107264
worker_4,2212,1788087041.177541,50,4.770347,1.098112
worker_4,2213,1788087041.182327,50,4.768689,1.097600
worker_4,2214,1788087041.187111,50,4.772799,1.096608
worker_4,2215,1788087041.191911,50,4.757809,1.101440
worker_4,2216,1788087041.196685,50,4.789865,1.103136
worker_4,2217,1788087041.201491,50,4.765104,1.098752
worker_4,2218,1788087041.206273,50,4.783837,1.096352
worker_4,2219,1788087041.211072,50,4.769819,1.098464
worker_4,2220,1788087041.215857,50,4.769799,1.097632
worker_4,2221,1788087041.220643,50,4.776994,1.100736
worker_4,2222,1788087041.225435,50,4.768874,1.097792
worker_4,2223,1788087041.230219,50,4.778087,1.098176
worker_4,2224,1788087041.235012,50,4.771948,1.096928
worker_4,2225,1788087041.239799,50,4.771503,1.097760
worker_4,2226,1788087041.244586,50,4.990348,1.099168
worker_4,2227,1788087041.249623,50,4.741374,1.098464
worker_4,2228,1788087041.254411,50,4.736420,1.097536
worker_4,2229,1788087041.259192,50,4.745170,1.096608
worker_4,2230,1788087041.263983,50,4.537630,1.098432
worker_4,2231,1788087041.268546,50,4.976227,1.096416
worker_4,2232,1788087041.273568,50,4.531511,1.095744
worker_4,2233,1788087041.278123,50,4.968523,1.098304
worker_4,2234,1788087041.283140,50,4.537002,1.097824
worker_4,2235,1788087041.287709,50,4.752374,1.099424
worker_4,2236,1788087041.292480,50,4.782096,1.098272
worker_4,2237,1788087041.297277,50,4.983922,1.098016
worker_4,2238,1788087041.302310,50,4.525863,1.096960
worker_4,2239,1788087041.306859,50,4.758940,1.097824
worker_4,2240,1788087041.311636,50,5.012673,1.102048
worker_4,2241,1788087041.316695,50,4.537743,1.096704
worker_4,2242,1788087041.321257,50,4.968653,1.097440
worker_4,2243,1788087041.326272,50,4.530641,1.097664
worker_4,2244,1788087041.330828,50,4.970310,1.097344
worker_4,2245,1788087041.335845,50,4.537252,1.099360
worker_4,2246,1788087041.340407,50,4.975274,1.099808
worker_4,2247,1788087041.345428,50,4.539566,1.097440
worker_4,2248,1788087041.349991,50,4.966431,1.097184
worker_4,2249,1788087041.355004,50,4.536010,1.098048
worker_4,2250,1788087041.359564,50,4.759560,1.098720
worker_4,2251,1788087041.364342,50,4.780699,1.099904
worker_4,2252,1788087041.369140,50,4.767800,1.097760
worker_4,2253,1788087041.373924,50,4.765578,1.097280
worker_4,2254,1788087041.378714,50,4.755493,1.096704
worker_4,2255,1788087041.383487,50,4.771772,1.096896
worker_4,2256,1788087041.388274,50,4.982042,1.101440
worker_4,2257,1788087041.393306,50,4.534492,1.098528
worker_4,2258,1788087041.397864,50,4.960903,1.096640
worker_4,2259,1788087041.402872,50,4.535223,1.097120
worker_4,2260,1788087041.407433,50,4.761651,1.096864
worker_4,2261,1788087041.412221,50,4.762244,1.100512
worker_4,2262,1788087041.416999,50,4.771345,1.098912
worker_4,2263,1788087041.421786,50,4.782661,1.098432
worker_4,2264,1788087041.426586,50,4.979681,1.097440
worker_4,2265,1788087041.431615,50,4.549566,1.096576
worker_4,2266,1788087041.436189,50,4.757420,1.098912
worker_4,2267,1788087041.440965,50,4.767197,1.099936
worker_4,2268,1788087041.445749,50,4.988766,1.097248
worker_4,2269,1788087041.450786,50,4.532280,1.097728
worker_4,2270,1788087041.455342,50,4.779206,1.099072
worker_4,2271,1788087041.460137,50,4.769336,1.099648
worker_4,2272,1788087041.464924,50,4.768772,1.095744
worker_4,2273,1788087041.469711,50,4.772234,1.099264
worker_4,2274,1788087041.474505,50,4.974135,1.097152
worker_4,2275,1788087041.479527,50,4.557197,1.097856
worker_4,2276,1788087041.484109,50,4.757661,1.099488
worker_4,2277,1788087041.488885,50,4.768467,1.098400
worker_4,2278,1788087041.493670,50,4.983543,1.096800
worker_4,2279,1788087041.498704,50,4.528982,1.098560
worker_4,2280,1788087041.503259,50,4.777078,1.096000
worker_4,2281,1788087041.508054,50,4.766530,1.099840
worker_4,2282,1788087041.512838,50,4.765531,1.097632
worker_4,2283,1788087041.517619,50,4.770356,1.097504
worker_4,2284,1788087041.522406,50,4.976458,1.097216
worker_4,2285,1788087041.527432,50,4.540742,1.096800
worker_4,2286,1788087041.531997,50,4.759624,1.099936
worker_4,2287,1788087041.536850,50,4.694067,1.097760
worker_4,2288,1788087041.541564,50,4.986561,1.099232
worker_4,2289,1788087041.546599,50,4.523937,1.096832
worker_4,2290,1788087041.551149,50,5.155293,1.098912
worker_4,2291,1788087041.556351,50,4.431963,1.100288
worker_4,2292,1788087041.560809,50,5.062422,1.095648
worker_4,2293,1788087041.565931,50,4.503899,1.097792
worker_4,2294,1788087041.570461,50,4.996673,1.098400
worker_4,2295,1788087041.575504,50,4.535289,1.096384
worker_4,2296,1788087041.580063,50,4.755207,1.096992
worker_4,2297,1788087041.584837,50,4.595770,1.095840
worker_4,2298,1788087041.589448,50,4.979793,1.095840
worker_4,2299,1788087041.594475,50,4.537604,1.098464
worker_4,2300,1788087041.599037,50,4.971681,1.099488
worker_4,2301,1788087041.604054,50,4.552334,1.107904
worker_4,2302,1788087041.608633,50,4.958190,1.097440
worker_4,2303,1788087041.613639,50,4.532501,1.096608
worker_4,2304,1788087041.618197,50,4.964533,1.096992
worker_4,2305,1788087041.623207,50,4.537668,1.097024
worker_4,2306,1788087041.627770,50,4.758744,1.096736
worker_4,2307,1788087041.632546,50,4.765420,1.099456
worker_4,2308,1788087041.637329,50,4.773022,1.099136
worker_4,2309,1788087041.642118,50,4.988866,1.095424
worker_4,2310,1788087041.647157,50,4.525484,1.098560
worker_4,2311,1788087041.651707,50,4.760530,1.099584
worker_4,2312,1788087041.656485,50,4.778680,1.099104
worker_4,2313,1788087041.661293,50,4.973940,1.097600
worker_4,2314,1788087041.666315,50,4.525965,1.097024
worker_4,2315,1788087041.670865,50,4.971727,1.096512
worker_4,2316,1788087041.675884,50,4.524797,1.096864
worker_4,2317,1788087041.680434,50,4.757384,1.099232
worker_4,2318,1788087041.685210,50,4.773179,1.097440
worker_4,2319,1788087041.690001,50,4.771300,1.096352
worker_4,2320,1788087041.694790,50,4.770604,1.095936
worker_4,2321,1788087041.699576,50,4.775050,1.097984
worker_4,2322,1788087041.704368,50,4.775171,1.098464
worker_4,2323,1788087041.709157,50,4.775327,1.099840
worker_4,2324,1788087041.713948,50,4.786623,1.098528
worker_4,2325,1788087041.718752,50,4.765930,1.097280
worker_4,2326,1788087041.723533,50,4.772772,1.098048
worker_4,2327,1788087041.728323,50,4.780910,1.105248
worker_4,2328,1788087041.733119,50,4.767050,1.097248
worker_4,2329,1788087041.737902,50,4.771318,1.097056
worker_4,2330,1788087041.742689,50,4.771578,1.097824
worker_4,2331,1788087041.747476,50,4.767429,1.096512
worker_4,2332,1788087041.752264,50,4.754569,1.097408
worker_4,2333,1788087041.757035,50,4.992893,1.097376
worker_4,2334,1788087041.762077,50,4.527122,1.099136
worker_4,2335,1788087041.766629,50,4.966524,1.097824
worker_4,2336,1788087041.771643,50,4.535760,1.098432
worker_4,2337,1788087041.776203,50,4.756911,1.096064
worker_4,2338,1788087041.780980,50,4.786421,1.101376
worker_4,2339,1788087041.785784,50,4.986264,1.098176
worker_4,2340,1788087041.790820,50,4.525233,1.097184
worker_4,2341,1788087041.795369,50,4.752928,1.096576
worker_4,2342,1788087041.800140,50,4.770300,1.097760
worker_4,2343,1788087041.804928,50,4.783217,1.100768
worker_4,2344,1788087041.809726,50,4.775143,1.098976
worker_4,2345,1788087041.814517,50,4.987320,1.097184
worker_4,2346,1788087041.819554,50,4.529724,1.098976
worker_4,2347,1788087041.824108,50,4.764790,1.099456
worker_4,2348,1788087041.828891,50,4.778236,1.103200
worker_4,2349,1788087041.833685,50,4.988015,1.097536
worker_4,2350,1788087041.838720,50,4.530760,1.097696
worker_4,2351,1788087041.843275,50,4.757512,1.098272
worker_4,2352,1788087041.848063,50,4.754290,1.097568
worker_4,2353,1788087041.852834,50,4.799477,1.098880
worker_4,2354,1788087041.857651,50,4.765493,1.097728
worker_4,2355,1788087041.862432,50,4.976931,1.095520
worker_4,2356,1788087041.867459,50,4.538991,1.095680
worker_4,2357,1788087041.872021,50,4.758930,1.097440
worker_4,2358,1788087041.876798,50,4.764956,1.098112
worker_4,2359,1788087041.881578,50,4.993941,1.099264
worker_4,2360,1788087041.886621,50,4.535474,1.096352
worker_4,2361,1788087041.891181,50,4.768596,1.098400
worker_4,2362,1788087041.895967,50,4.765587,1.097760
worker_4,2363,1788087041.900752,50,4.763883,1.097376
worker_4,2364,1788087041.905532,50,4.767567,1.099360
worker_4,2365,1788087041.910316,50,4.987006,1.099904
worker_4,2366,1788087041.915352,50,4.540834,1.096768
worker_4,2367,1788087041.919920,50,4.751374,1.096416
worker_4,2368,1788087041.924690,50,4.765151,1.098432
worker_4,2369,1788087041.929471,50,4.993006,1.099744
worker_4,2370,1788087041.934513,50,4.547613,1.096512
worker_4,2371,1788087041.939096,50,4.957153,1.097504
worker_4,2372,1788087041.944099,50,4.540834,1.101376
worker_4,2373,1788087041.948665,50,4.968236,1.097472
worker_4,2374,1788087041.953680,50,4.535121,1.097824
worker_4,2375,1788087041.958240,50,4.967977,1.098432
worker_4,2376,1788087041.963257,50,4.533910,1.097312
worker_4,2377,1788087041.967815,50,4.761346,1.098560
worker_4,2378,1788087041.972596,50,4.764485,1.098624
worker_4,2379,1788087041.977378,50,4.991477,1.096640
worker_4,2380,1788087041.982420,50,4.517112,1.096384
worker_4,2381,1788087041.986962,50,4.972949,1.099104
worker_4,2382,1788087041.991982,50,4.530353,1.096768
worker_4,2383,1788087041.996537,50,4.970070,1.097760
worker_4,2384,1788087042.001554,50,4.529482,1.096608
worker_4,2385,1788087042.006108,50,4.978996,1.098752
worker_4,2386,1788087042.011132,50,4.528807,1.097856
worker_4,2387,1788087042.015686,50,4.761068,1.100992
worker_4,2388,1788087042.020466,50,4.771984,1.098400
worker_4,2389,1788087042.025255,50,4.984829,1.097408
worker_4,2390,1788087042.030289,50,4.526288,1.096384
worker_4,2391,1788087042.034852,50,4.946163,1.096320
worker_4,2392,1788087042.039844,50,4.544205,1.098304
worker_4,2393,1788087042.044413,50,4.976718,1.097600
worker_4,2394,1788087042.049438,50,4.525789,1.098400
worker_4,2395,1788087042.053991,50,4.984940,1.097408
worker_4,2396,1788087042.059025,50,4.525816,1.097056
worker_4,2397,1788087042.063575,50,4.764995,1.099392
worker_4,2398,1788087042.068357,50,4.775568,1.100704
worker_4,2399,1788087042.073149,50,4.992145,1.099104
worker_4,2400,1788087042.078191,50,4.544261,1.097792
worker_4,2401,1788087042.082759,50,4.761106,1.097376
worker_4,2402,1788087042.087537,50,4.774086,1.105024
worker_4,2403,1788087042.092327,50,4.791486,1.098848
worker_4,2404,1788087042.097134,50,4.773059,1.097024
worker_4,2405,1788087042.101922,50,4.766967,1.095712
worker_4,2406,1788087042.106704,50,4.772661,1.098816
worker_4,2407,1788087042.111493,50,4.775031,1.097920
worker_4,2408,1788087042.116283,50,4.786301,1.099104
worker_4,2409,1788087042.121085,50,4.775560,1.098656
worker_4,2410,1788087042.125882,50,4.759059,1.097568
worker_4,2411,1788087042.130658,50,4.766438,1.097792
worker_4,2412,1788087042.135439,50,4.786670,1.096800
worker_4,2413,1788087042.140240,50,4.768133,1.100416
worker_4,2414,1788087042.145024,50,4.772310,1.098752
worker_4,2415,1788087042.149813,50,4.770365,1.096352
worker_4,2416,1788087042.154600,50,4.768688,1.097056
worker_4,2417,1788087042.159384,50,4.779346,1.097568
worker_4,2418,1788087042.164178,50,4.771633,1.099552
worker_4,2419,1788087042.168966,50,4.777541,1.099488
worker_4,2420,1788087042.173758,50,5.023636,1.098912
worker_4,2421,1788087042.178830,50,4.501862,1.098880
worker_4,2422,1788087042.183357,50,4.759957,1.099296
worker_4,2423,1788087042.188135,50,4.981487,1.099200
worker_4,2424,1788087042.193165,50,4.532872,1.098400
worker_4,2425,1788087042.197723,50,4.755282,1.096384
worker_4,2426,1788087042.202498,50,4.979283,1.097088
worker_4,2427,1788087042.207525,50,4.549010,1.098240
worker_4,2428,1788087042.212097,50,4.762162,1.100192
worker_4,2429,1788087042.216877,50,4.792271,1.103200
worker_4,2430,1788087042.221694,50,4.991625,1.096480
worker_4,2431,1788087042.226735,50,4.516242,1.097792
worker_4,2432,1788087042.231276,50,4.754790,1.097696
worker_4,2433,1788087042.236050,50,4.765419,1.097568
worker_4,2434,1788087042.240832,50,4.779717,1.103968
worker_4,2435,1788087042.245629,50,4.770401,1.098752
worker_4,2436,1788087042.250415,50,4.996867,1.097248
worker_4,2437,1788087042.255460,50,4.520604,1.098432
worker_4,2438,1788087042.260076,50,4.690948,1.098304
worker_4,2439,1788087042.264790,50,4.759763,1.096736
worker_4,2440,1788087042.269567,50,4.981542,1.096736
worker_4,2441,1788087042.274595,50,4.539214,1.098592
worker_4,2442,1788087042.279159,50,4.757985,1.098816
worker_4,2443,1788087042.283937,50,4.767512,1.097120
worker_4,2444,1788087042.288721,50,4.788754,1.105984
worker_4,2445,1788087042.293524,50,4.798124,1.098464
worker_4,2446,1788087042.298339,50,4.991282,1.098016
worker_4,2447,1788087042.303379,50,4.518158,1.095872
worker_4,2448,1788087042.307920,50,4.771440,1.095808
worker_4,2449,1788087042.312722,50,4.754142,1.096832
worker_4,2450,1788087042.317493,50,4.975118,1.097472
worker_4,2451,1788087042.322517,50,4.542817,1.100192
worker_4,2452,1788087042.327087,50,4.962422,1.096704
worker_4,2453,1788087042.332095,50,4.535520,1.096576
worker_4,2454,1788087042.336658,50,4.972810,1.098272
worker_4,2455,1788087042.341679,50,4.528566,1.096864
worker_4,2456,1788087042.346231,50,4.972024,1.097376
worker_4,2457,1788087042.351251,50,4.524056,1.098944
worker_4,2458,1788087042.355798,50,4.759865,1.099488
worker_4,2459,1788087042.360576,50,4.782179,1.100448
worker_4,2460,1788087042.365375,50,4.978468,1.098816
worker_4,2461,1788087042.370401,50,4.535196,1.098656
worker_4,2462,1788087042.374961,50,4.964903,1.096224
worker_4,2463,1788087042.379973,50,4.540519,1.097856
worker_4,2464,1788087042.384543,50,4.751162,1.097824
worker_4,2465,1788087042.389313,50,4.765012,1.097632
worker_4,2466,1788087042.394094,50,4.786096,1.098848
worker_4,2467,1788087042.398896,50,4.782402,1.098752
worker_4,2468,1788087042.403694,50,4.769263,1.098336
worker_4,2469,1788087042.408499,50,4.754115,1.099168
worker_4,2470,1788087042.413270,50,4.769652,1.098368
worker_4,2471,1788087042.418055,50,4.810438,1.099328
worker_4,2472,1788087042.422880,50,4.768364,1.097312
worker_4,2473,1788087042.427663,50,4.782541,1.100672
worker_4,2474,1788087042.432460,50,4.789088,1.100544
worker_4,2475,1788087042.437264,50,4.996486,1.097824
worker_4,2476,1788087042.442312,50,4.517871,1.098400
worker_4,2477,1788087042.446855,50,4.971764,1.097632
worker_4,2478,1788087042.451874,50,4.529131,1.096864
worker_4,2479,1788087042.456428,50,4.977534,1.096832
worker_4,2480,1788087042.461451,50,4.527380,1.097664
worker_4,2481,1788087042.466002,50,4.974310,1.097408
worker_4,2482,1788087042.471022,50,4.528899,1.097824
worker_4,2483,1788087042.475575,50,4.759327,1.098464
worker_4,2484,1788087042.480352,50,4.773393,1.100416
worker_4,2485,1788087042.485141,50,4.987986,1.098848
worker_4,2486,1788087042.490177,50,4.523556,1.097824
worker_4,2487,1788087042.494725,50,4.973135,1.097376
worker_4,2488,1788087042.499756,50,4.516547,1.102912
worker_4,2489,1788087042.504297,50,5.049145,1.096288
worker_4,2490,1788087042.509394,50,4.487445,1.097632
worker_4,2491,1788087042.513907,50,4.959245,1.097120
worker_4,2492,1788087042.518913,50,4.543160,1.102528
worker_4,2493,1788087042.523481,50,4.755994,1.097440
worker_4,2494,1788087042.528255,50,4.767384,1.099168
worker_4,2495,1788087042.533039,50,4.981876,1.097344
worker_4,2496,1788087042.538069,50,4.534380,1.098528
worker_4,2497,1788087042.542627,50,4.976477,1.098752
worker_4,2498,1788087042.547649,50,4.527306,1.099072
worker_4,2499,1788087042.552201,50,4.777965,1.096864
worker_4,2500,1788087042.556996,50,4.910142,1.097344
worker_4,2501,1788087042.561923,50,4.996349,1.096096
worker_4,2502,1788087042.566968,50,4.369750,1.097728
worker_4,2503,1788087042.571362,50,4.767958,1.097408
worker_4,2504,1788087042.576146,50,4.767865,1.099392
worker_4,2505,1788087042.580930,50,4.782262,1.100672
worker_4,2506,1788087042.585728,50,4.772180,1.099328
worker_4,2507,1788087042.590517,50,4.768521,1.098304
worker_4,2508,1788087042.595307,50,4.761967,1.097536
worker_4,2509,1788087042.600085,50,4.772245,1.098528
worker_4,2510,1788087042.604872,50,4.781040,1.099200
worker_4,2511,1788087042.609668,50,4.770856,1.099808
worker_4,2512,1788087042.614455,50,4.773188,1.098496
worker_4,2513,1788087042.619245,50,4.766272,1.098016
worker_4,2514,1788087042.624029,50,4.775096,1.100288
worker_4,2515,1788087042.628820,50,4.769966,1.096864
worker_4,2516,1788087042.633606,50,4.768152,1.098656
worker_4,2517,1788087042.638390,50,4.773475,1.097120
worker_4,2518,1788087042.643178,50,4.771773,1.099104
worker_4,2519,1788087042.647965,50,4.777134,1.098848
worker_4,2520,1788087042.652757,50,4.775605,1.098720
worker_4,2521,1788087042.657549,50,4.772929,1.098976
worker_4,2522,1788087042.662337,50,4.775013,1.097760
worker_4,2523,1788087042.667126,50,4.799179,1.098880
worker_4,2524,1788087042.671942,50,4.771958,1.097184
worker_4,2525,1788087042.676728,50,4.765069,1.095904
worker_4,2526,1788087042.681508,50,4.771661,1.098112
worker_4,2527,1788087042.686302,50,4.984025,1.099136
worker_4,2528,1788087042.691334,50,4.735651,1.098176
worker_4,2529,1788087042.696115,50,4.750652,1.099392
worker_4,2530,1788087042.700912,50,4.742346,1.097728
worker_4,2531,1788087042.705701,50,4.737855,1.097472
worker_4,2532,1788087042.710484,50,4.740457,1.098016
worker_4,2533,1788087042.715271,50,4.533445,1.097728
worker_4,2534,1788087042.719828,50,4.759225,1.097568
worker_4,2535,1788087042.724605,50,4.770114,1.099232
worker_4,2536,1788087042.729391,50,4.975172,1.097248
worker_4,2537,1788087042.734415,50,4.553788,1.098784
worker_4,2538,1788087042.738994,50,4.966598,1.099136
worker_4,2539,1788087042.744007,50,4.537113,1.097632
worker_4,2540,1788087042.748568,50,4.960339,1.096576
worker_4,2541,1788087042.753575,50,4.535095,1.097376
worker_4,2542,1788087042.758134,50,4.972237,1.095808
worker_4,2543,1788087042.763153,50,4.538132,1.097792
worker_4,2544,1788087042.767716,50,4.758393,1.097504
worker_4,2545,1788087042.772492,50,4.766716,1.101472
worker_4,2546,1788087042.777277,50,4.988247,1.096832
worker_4,2547,1788087042.782325,50,4.522501,1.098496
worker_4,2548,1788087042.786873,50,4.962042,1.096096
worker_4,2549,1788087042.791882,50,4.537863,1.099040
worker_4,2550,1788087042.796443,50,4.985348,1.099616
worker_4,2551,1788087042.801474,50,4.516344,1.096960
worker_4,2552,1788087042.806014,50,4.972570,1.097152
worker_4,2553,1788087042.811033,50,4.540205,1.097568
worker_4,2554,1788087042.815597,50,4.755308,1.098144
worker_4,2555,1788087042.820370,50,4.776800,1.096704
worker_4,2556,1788087042.825163,50,4.767318,1.097824
worker_4,2557,1788087042.829946,50,4.780133,1.098240
worker_4,2558,1788087042.834742,50,4.772392,1.098048
worker_4,2559,1788087042.839529,50,4.774115,1.098848
worker_4,2560,1788087042.844319,50,4.779384,1.099360
worker_4,2561,1788087042.849117,50,4.765225,1.096512
worker_4,2562,1788087042.853897,50,4.769772,1.099072
worker_4,2563,1788087042.858682,50,4.771754,1.098848
worker_4,2564,1788087042.863469,50,4.769161,1.097728
worker_4,2565,1788087042.868254,50,4.769263,1.103904
worker_4,2566,1788087042.873047,50,4.763771,1.099488
worker_4,2567,1788087042.877826,50,4.770476,1.098528
worker_4,2568,1788087042.882611,50,4.773097,1.098720
worker_4,2569,1788087042.887399,50,4.770475,1.097312
worker_4,2570,1788087042.892186,50,4.777717,1.099360
worker_4,2571,1788087042.896980,50,4.768985,1.097952
worker_4,2572,1788087042.901764,50,4.779726,1.097856
worker_4,2573,1788087042.906558,50,4.772634,1.099200
worker_4,2574,1788087042.911345,50,4.772929,1.097856
worker_4,2575,1788087042.916133,50,4.775467,1.098816
worker_4,2576,1788087042.920924,50,4.993283,1.097088
worker_4,2577,1788087042.925967,50,4.728540,1.096352
worker_4,2578,1788087042.930742,50,4.539326,1.099168
worker_4,2579,1788087042.935307,50,4.768032,1.096832
worker_4,2580,1788087042.940094,50,4.997089,1.097056
worker_4,2581,1788087042.945138,50,4.763004,1.096736
worker_4,2582,1788087042.949947,50,4.705484,1.097632
worker_4,2583,1788087042.954696,50,4.737059,1.099008
worker_4,2584,1788087042.959479,50,4.532280,1.097728
worker_4,2585,1788087042.964035,50,4.760003,1.096608
worker_4,2586,1788087042.968827,50,4.759235,1.098784
worker_4,2587,1788087042.973603,50,4.774151,1.096832
worker_4,2588,1788087042.978394,50,4.766587,1.097664
worker_4,2589,1788087042.983246,50,4.908921,1.096608
worker_4,2590,1788087042.988203,50,4.530011,1.100000
worker_4,2591,1788087042.992758,50,4.758634,1.098144
worker_4,2592,1788087042.997534,50,4.763493,1.097760
worker_4,2593,1788087043.002315,50,4.766273,1.095488
worker_4,2594,1788087043.007096,50,4.793004,1.098752
worker_4,2595,1788087043.011905,50,4.771021,1.098560
worker_4,2596,1788087043.016692,50,4.769217,1.098560
worker_4,2597,1788087043.021477,50,4.773485,1.098304
worker_4,2598,1788087043.026266,50,4.787383,1.102432
worker_4,2599,1788087043.031068,50,4.771105,1.095872
worker_4,2600,1788087043.035855,50,4.773551,1.098816
worker_4,2601,1788087043.040644,50,4.996505,1.106336
worker_4,2602,1788087043.045689,50,4.752597,1.097152
worker_4,2603,1788087043.050487,50,4.741800,1.097952
worker_4,2604,1788087043.055274,50,4.531094,1.097952
worker_4,2605,1788087043.059841,50,4.972070,1.106432
worker_4,2606,1788087043.064859,50,4.536446,1.097536
worker_4,2607,1788087043.069421,50,4.964903,1.097824
worker_4,2608,1788087043.074434,50,4.531955,1.098464
worker_4,2609,1788087043.078990,50,5.006321,1.101472
worker_4,2610,1788087043.084044,50,4.541529,1.097248
worker_4,2611,1788087043.088610,50,4.972135,1.098656
worker_4,2612,1788087043.093630,50,4.531511,1.098848
worker_4,2613,1788087043.098188,50,4.977774,1.101664
worker_4,2614,1788087043.103213,50,4.534482,1.098560
worker_4,2615,1788087043.107772,50,4.754141,1.098336
worker_4,2616,1788087043.112545,50,4.773346,1.103456
worker_4,2617,1788087043.117335,50,4.766364,1.098720
worker_4,2618,1788087043.122118,50,4.773670,1.098336
worker_4,2619,1788087043.126907,50,4.765022,1.097248
worker_4,2620,1788087043.131687,50,4.769254,1.097472
worker_4,2621,1788087043.136473,50,4.783522,1.098144
worker_4,2622,1788087043.141273,50,4.769206,1.097856
worker_4,2623,1788087043.146058,50,4.773364,1.098208
worker_4,2624,1788087043.150846,50,4.768715,1.097792
worker_4,2625,1788087043.155640,50,4.770837,1.097824
worker_4,2626,1788087043.160426,50,4.771272,1.098432
worker_4,2627,1788087043.165212,50,4.773614,1.099232
worker_4,2628,1788087043.170001,50,4.781420,1.106464
worker_4,2629,1788087043.174801,50,4.789411,1.097696
worker_4,2630,1788087043.179616,50,4.741975,1.096928
worker_4,2631,1788087043.184379,50,4.760133,1.099872
worker_4,2632,1788087043.189156,50,4.796967,1.097792
worker_4,2633,1788087043.193969,50,4.769484,1.097856
worker_4,2634,1788087043.198754,50,4.771143,1.098368
worker_4,2635,1788087043.203543,50,4.774088,1.101280
worker_4,2636,1788087043.208332,50,4.769420,1.097760
worker_4,2637,1788087043.213117,50,4.774782,1.097760
worker_4,2638,1788087043.217907,50,4.772837,1.097312
worker_4,2639,1788087043.222694,50,4.769115,1.097056
worker_4,2640,1788087043.227479,50,4.772161,1.096736
worker_4,2641,1788087043.232268,50,4.989949,1.097184
worker_4,2642,1788087043.237307,50,4.528576,1.098080
worker_4,2643,1788087043.241860,50,4.966848,1.098176
worker_4,2644,1788087043.246885,50,4.529769,1.099840
worker_4,2645,1788087043.251439,50,4.759874,1.097856
worker_4,2646,1788087043.256225,50,4.769957,1.098976
worker_4,2647,1788087043.261011,50,4.765392,1.097344
worker_4,2648,1788087043.265792,50,4.768143,1.096736
worker_4,2649,1788087043.270576,50,4.982977,1.097664
worker_4,2650,1788087043.275609,50,4.552991,1.097728
worker_4,2651,1788087043.280186,50,4.759254,1.097184
worker_4,2652,1788087043.284963,50,4.767855,1.098560
worker_4,2653,1788087043.289748,50,5.013191,1.096928
worker_4,2654,1788087043.294811,50,4.496297,1.096800
worker_4,2655,1788087043.299331,50,4.768493,1.098272
worker_4,2656,1788087043.304117,50,4.769245,1.100640
worker_4,2657,1788087043.308903,50,4.765818,1.096736
worker_4,2658,1788087043.313684,50,4.768893,1.096736
worker_4,2659,1788087043.318468,50,4.982819,1.096864
worker_4,2660,1788087043.323501,50,4.534547,1.098272
worker_4,2661,1788087043.328060,50,4.758587,1.096480
worker_4,2662,1788087043.332836,50,4.768402,1.097248
worker_4,2663,1788087043.337620,50,4.977857,1.096576
worker_4,2664,1788087043.342659,50,4.524242,1.097728
worker_4,2665,1788087043.347212,50,4.752595,1.097120
worker_4,2666,1788087043.351983,50,4.765226,1.099808
worker_4,2667,1788087043.356766,50,4.765911,1.097248
worker_4,2668,1788087043.361550,50,4.780697,1.099072
worker_4,2669,1788087043.366351,50,4.753540,1.096928
worker_4,2670,1788087043.371124,50,4.967783,1.095904
worker_4,2671,1788087043.376138,50,4.536493,1.097760
worker_4,2672,1788087043.380699,50,4.976459,1.099584
worker_4,2673,1788087043.385723,50,4.529825,1.097792
worker_4,2674,1788087043.390277,50,4.974774,1.097984
worker_4,2675,1788087043.395296,50,4.524752,1.097888
worker_4,2676,1788087043.399844,50,4.757892,1.099264
worker_4,2677,1788087043.404619,50,4.770153,1.099424
worker_4,2678,1788087043.409405,50,4.988486,1.096864
worker_4,2679,1788087043.414441,50,4.534567,1.099040
worker_4,2680,1788087043.418999,50,4.971339,1.098560
worker_4,2681,1788087043.424019,50,4.530973,1.097344
worker_4,2682,1788087043.428575,50,4.976033,1.103840
worker_4,2683,1788087043.433611,50,4.517585,1.098880
worker_4,2684,1788087043.438154,50,4.978274,1.097888
worker_4,2685,1788087043.443179,50,4.528131,1.096896
worker_4,2686,1788087043.447730,50,4.761438,1.097664
worker_4,2687,1788087043.452508,50,4.766818,1.098400
worker_4,2688,1788087043.457292,50,4.991903,1.098080
worker_4,2689,1788087043.462331,50,4.541706,1.098656
worker_4,2690,1788087043.466896,50,4.968162,1.098208
worker_4,2691,1788087043.471911,50,4.538465,1.099232
worker_4,2692,1788087043.476473,50,4.974144,1.102048
worker_4,2693,1788087043.481492,50,4.546289,1.098784
worker_4,2694,1788087043.486061,50,4.964293,1.095680
worker_4,2695,1788087043.491074,50,4.530668,1.098784
worker_4,2696,1788087043.495629,50,4.762059,1.098944
worker_4,2697,1788087043.500414,50,4.786328,1.096832
worker_4,2698,1788087043.505226,50,4.739771,1.097280
worker_4,2699,1788087043.509984,50,4.993237,1.097824
worker_4,2700,1788087043.515024,50,4.516528,1.098464
worker_4,2701,1788087043.519566,50,4.755058,1.100096
worker_4,2702,1788087043.524340,50,4.782300,1.098304
worker_4,2703,1788087043.529151,50,4.974570,1.097920
worker_4,2704,1788087043.534173,50,4.526510,1.097600
worker_4,2705,1788087043.538723,50,4.759402,1.096384
worker_4,2706,1788087043.543501,50,4.769938,1.098912
worker_4,2707,1788087043.548288,50,4.770199,1.096992
worker_4,2708,1788087043.553074,50,4.930894,1.098688
worker_4,2709,1788087043.558019,50,4.774308,1.098528
worker_4,2710,1788087043.562809,50,4.628529,1.100448
worker_4,2711,1788087043.567453,50,4.774652,1.097696
worker_4,2712,1788087043.572244,50,4.776420,1.097824
worker_4,2713,1788087043.577036,50,4.778013,1.099648
worker_4,2714,1788087043.581830,50,4.768374,1.097888
worker_4,2715,1788087043.586613,50,4.774540,1.098016
worker_4,2716,1788087043.591402,50,4.768475,1.098496
worker_4,2717,1788087043.596187,50,5.269527,1.095648
worker_4,2718,1788087043.601487,50,4.417972,1.096224
worker_4,2719,1788087043.605943,50,4.610123,1.097632
worker_4,2720,1788087043.610575,50,4.764836,1.099232
worker_4,2721,1788087043.615359,50,4.762014,1.097536
worker_4,2722,1788087043.620150,50,4.753347,1.097632
worker_4,2723,1788087043.624919,50,4.778345,1.098272
worker_4,2724,1788087043.629713,50,4.816199,1.098112
worker_4,2725,1788087043.634545,50,4.773263,1.098400
worker_4,2726,1788087043.639334,50,4.770912,1.096832
worker_4,2727,1788087043.644120,50,4.782512,1.101024
worker_4,2728,1788087043.648921,50,4.769809,1.099072
worker_4,2729,1788087043.653708,50,4.769281,1.097504
worker_4,2730,1788087043.658493,50,4.771587,1.097760
worker_4,2731,1788087043.663281,50,4.805448,1.096736
worker_4,2732,1788087043.668102,50,4.772365,1.098880
worker_4,2733,1788087043.672889,50,4.774170,1.097760
worker_4,2734,1788087043.677680,50,4.775865,1.098528
worker_4,2735,1788087043.682472,50,4.981181,1.097632
worker_4,2736,1788087043.687503,50,4.545631,1.098464
worker_4,2737,1788087043.692075,50,4.753105,1.099296
worker_4,2738,1788087043.696846,50,4.767596,1.097440
worker_4,2739,1788087043.701630,50,4.986136,1.096832
worker_4,2740,1788087043.706750,50,4.445335,1.098208
worker_4,2741,1788087043.711222,50,4.764031,1.097440
worker_4,2742,1788087043.716018,50,4.754679,1.100672
worker_4,2743,1788087043.720789,50,4.765929,1.097696
worker_4,2744,1788087043.725573,50,4.773771,1.099488
worker_4,2745,1788087043.730363,50,4.768328,1.098560
worker_4,2746,1788087043.735149,50,4.766587,1.097792
worker_4,2747,1788087043.739931,50,4.773549,1.098336
worker_4,2748,1788087043.744722,50,4.783810,1.106944
worker_4,2749,1788087043.749521,50,4.772893,1.098944
worker_4,2750,1788087043.754309,50,4.769864,1.097184
worker_4,2751,1788087043.759094,50,4.772717,1.097664
worker_4,2752,1788087043.763883,50,4.770142,1.095808
worker_4,2753,1788087043.768670,50,4.762393,1.096288
worker_4,2754,1788087043.773449,50,4.771523,1.096192
worker_4,2755,1788087043.778236,50,4.770512,1.096608
worker_4,2756,1788087043.783023,50,4.767856,1.098432
worker_4,2757,1788087043.787807,50,4.771929,1.099936
worker_4,2758,1788087043.792595,50,4.788689,1.101344
worker_4,2759,1788087043.797400,50,4.774216,1.097760
worker_4,2760,1788087043.802189,50,4.769327,1.098656
worker_4,2761,1788087043.806978,50,4.773726,1.098496
worker_4,2762,1788087043.811768,50,4.842680,1.101056
worker_4,2763,1788087043.816629,50,4.720449,1.097312
worker_4,2764,1788087043.821367,50,4.982709,1.096096
worker_4,2765,1788087043.826399,50,4.531659,1.095552
worker_4,2766,1788087043.830955,50,4.970486,1.097632
worker_4,2767,1788087043.835973,50,4.530215,1.096704
worker_4,2768,1788087043.840528,50,4.970894,1.099200
worker_4,2769,1788087043.845546,50,4.526584,1.096128
worker_4,2770,1788087043.850098,50,4.965227,1.096480
worker_4,2771,1788087043.855110,50,4.530843,1.099584
worker_4,2772,1788087043.859666,50,4.759411,1.096896
worker_4,2773,1788087043.864449,50,4.760180,1.101056
worker_4,2774,1788087043.869228,50,4.769308,1.097824
worker_4,2775,1788087043.874014,50,4.979264,1.097568
worker_4,2776,1788087043.879041,50,4.531141,1.096736
worker_4,2777,1788087043.883597,50,4.766428,1.097728
worker_4,2778,1788087043.888382,50,4.765513,1.097632
worker_4,2779,1788087043.893165,50,4.974107,1.096224
worker_4,2780,1788087043.898188,50,4.553974,1.099072
worker_4,2781,1788087043.902781,50,4.960460,1.098720
worker_4,2782,1788087043.907787,50,4.532899,1.096896
worker_4,2783,1788087043.912345,50,4.971070,1.101920
worker_4,2784,1788087043.917363,50,4.537770,1.097696
worker_4,2785,1788087043.921925,50,4.977968,1.097792
worker_4,2786,1788087043.926950,50,4.540520,1.098880
worker_4,2787,1788087043.931515,50,4.756726,1.096672
worker_4,2788,1788087043.936289,50,4.766420,1.099328
worker_4,2789,1788087043.941071,50,4.952588,1.096032
worker_4,2790,1788087043.946064,50,4.557169,1.096320
worker_4,2791,1788087043.950640,50,4.956765,1.097696
worker_4,2792,1788087043.955634,50,4.565881,1.096896
worker_4,2793,1788087043.960223,50,4.757077,1.099520
worker_4,2794,1788087043.964995,50,4.768577,1.097408
worker_4,2795,1788087043.969778,50,4.775884,1.097376
worker_4,2796,1788087043.974569,50,4.768290,1.097728
worker_4,2797,1788087043.979351,50,4.787486,1.098752
worker_4,2798,1788087043.984153,50,4.770660,1.098272
worker_4,2799,1788087043.988939,50,4.782763,1.098944
worker_4,2800,1788087043.993745,50,4.762226,1.097824
worker_4,2801,1788087043.998524,50,4.768493,1.097760
worker_4,2802,1788087044.003309,50,4.763486,1.097728
worker_4,2803,1788087044.008090,50,4.767781,1.100896
worker_4,2804,1788087044.012879,50,4.764958,1.098304
worker_4,2805,1788087044.017663,50,4.762939,1.097728
worker_4,2806,1788087044.022442,50,4.768726,1.097408
worker_4,2807,1788087044.027227,50,4.802161,1.098016
worker_4,2808,1788087044.032046,50,4.765328,1.097856
worker_4,2809,1788087044.036828,50,4.772235,1.097696
worker_4,2810,1788087044.041617,50,4.764688,1.096800
worker_4,2811,1788087044.046400,50,4.770837,1.097888
worker_4,2812,1788087044.051188,50,4.773040,1.097440
worker_4,2813,1788087044.055979,50,4.766892,1.099264
worker_4,2814,1788087044.060762,50,4.765837,1.101472
worker_4,2815,1788087044.065545,50,4.770327,1.098240
worker_4,2816,1788087044.070333,50,4.763651,1.097632
worker_4,2817,1788087044.075112,50,4.764827,1.097792
worker_4,2818,1788087044.079894,50,4.768485,1.103296
worker_4,2819,1788087044.084677,50,4.769873,1.096288
worker_4,2820,1788087044.089469,50,4.756022,1.097312
worker_4,2821,1788087044.094242,50,4.781004,1.099424
worker_4,2822,1788087044.099035,50,4.777632,1.098560
worker_4,2823,1788087044.103825,50,4.774892,1.098400
worker_4,2824,1788087044.108616,50,4.771892,1.097792
worker_4,2825,1788087044.113405,50,4.763392,1.097280
worker_4,2826,1788087044.118185,50,4.788911,1.110240
worker_4,2827,1788087044.122990,50,4.767263,1.097600
worker_4,2828,1788087044.127773,50,4.768346,1.097312
worker_4,2829,1788087044.132559,50,4.768207,1.098656
worker_4,2830,1788087044.137343,50,4.767949,1.097824
worker_4,2831,1788087044.142126,50,4.773448,1.098848
worker_4,2832,1788087044.146916,50,4.767402,1.097248
worker_4,2833,1788087044.151700,50,4.771624,1.098560
worker_4,2834,1788087044.156487,50,4.776976,1.097760
worker_4,2835,1788087044.161278,50,4.768819,1.097440
worker_4,2836,1788087044.166063,50,4.770790,1.098144
worker_4,2837,1788087044.170849,50,4.769356,1.097920
worker_4,2838,1788087044.175635,50,4.982884,1.097248
worker_4,2839,1788087044.180678,50,4.722993,1.097696
worker_4,2840,1788087044.185448,50,4.740975,1.097120
worker_4,2841,1788087044.190235,50,4.748226,1.101312
worker_4,2842,1788087044.195030,50,4.536697,1.099648
worker_4,2843,1788087044.199592,50,4.757624,1.097824
worker_4,2844,1788087044.204369,50,4.772170,1.102496
worker_4,2845,1788087044.209157,50,5.000043,1.096768
worker_4,2846,1788087044.214206,50,4.527178,1.097664
worker_4,2847,1788087044.218758,50,4.970051,1.097536
worker_4,2848,1788087044.223776,50,4.541168,1.104160
worker_4,2849,1788087044.228344,50,4.961477,1.096192
worker_4,2850,1788087044.233352,50,4.528436,1.096352
worker_4,2851,1788087044.237905,50,4.979422,1.098816
worker_4,2852,1788087044.242931,50,4.534956,1.097600
worker_4,2853,1788087044.247492,50,4.763744,1.096768
worker_4,2854,1788087044.252275,50,4.761180,1.098560
worker_4,2855,1788087044.257054,50,4.773031,1.098272
worker_4,2856,1788087044.261843,50,4.771253,1.096832
worker_4,2857,1788087044.266629,50,4.772689,1.098624
worker_4,2858,1788087044.271418,50,4.775651,1.098816
worker_4,2859,1788087044.276225,50,4.754716,1.098400
worker_4,2860,1788087044.280996,50,4.767282,1.097280
worker_4,2861,1788087044.285779,50,4.777151,1.098304
worker_4,2862,1788087044.290572,50,4.774430,1.099424
worker_4,2863,1788087044.295362,50,4.788670,1.097568
worker_4,2864,1788087044.300167,50,4.771050,1.101888
worker_4,2865,1788087044.304954,50,4.765938,1.096128
worker_4,2866,1788087044.309735,50,4.780069,1.097728
worker_4,2867,1788087044.314532,50,4.771938,1.097312
worker_4,2868,1788087044.319321,50,4.778217,1.097152
worker_4,2869,1788087044.324115,50,4.773800,1.100992
worker_4,2870,1788087044.328905,50,4.769327,1.098944
worker_4,2871,1788087044.333690,50,4.777680,1.098976
worker_4,2872,1788087044.338484,50,4.982079,1.097888
worker_4,2873,1788087044.343515,50,4.542585,1.098304
worker_4,2874,1788087044.348084,50,4.977801,1.097472
worker_4,2875,1788087044.353110,50,4.732549,1.099008
worker_4,2876,1788087044.357888,50,4.726336,1.098048
worker_4,2877,1788087044.362661,50,4.535178,1.098528
worker_4,2878,1788087044.367233,50,4.763864,1.099008
worker_4,2879,1788087044.372016,50,4.762780,1.097120
worker_4,2880,1788087044.376796,50,4.767698,1.098752
worker_4,2881,1788087044.381580,50,4.777532,1.098688
worker_4,2882,1788087044.386374,50,4.767402,1.096000
worker_4,2883,1788087044.391158,50,4.782060,1.098656
worker_4,2884,1788087044.395957,50,4.770271,1.099936
worker_4,2885,1788087044.400744,50,4.771031,1.098816
worker_4,2886,1788087044.405531,50,4.779411,1.098304
worker_4,2887,1788087044.410326,50,4.770753,1.097760
worker_4,2888,1788087044.415114,50,4.766717,1.098432
worker_4,2889,1788087044.419897,50,4.774411,1.096640
worker_4,2890,1788087044.424688,50,4.762680,1.098720
worker_4,2891,1788087044.429550,50,4.692402,1.096576
worker_4,2892,1788087044.434262,50,4.771976,1.097792
worker_4,2893,1788087044.439052,50,4.771115,1.099072
worker_4,2894,1788087044.443839,50,4.989543,1.098688
worker_4,2895,1788087044.448877,50,4.742577,1.100128
worker_4,2896,1788087044.453668,50,4.737864,1.098816
worker_4,2897,1788087044.458452,50,4.747568,1.098816
worker_4,2898,1788087044.463258,50,4.512575,1.097792
worker_4,2899,1788087044.467797,50,4.757994,1.098464
worker_4,2900,1788087044.472574,50,4.771226,1.106016
worker_4,2901,1788087044.477362,50,5.000431,1.097984
worker_4,2902,1788087044.482410,50,4.511669,1.097440
worker_4,2903,1788087044.486946,50,4.976875,1.096992
worker_4,2904,1788087044.491970,50,4.523020,1.098688
worker_4,2905,1788087044.496521,50,4.974431,1.095936
worker_4,2906,1788087044.501542,50,4.526316,1.096896
worker_4,2907,1788087044.506095,50,4.981829,1.098560
worker_4,2908,1788087044.511124,50,4.535733,1.099168
worker_4,2909,1788087044.515684,50,4.756623,1.097984
worker_4,2910,1788087044.520460,50,4.773864,1.103264
worker_4,2911,1788087044.525251,50,4.986201,1.095968
worker_4,2912,1788087044.530286,50,4.542427,1.097600
worker_4,2913,1788087044.534853,50,4.971579,1.098528
worker_4,2914,1788087044.539872,50,4.541539,1.098464
worker_4,2915,1788087044.544439,50,4.978393,1.099712
worker_4,2916,1788087044.549467,50,4.679548,1.095744
worker_4,2917,1788087044.554185,50,4.584632,1.096608
worker_4,2918,1788087044.558788,50,4.981329,1.098848
worker_4,2919,1788087044.563819,50,4.528427,1.098368
worker_4,2920,1788087044.568373,50,4.973357,1.102080
worker_4,2921,1788087044.573394,50,4.524038,1.096768
worker_4,2922,1788087044.577943,50,4.785041,1.097376
worker_4,2923,1788087044.582747,50,4.771198,1.099072
worker_4,2924,1788087044.587536,50,4.765401,1.097536
worker_4,2925,1788087044.592318,50,4.772744,1.098208
worker_4,2926,1788087044.597107,50,4.769336,1.098432
worker_4,2927,1788087044.601892,50,4.768558,1.097504
worker_4,2928,1788087044.606676,50,4.769754,1.097440
worker_4,2929,1788087044.611461,50,4.772799,1.097664
worker_4,2930,1788087044.616251,50,4.769448,1.096288
worker_4,2931,1788087044.621037,50,4.777604,1.099296
worker_4,2932,1788087044.625830,50,4.768920,1.099136
worker_4,2933,1788087044.630614,50,4.772328,1.097280
worker_4,2934,1788087044.635402,50,4.771642,1.098816
worker_4,2935,1788087044.640190,50,4.780012,1.099360
worker_4,2936,1788087044.644986,50,4.769097,1.096864
worker_4,2937,1788087044.649778,50,4.764078,1.099008
worker_4,2938,1788087044.654558,50,4.772178,1.097408
worker_4,2939,1788087044.659345,50,4.769726,1.096672
worker_4,2940,1788087044.664130,50,4.774198,1.097312
worker_4,2941,1788087044.668920,50,4.782068,1.098688
worker_4,2942,1788087044.673718,50,5.007793,1.098560
worker_4,2943,1788087044.678776,50,4.507269,1.097792
worker_4,2944,1788087044.683308,50,4.754586,1.097792
worker_4,2945,1788087044.688081,50,4.981839,1.097248
worker_4,2946,1788087044.693110,50,4.755873,1.096608
worker_4,2947,1788087044.697915,50,4.739707,1.096576
worker_4,2948,1788087044.702700,50,4.735438,1.096896
worker_4,2949,1788087044.707483,50,4.532983,1.096512
worker_4,2950,1788087044.712041,50,4.755021,1.096032
worker_4,2951,1788087044.716815,50,4.787041,1.106144
worker_4,2952,1788087044.721621,50,4.984069,1.097920
worker_4,2953,1788087044.726653,50,4.527067,1.096512
worker_4,2954,1788087044.731204,50,4.758485,1.098432
worker_4,2955,1788087044.735985,50,4.764864,1.095872
worker_4,2956,1788087044.740777,50,4.771272,1.099200
worker_4,2957,1788087044.745566,50,4.769235,1.096128
worker_4,2958,1788087044.750352,50,4.769264,1.097408
worker_4,2959,1788087044.755137,50,4.765587,1.096896
worker_4,2960,1788087044.759919,50,4.772706,1.097056
worker_4,2961,1788087044.764708,50,4.773596,1.101184
worker_4,2962,1788087044.769497,50,4.765938,1.097248
worker_4,2963,1788087044.774278,50,4.774031,1.098208
worker_4,2964,1788087044.779068,50,4.764745,1.099168
worker_4,2965,1788087044.783849,50,4.776290,1.099616
worker_4,2966,1788087044.788641,50,4.768819,1.098304
worker_4,2967,1788087044.793428,50,4.770893,1.097824
worker_4,2968,1788087044.798215,50,4.767253,1.097120
worker_4,2969,1788087044.802999,50,4.778865,1.098496
worker_4,2970,1788087044.807794,50,4.779429,1.100960
worker_4,2971,1788087044.812589,50,4.768558,1.098912
worker_4,2972,1788087044.817373,50,4.776975,1.095936
worker_4,2973,1788087044.822165,50,4.779837,1.098560
worker_4,2974,1788087044.826960,50,4.767068,1.099232
worker_4,2975,1788087044.831743,50,4.768051,1.098464
worker_4,2976,1788087044.836539,50,4.961172,1.098080
worker_4,2977,1788087044.841539,50,4.754586,1.097280
worker_4,2978,1788087044.846344,50,4.544243,1.096480
worker_4,2979,1788087044.850913,50,4.969310,1.098976
worker_4,2980,1788087044.855930,50,4.523853,1.096416
worker_4,2981,1788087044.860478,50,4.965450,1.095552
worker_4,2982,1788087044.865490,50,4.532297,1.097248
worker_4,2983,1788087044.870049,50,5.005367,1.102048
worker_4,2984,1788087044.875102,50,4.529753,1.098112
worker_4,2985,1788087044.879656,50,4.757447,1.097760
worker_4,2986,1788087044.884431,50,4.773493,1.100992
worker_4,2987,1788087044.889222,50,4.991173,1.098464
worker_4,2988,1788087044.894260,50,4.532372,1.098336
worker_4,2989,1788087044.898818,50,4.968042,1.098688
worker_4,2990,1788087044.903833,50,4.532428,1.099232
worker_4,2991,1788087044.908391,50,4.962458,1.097824
worker_4,2992,1788087044.913401,50,4.534752,1.097760
worker_4,2993,1788087044.917962,50,4.972237,1.098048
worker_4,2994,1788087044.922983,50,4.538575,1.101696
worker_4,2995,1788087044.927560,50,4.744901,1.098176
worker_4,2996,1788087044.932324,50,4.764734,1.097792
worker_4,2997,1788087044.937105,50,4.990516,1.096800
worker_4,2998,1788087044.942144,50,4.527438,1.098144
worker_4,2999,1788087044.946700,50,4.963653,1.097312
worker_4,3000,1788087044.951710,50,4.531317,1.097408
worker_4,3001,1788087044.956268,50,4.965375,1.097632
worker_4,3002,1788087044.961281,50,4.532696,1.095584
worker_4,3003,1788087044.965840,50,4.966228,1.098272
worker_4,3004,1788087044.970853,50,4.534446,1.097472
worker_4,3005,1788087044.975414,50,4.755762,1.098816
worker_4,3006,1788087044.980188,50,4.773754,1.098848
worker_4,3007,1788087044.984980,50,4.763031,1.097632
worker_4,3008,1788087044.989759,50,4.771865,1.098016
worker_4,3009,1788087044.994547,50,4.771884,1.098816
worker_4,3010,1788087044.999336,50,4.768262,1.097792
worker_4,3011,1788087045.004121,50,4.766088,1.096064
worker_4,3012,1788087045.008902,50,4.778809,1.097600
worker_4,3013,1788087045.013697,50,4.772328,1.098464
worker_4,3014,1788087045.018485,50,4.771948,1.099232
worker_4,3015,1788087045.023285,50,4.757374,1.099072
worker_4,3016,1788087045.028058,50,4.990728,1.098016
worker_4,3017,1788087045.033097,50,4.528826,1.097824
worker_4,3018,1788087045.037652,50,4.965246,1.096672
worker_4,3019,1788087045.042667,50,4.543288,1.102272
worker_4,3020,1788087045.047237,50,4.752189,1.095840
worker_4,3021,1788087045.052010,50,4.758308,1.096544
worker_4,3022,1788087045.056785,50,4.775810,1.099008
worker_4,3023,1788087045.061578,50,4.783384,1.098784
worker_4,3024,1788087045.066379,50,4.979885,1.097088
worker_4,3025,1788087045.071408,50,4.533206,1.096384
worker_4,3026,1788087045.075966,50,4.773504,1.097280
worker_4,3027,1788087045.080759,50,4.769068,1.098464
worker_4,3028,1788087045.085544,50,4.768328,1.098368
worker_4,3029,1788087045.090329,50,4.771995,1.098752
worker_4,3030,1788087045.095116,50,4.776475,1.099488
worker_4,3031,1788087045.099909,50,4.769438,1.096672
worker_4,3032,1788087045.104694,50,4.769540,1.097792
worker_4,3033,1788087045.109480,50,4.771808,1.097312
worker_4,3034,1788087045.114276,50,4.757606,1.097248
worker_4,3035,1788087045.119050,50,4.776966,1.098368
worker_4,3036,1788087045.123843,50,4.771790,1.099840
worker_4,3037,1788087045.128632,50,4.767800,1.097792
worker_4,3038,1788087045.133415,50,4.770531,1.098240
worker_4,3039,1788087045.138204,50,4.771984,1.098048
worker_4,3040,1788087045.142992,50,4.776523,1.099296
worker_4,3041,1788087045.147785,50,4.773818,1.105472
worker_4,3042,1788087045.152653,50,4.703874,1.097216
worker_4,3043,1788087045.157378,50,4.767902,1.099040
worker_4,3044,1788087045.162163,50,4.764641,1.098496
worker_4,3045,1788087045.166944,50,4.770449,1.097824
worker_4,3046,1788087045.171731,50,4.768958,1.099296
worker_4,3047,1788087045.176517,50,4.795299,1.099232
worker_4,3048,1788087045.181329,50,4.775012,1.099424
worker_4,3049,1788087045.186118,50,4.768161,1.097568
worker_4,3050,1788087045.190902,50,4.773633,1.099072
worker_4,3051,1788087045.195692,50,4.776707,1.100672
worker_4,3052,1788087045.200484,50,4.783717,1.097984
worker_4,3053,1788087045.205282,50,4.776595,1.097344
worker_4,3054,1788087045.210082,50,4.760919,1.099328
worker_4,3055,1788087045.214859,50,4.991422,1.098464
worker_4,3056,1788087045.219900,50,4.731512,1.097312
worker_4,3057,1788087045.224678,50,4.739133,1.097344
worker_4,3058,1788087045.229462,50,4.736651,1.096032
worker_4,3059,1788087045.234244,50,4.535020,1.097632
worker_4,3060,1788087045.238803,50,4.973034,1.096864
worker_4,3061,1788087045.243824,50,4.534131,1.098528
worker_4,3062,1788087045.248382,50,4.984153,1.098304
worker_4,3063,1788087045.253415,50,4.517982,1.096992
worker_4,3064,1788087045.257958,50,4.981292,1.097248
worker_4,3065,1788087045.262986,50,4.535529,1.097504
worker_4,3066,1788087045.267547,50,4.757965,1.096224
worker_4,3067,1788087045.272324,50,4.767845,1.102400
worker_4,3068,1788087045.277108,50,4.991394,1.098080
worker_4,3069,1788087045.282146,50,4.522288,1.097632
worker_4,3070,1788087045.286694,50,4.970005,1.097568
worker_4,3071,1788087045.291710,50,4.532029,1.099168
worker_4,3072,1788087045.296269,50,5.023700,1.098752
worker_4,3073,1788087045.301351,50,4.485695,1.098592
worker_4,3074,1788087045.305864,50,4.971339,1.097600
worker_4,3075,1788087045.310883,50,4.530419,1.097888
worker_4,3076,1788087045.315437,50,4.767586,1.097696
worker_4,3077,1788087045.320228,50,4.761734,1.097824
worker_4,3078,1788087045.325006,50,4.772300,1.097952
worker_4,3079,1788087045.329793,50,4.775003,1.097120
worker_4,3080,1788087045.334584,50,4.769512,1.096288
worker_4,3081,1788087045.339370,50,4.764632,1.097824
worker_4,3082,1788087045.344151,50,4.777152,1.099872
worker_4,3083,1788087045.348945,50,4.769614,1.097536
worker_4,3084,1788087045.353731,50,4.770086,1.097760
worker_4,3085,1788087045.358516,50,4.774827,1.096288
worker_4,3086,1788087045.363306,50,4.768605,1.097728
worker_4,3087,1788087045.368090,50,4.782152,1.097472
worker_4,3088,1788087045.372888,50,4.779161,1.102720
worker_4,3089,1788087045.377682,50,4.772272,1.096800
worker_4,3090,1788087045.382470,50,4.776328,1.099200
worker_4,3091,1788087045.387261,50,4.769772,1.098432
worker_4,3092,1788087045.392046,50,4.772726,1.097344
worker_4,3093,1788087045.396843,50,4.798772,1.112000
worker_4,3094,1788087045.401659,50,4.772153,1.099360
worker_4,3095,1788087045.406447,50,4.771864,1.097184
worker_4,3096,1788087045.411235,50,4.769319,1.097024
worker_4,3097,1788087045.416019,50,4.775985,1.100288
worker_4,3098,1788087045.420810,50,4.769273,1.096608
worker_4,3099,1788087045.425594,50,4.774559,1.097248
worker_4,3100,1788087045.430383,50,4.983533,1.097920
worker_4,3101,1788087045.435416,50,4.759893,1.097728
worker_4,3102,1788087045.440233,50,4.521743,1.103488
worker_4,3103,1788087045.444778,50,4.972830,1.097664
worker_4,3104,1788087045.449798,50,4.538649,1.097600
worker_4,3105,1788087045.454361,50,4.759050,1.097568
worker_4,3106,1788087045.459140,50,5.006551,1.098464
worker_4,3107,1788087045.464192,50,4.526213,1.101312
worker_4,3108,1788087045.468744,50,4.979986,1.098432
worker_4,3109,1788087045.473769,50,4.522159,1.097856
worker_4,3110,1788087045.478314,50,4.985421,1.098208
worker_4,3111,1788087045.483346,50,4.526900,1.095968
worker_4,3112,1788087045.487909,50,4.750596,1.098368
worker_4,3113,1788087045.492678,50,4.768383,1.098528
worker_4,3114,1788087045.497463,50,4.982904,1.097152
worker_4,3115,1788087045.502493,50,4.533103,1.097088
worker_4,3116,1788087045.507051,50,4.759456,1.096672
worker_4,3117,1788087045.511828,50,4.771485,1.098528
worker_4,3118,1788087045.516619,50,4.771920,1.100192
worker_4,3119,1788087045.521406,50,4.771624,1.097984
worker_4,3120,1788087045.526193,50,4.794291,1.096416
worker_4,3121,1788087045.531003,50,4.768568,1.096416
worker_4,3122,1788087045.535787,50,4.773616,1.098496
worker_4,3123,1788087045.540576,50,4.774782,1.100320
worker_4,3124,1788087045.545367,50,4.768374,1.098144
worker_4,3125,1788087045.550151,50,4.782421,1.097760
worker_4,3126,1788087045.554949,50,4.769634,1.098304
worker_4,3127,1788087045.559735,50,4.921449,1.098400
worker_4,3128,1788087045.564672,50,4.624252,1.099360
worker_4,3129,1788087045.569313,50,4.763744,1.096832
worker_4,3130,1788087045.574093,50,4.781392,1.096576
worker_4,3131,1788087045.578890,50,4.768161,1.097888
worker_4,3132,1788087045.583681,50,4.765021,1.097216
worker_4,3133,1788087045.588462,50,4.769550,1.098208
worker_4,3134,1788087045.593249,50,4.775069,1.100064
worker_4,3135,1788087045.598039,50,4.770549,1.096320
worker_4,3136,1788087045.602825,50,4.774281,1.099200
worker_4,3137,1788087045.607614,50,4.771882,1.099040
worker_4,3138,1788087045.612401,50,4.776744,1.102304
worker_4,3139,1788087045.617192,50,4.777012,1.098368
worker_4,3140,1788087045.621984,50,4.769745,1.098016
worker_4,3141,1788087045.626768,50,4.775114,1.097152
worker_4,3142,1788087045.631558,50,4.773281,1.096192
worker_4,3143,1788087045.636347,50,4.789356,1.099200
worker_4,3144,1788087045.641152,50,4.769263,1.098560
worker_4,3145,1788087045.645937,50,4.794615,1.098336
worker_4,3146,1788087045.650747,50,4.768402,1.096736
worker_4,3147,1788087045.655529,50,4.768234,1.097344
worker_4,3148,1788087045.660313,50,4.770003,1.100480
worker_4,3149,1788087045.665097,50,4.776532,1.098272
worker_4,3150,1788087045.669891,50,4.768938,1.097792
worker_4,3151,1788087045.674680,50,4.765003,1.097056
worker_4,3152,1788087045.679462,50,4.772753,1.096128
worker_4,3153,1788087045.684250,50,4.984884,1.096384
worker_4,3154,1788087045.689284,50,4.736393,1.096704
worker_4,3155,1788087045.694067,50,4.744077,1.097376
worker_4,3156,1788087045.698858,50,4.532575,1.097248
worker_4,3157,1788087045.703416,50,4.774467,1.097120
worker_4,3158,1788087045.708209,50,4.765514,1.099872
worker_4,3159,1788087045.712990,50,4.766707,1.096512
worker_4,3160,1788087045.717773,50,4.776893,1.097728
worker_4,3161,1788087045.722566,50,4.919254,1.098272
worker_4,3162,1788087045.727500,50,4.633419,1.097696
worker_4,3163,1788087045.732150,50,4.766171,1.097728
worker_4,3164,1788087045.736932,50,4.774864,1.097632
worker_4,3165,1788087045.741723,50,4.771041,1.097152
worker_4,3166,1788087045.746510,50,4.778402,1.097856
worker_4,3167,1788087045.751304,50,4.992384,1.095456
worker_4,3168,1788087045.756347,50,4.523871,1.097344
worker_4,3169,1788087045.760894,50,4.769254,1.103360
worker_4,3170,1788087045.765683,50,4.770606,1.097824
worker_4,3171,1788087045.770483,50,4.755716,1.096544
worker_4,3172,1788087045.775255,50,4.770847,1.096960
worker_4,3173,1788087045.780044,50,4.776901,1.097760
worker_4,3174,1788087045.784837,50,4.795448,1.105664
worker_4,3175,1788087045.789648,50,4.773290,1.096320
worker_4,3176,1788087045.794438,50,4.775809,1.097568
worker_4,3177,1788087045.799229,50,4.771290,1.098624
worker_4,3178,1788087045.804016,50,4.773476,1.097792
worker_4,3179,1788087045.808805,50,4.776337,1.101600
worker_4,3180,1788087045.813597,50,4.771957,1.097600
worker_4,3181,1788087045.818384,50,4.777745,1.095776
worker_4,3182,1788087045.823178,50,4.774486,1.097856
worker_4,3183,1788087045.827967,50,4.783919,1.097408
worker_4,3184,1788087045.832767,50,4.790254,1.100096
worker_4,3185,1788087045.837572,50,4.766994,1.098112
worker_4,3186,1788087045.842354,50,4.787319,1.097216
worker_4,3187,1788087045.847157,50,4.769827,1.097120
worker_4,3188,1788087045.851942,50,4.770014,1.098464
worker_4,3189,1788087045.856727,50,4.765809,1.098400
worker_4,3190,1788087045.861517,50,4.774893,1.096384
worker_4,3191,1788087045.866308,50,4.771634,1.098912
worker_4,3192,1788087045.871096,50,4.770614,1.098336
worker_4,3193,1788087045.875958,50,4.707068,1.101280
worker_4,3194,1788087045.880686,50,4.757587,1.095392
worker_4,3195,1788087045.885460,50,4.767706,1.098560
worker_4,3196,1788087045.890244,50,4.783032,1.098464
worker_4,3197,1788087045.895044,50,4.770735,1.096928
worker_4,3198,1788087045.899831,50,4.766569,1.098208
worker_4,3199,1788087045.904613,50,4.778291,1.102976
worker_4,3200,1788087045.909406,50,4.771771,1.098400
worker_4,3201,1788087045.914194,50,4.772892,1.098976
worker_4,3202,1788087045.918982,50,4.768402,1.097792
worker_4,3203,1788087045.923766,50,4.769215,1.096992
worker_4,3204,1788087045.928550,50,4.772559,1.097760
worker_4,3205,1788087045.933337,50,4.770967,1.097568
worker_4,3206,1788087045.938123,50,4.778290,1.097856
worker_4,3207,1788087045.942918,50,4.771179,1.098048
worker_4,3208,1788087045.947704,50,4.940486,1.098368
worker_4,3209,1788087045.952661,50,4.751568,1.097408
worker_4,3210,1788087045.957440,50,4.769484,1.098400
worker_4,3211,1788087045.962226,50,4.775633,1.098784
worker_4,3212,1788087045.967016,50,4.622391,1.097056
worker_4,3213,1788087045.971654,50,4.763726,1.096064
worker_4,3214,1788087045.976433,50,4.770125,1.097376
worker_4,3215,1788087045.981219,50,4.987866,1.097696
worker_4,3216,1788087045.986257,50,4.736077,1.099392
worker_4,3217,1788087045.991039,50,4.733318,1.096672
worker_4,3218,1788087045.995817,50,4.539298,1.099808
worker_4,3219,1788087046.000381,50,4.774337,1.097920
worker_4,3220,1788087046.005177,50,4.760604,1.097760
worker_4,3221,1788087046.009956,50,4.761800,1.095808
worker_4,3222,1788087046.014736,50,4.767976,1.097152
worker_4,3223,1788087046.019522,50,4.769633,1.097248
worker_4,3224,1788087046.024310,50,4.764689,1.097088
worker_4,3225,1788087046.029091,50,4.775021,1.097728
worker_4,3226,1788087046.033883,50,4.765281,1.095584
worker_4,3227,1788087046.038664,50,4.768847,1.097216
worker_4,3228,1788087046.043448,50,4.779799,1.098880
worker_4,3229,1788087046.048253,50,4.762087,1.097024
worker_4,3230,1788087046.053032,50,4.783004,1.099136
worker_4,3231,1788087046.057831,50,4.775262,1.098016
worker_4,3232,1788087046.062622,50,4.770336,1.097600
worker_4,3233,1788087046.067409,50,4.772466,1.097824
worker_4,3234,1788087046.072197,50,4.927588,1.098560
worker_4,3235,1788087046.077139,50,4.776151,1.097056
worker_4,3236,1788087046.081932,50,4.986320,1.098496
worker_4,3237,1788087046.086968,50,4.382279,1.097920
worker_4,3238,1788087046.091374,50,4.776725,1.099552
worker_4,3239,1788087046.096168,50,4.977839,1.098304
worker_4,3240,1788087046.101193,50,4.736567,1.099616
worker_4,3241,1788087046.105974,50,4.548640,1.099360
worker_4,3242,1788087046.110547,50,4.961283,1.098368
worker_4,3243,1788087046.115556,50,4.537529,1.097440
worker_4,3244,1788087046.120118,50,4.757947,1.097568
worker_4,3245,1788087046.124896,50,4.776438,1.104576
worker_4,3246,1788087046.129690,50,4.771217,1.097504
worker_4,3247,1788087046.134477,50,4.769540,1.099072
worker_4,3248,1788087046.139262,50,4.774449,1.098880
worker_4,3249,1788087046.144066,50,4.761642,1.097120
worker_4,3250,1788087046.148843,50,4.770623,1.097408
worker_4,3251,1788087046.153630,50,4.765893,1.097728
worker_4,3252,1788087046.158412,50,4.768707,1.096160
worker_4,3253,1788087046.163196,50,4.771596,1.098592
worker_4,3254,1788087046.167984,50,4.769531,1.097760
worker_4,3255,1788087046.172769,50,4.769882,1.096032
worker_4,3256,1788087046.177555,50,4.765143,1.096608
worker_4,3257,1788087046.182336,50,4.771050,1.096384
worker_4,3258,1788087046.187123,50,4.784771,1.098528
worker_4,3259,1788087046.191924,50,4.777958,1.099904
worker_4,3260,1788087046.196717,50,4.773606,1.098208
worker_4,3261,1788087046.201506,50,4.773725,1.097024
worker_4,3262,1788087046.206295,50,4.770855,1.098720
worker_4,3263,1788087046.211082,50,4.769763,1.096960
worker_4,3264,1788087046.215867,50,4.775040,1.102688
worker_4,3265,1788087046.220659,50,4.980959,1.098752
worker_4,3266,1788087046.225690,50,4.736725,1.097280
worker_4,3267,1788087046.230473,50,4.535056,1.096704
worker_4,3268,1788087046.235045,50,4.958496,1.097440
worker_4,3269,1788087046.240054,50,4.530325,1.099200
worker_4,3270,1788087046.244610,50,4.756355,1.097536
worker_4,3271,1788087046.249385,50,4.767143,1.098688
worker_4,3272,1788087046.254169,50,4.765558,1.097536
worker_4,3273,1788087046.258950,50,4.779512,1.097792
worker_4,3274,1788087046.263744,50,4.788532,1.100384
worker_4,3275,1788087046.268549,50,4.764189,1.097280
worker_4,3276,1788087046.273328,50,4.778438,1.098912
worker_4,3277,1788087046.278121,50,4.771430,1.097568
worker_4,3278,1788087046.282907,50,5.009765,1.096512
worker_4,3279,1788087046.287965,50,4.674336,1.101600
worker_4,3280,1788087046.292664,50,4.603132,1.098976
worker_4,3281,1788087046.297286,50,4.765864,1.097728
worker_4,3282,1788087046.302069,50,4.794347,1.102368
worker_4,3283,1788087046.306879,50,4.765902,1.098080
worker_4,3284,1788087046.311658,50,4.775966,1.098304
worker_4,3285,1788087046.316453,50,4.772411,1.102112
worker_4,3286,1788087046.321240,50,4.775874,1.100224
worker_4,3287,1788087046.326031,50,4.798726,1.098080
worker_4,3288,1788087046.330851,50,4.765716,1.097792
worker_4,3289,1788087046.335631,50,4.769355,1.096928
worker_4,3290,1788087046.340416,50,4.772930,1.097760
worker_4,3291,1788087046.345205,50,4.775605,1.097408
worker_4,3292,1788087046.349996,50,4.769346,1.098944
worker_4,3293,1788087046.354781,50,4.770670,1.097792
worker_4,3294,1788087046.359567,50,4.772734,1.098208
worker_4,3295,1788087046.364356,50,4.768531,1.099136
worker_4,3296,1788087046.369139,50,4.769494,1.099008
worker_4,3297,1788087046.373924,50,4.795782,1.097152
worker_4,3298,1788087046.378735,50,4.765837,1.097312
worker_4,3299,1788087046.383515,50,4.779670,1.099136
worker_4,3300,1788087046.388310,50,4.776189,1.101280
worker_4,3301,1788087046.393102,50,4.780606,1.099008
worker_4,3302,1788087046.397899,50,4.771588,1.098144
worker_4,3303,1788087046.402685,50,4.770836,1.098080
worker_4,3304,1788087046.407471,50,4.781087,1.098560
worker_4,3305,1788087046.412268,50,4.773421,1.098944
worker_4,3306,1788087046.417056,50,4.769771,1.097536
worker_4,3307,1788087046.421847,50,4.762420,1.097344
worker_4,3308,1788087046.426625,50,4.775791,1.098720
worker_4,3309,1788087046.431416,50,4.777883,1.098048
worker_4,3310,1788087046.436217,50,4.764216,1.096192
worker_4,3311,1788087046.440996,50,4.777837,1.098240
worker_4,3312,1788087046.445789,50,4.774873,1.098848
worker_4,3313,1788087046.450579,50,4.773300,1.097792
worker_4,3314,1788087046.455368,50,4.773569,1.097504
worker_4,3315,1788087046.460156,50,4.781327,1.099296
worker_4,3316,1788087046.464952,50,4.771124,1.096800
worker_4,3317,1788087046.469739,50,4.773374,1.098240
worker_4,3318,1788087046.474528,50,4.771439,1.098400
worker_4,3319,1788087046.479314,50,4.778541,1.096288
worker_4,3320,1788087046.484108,50,4.767902,1.099168
worker_4,3321,1788087046.488892,50,4.767086,1.097408
worker_4,3322,1788087046.493675,50,4.987747,1.097888
worker_4,3323,1788087046.498701,50,4.974737,1.097504
worker_4,3324,1788087046.503712,50,4.569612,1.096640
worker_4,3325,1788087046.508320,50,4.516167,1.101248
worker_4,3326,1788087046.512861,50,4.755123,1.096704
worker_4,3327,1788087046.517646,50,4.754725,1.098112
worker_4,3328,1788087046.522417,50,4.768587,1.097440
worker_4,3329,1788087046.527204,50,4.775485,1.098208
worker_4,3330,1788087046.531996,50,4.763364,1.097792
worker_4,3331,1788087046.536774,50,4.770430,1.097600
worker_4,3332,1788087046.541560,50,4.777180,1.100608
worker_4,3333,1788087046.546353,50,4.769743,1.098240
worker_4,3334,1788087046.551139,50,4.782161,1.096832
worker_4,3335,1788087046.555937,50,4.782930,1.101504
worker_4,3336,1788087046.560735,50,4.767670,1.098720
worker_4,3337,1788087046.565518,50,4.771763,1.097568
worker_4,3338,1788087046.570306,50,4.767078,1.095840
worker_4,3339,1788087046.575089,50,4.779290,1.097248
worker_4,3340,1788087046.579885,50,4.774300,1.104832
worker_4,3341,1788087046.584678,50,4.767753,1.097504
worker_4,3342,1788087046.589463,50,4.766818,1.097056
worker_4,3343,1788087046.594247,50,4.764264,1.097248
worker_4,3344,1788087046.599103,50,4.694029,1.098368
worker_4,3345,1788087046.603817,50,4.776041,1.105088
worker_4,3346,1788087046.608621,50,4.750661,1.097568
worker_4,3347,1788087046.613389,50,4.766012,1.099360
worker_4,3348,1788087046.618171,50,4.769152,1.098592
worker_4,3349,1788087046.622955,50,4.774262,1.097696
worker_4,3350,1788087046.627746,50,4.774300,1.101248
worker_4,3351,1788087046.632537,50,4.788356,1.096640
worker_4,3352,1788087046.637342,50,4.772429,1.097280
worker_4,3353,1788087046.642129,50,4.769577,1.098688
worker_4,3354,1788087046.646914,50,4.771115,1.097856
worker_4,3355,1788087046.651701,50,4.778642,1.101408
worker_4,3356,1788087046.656495,50,4.781790,1.098080
worker_4,3357,1788087046.661291,50,4.769263,1.098176
worker_4,3358,1788087046.666076,50,4.767273,1.097696
worker_4,3359,1788087046.670858,50,4.765151,1.097792
worker_4,3360,1788087046.675640,50,4.795309,1.103072
worker_4,3361,1788087046.680453,50,4.779179,1.096672
worker_4,3362,1788087046.685248,50,4.774197,1.097184
worker_4,3363,1788087046.690039,50,4.763651,1.096992
worker_4,3364,1788087046.694819,50,4.770022,1.097728
worker_4,3365,1788087046.699605,50,4.928672,1.099168
worker_4,3366,1788087046.704554,50,4.612669,1.097024
worker_4,3367,1788087046.709182,50,4.782957,1.097664
worker_4,3368,1788087046.713986,50,4.754225,1.099648
worker_4,3369,1788087046.718757,50,4.767069,1.096448
worker_4,3370,1788087046.723541,50,4.771993,1.098656
worker_4,3371,1788087046.728330,50,4.769059,1.100512
worker_4,3372,1788087046.733115,50,4.768097,1.098624
worker_4,3373,1788087046.737899,50,4.771262,1.097248
worker_4,3374,1788087046.742686,50,4.771290,1.097984
worker_4,3375,1788087046.747473,50,4.769374,1.098784
worker_4,3376,1788087046.752277,50,4.753948,1.097472
worker_4,3377,1788087046.757045,50,4.769449,1.097536
worker_4,3378,1788087046.761830,50,4.773560,1.098048
worker_4,3379,1788087046.766619,50,4.771670,1.101920
worker_4,3380,1788087046.771407,50,4.771550,1.097312
worker_4,3381,1788087046.776194,50,4.774967,1.097792
worker_4,3382,1788087046.780986,50,4.781689,1.097408
worker_4,3383,1788087046.785785,50,4.768689,1.096384
worker_4,3384,1788087046.790575,50,4.760985,1.096992
worker_4,3385,1788087046.795362,50,4.757179,1.098464
worker_4,3386,1788087046.800136,50,4.780384,1.096864
worker_4,3387,1788087046.804932,50,4.768799,1.097248
worker_4,3388,1788087046.809717,50,4.766836,1.097728
worker_4,3389,1788087046.814500,50,4.786467,1.106816
worker_4,3390,1788087046.819303,50,4.771198,1.099360
worker_4,3391,1788087046.824089,50,4.768818,1.097632
worker_4,3392,1788087046.828874,50,4.782948,1.097504
worker_4,3393,1788087046.833673,50,4.793671,1.099072
worker_4,3394,1788087046.838482,50,4.769763,1.099328
worker_4,3395,1788087046.843267,50,4.773291,1.099040
worker_4,3396,1788087046.848058,50,4.779318,1.096960
worker_4,3397,1788087046.852853,50,4.770855,1.096640
worker_4,3398,1788087046.857641,50,4.762569,1.097440
worker_4,3399,1788087046.862418,50,4.774550,1.098784
worker_4,3400,1788087046.867209,50,4.786910,1.098240
worker_4,3401,1788087046.872012,50,4.771633,1.098624
worker_4,3402,1788087046.876800,50,4.773152,1.097184
worker_4,3403,1788087046.881590,50,4.774134,1.097600
worker_4,3404,1788087046.886382,50,4.771836,1.095712
worker_4,3405,1788087046.891179,50,4.768522,1.099776
worker_4,3406,1788087046.895966,50,4.763299,1.099296
worker_4,3407,1788087046.900746,50,4.778828,1.097440
worker_4,3408,1788087046.905543,50,4.760125,1.097792
worker_4,3409,1788087046.910319,50,4.766651,1.098400
worker_4,3410,1788087046.915102,50,4.778495,1.097120
worker_4,3411,1788087046.919896,50,4.765273,1.097216
worker_4,3412,1788087046.924678,50,4.767290,1.097120
worker_4,3413,1788087046.929461,50,4.770282,1.098848
worker_4,3414,1788087046.934247,50,4.787523,1.098464
worker_4,3415,1788087046.939050,50,4.772300,1.099840
worker_4,3416,1788087046.943838,50,4.775708,1.102688
worker_4,3417,1788087046.948630,50,4.771494,1.097152
worker_4,3418,1788087046.953418,50,4.771485,1.097152
worker_4,3419,1788087046.958206,50,4.764893,1.098336
worker_4,3420,1788087046.962990,50,4.778420,1.096256
worker_4,3421,1788087046.967785,50,4.769086,1.100224
worker_4,3422,1788087046.972571,50,4.764698,1.097664
worker_4,3423,1788087046.977351,50,4.773837,1.097152
worker_4,3424,1788087046.982151,50,4.769956,1.097376
worker_4,3425,1788087046.986938,50,4.766402,1.097792
worker_4,3426,1788087046.991721,50,4.767466,1.097696
worker_4,3427,1788087046.996506,50,4.772707,1.098240
worker_4,3428,1788087047.001294,50,4.767170,1.097088
worker_4,3429,1788087047.006077,50,4.779624,1.100576
worker_4,3430,1788087047.010872,50,4.772671,1.098336
worker_4,3431,1788087047.015660,50,4.778662,1.102656
worker_4,3432,1788087047.020454,50,4.778735,1.100864
worker_4,3433,1788087047.025248,50,4.770087,1.095744
worker_4,3434,1788087047.030035,50,4.763967,1.097216
worker_4,3435,1788087047.034816,50,4.774763,1.097120
worker_4,3436,1788087047.039607,50,4.771967,1.098496
worker_4,3437,1788087047.044397,50,4.765587,1.097344
worker_4,3438,1788087047.049179,50,4.769966,1.097824
worker_4,3439,1788087047.053968,50,4.758217,1.095808
worker_4,3440,1788087047.058743,50,4.773227,1.099200
worker_4,3441,1788087047.063533,50,4.767559,1.097792
worker_4,3442,1788087047.068316,50,4.774050,1.097248
worker_4,3443,1788087047.073105,50,4.768271,1.096864
worker_4,3444,1788087047.077901,50,4.761123,1.096928
worker_4,3445,1788087047.082679,50,4.763300,1.099072
worker_4,3446,1788087047.087461,50,4.766198,1.097408
worker_4,3447,1788087047.092243,50,4.772059,1.097792
worker_4,3448,1788087047.097031,50,4.773791,1.097824
worker_4,3449,1788087047.101827,50,4.766846,1.097792
worker_4,3450,1788087047.106614,50,4.761365,1.096768
worker_4,3451,1788087047.111397,50,4.771736,1.099136
worker_4,3452,1788087047.116184,50,4.770374,1.104224
worker_4,3453,1788087047.120968,50,4.773023,1.097824
worker_4,3454,1788087047.125753,50,4.762716,1.097408
worker_4,3455,1788087047.130529,50,4.775096,1.098496
worker_4,3456,1788087047.135317,50,4.775698,1.097792
worker_4,3457,1788087047.140104,50,4.771494,1.097984
worker_4,3458,1788087047.144888,50,4.776384,1.097696
worker_4,3459,1788087047.149678,50,4.766662,1.098176
worker_4,3460,1788087047.154458,50,4.767781,1.098176
worker_4,3461,1788087047.159238,50,4.788754,1.098208
worker_4,3462,1788087047.164039,50,4.778977,1.098528
worker_4,3463,1788087047.168834,50,4.773161,1.104160
worker_4,3464,1788087047.173620,50,4.778791,1.097856
worker_4,3465,1788087047.178416,50,4.763485,1.097024
worker_4,3466,1788087047.183198,50,4.757392,1.096896
worker_4,3467,1788087047.187975,50,4.774782,1.102720
worker_4,3468,1788087047.192765,50,4.770336,1.098176
worker_4,3469,1788087047.197550,50,4.765679,1.096416
worker_4,3470,1788087047.202332,50,4.769050,1.099584
worker_4,3471,1788087047.207115,50,4.760513,1.097280
worker_4,3472,1788087047.211891,50,4.773699,1.096768
worker_4,3473,1788087047.216679,50,4.768884,1.097792
worker_4,3474,1788087047.221461,50,4.768401,1.097184
worker_4,3475,1788087047.226242,50,4.772402,1.096960
worker_4,3476,1788087047.231031,50,4.778495,1.098656
worker_4,3477,1788087047.235825,50,4.769133,1.104416
worker_4,3478,1788087047.240608,50,4.766291,1.097568
worker_4,3479,1788087047.245386,50,4.771346,1.097312
worker_4,3480,1788087047.250170,50,4.783031,1.098176
worker_4,3481,1788087047.254972,50,4.784522,1.096384
worker_4,3482,1788087047.259779,50,4.742651,1.097728
worker_4,3483,1788087047.264550,50,4.746967,1.098176
worker_4,3484,1788087047.269310,50,4.780438,1.096512
worker_4,3485,1788087047.274107,50,4.764281,1.097792
worker_4,3486,1788087047.278895,50,4.759643,1.095904
worker_4,3487,1788087047.283677,50,4.757707,1.097440
worker_4,3488,1788087047.288456,50,4.761151,1.101664
worker_4,3489,1788087047.293237,50,4.766652,1.096544
worker_4,3490,1788087047.298021,50,4.765975,1.098176
worker_4,3491,1788087047.302804,50,4.765679,1.097792
worker_4,3492,1788087047.307588,50,4.764521,1.100576
worker_4,3493,1788087047.312368,50,4.779919,1.097920
worker_4,3494,1788087047.317163,50,4.763494,1.097824
worker_4,3495,1788087047.322015,50,4.860633,1.099008
worker_4,3496,1788087047.326894,50,4.624067,1.098720
worker_4,3497,1788087047.331535,50,4.771439,1.098912
worker_4,3498,1788087047.336322,50,4.766087,1.097472
worker_4,3499,1788087047.341103,50,4.769753,1.097440
worker_4,3500,1788087047.345889,50,4.776310,1.097440
worker_4,3501,1788087047.350680,50,4.766800,1.095904
worker_4,3502,1788087047.355470,50,4.785271,1.096576
worker_4,3503,1788087047.360272,50,4.746625,1.097536
worker_4,3504,1788087047.365035,50,4.768273,1.097760
worker_4,3505,1788087047.369820,50,4.778262,1.099264
worker_4,3506,1788087047.374613,50,4.768041,1.099168
worker_4,3507,1788087047.379396,50,4.775836,1.097344
worker_4,3508,1788087047.384189,50,4.764300,1.099776
worker_4,3509,1788087047.388970,50,4.762948,1.096192
worker_4,3510,1788087047.393750,50,4.764290,1.097824
worker_4,3511,1788087047.398531,50,4.767671,1.097856
worker_4,3512,1788087047.403314,50,4.779365,1.099168
worker_4,3513,1788087047.408108,50,4.777142,1.099840
worker_4,3514,1788087047.412901,50,4.917958,1.097472
worker_4,3515,1788087047.417834,50,4.783966,1.095488
worker_4,3516,1788087047.422634,50,4.753179,1.097472
worker_4,3517,1788087047.427403,50,4.626233,1.099104
worker_4,3518,1788087047.432045,50,4.768939,1.096192
worker_4,3519,1788087047.436830,50,4.796235,1.107712
worker_4,3520,1788087047.441643,50,4.767688,1.096960
worker_4,3521,1788087047.446426,50,4.772957,1.097760
worker_4,3522,1788087047.451224,50,4.759309,1.099104
worker_4,3523,1788087047.455998,50,4.783911,1.098976
worker_4,3524,1788087047.460799,50,4.775245,1.098848
worker_4,3525,1788087047.465592,50,4.769104,1.099072
worker_4,3526,1788087047.470378,50,4.758532,1.096512
worker_4,3527,1788087047.475153,50,4.781633,1.098304
worker_4,3528,1788087047.479951,50,4.774364,1.097984
worker_4,3529,1788087047.484745,50,4.757679,1.096832
worker_4,3530,1788087047.489520,50,4.767633,1.097152
worker_4,3531,1788087047.494304,50,4.766956,1.097792
worker_4,3532,1788087047.499086,50,4.777642,1.098016
worker_4,3533,1788087047.503880,50,4.773893,1.103392
worker_4,3534,1788087047.508670,50,4.766105,1.097024
worker_4,3535,1788087047.513453,50,4.773134,1.097536
worker_4,3536,1788087047.518241,50,4.766790,1.095904
worker_4,3537,1788087047.523024,50,4.778447,1.098368
worker_4,3538,1788087047.527817,50,4.784199,1.100800
worker_4,3539,1788087047.532618,50,4.763355,1.097696
worker_4,3540,1788087047.537397,50,4.767087,1.097600
worker_4,3541,1788087047.542192,50,4.752735,1.097312
worker_4,3542,1788087047.546960,50,4.776559,1.097760
worker_4,3543,1788087047.551753,50,4.779810,1.103136
worker_4,3544,1788087047.556549,50,4.773041,1.097440
worker_4,3545,1788087047.561337,50,4.775633,1.098944
worker_4,3546,1788087047.566128,50,4.765059,1.095776
worker_4,3547,1788087047.570911,50,4.762689,1.096416
worker_4,3548,1788087047.575688,50,4.771328,1.099456
worker_4,3549,1788087047.580476,50,4.788523,1.098592
worker_4,3550,1788087047.585282,50,4.760282,1.097696
worker_4,3551,1788087047.590059,50,4.762373,1.097792
worker_4,3552,1788087047.594838,50,4.765171,1.097792
worker_4,3553,1788087047.599619,50,4.768410,1.096800
worker_4,3554,1788087047.604404,50,4.767402,1.099872
worker_4,3555,1788087047.609187,50,4.780236,1.099456
worker_4,3556,1788087047.613983,50,4.767392,1.096992
worker_4,3557,1788087047.618767,50,4.765300,1.098528
worker_4,3558,1788087047.623549,50,4.770652,1.098816
worker_4,3559,1788087047.628335,50,4.786985,1.096544
worker_4,3560,1788087047.633137,50,4.768929,1.097568
worker_4,3561,1788087047.637930,50,4.760957,1.098336
worker_4,3562,1788087047.642708,50,4.768447,1.097216
worker_4,3563,1788087047.647491,50,4.768764,1.097568
worker_4,3564,1788087047.652276,50,4.766438,1.098592
worker_4,3565,1788087047.657058,50,4.933802,1.097216
worker_4,3566,1788087047.662008,50,4.765392,1.096768
worker_4,3567,1788087047.666789,50,4.770087,1.096064
worker_4,3568,1788087047.671575,50,4.736762,1.096064
worker_4,3569,1788087047.676327,50,4.810253,1.098560
worker_4,3570,1788087047.681153,50,4.781301,1.098304
worker_4,3571,1788087047.685955,50,4.758634,1.097536
worker_4,3572,1788087047.690731,50,4.641659,1.098592
worker_4,3573,1788087047.695390,50,4.927478,1.098176
worker_4,3574,1788087047.700334,50,4.599039,1.096736
worker_4,3575,1788087047.704950,50,4.804912,1.101088
worker_4,3576,1788087047.709785,50,4.747161,1.097984
worker_4,3577,1788087047.714554,50,4.758133,1.097440
worker_4,3578,1788087047.719329,50,4.765699,1.096672
worker_4,3579,1788087047.724112,50,4.770958,1.097856
worker_4,3580,1788087047.728911,50,4.758642,1.097792
worker_4,3581,1788087047.733686,50,4.762337,1.096160
worker_4,3582,1788087047.738465,50,4.769569,1.099936
worker_4,3583,1788087047.743252,50,4.796892,1.098688
worker_4,3584,1788087047.748065,50,4.772050,1.099008
worker_4,3585,1788087047.752852,50,4.775717,1.099328
worker_4,3586,1788087047.757646,50,4.770902,1.097760
worker_4,3587,1788087047.762435,50,4.767012,1.098240
worker_4,3588,1788087047.767218,50,4.812921,1.097024
worker_4,3589,1788087047.772046,50,4.751189,1.098464
worker_4,3590,1788087047.776812,50,4.772828,1.098112
worker_4,3591,1788087047.781604,50,4.765504,1.097472
worker_4,3592,1788087047.786390,50,4.765910,1.097120
worker_4,3593,1788087047.791175,50,4.761263,1.099328
worker_4,3594,1788087047.795952,50,4.770745,1.098464
worker_4,3595,1788087047.800738,50,4.785799,1.110720
worker_4,3596,1788087047.805541,50,4.771652,1.098400
worker_4,3597,1788087047.810328,50,4.772615,1.098336
worker_4,3598,1788087047.815116,50,4.767374,1.096288
worker_4,3599,1788087047.819899,50,4.774087,1.096512
worker_4,3600,1788087047.824696,50,4.762606,1.097376
worker_4,3601,1788087047.829474,50,4.774142,1.097312
worker_4,3602,1788087047.834264,50,4.762864,1.097344
worker_4,3603,1788087047.839044,50,4.776522,1.097408
worker_4,3604,1788087047.843837,50,4.767364,1.098368
worker_4,3605,1788087047.848620,50,4.777781,1.099136
worker_4,3606,1788087047.853417,50,4.764854,1.100544
worker_4,3607,1788087047.858201,50,4.763364,1.097856
worker_4,3608,1788087047.862981,50,4.770013,1.098112
worker_4,3609,1788087047.867766,50,4.779420,1.101376
worker_4,3610,1788087047.872563,50,4.776550,1.098656
worker_4,3611,1788087047.877354,50,4.769467,1.098912
worker_4,3612,1788087047.882139,50,4.777152,1.097664
worker_4,3613,1788087047.886935,50,4.758994,1.097824
worker_4,3614,1788087047.891711,50,4.760365,1.097440
worker_4,3615,1788087047.896487,50,4.770956,1.098240
worker_4,3616,1788087047.901276,50,4.771882,1.099392
worker_4,3617,1788087047.906065,50,4.788318,1.101568
worker_4,3618,1788087047.910868,50,4.764782,1.097120
worker_4,3619,1788087047.915658,50,4.764456,1.098208
worker_4,3620,1788087047.920438,50,4.767615,1.098336
worker_4,3621,1788087047.925222,50,4.777429,1.096864
worker_4,3622,1788087047.930016,50,4.772753,1.098560
worker_4,3623,1788087047.934805,50,4.775726,1.099104
worker_4,3624,1788087047.939598,50,4.768642,1.096992
worker_4,3625,1788087047.944383,50,4.772458,1.100384
worker_4,3626,1788087047.949173,50,4.773781,1.098144
worker_4,3627,1788087047.953962,50,4.775374,1.097056
worker_4,3628,1788087047.958754,50,4.771123,1.097248
worker_4,3629,1788087047.963542,50,4.769023,1.099616
worker_4,3630,1788087047.968328,50,4.773883,1.099264
worker_4,3631,1788087047.973118,50,4.765420,1.097792
worker_4,3632,1788087047.977900,50,4.779226,1.096576
worker_4,3633,1788087047.982695,50,4.779458,1.098560
worker_4,3634,1788087047.987493,50,4.762012,1.096896
worker_4,3635,1788087047.992272,50,4.775726,1.101888
worker_4,3636,1788087047.997065,50,4.766689,1.098368
worker_4,3637,1788087048.001847,50,4.777891,1.099840
worker_4,3638,1788087048.006642,50,4.771967,1.098432
worker_4,3639,1788087048.011438,50,4.766476,1.098464
worker_4,3640,1788087048.016226,50,4.783947,1.101728
worker_4,3641,1788087048.021024,50,4.749837,1.098656
worker_4,3642,1788087048.025790,50,4.780892,1.098464
worker_4,3643,1788087048.030588,50,4.770595,1.097696
worker_4,3644,1788087048.035375,50,4.789597,1.096576
worker_4,3645,1788087048.040181,50,4.772532,1.100672
worker_4,3646,1788087048.045039,50,4.702086,1.098880
worker_4,3647,1788087048.049760,50,4.764567,1.096576
worker_4,3648,1788087048.054542,50,4.762975,1.097088
worker_4,3649,1788087048.059321,50,4.776799,1.098336
worker_4,3650,1788087048.064116,50,4.773281,1.098944
worker_4,3651,1788087048.068907,50,4.767031,1.097152
worker_4,3652,1788087048.073691,50,4.761790,1.095776
worker_4,3653,1788087048.078470,50,4.770115,1.099296
worker_4,3654,1788087048.083260,50,4.764929,1.098848
worker_4,3655,1788087048.088040,50,4.776179,1.096800
worker_4,3656,1788087048.092835,50,4.768522,1.097408
worker_4,3657,1788087048.097620,50,4.774568,1.099360
worker_4,3658,1788087048.102419,50,4.757808,1.097472
worker_4,3659,1788087048.107193,50,4.773790,1.097600
worker_4,3660,1788087048.111983,50,4.890773,1.098720
worker_4,3661,1788087048.116891,50,4.781743,1.099232
worker_4,3662,1788087048.121690,50,4.770939,1.099264
worker_4,3663,1788087048.126477,50,4.647771,1.097760
worker_4,3664,1788087048.131141,50,4.768688,1.098816
worker_4,3665,1788087048.135925,50,4.777347,1.099872
worker_4,3666,1788087048.140718,50,4.764125,1.097792
worker_4,3667,1788087048.145498,50,4.772568,1.099392
worker_4,3668,1788087048.150287,50,4.908875,1.098112
worker_4,3669,1788087048.155212,50,4.796069,1.098912
worker_4,3670,1788087048.160024,50,4.773217,1.098336
worker_4,3671,1788087048.164813,50,4.625465,1.097024
worker_4,3672,1788087048.169456,50,4.768901,1.098144
worker_4,3673,1788087048.174241,50,4.770698,1.098144
worker_4,3674,1788087048.179028,50,4.771236,1.096640
worker_4,3675,1788087048.183817,50,4.764096,1.098784
worker_4,3676,1788087048.188597,50,4.772929,1.100288
worker_4,3677,1788087048.193386,50,4.770467,1.097664
worker_4,3678,1788087048.198180,50,4.771828,1.096160
worker_4,3679,1788087048.202969,50,4.771522,1.098432
worker_4,3680,1788087048.207756,50,4.778115,1.096992
worker_4,3681,1788087048.212551,50,4.787560,1.098432
worker_4,3682,1788087048.217358,50,4.748216,1.097248
worker_4,3683,1788087048.222123,50,4.767958,1.097792
worker_4,3684,1788087048.226906,50,4.774504,1.097472
worker_4,3685,1788087048.231696,50,4.764086,1.099840
worker_4,3686,1788087048.236479,50,4.781421,1.099584
worker_4,3687,1788087048.241275,50,4.767402,1.097568
worker_4,3688,1788087048.246058,50,4.770494,1.098144
worker_4,3689,1788087048.250844,50,4.774273,1.097600
worker_4,3690,1788087048.255634,50,4.775124,1.098080
worker_4,3691,1788087048.260425,50,4.765040,1.097472
worker_4,3692,1788087048.265205,50,4.769328,1.097568
worker_4,3693,1788087048.269990,50,4.770097,1.097856
worker_4,3694,1788087048.274776,50,4.774586,1.097248
worker_4,3695,1788087048.279567,50,4.772550,1.098112
worker_4,3696,1788087048.284356,50,4.926264,1.097600
worker_4,3697,1788087048.289306,50,4.620984,1.095744
worker_4,3698,1788087048.293945,50,4.767485,1.097760
worker_4,3699,1788087048.298728,50,4.772623,1.096736
worker_4,3700,1788087048.303517,50,4.776920,1.098656
worker_4,3701,1788087048.308311,50,4.764300,1.099008
worker_4,3702,1788087048.313091,50,4.772411,1.098624
worker_4,3703,1788087048.317881,50,4.767725,1.097440
worker_4,3704,1788087048.322665,50,4.770819,1.098304
worker_4,3705,1788087048.327452,50,4.773985,1.099392
worker_4,3706,1788087048.332243,50,4.773771,1.100448
worker_4,3707,1788087048.337034,50,4.778087,1.098624
worker_4,3708,1788087048.341827,50,4.768411,1.098944
worker_4,3709,1788087048.346611,50,4.769568,1.098144
worker_4,3710,1788087048.351399,50,4.765727,1.096320
worker_4,3711,1788087048.356182,50,4.779291,1.098496
worker_4,3712,1788087048.360977,50,4.764864,1.096928
worker_4,3713,1788087048.365758,50,4.772153,1.097344
worker_4,3714,1788087048.370545,50,4.776504,1.099520
worker_4,3715,1788087048.375337,50,4.770938,1.097632
worker_4,3716,1788087048.380124,50,4.768818,1.096896
worker_4,3717,1788087048.384914,50,4.778069,1.096640
worker_4,3718,1788087048.389709,50,4.766772,1.099040
worker_4,3719,1788087048.394495,50,4.773476,1.097984
worker_4,3720,1788087048.399285,50,4.767412,1.096448
worker_4,3721,1788087048.404068,50,4.780410,1.098656
worker_4,3722,1788087048.408868,50,4.764883,1.098048
worker_4,3723,1788087048.413650,50,4.770717,1.098752
worker_4,3724,1788087048.418437,50,4.787967,1.108832
worker_4,3725,1788087048.423241,50,4.771503,1.098496
worker_4,3726,1788087048.428028,50,4.769143,1.096128
worker_4,3727,1788087048.432813,50,4.775133,1.097280
worker_4,3728,1788087048.437603,50,4.778336,1.097760
worker_4,3729,1788087048.442397,50,4.772809,1.097728
worker_4,3730,1788087048.447186,50,4.763532,1.095648
worker_4,3731,1788087048.451964,50,4.787660,1.099840
worker_4,3732,1788087048.456769,50,4.770272,1.096256
worker_4,3733,1788087048.461555,50,4.771300,1.098048
worker_4,3734,1788087048.466341,50,4.769874,1.097120
worker_4,3735,1788087048.471127,50,4.788596,1.097056
worker_4,3736,1788087048.475938,50,4.766736,1.097504
worker_4,3737,1788087048.480720,50,4.779819,1.104224
worker_4,3738,1788087048.485518,50,4.782160,1.098240
worker_4,3739,1788087048.490319,50,4.764810,1.097888
worker_4,3740,1788087048.495102,50,4.765939,1.096480
worker_4,3741,1788087048.499885,50,4.782781,1.102112
worker_4,3742,1788087048.504684,50,4.764513,1.097312
worker_4,3743,1788087048.509466,50,4.775727,1.098272
worker_4,3744,1788087048.514258,50,4.766781,1.097280
worker_4,3745,1788087048.519042,50,4.766828,1.097600
worker_4,3746,1788087048.523825,50,4.772512,1.097696
worker_4,3747,1788087048.528613,50,4.774680,1.102560
worker_4,3748,1788087048.533403,50,4.769958,1.098720
worker_4,3749,1788087048.538188,50,4.797059,1.099136
worker_4,3750,1788087048.543001,50,4.772345,1.098752
worker_4,3751,1788087048.547789,50,4.773920,1.097696
worker_4,3752,1788087048.552578,50,4.779615,1.104448
worker_4,3753,1788087048.557373,50,4.770577,1.097760
worker_4,3754,1788087048.562162,50,4.783364,1.097504
worker_4,3755,1788087048.566961,50,4.769041,1.099104
worker_4,3756,1788087048.571752,50,4.764587,1.098400
worker_4,3757,1788087048.576532,50,4.771402,1.099168
worker_4,3758,1788087048.581319,50,4.767698,1.098432
worker_4,3759,1788087048.586102,50,4.785077,1.098688
worker_4,3760,1788087048.590905,50,4.759373,1.097312
worker_4,3761,1788087048.595682,50,4.769754,1.100544
worker_4,3762,1788087048.600468,50,4.780188,1.095552
worker_4,3763,1788087048.605264,50,4.777670,1.098080
worker_4,3764,1788087048.610057,50,4.767263,1.097408
worker_4,3765,1788087048.614840,50,4.777467,1.098624
worker_4,3766,1788087048.619633,50,4.780614,1.106432
worker_4,3767,1788087048.624429,50,4.788643,1.098240
worker_4,3768,1788087048.629233,50,4.773763,1.097792
worker_4,3769,1788087048.634022,50,4.772706,1.099104
worker_4,3770,1788087048.638810,50,4.774615,1.099296
worker_4,3771,1788087048.643600,50,4.925866,1.099104
worker_4,3772,1788087048.648541,50,4.621677,1.098208
worker_4,3773,1788087048.653178,50,4.765957,1.098336
worker_4,3774,1788087048.657961,50,4.772874,1.097792
worker_4,3775,1788087048.662758,50,4.764059,1.097600
worker_4,3776,1788087048.667538,50,4.777910,1.103072
worker_4,3777,1788087048.672332,50,4.782068,1.097280
worker_4,3778,1788087048.677129,50,4.770170,1.097632
worker_4,3779,1788087048.681915,50,4.768401,1.096864
worker_4,3780,1788087048.686698,50,4.777550,1.097248
worker_4,3781,1788087048.691493,50,4.771263,1.096864
worker_4,3782,1788087048.696281,50,4.753318,1.097664
worker_4,3783,1788087048.701050,50,4.778921,1.098240
worker_4,3784,1788087048.705846,50,4.769818,1.099616
worker_4,3785,1788087048.710631,50,4.771069,1.097792
worker_4,3786,1788087048.715418,50,4.788402,1.097984
worker_4,3787,1788087048.720229,50,4.765485,1.097696
worker_4,3788,1788087048.725010,50,4.766421,1.097568
worker_4,3789,1788087048.729793,50,4.775717,1.098528
worker_4,3790,1788087048.734584,50,4.768743,1.097792
worker_4,3791,1788087048.739367,50,4.794429,1.097312
worker_4,3792,1788087048.744178,50,4.768596,1.099040
worker_4,3793,1788087048.748962,50,4.772410,1.096896
worker_4,3794,1788087048.753752,50,4.767068,1.098400
worker_4,3795,1788087048.758545,50,4.762199,1.096512
worker_4,3796,1788087048.763324,50,4.776310,1.099392
worker_4,3797,1788087048.768183,50,4.815356,1.101696
worker_4,3798,1788087048.773018,50,4.805606,1.097280
worker_4,3799,1788087048.777841,50,4.784976,1.096256
worker_4,3800,1788087048.782643,50,4.626381,1.097760
worker_4,3801,1788087048.787289,50,4.766179,1.097920
worker_4,3802,1788087048.792075,50,4.763772,1.100096
worker_4,3803,1788087048.796857,50,4.769910,1.097792
worker_4,3804,1788087048.801645,50,4.760383,1.098112
worker_4,3805,1788087048.806422,50,4.772458,1.097792
worker_4,3806,1788087048.811212,50,4.782558,1.098848
worker_4,3807,1788087048.816010,50,4.768745,1.097376
worker_4,3808,1788087048.820795,50,4.776253,1.098720
worker_4,3809,1788087048.825588,50,4.767540,1.098112
worker_4,3810,1788087048.830373,50,4.772254,1.099168
worker_4,3811,1788087048.835161,50,4.768726,1.098240
worker_4,3812,1788087048.839946,50,4.771160,1.099296
worker_4,3813,1788087048.844734,50,4.766688,1.098848
worker_4,3814,1788087048.849522,50,4.768994,1.099008
worker_4,3815,1788087048.854307,50,4.770327,1.097536
worker_4,3816,1788087048.859092,50,4.778809,1.097760
worker_4,3817,1788087048.863887,50,4.774699,1.102112
worker_4,3818,1788087048.868676,50,4.770586,1.097280
worker_4,3819,1788087048.873462,50,4.774910,1.097440
worker_4,3820,1788087048.878253,50,4.766105,1.097088
worker_4,3821,1788087048.883035,50,4.774355,1.096832
worker_4,3822,1788087048.887824,50,4.779355,1.102240
worker_4,3823,1788087048.892622,50,4.763329,1.096960
worker_4,3824,1788087048.897402,50,4.775383,1.099776
worker_4,3825,1788087048.902194,50,4.768513,1.097696
worker_4,3826,1788087048.906978,50,4.762782,1.095488
worker_4,3827,1788087048.911757,50,4.795142,1.103936
worker_4,3828,1788087048.916569,50,4.784143,1.098336
worker_4,3829,1788087048.921370,50,4.773234,1.097792
worker_4,3830,1788087048.926159,50,4.783383,1.097056
worker_4,3831,1788087048.930958,50,4.766735,1.097376
worker_4,3832,1788087048.935741,50,4.772707,1.099456
worker_4,3833,1788087048.940529,50,4.771642,1.100864
worker_4,3834,1788087048.945326,50,4.761985,1.099104
worker_4,3835,1788087048.950103,50,4.767346,1.097088
worker_4,3836,1788087048.954886,50,4.782059,1.098208
worker_4,3837,1788087048.959685,50,4.768013,1.098144
worker_4,3838,1788087048.964469,50,4.768449,1.101856
worker_4,3839,1788087048.969254,50,4.776291,1.098624
worker_4,3840,1788087048.974046,50,4.790956,1.101440
worker_4,3841,1788087048.978853,50,4.766097,1.098720
worker_4,3842,1788087048.983635,50,4.774550,1.097120
worker_4,3843,1788087048.988424,50,4.794680,1.108320
worker_4,3844,1788087048.993235,50,4.756735,1.097568
worker_4,3845,1788087048.998008,50,4.776920,1.097216
worker_4,3846,1788087049.002801,50,4.772254,1.096960
worker_4,3847,1788087049.007589,50,4.771124,1.097760
worker_4,3848,1788087049.012375,50,4.771356,1.099392
worker_4,3849,1788087049.017163,50,4.771449,1.098176
worker_4,3850,1788087049.021950,50,4.781012,1.097952
worker_4,3851,1788087049.026746,50,4.775217,1.099072
worker_4,3852,1788087049.031537,50,4.772597,1.098400
worker_4,3853,1788087049.036331,50,4.771771,1.105760
worker_4,3854,1788087049.041118,50,4.766652,1.097184
worker_4,3855,1788087049.045901,50,4.778976,1.099392
worker_4,3856,1788087049.050695,50,4.772577,1.098496
worker_4,3857,1788087049.055483,50,4.771949,1.096480
worker_4,3858,1788087049.060273,50,4.764041,1.098208
worker_4,3859,1788087049.065052,50,4.771152,1.099104
worker_4,3860,1788087049.069838,50,4.774633,1.097856
worker_4,3861,1788087049.074631,50,4.770171,1.098944
worker_4,3862,1788087049.079418,50,4.771966,1.096864
worker_4,3863,1788087049.084205,50,4.775050,1.101408
worker_4,3864,1788087049.088997,50,4.758791,1.095808
worker_4,3865,1788087049.093772,50,4.768197,1.097760
worker_4,3866,1788087049.098556,50,4.771124,1.098112
worker_4,3867,1788087049.103343,50,4.764264,1.097280
worker_4,3868,1788087049.108123,50,4.770161,1.096608
worker_4,3869,1788087049.112910,50,4.777374,1.099104
worker_4,3870,1788087049.117702,50,4.774588,1.098016
worker_4,3871,1788087049.122493,50,4.774855,1.097664
worker_4,3872,1788087049.127282,50,4.768679,1.097184
worker_4,3873,1788087049.132076,50,4.765625,1.096544
worker_4,3874,1788087049.136858,50,4.786273,1.101344
worker_4,3875,1788087049.141659,50,4.769707,1.096992
worker_4,3876,1788087049.146445,50,4.767152,1.096896
worker_4,3877,1788087049.151226,50,4.774912,1.095840
worker_4,3878,1788087049.156059,50,4.734096,1.096576
worker_4,3879,1788087049.160810,50,4.775912,1.098496
worker_4,3880,1788087049.165601,50,4.768910,1.095520
worker_4,3881,1788087049.170386,50,4.767735,1.098112
worker_4,3882,1788087049.175169,50,4.774402,1.098272
worker_4,3883,1788087049.179959,50,4.778355,1.097248
worker_4,3884,1788087049.184752,50,4.782236,1.103008
worker_4,3885,1788087049.189551,50,4.768189,1.097792
worker_4,3886,1788087049.194335,50,4.771558,1.098048
worker_4,3887,1788087049.199123,50,4.769217,1.097792
worker_4,3888,1788087049.203908,50,4.772124,1.098304
worker_4,3889,1788087049.208697,50,4.777356,1.098304
worker_4,3890,1788087049.213493,50,4.759948,1.097504
worker_4,3891,1788087049.218271,50,4.765754,1.098176
worker_4,3892,1788087049.223057,50,4.767623,1.097728
worker_4,3893,1788087049.227841,50,4.776531,1.101024
worker_4,3894,1788087049.232633,50,4.770086,1.098464
worker_4,3895,1788087049.237420,50,4.774669,1.097728
worker_4,3896,1788087049.242211,50,4.775994,1.098880
worker_4,3897,1788087049.247004,50,4.766837,1.097856
worker_4,3898,1788087049.251787,50,4.771634,1.099072
worker_4,3899,1788087049.256577,50,4.834698,1.099392
worker_4,3900,1788087049.261432,50,4.724308,1.097120
worker_4,3901,1788087049.266176,50,4.761050,1.097632
worker_4,3902,1788087049.270955,50,4.769595,1.098688
worker_4,3903,1788087049.275740,50,4.768856,1.099520
worker_4,3904,1788087049.280526,50,4.784105,1.098400
worker_4,3905,1788087049.285327,50,4.767364,1.097344
worker_4,3906,1788087049.290111,50,4.771457,1.098176
worker_4,3907,1788087049.294899,50,4.770856,1.096800
worker_4,3908,1788087049.299687,50,4.769022,1.099744
worker_4,3909,1788087049.304472,50,4.787402,1.096320
worker_4,3910,1788087049.309274,50,4.782919,1.097952
worker_4,3911,1788087049.314073,50,4.770171,1.097408
worker_4,3912,1788087049.318865,50,4.763336,1.098400
worker_4,3913,1788087049.323643,50,4.784068,1.100864
worker_4,3914,1788087049.328443,50,4.778355,1.097280
worker_4,3915,1788087049.333237,50,4.775023,1.097120
worker_4,3916,1788087049.338028,50,4.768632,1.097792
worker_4,3917,1788087049.342813,50,4.770096,1.098208
worker_4,3918,1788087049.347599,50,4.775947,1.098848
worker_4,3919,1788087049.352391,50,4.770226,1.099328
worker_4,3920,1788087049.357176,50,4.771717,1.098048
worker_4,3921,1788087049.361964,50,4.784512,1.096320
worker_4,3922,1788087049.366765,50,4.769530,1.096128
worker_4,3923,1788087049.371550,50,4.766586,1.098944
worker_4,3924,1788087049.376332,50,4.773919,1.099424
worker_4,3925,1788087049.381123,50,4.770985,1.095424
worker_4,3926,1788087049.385909,50,4.777809,1.097280
worker_4,3927,1788087049.390701,50,4.773318,1.098752
worker_4,3928,1788087049.395490,50,4.776874,1.098752
worker_4,3929,1788087049.400281,50,4.771911,1.100512
worker_4,3930,1788087049.405068,50,4.769300,1.096480
worker_4,3931,1788087049.409860,50,4.764883,1.099840
worker_4,3932,1788087049.414640,50,4.772614,1.098496
worker_4,3933,1788087049.419429,50,4.792134,1.098016
worker_4,3934,1788087049.424237,50,4.756660,1.097504
worker_4,3935,1788087049.429009,50,4.784337,1.098624
worker_4,3936,1788087049.433809,50,4.780707,1.098208
worker_4,3937,1788087049.438606,50,4.772002,1.096960
worker_4,3938,1788087049.443393,50,4.773688,1.100352
worker_4,3939,1788087049.448181,50,4.779503,1.098368
worker_4,3940,1788087049.452976,50,4.789846,1.105024
worker_4,3941,1788087049.457781,50,4.767725,1.096704
worker_4,3942,1788087049.462564,50,4.774864,1.100960
worker_4,3943,1788087049.467354,50,4.789088,1.098592
worker_4,3944,1788087049.472158,50,4.771854,1.098176
worker_4,3945,1788087049.476947,50,4.772354,1.097728
worker_4,3946,1788087049.481735,50,4.773976,1.097728
worker_4,3947,1788087049.486526,50,4.766911,1.098528
worker_4,3948,1788087049.491376,50,4.716494,1.099456
worker_4,3949,1788087049.496113,50,4.781892,1.101760
worker_4,3950,1788087049.500911,50,4.770142,1.096864
worker_4,3951,1788087049.505705,50,4.768050,1.097760
worker_4,3952,1788087049.510490,50,4.770744,1.097792
worker_4,3953,1788087049.515276,50,4.792190,1.098688
worker_4,3954,1788087049.520083,50,4.769652,1.099104
worker_4,3955,1788087049.524867,50,4.769994,1.096576
worker_4,3956,1788087049.529654,50,4.770911,1.097024
worker_4,3957,1788087049.534440,50,4.771708,1.098048
worker_4,3958,1788087049.539230,50,4.798421,1.098528
worker_4,3959,1788087049.544045,50,4.772123,1.099264
worker_4,3960,1788087049.548832,50,4.913412,1.098624
worker_4,3961,1788087049.553761,50,4.793143,1.099200
worker_4,3962,1788087049.558573,50,4.610095,1.099424
worker_4,3963,1788087049.563201,50,4.770809,1.098880
worker_4,3964,1788087049.567990,50,4.772995,1.100320
worker_4,3965,1788087049.572778,50,4.777392,1.098720
worker_4,3966,1788087049.577575,50,4.764087,1.097344
worker_4,3967,1788087049.582357,50,4.759791,1.095776
worker_4,3968,1788087049.587133,50,4.770920,1.099104
worker_4,3969,1788087049.591920,50,4.771087,1.097312
worker_4,3970,1788087049.596716,50,4.759393,1.099872
worker_4,3971,1788087049.601492,50,4.770938,1.096544
worker_4,3972,1788087049.606279,50,4.771587,1.096704
worker_4,3973,1788087049.611065,50,4.773328,1.098336
worker_4,3974,1788087049.615854,50,4.770327,1.098112
worker_4,3975,1788087049.620640,50,4.779633,1.099936
worker_4,3976,1788087049.625436,50,4.764643,1.096864
worker_4,3977,1788087049.630217,50,4.783475,1.097856
worker_4,3978,1788087049.635017,50,4.911801,1.096928
worker_4,3979,1788087049.639943,50,4.772810,1.098656
worker_4,3980,1788087049.644732,50,4.739743,1.098560
worker_4,3981,1788087049.649487,50,4.814605,1.098368
worker_4,3982,1788087049.654316,50,4.753699,1.096352
worker_4,3983,1788087049.659085,50,4.810541,1.096384
worker_4,3984,1788087049.663911,50,4.785430,1.102464
worker_4,3985,1788087049.668710,50,4.774559,1.102336
worker_4,3986,1788087049.673499,50,4.775810,1.098144
worker_4,3987,1788087049.678290,50,4.629817,1.099200
worker_4,3988,1788087049.682938,50,4.775234,1.099200
worker_4,3989,1788087049.687727,50,4.776847,1.098272
worker_4,3990,1788087049.692525,50,4.763180,1.096864
worker_4,3991,1788087049.697304,50,4.771929,1.097504
worker_4,3992,1788087049.702090,50,4.767551,1.097536
worker_4,3993,1788087049.706873,50,4.770551,1.097984
worker_4,3994,1788087049.711659,50,4.789169,1.103552
worker_4,3995,1788087049.716463,50,4.788690,1.100704
worker_4,3996,1788087049.721267,50,4.782587,1.098816
worker_4,3997,1788087049.726064,50,4.778532,1.097984
worker_4,3998,1788087049.730872,50,4.750271,1.096992
worker_4,3999,1788087049.735641,50,4.776763,1.101600
worker_4,4000,1788087049.740439,50,4.783809,1.097792
worker_4,4001,1788087049.745239,50,4.771697,1.097696
worker_4,4002,1788087049.750026,50,4.776115,1.099040
worker_4,4003,1788087049.754817,50,4.770458,1.098592
worker_4,4004,1788087049.759604,50,4.770993,1.097888
worker_4,4005,1788087049.764393,50,4.773448,1.098016
worker_4,4006,1788087049.769182,50,4.772865,1.098688
worker_4,4007,1788087049.773970,50,4.772910,1.097888
worker_4,4008,1788087049.778758,50,4.767068,1.097408
worker_4,4009,1788087049.783549,50,4.766754,1.098144
worker_4,4010,1788087049.788332,50,4.774040,1.103744
worker_4,4011,1788087049.793121,50,4.772133,1.097504
worker_4,4012,1788087049.797909,50,4.769356,1.097728
worker_4,4013,1788087049.802696,50,4.767780,1.097984
worker_4,4014,1788087049.807481,50,4.774392,1.097792
worker_4,4015,1788087049.812270,50,4.774707,1.100224
worker_4,4016,1788087049.817061,50,4.770336,1.097728
worker_4,4017,1788087049.821847,50,4.777494,1.097632
worker_4,4018,1788087049.826640,50,4.770059,1.096256
worker_4,4019,1788087049.831424,50,4.778467,1.099168
worker_4,4020,1788087049.836223,50,4.762253,1.097216
worker_4,4021,1788087049.841002,50,4.774143,1.098752
worker_4,4022,1788087049.845792,50,4.769652,1.099424
worker_4,4023,1788087049.850578,50,4.770837,1.098848
worker_4,4024,1788087049.855368,50,4.763736,1.097856
worker_4,4025,1788087049.860147,50,4.773958,1.098400
worker_4,4026,1788087049.864936,50,4.777864,1.099712
worker_4,4027,1788087049.869730,50,4.771633,1.097664
worker_4,4028,1788087049.874517,50,4.775171,1.099456
worker_4,4029,1788087049.879315,50,4.765466,1.098944
worker_4,4030,1788087049.884096,50,4.771106,1.096960
worker_4,4031,1788087049.888881,50,4.769838,1.096544
worker_4,4032,1788087049.893666,50,4.763401,1.096800
worker_4,4033,1788087049.898445,50,4.775504,1.097792
worker_4,4034,1788087049.903236,50,4.769272,1.099200
worker_4,4035,1788087049.908021,50,4.774521,1.098912
worker_4,4036,1788087049.912810,50,4.774430,1.098016
worker_4,4037,1788087049.917600,50,4.776190,1.098784
worker_4,4038,1788087049.922392,50,4.769272,1.098048
worker_4,4039,1788087049.927177,50,4.778374,1.097824
worker_4,4040,1788087049.931973,50,4.773180,1.100448
worker_4,4041,1788087049.936762,50,4.770642,1.098496
worker_4,4042,1788087049.941548,50,4.769512,1.098208
worker_4,4043,1788087049.946332,50,4.770651,1.098208
worker_4,4044,1788087049.951117,50,4.791708,1.097760
worker_4,4045,1788087049.955924,50,4.773401,1.101088
worker_4,4046,1788087049.960712,50,4.773514,1.098592
worker_4,4047,1788087049.965500,50,4.771013,1.098208
worker_4,4048,1788087049.970295,50,4.762531,1.097760
worker_4,4049,1788087049.975074,50,4.767745,1.097824
worker_4,4050,1788087049.979857,50,4.777180,1.101920
worker_4,4051,1788087049.984649,50,4.771623,1.097408
worker_4,4052,1788087049.989436,50,4.774541,1.097568
worker_4,4053,1788087049.994225,50,4.767097,1.097792
worker_4,4054,1788087049.999007,50,4.788771,1.098336
worker_4,4055,1788087050.003810,50,4.787337,1.105184
worker_4,4056,1788087050.008614,50,4.772226,1.098528
worker_4,4057,1788087050.013402,50,4.775457,1.097568
worker_4,4058,1788087050.018192,50,4.768670,1.096192
worker_4,4059,1788087050.022976,50,4.777736,1.097536
worker_4,4060,1788087050.027770,50,4.777985,1.105024
worker_4,4061,1788087050.032564,50,4.777493,1.097792
worker_4,4062,1788087050.037357,50,4.764133,1.097568
worker_4,4063,1788087050.042137,50,4.771810,1.098656
worker_4,4064,1788087050.046925,50,4.776021,1.098432
worker_4,4065,1788087050.051716,50,4.770124,1.099872
worker_4,4066,1788087050.056502,50,4.778189,1.097024
worker_4,4067,1788087050.061296,50,4.776132,1.098816
worker_4,4068,1788087050.066091,50,4.767402,1.097376
worker_4,4069,1788087050.070874,50,4.771143,1.099264
worker_4,4070,1788087050.075660,50,4.771141,1.098080
worker_4,4071,1788087050.080447,50,4.766235,1.099808
worker_4,4072,1788087050.085228,50,4.774207,1.096448
worker_4,4073,1788087050.090019,50,4.757799,1.097856
worker_4,4074,1788087050.094792,50,4.772458,1.097504
worker_4,4075,1788087050.099580,50,4.772365,1.097312
worker_4,4076,1788087050.104369,50,4.765354,1.097792
worker_4,4077,1788087050.109150,50,4.770318,1.096608
worker_4,4078,1788087050.113935,50,4.793374,1.096864
worker_4,4079,1788087050.118744,50,4.769744,1.098400
worker_4,4080,1788087050.123528,50,4.772892,1.099168
worker_4,4081,1788087050.128317,50,4.776402,1.100832
worker_4,4082,1788087050.133108,50,4.772688,1.097568
worker_4,4083,1788087050.137897,50,4.772456,1.097696
worker_4,4084,1788087050.142686,50,4.775541,1.098560
worker_4,4085,1788087050.147477,50,4.788948,1.099616
worker_4,4086,1788087050.152282,50,4.756595,1.096832
worker_4,4087,1788087050.157059,50,4.771874,1.097824
worker_4,4088,1788087050.161846,50,4.772504,1.102528
worker_4,4089,1788087050.166634,50,4.775911,1.101888
worker_4,4090,1788087050.171425,50,4.777495,1.098976
worker_4,4091,1788087050.176226,50,4.765976,1.099648
worker_4,4092,1788087050.181008,50,4.772929,1.097728
worker_4,4093,1788087050.185796,50,4.770689,1.098528
worker_4,4094,1788087050.190582,50,4.766290,1.097504
worker_4,4095,1788087050.195364,50,4.771698,1.099808
worker_4,4096,1788087050.200152,50,4.775837,1.097312
worker_4,4097,1788087050.204942,50,4.768457,1.097792
worker_4,4098,1788087050.209726,50,4.769975,1.098720
worker_4,4099,1788087050.214581,50,4.703780,1.097088
worker_4,4100,1788087050.219304,50,4.769513,1.096928
worker_4,4101,1788087050.224093,50,4.773225,1.098688
worker_4,4102,1788087050.228882,50,4.788216,1.104448
worker_4,4103,1788087050.233685,50,4.780347,1.099488
worker_4,4104,1788087050.238481,50,4.776467,1.098336
worker_4,4105,1788087050.243273,50,4.768921,1.098432
worker_4,4106,1788087050.248058,50,4.773355,1.098176
worker_4,4107,1788087050.252856,50,4.789105,1.096960
worker_4,4108,1788087050.257665,50,4.760532,1.097600
worker_4,4109,1788087050.262442,50,4.770059,1.098784
worker_4,4110,1788087050.267230,50,4.768086,1.098688
worker_4,4111,1788087050.272014,50,4.771949,1.097760
worker_4,4112,1788087050.276803,50,4.779559,1.105312
worker_4,4113,1788087050.281599,50,4.778318,1.096768
worker_4,4114,1788087050.286399,50,4.755486,1.097120
worker_4,4115,1788087050.291174,50,4.767948,1.097024
worker_4,4116,1788087050.295966,50,4.752642,1.098432
worker_4,4117,1788087050.300736,50,4.761661,1.098400
worker_4,4118,1788087050.305512,50,4.774095,1.097376
worker_4,4119,1788087050.310302,50,4.766410,1.098368
worker_4,4120,1788087050.315087,50,4.764253,1.097152
worker_4,4121,1788087050.319868,50,4.769836,1.097568
worker_4,4122,1788087050.324654,50,4.770541,1.098080
worker_4,4123,1788087050.329443,50,4.763273,1.097824
worker_4,4124,1788087050.334221,50,4.769429,1.097024
worker_4,4125,1788087050.339009,50,4.777161,1.099168
worker_4,4126,1788087050.343808,50,4.765133,1.101248
worker_4,4127,1788087050.348590,50,4.997070,1.097664
worker_4,4128,1788087050.353620,50,4.539853,1.097888
worker_4,4129,1788087050.358179,50,4.755652,1.098912
worker_4,4130,1788087050.362949,50,4.767456,1.099008
worker_4,4131,1788087050.367737,50,4.762855,1.095904
worker_4,4132,1788087050.372517,50,4.763938,1.099232
worker_4,4133,1788087050.377296,50,4.770577,1.097280
worker_4,4134,1788087050.382082,50,4.766041,1.098208
worker_4,4135,1788087050.386864,50,4.771392,1.097184
worker_4,4136,1788087050.391651,50,4.773504,1.099040
worker_4,4137,1788087050.396443,50,4.771550,1.097760
worker_4,4138,1788087050.401230,50,4.770773,1.097792
worker_4,4139,1788087050.406018,50,4.771466,1.098080
worker_4,4140,1788087050.410805,50,4.768540,1.097760
worker_4,4141,1788087050.415590,50,4.769837,1.098240
worker_4,4142,1788087050.420375,50,4.772059,1.097344
worker_4,4143,1788087050.425162,50,4.771095,1.098080
worker_4,4144,1788087050.429948,50,4.768688,1.097248
worker_4,4145,1788087050.434731,50,4.767253,1.097344
worker_4,4146,1788087050.439523,50,4.767189,1.098752
worker_4,4147,1788087050.444307,50,4.763466,1.098464
worker_4,4148,1788087050.449086,50,4.771577,1.097856
worker_4,4149,1788087050.453872,50,4.770958,1.096960
worker_4,4150,1788087050.458660,50,4.764216,1.096640
worker_4,4151,1788087050.463441,50,4.777004,1.096448
worker_4,4152,1788087050.468234,50,4.764402,1.098528
worker_4,4153,1788087050.473014,50,4.772475,1.099136
worker_4,4154,1788087050.477802,50,4.782264,1.097984
worker_4,4155,1788087050.482598,50,4.776698,1.099200
worker_4,4156,1788087050.487390,50,4.781810,1.098816
worker_4,4157,1788087050.492187,50,4.777727,1.104608
worker_4,4158,1788087050.496980,50,4.769030,1.098016
worker_4,4159,1788087050.501764,50,4.780161,1.099136
worker_4,4160,1788087050.506558,50,4.767578,1.098112
worker_4,4161,1788087050.511342,50,4.788846,1.099360
worker_4,4162,1788087050.516147,50,4.768291,1.098432
worker_4,4163,1788087050.520933,50,4.767568,1.097664
worker_4,4164,1788087050.525715,50,4.773484,1.098880
worker_4,4165,1788087050.530508,50,4.764606,1.097024
worker_4,4166,1788087050.535288,50,4.781847,1.097344
worker_4,4167,1788087050.540086,50,4.772957,1.101056
worker_4,4168,1788087050.544873,50,4.769688,1.097216
worker_4,4169,1788087050.549658,50,4.852161,1.098304
worker_4,4170,1788087050.554525,50,4.854023,1.098208
worker_4,4171,1788087050.559395,50,4.800893,1.097760
worker_4,4172,1788087050.564220,50,4.763114,1.102624
worker_4,4173,1788087050.568998,50,4.616641,1.097312
worker_4,4174,1788087050.573630,50,4.770966,1.097824
worker_4,4175,1788087050.578419,50,4.774486,1.097792
