label,batch,start_unix_s,operations,wall_ms,cuda_batch_ms
worker_3,0,1788087030.583000,50,2.966016,2.605440
worker_3,1,1788087030.586009,50,3.636902,1.096736
worker_3,2,1788087030.589673,50,4.765411,1.095680
worker_3,3,1788087030.594462,50,4.758225,1.097184
worker_3,4,1788087030.599241,50,4.764466,1.098112
worker_3,5,1788087030.604023,50,4.767014,1.097088
worker_3,6,1788087030.608807,50,4.765605,1.096288
worker_3,7,1788087030.613589,50,4.788504,1.097376
worker_3,8,1788087030.618403,50,4.749670,1.097376
worker_3,9,1788087030.623174,50,4.756726,1.096608
worker_3,10,1788087030.627959,50,4.964163,1.098624
worker_3,11,1788087030.632972,50,4.744864,1.096768
worker_3,12,1788087030.637765,50,4.743939,1.096800
worker_3,13,1788087030.642555,50,4.740494,1.097632
worker_3,14,1788087030.647342,50,4.542362,1.099392
worker_3,15,1788087030.651909,50,4.962339,1.097568
worker_3,16,1788087030.656919,50,4.729272,1.096768
worker_3,17,1788087030.661695,50,4.762160,1.110752
worker_3,18,1788087030.666503,50,4.547316,1.097120
worker_3,19,1788087030.671076,50,4.755068,1.097792
worker_3,20,1788087030.675851,50,4.783522,1.101760
worker_3,21,1788087030.680651,50,4.770949,1.098144
worker_3,22,1788087030.685438,50,4.774827,1.097504
worker_3,23,1788087030.690228,50,4.775328,1.096128
worker_3,24,1788087030.695019,50,4.789282,1.098368
worker_3,25,1788087030.699824,50,4.766096,1.095808
worker_3,26,1788087030.704605,50,4.767893,1.096736
worker_3,27,1788087030.709391,50,4.772669,1.099008
worker_3,28,1788087030.714178,50,4.773180,1.097024
worker_3,29,1788087030.718979,50,4.761818,1.098336
worker_3,30,1788087030.723756,50,4.775690,1.097792
worker_3,31,1788087030.728547,50,4.774244,1.099424
worker_3,32,1788087030.733339,50,4.784912,1.097312
worker_3,33,1788087030.738140,50,4.765355,1.096928
worker_3,34,1788087030.742922,50,4.769179,1.098048
worker_3,35,1788087030.747707,50,4.772438,1.099072
worker_3,36,1788087030.752495,50,4.793290,1.097792
worker_3,37,1788087030.757308,50,4.762772,1.098720
worker_3,38,1788087030.762089,50,4.782484,1.098528
worker_3,39,1788087030.766888,50,4.769458,1.097024
worker_3,40,1788087030.771675,50,4.765262,1.096416
worker_3,41,1788087030.776456,50,4.770892,1.096384
worker_3,42,1788087030.781242,50,4.767956,1.095776
worker_3,43,1788087030.786027,50,5.014941,1.100608
worker_3,44,1788087030.791091,50,4.677031,1.097824
worker_3,45,1788087030.795792,50,4.767715,1.098848
worker_3,46,1788087030.800578,50,4.620261,1.099040
worker_3,47,1788087030.805215,50,4.975681,1.098624
worker_3,48,1788087030.810240,50,4.545289,1.097632
worker_3,49,1788087030.814824,50,4.744040,1.096480
worker_3,50,1788087030.819587,50,4.766272,1.097536
worker_3,51,1788087030.824371,50,4.774901,1.100832
worker_3,52,1788087030.829163,50,4.764883,1.098144
worker_3,53,1788087030.833944,50,4.785549,1.097472
worker_3,54,1788087030.838746,50,4.773280,1.097696
worker_3,55,1788087030.843535,50,4.780717,1.105024
worker_3,56,1788087030.848332,50,4.778447,1.096320
worker_3,57,1788087030.853126,50,4.770606,1.096704
worker_3,58,1788087030.857913,50,4.770123,1.096608
worker_3,59,1788087030.862700,50,4.772096,1.099328
worker_3,60,1788087030.867487,50,4.785040,1.101696
worker_3,61,1788087030.872289,50,4.770142,1.097440
worker_3,62,1788087030.877074,50,4.766401,1.096192
worker_3,63,1788087030.881855,50,4.771531,1.096608
worker_3,64,1788087030.886644,50,4.779762,1.097824
worker_3,65,1788087030.891441,50,4.778883,1.098592
worker_3,66,1788087030.896235,50,4.763688,1.097984
worker_3,67,1788087030.901014,50,4.772188,1.098976
worker_3,68,1788087030.905814,50,4.762513,1.098432
worker_3,69,1788087030.910592,50,4.983597,1.097152
worker_3,70,1788087030.915624,50,4.746827,1.095904
worker_3,71,1788087030.920418,50,4.742355,1.100416
worker_3,72,1788087030.925206,50,4.742104,1.097184
worker_3,73,1788087030.929994,50,4.544085,1.098112
worker_3,74,1788087030.934562,50,4.965106,1.095680
worker_3,75,1788087030.939577,50,4.558168,1.098400
worker_3,76,1788087030.944163,50,4.760864,1.105568
worker_3,77,1788087030.948943,50,4.769957,1.097952
worker_3,78,1788087030.953730,50,4.989653,1.097344
worker_3,79,1788087030.958769,50,4.527455,1.098464
worker_3,80,1788087030.963323,50,4.755503,1.096864
worker_3,81,1788087030.968097,50,4.764300,1.097280
worker_3,82,1788087030.972878,50,4.768364,1.096160
worker_3,83,1788087030.977663,50,4.774735,1.099008
worker_3,84,1788087030.982454,50,4.769003,1.098720
worker_3,85,1788087030.987238,50,4.768476,1.098720
worker_3,86,1788087030.992023,50,4.769966,1.099680
worker_3,87,1788087030.996808,50,4.768726,1.097376
worker_3,88,1788087031.001603,50,4.769003,1.106912
worker_3,89,1788087031.006387,50,4.767578,1.097152
worker_3,90,1788087031.011171,50,4.783253,1.097792
worker_3,91,1788087031.015970,50,4.773216,1.098528
worker_3,92,1788087031.020761,50,4.768104,1.097824
worker_3,93,1788087031.025545,50,4.775290,1.098624
worker_3,94,1788087031.030337,50,4.770448,1.098112
worker_3,95,1788087031.035123,50,4.801754,1.097184
worker_3,96,1788087031.039940,50,4.780633,1.102112
worker_3,97,1788087031.044736,50,4.767486,1.098624
worker_3,98,1788087031.049519,50,4.775031,1.098784
worker_3,99,1788087031.054310,50,4.779161,1.096256
worker_3,100,1788087031.059107,50,4.771930,1.096288
worker_3,101,1788087031.063898,50,4.767670,1.100608
worker_3,102,1788087031.068682,50,4.768457,1.098368
worker_3,103,1788087031.073468,50,4.770947,1.096288
worker_3,104,1788087031.078255,50,4.989208,1.098784
worker_3,105,1788087031.083294,50,4.526270,1.098304
worker_3,106,1788087031.087844,50,4.977579,1.103520
worker_3,107,1788087031.092883,50,4.731892,1.096960
worker_3,108,1788087031.097665,50,4.737263,1.097536
worker_3,109,1788087031.102454,50,4.548937,1.096832
worker_3,110,1788087031.107028,50,4.811808,1.097280
worker_3,111,1788087031.111889,50,4.684049,1.099488
worker_3,112,1788087031.116598,50,4.756355,1.098112
worker_3,113,1788087031.121373,50,4.974644,1.097760
worker_3,114,1788087031.126398,50,4.537594,1.097216
worker_3,115,1788087031.130959,50,4.965320,1.096640
worker_3,116,1788087031.135974,50,4.538566,1.096768
worker_3,117,1788087031.140536,50,4.967246,1.099264
worker_3,118,1788087031.145554,50,4.528334,1.096704
worker_3,119,1788087031.150108,50,4.969885,1.097568
worker_3,120,1788087031.155127,50,4.534270,1.096192
worker_3,121,1788087031.159685,50,4.760467,1.098560
worker_3,122,1788087031.164465,50,4.771114,1.101056
worker_3,123,1788087031.169253,50,4.978108,1.095712
worker_3,124,1788087031.174281,50,4.559067,1.098784
worker_3,125,1788087031.178864,50,4.965533,1.098112
worker_3,126,1788087031.183879,50,4.538039,1.098656
worker_3,127,1788087031.188455,50,4.956023,1.100512
worker_3,128,1788087031.193462,50,4.534641,1.096768
worker_3,129,1788087031.198024,50,4.953644,1.097664
worker_3,130,1788087031.203024,50,4.539687,1.096416
worker_3,131,1788087031.207587,50,4.764271,1.098848
worker_3,132,1788087031.212371,50,4.765680,1.099264
worker_3,133,1788087031.217153,50,4.981265,1.097920
worker_3,134,1788087031.222183,50,4.546399,1.097760
worker_3,135,1788087031.226753,50,4.959013,1.096704
worker_3,136,1788087031.231762,50,4.533205,1.098240
worker_3,137,1788087031.236320,50,4.758226,1.098400
worker_3,138,1788087031.241095,50,4.784670,1.095776
worker_3,139,1788087031.245898,50,4.971070,1.096608
worker_3,140,1788087031.250918,50,4.535288,1.097376
worker_3,141,1788087031.255478,50,4.759022,1.099072
worker_3,142,1788087031.260255,50,4.764689,1.097792
worker_3,143,1788087031.265037,50,4.983366,1.099168
worker_3,144,1788087031.270070,50,4.533095,1.097792
worker_3,145,1788087031.274628,50,4.966598,1.098240
worker_3,146,1788087031.279656,50,4.526882,1.097216
worker_3,147,1788087031.284206,50,4.918383,1.097760
worker_3,148,1788087031.289147,50,4.622298,1.099744
worker_3,149,1788087031.293787,50,4.970866,1.096896
worker_3,150,1788087031.298807,50,4.542363,1.098432
worker_3,151,1788087031.303374,50,4.757632,1.097472
worker_3,152,1788087031.308151,50,4.787865,1.098592
worker_3,153,1788087031.312966,50,4.747503,1.097216
worker_3,154,1788087031.317738,50,4.762040,1.096800
worker_3,155,1788087031.322518,50,4.759550,1.096896
worker_3,156,1788087031.327379,50,4.682540,1.096768
worker_3,157,1788087031.332077,50,4.765151,1.097024
worker_3,158,1788087031.336857,50,4.799643,1.104192
worker_3,159,1788087031.341670,50,4.775680,1.097408
worker_3,160,1788087031.346458,50,4.777299,1.096640
worker_3,161,1788087031.351249,50,4.769985,1.097824
worker_3,162,1788087031.356030,50,4.777726,1.097184
worker_3,163,1788087031.360826,50,4.782282,1.101248
worker_3,164,1788087031.365624,50,4.768753,1.096768
worker_3,165,1788087031.370410,50,4.763569,1.097760
worker_3,166,1788087031.375201,50,4.768874,1.097024
worker_3,167,1788087031.379993,50,4.761965,1.096576
worker_3,168,1788087031.384774,50,4.760206,1.096416
worker_3,169,1788087031.389555,50,4.760078,1.097440
worker_3,170,1788087031.394333,50,4.765060,1.099200
worker_3,171,1788087031.399116,50,4.779642,1.096672
worker_3,172,1788087031.403913,50,4.766161,1.098720
worker_3,173,1788087031.408695,50,4.780169,1.106016
worker_3,174,1788087031.413491,50,4.770217,1.096736
worker_3,175,1788087031.418277,50,4.769484,1.096640
worker_3,176,1788087031.423062,50,4.768836,1.098080
worker_3,177,1788087031.427847,50,4.778512,1.104800
worker_3,178,1788087031.432640,50,4.770530,1.096960
worker_3,179,1788087031.437425,50,4.770929,1.096640
worker_3,180,1788087031.442212,50,4.775374,1.096800
worker_3,181,1788087031.447004,50,4.779680,1.096384
worker_3,182,1788087031.451799,50,4.769624,1.096288
worker_3,183,1788087031.456584,50,4.994451,1.104416
worker_3,184,1788087031.461618,50,4.728938,1.096640
worker_3,185,1788087031.466408,50,4.531159,1.096224
worker_3,186,1788087031.470965,50,4.752095,1.097696
worker_3,187,1788087031.475736,50,4.766957,1.098528
worker_3,188,1788087031.480522,50,4.772576,1.098784
worker_3,189,1788087031.485312,50,4.764383,1.099200
worker_3,190,1788087031.490092,50,4.772938,1.095744
worker_3,191,1788087031.494880,50,4.822883,1.098816
worker_3,192,1788087031.499752,50,4.684724,1.098624
worker_3,193,1788087031.504462,50,4.757828,1.101056
worker_3,194,1788087031.509240,50,4.770540,1.096416
worker_3,195,1788087031.514031,50,4.767902,1.099104
worker_3,196,1788087031.518817,50,4.762373,1.098848
worker_3,197,1788087031.523596,50,4.774301,1.100256
worker_3,198,1788087031.528386,50,4.776494,1.096672
worker_3,199,1788087031.533177,50,4.768800,1.096096
worker_3,200,1788087031.537962,50,4.786374,1.097152
worker_3,201,1788087031.542767,50,4.763938,1.096768
worker_3,202,1788087031.547546,50,4.767799,1.097056
worker_3,203,1788087031.552330,50,4.925383,1.098336
worker_3,204,1788087031.557271,50,4.763559,1.096928
worker_3,205,1788087031.562063,50,4.756586,1.097696
worker_3,206,1788087031.566836,50,4.777994,1.096960
worker_3,207,1788087031.571626,50,4.824439,1.096352
worker_3,208,1788087031.576503,50,4.590919,1.096480
worker_3,209,1788087031.581140,50,4.691050,1.095776
worker_3,210,1788087031.585856,50,4.754780,1.098048
worker_3,211,1788087031.590629,50,4.984098,1.095680
worker_3,212,1788087031.595663,50,4.524501,1.096704
worker_3,213,1788087031.600221,50,4.751318,1.099680
worker_3,214,1788087031.604991,50,4.766327,1.096544
worker_3,215,1788087031.609776,50,4.774689,1.095744
worker_3,216,1788087031.614567,50,4.766614,1.097600
worker_3,217,1788087031.619350,50,4.784847,1.098912
worker_3,218,1788087031.624150,50,4.776382,1.100192
worker_3,219,1788087031.628943,50,4.767809,1.098432
worker_3,220,1788087031.633728,50,4.768781,1.097408
worker_3,221,1788087031.638514,50,4.769216,1.096384
worker_3,222,1788087031.643304,50,4.770633,1.097344
worker_3,223,1788087031.648093,50,4.766808,1.098208
worker_3,224,1788087031.652888,50,4.759077,1.097600
worker_3,225,1788087031.657664,50,4.771438,1.096288
worker_3,226,1788087031.662452,50,4.771032,1.098464
worker_3,227,1788087031.667238,50,4.803235,1.098048
worker_3,228,1788087031.672058,50,4.774217,1.097792
worker_3,229,1788087031.676848,50,4.768521,1.097216
worker_3,230,1788087031.681631,50,4.769912,1.096832
worker_3,231,1788087031.686417,50,4.777114,1.098336
worker_3,232,1788087031.691213,50,4.777614,1.099296
worker_3,233,1788087031.696008,50,4.769846,1.100960
worker_3,234,1788087031.700793,50,4.765003,1.096832
worker_3,235,1788087031.705574,50,4.775458,1.099936
worker_3,236,1788087031.710366,50,4.986422,1.098592
worker_3,237,1788087031.715401,50,4.539650,1.096800
worker_3,238,1788087031.719967,50,4.759484,1.097792
worker_3,239,1788087031.724745,50,4.778198,1.103808
worker_3,240,1788087031.729539,50,4.972126,1.095456
worker_3,241,1788087031.734559,50,4.541576,1.097184
worker_3,242,1788087031.739131,50,4.948162,1.097056
worker_3,243,1788087031.744128,50,4.533067,1.096288
worker_3,244,1788087031.748699,50,4.951125,1.099584
worker_3,245,1788087031.753701,50,4.530651,1.098560
worker_3,246,1788087031.758257,50,4.970960,1.098016
worker_3,247,1788087031.763277,50,4.532687,1.096160
worker_3,248,1788087031.767835,50,4.760447,1.098400
worker_3,249,1788087031.772615,50,4.772068,1.099680
worker_3,250,1788087031.777405,50,4.977598,1.097184
worker_3,251,1788087031.782432,50,4.540928,1.097600
worker_3,252,1788087031.786998,50,4.962070,1.096640
worker_3,253,1788087031.792009,50,4.539743,1.097120
worker_3,254,1788087031.796573,50,4.962228,1.100928
worker_3,255,1788087031.801583,50,4.535058,1.096960
worker_3,256,1788087031.806145,50,4.992671,1.096800
worker_3,257,1788087031.811186,50,4.536252,1.098944
worker_3,258,1788087031.815746,50,4.758336,1.096576
worker_3,259,1788087031.820521,50,4.765782,1.097152
worker_3,260,1788087031.825304,50,4.991561,1.097600
worker_3,261,1788087031.830343,50,4.534436,1.098592
worker_3,262,1788087031.834902,50,4.755651,1.096480
worker_3,263,1788087031.839690,50,4.753901,1.097728
worker_3,264,1788087031.844464,50,4.768892,1.101056
worker_3,265,1788087031.849248,50,4.770531,1.098336
worker_3,266,1788087031.854035,50,4.799355,1.096640
worker_3,267,1788087031.858850,50,4.765771,1.097056
worker_3,268,1788087031.863633,50,4.775707,1.096448
worker_3,269,1788087031.868428,50,4.761281,1.098304
worker_3,270,1788087031.873207,50,4.767198,1.097312
worker_3,271,1788087031.877989,50,4.775457,1.097824
worker_3,272,1788087031.882782,50,4.774569,1.096800
worker_3,273,1788087031.887573,50,4.768226,1.098688
worker_3,274,1788087031.892357,50,4.769671,1.099904
worker_3,275,1788087031.897142,50,4.769522,1.098304
worker_3,276,1788087031.901928,50,4.789958,1.098304
worker_3,277,1788087031.906733,50,4.771985,1.096480
worker_3,278,1788087031.911521,50,4.775818,1.098720
worker_3,279,1788087031.916312,50,4.772884,1.098240
worker_3,280,1788087031.921099,50,4.772151,1.097568
worker_3,281,1788087031.925887,50,4.780754,1.098912
worker_3,282,1788087031.930683,50,4.768883,1.096704
worker_3,283,1788087031.935480,50,4.920858,1.095808
worker_3,284,1788087031.940418,50,4.787355,1.101696
worker_3,285,1788087031.945221,50,4.765791,1.095744
worker_3,286,1788087031.950002,50,4.706688,1.096960
worker_3,287,1788087031.954724,50,4.841124,1.097856
worker_3,288,1788087031.959581,50,4.765234,1.097440
worker_3,289,1788087031.964362,50,4.786041,1.107232
worker_3,290,1788087031.969163,50,4.945876,1.098176
worker_3,291,1788087031.974160,50,4.675661,1.097504
worker_3,292,1788087031.978882,50,4.509288,1.098240
worker_3,293,1788087031.983415,50,4.749253,1.097536
worker_3,294,1788087031.988183,50,4.975570,1.100384
worker_3,295,1788087031.993206,50,4.734087,1.097536
worker_3,296,1788087031.997988,50,4.541992,1.098240
worker_3,297,1788087032.002553,50,4.758559,1.097792
worker_3,298,1788087032.007331,50,4.975357,1.096800
worker_3,299,1788087032.012355,50,4.539334,1.099328
worker_3,300,1788087032.016917,50,4.969043,1.097984
worker_3,301,1788087032.021937,50,4.542955,1.097568
worker_3,302,1788087032.026519,50,4.947968,1.096992
worker_3,303,1788087032.031515,50,4.554159,1.097024
worker_3,304,1788087032.036094,50,4.761115,1.100768
worker_3,305,1788087032.040873,50,4.764763,1.096576
worker_3,306,1788087032.045655,50,4.981802,1.097504
worker_3,307,1788087032.050686,50,4.534556,1.097600
worker_3,308,1788087032.055246,50,4.787170,1.097248
worker_3,309,1788087032.060053,50,4.766161,1.098464
worker_3,310,1788087032.064936,50,4.673187,1.099136
worker_3,311,1788087032.069627,50,4.770865,1.098496
worker_3,312,1788087032.074416,50,4.979412,1.097664
worker_3,313,1788087032.079445,50,4.540547,1.097088
worker_3,314,1788087032.084010,50,4.757800,1.099808
worker_3,315,1788087032.088787,50,4.766660,1.098496
worker_3,316,1788087032.093572,50,4.975737,1.098752
worker_3,317,1788087032.098598,50,4.538335,1.098784
worker_3,318,1788087032.103161,50,4.759679,1.097792
worker_3,319,1788087032.107939,50,4.769012,1.096064
worker_3,320,1788087032.112724,50,4.762346,1.100000
worker_3,321,1788087032.117503,50,4.768484,1.097504
worker_3,322,1788087032.122301,50,4.752262,1.097056
worker_3,323,1788087032.127069,50,4.771225,1.098112
worker_3,324,1788087032.131857,50,4.777114,1.097120
worker_3,325,1788087032.136649,50,4.778411,1.096768
worker_3,326,1788087032.141443,50,4.771225,1.096800
worker_3,327,1788087032.146232,50,4.775142,1.096640
worker_3,328,1788087032.151022,50,4.770752,1.096960
worker_3,329,1788087032.155808,50,4.771244,1.096352
worker_3,330,1788087032.160596,50,4.771707,1.097440
worker_3,331,1788087032.165383,50,4.773661,1.096608
worker_3,332,1788087032.170172,50,4.787521,1.096320
worker_3,333,1788087032.174974,50,4.769661,1.096704
worker_3,334,1788087032.179759,50,4.784503,1.103488
worker_3,335,1788087032.184559,50,4.774447,1.096064
worker_3,336,1788087032.189348,50,4.770707,1.096512
worker_3,337,1788087032.194134,50,4.771234,1.097216
worker_3,338,1788087032.198920,50,4.767512,1.097024
worker_3,339,1788087032.203703,50,4.769632,1.101056
worker_3,340,1788087032.208488,50,4.785327,1.097024
worker_3,341,1788087032.213293,50,4.762597,1.096416
worker_3,342,1788087032.218072,50,4.790679,1.101504
worker_3,343,1788087032.222878,50,4.766290,1.096736
worker_3,344,1788087032.227659,50,4.770077,1.096544
worker_3,345,1788087032.232445,50,4.767837,1.099424
worker_3,346,1788087032.237228,50,4.773438,1.095776
worker_3,347,1788087032.242115,50,4.671401,1.096384
worker_3,348,1788087032.246810,50,4.764216,1.096928
worker_3,349,1788087032.251592,50,4.765198,1.098464
worker_3,350,1788087032.256375,50,4.764901,1.097248
worker_3,351,1788087032.261156,50,4.767596,1.095552
worker_3,352,1788087032.265939,50,4.771697,1.098112
worker_3,353,1788087032.270727,50,4.973958,1.096736
worker_3,354,1788087032.275750,50,4.739225,1.098208
worker_3,355,1788087032.280539,50,4.736225,1.097440
worker_3,356,1788087032.285319,50,4.743513,1.096576
worker_3,357,1788087032.290110,50,4.744531,1.105440
worker_3,358,1788087032.294901,50,4.735846,1.096864
worker_3,359,1788087032.299683,50,4.547363,1.099072
worker_3,360,1788087032.304255,50,4.755494,1.098496
worker_3,361,1788087032.309042,50,4.755661,1.096992
worker_3,362,1788087032.313815,50,4.982144,1.096704
worker_3,363,1788087032.318846,50,4.529983,1.096032
worker_3,364,1788087032.323402,50,4.756993,1.099424
worker_3,365,1788087032.328177,50,4.768920,1.096608
worker_3,366,1788087032.332961,50,4.803364,1.097632
worker_3,367,1788087032.337781,50,4.765356,1.097248
worker_3,368,1788087032.342562,50,4.979847,1.096992
worker_3,369,1788087032.347593,50,4.531715,1.097792
worker_3,370,1788087032.352151,50,4.755614,1.096352
worker_3,371,1788087032.356925,50,4.764513,1.101792
worker_3,372,1788087032.361706,50,4.826828,1.096864
worker_3,373,1788087032.366584,50,4.679891,1.098752
worker_3,374,1788087032.371292,50,4.776243,1.098496
worker_3,375,1788087032.376087,50,4.765928,1.096896
worker_3,376,1788087032.380870,50,4.768382,1.096320
worker_3,377,1788087032.385653,50,4.987681,1.096960
worker_3,378,1788087032.390691,50,4.531632,1.096960
worker_3,379,1788087032.395247,50,4.769669,1.097280
worker_3,380,1788087032.400047,50,4.757291,1.104480
worker_3,381,1788087032.404822,50,4.769151,1.098112
worker_3,382,1788087032.409606,50,4.980478,1.095328
worker_3,383,1788087032.414635,50,4.534752,1.098432
worker_3,384,1788087032.419195,50,4.768605,1.097824
worker_3,385,1788087032.423982,50,4.763763,1.098080
worker_3,386,1788087032.428764,50,4.765300,1.095744
worker_3,387,1788087032.433547,50,4.766634,1.096896
worker_3,388,1788087032.438330,50,4.980607,1.097152
worker_3,389,1788087032.443361,50,4.552873,1.096640
worker_3,390,1788087032.447939,50,4.750151,1.096384
worker_3,391,1788087032.452707,50,4.771818,1.098592
worker_3,392,1788087032.457495,50,4.991885,1.095872
worker_3,393,1788087032.462536,50,4.520075,1.096704
worker_3,394,1788087032.467082,50,4.967357,1.097600
worker_3,395,1788087032.472099,50,4.535528,1.097792
worker_3,396,1788087032.476659,50,4.963922,1.096992
worker_3,397,1788087032.481671,50,4.530056,1.096736
worker_3,398,1788087032.486227,50,4.966672,1.097024
worker_3,399,1788087032.491240,50,4.543464,1.096800
worker_3,400,1788087032.495821,50,4.745439,1.096896
worker_3,401,1788087032.500587,50,4.766031,1.104576
worker_3,402,1788087032.505372,50,4.972514,1.096928
worker_3,403,1788087032.510392,50,4.556426,1.096352
worker_3,404,1788087032.514975,50,4.974283,1.096544
worker_3,405,1788087032.519997,50,4.514010,1.098720
worker_3,406,1788087032.524536,50,4.967236,1.098912
worker_3,407,1788087032.529552,50,4.538678,1.099008
worker_3,408,1788087032.534117,50,4.972876,1.097504
worker_3,409,1788087032.539138,50,4.531279,1.097088
worker_3,410,1788087032.543694,50,4.758956,1.096576
worker_3,411,1788087032.548471,50,4.768577,1.100864
worker_3,412,1788087032.553257,50,4.978523,1.096160
worker_3,413,1788087032.558286,50,4.554288,1.099584
worker_3,414,1788087032.562866,50,4.957283,1.096320
worker_3,415,1788087032.567871,50,4.537492,1.097280
worker_3,416,1788087032.572432,50,4.968181,1.098144
worker_3,417,1788087032.577448,50,4.535131,1.096448
worker_3,418,1788087032.582010,50,4.967487,1.096128
worker_3,419,1788087032.587036,50,4.524418,1.096704
worker_3,420,1788087032.591586,50,4.753097,1.096576
worker_3,421,1788087032.596357,50,4.767059,1.100256
worker_3,422,1788087032.601141,50,4.976857,1.095488
worker_3,423,1788087032.606165,50,4.549556,1.096736
worker_3,424,1788087032.610740,50,4.959320,1.097280
worker_3,425,1788087032.615746,50,4.536705,1.097824
worker_3,426,1788087032.620309,50,4.974940,1.097632
worker_3,427,1788087032.625334,50,4.522890,1.096352
worker_3,428,1788087032.629882,50,4.986153,1.097600
worker_3,429,1788087032.634917,50,4.512529,1.096224
worker_3,430,1788087032.639454,50,4.767058,1.096384
worker_3,431,1788087032.644240,50,4.759041,1.098176
worker_3,432,1788087032.649017,50,4.780345,1.096640
worker_3,433,1788087032.653814,50,4.773873,1.097728
worker_3,434,1788087032.658603,50,4.980301,1.096416
worker_3,435,1788087032.663634,50,4.676039,1.097440
worker_3,436,1788087032.668333,50,4.970107,1.099552
worker_3,437,1788087032.673352,50,4.545427,1.096160
worker_3,438,1788087032.677923,50,4.823430,1.097472
worker_3,439,1788087032.682805,50,4.522974,1.098464
worker_3,440,1788087032.687354,50,4.781393,1.098240
worker_3,441,1788087032.692154,50,4.762355,1.097408
worker_3,442,1788087032.696933,50,4.767410,1.098976
worker_3,443,1788087032.701717,50,4.780532,1.110976
worker_3,444,1788087032.706513,50,5.004070,1.096864
worker_3,445,1788087032.711567,50,4.531178,1.096512
worker_3,446,1788087032.716123,50,4.752957,1.100576
worker_3,447,1788087032.720895,50,4.771337,1.097280
worker_3,448,1788087032.725682,50,4.974357,1.096800
worker_3,449,1788087032.730705,50,4.525298,1.097376
worker_3,450,1788087032.735255,50,4.785161,1.096256
worker_3,451,1788087032.740059,50,4.766263,1.100640
worker_3,452,1788087032.744842,50,4.769189,1.095104
worker_3,453,1788087032.749627,50,4.770531,1.098368
worker_3,454,1788087032.754413,50,4.766132,1.097088
worker_3,455,1788087032.759195,50,4.985097,1.096128
worker_3,456,1788087032.764241,50,4.520001,1.099328
worker_3,457,1788087032.768785,50,4.961171,1.096064
worker_3,458,1788087032.773809,50,4.516019,1.097344
worker_3,459,1788087032.778350,50,4.754225,1.097792
worker_3,460,1788087032.783123,50,5.026144,1.097920
worker_3,461,1788087032.788198,50,4.510825,1.098944
worker_3,462,1788087032.792734,50,4.956746,1.097536
worker_3,463,1788087032.797739,50,4.535512,1.096928
worker_3,464,1788087032.802394,50,4.867606,1.097984
worker_3,465,1788087032.807309,50,4.534965,1.096640
worker_3,466,1788087032.811871,50,4.750892,1.096416
worker_3,467,1788087032.816640,50,4.770309,1.097760
worker_3,468,1788087032.821426,50,4.973653,1.096032
worker_3,469,1788087032.826450,50,4.545631,1.097344
worker_3,470,1788087032.831022,50,4.958264,1.097664
worker_3,471,1788087032.836028,50,4.534233,1.095776
worker_3,472,1788087032.840587,50,4.966644,1.102944
worker_3,473,1788087032.845603,50,4.532289,1.098624
worker_3,474,1788087032.850160,50,4.977755,1.096640
worker_3,475,1788087032.855186,50,4.528641,1.096448
worker_3,476,1788087032.859740,50,4.760467,1.098560
worker_3,477,1788087032.864522,50,4.763484,1.097120
worker_3,478,1788087032.869313,50,4.754095,1.096544
worker_3,479,1788087032.874085,50,4.768808,1.096608
worker_3,480,1788087032.878870,50,4.969579,1.096672
worker_3,481,1788087032.883891,50,4.547649,1.109024
worker_3,482,1788087032.888464,50,4.970681,1.097952
worker_3,483,1788087032.893481,50,4.535927,1.095872
worker_3,484,1788087032.898041,50,4.777244,1.097120
worker_3,485,1788087032.902838,50,4.978829,1.096384
worker_3,486,1788087032.907865,50,4.533399,1.097312
worker_3,487,1788087032.912423,50,4.965477,1.104320
worker_3,488,1788087032.917437,50,4.535334,1.096704
worker_3,489,1788087032.921996,50,4.966135,1.097696
worker_3,490,1788087032.927011,50,4.535815,1.096672
worker_3,491,1788087032.931571,50,4.762254,1.098304
worker_3,492,1788087032.936352,50,4.762364,1.096736
worker_3,493,1788087032.941131,50,4.976551,1.098144
worker_3,494,1788087032.946157,50,4.528622,1.098592
worker_3,495,1788087032.950711,50,4.961523,1.096800
worker_3,496,1788087032.955721,50,4.540501,1.097216
worker_3,497,1788087032.960301,50,4.950412,1.098720
worker_3,498,1788087032.965300,50,4.529445,1.096800
worker_3,499,1788087032.969856,50,4.970441,1.096352
worker_3,500,1788087032.974875,50,4.530048,1.098464
worker_3,501,1788087032.979431,50,4.750188,1.095968
worker_3,502,1788087032.984200,50,4.769208,1.096576
worker_3,503,1788087032.988987,50,4.768160,1.096768
worker_3,504,1788087032.993773,50,4.773068,1.095680
worker_3,505,1788087032.998563,50,4.770040,1.096800
worker_3,506,1788087033.003350,50,5.000496,1.097728
worker_3,507,1788087033.008399,50,4.530771,1.097088
worker_3,508,1788087033.012953,50,4.761142,1.098688
worker_3,509,1788087033.017733,50,4.765671,1.097728
worker_3,510,1788087033.022517,50,4.762420,1.096256
worker_3,511,1788087033.027296,50,4.777903,1.096832
worker_3,512,1788087033.032090,50,4.775142,1.099360
worker_3,513,1788087033.036881,50,4.770142,1.096576
worker_3,514,1788087033.041667,50,4.773568,1.097280
worker_3,515,1788087033.046456,50,4.764550,1.096640
worker_3,516,1788087033.051239,50,4.792855,1.099008
worker_3,517,1788087033.056060,50,4.762087,1.102144
worker_3,518,1788087033.060837,50,5.002061,1.095584
worker_3,519,1788087033.065889,50,4.508187,1.097760
worker_3,520,1788087033.070422,50,4.969033,1.097536
worker_3,521,1788087033.075441,50,4.543243,1.098496
worker_3,522,1788087033.080011,50,4.796012,1.097568
worker_3,523,1788087033.084826,50,4.722410,1.098368
worker_3,524,1788087033.089566,50,5.142220,1.099360
worker_3,525,1788087033.094756,50,4.368852,1.096032
worker_3,526,1788087033.099151,50,4.756355,1.098592
worker_3,527,1788087033.103926,50,4.764763,1.097088
worker_3,528,1788087033.108710,50,4.768466,1.097760
worker_3,529,1788087033.113497,50,4.766772,1.097856
worker_3,530,1788087033.118282,50,4.780318,1.098816
worker_3,531,1788087033.123078,50,4.766245,1.096224
worker_3,532,1788087033.127860,50,4.779660,1.103520
worker_3,533,1788087033.132655,50,4.776495,1.097824
worker_3,534,1788087033.137445,50,4.763207,1.096224
worker_3,535,1788087033.142223,50,4.769106,1.097856
worker_3,536,1788087033.147016,50,4.768523,1.096448
worker_3,537,1788087033.151800,50,4.983551,1.099264
worker_3,538,1788087033.156834,50,4.524715,1.096928
worker_3,539,1788087033.161382,50,4.760337,1.098720
worker_3,540,1788087033.166163,50,4.764976,1.096416
worker_3,541,1788087033.170944,50,4.980339,1.097152
worker_3,542,1788087033.175974,50,4.536261,1.100416
worker_3,543,1788087033.180537,50,4.962912,1.097312
worker_3,544,1788087033.185548,50,4.538289,1.097184
worker_3,545,1788087033.190112,50,4.957218,1.096512
worker_3,546,1788087033.195119,50,4.535836,1.096896
worker_3,547,1788087033.199677,50,4.773587,1.103456
worker_3,548,1788087033.204469,50,4.786318,1.097248
worker_3,549,1788087033.209271,50,4.974440,1.096960
worker_3,550,1788087033.214296,50,4.561593,1.099424
worker_3,551,1788087033.218883,50,4.970144,1.097760
worker_3,552,1788087033.223902,50,4.531686,1.097152
worker_3,553,1788087033.228459,50,4.818161,1.097952
worker_3,554,1788087033.233326,50,4.677308,1.096128
worker_3,555,1788087033.238029,50,4.981097,1.097984
worker_3,556,1788087033.243071,50,4.514223,1.096512
worker_3,557,1788087033.247612,50,4.753957,1.097344
worker_3,558,1788087033.252386,50,4.761605,1.099584
worker_3,559,1788087033.257165,50,4.772967,1.096672
worker_3,560,1788087033.261955,50,4.771781,1.096736
worker_3,561,1788087033.266742,50,4.768115,1.096448
worker_3,562,1788087033.271526,50,4.775679,1.096608
worker_3,563,1788087033.276319,50,4.772106,1.099808
worker_3,564,1788087033.281106,50,4.977625,1.096544
worker_3,565,1788087033.286134,50,4.536659,1.096928
worker_3,566,1788087033.290693,50,4.970125,1.096704
worker_3,567,1788087033.295711,50,4.528595,1.096000
worker_3,568,1788087033.300267,50,4.966450,1.096544
worker_3,569,1788087033.305283,50,4.538039,1.096192
worker_3,570,1788087033.309846,50,4.752874,1.096320
worker_3,571,1788087033.314618,50,4.976329,1.098080
worker_3,572,1788087033.319646,50,4.527058,1.097536
worker_3,573,1788087033.324198,50,4.762513,1.098304
worker_3,574,1788087033.328980,50,4.784245,1.097344
worker_3,575,1788087033.333792,50,4.963450,1.096768
worker_3,576,1788087033.338805,50,4.532575,1.098368
worker_3,577,1788087033.343363,50,4.756179,1.097696
worker_3,578,1788087033.348138,50,4.763123,1.097184
worker_3,579,1788087033.352918,50,4.792522,1.100960
worker_3,580,1788087033.357727,50,4.768299,1.097472
worker_3,581,1788087033.362511,50,4.977005,1.097024
worker_3,582,1788087033.367538,50,4.530316,1.096896
worker_3,583,1788087033.372096,50,4.751051,1.096608
worker_3,584,1788087033.376864,50,4.785262,1.099424
worker_3,585,1788087033.381666,50,4.980515,1.098272
worker_3,586,1788087033.386698,50,4.531224,1.098848
worker_3,587,1788087033.391254,50,4.757439,1.099040
worker_3,588,1788087033.396028,50,4.771171,1.098848
worker_3,589,1788087033.400816,50,4.777448,1.097728
worker_3,590,1788087033.405609,50,4.768958,1.097600
worker_3,591,1788087033.410393,50,4.988107,1.097056
worker_3,592,1788087033.415433,50,4.526010,1.097824
worker_3,593,1788087033.419984,50,4.761345,1.096576
worker_3,594,1788087033.424765,50,4.775976,1.105600
worker_3,595,1788087033.429564,50,4.975033,1.097344
worker_3,596,1788087033.434588,50,4.530260,1.095808
worker_3,597,1788087033.439143,50,4.964829,1.096704
worker_3,598,1788087033.444155,50,4.534649,1.097504
worker_3,599,1788087033.448714,50,4.973551,1.104032
worker_3,600,1788087033.453736,50,4.534760,1.096416
worker_3,601,1788087033.458295,50,4.967338,1.096160
worker_3,602,1788087033.463310,50,4.539502,1.099424
worker_3,603,1788087033.467873,50,4.760587,1.096352
worker_3,604,1788087033.472651,50,4.777949,1.099616
worker_3,605,1788087033.477444,50,4.976690,1.097568
worker_3,606,1788087033.482469,50,4.540688,1.098496
worker_3,607,1788087033.487033,50,4.959560,1.095840
worker_3,608,1788087033.492039,50,4.542622,1.098528
worker_3,609,1788087033.496606,50,4.787356,1.100000
worker_3,610,1788087033.501426,50,4.733095,1.097856
worker_3,611,1788087033.506178,50,4.786550,1.096384
worker_3,612,1788087033.510983,50,4.766059,1.098688
worker_3,613,1788087033.515765,50,4.772986,1.097184
worker_3,614,1788087033.520563,50,4.757706,1.098144
worker_3,615,1788087033.525337,50,4.766134,1.097088
worker_3,616,1788087033.530118,50,4.791799,1.097600
worker_3,617,1788087033.534925,50,4.761179,1.095424
worker_3,618,1788087033.539788,50,4.686789,1.097792
worker_3,619,1788087033.544492,50,4.975025,1.099328
worker_3,620,1788087033.549518,50,4.681762,1.097056
worker_3,621,1788087033.554226,50,4.840411,1.098976
worker_3,622,1788087033.559115,50,4.520473,1.096032
worker_3,623,1788087033.563662,50,4.749799,1.097440
worker_3,624,1788087033.568432,50,4.766123,1.098400
worker_3,625,1788087033.573216,50,4.977866,1.098432
worker_3,626,1788087033.578244,50,4.529362,1.096352
worker_3,627,1788087033.582797,50,4.963023,1.096384
worker_3,628,1788087033.587808,50,4.540852,1.098144
worker_3,629,1788087033.592374,50,4.983375,1.096128
worker_3,630,1788087033.597406,50,4.538473,1.098656
worker_3,631,1788087033.601969,50,4.962412,1.098752
worker_3,632,1788087033.606980,50,4.537287,1.097824
worker_3,633,1788087033.611541,50,4.759078,1.096032
worker_3,634,1788087033.616338,50,4.745428,1.097856
worker_3,635,1788087033.621100,50,4.764624,1.096000
worker_3,636,1788087033.625882,50,4.771735,1.096736
worker_3,637,1788087033.630669,50,4.946857,1.097120
worker_3,638,1788087033.635654,50,4.597753,1.097248
worker_3,639,1788087033.640277,50,4.954041,1.100992
worker_3,640,1788087033.645279,50,4.536604,1.097184
worker_3,641,1788087033.649840,50,4.964968,1.097856
worker_3,642,1788087033.654852,50,4.537845,1.097248
worker_3,643,1788087033.659417,50,4.772466,1.097632
worker_3,644,1788087033.664208,50,4.769735,1.099840
worker_3,645,1788087033.668995,50,4.768597,1.098912
worker_3,646,1788087033.673779,50,4.778031,1.097216
worker_3,647,1788087033.678572,50,4.978060,1.097024
worker_3,648,1788087033.683600,50,4.548482,1.096160
worker_3,649,1788087033.688172,50,4.760411,1.100832
worker_3,650,1788087033.692952,50,4.764576,1.098976
worker_3,651,1788087033.697734,50,4.978978,1.096288
worker_3,652,1788087033.702763,50,4.534779,1.096640
worker_3,653,1788087033.707334,50,4.760337,1.098560
worker_3,654,1788087033.712113,50,4.761031,1.097152
worker_3,655,1788087033.716892,50,4.766725,1.096768
worker_3,656,1788087033.721674,50,4.770559,1.096160
worker_3,657,1788087033.726460,50,4.975153,1.096512
worker_3,658,1788087033.731488,50,4.553769,1.097184
worker_3,659,1788087033.736067,50,4.755967,1.096416
worker_3,660,1788087033.740841,50,4.794132,1.112864
worker_3,661,1788087033.745651,50,4.776338,1.097824
worker_3,662,1788087033.750443,50,4.773420,1.097536
worker_3,663,1788087033.755232,50,4.977403,1.096768
worker_3,664,1788087033.760270,50,4.525649,1.098112
worker_3,665,1788087033.764821,50,4.958514,1.098400
worker_3,666,1788087033.769829,50,4.535427,1.097824
worker_3,667,1788087033.774392,50,4.964181,1.096640
worker_3,668,1788087033.779403,50,4.539455,1.097600
worker_3,669,1788087033.783967,50,4.757688,1.096672
worker_3,670,1788087033.788744,50,4.782198,1.104064
worker_3,671,1788087033.793543,50,4.984459,1.098528
worker_3,672,1788087033.798576,50,4.536131,1.096896
worker_3,673,1788087033.803151,50,4.956033,1.096896
worker_3,674,1788087033.808154,50,4.537325,1.095712
worker_3,675,1788087033.812716,50,4.975903,1.101600
worker_3,676,1788087033.817739,50,4.529149,1.097632
worker_3,677,1788087033.822293,50,4.977116,1.096416
worker_3,678,1788087033.827318,50,4.530371,1.097312
worker_3,679,1788087033.831874,50,4.754281,1.096960
worker_3,680,1788087033.836647,50,4.773114,1.100704
worker_3,681,1788087033.841436,50,4.975718,1.095520
worker_3,682,1788087033.846463,50,4.539780,1.097632
worker_3,683,1788087033.851027,50,4.967468,1.097888
worker_3,684,1788087033.856041,50,4.533289,1.097408
worker_3,685,1788087033.860602,50,4.769614,1.099424
worker_3,686,1788087033.865390,50,4.767605,1.099008
worker_3,687,1788087033.870174,50,4.979486,1.096448
worker_3,688,1788087033.875203,50,4.541946,1.098176
worker_3,689,1788087033.879769,50,4.767004,1.103296
worker_3,690,1788087033.884554,50,4.773735,1.097408
worker_3,691,1788087033.889345,50,4.985153,1.096224
worker_3,692,1788087033.894380,50,4.528585,1.095520
worker_3,693,1788087033.898932,50,4.969357,1.097792
worker_3,694,1788087033.903963,50,4.528530,1.100864
worker_3,695,1788087033.908518,50,4.975830,1.096608
worker_3,696,1788087033.913541,50,4.535011,1.096672
worker_3,697,1788087033.918100,50,4.960987,1.097312
worker_3,698,1788087033.923108,50,4.536354,1.097760
worker_3,699,1788087033.927671,50,4.763679,1.101952
worker_3,700,1788087033.932453,50,4.781698,1.096032
worker_3,701,1788087033.937251,50,5.004348,1.097408
worker_3,702,1788087033.942305,50,4.509436,1.096928
worker_3,703,1788087033.946839,50,4.965200,1.096640
worker_3,704,1788087033.951853,50,4.538844,1.097024
worker_3,705,1788087033.956420,50,4.959255,1.097120
worker_3,706,1788087033.961428,50,4.542493,1.098016
worker_3,707,1788087033.965995,50,4.956996,1.095712
worker_3,708,1788087033.971000,50,4.545354,1.098176
worker_3,709,1788087033.975569,50,4.756882,1.095776
worker_3,710,1788087033.980346,50,4.761792,1.098784
worker_3,711,1788087033.985125,50,4.769262,1.096992
worker_3,712,1788087033.989910,50,4.770569,1.097856
worker_3,713,1788087033.994698,50,4.969366,1.097984
worker_3,714,1788087033.999730,50,4.529298,1.096192
worker_3,715,1788087034.004284,50,4.966033,1.099168
worker_3,716,1788087034.009298,50,4.537057,1.098432
worker_3,717,1788087034.013860,50,4.971820,1.096192
worker_3,718,1788087034.018879,50,4.533576,1.097280
worker_3,719,1788087034.023437,50,4.766087,1.098400
worker_3,720,1788087034.028226,50,4.762642,1.098368
worker_3,721,1788087034.033005,50,4.927366,1.098432
worker_3,722,1788087034.037948,50,4.686651,1.096800
worker_3,723,1788087034.042651,50,5.053423,1.096160
worker_3,724,1788087034.047754,50,4.412964,1.097792
worker_3,725,1788087034.052191,50,4.757243,1.097792
worker_3,726,1788087034.056969,50,4.796346,1.098848
worker_3,727,1788087034.061783,50,4.977265,1.098080
worker_3,728,1788087034.066810,50,4.535020,1.096160
worker_3,729,1788087034.071371,50,4.756346,1.097024
worker_3,730,1788087034.076145,50,4.769892,1.097216
worker_3,731,1788087034.080931,50,4.794328,1.103840
worker_3,732,1788087034.085742,50,4.767578,1.096736
worker_3,733,1788087034.090537,50,4.966070,1.097568
worker_3,734,1788087034.095554,50,4.531983,1.097792
worker_3,735,1788087034.100111,50,4.758595,1.100704
worker_3,736,1788087034.104889,50,4.777096,1.099200
worker_3,737,1788087034.109685,50,4.759669,1.096928
worker_3,738,1788087034.114463,50,4.763309,1.097024
worker_3,739,1788087034.119242,50,5.021200,1.097632
worker_3,740,1788087034.124313,50,4.516667,1.102656
worker_3,741,1788087034.128853,50,4.975542,1.097216
worker_3,742,1788087034.133877,50,4.524195,1.097376
worker_3,743,1788087034.138426,50,4.970384,1.098144
worker_3,744,1788087034.143444,50,4.538279,1.097824
worker_3,745,1788087034.148005,50,4.763263,1.100480
worker_3,746,1788087034.152789,50,4.766262,1.096512
worker_3,747,1788087034.157572,50,4.777458,1.102528
worker_3,748,1788087034.162364,50,4.774606,1.096736
worker_3,749,1788087034.167155,50,4.780438,1.098688
worker_3,750,1788087034.171950,50,4.773291,1.098208
worker_3,751,1788087034.176739,50,4.775762,1.098784
worker_3,752,1788087034.181530,50,4.774466,1.096576
worker_3,753,1788087034.186325,50,4.759031,1.095680
worker_3,754,1788087034.191100,50,4.775856,1.096544
worker_3,755,1788087034.195893,50,4.771197,1.099648
worker_3,756,1788087034.200680,50,4.772493,1.098784
worker_3,757,1788087034.205468,50,4.776745,1.099072
worker_3,758,1788087034.210260,50,4.770938,1.097504
worker_3,759,1788087034.215045,50,4.784383,1.099008
worker_3,760,1788087034.219846,50,4.779096,1.099520
worker_3,761,1788087034.224642,50,4.767772,1.096800
worker_3,762,1788087034.229424,50,4.773791,1.097216
worker_3,763,1788087034.234214,50,4.782910,1.096256
worker_3,764,1788087034.239013,50,4.776671,1.096384
worker_3,765,1788087034.243805,50,4.772383,1.099328
worker_3,766,1788087034.248595,50,4.776337,1.100480
worker_3,767,1788087034.253386,50,4.988634,1.097632
worker_3,768,1788087034.258425,50,4.525298,1.095744
worker_3,769,1788087034.262974,50,4.967412,1.096000
worker_3,770,1788087034.267990,50,4.535871,1.099936
worker_3,771,1788087034.272550,50,4.981218,1.096704
worker_3,772,1788087034.277674,50,4.440046,1.095648
worker_3,773,1788087034.282140,50,4.975534,1.096896
worker_3,774,1788087034.287164,50,4.526400,1.097728
worker_3,775,1788087034.291716,50,4.754799,1.097024
worker_3,776,1788087034.296490,50,4.768050,1.100832
worker_3,777,1788087034.301275,50,4.974597,1.096160
worker_3,778,1788087034.306301,50,4.532807,1.097248
worker_3,779,1788087034.310858,50,4.960876,1.097280
worker_3,780,1788087034.315869,50,4.549400,1.099936
worker_3,781,1788087034.320442,50,4.982662,1.098144
worker_3,782,1788087034.325473,50,4.538927,1.097088
worker_3,783,1788087034.330036,50,4.977552,1.097056
worker_3,784,1788087034.335062,50,4.539335,1.097760
worker_3,785,1788087034.339626,50,4.755317,1.096160
worker_3,786,1788087034.344400,50,4.772697,1.101696
worker_3,787,1788087034.349190,50,4.977071,1.095776
worker_3,788,1788087034.354218,50,4.538131,1.095808
worker_3,789,1788087034.358781,50,4.755892,1.097408
worker_3,790,1788087034.363555,50,4.769763,1.098400
worker_3,791,1788087034.368342,50,4.979921,1.099552
worker_3,792,1788087034.373381,50,4.524168,1.096288
worker_3,793,1788087034.377931,50,4.965838,1.097312
worker_3,794,1788087034.382946,50,4.537881,1.098368
worker_3,795,1788087034.387507,50,4.759374,1.097216
worker_3,796,1788087034.392285,50,4.775466,1.100800
worker_3,797,1788087034.397079,50,4.977218,1.097568
worker_3,798,1788087034.402107,50,4.532315,1.098784
worker_3,799,1788087034.406666,50,4.961625,1.095616
worker_3,800,1788087034.411677,50,4.548325,1.097312
worker_3,801,1788087034.416251,50,4.787986,1.099456
worker_3,802,1788087034.421075,50,4.889726,1.098592
worker_3,803,1788087034.425999,50,4.810660,1.098272
worker_3,804,1788087034.430858,50,4.510714,1.098560
worker_3,805,1788087034.435392,50,4.767827,1.097472
worker_3,806,1788087034.440178,50,4.766124,1.098496
worker_3,807,1788087034.444960,50,4.768642,1.098560
worker_3,808,1788087034.449745,50,4.766005,1.097824
worker_3,809,1788087034.454526,50,4.773336,1.098912
worker_3,810,1788087034.459315,50,4.996765,1.097248
worker_3,811,1788087034.464374,50,4.513021,1.097152
worker_3,812,1788087034.468914,50,4.954857,1.095968
worker_3,813,1788087034.473918,50,4.703596,1.096832
worker_3,814,1788087034.478657,50,4.760309,1.096768
worker_3,815,1788087034.483454,50,4.751253,1.097760
worker_3,816,1788087034.488251,50,4.556612,1.097504
worker_3,817,1788087034.492829,50,4.910420,1.096224
worker_3,818,1788087034.497779,50,4.602325,1.097472
worker_3,819,1788087034.502403,50,4.748021,1.096800
worker_3,820,1788087034.507168,50,4.981523,1.098336
worker_3,821,1788087034.512192,50,4.586705,1.097664
worker_3,822,1788087034.516822,50,4.796244,1.097088
worker_3,823,1788087034.521660,50,4.654909,1.095456
worker_3,824,1788087034.526352,50,4.784356,1.099104
worker_3,825,1788087034.531178,50,4.743096,1.096160
worker_3,826,1788087034.535958,50,4.712095,1.099424
worker_3,827,1788087034.540689,50,4.758938,1.096736
worker_3,828,1788087034.545464,50,4.765717,1.098464
worker_3,829,1788087034.550252,50,4.758735,1.096640
worker_3,830,1788087034.555026,50,4.779743,1.097312
worker_3,831,1788087034.559829,50,4.761753,1.096768
worker_3,832,1788087034.564605,50,4.778512,1.104224
worker_3,833,1788087034.569395,50,4.773726,1.098816
worker_3,834,1788087034.574180,50,4.773152,1.097152
worker_3,835,1788087034.578965,50,4.774903,1.096800
worker_3,836,1788087034.583753,50,4.785707,1.099264
worker_3,837,1788087034.588551,50,4.781097,1.096512
worker_3,838,1788087034.593343,50,4.771540,1.096960
worker_3,839,1788087034.598127,50,4.777366,1.097504
worker_3,840,1788087034.602916,50,4.773169,1.097184
worker_3,841,1788087034.607701,50,4.773106,1.096288
worker_3,842,1788087034.612486,50,4.780096,1.098624
worker_3,843,1788087034.617283,50,4.765207,1.099328
worker_3,844,1788087034.622066,50,4.767837,1.096704
worker_3,845,1788087034.626849,50,4.774827,1.097472
worker_3,846,1788087034.631640,50,4.769837,1.097056
worker_3,847,1788087034.636426,50,4.772743,1.095776
worker_3,848,1788087034.641217,50,4.775596,1.097184
worker_3,849,1788087034.646008,50,4.765993,1.098208
worker_3,850,1788087034.650795,50,4.766067,1.095808
worker_3,851,1788087034.655575,50,4.777901,1.098624
worker_3,852,1788087034.660369,50,4.934244,1.096896
worker_3,853,1788087034.665318,50,4.802301,1.097344
worker_3,854,1788087034.670136,50,4.752458,1.096256
worker_3,855,1788087034.674904,50,4.768845,1.098464
worker_3,856,1788087034.679690,50,4.772818,1.096032
worker_3,857,1788087034.684478,50,4.774921,1.099744
worker_3,858,1788087034.689269,50,4.770910,1.095744
worker_3,859,1788087034.694055,50,4.773874,1.097792
worker_3,860,1788087034.698844,50,4.724577,1.097376
worker_3,861,1788087034.703585,50,4.684919,1.098880
worker_3,862,1788087034.708285,50,4.808290,1.096512
worker_3,863,1788087034.713110,50,4.872367,1.097632
worker_3,864,1788087034.718000,50,4.925959,1.097696
worker_3,865,1788087034.722975,50,4.667947,1.098496
worker_3,866,1788087034.727687,50,4.520297,1.096288
worker_3,867,1788087034.732243,50,4.743597,1.096288
worker_3,868,1788087034.737005,50,4.779884,1.103712
worker_3,869,1788087034.741802,50,4.772716,1.097152
worker_3,870,1788087034.746601,50,4.760272,1.097344
worker_3,871,1788087034.751377,50,4.770874,1.098464
worker_3,872,1788087034.756165,50,4.771596,1.098560
worker_3,873,1788087034.760952,50,4.780049,1.097760
worker_3,874,1788087034.765748,50,4.774810,1.098720
worker_3,875,1788087034.770539,50,4.775466,1.097120
worker_3,876,1788087034.775330,50,4.777874,1.098816
worker_3,877,1788087034.780124,50,4.776846,1.095744
worker_3,878,1788087034.784916,50,4.782086,1.097888
worker_3,879,1788087034.789715,50,4.768374,1.097792
worker_3,880,1788087034.794501,50,4.775883,1.097472
worker_3,881,1788087034.799294,50,4.768810,1.096576
worker_3,882,1788087034.804078,50,4.768995,1.097792
worker_3,883,1788087034.808862,50,4.783920,1.096640
worker_3,884,1788087034.813662,50,4.771976,1.098496
worker_3,885,1788087034.818449,50,4.776661,1.097312
worker_3,886,1788087034.823243,50,4.767846,1.097824
worker_3,887,1788087034.828026,50,4.775364,1.098112
worker_3,888,1788087034.832818,50,4.778216,1.099008
worker_3,889,1788087034.837624,50,4.754921,1.097024
worker_3,890,1788087034.842397,50,4.762994,1.098176
worker_3,891,1788087034.847178,50,4.762818,1.097568
worker_3,892,1788087034.851961,50,4.761207,1.096864
worker_3,893,1788087034.856737,50,4.780106,1.100320
worker_3,894,1788087034.861534,50,4.768929,1.096320
worker_3,895,1788087034.866318,50,4.770689,1.097344
worker_3,896,1788087034.871104,50,4.769800,1.097056
worker_3,897,1788087034.875890,50,4.768207,1.097824
worker_3,898,1788087034.880674,50,4.767104,1.099104
worker_3,899,1788087034.885458,50,4.768568,1.098528
worker_3,900,1788087034.890243,50,4.786522,1.098080
worker_3,901,1788087034.895045,50,4.770169,1.096736
worker_3,902,1788087034.899832,50,4.770828,1.096704
worker_3,903,1788087034.904618,50,4.771725,1.099616
worker_3,904,1788087034.909405,50,4.766578,1.097536
worker_3,905,1788087034.914188,50,4.771716,1.097760
worker_3,906,1788087034.918975,50,4.774652,1.096352
worker_3,907,1788087034.923764,50,4.770346,1.095776
worker_3,908,1788087034.928549,50,4.772273,1.096832
worker_3,909,1788087034.933345,50,5.019904,1.096768
worker_3,910,1788087034.938416,50,4.579539,1.097856
worker_3,911,1788087034.943020,50,5.023330,1.097920
worker_3,912,1788087034.948092,50,4.545872,1.100000
worker_3,913,1788087034.952662,50,4.961792,1.097888
worker_3,914,1788087034.957671,50,4.536706,1.096000
worker_3,915,1788087034.962232,50,4.756531,1.096384
worker_3,916,1788087034.967006,50,4.659920,1.097632
worker_3,917,1788087034.971683,50,4.882337,1.098080
worker_3,918,1788087034.976583,50,4.770069,1.098880
worker_3,919,1788087034.981369,50,4.619928,1.097248
worker_3,920,1788087034.986006,50,4.768346,1.098752
worker_3,921,1788087034.990790,50,4.768429,1.096064
worker_3,922,1788087034.995575,50,4.773152,1.101184
worker_3,923,1788087035.000365,50,4.778939,1.099232
worker_3,924,1788087035.005158,50,4.772290,1.097760
worker_3,925,1788087035.009947,50,4.770337,1.098144
worker_3,926,1788087035.014824,50,4.684059,1.097856
worker_3,927,1788087035.019527,50,4.764967,1.096352
worker_3,928,1788087035.024319,50,4.756410,1.097568
worker_3,929,1788087035.029092,50,4.771754,1.098176
worker_3,930,1788087035.033881,50,4.920818,1.096128
worker_3,931,1788087035.038817,50,4.769697,1.097792
worker_3,932,1788087035.043602,50,4.784680,1.098144
worker_3,933,1788087035.048403,50,4.774346,1.100352
worker_3,934,1788087035.053192,50,4.775262,1.096928
worker_3,935,1788087035.057986,50,4.751577,1.098080
worker_3,936,1788087035.062755,50,4.772734,1.098048
worker_3,937,1788087035.067543,50,4.772485,1.098656
worker_3,938,1788087035.072333,50,4.766216,1.096192
worker_3,939,1788087035.077116,50,4.650299,1.098176
worker_3,940,1788087035.081781,50,5.152145,1.098048
worker_3,941,1788087035.086984,50,4.512029,1.099072
worker_3,942,1788087035.091523,50,4.985209,1.096192
worker_3,943,1788087035.096557,50,4.731641,1.098560
worker_3,944,1788087035.101336,50,4.744198,1.097600
worker_3,945,1788087035.106128,50,4.741762,1.098560
worker_3,946,1788087035.110918,50,4.692993,1.097216
worker_3,947,1788087035.115660,50,4.533807,1.096576
worker_3,948,1788087035.120236,50,4.652289,1.096928
worker_3,949,1788087035.124907,50,4.760281,1.097792
worker_3,950,1788087035.129686,50,4.769447,1.099136
worker_3,951,1788087035.134472,50,4.793587,1.109280
worker_3,952,1788087035.139282,50,4.989496,1.097664
worker_3,953,1788087035.144321,50,4.522715,1.096224
worker_3,954,1788087035.148868,50,4.755355,1.099072
worker_3,955,1788087035.153642,50,4.759958,1.095328
worker_3,956,1788087035.158418,50,4.771689,1.096448
worker_3,957,1788087035.163206,50,4.768892,1.097984
worker_3,958,1788087035.167992,50,4.765782,1.096704
worker_3,959,1788087035.172773,50,4.785104,1.098944
worker_3,960,1788087035.177573,50,4.788717,1.097504
worker_3,961,1788087035.182378,50,4.766910,1.098400
worker_3,962,1788087035.187160,50,4.767596,1.097824
worker_3,963,1788087035.191943,50,4.933311,1.101504
worker_3,964,1788087035.196892,50,4.779689,1.099168
worker_3,965,1788087035.201687,50,4.775421,1.098080
worker_3,966,1788087035.206479,50,4.772699,1.098048
worker_3,967,1788087035.211274,50,4.784754,1.097216
worker_3,968,1788087035.216075,50,4.756382,1.098528
worker_3,969,1788087035.220847,50,4.776328,1.096960
worker_3,970,1788087035.225642,50,4.604447,1.096928
worker_3,971,1788087035.230263,50,4.765772,1.097792
worker_3,972,1788087035.235044,50,4.781467,1.097408
worker_3,973,1788087035.239843,50,4.766216,1.097472
worker_3,974,1788087035.244624,50,4.770310,1.099264
worker_3,975,1788087035.249411,50,4.772447,1.097440
worker_3,976,1788087035.254199,50,4.767143,1.096608
worker_3,977,1788087035.258982,50,4.771485,1.096768
worker_3,978,1788087035.263771,50,4.770003,1.097856
worker_3,979,1788087035.268557,50,4.770551,1.096704
worker_3,980,1788087035.273342,50,4.773105,1.098592
worker_3,981,1788087035.278131,50,4.768893,1.097728
worker_3,982,1788087035.282915,50,4.776151,1.098592
worker_3,983,1788087035.287706,50,4.782208,1.098688
worker_3,984,1788087035.292503,50,4.791504,1.097024
worker_3,985,1788087035.297310,50,4.774179,1.096672
worker_3,986,1788087035.302099,50,4.773319,1.097536
worker_3,987,1788087035.306894,50,4.770567,1.096640
worker_3,988,1788087035.311680,50,4.778587,1.101632
worker_3,989,1788087035.316473,50,4.788133,1.096992
worker_3,990,1788087035.321277,50,4.997709,1.096544
worker_3,991,1788087035.326322,50,4.720207,1.096128
worker_3,992,1788087035.331089,50,4.542891,1.097792
worker_3,993,1788087035.335655,50,4.775540,1.103616
worker_3,994,1788087035.340450,50,4.772412,1.095776
worker_3,995,1788087035.345239,50,4.768753,1.097888
worker_3,996,1788087035.350024,50,4.768921,1.097760
worker_3,997,1788087035.354809,50,4.775735,1.097216
worker_3,998,1788087035.359600,50,4.769189,1.097312
worker_3,999,1788087035.364385,50,4.779921,1.102880
worker_3,1000,1788087035.369180,50,4.773605,1.097824
worker_3,1001,1788087035.373970,50,4.769540,1.098656
worker_3,1002,1788087035.378759,50,4.775782,1.097568
worker_3,1003,1788087035.383551,50,4.768411,1.099168
worker_3,1004,1788087035.388335,50,4.782949,1.097088
worker_3,1005,1788087035.393133,50,4.775939,1.096704
worker_3,1006,1788087035.397932,50,4.761171,1.096352
worker_3,1007,1788087035.402709,50,4.773568,1.097216
worker_3,1008,1788087035.407499,50,4.772940,1.098528
worker_3,1009,1788087035.412288,50,4.778234,1.096576
worker_3,1010,1788087035.417084,50,4.770938,1.097440
worker_3,1011,1788087035.421870,50,5.139729,1.097920
worker_3,1012,1788087035.427059,50,4.734299,1.097216
worker_3,1013,1788087035.431844,50,4.381037,1.095360
worker_3,1014,1788087035.436250,50,4.757891,1.098720
worker_3,1015,1788087035.441027,50,4.763429,1.096384
worker_3,1016,1788087035.445807,50,4.783143,1.098688
worker_3,1017,1788087035.450606,50,4.773929,1.098112
worker_3,1018,1788087035.455397,50,4.768634,1.097824
worker_3,1019,1788087035.460182,50,4.769271,1.100896
worker_3,1020,1788087035.464968,50,4.782328,1.098976
worker_3,1021,1788087035.469767,50,4.775004,1.099168
worker_3,1022,1788087035.474560,50,4.769512,1.098400
worker_3,1023,1788087035.479346,50,4.777587,1.096576
worker_3,1024,1788087035.484139,50,4.774966,1.098912
worker_3,1025,1788087035.488930,50,4.766364,1.098176
worker_3,1026,1788087035.493722,50,4.757651,1.096416
worker_3,1027,1788087035.498496,50,4.770430,1.096128
worker_3,1028,1788087035.503283,50,4.766494,1.096736
worker_3,1029,1788087035.508065,50,4.773986,1.096672
worker_3,1030,1788087035.512856,50,4.796263,1.106624
worker_3,1031,1788087035.517668,50,4.771336,1.096480
worker_3,1032,1788087035.522456,50,4.778615,1.098016
worker_3,1033,1788087035.527252,50,4.759541,1.096320
worker_3,1034,1788087035.532030,50,4.770586,1.098752
worker_3,1035,1788087035.536817,50,4.784189,1.102784
worker_3,1036,1788087035.541616,50,4.772022,1.098624
worker_3,1037,1788087035.546404,50,4.769078,1.096768
worker_3,1038,1788087035.551189,50,4.924820,1.097984
worker_3,1039,1788087035.556131,50,4.774948,1.096544
worker_3,1040,1788087035.560922,50,4.781874,1.097792
worker_3,1041,1788087035.565719,50,4.770039,1.098784
worker_3,1042,1788087035.570507,50,4.768865,1.097760
worker_3,1043,1788087035.575291,50,4.640337,1.098432
worker_3,1044,1788087035.579947,50,4.769281,1.100352
worker_3,1045,1788087035.584741,50,4.763291,1.098976
worker_3,1046,1788087035.589521,50,4.766512,1.096768
worker_3,1047,1788087035.594302,50,4.769763,1.098976
worker_3,1048,1788087035.599088,50,4.777660,1.096448
worker_3,1049,1788087035.603882,50,4.775976,1.105056
worker_3,1050,1788087035.608674,50,4.773688,1.097824
worker_3,1051,1788087035.613463,50,4.770967,1.098400
worker_3,1052,1788087035.618250,50,4.772966,1.096448
worker_3,1053,1788087035.623038,50,4.980588,1.096672
worker_3,1054,1788087035.628071,50,4.726347,1.096608
worker_3,1055,1788087035.632846,50,4.745743,1.098336
worker_3,1056,1788087035.637640,50,4.735234,1.096288
worker_3,1057,1788087035.642423,50,4.745309,1.095712
worker_3,1058,1788087035.647216,50,4.736836,1.096896
worker_3,1059,1788087035.651999,50,4.539937,1.098624
worker_3,1060,1788087035.656564,50,4.963255,1.098400
worker_3,1061,1788087035.661576,50,4.537622,1.098240
worker_3,1062,1788087035.666139,50,4.975246,1.095968
worker_3,1063,1788087035.671162,50,4.531650,1.097376
worker_3,1064,1788087035.675718,50,4.760938,1.098720
worker_3,1065,1788087035.680514,50,4.762318,1.105056
worker_3,1066,1788087035.685293,50,4.979867,1.098400
worker_3,1067,1788087035.690325,50,4.553632,1.098912
worker_3,1068,1788087035.694903,50,4.965329,1.096416
worker_3,1069,1788087035.699917,50,4.536696,1.099200
worker_3,1070,1788087035.704478,50,4.972005,1.098848
worker_3,1071,1788087035.709497,50,4.537965,1.097248
worker_3,1072,1788087035.714061,50,4.984079,1.097056
worker_3,1073,1788087035.719094,50,4.529066,1.097760
worker_3,1074,1788087035.723649,50,4.756263,1.098336
worker_3,1075,1788087035.728423,50,4.765041,1.099232
worker_3,1076,1788087035.733204,50,4.981219,1.097664
worker_3,1077,1788087035.738236,50,4.539325,1.097728
worker_3,1078,1788087035.742801,50,4.813892,1.096640
worker_3,1079,1788087035.747753,50,4.588408,1.096448
worker_3,1080,1788087035.752368,50,4.972116,1.097792
worker_3,1081,1788087035.757388,50,4.539780,1.098624
worker_3,1082,1788087035.761954,50,4.960496,1.097216
worker_3,1083,1788087035.766963,50,4.540641,1.099136
worker_3,1084,1788087035.771543,50,4.742049,1.100608
worker_3,1085,1788087035.776305,50,4.757957,1.096064
worker_3,1086,1788087035.781081,50,4.978014,1.097376
worker_3,1087,1788087035.786109,50,4.528604,1.097856
worker_3,1088,1788087035.790663,50,4.965255,1.096704
worker_3,1089,1788087035.795676,50,4.543677,1.096608
worker_3,1090,1788087035.800245,50,4.754875,1.097408
worker_3,1091,1788087035.805018,50,4.772874,1.098432
worker_3,1092,1788087035.809807,50,4.977172,1.096800
worker_3,1093,1788087035.814833,50,4.532427,1.096928
worker_3,1094,1788087035.819390,50,4.753282,1.097056
worker_3,1095,1788087035.824162,50,4.767030,1.096352
worker_3,1096,1788087035.828947,50,4.776347,1.104384
worker_3,1097,1788087035.833745,50,4.767670,1.098240
worker_3,1098,1788087035.838530,50,4.769356,1.097152
worker_3,1099,1788087035.843317,50,4.762365,1.096128
worker_3,1100,1788087035.848096,50,4.773281,1.097760
worker_3,1101,1788087035.852885,50,4.792754,1.117312
worker_3,1102,1788087035.857694,50,4.773105,1.097312
worker_3,1103,1788087035.862485,50,4.770836,1.097792
worker_3,1104,1788087035.867278,50,4.759753,1.097760
worker_3,1105,1788087035.872054,50,4.772355,1.098592
worker_3,1106,1788087035.876842,50,4.769003,1.097824
worker_3,1107,1788087035.881627,50,4.771938,1.102944
worker_3,1108,1788087035.886415,50,4.771188,1.098912
worker_3,1109,1788087035.891202,50,4.781652,1.096960
worker_3,1110,1788087035.895999,50,4.769919,1.096992
worker_3,1111,1788087035.900786,50,4.782763,1.103616
worker_3,1112,1788087035.905585,50,4.980959,1.097632
worker_3,1113,1788087035.910617,50,4.526224,1.097824
worker_3,1114,1788087035.915168,50,4.754429,1.096896
worker_3,1115,1788087035.919940,50,4.767106,1.097792
worker_3,1116,1788087035.924723,50,4.771003,1.098432
worker_3,1117,1788087035.929510,50,4.770754,1.098112
worker_3,1118,1788087035.934296,50,4.990505,1.096544
worker_3,1119,1788087035.939338,50,4.526326,1.096192
worker_3,1120,1788087035.943889,50,4.755541,1.097632
worker_3,1121,1788087035.948663,50,4.771179,1.098848
worker_3,1122,1788087035.953453,50,4.978460,1.095616
worker_3,1123,1788087035.958491,50,4.535334,1.095840
worker_3,1124,1788087035.963054,50,4.751762,1.097792
worker_3,1125,1788087035.967826,50,4.768874,1.097824
worker_3,1126,1788087035.972616,50,4.780707,1.111424
worker_3,1127,1788087035.977414,50,4.764365,1.096288
worker_3,1128,1788087035.982195,50,4.787596,1.097344
worker_3,1129,1788087035.986998,50,4.976727,1.096160
worker_3,1130,1788087035.992024,50,4.536233,1.097792
worker_3,1131,1788087035.996587,50,4.760660,1.103264
worker_3,1132,1788087036.001367,50,4.768698,1.098944
worker_3,1133,1788087036.006154,50,4.765225,1.096608
worker_3,1134,1788087036.010935,50,4.982145,1.096800
worker_3,1135,1788087036.015967,50,4.540315,1.098592
worker_3,1136,1788087036.020531,50,4.964940,1.096992
worker_3,1137,1788087036.025547,50,4.534575,1.097856
worker_3,1138,1788087036.030105,50,4.976968,1.097088
worker_3,1139,1788087036.035130,50,4.531215,1.096096
worker_3,1140,1788087036.039687,50,4.755179,1.098848
worker_3,1141,1788087036.044462,50,4.779235,1.097856
worker_3,1142,1788087036.049258,50,4.978570,1.097472
worker_3,1143,1788087036.054305,50,4.511853,1.096640
worker_3,1144,1788087036.058842,50,4.963301,1.097824
worker_3,1145,1788087036.063853,50,4.537223,1.097120
worker_3,1146,1788087036.068414,50,5.113016,1.096512
worker_3,1147,1788087036.073577,50,4.539252,1.097024
worker_3,1148,1788087036.078142,50,4.976820,1.096544
worker_3,1149,1788087036.083169,50,4.522344,1.098368
worker_3,1150,1788087036.087717,50,4.771504,1.101856
worker_3,1151,1788087036.092507,50,4.775142,1.098144
worker_3,1152,1788087036.097298,50,4.972607,1.096384
worker_3,1153,1788087036.102319,50,4.531233,1.096320
worker_3,1154,1788087036.106875,50,4.829486,1.096512
worker_3,1155,1788087036.111755,50,4.645678,1.096928
worker_3,1156,1788087036.116426,50,4.982384,1.095584
worker_3,1157,1788087036.121457,50,4.532835,1.096960
worker_3,1158,1788087036.126016,50,4.666531,1.098272
worker_3,1159,1788087036.130733,50,4.683707,1.096032
worker_3,1160,1788087036.135441,50,4.756929,1.097792
worker_3,1161,1788087036.140226,50,4.759956,1.096416
worker_3,1162,1788087036.145017,50,4.763531,1.097248
worker_3,1163,1788087036.149798,50,4.764586,1.097376
worker_3,1164,1788087036.154579,50,4.772679,1.096608
worker_3,1165,1788087036.159367,50,4.772189,1.097600
worker_3,1166,1788087036.164155,50,4.778632,1.096864
worker_3,1167,1788087036.168949,50,4.785412,1.098944
worker_3,1168,1788087036.173752,50,4.922089,1.097216
worker_3,1169,1788087036.178690,50,4.739874,1.097344
worker_3,1170,1788087036.183446,50,5.007209,1.098272
worker_3,1171,1788087036.188504,50,4.532354,1.098208
worker_3,1172,1788087036.193062,50,4.968644,1.101088
worker_3,1173,1788087036.198080,50,4.536715,1.098656
worker_3,1174,1788087036.202643,50,4.963523,1.097600
worker_3,1175,1788087036.207656,50,4.446344,1.098592
worker_3,1176,1788087036.212130,50,4.874291,1.099808
worker_3,1177,1788087036.217025,50,4.617012,1.096832
worker_3,1178,1788087036.221659,50,4.979310,1.098272
worker_3,1179,1788087036.226688,50,4.532908,1.095776
worker_3,1180,1788087036.231244,50,4.789828,1.099392
worker_3,1181,1788087036.236052,50,4.761448,1.097632
worker_3,1182,1788087036.240842,50,4.764809,1.098304
worker_3,1183,1788087036.245624,50,4.772420,1.098304
worker_3,1184,1788087036.250412,50,4.830652,1.097312
worker_3,1185,1788087036.255295,50,4.879096,1.096896
worker_3,1186,1788087036.260236,50,4.521047,1.095552
worker_3,1187,1788087036.264785,50,4.975071,1.101888
worker_3,1188,1788087036.269809,50,4.538085,1.098688
worker_3,1189,1788087036.274372,50,4.968764,1.096736
worker_3,1190,1788087036.279388,50,4.537520,1.097184
worker_3,1191,1788087036.283951,50,4.769123,1.097344
worker_3,1192,1788087036.288738,50,4.768817,1.099456
worker_3,1193,1788087036.293524,50,4.980107,1.095872
worker_3,1194,1788087036.298553,50,4.532714,1.098240
worker_3,1195,1788087036.303110,50,4.967644,1.096512
worker_3,1196,1788087036.308127,50,4.678751,1.097120
worker_3,1197,1788087036.312830,50,4.867041,1.098976
worker_3,1198,1788087036.317746,50,4.645298,1.098432
worker_3,1199,1788087036.322418,50,4.964653,1.096928
worker_3,1200,1788087036.327430,50,4.534835,1.095616
worker_3,1201,1788087036.332001,50,4.750744,1.102944
worker_3,1202,1788087036.336771,50,4.771170,1.097344
worker_3,1203,1788087036.341559,50,4.982014,1.098144
worker_3,1204,1788087036.346592,50,4.492807,1.096416
worker_3,1205,1788087036.351111,50,4.790262,1.098784
worker_3,1206,1788087036.355919,50,4.723975,1.096576
worker_3,1207,1788087036.360661,50,4.703235,1.098144
worker_3,1208,1788087036.365381,50,4.826633,1.098592
worker_3,1209,1788087036.370224,50,5.032034,1.097216
worker_3,1210,1788087036.375306,50,4.544196,1.098080
worker_3,1211,1788087036.379876,50,4.596428,1.097664
worker_3,1212,1788087036.384490,50,4.768401,1.098688
worker_3,1213,1788087036.389277,50,4.769088,1.098688
worker_3,1214,1788087036.394062,50,4.798189,1.100384
worker_3,1215,1788087036.398876,50,4.998014,1.097472
worker_3,1216,1788087036.403924,50,4.525354,1.098752
worker_3,1217,1788087036.408474,50,4.963792,1.097280
worker_3,1218,1788087036.413486,50,4.535797,1.097312
worker_3,1219,1788087036.418047,50,4.784087,1.100736
worker_3,1220,1788087036.422848,50,4.774206,1.097408
worker_3,1221,1788087036.427652,50,4.907578,1.096544
worker_3,1222,1788087036.432575,50,4.701290,1.098304
worker_3,1223,1788087036.437293,50,4.849531,1.097536
worker_3,1224,1788087036.442158,50,4.760337,1.098208
worker_3,1225,1788087036.446934,50,4.792328,1.098784
worker_3,1226,1788087036.451742,50,4.771910,1.098176
worker_3,1227,1788087036.456532,50,4.771280,1.096256
worker_3,1228,1788087036.461319,50,4.772430,1.098816
worker_3,1229,1788087036.466106,50,4.771272,1.098368
worker_3,1230,1788087036.470978,50,4.683003,1.095840
worker_3,1231,1788087036.475680,50,4.771808,1.098336
worker_3,1232,1788087036.480469,50,4.773559,1.099392
worker_3,1233,1788087036.485260,50,4.771466,1.097760
worker_3,1234,1788087036.490047,50,4.780560,1.098624
worker_3,1235,1788087036.494842,50,4.618021,1.097120
worker_3,1236,1788087036.499475,50,4.775577,1.098432
worker_3,1237,1788087036.504267,50,4.763346,1.098688
worker_3,1238,1788087036.509046,50,4.766698,1.098528
worker_3,1239,1788087036.513828,50,4.785958,1.096512
worker_3,1240,1788087036.518640,50,4.753095,1.096704
worker_3,1241,1788087036.523411,50,4.776060,1.098368
worker_3,1242,1788087036.528203,50,4.781855,1.108224
worker_3,1243,1788087036.533000,50,4.771967,1.097472
worker_3,1244,1788087036.537789,50,4.775226,1.097408
worker_3,1245,1788087036.542584,50,4.766660,1.098016
worker_3,1246,1788087036.547370,50,4.777911,1.097824
worker_3,1247,1788087036.552166,50,4.772688,1.099808
worker_3,1248,1788087036.556957,50,4.766679,1.098048
worker_3,1249,1788087036.561740,50,4.771309,1.097056
worker_3,1250,1788087036.566528,50,4.926097,1.098176
worker_3,1251,1788087036.571470,50,4.920496,1.096576
worker_3,1252,1788087036.576440,50,4.581844,1.099200
worker_3,1253,1788087036.581046,50,4.992227,1.096192
worker_3,1254,1788087036.586087,50,4.525816,1.097472
worker_3,1255,1788087036.590638,50,4.922903,1.096544
worker_3,1256,1788087036.595610,50,4.584576,1.098272
worker_3,1257,1788087036.600225,50,4.750864,1.097760
worker_3,1258,1788087036.604995,50,4.772114,1.098336
worker_3,1259,1788087036.609783,50,4.855828,1.097952
worker_3,1260,1788087036.614698,50,4.602890,1.096832
worker_3,1261,1788087036.619325,50,4.815199,1.096768
worker_3,1262,1788087036.624161,50,4.774901,1.096256
worker_3,1263,1788087036.628952,50,4.771106,1.098688
worker_3,1264,1788087036.633739,50,4.631216,1.096672
worker_3,1265,1788087036.638386,50,4.971255,1.096608
worker_3,1266,1788087036.643414,50,4.520400,1.096032
worker_3,1267,1788087036.647960,50,4.757151,1.101600
worker_3,1268,1788087036.652738,50,4.792402,1.105600
worker_3,1269,1788087036.657548,50,4.767364,1.097824
worker_3,1270,1788087036.662333,50,4.973061,1.097216
worker_3,1271,1788087036.667357,50,4.533760,1.096000
worker_3,1272,1788087036.671918,50,4.754883,1.097344
worker_3,1273,1788087036.676692,50,4.765587,1.096864
worker_3,1274,1788087036.681474,50,4.980607,1.097952
worker_3,1275,1788087036.686504,50,4.535465,1.097792
worker_3,1276,1788087036.691065,50,5.105830,1.096128
worker_3,1277,1788087036.696233,50,4.527723,1.098176
worker_3,1278,1788087036.700787,50,4.975681,1.099040
worker_3,1279,1788087036.705826,50,4.493214,1.098336
worker_3,1280,1788087036.710344,50,5.005793,1.096832
worker_3,1281,1788087036.715397,50,4.538873,1.097472
worker_3,1282,1788087036.719963,50,4.754706,1.097824
worker_3,1283,1788087036.724736,50,4.759013,1.106688
worker_3,1284,1788087036.729512,50,4.998246,1.097440
worker_3,1285,1788087036.734560,50,4.528269,1.096992
worker_3,1286,1788087036.739114,50,4.975810,1.097856
worker_3,1287,1788087036.744138,50,4.549723,1.099520
worker_3,1288,1788087036.748713,50,4.926903,1.096064
worker_3,1289,1788087036.753687,50,4.511177,1.097120
worker_3,1290,1788087036.758224,50,5.022673,1.097248
worker_3,1291,1788087036.763295,50,4.537594,1.098304
worker_3,1292,1788087036.767859,50,4.764494,1.098976
worker_3,1293,1788087036.772642,50,4.624160,1.096800
worker_3,1294,1788087036.777284,50,4.763087,1.096832
worker_3,1295,1788087036.782064,50,4.765745,1.096672
worker_3,1296,1788087036.786845,50,4.780827,1.098560
worker_3,1297,1788087036.791642,50,4.983579,1.097440
worker_3,1298,1788087036.796676,50,4.530668,1.096608
worker_3,1299,1788087036.801245,50,4.798716,1.095232
worker_3,1300,1788087036.806095,50,4.686327,1.096736
worker_3,1301,1788087036.810806,50,4.747392,1.095904
worker_3,1302,1788087036.815572,50,4.772208,1.099264
worker_3,1303,1788087036.820362,50,4.984116,1.097376
worker_3,1304,1788087036.825395,50,4.537909,1.097120
worker_3,1305,1788087036.829958,50,4.751281,1.096736
worker_3,1306,1788087036.834731,50,5.062340,1.097920
worker_3,1307,1788087036.839843,50,4.583232,1.097792
worker_3,1308,1788087036.844449,50,4.976866,1.096544
worker_3,1309,1788087036.849477,50,4.537864,1.098016
worker_3,1310,1788087036.854040,50,4.766116,1.096736
worker_3,1311,1788087036.858825,50,4.724836,1.098400
worker_3,1312,1788087036.863568,50,4.815153,1.099008
worker_3,1313,1788087036.868401,50,4.848116,1.098688
worker_3,1314,1788087036.873297,50,4.684614,1.096480
worker_3,1315,1788087036.878007,50,4.758104,1.097792
worker_3,1316,1788087036.882782,50,4.773660,1.098656
worker_3,1317,1788087036.887573,50,4.829606,1.097056
worker_3,1318,1788087036.892465,50,4.876782,1.104224
worker_3,1319,1788087036.897388,50,4.392167,1.096992
worker_3,1320,1788087036.901805,50,4.955885,1.096480
worker_3,1321,1788087036.906810,50,4.535900,1.099232
worker_3,1322,1788087036.911372,50,4.755558,1.096384
worker_3,1323,1788087036.916147,50,4.764402,1.096800
worker_3,1324,1788087036.920928,50,4.765289,1.097760
worker_3,1325,1788087036.925710,50,4.777486,1.098048
worker_3,1326,1788087036.930504,50,4.763586,1.096480
worker_3,1327,1788087036.935286,50,4.995534,1.097024
worker_3,1328,1788087036.940331,50,4.524363,1.098464
worker_3,1329,1788087036.944881,50,4.963829,1.097248
worker_3,1330,1788087036.949895,50,4.531603,1.096224
worker_3,1331,1788087036.954450,50,4.962607,1.097280
worker_3,1332,1788087036.959460,50,4.723012,1.096608
worker_3,1333,1788087036.964219,50,4.751753,1.099872
worker_3,1334,1788087036.968991,50,4.765022,1.096512
worker_3,1335,1788087036.973772,50,4.853717,1.098208
worker_3,1336,1788087036.978676,50,4.661086,1.097472
worker_3,1337,1788087036.983363,50,4.759865,1.097696
worker_3,1338,1788087036.988154,50,4.764883,1.098176
worker_3,1339,1788087036.992935,50,4.775355,1.098176
worker_3,1340,1788087036.997726,50,4.772688,1.097568
worker_3,1341,1788087037.002515,50,4.981478,1.097600
worker_3,1342,1788087037.007546,50,4.508862,1.095776
worker_3,1343,1788087037.012079,50,4.704077,1.100896
worker_3,1344,1788087037.016800,50,4.747578,1.097344
worker_3,1345,1788087037.021564,50,4.984394,1.096256
worker_3,1346,1788087037.026599,50,4.639142,1.097824
worker_3,1347,1788087037.031263,50,4.607382,1.097792
worker_3,1348,1788087037.035888,50,4.764958,1.097408
worker_3,1349,1788087037.040672,50,4.763326,1.096128
worker_3,1350,1788087037.045451,50,4.775282,1.097056
worker_3,1351,1788087037.050243,50,4.764595,1.095744
worker_3,1352,1788087037.055024,50,4.984015,1.098144
worker_3,1353,1788087037.060058,50,4.553410,1.109088
worker_3,1354,1788087037.064638,50,4.960366,1.096192
worker_3,1355,1788087037.069648,50,4.534066,1.097344
worker_3,1356,1788087037.074206,50,4.964320,1.097216
worker_3,1357,1788087037.079232,50,4.533260,1.096928
worker_3,1358,1788087037.083793,50,4.921653,1.103776
worker_3,1359,1788087037.088734,50,4.768845,1.097824
worker_3,1360,1788087037.093519,50,4.856059,1.097344
worker_3,1361,1788087037.098424,50,4.668133,1.097760
worker_3,1362,1788087037.103119,50,4.767457,1.097760
worker_3,1363,1788087037.107903,50,4.767244,1.097312
worker_3,1364,1788087037.112688,50,4.776522,1.098208
worker_3,1365,1788087037.117482,50,4.766262,1.098848
worker_3,1366,1788087037.122264,50,4.738272,1.097280
worker_3,1367,1788087037.127018,50,4.817475,1.098176
worker_3,1368,1788087037.131850,50,4.784087,1.099616
worker_3,1369,1788087037.136652,50,4.850115,1.098144
worker_3,1370,1788087037.141551,50,4.531557,1.096736
worker_3,1371,1788087037.146108,50,4.959599,1.097344
worker_3,1372,1788087037.151118,50,4.536056,1.098592
worker_3,1373,1788087037.155678,50,4.764308,1.098496
worker_3,1374,1788087037.160460,50,4.768300,1.097824
worker_3,1375,1788087037.165248,50,4.760707,1.097120
worker_3,1376,1788087037.170025,50,4.767605,1.096800
worker_3,1377,1788087037.174817,50,4.984116,1.102720
worker_3,1378,1788087037.179854,50,4.529576,1.098304
worker_3,1379,1788087037.184407,50,4.959079,1.097056
worker_3,1380,1788087037.189416,50,4.546834,1.103808
worker_3,1381,1788087037.194081,50,4.875985,1.097152
worker_3,1382,1788087037.199005,50,4.525131,1.097568
worker_3,1383,1788087037.203556,50,4.766134,1.101984
worker_3,1384,1788087037.208340,50,4.788586,1.097792
worker_3,1385,1788087037.213145,50,5.133080,1.095520
worker_3,1386,1788087037.218328,50,4.532409,1.097664
worker_3,1387,1788087037.222884,50,4.943088,1.096096
worker_3,1388,1788087037.227877,50,4.560918,1.095616
worker_3,1389,1788087037.232463,50,4.974838,1.096512
worker_3,1390,1788087037.237486,50,4.532779,1.097216
worker_3,1391,1788087037.242044,50,4.960514,1.095968
worker_3,1392,1788087037.247054,50,4.457427,1.097408
worker_3,1393,1788087037.251535,50,4.838624,1.098784
worker_3,1394,1788087037.256394,50,4.773948,1.097408
worker_3,1395,1788087037.261184,50,4.983663,1.097088
worker_3,1396,1788087037.266229,50,4.470852,1.097344
worker_3,1397,1788087037.270726,50,5.036579,1.099872
worker_3,1398,1788087037.275810,50,4.535306,1.097056
worker_3,1399,1788087037.280370,50,4.958200,1.097152
worker_3,1400,1788087037.285378,50,4.538890,1.099712
worker_3,1401,1788087037.289942,50,4.906060,1.102432
worker_3,1402,1788087037.294897,50,4.455511,1.097824
worker_3,1403,1788087037.299376,50,4.759782,1.096480
worker_3,1404,1788087037.304154,50,4.768652,1.098816
worker_3,1405,1788087037.308941,50,4.786688,1.100608
worker_3,1406,1788087037.313746,50,4.772708,1.097248
worker_3,1407,1788087037.318534,50,4.772216,1.097792
worker_3,1408,1788087037.323321,50,4.989617,1.097408
worker_3,1409,1788087037.328360,50,4.537327,1.098240
worker_3,1410,1788087037.332921,50,4.764095,1.097792
worker_3,1411,1788087037.337704,50,4.978145,1.097440
worker_3,1412,1788087037.342734,50,4.540474,1.099264
worker_3,1413,1788087037.347300,50,4.763901,1.096096
worker_3,1414,1788087037.352082,50,4.769893,1.102528
worker_3,1415,1788087037.356868,50,4.768420,1.096608
worker_3,1416,1788087037.361665,50,4.968099,1.096192
worker_3,1417,1788087037.366683,50,4.536251,1.098528
worker_3,1418,1788087037.371243,50,4.787095,1.098336
worker_3,1419,1788087037.376048,50,4.765615,1.098464
worker_3,1420,1788087037.380831,50,4.766606,1.097120
worker_3,1421,1788087037.385615,50,4.769040,1.098272
worker_3,1422,1788087037.390400,50,4.982681,1.097504
worker_3,1423,1788087037.395434,50,4.533093,1.098400
worker_3,1424,1788087037.399992,50,4.761717,1.097856
worker_3,1425,1788087037.404771,50,4.771161,1.099520
worker_3,1426,1788087037.409559,50,4.974773,1.095808
worker_3,1427,1788087037.414585,50,4.530113,1.097600
worker_3,1428,1788087037.419139,50,4.826319,1.097024
worker_3,1429,1788087037.424015,50,4.685355,1.097344
worker_3,1430,1788087037.428725,50,4.755513,1.100864
worker_3,1431,1788087037.433498,50,4.982793,1.096928
worker_3,1432,1788087037.438532,50,4.530140,1.097056
worker_3,1433,1788087037.443088,50,4.963107,1.095936
worker_3,1434,1788087037.448101,50,4.531705,1.096736
worker_3,1435,1788087037.452671,50,4.961320,1.098656
worker_3,1436,1788087037.457681,50,4.534169,1.098048
worker_3,1437,1788087037.462239,50,4.963625,1.096736
worker_3,1438,1788087037.467253,50,4.540639,1.096480
worker_3,1439,1788087037.471820,50,4.751281,1.097088
worker_3,1440,1788087037.476590,50,4.765976,1.096544
worker_3,1441,1788087037.481372,50,4.985616,1.097504
worker_3,1442,1788087037.486408,50,4.531760,1.097472
worker_3,1443,1788087037.490965,50,4.966125,1.098016
worker_3,1444,1788087037.495981,50,4.535585,1.098112
worker_3,1445,1788087037.500545,50,4.967820,1.097024
worker_3,1446,1788087037.505562,50,4.531511,1.097568
worker_3,1447,1788087037.510118,50,4.961700,1.096608
worker_3,1448,1788087037.515129,50,4.545012,1.096992
worker_3,1449,1788087037.519700,50,4.757068,1.100576
worker_3,1450,1788087037.524475,50,4.779995,1.098848
worker_3,1451,1788087037.529272,50,4.989106,1.097888
worker_3,1452,1788087037.534310,50,4.524946,1.098240
worker_3,1453,1788087037.538860,50,4.969450,1.098688
worker_3,1454,1788087037.543880,50,4.529631,1.096096
worker_3,1455,1788087037.548441,50,4.748318,1.096640
worker_3,1456,1788087037.553209,50,4.772161,1.095712
worker_3,1457,1788087037.558001,50,4.762077,1.096576
worker_3,1458,1788087037.562779,50,4.980376,1.096416
worker_3,1459,1788087037.567809,50,4.537834,1.097920
worker_3,1460,1788087037.572372,50,4.972081,1.096928
worker_3,1461,1788087037.577394,50,4.531854,1.096512
worker_3,1462,1788087037.581951,50,4.962181,1.098080
worker_3,1463,1788087037.586962,50,4.538918,1.097824
worker_3,1464,1788087037.591527,50,4.756531,1.097664
worker_3,1465,1788087037.596301,50,4.767412,1.096768
worker_3,1466,1788087037.601085,50,4.981801,1.095744
worker_3,1467,1788087037.606116,50,4.533012,1.097792
worker_3,1468,1788087037.610674,50,4.964810,1.097952
worker_3,1469,1788087037.615689,50,4.553112,1.096960
worker_3,1470,1788087037.620260,50,4.925624,1.096704
worker_3,1471,1788087037.625224,50,4.767484,1.097664
worker_3,1472,1788087037.630039,50,4.585965,1.098208
worker_3,1473,1788087037.634663,50,4.746679,1.096928
worker_3,1474,1788087037.639457,50,4.739632,1.098272
worker_3,1475,1788087037.644244,50,4.875494,1.100672
worker_3,1476,1788087037.649159,50,4.765495,1.101824
worker_3,1477,1788087037.653964,50,4.735039,1.096544
worker_3,1478,1788087037.658739,50,4.748827,1.096640
worker_3,1479,1788087037.663529,50,4.754706,1.097280
worker_3,1480,1788087037.668329,50,4.732299,1.100160
worker_3,1481,1788087037.673105,50,4.755337,1.096416
worker_3,1482,1788087037.677906,50,4.542890,1.096384
worker_3,1483,1788087037.682472,50,4.964375,1.096672
worker_3,1484,1788087037.687485,50,4.552437,1.096768
worker_3,1485,1788087037.692063,50,4.752910,1.098880
worker_3,1486,1788087037.696837,50,4.751512,1.096256
worker_3,1487,1788087037.701610,50,4.755142,1.096288
worker_3,1488,1788087037.706383,50,4.766856,1.098560
worker_3,1489,1788087037.711167,50,4.765549,1.097376
worker_3,1490,1788087037.715948,50,4.772170,1.096096
worker_3,1491,1788087037.720736,50,4.942857,1.103968
worker_3,1492,1788087037.725694,50,4.769790,1.096480
worker_3,1493,1788087037.730479,50,4.760133,1.096928
worker_3,1494,1788087037.735262,50,4.775772,1.099264
worker_3,1495,1788087037.740056,50,4.714882,1.098336
worker_3,1496,1788087037.744787,50,4.821513,1.098496
worker_3,1497,1788087037.749624,50,4.696605,1.096352
worker_3,1498,1788087037.754336,50,4.839578,1.096224
worker_3,1499,1788087037.759191,50,4.978912,1.096128
worker_3,1500,1788087037.764234,50,4.520695,1.098240
worker_3,1501,1788087037.768780,50,4.889940,1.103744
worker_3,1502,1788087037.773718,50,4.669317,1.096320
worker_3,1503,1788087037.778435,50,4.526854,1.097056
worker_3,1504,1788087037.782989,50,4.758466,1.097792
worker_3,1505,1788087037.787766,50,4.768476,1.098304
worker_3,1506,1788087037.792553,50,4.765161,1.096320
worker_3,1507,1788087037.797333,50,4.981311,1.097696
worker_3,1508,1788087037.802365,50,4.528834,1.097376
worker_3,1509,1788087037.806922,50,4.961756,1.096544
worker_3,1510,1788087037.811932,50,4.542030,1.100768
worker_3,1511,1788087037.816499,50,4.964598,1.096608
worker_3,1512,1788087037.821513,50,4.529103,1.097824
worker_3,1513,1788087037.826078,50,4.754484,1.097856
worker_3,1514,1788087037.830854,50,4.754356,1.096448
worker_3,1515,1788087037.835627,50,4.761337,1.097280
worker_3,1516,1788087037.840405,50,4.971088,1.096320
worker_3,1517,1788087037.845425,50,4.535779,1.097568
worker_3,1518,1788087037.849986,50,4.964264,1.097920
worker_3,1519,1788087037.854998,50,4.536094,1.097728
worker_3,1520,1788087037.859558,50,4.757809,1.098272
worker_3,1521,1788087037.864335,50,4.782540,1.097184
worker_3,1522,1788087037.869133,50,4.987958,1.100000
worker_3,1523,1788087037.874171,50,4.548178,1.098432
worker_3,1524,1788087037.878744,50,4.964829,1.097312
worker_3,1525,1788087037.883758,50,4.532306,1.098112
worker_3,1526,1788087037.888315,50,4.959348,1.097408
worker_3,1527,1788087037.893322,50,4.541112,1.097056
worker_3,1528,1788087037.897888,50,4.969737,1.097632
worker_3,1529,1788087037.902911,50,4.524047,1.097376
worker_3,1530,1788087037.907462,50,4.758243,1.097120
worker_3,1531,1788087037.912242,50,4.756364,1.097312
worker_3,1532,1788087037.917095,50,4.684364,1.096256
worker_3,1533,1788087037.921808,50,4.761939,1.097248
worker_3,1534,1788087037.926589,50,4.764568,1.097280
worker_3,1535,1788087037.931370,50,4.800123,1.098400
worker_3,1536,1788087037.936187,50,4.766633,1.099008
worker_3,1537,1788087037.940969,50,4.770096,1.098592
worker_3,1538,1788087037.945755,50,4.978662,1.096224
worker_3,1539,1788087037.950785,50,4.532834,1.097184
worker_3,1540,1788087037.955343,50,4.764995,1.096448
worker_3,1541,1788087037.960128,50,4.767438,1.098304
worker_3,1542,1788087037.964913,50,4.779133,1.108512
worker_3,1543,1788087037.969708,50,4.773744,1.098400
worker_3,1544,1788087037.974497,50,5.136691,1.096000
worker_3,1545,1788087037.979684,50,4.539344,1.097568
worker_3,1546,1788087037.984250,50,4.745790,1.096256
worker_3,1547,1788087037.989015,50,4.796364,1.102592
worker_3,1548,1788087037.993830,50,4.977441,1.097664
worker_3,1549,1788087037.998858,50,4.536344,1.097632
worker_3,1550,1788087038.003420,50,4.637448,1.096192
worker_3,1551,1788087038.008075,50,4.906402,1.098656
worker_3,1552,1788087038.013005,50,4.764245,1.096608
worker_3,1553,1788087038.017786,50,4.766114,1.099200
worker_3,1554,1788087038.022568,50,4.989460,1.097088
worker_3,1555,1788087038.027609,50,4.525029,1.096608
worker_3,1556,1788087038.032160,50,4.755902,1.097408
worker_3,1557,1788087038.036937,50,4.773920,1.096064
worker_3,1558,1788087038.041728,50,4.977968,1.096544
worker_3,1559,1788087038.046755,50,4.376750,1.098848
worker_3,1560,1788087038.051158,50,4.765022,1.096064
worker_3,1561,1788087038.055942,50,4.759745,1.096224
worker_3,1562,1788087038.060719,50,4.808790,1.100352
worker_3,1563,1788087038.065560,50,4.873402,1.097376
worker_3,1564,1788087038.070462,50,4.810227,1.097920
worker_3,1565,1788087038.075319,50,4.540131,1.098080
worker_3,1566,1788087038.079884,50,4.761782,1.099968
worker_3,1567,1788087038.084664,50,4.762059,1.096384
worker_3,1568,1788087038.089442,50,4.768855,1.097248
worker_3,1569,1788087038.094227,50,4.771956,1.097024
worker_3,1570,1788087038.099014,50,4.778301,1.097312
worker_3,1571,1788087038.103808,50,4.917153,1.096960
worker_3,1572,1788087038.108751,50,4.782097,1.099488
worker_3,1573,1788087038.113549,50,4.874041,1.096864
worker_3,1574,1788087038.118474,50,4.635447,1.097856
worker_3,1575,1788087038.123136,50,4.968143,1.097344
worker_3,1576,1788087038.128152,50,4.536613,1.096192
worker_3,1577,1788087038.132714,50,4.984116,1.100672
worker_3,1578,1788087038.137747,50,4.522612,1.096000
worker_3,1579,1788087038.142294,50,4.977209,1.098400
worker_3,1580,1788087038.147319,50,4.537132,1.097024
worker_3,1581,1788087038.151881,50,4.765873,1.097344
worker_3,1582,1788087038.156664,50,4.741133,1.097856
worker_3,1583,1788087038.161422,50,4.972997,1.097120
worker_3,1584,1788087038.166446,50,4.459705,1.097376
worker_3,1585,1788087038.170932,50,4.926894,1.096832
worker_3,1586,1788087038.175907,50,4.703096,1.103744
worker_3,1587,1788087038.180635,50,4.835486,1.097440
worker_3,1588,1788087038.185521,50,4.520085,1.097632
worker_3,1589,1788087038.190065,50,4.757523,1.096608
worker_3,1590,1788087038.194841,50,4.766586,1.099488
worker_3,1591,1788087038.199637,50,4.961588,1.098368
worker_3,1592,1788087038.204650,50,4.531464,1.096896
worker_3,1593,1788087038.209207,50,4.960486,1.096480
worker_3,1594,1788087038.214216,50,4.543261,1.098752
worker_3,1595,1788087038.218784,50,4.960755,1.095968
worker_3,1596,1788087038.223795,50,4.533928,1.098624
worker_3,1597,1788087038.228354,50,4.963644,1.099008
worker_3,1598,1788087038.233366,50,4.544280,1.096704
worker_3,1599,1788087038.237936,50,4.983542,1.097280
worker_3,1600,1788087038.242968,50,4.668309,1.097568
worker_3,1601,1788087038.247661,50,4.737521,1.096672
worker_3,1602,1788087038.252417,50,4.793716,1.097792
worker_3,1603,1788087038.257227,50,4.985736,1.100096
worker_3,1604,1788087038.262263,50,4.538659,1.099200
worker_3,1605,1788087038.266829,50,4.888699,1.096832
worker_3,1606,1788087038.271767,50,4.613604,1.097792
worker_3,1607,1788087038.276406,50,4.965681,1.095936
worker_3,1608,1788087038.281423,50,4.537510,1.097760
worker_3,1609,1788087038.285985,50,4.888809,1.097920
worker_3,1610,1788087038.290924,50,4.627661,1.097792
worker_3,1611,1788087038.295597,50,4.590030,1.096736
worker_3,1612,1788087038.300205,50,4.900291,1.098336
worker_3,1613,1788087038.305121,50,4.813993,1.099456
worker_3,1614,1788087038.309952,50,4.738086,1.096768
worker_3,1615,1788087038.314706,50,4.705095,1.096704
worker_3,1616,1788087038.319462,50,4.702170,1.096352
worker_3,1617,1788087038.324191,50,4.761114,1.100896
worker_3,1618,1788087038.328971,50,4.768419,1.099008
worker_3,1619,1788087038.333755,50,4.984654,1.096352
worker_3,1620,1788087038.338789,50,4.531760,1.098272
worker_3,1621,1788087038.343346,50,4.770318,1.096288
worker_3,1622,1788087038.348135,50,4.766106,1.097760
worker_3,1623,1788087038.352917,50,4.766466,1.096320
worker_3,1624,1788087038.357702,50,4.772031,1.097280
worker_3,1625,1788087038.362491,50,4.974996,1.096448
worker_3,1626,1788087038.367516,50,4.708392,1.096416
worker_3,1627,1788087038.372251,50,4.751429,1.098656
worker_3,1628,1788087038.377021,50,4.769328,1.096096
worker_3,1629,1788087038.381808,50,4.992634,1.097408
worker_3,1630,1788087038.386862,50,4.514417,1.096160
worker_3,1631,1788087038.391402,50,4.756291,1.095456
worker_3,1632,1788087038.396176,50,4.756345,1.100928
worker_3,1633,1788087038.400949,50,4.806958,1.096288
worker_3,1634,1788087038.405772,50,4.761688,1.099392
worker_3,1635,1788087038.410551,50,5.010450,1.097536
worker_3,1636,1788087038.415613,50,4.545011,1.106080
worker_3,1637,1788087038.420184,50,4.749911,1.097888
worker_3,1638,1788087038.424952,50,4.756364,1.096800
worker_3,1639,1788087038.429725,50,4.990292,1.099200
worker_3,1640,1788087038.434768,50,4.529872,1.098976
worker_3,1641,1788087038.439323,50,4.768726,1.098048
worker_3,1642,1788087038.444108,50,4.764124,1.096672
worker_3,1643,1788087038.448889,50,4.634892,1.103392
worker_3,1644,1788087038.453541,50,4.770208,1.097728
worker_3,1645,1788087038.458328,50,4.772873,1.097760
worker_3,1646,1788087038.463117,50,4.976931,1.096000
worker_3,1647,1788087038.468144,50,4.534714,1.096416
worker_3,1648,1788087038.472704,50,4.972134,1.100704
worker_3,1649,1788087038.477725,50,4.532482,1.097760
worker_3,1650,1788087038.482294,50,4.962375,1.098528
worker_3,1651,1788087038.487305,50,4.529928,1.097024
worker_3,1652,1788087038.491859,50,4.771355,1.097536
worker_3,1653,1788087038.496649,50,4.774105,1.099360
worker_3,1654,1788087038.501438,50,4.979839,1.095904
worker_3,1655,1788087038.506469,50,4.530538,1.097312
worker_3,1656,1788087038.511024,50,4.965098,1.097760
worker_3,1657,1788087038.516040,50,4.533557,1.098720
worker_3,1658,1788087038.520599,50,4.964885,1.097792
worker_3,1659,1788087038.525613,50,4.536113,1.096352
worker_3,1660,1788087038.530176,50,4.969079,1.097664
worker_3,1661,1788087038.535195,50,4.537974,1.098688
worker_3,1662,1788087038.539758,50,4.767308,1.099232
worker_3,1663,1788087038.544546,50,4.764736,1.098080
worker_3,1664,1788087038.549328,50,5.132313,1.096480
worker_3,1665,1788087038.554510,50,4.539715,1.097376
worker_3,1666,1788087038.559074,50,4.984153,1.096544
worker_3,1667,1788087038.564107,50,4.400863,1.096672
worker_3,1668,1788087038.568534,50,5.087321,1.098016
worker_3,1669,1788087038.573680,50,4.462251,1.096608
worker_3,1670,1788087038.578169,50,4.956162,1.098688
worker_3,1671,1788087038.583173,50,4.474019,1.096864
worker_3,1672,1788087038.587673,50,4.752726,1.096288
worker_3,1673,1788087038.592444,50,4.767735,1.098464
worker_3,1674,1788087038.597229,50,4.979172,1.096352
worker_3,1675,1788087038.602258,50,4.547908,1.097536
worker_3,1676,1788087038.606830,50,4.966801,1.097504
worker_3,1677,1788087038.611846,50,4.532066,1.098560
worker_3,1678,1788087038.616405,50,4.966977,1.096480
worker_3,1679,1788087038.621420,50,4.533492,1.097216
worker_3,1680,1788087038.625980,50,4.964968,1.096768
worker_3,1681,1788087038.630992,50,4.533140,1.097056
worker_3,1682,1788087038.635550,50,4.754179,1.096384
worker_3,1683,1788087038.640405,50,4.687818,1.098624
worker_3,1684,1788087038.645113,50,4.974199,1.096352
worker_3,1685,1788087038.650140,50,4.531603,1.098176
worker_3,1686,1788087038.654695,50,4.964302,1.096416
worker_3,1687,1788087038.659710,50,4.542547,1.096160
worker_3,1688,1788087038.664279,50,4.976736,1.096864
worker_3,1689,1788087038.669320,50,4.495103,1.097824
worker_3,1690,1788087038.673842,50,4.969366,1.097760
worker_3,1691,1788087038.678861,50,4.539816,1.098176
worker_3,1692,1788087038.683428,50,4.756966,1.096864
worker_3,1693,1788087038.688202,50,4.764800,1.098432
worker_3,1694,1788087038.692985,50,4.775708,1.097344
worker_3,1695,1788087038.697778,50,4.777207,1.098496
worker_3,1696,1788087038.702572,50,4.980792,1.098464
worker_3,1697,1788087038.707604,50,4.553974,1.096352
worker_3,1698,1788087038.712182,50,4.758226,1.097120
worker_3,1699,1788087038.716960,50,4.779236,1.099840
worker_3,1700,1788087038.721756,50,4.945190,1.096512
worker_3,1701,1788087038.726734,50,4.761235,1.096576
worker_3,1702,1788087038.731530,50,4.575354,1.096768
worker_3,1703,1788087038.736131,50,4.756947,1.098176
worker_3,1704,1788087038.740908,50,4.768976,1.098432
worker_3,1705,1788087038.745694,50,4.767299,1.097120
worker_3,1706,1788087038.750478,50,4.976477,1.096000
worker_3,1707,1788087038.755505,50,4.559491,1.097440
worker_3,1708,1788087038.760102,50,4.888098,1.098336
worker_3,1709,1788087038.765008,50,4.787012,1.096832
worker_3,1710,1788087038.769812,50,4.888495,1.096064
worker_3,1711,1788087038.774750,50,4.636132,1.097696
worker_3,1712,1788087038.779414,50,4.744586,1.098304
worker_3,1713,1788087038.784178,50,4.632354,1.100704
worker_3,1714,1788087038.788829,50,4.753227,1.097472
worker_3,1715,1788087038.793600,50,4.768929,1.097280
worker_3,1716,1788087038.798385,50,4.980682,1.096384
worker_3,1717,1788087038.803416,50,4.537928,1.096608
worker_3,1718,1788087038.807979,50,4.764096,1.096224
worker_3,1719,1788087038.812761,50,4.767476,1.096992
worker_3,1720,1788087038.817545,50,4.972042,1.096608
worker_3,1721,1788087038.822569,50,4.532604,1.099072
worker_3,1722,1788087038.827127,50,4.757643,1.096832
worker_3,1723,1788087038.831904,50,4.760707,1.096544
worker_3,1724,1788087038.836683,50,4.769485,1.098272
worker_3,1725,1788087038.841468,50,4.770494,1.097280
worker_3,1726,1788087038.846255,50,4.773319,1.098848
worker_3,1727,1788087038.851044,50,4.974310,1.096480
worker_3,1728,1788087038.856079,50,4.526873,1.100864
worker_3,1729,1788087038.860630,50,4.756327,1.097792
worker_3,1730,1788087038.865405,50,4.765383,1.098240
worker_3,1731,1788087038.870187,50,4.770106,1.098656
worker_3,1732,1788087038.874974,50,4.778189,1.099904
worker_3,1733,1788087038.879769,50,4.770800,1.095904
worker_3,1734,1788087038.884554,50,4.769735,1.096704
worker_3,1735,1788087038.889340,50,4.767875,1.097312
worker_3,1736,1788087038.894124,50,4.783947,1.097152
worker_3,1737,1788087038.898923,50,4.767392,1.096224
worker_3,1738,1788087038.903707,50,4.770347,1.098272
worker_3,1739,1788087038.908493,50,4.989811,1.097536
worker_3,1740,1788087038.913534,50,4.527270,1.098880
worker_3,1741,1788087038.918085,50,4.966996,1.096768
worker_3,1742,1788087038.923101,50,4.532585,1.098944
worker_3,1743,1788087038.927658,50,4.776078,1.104064
worker_3,1744,1788087038.932452,50,4.776467,1.095936
worker_3,1745,1788087038.937245,50,4.980246,1.098912
worker_3,1746,1788087038.942277,50,4.532280,1.098656
worker_3,1747,1788087038.946847,50,4.950458,1.097376
worker_3,1748,1788087038.951846,50,4.536808,1.097920
worker_3,1749,1788087038.956409,50,4.763873,1.102400
worker_3,1750,1788087038.961192,50,4.768420,1.097056
worker_3,1751,1788087038.965978,50,4.772541,1.095584
worker_3,1752,1788087038.970765,50,4.773512,1.098176
worker_3,1753,1788087038.975555,50,4.772160,1.097696
worker_3,1754,1788087038.980343,50,4.773550,1.099168
worker_3,1755,1788087038.985132,50,4.764485,1.097728
worker_3,1756,1788087038.989912,50,4.769271,1.096448
worker_3,1757,1788087038.994696,50,4.769244,1.096416
worker_3,1758,1788087038.999482,50,4.772633,1.097504
worker_3,1759,1788087039.004273,50,4.772013,1.098240
worker_3,1760,1788087039.009060,50,4.921939,1.099040
worker_3,1761,1788087039.013998,50,4.646419,1.097792
worker_3,1762,1788087039.018664,50,4.893541,1.096768
worker_3,1763,1788087039.023575,50,4.756457,1.097760
worker_3,1764,1788087039.028348,50,4.787134,1.097504
worker_3,1765,1788087039.033151,50,4.775049,1.096704
worker_3,1766,1788087039.037942,50,4.770605,1.097824
worker_3,1767,1788087039.042737,50,4.661123,1.096640
worker_3,1768,1788087039.047414,50,4.881143,1.096992
worker_3,1769,1788087039.052311,50,4.778180,1.097856
worker_3,1770,1788087039.057107,50,4.757290,1.096992
worker_3,1771,1788087039.061882,50,4.769245,1.096608
worker_3,1772,1788087039.066668,50,4.772818,1.098592
worker_3,1773,1788087039.071458,50,4.979875,1.097536
worker_3,1774,1788087039.076488,50,4.588511,1.097728
worker_3,1775,1788087039.081124,50,4.749827,1.098304
worker_3,1776,1788087039.085921,50,4.726874,1.096768
worker_3,1777,1788087039.090689,50,4.558427,1.096384
worker_3,1778,1788087039.095274,50,4.754874,1.099104
worker_3,1779,1788087039.100049,50,4.973347,1.096768
worker_3,1780,1788087039.105071,50,4.766420,1.113056
worker_3,1781,1788087039.109887,50,4.532298,1.095488
worker_3,1782,1788087039.114447,50,4.962728,1.097536
worker_3,1783,1788087039.119460,50,4.536354,1.095904
worker_3,1784,1788087039.124021,50,4.765178,1.098592
worker_3,1785,1788087039.128804,50,4.773364,1.098496
worker_3,1786,1788087039.133607,50,4.967375,1.097824
worker_3,1787,1788087039.138624,50,4.637280,1.097472
worker_3,1788,1788087039.143286,50,4.805243,1.098080
worker_3,1789,1788087039.148113,50,4.761625,1.096800
worker_3,1790,1788087039.152891,50,4.789282,1.104928
worker_3,1791,1788087039.157699,50,4.766660,1.098304
worker_3,1792,1788087039.162483,50,4.973486,1.095392
worker_3,1793,1788087039.167507,50,4.481519,1.097856
worker_3,1794,1788087039.172013,50,4.833087,1.097792
worker_3,1795,1788087039.176864,50,4.768254,1.097408
worker_3,1796,1788087039.181649,50,4.983699,1.095424
worker_3,1797,1788087039.186684,50,4.529567,1.096576
worker_3,1798,1788087039.191239,50,4.621984,1.097472
worker_3,1799,1788087039.195878,50,4.808994,1.096064
worker_3,1800,1788087039.200703,50,4.822632,1.098528
worker_3,1801,1788087039.205543,50,4.816661,1.097792
worker_3,1802,1788087039.210376,50,4.925542,1.096064
worker_3,1803,1788087039.215353,50,4.477277,1.097792
worker_3,1804,1788087039.219869,50,4.736540,1.107200
worker_3,1805,1788087039.224629,50,4.756447,1.098880
worker_3,1806,1788087039.229413,50,4.759688,1.098048
worker_3,1807,1788087039.234190,50,4.768179,1.097824
worker_3,1808,1788087039.238975,50,4.984736,1.097216
worker_3,1809,1788087039.244009,50,4.540511,1.100096
worker_3,1810,1788087039.248576,50,4.961884,1.096512
worker_3,1811,1788087039.253589,50,4.534649,1.099552
worker_3,1812,1788087039.258148,50,4.961357,1.097152
worker_3,1813,1788087039.263158,50,4.539604,1.098496
worker_3,1814,1788087039.267721,50,4.915106,1.099328
worker_3,1815,1788087039.272656,50,4.779264,1.095744
worker_3,1816,1788087039.277452,50,4.984173,1.097184
worker_3,1817,1788087039.282486,50,4.530001,1.095776
worker_3,1818,1788087039.287040,50,4.966894,1.097440
worker_3,1819,1788087039.292055,50,4.543927,1.102112
worker_3,1820,1788087039.296624,50,4.872939,1.100320
worker_3,1821,1788087039.301545,50,4.656846,1.110240
worker_3,1822,1788087039.306227,50,4.972931,1.098112
worker_3,1823,1788087039.311250,50,4.521224,1.095744
worker_3,1824,1788087039.315796,50,4.776605,1.098496
worker_3,1825,1788087039.320613,50,4.747912,1.097088
worker_3,1826,1788087039.325379,50,4.871254,1.096640
worker_3,1827,1788087039.330299,50,4.631595,1.096384
worker_3,1828,1788087039.334955,50,4.979903,1.096192
worker_3,1829,1788087039.339984,50,4.524363,1.096384
worker_3,1830,1788087039.344532,50,4.901588,1.096096
worker_3,1831,1788087039.349484,50,4.542391,1.097792
worker_3,1832,1788087039.354053,50,4.742188,1.098560
worker_3,1833,1788087039.358845,50,4.687512,1.097760
worker_3,1834,1788087039.363641,50,4.672272,1.098080
worker_3,1835,1788087039.368335,50,4.764049,1.099840
worker_3,1836,1788087039.373118,50,4.773967,1.098720
worker_3,1837,1788087039.377909,50,4.973375,1.095488
worker_3,1838,1788087039.382933,50,4.534307,1.099296
worker_3,1839,1788087039.387492,50,4.755902,1.097440
worker_3,1840,1788087039.392266,50,4.765050,1.097824
worker_3,1841,1788087039.397047,50,4.983672,1.098368
worker_3,1842,1788087039.402082,50,4.530214,1.098592
worker_3,1843,1788087039.406638,50,4.977774,1.105920
worker_3,1844,1788087039.411665,50,4.536604,1.098240
worker_3,1845,1788087039.416251,50,4.727920,1.096672
worker_3,1846,1788087039.420998,50,4.931218,1.097600
worker_3,1847,1788087039.425945,50,4.997089,1.096256
worker_3,1848,1788087039.430992,50,4.523696,1.098528
worker_3,1849,1788087039.435540,50,4.760041,1.096960
worker_3,1850,1788087039.440320,50,4.701170,1.099808
worker_3,1851,1788087039.445037,50,5.066580,1.097120
worker_3,1852,1788087039.450155,50,4.522751,1.096384
worker_3,1853,1788087039.454703,50,4.938616,1.098016
worker_3,1854,1788087039.459692,50,4.556391,1.097248
worker_3,1855,1788087039.464273,50,4.942884,1.097824
worker_3,1856,1788087039.469263,50,4.567909,1.103936
worker_3,1857,1788087039.473856,50,4.994237,1.097184
worker_3,1858,1788087039.478899,50,4.418242,1.099840
worker_3,1859,1788087039.483343,50,4.833513,1.096288
worker_3,1860,1788087039.488195,50,4.656372,1.096544
worker_3,1861,1788087039.492867,50,4.771874,1.098176
worker_3,1862,1788087039.497657,50,4.766022,1.096448
worker_3,1863,1788087039.502438,50,4.788699,1.111328
worker_3,1864,1788087039.507255,50,4.977006,1.096672
worker_3,1865,1788087039.512282,50,4.522789,1.095776
worker_3,1866,1788087039.516830,50,4.761170,1.095584
worker_3,1867,1788087039.521610,50,4.987303,1.097888
worker_3,1868,1788087039.526647,50,4.519242,1.097120
worker_3,1869,1788087039.531191,50,4.759521,1.097472
worker_3,1870,1788087039.535970,50,4.770347,1.096608
worker_3,1871,1788087039.540759,50,4.765716,1.096416
worker_3,1872,1788087039.545540,50,4.769171,1.096512
worker_3,1873,1788087039.550326,50,4.769457,1.098080
worker_3,1874,1788087039.555113,50,4.764939,1.096160
worker_3,1875,1788087039.559894,50,4.919172,1.096352
worker_3,1876,1788087039.564829,50,4.654235,1.103104
worker_3,1877,1788087039.569500,50,4.848726,1.096928
worker_3,1878,1788087039.574364,50,4.837124,1.097312
worker_3,1879,1788087039.579216,50,4.769993,1.097792
worker_3,1880,1788087039.584003,50,4.778439,1.100288
worker_3,1881,1788087039.588797,50,4.778356,1.096256
worker_3,1882,1788087039.593591,50,4.652381,1.097184
worker_3,1883,1788087039.598259,50,5.106747,1.097632
worker_3,1884,1788087039.603428,50,4.517938,1.097792
worker_3,1885,1788087039.607971,50,4.754336,1.095712
worker_3,1886,1788087039.612745,50,4.764873,1.096448
worker_3,1887,1788087039.617527,50,4.996394,1.097312
worker_3,1888,1788087039.622574,50,4.374696,1.097312
worker_3,1889,1788087039.626975,50,4.961126,1.097280
worker_3,1890,1788087039.631985,50,4.535205,1.099200
worker_3,1891,1788087039.636547,50,4.969024,1.102432
worker_3,1892,1788087039.641566,50,4.534927,1.098016
worker_3,1893,1788087039.646125,50,4.985579,1.096416
worker_3,1894,1788087039.651159,50,4.538168,1.098336
worker_3,1895,1788087039.655721,50,4.761003,1.096864
worker_3,1896,1788087039.660501,50,4.773402,1.108768
worker_3,1897,1788087039.665290,50,4.982857,1.097984
worker_3,1898,1788087039.670325,50,4.545354,1.098272
worker_3,1899,1788087039.674896,50,4.968903,1.096224
worker_3,1900,1788087039.679913,50,4.531344,1.097120
worker_3,1901,1788087039.684469,50,4.965700,1.099872
worker_3,1902,1788087039.689482,50,4.533241,1.096672
worker_3,1903,1788087039.694053,50,4.978523,1.096128
worker_3,1904,1788087039.699080,50,4.537603,1.098656
worker_3,1905,1788087039.703642,50,4.905893,1.098016
worker_3,1906,1788087039.708566,50,4.674029,1.100512
worker_3,1907,1788087039.713258,50,5.074581,1.097280
worker_3,1908,1788087039.718383,50,4.536317,1.098464
worker_3,1909,1788087039.722943,50,4.975533,1.096160
worker_3,1910,1788087039.727972,50,4.533094,1.098176
worker_3,1911,1788087039.732532,50,4.966746,1.096832
worker_3,1912,1788087039.737550,50,4.427908,1.096448
worker_3,1913,1788087039.742003,50,5.086321,1.096768
worker_3,1914,1788087039.747137,50,4.390296,1.099200
worker_3,1915,1788087039.751553,50,4.782875,1.097792
worker_3,1916,1788087039.756359,50,4.739243,1.097056
worker_3,1917,1788087039.761117,50,4.975625,1.098560
worker_3,1918,1788087039.766142,50,4.533269,1.096992
worker_3,1919,1788087039.770700,50,4.964190,1.098176
worker_3,1920,1788087039.775714,50,4.535048,1.096576
worker_3,1921,1788087039.780275,50,4.966060,1.096640
worker_3,1922,1788087039.785290,50,4.533048,1.096640
worker_3,1923,1788087039.789860,50,4.954200,1.097376
worker_3,1924,1788087039.794863,50,4.538113,1.098464
worker_3,1925,1788087039.799427,50,4.755346,1.096256
worker_3,1926,1788087039.804202,50,4.935144,1.097728
worker_3,1927,1788087039.809154,50,4.768494,1.096864
worker_3,1928,1788087039.813938,50,4.757531,1.096672
worker_3,1929,1788087039.818711,50,5.010504,1.097824
worker_3,1930,1788087039.823771,50,4.535529,1.096768
worker_3,1931,1788087039.828333,50,4.856041,1.098944
worker_3,1932,1788087039.833237,50,4.646094,1.097216
worker_3,1933,1788087039.837908,50,4.959700,1.095584
worker_3,1934,1788087039.842916,50,4.532547,1.096608
worker_3,1935,1788087039.847473,50,4.619799,1.095872
worker_3,1936,1788087039.852110,50,4.772003,1.099008
worker_3,1937,1788087039.856899,50,4.778708,1.105984
worker_3,1938,1788087039.861694,50,4.771799,1.096768
worker_3,1939,1788087039.866482,50,4.978033,1.096032
worker_3,1940,1788087039.871510,50,4.529139,1.096768
worker_3,1941,1788087039.876064,50,4.756401,1.098304
worker_3,1942,1788087039.880854,50,4.773337,1.102656
worker_3,1943,1788087039.885645,50,4.764106,1.097152
worker_3,1944,1788087039.890427,50,4.767049,1.097280
worker_3,1945,1788087039.895209,50,4.984922,1.097440
worker_3,1946,1788087039.900257,50,4.526428,1.100576
worker_3,1947,1788087039.904808,50,4.967783,1.097696
worker_3,1948,1788087039.909825,50,4.530539,1.098624
worker_3,1949,1788087039.914382,50,4.958691,1.097216
worker_3,1950,1788087039.919390,50,4.548946,1.097760
worker_3,1951,1788087039.923964,50,4.761669,1.102112
worker_3,1952,1788087039.928743,50,4.766791,1.096832
worker_3,1953,1788087039.933527,50,5.094692,1.097280
worker_3,1954,1788087039.938672,50,4.579743,1.096768
worker_3,1955,1788087039.943275,50,4.686457,1.097600
worker_3,1956,1788087039.947981,50,4.802484,1.099104
worker_3,1957,1788087039.952798,50,4.808447,1.098624
worker_3,1958,1788087039.957623,50,4.761532,1.097152
worker_3,1959,1788087039.962401,50,5.015524,1.095520
worker_3,1960,1788087039.967469,50,4.508010,1.096160
worker_3,1961,1788087039.972002,50,4.771364,1.095872
worker_3,1962,1788087039.976808,50,4.753012,1.096736
worker_3,1963,1788087039.981579,50,4.862930,1.097376
worker_3,1964,1788087039.986492,50,4.647392,1.096704
worker_3,1965,1788087039.991163,50,4.956699,1.097280
worker_3,1966,1788087039.996172,50,4.531094,1.097792
worker_3,1967,1788087040.000728,50,4.965811,1.103424
worker_3,1968,1788087040.005745,50,4.536501,1.100032
worker_3,1969,1788087040.010310,50,4.816865,1.097216
worker_3,1970,1788087040.015175,50,4.533373,1.098400
worker_3,1971,1788087040.019733,50,4.755531,1.099488
worker_3,1972,1788087040.024509,50,4.782356,1.097024
worker_3,1973,1788087040.029307,50,4.771624,1.098400
worker_3,1974,1788087040.034095,50,4.771577,1.096224
worker_3,1975,1788087040.038882,50,4.978348,1.095680
worker_3,1976,1788087040.043909,50,4.547317,1.106048
worker_3,1977,1788087040.048482,50,4.984116,1.096512
worker_3,1978,1788087040.053515,50,4.533974,1.097056
worker_3,1979,1788087040.058074,50,5.120350,1.096032
worker_3,1980,1788087040.063243,50,4.544233,1.096288
worker_3,1981,1788087040.067820,50,4.753308,1.102048
worker_3,1982,1788087040.072593,50,4.770958,1.096448
worker_3,1983,1788087040.077381,50,4.950820,1.096448
worker_3,1984,1788087040.082380,50,4.569808,1.096864
worker_3,1985,1788087040.087058,50,4.883338,1.095776
worker_3,1986,1788087040.091989,50,4.546908,1.098496
worker_3,1987,1788087040.096561,50,4.967792,1.098944
worker_3,1988,1788087040.101578,50,4.386232,1.096800
worker_3,1989,1788087040.105989,50,4.967728,1.098048
worker_3,1990,1788087040.111006,50,4.532150,1.095328
worker_3,1991,1788087040.115562,50,4.761550,1.098336
worker_3,1992,1788087040.120343,50,4.764642,1.097760
worker_3,1993,1788087040.125126,50,4.967626,1.097376
worker_3,1994,1788087040.130143,50,4.537770,1.098240
worker_3,1995,1788087040.134705,50,4.966200,1.098496
worker_3,1996,1788087040.139719,50,4.535779,1.098016
worker_3,1997,1788087040.144283,50,4.755660,1.097664
worker_3,1998,1788087040.149058,50,4.778050,1.098208
worker_3,1999,1788087040.153852,50,4.767179,1.098816
worker_3,2000,1788087040.158636,50,4.769429,1.097760
worker_3,2001,1788087040.163432,50,4.759475,1.097792
worker_3,2002,1788087040.168207,50,4.769771,1.098464
worker_3,2003,1788087040.172992,50,4.777688,1.096832
worker_3,2004,1788087040.177786,50,4.767540,1.096032
worker_3,2005,1788087040.182569,50,4.770188,1.098816
worker_3,2006,1788087040.187354,50,4.777661,1.096416
worker_3,2007,1788087040.192148,50,4.795338,1.101088
worker_3,2008,1788087040.196959,50,4.977876,1.096992
worker_3,2009,1788087040.201986,50,4.741753,1.098240
worker_3,2010,1788087040.206774,50,4.534873,1.096448
worker_3,2011,1788087040.211333,50,4.767373,1.098240
worker_3,2012,1788087040.216119,50,4.770577,1.101824
worker_3,2013,1788087040.220906,50,4.767930,1.096672
worker_3,2014,1788087040.225689,50,4.771021,1.098560
worker_3,2015,1788087040.230475,50,4.985885,1.097888
worker_3,2016,1788087040.235510,50,4.556233,1.098432
worker_3,2017,1788087040.240093,50,4.755864,1.101280
worker_3,2018,1788087040.244867,50,4.766754,1.098400
worker_3,2019,1788087040.249651,50,4.980746,1.097888
worker_3,2020,1788087040.254694,50,4.523464,1.096640
worker_3,2021,1788087040.259242,50,4.784884,1.097824
worker_3,2022,1788087040.264045,50,4.767327,1.098080
worker_3,2023,1788087040.268828,50,4.771068,1.097888
worker_3,2024,1788087040.273615,50,4.784893,1.102976
worker_3,2025,1788087040.278417,50,4.776819,1.098592
worker_3,2026,1788087040.283210,50,4.985811,1.097056
worker_3,2027,1788087040.288259,50,4.517093,1.099872
worker_3,2028,1788087040.292800,50,4.996339,1.100224
worker_3,2029,1788087040.297846,50,4.533038,1.097696
worker_3,2030,1788087040.302405,50,4.757689,1.098720
worker_3,2031,1788087040.307181,50,5.002533,1.096416
worker_3,2032,1788087040.312245,50,4.509223,1.098144
worker_3,2033,1788087040.316780,50,4.964672,1.095584
worker_3,2034,1788087040.321794,50,4.535834,1.101472
worker_3,2035,1788087040.326355,50,4.962745,1.097408
worker_3,2036,1788087040.331367,50,4.534104,1.098336
worker_3,2037,1788087040.335927,50,4.758114,1.101888
worker_3,2038,1788087040.340703,50,4.769337,1.097568
worker_3,2039,1788087040.345489,50,4.981079,1.095296
worker_3,2040,1788087040.350531,50,4.520464,1.095744
worker_3,2041,1788087040.355078,50,4.965829,1.096512
worker_3,2042,1788087040.360091,50,4.537549,1.098208
worker_3,2043,1788087040.364655,50,4.956977,1.096800
worker_3,2044,1788087040.369660,50,4.540853,1.096256
worker_3,2045,1788087040.374226,50,4.963542,1.098784
worker_3,2046,1788087040.379238,50,4.533677,1.097056
worker_3,2047,1788087040.383798,50,4.758817,1.104640
worker_3,2048,1788087040.388576,50,4.785263,1.104160
worker_3,2049,1788087040.393381,50,4.781726,1.096448
worker_3,2050,1788087040.398180,50,4.769290,1.097824
worker_3,2051,1788087040.402966,50,4.983940,1.095968
worker_3,2052,1788087040.407999,50,4.533631,1.098528
worker_3,2053,1788087040.412558,50,4.961951,1.097376
worker_3,2054,1788087040.417567,50,4.535168,1.096800
worker_3,2055,1788087040.422128,50,4.977625,1.097312
worker_3,2056,1788087040.427154,50,4.532992,1.097344
worker_3,2057,1788087040.431712,50,4.755530,1.098336
worker_3,2058,1788087040.436485,50,4.780957,1.096896
worker_3,2059,1788087040.441294,50,4.759513,1.096096
worker_3,2060,1788087040.446073,50,4.762762,1.098400
worker_3,2061,1788087040.450856,50,4.769198,1.097792
worker_3,2062,1788087040.455642,50,4.784791,1.100576
worker_3,2063,1788087040.460441,50,4.777169,1.096512
worker_3,2064,1788087040.465234,50,4.774032,1.097824
worker_3,2065,1788087040.470023,50,4.977180,1.096992
worker_3,2066,1788087040.475050,50,4.540417,1.096000
worker_3,2067,1788087040.479617,50,4.970377,1.099392
worker_3,2068,1788087040.484638,50,4.529806,1.098016
worker_3,2069,1788087040.489193,50,4.962292,1.096544
worker_3,2070,1788087040.494205,50,4.535260,1.096928
worker_3,2071,1788087040.498764,50,4.966598,1.096320
worker_3,2072,1788087040.503781,50,4.540464,1.103552
worker_3,2073,1788087040.508346,50,4.973172,1.096640
worker_3,2074,1788087040.513370,50,4.534094,1.098240
worker_3,2075,1788087040.517930,50,4.753021,1.095808
worker_3,2076,1788087040.522702,50,4.772087,1.100864
worker_3,2077,1788087040.527494,50,4.973533,1.095808
worker_3,2078,1788087040.532517,50,4.529140,1.097792
worker_3,2079,1788087040.537085,50,4.956348,1.096320
worker_3,2080,1788087040.542089,50,4.541641,1.095776
worker_3,2081,1788087040.546656,50,4.968783,1.097760
worker_3,2082,1788087040.551673,50,4.545984,1.098528
worker_3,2083,1788087040.556244,50,4.756976,1.098720
worker_3,2084,1788087040.561020,50,4.767873,1.096544
worker_3,2085,1788087040.565805,50,4.989858,1.096672
worker_3,2086,1788087040.570847,50,4.518362,1.096160
worker_3,2087,1788087040.575393,50,4.753382,1.097344
worker_3,2088,1788087040.580164,50,4.769207,1.098112
worker_3,2089,1788087040.584949,50,4.782160,1.100032
worker_3,2090,1788087040.589748,50,4.777207,1.096672
worker_3,2091,1788087040.594541,50,4.983551,1.097728
worker_3,2092,1788087040.599575,50,4.529973,1.097376
worker_3,2093,1788087040.604130,50,4.756040,1.096480
worker_3,2094,1788087040.608904,50,4.778568,1.099328
worker_3,2095,1788087040.613699,50,4.986803,1.098816
worker_3,2096,1788087040.618736,50,4.534900,1.097952
worker_3,2097,1788087040.623295,50,4.754383,1.096480
worker_3,2098,1788087040.628080,50,4.754125,1.097344
worker_3,2099,1788087040.632853,50,4.786438,1.105984
worker_3,2100,1788087040.637657,50,4.766152,1.097312
worker_3,2101,1788087040.642438,50,4.972516,1.096736
worker_3,2102,1788087040.647462,50,4.560521,1.096576
worker_3,2103,1788087040.652050,50,4.757170,1.100992
worker_3,2104,1788087040.656825,50,4.772013,1.097824
worker_3,2105,1788087040.661613,50,4.982459,1.097120
worker_3,2106,1788087040.666646,50,4.536308,1.097888
worker_3,2107,1788087040.671208,50,4.760152,1.096000
worker_3,2108,1788087040.675987,50,4.766957,1.098592
worker_3,2109,1788087040.680771,50,4.764995,1.098080
worker_3,2110,1788087040.685553,50,4.775790,1.098496
worker_3,2111,1788087040.690346,50,4.986274,1.097568
worker_3,2112,1788087040.695382,50,4.548252,1.099104
worker_3,2113,1788087040.699957,50,4.751911,1.097536
worker_3,2114,1788087040.704728,50,4.771188,1.098368
worker_3,2115,1788087040.709516,50,4.983866,1.096160
worker_3,2116,1788087040.714549,50,4.536362,1.097888
worker_3,2117,1788087040.719112,50,4.964264,1.097824
worker_3,2118,1788087040.724136,50,4.532641,1.104576
worker_3,2119,1788087040.728694,50,4.963191,1.097312
worker_3,2120,1788087040.733705,50,4.534437,1.096512
worker_3,2121,1788087040.738264,50,4.965051,1.098560
worker_3,2122,1788087040.743277,50,4.540965,1.098496
worker_3,2123,1788087040.747843,50,4.759753,1.102368
worker_3,2124,1788087040.752622,50,4.770439,1.098688
worker_3,2125,1788087040.757409,50,5.024200,1.098592
worker_3,2126,1788087040.762485,50,4.485214,1.096512
worker_3,2127,1788087040.766995,50,4.977866,1.096928
worker_3,2128,1788087040.772024,50,4.535789,1.103648
worker_3,2129,1788087040.776588,50,4.965042,1.095456
worker_3,2130,1788087040.781603,50,4.551725,1.096832
worker_3,2131,1788087040.786173,50,4.786763,1.095648
worker_3,2132,1788087040.790998,50,4.915996,1.101024
worker_3,2133,1788087040.795951,50,4.581549,1.097760
worker_3,2134,1788087040.800570,50,4.703984,1.097664
worker_3,2135,1788087040.805292,50,4.761782,1.096544
worker_3,2136,1788087040.810129,50,4.895607,1.096608
worker_3,2137,1788087040.815067,50,4.570271,1.099872
worker_3,2138,1788087040.819655,50,4.945755,1.096224
worker_3,2139,1788087040.824641,50,4.743680,1.096352
worker_3,2140,1788087040.829421,50,4.563686,1.096928
worker_3,2141,1788087040.834004,50,4.769429,1.098240
worker_3,2142,1788087040.838787,50,4.955200,1.098688
worker_3,2143,1788087040.843780,50,4.760031,1.100160
worker_3,2144,1788087040.848580,50,4.750160,1.096512
worker_3,2145,1788087040.853366,50,4.564177,1.096992
worker_3,2146,1788087040.857950,50,4.771827,1.096224
worker_3,2147,1788087040.862740,50,4.755004,1.097824
worker_3,2148,1788087040.867509,50,4.763365,1.096672
worker_3,2149,1788087040.872286,50,4.776355,1.096768
worker_3,2150,1788087040.877075,50,4.771551,1.096192
worker_3,2151,1788087040.881860,50,4.766364,1.095456
worker_3,2152,1788087040.886639,50,4.780050,1.098432
worker_3,2153,1788087040.891431,50,4.792328,1.097376
worker_3,2154,1788087040.896237,50,4.759216,1.096352
worker_3,2155,1788087040.901009,50,4.778652,1.102336
worker_3,2156,1788087040.905802,50,4.772845,1.098592
worker_3,2157,1788087040.910593,50,4.767587,1.096480
worker_3,2158,1788087040.915373,50,4.767012,1.096832
worker_3,2159,1788087040.920152,50,4.965043,1.099136
worker_3,2160,1788087040.925156,50,4.750938,1.100896
worker_3,2161,1788087040.929944,50,4.773021,1.097280
worker_3,2162,1788087040.934766,50,4.524864,1.098368
worker_3,2163,1788087040.939316,50,4.754420,1.098464
worker_3,2164,1788087040.944088,50,4.768458,1.097728
worker_3,2165,1788087040.948873,50,4.764226,1.096576
worker_3,2166,1788087040.953653,50,4.767762,1.098720
worker_3,2167,1788087040.958437,50,4.982412,1.102272
worker_3,2168,1788087040.963470,50,4.535983,1.096128
worker_3,2169,1788087040.968031,50,4.758856,1.099040
worker_3,2170,1788087040.972809,50,4.768124,1.101472
worker_3,2171,1788087040.977592,50,4.978014,1.096448
worker_3,2172,1788087040.982620,50,4.539002,1.099232
worker_3,2173,1788087040.987183,50,4.756457,1.096640
worker_3,2174,1788087040.991959,50,4.780078,1.100768
worker_3,2175,1788087040.996758,50,4.761966,1.097440
worker_3,2176,1788087041.001544,50,4.761337,1.096768
worker_3,2177,1788087041.006320,50,4.980330,1.097920
worker_3,2178,1788087041.011351,50,4.527973,1.096608
worker_3,2179,1788087041.015904,50,4.754753,1.097344
worker_3,2180,1788087041.020676,50,4.767901,1.096288
worker_3,2181,1788087041.025463,50,4.766782,1.095904
worker_3,2182,1788087041.030245,50,4.983625,1.095968
worker_3,2183,1788087041.035278,50,4.532640,1.098432
worker_3,2184,1788087041.039836,50,4.767985,1.102176
worker_3,2185,1788087041.044622,50,4.759568,1.096576
worker_3,2186,1788087041.049398,50,4.993597,1.098208
worker_3,2187,1788087041.054441,50,4.528956,1.097344
worker_3,2188,1788087041.058995,50,4.982533,1.098240
worker_3,2189,1788087041.064025,50,4.536214,1.107232
worker_3,2190,1788087041.068588,50,4.982237,1.097664
worker_3,2191,1788087041.073620,50,4.530010,1.096928
worker_3,2192,1788087041.078174,50,4.977357,1.095648
worker_3,2193,1788087041.083203,50,4.522335,1.096096
worker_3,2194,1788087041.087750,50,4.762077,1.099680
worker_3,2195,1788087041.092534,50,4.779383,1.098112
worker_3,2196,1788087041.097342,50,4.970570,1.096960
worker_3,2197,1788087041.102362,50,4.526307,1.097088
worker_3,2198,1788087041.106915,50,4.964756,1.095424
worker_3,2199,1788087041.111929,50,4.535585,1.100768
worker_3,2200,1788087041.116490,50,4.973366,1.096864
worker_3,2201,1788087041.121514,50,4.537178,1.096256
worker_3,2202,1788087041.126076,50,4.962477,1.096800
worker_3,2203,1788087041.131087,50,4.538492,1.097536
worker_3,2204,1788087041.135649,50,4.758643,1.098208
worker_3,2205,1788087041.140427,50,4.768484,1.101440
worker_3,2206,1788087041.145212,50,4.768838,1.096544
worker_3,2207,1788087041.149998,50,4.768067,1.096160
worker_3,2208,1788087041.154781,50,4.984811,1.096640
worker_3,2209,1788087041.159817,50,4.526937,1.097600
worker_3,2210,1788087041.164369,50,4.972968,1.100064
worker_3,2211,1788087041.169389,50,4.531012,1.096512
worker_3,2212,1788087041.173947,50,4.984431,1.097568
worker_3,2213,1788087041.178981,50,4.531065,1.097056
worker_3,2214,1788087041.183536,50,4.760263,1.098944
worker_3,2215,1788087041.188327,50,4.752697,1.096320
worker_3,2216,1788087041.193097,50,4.990301,1.096832
worker_3,2217,1788087041.198137,50,4.535261,1.097504
worker_3,2218,1788087041.202697,50,4.964532,1.098048
worker_3,2219,1788087041.207710,50,4.550122,1.098080
worker_3,2220,1788087041.212285,50,4.964080,1.098272
worker_3,2221,1788087041.217297,50,4.531741,1.097248
worker_3,2222,1788087041.221853,50,4.968765,1.096672
worker_3,2223,1788087041.226872,50,4.531038,1.096832
worker_3,2224,1788087041.231428,50,4.765457,1.095776
worker_3,2225,1788087041.236221,50,4.762421,1.100384
worker_3,2226,1788087041.241001,50,4.764290,1.097120
worker_3,2227,1788087041.245782,50,4.779004,1.096256
worker_3,2228,1788087041.250577,50,4.979394,1.098272
worker_3,2229,1788087041.255605,50,4.535835,1.097760
worker_3,2230,1788087041.260169,50,4.756671,1.097792
worker_3,2231,1788087041.264944,50,4.778356,1.100640
worker_3,2232,1788087041.269741,50,4.768744,1.097152
worker_3,2233,1788087041.274524,50,4.975597,1.097440
worker_3,2234,1788087041.279551,50,4.534353,1.098208
worker_3,2235,1788087041.284125,50,4.745402,1.097504
worker_3,2236,1788087041.288890,50,4.780365,1.103008
worker_3,2237,1788087041.293687,50,4.980977,1.098272
worker_3,2238,1788087041.298718,50,4.531622,1.095456
worker_3,2239,1788087041.303275,50,4.754929,1.098432
worker_3,2240,1788087041.308049,50,4.763022,1.097088
worker_3,2241,1788087041.312829,50,4.807301,1.111136
worker_3,2242,1788087041.317653,50,4.770662,1.096608
worker_3,2243,1788087041.322438,50,4.976487,1.096320
worker_3,2244,1788087041.327467,50,4.533270,1.096288
worker_3,2245,1788087041.332025,50,4.759207,1.095744
worker_3,2246,1788087041.336804,50,4.774699,1.099840
worker_3,2247,1788087041.341595,50,4.977866,1.097376
worker_3,2248,1788087041.346624,50,4.540390,1.098784
worker_3,2249,1788087041.351189,50,4.755040,1.095712
worker_3,2250,1788087041.355962,50,4.767586,1.097248
worker_3,2251,1788087041.360747,50,4.781865,1.104640
worker_3,2252,1788087041.365545,50,4.772133,1.096256
worker_3,2253,1788087041.370333,50,4.976560,1.098368
worker_3,2254,1788087041.375378,50,4.511890,1.097120
worker_3,2255,1788087041.379916,50,4.753420,1.101696
worker_3,2256,1788087041.384688,50,4.765725,1.096800
worker_3,2257,1788087041.389471,50,4.977736,1.097760
worker_3,2258,1788087041.394499,50,4.536927,1.097056
worker_3,2259,1788087041.399061,50,4.957255,1.095776
worker_3,2260,1788087041.404069,50,4.542132,1.101600
worker_3,2261,1788087041.408636,50,4.958830,1.098112
worker_3,2262,1788087041.413644,50,4.541678,1.098880
worker_3,2263,1788087041.418209,50,4.964042,1.097024
worker_3,2264,1788087041.423225,50,4.545704,1.097600
worker_3,2265,1788087041.427796,50,4.765023,1.107424
worker_3,2266,1788087041.432580,50,4.774114,1.095776
worker_3,2267,1788087041.437370,50,4.980978,1.097152
worker_3,2268,1788087041.442400,50,4.534585,1.098912
worker_3,2269,1788087041.446960,50,4.963422,1.095456
worker_3,2270,1788087041.451971,50,4.543724,1.099104
worker_3,2271,1788087041.456542,50,4.985006,1.097632
worker_3,2272,1788087041.461576,50,4.533917,1.099008
worker_3,2273,1788087041.466136,50,4.965543,1.098112
worker_3,2274,1788087041.471161,50,4.524539,1.098816
worker_3,2275,1788087041.475710,50,4.760485,1.100224
worker_3,2276,1788087041.480488,50,4.787448,1.097696
worker_3,2277,1788087041.485292,50,4.976903,1.097376
worker_3,2278,1788087041.490321,50,4.536798,1.096960
worker_3,2279,1788087041.494884,50,4.961756,1.096768
worker_3,2280,1788087041.499895,50,4.545835,1.106432
worker_3,2281,1788087041.504467,50,4.817892,1.097216
worker_3,2282,1788087041.509336,50,4.685336,1.096768
worker_3,2283,1788087041.514046,50,4.751902,1.096672
worker_3,2284,1788087041.518818,50,4.975617,1.097760
worker_3,2285,1788087041.523843,50,4.536160,1.097888
worker_3,2286,1788087041.528407,50,4.966635,1.097888
worker_3,2287,1788087041.533505,50,4.453556,1.097824
worker_3,2288,1788087041.537985,50,4.755438,1.098144
worker_3,2289,1788087041.542760,50,4.769328,1.095968
worker_3,2290,1788087041.547546,50,4.768319,1.098624
worker_3,2291,1788087041.552331,50,4.931950,1.095712
worker_3,2292,1788087041.557280,50,4.784290,1.099040
worker_3,2293,1788087041.562090,50,4.743541,1.097216
worker_3,2294,1788087041.566850,50,4.785206,1.096992
worker_3,2295,1788087041.571653,50,4.760338,1.096992
worker_3,2296,1788087041.576429,50,4.788930,1.101088
worker_3,2297,1788087041.581232,50,4.771123,1.096128
worker_3,2298,1788087041.586020,50,4.608631,1.097632
worker_3,2299,1788087041.590644,50,4.767818,1.096704
worker_3,2300,1788087041.595427,50,4.776754,1.098368
worker_3,2301,1788087041.600225,50,4.767836,1.095904
worker_3,2302,1788087041.605009,50,4.787336,1.096480
worker_3,2303,1788087041.609813,50,4.765699,1.096320
worker_3,2304,1788087041.614595,50,4.768632,1.097248
worker_3,2305,1788087041.619381,50,4.770559,1.098400
worker_3,2306,1788087041.624166,50,4.774495,1.101216
worker_3,2307,1788087041.628956,50,4.970597,1.096864
worker_3,2308,1788087041.633977,50,4.739845,1.097952
worker_3,2309,1788087041.638765,50,4.747586,1.098368
worker_3,2310,1788087041.643561,50,4.529066,1.096608
worker_3,2311,1788087041.648116,50,4.971783,1.096160
worker_3,2312,1788087041.653137,50,4.539334,1.101984
worker_3,2313,1788087041.657714,50,4.969579,1.098624
worker_3,2314,1788087041.662733,50,4.522390,1.097472
worker_3,2315,1788087041.667281,50,4.750392,1.096512
worker_3,2316,1788087041.672050,50,4.767171,1.097984
worker_3,2317,1788087041.676834,50,4.763642,1.096800
worker_3,2318,1788087041.681614,50,4.776291,1.098048
worker_3,2319,1788087041.686408,50,4.984107,1.098112
worker_3,2320,1788087041.691442,50,4.532436,1.097312
worker_3,2321,1788087041.695999,50,4.761003,1.100544
worker_3,2322,1788087041.700778,50,4.775263,1.097728
worker_3,2323,1788087041.705570,50,4.981672,1.097632
worker_3,2324,1788087041.710600,50,4.534307,1.097600
worker_3,2325,1788087041.715158,50,4.774383,1.097568
worker_3,2326,1788087041.719951,50,4.764513,1.100480
worker_3,2327,1788087041.724733,50,4.771402,1.098272
worker_3,2328,1788087041.729520,50,4.994727,1.097184
worker_3,2329,1788087041.734567,50,4.522964,1.098432
worker_3,2330,1788087041.739115,50,4.968996,1.098784
worker_3,2331,1788087041.744132,50,4.527789,1.096832
worker_3,2332,1788087041.748697,50,4.793717,1.097824
worker_3,2333,1788087041.753541,50,4.680744,1.097824
worker_3,2334,1788087041.758246,50,4.970357,1.098208
worker_3,2335,1788087041.763266,50,4.534585,1.098624
worker_3,2336,1788087041.767828,50,4.755132,1.096320
worker_3,2337,1788087041.772602,50,4.770493,1.098112
worker_3,2338,1788087041.777389,50,5.014412,1.096096
worker_3,2339,1788087041.782456,50,4.511010,1.095648
worker_3,2340,1788087041.786993,50,4.961366,1.097952
worker_3,2341,1788087041.792001,50,4.540251,1.098944
worker_3,2342,1788087041.796569,50,4.965839,1.103104
worker_3,2343,1788087041.801583,50,4.530028,1.097792
worker_3,2344,1788087041.806139,50,4.985117,1.097088
worker_3,2345,1788087041.811172,50,4.532122,1.096064
worker_3,2346,1788087041.815728,50,4.760743,1.098176
worker_3,2347,1788087041.820507,50,4.769772,1.099840
worker_3,2348,1788087041.825294,50,4.986347,1.098368
worker_3,2349,1788087041.830331,50,4.541612,1.097568
worker_3,2350,1788087041.834897,50,4.964699,1.097376
worker_3,2351,1788087041.839912,50,4.532602,1.096704
worker_3,2352,1788087041.844487,50,4.958699,1.101024
worker_3,2353,1788087041.849494,50,4.524298,1.099232
worker_3,2354,1788087041.854043,50,4.995773,1.098208
worker_3,2355,1788087041.859089,50,4.528639,1.095968
worker_3,2356,1788087041.863641,50,4.766096,1.098944
worker_3,2357,1788087041.868426,50,4.762012,1.097568
worker_3,2358,1788087041.873205,50,4.828328,1.098592
worker_3,2359,1788087041.878084,50,4.679539,1.097472
worker_3,2360,1788087041.882788,50,4.776882,1.105792
worker_3,2361,1788087041.887583,50,4.764495,1.097984
worker_3,2362,1788087041.892365,50,4.837476,1.096352
worker_3,2363,1788087041.897256,50,4.882245,1.096480
worker_3,2364,1788087041.902186,50,4.530224,1.096448
worker_3,2365,1788087041.906740,50,4.966986,1.098016
worker_3,2366,1788087041.911757,50,4.539001,1.097344
worker_3,2367,1788087041.916319,50,5.017635,1.097280
worker_3,2368,1788087041.921388,50,4.483954,1.098080
worker_3,2369,1788087041.925897,50,4.972458,1.097152
worker_3,2370,1788087041.930919,50,4.546641,1.100992
worker_3,2371,1788087041.935504,50,4.749104,1.098144
worker_3,2372,1788087041.940273,50,4.973477,1.096256
worker_3,2373,1788087041.945295,50,4.541815,1.098560
worker_3,2374,1788087041.949863,50,4.756235,1.097792
worker_3,2375,1788087041.954637,50,4.980025,1.099936
worker_3,2376,1788087041.959668,50,4.532223,1.096800
worker_3,2377,1788087041.964239,50,4.745948,1.098944
worker_3,2378,1788087041.969005,50,4.766772,1.097952
worker_3,2379,1788087041.973792,50,4.763855,1.096960
worker_3,2380,1788087041.978572,50,4.769948,1.095776
worker_3,2381,1788087041.983360,50,4.769068,1.096672
worker_3,2382,1788087041.988147,50,4.769243,1.096576
worker_3,2383,1788087041.992934,50,4.771299,1.096864
worker_3,2384,1788087041.997723,50,4.763447,1.095808
worker_3,2385,1788087042.002504,50,4.782855,1.103744
worker_3,2386,1788087042.007305,50,4.763401,1.096128
worker_3,2387,1788087042.012085,50,4.770707,1.098880
worker_3,2388,1788087042.016872,50,4.775884,1.103392
worker_3,2389,1788087042.021665,50,4.769716,1.098432
worker_3,2390,1788087042.026450,50,4.774467,1.097600
worker_3,2391,1788087042.031253,50,4.992497,1.096480
worker_3,2392,1788087042.036295,50,4.499723,1.099552
worker_3,2393,1788087042.040818,50,4.981885,1.098240
worker_3,2394,1788087042.045853,50,4.523723,1.098112
worker_3,2395,1788087042.050407,50,4.964931,1.098272
worker_3,2396,1788087042.055423,50,4.539594,1.097280
worker_3,2397,1788087042.059989,50,4.759419,1.103424
worker_3,2398,1788087042.064769,50,4.769504,1.098720
worker_3,2399,1788087042.069555,50,4.989487,1.096192
worker_3,2400,1788087042.074594,50,4.531362,1.097472
worker_3,2401,1788087042.079151,50,4.778523,1.099424
worker_3,2402,1788087042.083950,50,4.764097,1.096864
worker_3,2403,1788087042.088730,50,4.792586,1.112224
worker_3,2404,1788087042.093539,50,4.776708,1.098688
worker_3,2405,1788087042.098331,50,4.992237,1.097856
worker_3,2406,1788087042.103375,50,4.517612,1.098048
worker_3,2407,1788087042.107917,50,4.761058,1.100288
worker_3,2408,1788087042.112697,50,4.781532,1.098336
worker_3,2409,1788087042.117496,50,4.980598,1.098816
worker_3,2410,1788087042.122538,50,4.523160,1.096608
worker_3,2411,1788087042.127087,50,4.751633,1.097280
worker_3,2412,1788087042.131857,50,4.778420,1.100352
worker_3,2413,1788087042.136652,50,4.765171,1.098336
worker_3,2414,1788087042.141433,50,4.978912,1.098016
worker_3,2415,1788087042.146463,50,4.535428,1.097312
worker_3,2416,1788087042.151024,50,4.963089,1.096768
worker_3,2417,1788087042.156036,50,4.538196,1.101408
worker_3,2418,1788087042.160599,50,4.974349,1.097440
worker_3,2419,1788087042.165623,50,4.526946,1.096320
worker_3,2420,1788087042.170175,50,4.981533,1.098400
worker_3,2421,1788087042.175205,50,4.534863,1.097824
worker_3,2422,1788087042.179764,50,4.759615,1.098688
worker_3,2423,1788087042.184545,50,4.767058,1.097216
worker_3,2424,1788087042.189328,50,4.989154,1.097760
worker_3,2425,1788087042.194368,50,4.527779,1.097216
worker_3,2426,1788087042.198921,50,4.960023,1.097344
worker_3,2427,1788087042.203930,50,4.541011,1.097984
worker_3,2428,1788087042.208496,50,4.974709,1.098880
worker_3,2429,1788087042.213522,50,4.536215,1.097088
worker_3,2430,1788087042.218095,50,4.986960,1.096448
worker_3,2431,1788087042.223130,50,4.534845,1.095968
worker_3,2432,1788087042.227691,50,4.751142,1.096576
worker_3,2433,1788087042.232462,50,4.765883,1.099392
worker_3,2434,1788087042.237245,50,4.763549,1.095968
worker_3,2435,1788087042.242025,50,4.781643,1.097024
worker_3,2436,1788087042.246823,50,4.770782,1.097088
worker_3,2437,1788087042.251609,50,4.773031,1.098560
worker_3,2438,1788087042.256485,50,4.690957,1.101280
worker_3,2439,1788087042.261195,50,4.764086,1.096800
worker_3,2440,1788087042.265976,50,4.769587,1.098624
worker_3,2441,1788087042.270762,50,4.773059,1.097152
worker_3,2442,1788087042.275550,50,4.775438,1.098272
worker_3,2443,1788087042.280342,50,4.768403,1.097696
worker_3,2444,1788087042.285126,50,4.776086,1.098336
worker_3,2445,1788087042.289918,50,4.804504,1.101088
worker_3,2446,1788087042.294739,50,4.778310,1.096736
worker_3,2447,1788087042.299532,50,4.771125,1.095744
worker_3,2448,1788087042.304321,50,4.768457,1.097760
worker_3,2449,1788087042.309112,50,4.776912,1.097504
worker_3,2450,1788087042.313905,50,4.765199,1.097184
worker_3,2451,1788087042.318686,50,4.767633,1.095680
worker_3,2452,1788087042.323468,50,4.782338,1.095456
worker_3,2453,1788087042.328266,50,4.987042,1.098080
worker_3,2454,1788087042.333304,50,4.735105,1.096128
worker_3,2455,1788087042.338087,50,4.729513,1.096320
worker_3,2456,1788087042.342866,50,4.537603,1.097344
worker_3,2457,1788087042.347428,50,4.753559,1.096384
worker_3,2458,1788087042.352200,50,4.766031,1.096160
worker_3,2459,1788087042.356982,50,4.784199,1.105664
worker_3,2460,1788087042.361784,50,4.770708,1.097568
worker_3,2461,1788087042.366570,50,4.772661,1.097600
worker_3,2462,1788087042.371359,50,4.768345,1.096224
worker_3,2463,1788087042.376144,50,4.776023,1.098272
worker_3,2464,1788087042.380939,50,4.762577,1.096928
worker_3,2465,1788087042.385720,50,4.766707,1.098624
worker_3,2466,1788087042.390502,50,4.770929,1.096512
worker_3,2467,1788087042.395288,50,4.788364,1.097760
worker_3,2468,1788087042.400091,50,4.782726,1.097792
worker_3,2469,1788087042.404901,50,4.762309,1.099392
worker_3,2470,1788087042.409682,50,4.767800,1.096736
worker_3,2471,1788087042.414466,50,4.772106,1.097152
worker_3,2472,1788087042.419253,50,4.806550,1.096928
worker_3,2473,1788087042.424075,50,4.768493,1.096544
worker_3,2474,1788087042.428858,50,5.019385,1.101920
worker_3,2475,1788087042.433928,50,4.745550,1.098272
worker_3,2476,1788087042.438720,50,4.517371,1.096256
worker_3,2477,1788087042.443263,50,4.760355,1.098176
worker_3,2478,1788087042.448044,50,4.769161,1.097760
worker_3,2479,1788087042.452832,50,4.763669,1.098624
worker_3,2480,1788087042.457611,50,4.769957,1.097120
worker_3,2481,1788087042.462397,50,4.772095,1.098624
worker_3,2482,1788087042.467186,50,4.772800,1.096832
worker_3,2483,1788087042.471974,50,4.766910,1.097792
worker_3,2484,1788087042.476758,50,4.771485,1.096928
worker_3,2485,1788087042.481544,50,4.773698,1.095808
worker_3,2486,1788087042.486333,50,4.772382,1.096736
worker_3,2487,1788087042.491122,50,4.767104,1.096224
worker_3,2488,1788087042.495920,50,4.753068,1.096224
worker_3,2489,1788087042.500689,50,4.782327,1.102400
worker_3,2490,1788087042.505488,50,4.800541,1.097280
worker_3,2491,1788087042.510305,50,4.767078,1.097056
worker_3,2492,1788087042.515088,50,4.766567,1.095808
worker_3,2493,1788087042.519871,50,4.778040,1.098080
worker_3,2494,1788087042.524664,50,4.767252,1.096896
worker_3,2495,1788087042.529446,50,4.773308,1.096448
worker_3,2496,1788087042.534234,50,4.773892,1.097792
worker_3,2497,1788087042.539024,50,4.770901,1.098368
worker_3,2498,1788087042.543812,50,4.990791,1.097856
worker_3,2499,1788087042.548853,50,4.733688,1.096256
worker_3,2500,1788087042.553633,50,4.787791,1.096160
worker_3,2501,1788087042.558468,50,4.855217,1.095968
worker_3,2502,1788087042.563371,50,4.728317,1.096928
worker_3,2503,1788087042.568147,50,4.391463,1.097856
worker_3,2504,1788087042.572563,50,4.987821,1.097088
worker_3,2505,1788087042.577599,50,4.515816,1.096288
worker_3,2506,1788087042.582140,50,4.980385,1.097088
worker_3,2507,1788087042.587170,50,4.531178,1.097696
worker_3,2508,1788087042.591737,50,4.745808,1.097376
worker_3,2509,1788087042.596501,50,4.766457,1.098976
worker_3,2510,1788087042.601284,50,4.981024,1.097504
worker_3,2511,1788087042.606316,50,4.537195,1.097792
worker_3,2512,1788087042.610879,50,4.859782,1.097440
worker_3,2513,1788087042.615788,50,4.642363,1.098624
worker_3,2514,1788087042.620458,50,4.957468,1.098240
worker_3,2515,1788087042.625465,50,4.539586,1.097152
worker_3,2516,1788087042.630032,50,4.967644,1.097568
worker_3,2517,1788087042.635049,50,4.528779,1.098784
worker_3,2518,1788087042.639604,50,4.757022,1.098048
worker_3,2519,1788087042.644380,50,4.770855,1.101184
worker_3,2520,1788087042.649167,50,4.988201,1.097664
worker_3,2521,1788087042.654207,50,4.528067,1.098464
worker_3,2522,1788087042.658758,50,4.976070,1.098432
worker_3,2523,1788087042.663783,50,4.537567,1.102048
worker_3,2524,1788087042.668346,50,4.993700,1.097472
worker_3,2525,1788087042.673387,50,4.524806,1.096288
worker_3,2526,1788087042.677938,50,4.964949,1.097440
worker_3,2527,1788087042.682964,50,4.520908,1.099424
worker_3,2528,1788087042.687510,50,4.759892,1.096864
worker_3,2529,1788087042.692289,50,4.769069,1.099936
worker_3,2530,1788087042.697077,50,4.978977,1.095648
worker_3,2531,1788087042.702106,50,4.536927,1.096224
worker_3,2532,1788087042.706668,50,4.965940,1.096544
worker_3,2533,1788087042.711683,50,4.538639,1.097152
worker_3,2534,1788087042.716248,50,4.753356,1.101376
worker_3,2535,1788087042.721020,50,4.761338,1.095712
worker_3,2536,1788087042.725798,50,4.981468,1.097120
worker_3,2537,1788087042.730829,50,4.531280,1.097632
worker_3,2538,1788087042.735385,50,4.777855,1.098592
worker_3,2539,1788087042.740181,50,4.767661,1.097440
worker_3,2540,1788087042.744967,50,4.766902,1.097120
worker_3,2541,1788087042.749750,50,4.767374,1.096800
worker_3,2542,1788087042.754532,50,4.766541,1.096512
worker_3,2543,1788087042.759315,50,4.986273,1.096352
worker_3,2544,1788087042.764352,50,4.538317,1.098720
worker_3,2545,1788087042.768916,50,4.958487,1.095552
worker_3,2546,1788087042.773924,50,4.542992,1.098304
worker_3,2547,1788087042.778507,50,4.745568,1.096832
worker_3,2548,1788087042.783272,50,4.768466,1.097984
worker_3,2549,1788087042.788059,50,4.764994,1.098176
worker_3,2550,1788087042.792841,50,4.771522,1.096576
worker_3,2551,1788087042.797628,50,4.768522,1.098208
worker_3,2552,1788087042.802412,50,4.772189,1.098336
worker_3,2553,1788087042.807200,50,4.772642,1.097760
worker_3,2554,1788087042.811988,50,4.777503,1.097216
worker_3,2555,1788087042.816781,50,4.988477,1.099936
worker_3,2556,1788087042.821819,50,4.525539,1.096416
worker_3,2557,1788087042.826369,50,4.967330,1.096416
worker_3,2558,1788087042.831387,50,4.542724,1.097824
worker_3,2559,1788087042.835954,50,4.757985,1.099776
worker_3,2560,1788087042.840729,50,4.772771,1.099072
worker_3,2561,1788087042.845519,50,4.987839,1.098464
worker_3,2562,1788087042.850555,50,4.528121,1.098496
worker_3,2563,1788087042.855107,50,4.968876,1.096032
worker_3,2564,1788087042.860124,50,4.531196,1.098848
worker_3,2565,1788087042.864678,50,4.810754,1.096768
worker_3,2566,1788087042.869553,50,4.670827,1.096384
worker_3,2567,1788087042.874249,50,4.760012,1.098816
worker_3,2568,1788087042.879028,50,4.973821,1.097216
worker_3,2569,1788087042.884049,50,4.534512,1.095392
worker_3,2570,1788087042.888609,50,4.969302,1.099968
worker_3,2571,1788087042.893627,50,4.537345,1.097760
worker_3,2572,1788087042.898190,50,4.964607,1.099136
worker_3,2573,1788087042.903203,50,4.542530,1.097824
worker_3,2574,1788087042.907769,50,4.757837,1.098208
worker_3,2575,1788087042.912544,50,4.772300,1.098720
worker_3,2576,1788087042.917333,50,4.979339,1.098496
worker_3,2577,1788087042.922363,50,4.542354,1.096096
worker_3,2578,1788087042.926931,50,4.756087,1.097184
worker_3,2579,1788087042.931706,50,4.768449,1.098752
worker_3,2580,1788087042.936491,50,4.785893,1.104704
worker_3,2581,1788087042.941295,50,4.765762,1.096704
worker_3,2582,1788087042.946076,50,4.773403,1.096384
worker_3,2583,1788087042.950866,50,4.770373,1.097536
worker_3,2584,1788087042.955652,50,4.766671,1.095808
worker_3,2585,1788087042.960435,50,4.766458,1.096320
worker_3,2586,1788087042.965225,50,4.765411,1.098144
worker_3,2587,1788087042.970006,50,4.773855,1.097792
worker_3,2588,1788087042.974796,50,4.778309,1.097792
worker_3,2589,1788087042.979669,50,4.688448,1.096640
worker_3,2590,1788087042.984375,50,4.762930,1.096320
worker_3,2591,1788087042.989156,50,4.768169,1.098528
worker_3,2592,1788087042.993941,50,4.768773,1.096384
worker_3,2593,1788087042.998726,50,4.768050,1.097824
worker_3,2594,1788087043.003509,50,4.773458,1.099296
worker_3,2595,1788087043.008298,50,4.786615,1.098432
worker_3,2596,1788087043.013102,50,4.767772,1.096800
worker_3,2597,1788087043.017886,50,4.768419,1.096128
worker_3,2598,1788087043.022669,50,4.776652,1.100064
worker_3,2599,1788087043.027461,50,4.788328,1.097056
worker_3,2600,1788087043.032264,50,4.772522,1.097824
worker_3,2601,1788087043.037052,50,4.770523,1.096576
worker_3,2602,1788087043.041839,50,4.778929,1.098400
worker_3,2603,1788087043.046635,50,4.788337,1.098880
worker_3,2604,1788087043.051439,50,4.781486,1.097568
worker_3,2605,1788087043.056244,50,4.968422,1.098592
worker_3,2606,1788087043.061263,50,4.747087,1.097696
worker_3,2607,1788087043.066057,50,4.737587,1.097408
worker_3,2608,1788087043.070845,50,4.737660,1.097696
worker_3,2609,1788087043.075633,50,4.531816,1.098816
worker_3,2610,1788087043.080189,50,5.007386,1.100864
worker_3,2611,1788087043.085244,50,4.539343,1.099104
worker_3,2612,1788087043.089808,50,4.970042,1.097184
worker_3,2613,1788087043.094827,50,4.533020,1.098720
worker_3,2614,1788087043.099387,50,4.765133,1.097824
worker_3,2615,1788087043.104170,50,4.766994,1.097792
worker_3,2616,1788087043.108953,50,4.766384,1.096224
worker_3,2617,1788087043.113736,50,4.777606,1.096512
worker_3,2618,1788087043.118530,50,4.973737,1.098496
worker_3,2619,1788087043.123555,50,4.536354,1.097760
worker_3,2620,1788087043.128117,50,4.753077,1.097824
worker_3,2621,1788087043.132890,50,4.772976,1.097824
worker_3,2622,1788087043.137681,50,4.979431,1.096608
worker_3,2623,1788087043.142710,50,4.534093,1.099104
worker_3,2624,1788087043.147269,50,4.758689,1.097568
worker_3,2625,1788087043.152060,50,4.756290,1.099488
worker_3,2626,1788087043.156833,50,4.772708,1.099104
worker_3,2627,1788087043.161622,50,4.770124,1.097824
worker_3,2628,1788087043.166408,50,4.979171,1.097344
worker_3,2629,1788087043.171437,50,4.546298,1.097216
worker_3,2630,1788087043.176008,50,4.754299,1.095680
worker_3,2631,1788087043.180781,50,4.765956,1.096800
worker_3,2632,1788087043.185565,50,4.984681,1.098016
worker_3,2633,1788087043.190598,50,4.552891,1.097760
worker_3,2634,1788087043.195176,50,4.759781,1.099168
worker_3,2635,1788087043.199954,50,4.769865,1.098784
worker_3,2636,1788087043.204742,50,4.772541,1.098336
worker_3,2637,1788087043.209534,50,4.766882,1.099136
worker_3,2638,1788087043.214318,50,4.771754,1.098496
worker_3,2639,1788087043.219105,50,4.768225,1.097088
worker_3,2640,1788087043.223889,50,4.773300,1.099392
worker_3,2641,1788087043.228682,50,4.766884,1.098816
worker_3,2642,1788087043.233464,50,4.770447,1.096640
worker_3,2643,1788087043.238250,50,4.776263,1.098368
worker_3,2644,1788087043.243052,50,4.764828,1.096672
worker_3,2645,1788087043.247833,50,4.773346,1.097888
worker_3,2646,1788087043.252622,50,4.774790,1.100544
worker_3,2647,1788087043.257412,50,4.778040,1.096512
worker_3,2648,1788087043.262206,50,4.766002,1.097792
worker_3,2649,1788087043.266988,50,4.991728,1.097952
worker_3,2650,1788087043.272029,50,4.538122,1.102016
worker_3,2651,1788087043.276595,50,4.970097,1.096960
worker_3,2652,1788087043.281615,50,4.530428,1.096416
worker_3,2653,1788087043.286171,50,4.974811,1.097568
worker_3,2654,1788087043.291195,50,4.524371,1.096352
worker_3,2655,1788087043.295744,50,4.754560,1.099392
worker_3,2656,1788087043.300519,50,4.773225,1.096160
worker_3,2657,1788087043.305310,50,4.983942,1.096896
worker_3,2658,1788087043.310344,50,4.525983,1.096352
worker_3,2659,1788087043.314895,50,4.964098,1.098144
worker_3,2660,1788087043.319909,50,4.537076,1.098496
worker_3,2661,1788087043.324473,50,4.964653,1.100416
worker_3,2662,1788087043.329489,50,4.528205,1.098144
worker_3,2663,1788087043.334041,50,4.976339,1.097344
worker_3,2664,1788087043.339082,50,4.510399,1.097824
worker_3,2665,1788087043.343623,50,4.750976,1.096576
worker_3,2666,1788087043.348393,50,4.765984,1.097568
worker_3,2667,1788087043.353176,50,4.985755,1.097504
worker_3,2668,1788087043.358214,50,4.515372,1.097344
worker_3,2669,1788087043.362755,50,4.964551,1.095968
worker_3,2670,1788087043.367766,50,4.537715,1.097216
worker_3,2671,1788087043.372330,50,4.955412,1.098016
worker_3,2672,1788087043.377334,50,4.533353,1.095392
worker_3,2673,1788087043.381893,50,4.974653,1.097472
worker_3,2674,1788087043.386917,50,4.532890,1.097088
worker_3,2675,1788087043.391474,50,4.754938,1.096576
worker_3,2676,1788087043.396248,50,4.762059,1.096320
worker_3,2677,1788087043.401026,50,4.991338,1.099200
worker_3,2678,1788087043.406065,50,4.526159,1.098432
worker_3,2679,1788087043.410615,50,4.964690,1.097280
worker_3,2680,1788087043.415628,50,4.544076,1.096736
worker_3,2681,1788087043.420198,50,4.758883,1.099872
worker_3,2682,1788087043.424976,50,4.765003,1.098432
worker_3,2683,1788087043.429765,50,4.977154,1.097120
worker_3,2684,1788087043.434790,50,4.535706,1.096896
worker_3,2685,1788087043.439351,50,4.764374,1.099040
worker_3,2686,1788087043.444134,50,4.764984,1.099264
worker_3,2687,1788087043.448915,50,4.769143,1.097440
worker_3,2688,1788087043.453701,50,4.768605,1.098528
worker_3,2689,1788087043.458487,50,4.980246,1.097344
worker_3,2690,1788087043.463518,50,4.552363,1.098304
worker_3,2691,1788087043.468095,50,4.760373,1.099840
worker_3,2692,1788087043.472875,50,4.764189,1.096448
worker_3,2693,1788087043.477655,50,4.989190,1.096576
worker_3,2694,1788087043.482693,50,4.538112,1.096992
worker_3,2695,1788087043.487257,50,4.752457,1.096928
worker_3,2696,1788087043.492030,50,4.766318,1.098368
worker_3,2697,1788087043.496816,50,4.772114,1.096800
worker_3,2698,1788087043.501605,50,4.767151,1.096544
worker_3,2699,1788087043.506387,50,4.768688,1.096384
worker_3,2700,1788087043.511173,50,4.983635,1.095680
worker_3,2701,1788087043.516206,50,4.531345,1.096864
worker_3,2702,1788087043.520763,50,4.985875,1.103552
worker_3,2703,1788087043.525810,50,4.513401,1.098496
worker_3,2704,1788087043.530349,50,4.758375,1.097024
worker_3,2705,1788087043.535127,50,4.975283,1.096896
worker_3,2706,1788087043.540151,50,4.534910,1.099168
worker_3,2707,1788087043.544710,50,4.975755,1.100960
worker_3,2708,1788087043.549737,50,4.691438,1.098752
worker_3,2709,1788087043.554453,50,4.920402,1.097760
worker_3,2710,1788087043.559423,50,4.575521,1.097600
worker_3,2711,1788087043.564023,50,4.613067,1.098112
worker_3,2712,1788087043.568654,50,4.775764,1.104288
worker_3,2713,1788087043.573446,50,4.975884,1.097440
worker_3,2714,1788087043.578472,50,4.541001,1.095968
worker_3,2715,1788087043.583038,50,4.961986,1.095424
worker_3,2716,1788087043.588047,50,4.538464,1.096736
worker_3,2717,1788087043.592612,50,4.970293,1.100736
worker_3,2718,1788087043.597629,50,4.535187,1.097408
worker_3,2719,1788087043.602189,50,4.979746,1.097216
worker_3,2720,1788087043.607217,50,4.530696,1.096352
worker_3,2721,1788087043.611771,50,4.759244,1.096640
worker_3,2722,1788087043.616563,50,4.753142,1.098048
worker_3,2723,1788087043.621332,50,4.766448,1.098368
worker_3,2724,1788087043.626115,50,4.800383,1.101888
worker_3,2725,1788087043.630931,50,5.003996,1.098208
worker_3,2726,1788087043.635985,50,4.535419,1.098528
worker_3,2727,1788087043.640544,50,4.967348,1.099744
worker_3,2728,1788087043.645561,50,4.542334,1.098816
worker_3,2729,1788087043.650128,50,4.964274,1.096608
worker_3,2730,1788087043.655141,50,4.538445,1.097376
worker_3,2731,1788087043.659704,50,4.778262,1.104640
worker_3,2732,1788087043.664500,50,4.784587,1.099200
worker_3,2733,1788087043.669301,50,4.977292,1.097696
worker_3,2734,1788087043.674329,50,4.534112,1.095808
worker_3,2735,1788087043.678890,50,4.972117,1.098400
worker_3,2736,1788087043.683911,50,4.537197,1.101760
worker_3,2737,1788087043.688477,50,4.971459,1.096928
worker_3,2738,1788087043.693498,50,4.528538,1.096800
worker_3,2739,1788087043.698054,50,4.979098,1.097856
worker_3,2740,1788087043.703167,50,4.441686,1.097632
worker_3,2741,1788087043.707634,50,4.756318,1.099040
worker_3,2742,1788087043.712424,50,4.755706,1.096352
worker_3,2743,1788087043.717196,50,4.978153,1.096512
worker_3,2744,1788087043.722226,50,4.529548,1.097376
worker_3,2745,1788087043.726780,50,4.970728,1.097472
worker_3,2746,1788087043.731801,50,4.528066,1.097024
worker_3,2747,1788087043.736354,50,4.761310,1.097792
worker_3,2748,1788087043.741135,50,4.766207,1.097792
worker_3,2749,1788087043.745919,50,4.783355,1.097632
worker_3,2750,1788087043.750718,50,4.980023,1.095808
worker_3,2751,1788087043.755748,50,4.533806,1.097824
worker_3,2752,1788087043.760306,50,4.962681,1.097248
worker_3,2753,1788087043.765319,50,4.532094,1.097856
worker_3,2754,1788087043.769877,50,4.957672,1.097856
worker_3,2755,1788087043.774883,50,4.541927,1.098272
worker_3,2756,1788087043.779453,50,4.752383,1.096160
worker_3,2757,1788087043.784232,50,4.756004,1.097568
worker_3,2758,1788087043.789006,50,4.784050,1.105024
worker_3,2759,1788087043.793808,50,4.772882,1.097888
worker_3,2760,1788087043.798596,50,4.770531,1.096352
worker_3,2761,1788087043.803394,50,4.757734,1.097824
worker_3,2762,1788087043.808168,50,4.780272,1.097760
worker_3,2763,1788087043.812963,50,4.795013,1.100480
worker_3,2764,1788087043.817774,50,4.771430,1.098592
worker_3,2765,1788087043.822561,50,4.768503,1.096800
worker_3,2766,1788087043.827346,50,4.990598,1.097568
worker_3,2767,1788087043.832388,50,4.525853,1.095584
worker_3,2768,1788087043.836939,50,4.964319,1.097088
worker_3,2769,1788087043.841951,50,4.536140,1.096160
worker_3,2770,1788087043.846513,50,4.750678,1.096800
worker_3,2771,1788087043.851282,50,4.978274,1.097152
worker_3,2772,1788087043.856316,50,4.519778,1.097504
worker_3,2773,1788087043.860862,50,4.749929,1.096832
worker_3,2774,1788087043.865630,50,4.779920,1.102272
worker_3,2775,1788087043.870429,50,4.973403,1.098336
worker_3,2776,1788087043.875451,50,4.533140,1.096256
worker_3,2777,1788087043.880010,50,4.765800,1.106400
worker_3,2778,1788087043.884796,50,4.763559,1.099040
worker_3,2779,1788087043.889577,50,4.769606,1.097472
worker_3,2780,1788087043.894365,50,4.761095,1.097696
worker_3,2781,1788087043.899152,50,4.783162,1.096672
worker_3,2782,1788087043.903951,50,4.775596,1.098144
worker_3,2783,1788087043.908742,50,4.770957,1.098592
worker_3,2784,1788087043.913529,50,4.982468,1.097408
worker_3,2785,1788087043.918561,50,4.536094,1.098336
worker_3,2786,1788087043.923123,50,4.978458,1.098400
worker_3,2787,1788087043.928151,50,4.536205,1.098848
worker_3,2788,1788087043.932714,50,4.925310,1.095680
worker_3,2789,1788087043.937679,50,4.774800,1.097472
worker_3,2790,1788087043.942501,50,4.527974,1.096704
worker_3,2791,1788087043.947049,50,4.974023,1.096896
worker_3,2792,1788087043.952065,50,4.736596,1.100640
worker_3,2793,1788087043.956840,50,4.555576,1.096384
worker_3,2794,1788087043.961417,50,4.758716,1.096416
worker_3,2795,1788087043.966192,50,4.820078,1.097920
worker_3,2796,1788087043.971055,50,4.699114,1.097312
worker_3,2797,1788087043.975776,50,4.967829,1.100288
worker_3,2798,1788087043.980785,50,4.779587,1.095840
worker_3,2799,1788087043.985606,50,4.517205,1.097632
worker_3,2800,1788087043.990168,50,4.808281,1.097088
worker_3,2801,1788087043.995025,50,4.681346,1.097280
worker_3,2802,1788087043.999730,50,4.766882,1.096640
worker_3,2803,1788087044.004519,50,4.882338,1.097312
worker_3,2804,1788087044.009442,50,4.754652,1.098496
worker_3,2805,1788087044.014238,50,4.611854,1.097312
worker_3,2806,1788087044.018881,50,4.751504,1.098080
worker_3,2807,1788087044.023656,50,4.768772,1.103456
worker_3,2808,1788087044.028445,50,4.781457,1.096224
worker_3,2809,1788087044.033243,50,4.980321,1.099040
worker_3,2810,1788087044.038270,50,4.735864,1.096000
worker_3,2811,1788087044.043054,50,4.739160,1.096768
worker_3,2812,1788087044.047842,50,4.540289,1.099616
worker_3,2813,1788087044.052412,50,4.746903,1.098656
worker_3,2814,1788087044.057178,50,4.765762,1.096864
worker_3,2815,1788087044.061962,50,4.762421,1.096256
worker_3,2816,1788087044.066745,50,4.766031,1.096608
worker_3,2817,1788087044.071529,50,4.762902,1.096320
worker_3,2818,1788087044.076308,50,4.761939,1.096416
worker_3,2819,1788087044.081087,50,4.777419,1.096928
worker_3,2820,1788087044.085893,50,4.749290,1.096128
worker_3,2821,1788087044.090659,50,4.762651,1.097152
worker_3,2822,1788087044.095437,50,4.783625,1.096576
worker_3,2823,1788087044.100234,50,4.780171,1.100256
worker_3,2824,1788087044.105031,50,4.767966,1.097600
worker_3,2825,1788087044.109815,50,4.803449,1.097696
worker_3,2826,1788087044.114655,50,4.718643,1.096032
worker_3,2827,1788087044.119401,50,4.777688,1.098624
worker_3,2828,1788087044.124201,50,4.765430,1.098688
worker_3,2829,1788087044.128988,50,4.751142,1.097088
worker_3,2830,1788087044.133757,50,4.766051,1.096640
worker_3,2831,1788087044.138540,50,4.768133,1.099072
worker_3,2832,1788087044.143326,50,4.771206,1.096480
worker_3,2833,1788087044.148112,50,4.766930,1.097248
worker_3,2834,1788087044.152894,50,4.772365,1.098752
worker_3,2835,1788087044.157682,50,4.789273,1.098560
worker_3,2836,1788087044.162492,50,4.753827,1.096608
worker_3,2837,1788087044.167265,50,4.766244,1.097792
worker_3,2838,1788087044.172048,50,4.770162,1.097600
worker_3,2839,1788087044.176847,50,4.750689,1.096864
worker_3,2840,1788087044.181613,50,4.770670,1.097312
worker_3,2841,1788087044.186400,50,4.771828,1.096896
worker_3,2842,1788087044.191189,50,4.777781,1.095680
worker_3,2843,1788087044.195982,50,4.773986,1.096736
worker_3,2844,1788087044.200771,50,4.772597,1.098368
worker_3,2845,1788087044.205558,50,4.779577,1.097824
worker_3,2846,1788087044.210353,50,4.786345,1.097568
worker_3,2847,1788087044.215155,50,4.768680,1.097408
worker_3,2848,1788087044.219940,50,4.772162,1.099872
worker_3,2849,1788087044.224728,50,4.782050,1.097760
worker_3,2850,1788087044.229525,50,4.767235,1.097760
worker_3,2851,1788087044.234308,50,4.966190,1.097632
worker_3,2852,1788087044.239318,50,4.763457,1.097888
worker_3,2853,1788087044.244129,50,4.741949,1.101792
worker_3,2854,1788087044.248921,50,4.533751,1.098848
worker_3,2855,1788087044.253480,50,4.754753,1.097472
worker_3,2856,1788087044.258253,50,4.769412,1.097280
worker_3,2857,1788087044.263040,50,4.774392,1.098560
worker_3,2858,1788087044.267831,50,4.771412,1.100352
worker_3,2859,1788087044.272626,50,4.763216,1.098816
worker_3,2860,1788087044.277405,50,4.770559,1.097824
worker_3,2861,1788087044.282192,50,4.768912,1.098976
worker_3,2862,1788087044.286976,50,4.776661,1.096480
worker_3,2863,1788087044.291769,50,4.795327,1.102432
worker_3,2864,1788087044.296587,50,4.762051,1.098016
worker_3,2865,1788087044.301368,50,4.765560,1.096960
worker_3,2866,1788087044.306150,50,4.771892,1.099168
worker_3,2867,1788087044.310938,50,4.775179,1.098208
worker_3,2868,1788087044.315731,50,4.769253,1.099616
worker_3,2869,1788087044.320519,50,4.773883,1.096768
worker_3,2870,1788087044.325310,50,4.774069,1.096640
worker_3,2871,1788087044.330099,50,4.772392,1.096704
worker_3,2872,1788087044.334887,50,4.778828,1.098368
worker_3,2873,1788087044.339680,50,4.772745,1.098944
worker_3,2874,1788087044.344469,50,4.779623,1.097056
worker_3,2875,1788087044.349265,50,4.776512,1.096640
worker_3,2876,1788087044.354056,50,4.763771,1.096608
worker_3,2877,1788087044.358835,50,4.767253,1.096192
worker_3,2878,1788087044.363624,50,4.765124,1.097216
worker_3,2879,1788087044.368407,50,4.800319,1.098432
worker_3,2880,1788087044.373239,50,4.738753,1.096608
worker_3,2881,1788087044.377999,50,4.764652,1.098976
worker_3,2882,1788087044.382781,50,4.771467,1.096928
worker_3,2883,1788087044.387569,50,4.770605,1.098176
worker_3,2884,1788087044.392356,50,4.783476,1.098816
worker_3,2885,1788087044.397156,50,4.769605,1.098208
worker_3,2886,1788087044.401942,50,4.774207,1.099296
worker_3,2887,1788087044.406731,50,4.777606,1.098144
worker_3,2888,1788087044.411525,50,4.769670,1.098688
worker_3,2889,1788087044.416312,50,4.765633,1.096480
worker_3,2890,1788087044.421094,50,4.773403,1.097760
worker_3,2891,1788087044.425968,50,4.682280,1.098592
worker_3,2892,1788087044.430668,50,4.769708,1.098272
worker_3,2893,1788087044.435455,50,4.774938,1.096736
worker_3,2894,1788087044.440246,50,4.774661,1.098720
worker_3,2895,1788087044.445036,50,4.770393,1.096160
worker_3,2896,1788087044.449823,50,4.779236,1.097600
worker_3,2897,1788087044.454619,50,4.767318,1.097536
worker_3,2898,1788087044.459410,50,4.767152,1.097760
worker_3,2899,1788087044.464194,50,4.768726,1.098592
worker_3,2900,1788087044.468978,50,4.771642,1.096800
worker_3,2901,1788087044.473765,50,4.784264,1.098176
worker_3,2902,1788087044.478568,50,4.760383,1.096288
worker_3,2903,1788087044.483345,50,4.783087,1.096768
worker_3,2904,1788087044.488152,50,4.752708,1.097408
worker_3,2905,1788087044.492926,50,4.773244,1.102912
worker_3,2906,1788087044.497718,50,4.760319,1.096672
worker_3,2907,1788087044.502496,50,4.763837,1.099104
worker_3,2908,1788087044.507276,50,4.788642,1.097568
worker_3,2909,1788087044.512081,50,4.770365,1.097152
worker_3,2910,1788087044.516866,50,4.771540,1.098976
worker_3,2911,1788087044.521653,50,4.778615,1.097088
worker_3,2912,1788087044.526446,50,4.771179,1.098208
worker_3,2913,1788087044.531233,50,5.019922,1.095360
worker_3,2914,1788087044.536304,50,4.738253,1.105984
worker_3,2915,1788087044.541092,50,4.729217,1.097216
worker_3,2916,1788087044.545873,50,4.747772,1.097760
worker_3,2917,1788087044.550687,50,4.653605,1.097216
worker_3,2918,1788087044.555368,50,4.596289,1.097024
worker_3,2919,1788087044.559984,50,4.766429,1.097792
worker_3,2920,1788087044.564767,50,4.770189,1.096736
worker_3,2921,1788087044.569554,50,4.770235,1.098208
worker_3,2922,1788087044.574340,50,4.770642,1.098944
worker_3,2923,1788087044.579128,50,4.795662,1.097856
worker_3,2924,1788087044.583940,50,4.771328,1.098400
worker_3,2925,1788087044.588728,50,4.769206,1.097568
worker_3,2926,1788087044.593513,50,4.771169,1.095904
worker_3,2927,1788087044.598300,50,4.771725,1.096480
worker_3,2928,1788087044.603086,50,4.769077,1.096384
worker_3,2929,1788087044.607872,50,4.772227,1.098272
worker_3,2930,1788087044.612659,50,4.773865,1.097632
worker_3,2931,1788087044.617449,50,4.767299,1.097248
worker_3,2932,1788087044.622231,50,4.778532,1.098208
worker_3,2933,1788087044.627024,50,4.772801,1.098912
worker_3,2934,1788087044.631812,50,4.989514,1.098272
worker_3,2935,1788087044.636853,50,4.742967,1.101696
worker_3,2936,1788087044.641645,50,4.530797,1.099296
worker_3,2937,1788087044.646208,50,4.744827,1.096992
worker_3,2938,1788087044.650971,50,4.768124,1.098528
worker_3,2939,1788087044.655755,50,4.770059,1.098080
worker_3,2940,1788087044.660542,50,4.774957,1.102464
worker_3,2941,1788087044.665333,50,4.767836,1.099424
worker_3,2942,1788087044.670116,50,4.781077,1.097792
worker_3,2943,1788087044.674914,50,4.769662,1.096096
worker_3,2944,1788087044.679699,50,4.772086,1.096128
worker_3,2945,1788087044.684487,50,4.772411,1.100896
worker_3,2946,1788087044.689274,50,4.768522,1.096896
worker_3,2947,1788087044.694057,50,4.790892,1.097632
worker_3,2948,1788087044.698864,50,4.771354,1.097472
worker_3,2949,1788087044.703651,50,4.769356,1.096128
worker_3,2950,1788087044.708436,50,4.772652,1.098400
worker_3,2951,1788087044.713224,50,4.768123,1.098368
worker_3,2952,1788087044.718008,50,4.788004,1.096416
worker_3,2953,1788087044.722812,50,4.770049,1.097632
worker_3,2954,1788087044.727597,50,4.773384,1.096640
worker_3,2955,1788087044.732387,50,4.993664,1.101024
worker_3,2956,1788087044.737442,50,4.512186,1.098464
worker_3,2957,1788087044.741981,50,4.764429,1.096800
worker_3,2958,1788087044.746764,50,4.768661,1.097760
worker_3,2959,1788087044.751549,50,4.771253,1.097600
worker_3,2960,1788087044.756336,50,4.767818,1.098336
worker_3,2961,1788087044.761120,50,4.770808,1.097824
worker_3,2962,1788087044.765905,50,4.772577,1.097728
worker_3,2963,1788087044.770693,50,4.768838,1.098272
worker_3,2964,1788087044.775476,50,4.770198,1.095200
worker_3,2965,1788087044.780262,50,4.765263,1.097024
worker_3,2966,1788087044.785043,50,4.776031,1.096512
worker_3,2967,1788087044.789838,50,4.768206,1.096896
worker_3,2968,1788087044.794621,50,4.772106,1.096704
worker_3,2969,1788087044.799409,50,4.769104,1.096704
worker_3,2970,1788087044.804193,50,4.780512,1.097248
worker_3,2971,1788087044.808988,50,4.778727,1.096512
worker_3,2972,1788087044.813781,50,4.773411,1.097184
worker_3,2973,1788087044.818569,50,4.776077,1.097888
worker_3,2974,1788087044.823360,50,4.776930,1.097408
worker_3,2975,1788087044.828152,50,4.771272,1.098880
worker_3,2976,1788087044.832945,50,4.998691,1.098464
worker_3,2977,1788087044.837995,50,4.718707,1.097600
worker_3,2978,1788087044.842764,50,4.531204,1.096352
worker_3,2979,1788087044.847323,50,4.754670,1.097056
worker_3,2980,1788087044.852097,50,4.769300,1.098432
worker_3,2981,1788087044.856884,50,4.761281,1.098048
worker_3,2982,1788087044.861662,50,4.764708,1.096320
worker_3,2983,1788087044.866444,50,4.767438,1.096864
worker_3,2984,1788087044.871228,50,4.810337,1.097792
worker_3,2985,1788087044.876056,50,4.765484,1.096448
worker_3,2986,1788087044.880837,50,4.771272,1.098496
worker_3,2987,1788087044.885623,50,4.776559,1.098208
worker_3,2988,1788087044.890414,50,4.783069,1.096448
worker_3,2989,1788087044.895213,50,4.770504,1.097280
worker_3,2990,1788087044.899999,50,4.773864,1.097792
worker_3,2991,1788087044.904788,50,4.769754,1.098976
worker_3,2992,1788087044.909573,50,4.771216,1.097536
worker_3,2993,1788087044.914360,50,4.768199,1.098336
worker_3,2994,1788087044.919144,50,4.774115,1.097472
worker_3,2995,1788087044.923942,50,4.772919,1.098080
worker_3,2996,1788087044.928730,50,4.769550,1.097504
worker_3,2997,1788087044.933516,50,4.985292,1.097824
worker_3,2998,1788087044.938552,50,4.735457,1.098176
worker_3,2999,1788087044.943339,50,4.737596,1.095712
worker_3,3000,1788087044.948124,50,4.532150,1.096864
worker_3,3001,1788087044.952683,50,4.751124,1.099360
worker_3,3002,1788087044.957453,50,4.768560,1.099136
worker_3,3003,1788087044.962238,50,4.765726,1.096576
worker_3,3004,1788087044.967020,50,4.773365,1.097120
worker_3,3005,1788087044.971809,50,4.768050,1.095744
worker_3,3006,1788087044.976593,50,4.776679,1.099296
worker_3,3007,1788087044.981385,50,4.769244,1.096576
worker_3,3008,1788087044.986171,50,4.768354,1.097152
worker_3,3009,1788087044.990955,50,4.771475,1.096800
worker_3,3010,1788087044.995741,50,4.772634,1.097728
worker_3,3011,1788087045.000531,50,4.767290,1.097600
worker_3,3012,1788087045.005314,50,4.767679,1.097248
worker_3,3013,1788087045.010097,50,4.783383,1.100928
worker_3,3014,1788087045.014895,50,4.770632,1.097856
worker_3,3015,1788087045.019692,50,4.760337,1.096480
worker_3,3016,1788087045.024467,50,4.775152,1.099520
worker_3,3017,1788087045.029258,50,4.777392,1.097024
worker_3,3018,1788087045.034050,50,4.977655,1.098304
worker_3,3019,1788087045.039082,50,4.731873,1.096640
worker_3,3020,1788087045.043862,50,4.747391,1.096736
worker_3,3021,1788087045.048659,50,4.528029,1.096224
worker_3,3022,1788087045.053213,50,4.751855,1.097280
worker_3,3023,1788087045.057985,50,4.786680,1.105216
worker_3,3024,1788087045.062788,50,4.770903,1.097952
worker_3,3025,1788087045.067575,50,4.768050,1.096352
worker_3,3026,1788087045.072359,50,4.773069,1.100160
worker_3,3027,1788087045.077148,50,4.785069,1.096512
worker_3,3028,1788087045.081948,50,4.777188,1.097696
worker_3,3029,1788087045.086740,50,4.766910,1.097152
worker_3,3030,1788087045.091522,50,4.775449,1.098688
worker_3,3031,1788087045.096312,50,4.775059,1.095808
worker_3,3032,1788087045.101102,50,4.773207,1.097760
worker_3,3033,1788087045.105892,50,4.768522,1.097408
worker_3,3034,1788087045.110681,50,4.769790,1.098688
worker_3,3035,1788087045.115468,50,4.764198,1.098976
worker_3,3036,1788087045.120248,50,4.777958,1.098400
worker_3,3037,1788087045.125041,50,4.769503,1.096160
worker_3,3038,1788087045.129826,50,4.768893,1.096064
worker_3,3039,1788087045.134612,50,4.986005,1.096736
worker_3,3040,1788087045.139648,50,4.748512,1.098208
worker_3,3041,1788087045.144448,50,4.733375,1.096096
worker_3,3042,1788087045.149326,50,4.657975,1.100032
worker_3,3043,1788087045.154032,50,4.734512,1.096192
worker_3,3044,1788087045.158816,50,4.528816,1.096768
worker_3,3045,1788087045.163369,50,4.757040,1.098464
worker_3,3046,1788087045.168143,50,4.766884,1.097632
worker_3,3047,1788087045.172927,50,4.793115,1.101568
worker_3,3048,1788087045.177736,50,4.772791,1.098176
worker_3,3049,1788087045.182524,50,4.776836,1.097280
worker_3,3050,1788087045.187317,50,4.766837,1.097568
worker_3,3051,1788087045.192099,50,4.773143,1.097792
worker_3,3052,1788087045.196887,50,4.786503,1.107072
worker_3,3053,1788087045.201689,50,4.775078,1.098304
worker_3,3054,1788087045.206488,50,4.764633,1.096000
worker_3,3055,1788087045.211268,50,4.772975,1.098336
worker_3,3056,1788087045.216057,50,4.777273,1.096832
worker_3,3057,1788087045.220850,50,4.769799,1.096512
worker_3,3058,1788087045.225635,50,4.768576,1.095520
worker_3,3059,1788087045.230421,50,4.762985,1.096256
worker_3,3060,1788087045.235200,50,4.775179,1.099360
worker_3,3061,1788087045.239991,50,4.771373,1.098880
worker_3,3062,1788087045.244781,50,4.996099,1.098272
worker_3,3063,1788087045.249829,50,4.724299,1.096448
worker_3,3064,1788087045.254603,50,4.528260,1.098208
worker_3,3065,1788087045.259157,50,4.770846,1.096096
worker_3,3066,1788087045.263948,50,4.767022,1.098528
worker_3,3067,1788087045.268733,50,4.765762,1.096576
worker_3,3068,1788087045.273514,50,4.775235,1.098240
worker_3,3069,1788087045.278305,50,4.770911,1.097056
worker_3,3070,1788087045.283093,50,4.767458,1.096288
worker_3,3071,1788087045.287876,50,4.769087,1.097728
worker_3,3072,1788087045.292661,50,4.778624,1.098816
worker_3,3073,1788087045.297465,50,4.776254,1.098080
worker_3,3074,1788087045.302259,50,4.769642,1.098688
worker_3,3075,1788087045.307044,50,4.772882,1.098336
worker_3,3076,1788087045.311834,50,4.780800,1.104480
worker_3,3077,1788087045.316629,50,4.772234,1.099392
worker_3,3078,1788087045.321417,50,4.769124,1.096736
worker_3,3079,1788087045.326201,50,4.771245,1.096128
worker_3,3080,1788087045.330989,50,4.777615,1.098208
worker_3,3081,1788087045.335783,50,4.766614,1.096192
worker_3,3082,1788087045.340567,50,4.986293,1.105312
worker_3,3083,1788087045.345605,50,4.525955,1.097920
worker_3,3084,1788087045.350156,50,4.757697,1.097792
worker_3,3085,1788087045.354931,50,4.768013,1.096352
worker_3,3086,1788087045.359715,50,4.774310,1.097056
worker_3,3087,1788087045.364507,50,4.775595,1.104736
worker_3,3088,1788087045.369298,50,4.773207,1.098208
worker_3,3089,1788087045.374086,50,4.781725,1.097376
worker_3,3090,1788087045.378883,50,4.770883,1.097120
worker_3,3091,1788087045.383669,50,4.770643,1.096352
worker_3,3092,1788087045.388458,50,4.770244,1.099776
worker_3,3093,1788087045.393259,50,4.755207,1.098016
worker_3,3094,1788087045.398033,50,4.804661,1.098048
worker_3,3095,1788087045.402854,50,4.772689,1.098592
worker_3,3096,1788087045.407642,50,4.773031,1.096736
worker_3,3097,1788087045.412430,50,4.771346,1.096448
worker_3,3098,1788087045.417216,50,4.775577,1.097984
worker_3,3099,1788087045.422007,50,4.767429,1.098400
worker_3,3100,1788087045.426792,50,4.771087,1.098112
worker_3,3101,1788087045.431579,50,4.781040,1.103360
worker_3,3102,1788087045.436374,50,4.779958,1.097536
worker_3,3103,1788087045.441170,50,4.774236,1.095744
worker_3,3104,1788087045.445960,50,4.773114,1.096832
worker_3,3105,1788087045.450749,50,4.780911,1.098336
worker_3,3106,1788087045.455547,50,4.779986,1.104192
worker_3,3107,1788087045.460342,50,4.777856,1.096512
worker_3,3108,1788087045.465135,50,4.777169,1.098528
worker_3,3109,1788087045.469927,50,4.772875,1.097248
worker_3,3110,1788087045.474716,50,4.765828,1.096864
worker_3,3111,1788087045.479497,50,4.780530,1.096672
worker_3,3112,1788087045.484300,50,4.769587,1.103712
worker_3,3113,1788087045.489084,50,4.767669,1.097024
worker_3,3114,1788087045.493868,50,4.775328,1.097632
worker_3,3115,1788087045.498657,50,4.766652,1.096032
worker_3,3116,1788087045.503441,50,4.784596,1.099168
worker_3,3117,1788087045.508240,50,4.769457,1.102624
worker_3,3118,1788087045.513027,50,4.768689,1.097056
worker_3,3119,1788087045.517811,50,4.775216,1.097600
worker_3,3120,1788087045.522601,50,4.773688,1.096544
worker_3,3121,1788087045.527390,50,4.796726,1.099104
worker_3,3122,1788087045.532202,50,4.765429,1.098400
worker_3,3123,1788087045.536984,50,4.985200,1.098304
worker_3,3124,1788087045.542022,50,4.734060,1.096192
worker_3,3125,1788087045.546806,50,4.736040,1.098368
worker_3,3126,1788087045.551592,50,4.541955,1.096192
worker_3,3127,1788087045.556159,50,4.756012,1.098592
worker_3,3128,1788087045.560933,50,4.917125,1.096768
worker_3,3129,1788087045.565867,50,4.620317,1.096704
worker_3,3130,1788087045.570505,50,4.769643,1.097088
worker_3,3131,1788087045.575290,50,4.779725,1.098720
worker_3,3132,1788087045.580093,50,4.762271,1.100512
worker_3,3133,1788087045.584872,50,4.770493,1.099328
worker_3,3134,1788087045.589659,50,4.769142,1.098592
worker_3,3135,1788087045.594444,50,4.775097,1.097824
worker_3,3136,1788087045.599234,50,4.773254,1.097792
worker_3,3137,1788087045.604022,50,4.771040,1.096672
worker_3,3138,1788087045.608809,50,4.771245,1.097152
worker_3,3139,1788087045.613596,50,4.783652,1.098112
worker_3,3140,1788087045.618395,50,4.771494,1.097760
worker_3,3141,1788087045.623181,50,4.771690,1.097856
worker_3,3142,1788087045.627968,50,4.777207,1.100544
worker_3,3143,1788087045.632760,50,4.784412,1.108320
worker_3,3144,1788087045.637559,50,4.986682,1.096928
worker_3,3145,1788087045.642597,50,4.737096,1.099040
worker_3,3146,1788087045.647383,50,4.759744,1.096576
worker_3,3147,1788087045.652191,50,4.530649,1.097280
worker_3,3148,1788087045.656746,50,4.747115,1.096896
worker_3,3149,1788087045.661513,50,4.766308,1.098272
worker_3,3150,1788087045.666297,50,4.773319,1.098848
worker_3,3151,1788087045.671098,50,4.757587,1.097376
worker_3,3152,1788087045.675870,50,4.774966,1.100736
worker_3,3153,1788087045.680660,50,4.772847,1.100768
worker_3,3154,1788087045.685448,50,4.768253,1.096800
worker_3,3155,1788087045.690233,50,4.772809,1.096768
worker_3,3156,1788087045.695021,50,4.776661,1.096320
worker_3,3157,1788087045.699815,50,4.784457,1.108864
worker_3,3158,1788087045.704615,50,4.769588,1.097120
worker_3,3159,1788087045.709399,50,4.768986,1.096832
worker_3,3160,1788087045.714184,50,4.771244,1.098304
worker_3,3161,1788087045.718971,50,4.776292,1.097440
worker_3,3162,1788087045.723762,50,4.779077,1.099616
worker_3,3163,1788087045.728556,50,4.770577,1.097472
worker_3,3164,1788087045.733341,50,4.771901,1.097376
worker_3,3165,1788087045.738128,50,4.777262,1.097408
worker_3,3166,1788087045.742921,50,4.771549,1.099008
worker_3,3167,1788087045.747708,50,4.774817,1.096192
worker_3,3168,1788087045.752497,50,4.779837,1.103552
worker_3,3169,1788087045.757292,50,4.769013,1.096448
worker_3,3170,1788087045.762077,50,4.787587,1.097152
worker_3,3171,1788087045.766891,50,4.758652,1.096608
worker_3,3172,1788087045.771665,50,4.772280,1.099296
worker_3,3173,1788087045.776452,50,4.775032,1.103616
worker_3,3174,1788087045.781243,50,4.771995,1.097120
worker_3,3175,1788087045.786030,50,4.799513,1.099424
worker_3,3176,1788087045.790845,50,4.772698,1.098272
worker_3,3177,1788087045.795633,50,4.775828,1.095744
worker_3,3178,1788087045.800423,50,4.777244,1.100640
worker_3,3179,1788087045.805215,50,4.772652,1.097760
worker_3,3180,1788087045.810003,50,4.775662,1.098336
worker_3,3181,1788087045.814794,50,4.775763,1.099168
worker_3,3182,1788087045.819584,50,4.778254,1.098656
worker_3,3183,1788087045.824377,50,4.776124,1.102496
worker_3,3184,1788087045.829168,50,4.780189,1.098816
worker_3,3185,1788087045.833964,50,4.786503,1.097056
worker_3,3186,1788087045.838766,50,4.768153,1.097120
worker_3,3187,1788087045.843550,50,4.784671,1.095584
worker_3,3188,1788087045.848350,50,4.992005,1.096800
worker_3,3189,1788087045.853393,50,4.730855,1.098528
worker_3,3190,1788087045.858190,50,4.716105,1.098144
worker_3,3191,1788087045.862957,50,4.537908,1.097600
worker_3,3192,1788087045.867521,50,4.969607,1.098656
worker_3,3193,1788087045.872624,50,4.453621,1.104512
worker_3,3194,1788087045.877105,50,4.965366,1.096320
worker_3,3195,1788087045.882120,50,4.525566,1.098432
worker_3,3196,1788087045.886672,50,4.962931,1.097024
worker_3,3197,1788087045.891683,50,4.552733,1.097728
worker_3,3198,1788087045.896260,50,4.962802,1.096512
worker_3,3199,1788087045.901273,50,4.525205,1.098368
worker_3,3200,1788087045.905823,50,4.981616,1.097600
worker_3,3201,1788087045.910855,50,4.524715,1.098656
worker_3,3202,1788087045.915404,50,4.758568,1.097056
worker_3,3203,1788087045.920181,50,4.765041,1.098144
worker_3,3204,1788087045.924961,50,4.769744,1.096800
worker_3,3205,1788087045.929747,50,4.773465,1.098240
worker_3,3206,1788087045.934536,50,4.984441,1.097888
worker_3,3207,1788087045.939571,50,4.534780,1.097760
worker_3,3208,1788087045.944132,50,4.755484,1.099264
worker_3,3209,1788087045.948906,50,4.922505,1.095712
worker_3,3210,1788087045.953851,50,4.972969,1.099104
worker_3,3211,1788087045.958875,50,4.529454,1.097824
worker_3,3212,1788087045.963431,50,4.764929,1.096064
worker_3,3213,1788087045.968223,50,4.609974,1.096928
worker_3,3214,1788087045.972850,50,4.762818,1.098112
worker_3,3215,1788087045.977629,50,4.768300,1.097056
worker_3,3216,1788087045.982413,50,4.985079,1.097152
worker_3,3217,1788087045.987450,50,4.530687,1.097408
worker_3,3218,1788087045.992007,50,4.755049,1.097824
worker_3,3219,1788087045.996781,50,4.785309,1.098272
worker_3,3220,1788087046.001583,50,4.980153,1.096736
worker_3,3221,1788087046.006615,50,4.520482,1.096544
worker_3,3222,1788087046.011161,50,4.754678,1.097152
worker_3,3223,1788087046.015934,50,4.765430,1.097312
worker_3,3224,1788087046.020718,50,4.766549,1.096352
worker_3,3225,1788087046.025502,50,4.767994,1.098400
worker_3,3226,1788087046.030286,50,4.994997,1.096480
worker_3,3227,1788087046.035332,50,4.518807,1.097024
worker_3,3228,1788087046.039879,50,4.752271,1.096544
worker_3,3229,1788087046.044662,50,4.765235,1.102784
worker_3,3230,1788087046.049445,50,4.769438,1.098688
worker_3,3231,1788087046.054230,50,4.786502,1.098336
worker_3,3232,1788087046.059033,50,4.770605,1.097760
worker_3,3233,1788087046.063821,50,4.769623,1.098656
worker_3,3234,1788087046.068606,50,4.779967,1.100512
worker_3,3235,1788087046.073402,50,5.130016,1.097696
worker_3,3236,1788087046.078582,50,4.537363,1.096800
worker_3,3237,1788087046.083144,50,4.760124,1.098048
worker_3,3238,1788087046.087924,50,4.624798,1.101088
worker_3,3239,1788087046.092565,50,4.780105,1.097024
worker_3,3240,1788087046.097362,50,4.978227,1.095968
worker_3,3241,1788087046.102391,50,4.532326,1.098848
worker_3,3242,1788087046.106950,50,4.969403,1.095680
worker_3,3243,1788087046.111969,50,4.534371,1.097728
worker_3,3244,1788087046.116530,50,4.963246,1.097376
worker_3,3245,1788087046.121546,50,4.532474,1.097312
worker_3,3246,1788087046.126104,50,4.980135,1.099488
worker_3,3247,1788087046.131136,50,4.528354,1.097184
worker_3,3248,1788087046.135690,50,4.758142,1.099904
worker_3,3249,1788087046.140480,50,4.755504,1.098720
worker_3,3250,1788087046.145253,50,4.990580,1.098144
worker_3,3251,1788087046.150294,50,4.525362,1.096512
worker_3,3252,1788087046.154849,50,4.749327,1.098240
worker_3,3253,1788087046.159618,50,4.761124,1.097440
worker_3,3254,1788087046.164395,50,4.830254,1.097440
worker_3,3255,1788087046.169276,50,4.683679,1.097440
worker_3,3256,1788087046.173987,50,4.748903,1.096448
worker_3,3257,1788087046.178757,50,4.760559,1.097824
worker_3,3258,1788087046.183535,50,4.782522,1.098176
worker_3,3259,1788087046.188335,50,4.773939,1.097856
worker_3,3260,1788087046.193127,50,4.775736,1.098368
worker_3,3261,1788087046.197922,50,4.766022,1.097824
worker_3,3262,1788087046.202706,50,4.771670,1.097600
worker_3,3263,1788087046.207495,50,4.824179,1.097216
worker_3,3264,1788087046.212373,50,4.684549,1.097248
worker_3,3265,1788087046.217088,50,4.761550,1.097792
worker_3,3266,1788087046.221877,50,4.756402,1.096320
worker_3,3267,1788087046.226658,50,4.764874,1.096672
worker_3,3268,1788087046.231454,50,4.752226,1.097824
worker_3,3269,1788087046.236238,50,4.760707,1.095968
worker_3,3270,1788087046.241021,50,4.758411,1.099008
worker_3,3271,1788087046.245797,50,4.762419,1.096416
worker_3,3272,1788087046.250576,50,4.771652,1.096928
worker_3,3273,1788087046.255363,50,4.773078,1.100000
worker_3,3274,1788087046.260152,50,4.773734,1.098720
worker_3,3275,1788087046.264941,50,4.783115,1.097888
worker_3,3276,1788087046.269739,50,4.768967,1.097600
worker_3,3277,1788087046.274523,50,4.792281,1.098976
worker_3,3278,1788087046.279335,50,4.755373,1.099200
worker_3,3279,1788087046.284106,50,4.926950,1.095968
worker_3,3280,1788087046.289049,50,4.733864,1.103456
worker_3,3281,1788087046.293799,50,4.662503,1.096544
worker_3,3282,1788087046.298476,50,4.770087,1.096416
worker_3,3283,1788087046.303262,50,4.795847,1.095488
worker_3,3284,1788087046.308073,50,4.771058,1.099520
worker_3,3285,1788087046.312861,50,4.770291,1.096480
worker_3,3286,1788087046.317647,50,4.774661,1.096288
worker_3,3287,1788087046.322437,50,4.777697,1.097856
worker_3,3288,1788087046.327236,50,4.791596,1.098816
worker_3,3289,1788087046.332042,50,4.772114,1.098720
worker_3,3290,1788087046.336829,50,4.769475,1.095968
worker_3,3291,1788087046.341614,50,4.775375,1.098816
worker_3,3292,1788087046.346405,50,4.771243,1.098144
worker_3,3293,1788087046.351191,50,4.768772,1.097536
worker_3,3294,1788087046.355974,50,4.772430,1.098656
worker_3,3295,1788087046.360762,50,4.771494,1.096480
worker_3,3296,1788087046.365549,50,4.773114,1.096704
worker_3,3297,1788087046.370337,50,4.770615,1.098048
worker_3,3298,1788087046.375122,50,4.799356,1.097024
worker_3,3299,1788087046.379940,50,4.766800,1.104288
worker_3,3300,1788087046.384723,50,4.772004,1.098880
worker_3,3301,1788087046.389513,50,4.772208,1.098400
worker_3,3302,1788087046.394302,50,4.775096,1.096288
worker_3,3303,1788087046.399093,50,4.773818,1.096800
worker_3,3304,1788087046.403882,50,4.779438,1.104256
worker_3,3305,1788087046.408676,50,4.771846,1.098624
worker_3,3306,1788087046.413463,50,4.773699,1.098720
worker_3,3307,1788087046.418258,50,4.759799,1.096704
worker_3,3308,1788087046.423034,50,4.773688,1.098496
worker_3,3309,1788087046.427823,50,4.781689,1.101152
worker_3,3310,1788087046.432621,50,4.769578,1.098912
worker_3,3311,1788087046.437404,50,4.773280,1.097152
worker_3,3312,1788087046.442193,50,4.779661,1.098464
worker_3,3313,1788087046.446988,50,4.774763,1.098880
worker_3,3314,1788087046.451779,50,4.771263,1.099296
worker_3,3315,1788087046.456565,50,4.780014,1.102880
worker_3,3316,1788087046.461360,50,4.782735,1.097760
worker_3,3317,1788087046.466159,50,4.765827,1.098336
worker_3,3318,1788087046.470941,50,4.773097,1.098976
worker_3,3319,1788087046.475730,50,4.776577,1.098656
worker_3,3320,1788087046.480526,50,4.761642,1.096128
worker_3,3321,1788087046.485304,50,4.767717,1.095872
worker_3,3322,1788087046.490088,50,4.769077,1.098016
worker_3,3323,1788087046.494872,50,4.770855,1.096576
worker_3,3324,1788087046.499659,50,4.779809,1.102208
worker_3,3325,1788087046.504455,50,5.472333,1.097248
worker_3,3326,1788087046.509981,50,4.046867,1.095904
worker_3,3327,1788087046.514069,50,4.745781,1.096512
worker_3,3328,1788087046.518839,50,4.765689,1.097024
worker_3,3329,1788087046.523628,50,4.756114,1.098304
worker_3,3330,1788087046.528405,50,4.975004,1.096960
worker_3,3331,1788087046.533408,50,4.549149,1.098048
worker_3,3332,1788087046.537977,50,4.773717,1.098464
worker_3,3333,1788087046.542773,50,4.769208,1.097792
worker_3,3334,1788087046.547564,50,4.754382,1.097376
worker_3,3335,1788087046.552335,50,4.782458,1.097216
worker_3,3336,1788087046.557133,50,4.778606,1.097792
worker_3,3337,1788087046.561928,50,4.770327,1.098368
worker_3,3338,1788087046.566714,50,4.772744,1.098816
worker_3,3339,1788087046.571502,50,4.767356,1.098304
worker_3,3340,1788087046.576286,50,4.773281,1.098880
worker_3,3341,1788087046.581078,50,4.773688,1.097216
worker_3,3342,1788087046.585868,50,4.768216,1.095968
worker_3,3343,1788087046.590655,50,4.765697,1.097472
worker_3,3344,1788087046.595528,50,4.677762,1.096256
worker_3,3345,1788087046.600234,50,4.758475,1.096544
worker_3,3346,1788087046.605019,50,4.953431,1.096992
worker_3,3347,1788087046.609998,50,4.605391,1.095808
worker_3,3348,1788087046.614644,50,4.709373,1.097088
worker_3,3349,1788087046.619376,50,4.760049,1.096128
worker_3,3350,1788087046.624153,50,4.773059,1.097728
worker_3,3351,1788087046.628944,50,4.786801,1.101504
worker_3,3352,1788087046.633747,50,4.772494,1.096896
worker_3,3353,1788087046.638535,50,4.779680,1.097088
worker_3,3354,1788087046.643332,50,4.763263,1.096928
worker_3,3355,1788087046.648110,50,4.773660,1.097760
worker_3,3356,1788087046.652900,50,4.782819,1.102688
worker_3,3357,1788087046.657697,50,4.771567,1.097120
worker_3,3358,1788087046.662483,50,4.769346,1.096640
worker_3,3359,1788087046.667268,50,4.768189,1.095776
worker_3,3360,1788087046.672052,50,4.767688,1.098464
worker_3,3361,1788087046.676837,50,4.800911,1.108960
worker_3,3362,1788087046.681654,50,4.779727,1.096800
worker_3,3363,1788087046.686457,50,4.758541,1.096352
worker_3,3364,1788087046.691233,50,4.765678,1.097728
worker_3,3365,1788087046.696015,50,4.768800,1.097568
worker_3,3366,1788087046.700810,50,4.916301,1.099872
worker_3,3367,1788087046.705745,50,4.616993,1.096864
worker_3,3368,1788087046.710378,50,4.768624,1.096928
worker_3,3369,1788087046.715161,50,4.788235,1.096576
worker_3,3370,1788087046.719986,50,4.737280,1.099072
worker_3,3371,1788087046.724747,50,4.762652,1.097344
worker_3,3372,1788087046.729528,50,4.768559,1.096288
worker_3,3373,1788087046.734314,50,4.765736,1.097024
worker_3,3374,1788087046.739095,50,4.770309,1.099072
worker_3,3375,1788087046.743882,50,4.776985,1.098560
worker_3,3376,1788087046.748676,50,4.762346,1.100384
worker_3,3377,1788087046.753454,50,4.981163,1.097184
worker_3,3378,1788087046.758486,50,4.738808,1.096928
worker_3,3379,1788087046.763272,50,4.734577,1.096736
worker_3,3380,1788087046.768055,50,4.740105,1.097504
worker_3,3381,1788087046.772842,50,4.539687,1.097408
worker_3,3382,1788087046.777407,50,4.750217,1.096416
worker_3,3383,1788087046.782177,50,4.991635,1.099520
worker_3,3384,1788087046.787217,50,4.532011,1.098176
worker_3,3385,1788087046.791788,50,4.742023,1.098432
worker_3,3386,1788087046.796549,50,4.765771,1.100224
worker_3,3387,1788087046.801332,50,4.780773,1.098464
worker_3,3388,1788087046.806129,50,4.770374,1.095424
worker_3,3389,1788087046.810919,50,4.769355,1.098176
worker_3,3390,1788087046.815709,50,4.776531,1.096480
worker_3,3391,1788087046.820503,50,4.763633,1.095648
worker_3,3392,1788087046.825283,50,4.772901,1.098400
worker_3,3393,1788087046.830071,50,4.797023,1.104992
worker_3,3394,1788087046.834885,50,4.776069,1.098080
worker_3,3395,1788087046.839676,50,4.772827,1.098912
worker_3,3396,1788087046.844466,50,4.773643,1.101344
worker_3,3397,1788087046.849257,50,4.776133,1.098592
worker_3,3398,1788087046.854050,50,4.772410,1.097376
worker_3,3399,1788087046.858839,50,4.762688,1.097120
worker_3,3400,1788087046.863617,50,4.775930,1.099904
worker_3,3401,1788087046.868410,50,4.784337,1.097664
worker_3,3402,1788087046.873208,50,4.774836,1.096960
worker_3,3403,1788087046.877998,50,4.767347,1.098304
worker_3,3404,1788087046.882781,50,4.781227,1.099520
worker_3,3405,1788087046.887586,50,4.759207,1.098784
worker_3,3406,1788087046.892360,50,4.776171,1.098880
worker_3,3407,1788087046.897152,50,4.770651,1.097504
worker_3,3408,1788087046.901939,50,4.776151,1.097440
worker_3,3409,1788087046.906731,50,4.762958,1.097376
worker_3,3410,1788087046.911510,50,4.774595,1.099168
worker_3,3411,1788087046.916300,50,4.776319,1.098080
worker_3,3412,1788087046.921091,50,4.770171,1.098336
worker_3,3413,1788087046.925876,50,4.767763,1.096640
worker_3,3414,1788087046.930659,50,4.782810,1.101056
worker_3,3415,1788087046.935457,50,4.776532,1.097760
worker_3,3416,1788087046.940250,50,4.981237,1.098208
worker_3,3417,1788087046.945283,50,4.738901,1.097440
worker_3,3418,1788087046.950069,50,4.737384,1.097376
worker_3,3419,1788087046.954854,50,4.742568,1.099104
worker_3,3420,1788087046.959648,50,4.523575,1.096256
worker_3,3421,1788087046.964197,50,4.970792,1.097312
worker_3,3422,1788087046.969216,50,4.737956,1.095392
worker_3,3423,1788087046.973999,50,4.738949,1.096864
worker_3,3424,1788087046.978799,50,4.519547,1.096864
worker_3,3425,1788087046.983345,50,4.773133,1.099168
worker_3,3426,1788087046.988137,50,4.767763,1.101248
worker_3,3427,1788087046.992920,50,4.766458,1.097792
worker_3,3428,1788087046.997702,50,4.772234,1.098080
worker_3,3429,1788087047.002490,50,4.975394,1.096480
worker_3,3430,1788087047.007516,50,4.542901,1.098112
worker_3,3431,1788087047.012084,50,4.756845,1.098080
worker_3,3432,1788087047.016860,50,4.780884,1.097216
worker_3,3433,1788087047.021657,50,4.981200,1.096640
worker_3,3434,1788087047.026688,50,4.528779,1.097152
worker_3,3435,1788087047.031241,50,4.754994,1.098944
worker_3,3436,1788087047.036016,50,4.771170,1.098848
worker_3,3437,1788087047.040804,50,4.764438,1.096416
worker_3,3438,1788087047.045585,50,4.770847,1.097248
worker_3,3439,1788087047.050373,50,4.770077,1.096352
worker_3,3440,1788087047.055159,50,4.764115,1.098688
worker_3,3441,1788087047.059940,50,4.767532,1.096960
worker_3,3442,1788087047.064722,50,4.779549,1.108992
worker_3,3443,1788087047.069518,50,4.764791,1.096640
worker_3,3444,1788087047.074311,50,4.755671,1.098912
worker_3,3445,1788087047.079082,50,4.765762,1.096896
worker_3,3446,1788087047.083865,50,4.770819,1.096864
worker_3,3447,1788087047.088651,50,4.776096,1.098976
worker_3,3448,1788087047.093443,50,4.763957,1.095424
worker_3,3449,1788087047.098222,50,4.764763,1.097120
worker_3,3450,1788087047.103003,50,4.780086,1.096928
worker_3,3451,1788087047.107799,50,4.781467,1.106720
worker_3,3452,1788087047.112604,50,4.766772,1.096736
worker_3,3453,1788087047.117390,50,4.766151,1.096928
worker_3,3454,1788087047.122176,50,4.764447,1.097312
worker_3,3455,1788087047.126960,50,4.761476,1.098752
worker_3,3456,1788087047.131740,50,4.769605,1.098336
worker_3,3457,1788087047.136529,50,4.771661,1.098944
worker_3,3458,1788087047.141320,50,4.760726,1.098624
worker_3,3459,1788087047.146103,50,4.759216,1.096704
worker_3,3460,1788087047.150882,50,4.784365,1.096640
worker_3,3461,1788087047.155686,50,4.977746,1.101920
worker_3,3462,1788087047.160704,50,4.535695,1.099200
worker_3,3463,1788087047.165275,50,4.742762,1.096832
worker_3,3464,1788087047.170041,50,4.769299,1.096256
worker_3,3465,1788087047.174833,50,4.758308,1.096864
worker_3,3466,1788087047.179609,50,4.766782,1.097280
worker_3,3467,1788087047.184397,50,4.761244,1.096480
worker_3,3468,1788087047.189181,50,4.769753,1.097568
worker_3,3469,1788087047.193974,50,4.764837,1.098016
worker_3,3470,1788087047.198760,50,4.779902,1.097824
worker_3,3471,1788087047.203558,50,4.740225,1.096960
worker_3,3472,1788087047.208322,50,4.758438,1.099776
worker_3,3473,1788087047.213100,50,4.765614,1.096640
worker_3,3474,1788087047.217884,50,4.768754,1.096160
worker_3,3475,1788087047.222678,50,4.810754,1.097760
worker_3,3476,1788087047.227510,50,4.714151,1.096320
worker_3,3477,1788087047.232245,50,4.769068,1.096800
worker_3,3478,1788087047.237038,50,4.761263,1.096320
worker_3,3479,1788087047.241823,50,4.758447,1.096160
worker_3,3480,1788087047.246603,50,4.758458,1.095840
worker_3,3481,1788087047.251380,50,4.772253,1.096864
worker_3,3482,1788087047.256176,50,4.760030,1.096576
worker_3,3483,1788087047.260971,50,4.745595,1.096928
worker_3,3484,1788087047.265740,50,4.786975,1.096800
worker_3,3485,1788087047.270546,50,4.738762,1.098336
worker_3,3486,1788087047.275310,50,4.748883,1.096832
worker_3,3487,1788087047.280080,50,4.759365,1.096864
worker_3,3488,1788087047.284856,50,4.765310,1.098592
worker_3,3489,1788087047.289638,50,4.779281,1.099936
worker_3,3490,1788087047.294434,50,4.765059,1.098720
worker_3,3491,1788087047.299216,50,4.765301,1.096480
worker_3,3492,1788087047.303998,50,4.762568,1.096288
worker_3,3493,1788087047.308777,50,4.774670,1.097920
worker_3,3494,1788087047.313567,50,4.771254,1.097696
worker_3,3495,1788087047.318446,50,4.675086,1.097408
worker_3,3496,1788087047.323139,50,4.927894,1.096288
worker_3,3497,1788087047.328085,50,4.628928,1.098080
worker_3,3498,1788087047.332730,50,4.768643,1.097152
worker_3,3499,1788087047.337514,50,4.768587,1.098368
worker_3,3500,1788087047.342298,50,4.772494,1.099456
worker_3,3501,1788087047.347086,50,4.773902,1.097344
worker_3,3502,1788087047.351883,50,4.765541,1.100352
worker_3,3503,1788087047.356666,50,4.762688,1.096800
worker_3,3504,1788087047.361444,50,4.770365,1.099008
worker_3,3505,1788087047.366230,50,4.765726,1.097760
worker_3,3506,1788087047.371012,50,4.780790,1.097152
worker_3,3507,1788087047.375807,50,4.771717,1.098240
worker_3,3508,1788087047.380594,50,4.764280,1.097440
worker_3,3509,1788087047.385375,50,4.771132,1.096576
worker_3,3510,1788087047.390162,50,4.762846,1.097408
worker_3,3511,1788087047.394941,50,4.765984,1.097152
worker_3,3512,1788087047.399722,50,4.772550,1.099904
worker_3,3513,1788087047.404512,50,4.776588,1.097600
worker_3,3514,1788087047.409305,50,4.775068,1.098720
worker_3,3515,1788087047.414096,50,4.916857,1.096928
worker_3,3516,1788087047.419029,50,4.782567,1.098528
worker_3,3517,1788087047.423827,50,4.769189,1.098880
worker_3,3518,1788087047.428612,50,4.615845,1.099456
worker_3,3519,1788087047.433244,50,4.767865,1.096832
worker_3,3520,1788087047.438028,50,4.796995,1.097792
worker_3,3521,1788087047.442841,50,4.768605,1.099104
worker_3,3522,1788087047.447632,50,4.764040,1.099136
worker_3,3523,1788087047.452411,50,4.772346,1.102976
worker_3,3524,1788087047.457199,50,4.776364,1.098144
worker_3,3525,1788087047.461991,50,4.776957,1.096864
worker_3,3526,1788087047.466784,50,4.768596,1.096640
worker_3,3527,1788087047.471570,50,4.763475,1.097120
worker_3,3528,1788087047.476349,50,4.782235,1.098208
worker_3,3529,1788087047.481146,50,4.765993,1.096768
worker_3,3530,1788087047.485927,50,4.766763,1.097152
worker_3,3531,1788087047.490710,50,4.771041,1.096960
worker_3,3532,1788087047.495497,50,4.778114,1.101056
worker_3,3533,1788087047.500293,50,4.766319,1.096352
worker_3,3534,1788087047.505075,50,4.773448,1.097152
worker_3,3535,1788087047.509865,50,4.765410,1.096832
worker_3,3536,1788087047.514647,50,4.775504,1.096992
worker_3,3537,1788087047.519437,50,4.764708,1.097536
worker_3,3538,1788087047.524224,50,4.771874,1.096736
worker_3,3539,1788087047.529011,50,5.002173,1.096448
worker_3,3540,1788087047.534065,50,4.728086,1.097184
worker_3,3541,1788087047.538854,50,4.512705,1.096256
worker_3,3542,1788087047.543393,50,4.751030,1.097888
worker_3,3543,1788087047.548163,50,4.989477,1.098304
worker_3,3544,1788087047.553202,50,4.541585,1.100128
worker_3,3545,1788087047.557770,50,4.749448,1.096768
worker_3,3546,1788087047.562539,50,4.985199,1.096512
worker_3,3547,1788087047.567574,50,4.518937,1.096448
worker_3,3548,1788087047.572119,50,4.754059,1.098720
worker_3,3549,1788087047.576890,50,4.772188,1.101664
worker_3,3550,1788087047.581680,50,4.980986,1.095968
worker_3,3551,1788087047.586711,50,4.529780,1.096800
worker_3,3552,1788087047.591267,50,4.749244,1.097792
worker_3,3553,1788087047.596034,50,4.762688,1.095936
worker_3,3554,1788087047.600814,50,4.767874,1.096896
worker_3,3555,1788087047.605599,50,4.774938,1.097312
worker_3,3556,1788087047.610390,50,4.980996,1.096384
worker_3,3557,1788087047.615422,50,4.527278,1.095872
worker_3,3558,1788087047.619975,50,4.757235,1.100256
worker_3,3559,1788087047.624752,50,4.782818,1.106016
worker_3,3560,1788087047.629552,50,4.973718,1.097120
worker_3,3561,1788087047.634588,50,4.516992,1.096448
worker_3,3562,1788087047.639131,50,4.963691,1.097664
worker_3,3563,1788087047.644145,50,4.534271,1.098592
worker_3,3564,1788087047.648704,50,4.960079,1.098368
worker_3,3565,1788087047.653712,50,4.535854,1.098784
worker_3,3566,1788087047.658273,50,5.141702,1.096256
worker_3,3567,1788087047.663464,50,4.514038,1.097824
worker_3,3568,1788087047.668004,50,4.758837,1.101536
worker_3,3569,1788087047.672781,50,4.765170,1.102784
worker_3,3570,1788087047.677562,50,4.980496,1.098016
worker_3,3571,1788087047.682596,50,4.533538,1.099040
worker_3,3572,1788087047.687155,50,4.753217,1.096256
worker_3,3573,1788087047.691926,50,4.718540,1.098656
worker_3,3574,1788087047.696662,50,4.681003,1.097728
worker_3,3575,1788087047.701360,50,4.763133,1.096768
worker_3,3576,1788087047.706138,50,5.010664,1.097920
worker_3,3577,1788087047.711200,50,4.526408,1.098848
worker_3,3578,1788087047.715753,50,4.754800,1.096928
worker_3,3579,1788087047.720525,50,4.767781,1.099264
worker_3,3580,1788087047.725322,50,4.961228,1.096480
worker_3,3581,1788087047.730335,50,4.533094,1.097312
worker_3,3582,1788087047.734894,50,4.964265,1.096864
worker_3,3583,1788087047.739908,50,4.536502,1.100672
worker_3,3584,1788087047.744469,50,4.984765,1.097376
worker_3,3585,1788087047.749502,50,4.536464,1.098432
worker_3,3586,1788087047.754062,50,4.969811,1.098336
worker_3,3587,1788087047.759085,50,4.533233,1.098656
worker_3,3588,1788087047.763644,50,4.916662,1.099520
worker_3,3589,1788087047.768579,50,4.631493,1.096864
worker_3,3590,1788087047.773228,50,4.971505,1.096352
worker_3,3591,1788087047.778250,50,4.530529,1.096480
worker_3,3592,1788087047.782805,50,4.960894,1.096064
worker_3,3593,1788087047.787816,50,4.534492,1.096448
worker_3,3594,1788087047.792375,50,4.968523,1.101504
worker_3,3595,1788087047.797392,50,4.531048,1.096832
worker_3,3596,1788087047.801948,50,4.983857,1.097824
worker_3,3597,1788087047.806980,50,4.534334,1.098080
worker_3,3598,1788087047.811540,50,4.757734,1.096736
worker_3,3599,1788087047.816316,50,4.765874,1.100192
worker_3,3600,1788087047.821110,50,4.758429,1.097632
worker_3,3601,1788087047.825886,50,4.770625,1.098976
worker_3,3602,1788087047.830672,50,4.768865,1.097408
worker_3,3603,1788087047.835458,50,4.772549,1.098272
worker_3,3604,1788087047.840246,50,4.767300,1.097344
worker_3,3605,1788087047.845030,50,4.769031,1.096768
worker_3,3606,1788087047.849815,50,4.768420,1.097184
worker_3,3607,1788087047.854601,50,4.776698,1.095616
worker_3,3608,1788087047.859394,50,4.765133,1.096288
worker_3,3609,1788087047.864174,50,4.769160,1.096448
worker_3,3610,1788087047.868959,50,4.791328,1.096544
worker_3,3611,1788087047.873766,50,4.767290,1.096672
worker_3,3612,1788087047.878548,50,4.773086,1.096800
worker_3,3613,1788087047.883337,50,4.767310,1.099104
worker_3,3614,1788087047.888120,50,4.766494,1.097344
worker_3,3615,1788087047.892902,50,4.767883,1.098368
worker_3,3616,1788087047.897686,50,4.769133,1.096032
worker_3,3617,1788087047.902471,50,4.772809,1.097824
worker_3,3618,1788087047.907260,50,4.788059,1.097344
worker_3,3619,1788087047.912078,50,4.751634,1.098048
worker_3,3620,1788087047.916845,50,4.770725,1.096608
worker_3,3621,1788087047.921631,50,4.779912,1.102464
worker_3,3622,1788087047.926426,50,4.768588,1.098784
worker_3,3623,1788087047.931211,50,4.773050,1.098304
worker_3,3624,1788087047.935999,50,4.773078,1.098848
worker_3,3625,1788087047.940788,50,4.774319,1.097248
worker_3,3626,1788087047.945578,50,4.771068,1.098656
worker_3,3627,1788087047.950364,50,4.776919,1.099072
worker_3,3628,1788087047.955156,50,4.780531,1.098048
worker_3,3629,1788087047.959951,50,4.770078,1.095872
worker_3,3630,1788087047.964736,50,4.996533,1.097792
worker_3,3631,1788087047.969784,50,4.720984,1.097568
worker_3,3632,1788087047.974553,50,4.738854,1.098880
worker_3,3633,1788087047.979340,50,4.743957,1.098528
worker_3,3634,1788087047.984131,50,4.541446,1.100480
worker_3,3635,1788087047.988696,50,4.963199,1.097664
worker_3,3636,1788087047.993709,50,4.537252,1.097152
worker_3,3637,1788087047.998271,50,4.976718,1.098048
worker_3,3638,1788087048.003296,50,4.530593,1.097408
worker_3,3639,1788087048.007864,50,4.751067,1.098720
worker_3,3640,1788087048.012635,50,4.764541,1.096352
worker_3,3641,1788087048.017416,50,5.129876,1.096704
worker_3,3642,1788087048.022594,50,4.383759,1.096864
worker_3,3643,1788087048.027004,50,4.765837,1.097216
worker_3,3644,1788087048.031789,50,4.772966,1.106496
worker_3,3645,1788087048.036580,50,4.779105,1.095840
worker_3,3646,1788087048.041465,50,4.683808,1.096704
worker_3,3647,1788087048.046166,50,4.998025,1.098080
worker_3,3648,1788087048.051215,50,4.507872,1.096960
worker_3,3649,1788087048.055747,50,4.758652,1.099296
worker_3,3650,1788087048.060527,50,4.768559,1.097440
worker_3,3651,1788087048.065311,50,4.984561,1.095808
worker_3,3652,1788087048.070345,50,4.523890,1.095200
worker_3,3653,1788087048.074894,50,4.964339,1.097504
worker_3,3654,1788087048.079907,50,4.533872,1.096992
worker_3,3655,1788087048.084466,50,4.970662,1.103680
worker_3,3656,1788087048.089487,50,4.528843,1.097472
worker_3,3657,1788087048.094042,50,4.963755,1.098944
worker_3,3658,1788087048.099068,50,4.526798,1.097024
worker_3,3659,1788087048.103619,50,4.754336,1.099520
worker_3,3660,1788087048.108393,50,4.975218,1.097088
worker_3,3661,1788087048.113420,50,4.655503,1.097248
worker_3,3662,1788087048.118103,50,4.768253,1.098208
worker_3,3663,1788087048.122890,50,4.859161,1.097888
worker_3,3664,1788087048.127798,50,4.527974,1.097184
worker_3,3665,1788087048.132352,50,4.966403,1.100992
worker_3,3666,1788087048.137367,50,4.532575,1.096096
worker_3,3667,1788087048.141924,50,4.964987,1.098368
worker_3,3668,1788087048.146936,50,4.534908,1.096512
worker_3,3669,1788087048.151497,50,4.924569,1.100384
worker_3,3670,1788087048.156440,50,4.764791,1.098368
worker_3,3671,1788087048.161223,50,4.979256,1.097952
worker_3,3672,1788087048.166253,50,4.385075,1.097120
worker_3,3673,1788087048.170662,50,4.968098,1.098688
worker_3,3674,1788087048.175680,50,4.538613,1.096256
worker_3,3675,1788087048.180243,50,4.748522,1.099072
worker_3,3676,1788087048.185010,50,4.764745,1.096320
worker_3,3677,1788087048.189792,50,4.775706,1.096000
worker_3,3678,1788087048.194600,50,4.749614,1.096736
worker_3,3679,1788087048.199366,50,4.784041,1.097824
worker_3,3680,1788087048.204166,50,4.772939,1.101312
worker_3,3681,1788087048.208954,50,4.775235,1.098720
worker_3,3682,1788087048.213745,50,4.769634,1.096864
worker_3,3683,1788087048.218530,50,4.769540,1.097536
worker_3,3684,1788087048.223315,50,4.772773,1.098048
worker_3,3685,1788087048.228103,50,4.769208,1.097408
worker_3,3686,1788087048.232889,50,4.782142,1.101568
worker_3,3687,1788087048.237687,50,4.766448,1.095776
worker_3,3688,1788087048.242468,50,4.769495,1.098784
worker_3,3689,1788087048.247254,50,4.771346,1.099296
worker_3,3690,1788087048.252040,50,4.772078,1.098656
worker_3,3691,1788087048.256827,50,4.771624,1.097824
worker_3,3692,1788087048.261614,50,4.772614,1.098624
worker_3,3693,1788087048.266402,50,4.768411,1.096512
worker_3,3694,1788087048.271186,50,4.770736,1.096480
worker_3,3695,1788087048.275972,50,4.776503,1.098272
worker_3,3696,1788087048.280764,50,4.782022,1.097952
worker_3,3697,1788087048.285570,50,5.121137,1.096640
worker_3,3698,1788087048.290744,50,4.593678,1.098912
worker_3,3699,1788087048.295386,50,4.528834,1.099552
worker_3,3700,1788087048.299940,50,4.965616,1.099296
worker_3,3701,1788087048.304953,50,4.738448,1.099008
worker_3,3702,1788087048.309739,50,4.741679,1.098624
worker_3,3703,1788087048.314528,50,4.535224,1.096640
worker_3,3704,1788087048.319087,50,4.965338,1.096480
worker_3,3705,1788087048.324100,50,4.538807,1.099200
worker_3,3706,1788087048.328665,50,4.969042,1.097792
worker_3,3707,1788087048.333681,50,4.535631,1.097504
worker_3,3708,1788087048.338242,50,4.996616,1.097376
worker_3,3709,1788087048.343287,50,4.510335,1.096224
worker_3,3710,1788087048.347823,50,4.754716,1.098752
worker_3,3711,1788087048.352596,50,4.773236,1.105536
worker_3,3712,1788087048.357386,50,4.979913,1.096992
worker_3,3713,1788087048.362416,50,4.526954,1.099008
worker_3,3714,1788087048.366969,50,4.964162,1.097984
worker_3,3715,1788087048.371982,50,4.544067,1.096480
worker_3,3716,1788087048.376552,50,4.757531,1.097792
worker_3,3717,1788087048.381348,50,4.742772,1.097216
worker_3,3718,1788087048.386107,50,4.777541,1.098880
worker_3,3719,1788087048.390902,50,4.770966,1.098464
worker_3,3720,1788087048.395689,50,4.772818,1.097632
worker_3,3721,1788087048.400478,50,4.775578,1.102912
worker_3,3722,1788087048.405271,50,4.773023,1.097728
worker_3,3723,1788087048.410060,50,4.767512,1.096256
worker_3,3724,1788087048.414844,50,4.769819,1.096832
worker_3,3725,1788087048.419629,50,4.793217,1.097408
worker_3,3726,1788087048.424438,50,4.768799,1.097024
worker_3,3727,1788087048.429221,50,4.771727,1.098560
worker_3,3728,1788087048.434009,50,4.782004,1.100800
worker_3,3729,1788087048.438807,50,4.771420,1.098080
worker_3,3730,1788087048.443594,50,4.769180,1.096704
worker_3,3731,1788087048.448377,50,4.766624,1.097280
worker_3,3732,1788087048.453159,50,4.791234,1.097760
worker_3,3733,1788087048.457966,50,4.771031,1.096256
worker_3,3734,1788087048.462754,50,4.767281,1.096832
worker_3,3735,1788087048.467536,50,4.778568,1.100192
worker_3,3736,1788087048.472335,50,4.777226,1.098368
worker_3,3737,1788087048.477128,50,4.978386,1.097056
worker_3,3738,1788087048.482160,50,4.745327,1.096448
worker_3,3739,1788087048.486952,50,4.542650,1.098432
worker_3,3740,1788087048.491519,50,4.966515,1.098208
worker_3,3741,1788087048.496535,50,4.751318,1.100608
worker_3,3742,1788087048.501333,50,4.745540,1.097984
worker_3,3743,1788087048.506128,50,4.733280,1.097984
worker_3,3744,1788087048.510908,50,4.745745,1.096992
worker_3,3745,1788087048.515701,50,4.530566,1.096768
worker_3,3746,1788087048.520256,50,4.960727,1.099872
worker_3,3747,1788087048.525267,50,4.532197,1.098496
worker_3,3748,1788087048.529824,50,4.965393,1.095712
worker_3,3749,1788087048.534838,50,4.537122,1.098208
worker_3,3750,1788087048.539399,50,4.783930,1.098400
worker_3,3751,1788087048.544200,50,4.770541,1.100096
worker_3,3752,1788087048.548988,50,4.771300,1.098048
worker_3,3753,1788087048.553775,50,4.779818,1.098272
worker_3,3754,1788087048.558571,50,4.980459,1.098272
worker_3,3755,1788087048.563601,50,4.545566,1.097248
worker_3,3756,1788087048.568182,50,4.746040,1.098752
worker_3,3757,1788087048.572948,50,4.762855,1.096800
worker_3,3758,1788087048.577726,50,4.771966,1.097440
worker_3,3759,1788087048.582513,50,4.772449,1.098528
worker_3,3760,1788087048.587301,50,4.774198,1.096960
worker_3,3761,1788087048.592090,50,4.768827,1.097728
worker_3,3762,1788087048.596875,50,4.781837,1.103072
worker_3,3763,1788087048.601674,50,4.769828,1.098464
worker_3,3764,1788087048.606459,50,4.777086,1.098656
worker_3,3765,1788087048.611251,50,4.769819,1.098144
worker_3,3766,1788087048.616037,50,4.776263,1.099072
worker_3,3767,1788087048.620828,50,4.797318,1.102976
worker_3,3768,1788087048.625640,50,4.775337,1.098112
worker_3,3769,1788087048.630430,50,4.773662,1.098720
worker_3,3770,1788087048.635219,50,4.772669,1.096480
worker_3,3771,1788087048.640007,50,4.773235,1.097088
worker_3,3772,1788087048.644795,50,4.786050,1.098336
worker_3,3773,1788087048.649599,50,4.761504,1.097504
worker_3,3774,1788087048.654380,50,4.764475,1.097856
worker_3,3775,1788087048.659169,50,4.761476,1.099040
worker_3,3776,1788087048.663947,50,4.772143,1.096672
worker_3,3777,1788087048.668736,50,4.995255,1.110240
worker_3,3778,1788087048.673783,50,4.734633,1.095904
worker_3,3779,1788087048.678565,50,4.738383,1.096544
worker_3,3780,1788087048.683351,50,4.535455,1.097216
worker_3,3781,1788087048.687911,50,4.756856,1.097376
worker_3,3782,1788087048.692688,50,4.760967,1.099072
worker_3,3783,1788087048.697465,50,4.988541,1.097248
worker_3,3784,1788087048.702506,50,4.525326,1.098304
worker_3,3785,1788087048.707056,50,4.983746,1.098464
worker_3,3786,1788087048.712089,50,4.531954,1.100352
worker_3,3787,1788087048.716646,50,4.966514,1.097888
worker_3,3788,1788087048.721661,50,4.536020,1.097760
worker_3,3789,1788087048.726222,50,4.963199,1.097792
worker_3,3790,1788087048.731233,50,4.536723,1.098656
worker_3,3791,1788087048.735795,50,4.758280,1.100768
worker_3,3792,1788087048.740570,50,4.789069,1.098368
worker_3,3793,1788087048.745377,50,4.976708,1.098560
worker_3,3794,1788087048.750404,50,4.530854,1.096832
worker_3,3795,1788087048.754975,50,4.949588,1.096256
worker_3,3796,1788087048.759973,50,4.536852,1.099648
worker_3,3797,1788087048.764632,50,4.873208,1.096736
worker_3,3798,1788087048.769554,50,4.603178,1.097440
worker_3,3799,1788087048.774183,50,5.044820,1.098080
worker_3,3800,1788087048.779278,50,4.403537,1.095840
worker_3,3801,1788087048.783707,50,4.749707,1.096768
worker_3,3802,1788087048.788475,50,4.769957,1.100896
worker_3,3803,1788087048.793262,50,4.984302,1.098432
worker_3,3804,1788087048.798297,50,4.527696,1.097120
worker_3,3805,1788087048.802852,50,4.964403,1.095776
worker_3,3806,1788087048.807865,50,4.537215,1.098592
worker_3,3807,1788087048.812428,50,4.975810,1.096384
worker_3,3808,1788087048.817452,50,4.528538,1.095744
worker_3,3809,1788087048.822005,50,4.977108,1.095936
worker_3,3810,1788087048.827032,50,4.528298,1.100096
worker_3,3811,1788087048.831585,50,4.755762,1.096192
worker_3,3812,1788087048.836359,50,4.765152,1.096448
worker_3,3813,1788087048.841143,50,4.768521,1.097600
worker_3,3814,1788087048.845934,50,4.761873,1.099136
worker_3,3815,1788087048.850712,50,4.772439,1.097152
worker_3,3816,1788087048.855499,50,4.779022,1.098656
worker_3,3817,1788087048.860294,50,4.770577,1.097568
worker_3,3818,1788087048.865081,50,4.773865,1.096416
worker_3,3819,1788087048.869870,50,4.773439,1.097408
worker_3,3820,1788087048.874659,50,4.770633,1.097312
worker_3,3821,1788087048.879446,50,4.774994,1.099008
worker_3,3822,1788087048.884236,50,4.766412,1.097728
worker_3,3823,1788087048.889018,50,4.773623,1.097792
worker_3,3824,1788087048.893807,50,4.771921,1.098752
worker_3,3825,1788087048.898595,50,4.776402,1.096736
worker_3,3826,1788087048.903386,50,4.773586,1.097280
worker_3,3827,1788087048.908175,50,4.778383,1.104448
worker_3,3828,1788087048.912969,50,4.793994,1.100704
worker_3,3829,1788087048.917779,50,4.772134,1.098496
worker_3,3830,1788087048.922567,50,4.773521,1.098208
worker_3,3831,1788087048.927356,50,4.780115,1.096704
worker_3,3832,1788087048.932152,50,4.772560,1.100256
worker_3,3833,1788087048.936940,50,4.767420,1.096352
worker_3,3834,1788087048.941727,50,4.767634,1.098848
worker_3,3835,1788087048.946511,50,4.769680,1.096640
worker_3,3836,1788087048.951295,50,4.772725,1.098592
worker_3,3837,1788087048.956084,50,4.779884,1.097600
worker_3,3838,1788087048.960880,50,4.766503,1.097024
worker_3,3839,1788087048.965663,50,4.774920,1.097120
worker_3,3840,1788087048.970453,50,4.773393,1.098368
worker_3,3841,1788087048.975242,50,4.789494,1.096384
worker_3,3842,1788087048.980046,50,4.773633,1.100288
worker_3,3843,1788087048.984835,50,4.770725,1.097792
worker_3,3844,1788087048.989620,50,4.786829,1.097664
worker_3,3845,1788087048.994423,50,4.764244,1.097824
worker_3,3846,1788087048.999203,50,4.777736,1.097600
worker_3,3847,1788087049.003996,50,4.773476,1.097632
worker_3,3848,1788087049.008785,50,4.771818,1.097792
worker_3,3849,1788087049.013573,50,4.772587,1.100192
worker_3,3850,1788087049.018361,50,4.767504,1.096128
worker_3,3851,1788087049.023144,50,4.781938,1.096768
worker_3,3852,1788087049.027941,50,4.779291,1.100576
worker_3,3853,1788087049.032742,50,4.762874,1.097248
worker_3,3854,1788087049.037520,50,4.776827,1.096576
worker_3,3855,1788087049.042313,50,4.768495,1.096224
worker_3,3856,1788087049.047096,50,4.781254,1.098944
worker_3,3857,1788087049.051893,50,4.986107,1.099872
worker_3,3858,1788087049.056929,50,4.528094,1.096960
worker_3,3859,1788087049.061484,50,4.751551,1.100576
worker_3,3860,1788087049.066255,50,4.979718,1.098656
worker_3,3861,1788087049.071287,50,4.530019,1.097824
worker_3,3862,1788087049.075842,50,4.760402,1.102048
worker_3,3863,1788087049.080621,50,4.764078,1.096704
worker_3,3864,1788087049.085402,50,4.978005,1.095552
worker_3,3865,1788087049.090430,50,4.527641,1.097088
worker_3,3866,1788087049.094983,50,4.960070,1.097472
worker_3,3867,1788087049.099992,50,4.535362,1.096320
worker_3,3868,1788087049.104552,50,4.961996,1.098944
worker_3,3869,1788087049.109562,50,4.532325,1.096288
worker_3,3870,1788087049.114120,50,4.978061,1.097728
worker_3,3871,1788087049.119146,50,4.532372,1.097824
worker_3,3872,1788087049.123706,50,4.758244,1.098240
worker_3,3873,1788087049.128500,50,4.754688,1.104352
worker_3,3874,1788087049.133274,50,4.762125,1.096256
worker_3,3875,1788087049.138053,50,4.786180,1.098368
worker_3,3876,1788087049.142854,50,4.768771,1.096672
worker_3,3877,1788087049.147639,50,4.769051,1.098304
worker_3,3878,1788087049.152422,50,4.782559,1.103648
worker_3,3879,1788087049.157220,50,4.769716,1.098624
worker_3,3880,1788087049.162005,50,4.776245,1.098112
worker_3,3881,1788087049.166798,50,4.766235,1.095680
worker_3,3882,1788087049.171579,50,4.774513,1.098816
worker_3,3883,1788087049.176369,50,4.984376,1.100864
worker_3,3884,1788087049.181403,50,4.741364,1.099072
worker_3,3885,1788087049.186192,50,4.743624,1.097472
worker_3,3886,1788087049.190983,50,4.742799,1.096992
worker_3,3887,1788087049.195772,50,4.535030,1.098656
worker_3,3888,1788087049.200333,50,4.964283,1.099168
worker_3,3889,1788087049.205348,50,4.532334,1.096544
worker_3,3890,1788087049.209904,50,4.966015,1.097984
worker_3,3891,1788087049.214919,50,4.531316,1.096128
worker_3,3892,1788087049.219490,50,4.740855,1.096672
worker_3,3893,1788087049.224252,50,4.769495,1.098848
worker_3,3894,1788087049.229038,50,4.984894,1.096576
worker_3,3895,1788087049.234073,50,4.533696,1.098464
worker_3,3896,1788087049.238632,50,4.972625,1.097472
worker_3,3897,1788087049.243652,50,4.531326,1.095936
worker_3,3898,1788087049.248209,50,4.761216,1.097760
worker_3,3899,1788087049.252988,50,4.783587,1.105856
worker_3,3900,1788087049.257790,50,4.986394,1.096640
worker_3,3901,1788087049.262825,50,4.528260,1.096448
worker_3,3902,1788087049.267380,50,4.751688,1.095648
worker_3,3903,1788087049.272149,50,4.770198,1.096992
worker_3,3904,1788087049.276937,50,4.780123,1.100384
worker_3,3905,1788087049.281736,50,4.765642,1.096864
worker_3,3906,1788087049.286519,50,4.979903,1.098336
worker_3,3907,1788087049.291551,50,4.536399,1.096096
worker_3,3908,1788087049.296112,50,4.752040,1.097184
worker_3,3909,1788087049.300882,50,4.782995,1.104864
worker_3,3910,1788087049.305681,50,4.984801,1.097664
worker_3,3911,1788087049.310717,50,4.541196,1.097216
worker_3,3912,1788087049.315294,50,4.742494,1.095296
worker_3,3913,1788087049.320054,50,4.770318,1.098112
worker_3,3914,1788087049.324841,50,4.791049,1.112256
worker_3,3915,1788087049.329649,50,4.767012,1.097600
worker_3,3916,1788087049.334432,50,4.989497,1.096864
worker_3,3917,1788087049.339472,50,4.528770,1.098272
worker_3,3918,1788087049.344026,50,4.759391,1.101984
worker_3,3919,1788087049.348803,50,4.767726,1.097088
worker_3,3920,1788087049.353588,50,4.771410,1.098464
worker_3,3921,1788087049.358375,50,4.767661,1.096704
worker_3,3922,1788087049.363160,50,4.785532,1.096832
worker_3,3923,1788087049.367960,50,4.769032,1.097568
worker_3,3924,1788087049.372744,50,4.768466,1.097056
worker_3,3925,1788087049.377531,50,4.772522,1.098720
worker_3,3926,1788087049.382320,50,4.767771,1.098400
worker_3,3927,1788087049.387105,50,4.778966,1.098784
worker_3,3928,1788087049.391900,50,4.774392,1.102176
worker_3,3929,1788087049.396690,50,4.770022,1.097248
worker_3,3930,1788087049.401474,50,4.773864,1.098976
worker_3,3931,1788087049.406271,50,4.759587,1.096832
worker_3,3932,1788087049.411046,50,4.774606,1.098272
worker_3,3933,1788087049.415836,50,4.782216,1.101152
worker_3,3934,1788087049.420635,50,4.772514,1.098272
worker_3,3935,1788087049.425423,50,4.769004,1.098112
worker_3,3936,1788087049.430207,50,4.780633,1.095776
worker_3,3937,1788087049.435003,50,4.782707,1.098240
worker_3,3938,1788087049.439802,50,4.769115,1.095808
worker_3,3939,1788087049.444586,50,4.784717,1.100032
worker_3,3940,1788087049.449385,50,4.769318,1.096480
worker_3,3941,1788087049.454170,50,4.792587,1.097792
worker_3,3942,1788087049.458977,50,4.769504,1.098368
worker_3,3943,1788087049.463762,50,4.778142,1.104896
worker_3,3944,1788087049.468556,50,4.785486,1.101984
worker_3,3945,1788087049.473357,50,4.769189,1.097728
worker_3,3946,1788087049.478142,50,4.772013,1.095744
worker_3,3947,1788087049.482929,50,4.774522,1.097696
worker_3,3948,1788087049.487813,50,4.680549,1.098848
worker_3,3949,1788087049.492511,50,4.790745,1.099008
worker_3,3950,1788087049.497319,50,4.771789,1.098400
worker_3,3951,1788087049.502114,50,4.974052,1.097248
worker_3,3952,1788087049.507138,50,4.537687,1.097824
worker_3,3953,1788087049.511700,50,4.981847,1.101248
worker_3,3954,1788087049.516731,50,4.756438,1.096672
worker_3,3955,1788087049.521534,50,4.725060,1.097696
worker_3,3956,1788087049.526308,50,4.531511,1.098784
worker_3,3957,1788087049.530864,50,4.967681,1.097632
worker_3,3958,1788087049.535880,50,4.540437,1.103392
worker_3,3959,1788087049.540447,50,4.983747,1.096352
worker_3,3960,1788087049.545480,50,4.535380,1.096864
worker_3,3961,1788087049.550040,50,5.108941,1.096512
worker_3,3962,1788087049.555198,50,4.543362,1.096288
worker_3,3963,1788087049.559765,50,4.610974,1.097472
worker_3,3964,1788087049.564397,50,4.771068,1.098880
worker_3,3965,1788087049.569184,50,4.984700,1.098400
worker_3,3966,1788087049.574221,50,4.531057,1.099488
worker_3,3967,1788087049.578777,50,4.963273,1.097056
worker_3,3968,1788087049.583790,50,4.529880,1.098304
worker_3,3969,1788087049.588345,50,4.967024,1.099936
worker_3,3970,1788087049.593375,50,4.518353,1.096000
worker_3,3971,1788087049.597918,50,4.965135,1.097568
worker_3,3972,1788087049.602932,50,4.533057,1.097888
worker_3,3973,1788087049.607490,50,4.756827,1.097280
worker_3,3974,1788087049.612266,50,4.767097,1.099552
worker_3,3975,1788087049.617049,50,4.985237,1.096512
worker_3,3976,1788087049.622084,50,4.534167,1.098144
worker_3,3977,1788087049.626644,50,5.098285,1.096928
worker_3,3978,1788087049.631791,50,4.552160,1.096800
worker_3,3979,1788087049.636369,50,4.838096,1.098592
worker_3,3980,1788087049.641257,50,4.661318,1.098304
worker_3,3981,1788087049.645943,50,4.896153,1.096576
worker_3,3982,1788087049.650888,50,4.613122,1.095744
worker_3,3983,1788087049.655527,50,4.780809,1.096288
worker_3,3984,1788087049.660325,50,4.766116,1.097600
worker_3,3985,1788087049.665108,50,4.847412,1.099168
worker_3,3986,1788087049.670004,50,4.620178,1.097792
worker_3,3987,1788087049.674649,50,5.031182,1.097216
worker_3,3988,1788087049.679729,50,4.392028,1.098720
worker_3,3989,1788087049.684146,50,4.766605,1.100448
worker_3,3990,1788087049.688938,50,4.761587,1.097216
worker_3,3991,1788087049.693716,50,4.981255,1.097824
worker_3,3992,1788087049.698747,50,4.529695,1.096800
worker_3,3993,1788087049.703302,50,4.750514,1.097216
worker_3,3994,1788087049.708071,50,4.769162,1.098496
worker_3,3995,1788087049.712857,50,4.799410,1.103744
worker_3,3996,1788087049.717672,50,4.777994,1.098080
worker_3,3997,1788087049.722466,50,4.988848,1.097664
worker_3,3998,1788087049.727503,50,4.531123,1.096608
worker_3,3999,1788087049.732060,50,4.758522,1.098240
worker_3,4000,1788087049.736838,50,4.790838,1.112288
worker_3,4001,1788087049.741646,50,4.773579,1.097888
worker_3,4002,1788087049.746435,50,4.772790,1.099264
worker_3,4003,1788087049.751224,50,4.771662,1.097280
worker_3,4004,1788087049.756011,50,4.772856,1.096736
worker_3,4005,1788087049.760799,50,4.777217,1.098880
worker_3,4006,1788087049.765593,50,4.768299,1.097536
worker_3,4007,1788087049.770376,50,4.775716,1.098048
worker_3,4008,1788087049.775168,50,4.773967,1.097888
worker_3,4009,1788087049.779964,50,4.758068,1.097568
worker_3,4010,1788087049.784737,50,4.771392,1.096576
worker_3,4011,1788087049.789524,50,4.777578,1.096800
worker_3,4012,1788087049.794318,50,4.770132,1.097248
worker_3,4013,1788087049.799103,50,4.772948,1.097760
worker_3,4014,1788087049.803893,50,4.776791,1.106176
worker_3,4015,1788087049.808685,50,4.770105,1.098208
worker_3,4016,1788087049.813471,50,4.771189,1.097120
worker_3,4017,1788087049.818257,50,4.769884,1.098048
worker_3,4018,1788087049.823043,50,4.775549,1.097184
worker_3,4019,1788087049.827833,50,4.777652,1.102112
worker_3,4020,1788087049.832625,50,4.983414,1.096160
worker_3,4021,1788087049.837660,50,4.732345,1.096864
worker_3,4022,1788087049.842441,50,4.748143,1.097312
worker_3,4023,1788087049.847237,50,4.730162,1.095616
worker_3,4024,1788087049.852018,50,4.736170,1.097248
worker_3,4025,1788087049.856801,50,4.535669,1.101440
worker_3,4026,1788087049.861362,50,4.755957,1.096832
worker_3,4027,1788087049.866136,50,4.776327,1.096032
worker_3,4028,1788087049.870929,50,4.769078,1.098304
worker_3,4029,1788087049.875728,50,4.761207,1.097856
worker_3,4030,1788087049.880505,50,4.771087,1.098368
worker_3,4031,1788087049.885292,50,4.771865,1.097760
worker_3,4032,1788087049.890079,50,4.764763,1.095904
worker_3,4033,1788087049.894861,50,4.765513,1.098432
worker_3,4034,1788087049.899641,50,4.776347,1.098240
worker_3,4035,1788087049.904433,50,4.768272,1.096384
worker_3,4036,1788087049.909216,50,4.773299,1.098720
worker_3,4037,1788087049.914005,50,4.774531,1.098720
worker_3,4038,1788087049.918796,50,4.776282,1.096608
worker_3,4039,1788087049.923587,50,4.771216,1.098656
worker_3,4040,1788087049.928375,50,4.779493,1.097760
worker_3,4041,1788087049.933170,50,4.770995,1.096960
worker_3,4042,1788087049.937956,50,4.770847,1.097376
worker_3,4043,1788087049.942742,50,4.769661,1.097536
worker_3,4044,1788087049.947526,50,4.782263,1.104896
worker_3,4045,1788087049.952324,50,4.782736,1.098368
worker_3,4046,1788087049.957121,50,4.770763,1.096608
worker_3,4047,1788087049.961907,50,4.772375,1.098912
worker_3,4048,1788087049.966702,50,4.765967,1.097472
worker_3,4049,1788087049.971484,50,4.766957,1.096576
worker_3,4050,1788087049.976267,50,4.769513,1.097088
worker_3,4051,1788087049.981052,50,4.776263,1.097472
worker_3,4052,1788087049.985843,50,4.773466,1.097440
worker_3,4053,1788087049.990633,50,4.771088,1.096352
worker_3,4054,1788087049.995420,50,4.771403,1.097824
worker_3,4055,1788087050.000207,50,4.783780,1.098720
worker_3,4056,1788087050.005008,50,4.788364,1.097472
worker_3,4057,1788087050.009810,50,4.774624,1.099520
worker_3,4058,1788087050.014599,50,4.994330,1.096128
worker_3,4059,1788087050.019645,50,4.516983,1.097728
worker_3,4060,1788087050.024187,50,4.982617,1.096288
worker_3,4061,1788087050.029217,50,4.752948,1.097216
worker_3,4062,1788087050.034018,50,4.732929,1.095520
worker_3,4063,1788087050.038800,50,4.523529,1.096800
worker_3,4064,1788087050.043349,50,4.759189,1.099264
worker_3,4065,1788087050.048128,50,4.769308,1.098112
worker_3,4066,1788087050.052914,50,4.779263,1.110432
worker_3,4067,1788087050.057709,50,4.767578,1.098656
worker_3,4068,1788087050.062497,50,4.982431,1.098336
worker_3,4069,1788087050.067530,50,4.530871,1.097536
worker_3,4070,1788087050.072085,50,4.758318,1.099168
worker_3,4071,1788087050.076862,50,4.763512,1.096448
worker_3,4072,1788087050.081642,50,4.980681,1.098912
worker_3,4073,1788087050.086673,50,4.522187,1.095520
worker_3,4074,1788087050.091220,50,4.756068,1.096640
worker_3,4075,1788087050.095996,50,4.769114,1.098912
worker_3,4076,1788087050.100784,50,4.761624,1.096416
worker_3,4077,1788087050.105561,50,4.768577,1.097792
worker_3,4078,1788087050.110347,50,4.769217,1.096928
worker_3,4079,1788087050.115132,50,4.792105,1.098368
worker_3,4080,1788087050.119939,50,4.769763,1.096960
worker_3,4081,1788087050.124724,50,4.774197,1.102528
worker_3,4082,1788087050.129514,50,4.773874,1.099104
worker_3,4083,1788087050.134304,50,4.771624,1.096576
worker_3,4084,1788087050.139092,50,4.773873,1.098688
worker_3,4085,1788087050.143882,50,4.784152,1.103744
worker_3,4086,1788087050.148681,50,4.768337,1.096832
worker_3,4087,1788087050.153469,50,4.766726,1.098016
worker_3,4088,1788087050.158252,50,4.774744,1.098752
worker_3,4089,1788087050.163041,50,4.777587,1.098560
worker_3,4090,1788087050.167834,50,4.773086,1.098272
worker_3,4091,1788087050.172624,50,4.774300,1.097824
worker_3,4092,1788087050.177413,50,4.773928,1.098112
worker_3,4093,1788087050.182203,50,4.775799,1.098656
worker_3,4094,1788087050.186994,50,4.768484,1.097216
worker_3,4095,1788087050.191777,50,4.767281,1.097376
worker_3,4096,1788087050.196561,50,4.772716,1.098720
worker_3,4097,1788087050.201348,50,4.776605,1.098240
worker_3,4098,1788087050.206140,50,4.989227,1.096736
worker_3,4099,1788087050.211271,50,4.634298,1.096544
worker_3,4100,1788087050.215952,50,4.743022,1.098048
worker_3,4101,1788087050.220743,50,4.751142,1.106816
worker_3,4102,1788087050.225541,50,4.728456,1.096448
worker_3,4103,1788087050.230315,50,4.767215,1.095872
worker_3,4104,1788087050.235130,50,4.538760,1.099520
worker_3,4105,1788087050.239693,50,4.758114,1.095776
worker_3,4106,1788087050.244469,50,4.773449,1.102208
worker_3,4107,1788087050.249273,50,4.970329,1.096608
worker_3,4108,1788087050.254293,50,4.548454,1.101568
worker_3,4109,1788087050.258868,50,4.961774,1.097504
worker_3,4110,1788087050.263878,50,4.534937,1.096800
worker_3,4111,1788087050.268436,50,4.971079,1.097952
worker_3,4112,1788087050.273455,50,4.531752,1.096416
worker_3,4113,1788087050.278013,50,4.975691,1.096128
worker_3,4114,1788087050.283038,50,4.529955,1.096320
worker_3,4115,1788087050.287594,50,4.752273,1.098048
worker_3,4116,1788087050.292365,50,4.765911,1.096576
worker_3,4117,1788087050.297148,50,4.972551,1.096576
worker_3,4118,1788087050.302172,50,4.535401,1.096640
worker_3,4119,1788087050.306732,50,4.750578,1.096704
worker_3,4120,1788087050.311504,50,4.969310,1.097792
worker_3,4121,1788087050.316524,50,4.531529,1.100800
worker_3,4122,1788087050.321081,50,4.963311,1.096832
worker_3,4123,1788087050.326093,50,4.530835,1.096128
worker_3,4124,1788087050.330648,50,4.967672,1.096768
worker_3,4125,1788087050.335666,50,4.526649,1.098624
worker_3,4126,1788087050.340238,50,4.742104,1.097248
worker_3,4127,1788087050.344999,50,4.779014,1.097312
worker_3,4128,1788087050.349795,50,4.830754,1.096224
worker_3,4129,1788087050.354679,50,4.663928,1.096800
worker_3,4130,1788087050.359362,50,4.762134,1.096736
worker_3,4131,1788087050.364140,50,4.776579,1.098688
worker_3,4132,1788087050.368935,50,4.767994,1.096960
worker_3,4133,1788087050.373724,50,4.761152,1.097472
worker_3,4134,1788087050.378505,50,4.759855,1.096480
worker_3,4135,1788087050.383285,50,4.759753,1.096160
worker_3,4136,1788087050.388064,50,4.764846,1.097184
worker_3,4137,1788087050.392845,50,4.780966,1.099456
worker_3,4138,1788087050.397643,50,4.767818,1.096672
worker_3,4139,1788087050.402428,50,4.983015,1.095872
worker_3,4140,1788087050.407460,50,4.527289,1.097760
worker_3,4141,1788087050.412012,50,4.758503,1.096864
worker_3,4142,1788087050.416790,50,4.771866,1.097536
worker_3,4143,1788087050.421578,50,4.980134,1.096704
worker_3,4144,1788087050.426608,50,4.524557,1.096768
worker_3,4145,1788087050.431159,50,4.765393,1.097376
worker_3,4146,1788087050.435963,50,4.744244,1.096768
worker_3,4147,1788087050.440734,50,4.751161,1.099936
worker_3,4148,1788087050.445504,50,4.759865,1.096704
worker_3,4149,1788087050.450281,50,4.773151,1.098688
worker_3,4150,1788087050.455070,50,4.767549,1.097984
worker_3,4151,1788087050.459855,50,4.772273,1.100512
worker_3,4152,1788087050.464645,50,4.761142,1.098080
worker_3,4153,1788087050.469422,50,4.771614,1.097184
worker_3,4154,1788087050.474209,50,4.772799,1.098464
worker_3,4155,1788087050.478996,50,4.783114,1.097472
worker_3,4156,1788087050.483795,50,4.779966,1.100576
worker_3,4157,1788087050.488590,50,4.777884,1.096768
worker_3,4158,1788087050.493382,50,4.778670,1.097760
worker_3,4159,1788087050.498176,50,4.768216,1.096256
worker_3,4160,1788087050.502960,50,4.779633,1.097216
worker_3,4161,1788087050.507755,50,4.767485,1.099168
worker_3,4162,1788087050.512541,50,4.788383,1.098752
worker_3,4163,1788087050.517346,50,4.765698,1.097504
worker_3,4164,1788087050.522127,50,4.768578,1.097344
worker_3,4165,1788087050.526916,50,4.768911,1.098368
worker_3,4166,1788087050.531700,50,4.766345,1.097184
worker_3,4167,1788087050.536483,50,4.780801,1.097248
worker_3,4168,1788087050.541278,50,4.775310,1.096384
worker_3,4169,1788087050.546069,50,4.775975,1.096320
worker_3,4170,1788087050.550864,50,4.868486,1.097376
worker_3,4171,1788087050.555749,50,4.847690,1.100288
worker_3,4172,1788087050.560613,50,4.775698,1.097440
worker_3,4173,1788087050.565405,50,4.778040,1.097760
worker_3,4174,1788087050.570198,50,4.612919,1.097344
worker_3,4175,1788087050.574828,50,4.771142,1.098816
worker_3,4176,1788087050.579616,50,4.770688,1.096960
