label,batch,start_unix_s,operations,wall_ms,cuda_batch_ms
worker_3,0,1788086993.601511,50,5.491129,5.205408
worker_3,1,1788086993.607053,50,4.724548,1.098304
worker_3,2,1788086993.611807,50,4.971181,1.098336
worker_3,3,1788086993.616830,50,5.119571,1.098432
worker_3,4,1788086993.621991,50,4.832041,1.098112
worker_3,5,1788086993.626871,50,4.737735,1.096768
worker_3,6,1788086993.631655,50,4.646418,1.096128
worker_3,7,1788086993.636356,50,4.144646,1.097440
worker_3,8,1788086993.640527,50,4.973051,1.099936
worker_3,9,1788086993.645547,50,4.739003,1.097888
worker_3,10,1788086993.650341,50,4.540177,1.095744
worker_3,11,1788086993.654912,50,4.750678,1.098528
worker_3,12,1788086993.659685,50,4.764049,1.098816
worker_3,13,1788086993.664467,50,4.774660,1.099840
worker_3,14,1788086993.669262,50,4.770568,1.098336
worker_3,15,1788086993.674051,50,4.791920,1.098176
worker_3,16,1788086993.678859,50,4.772632,1.098848
worker_3,17,1788086993.683652,50,4.766411,1.100256
worker_3,18,1788086993.688437,50,4.772873,1.101024
worker_3,19,1788086993.693227,50,4.762345,1.098720
worker_3,20,1788086993.698006,50,4.793114,1.096896
worker_3,21,1788086993.702814,50,4.770854,1.096640
worker_3,22,1788086993.707600,50,4.783049,1.096672
worker_3,23,1788086993.712402,50,4.767595,1.096672
worker_3,24,1788086993.717188,50,4.769262,1.097408
worker_3,25,1788086993.721976,50,4.772484,1.096800
worker_3,26,1788086993.726765,50,4.768642,1.096640
worker_3,27,1788086993.731550,50,4.770947,1.097536
worker_3,28,1788086993.736337,50,4.768596,1.098464
worker_3,29,1788086993.741131,50,4.757911,1.098336
worker_3,30,1788086993.745905,50,4.770680,1.096224
worker_3,31,1788086993.750691,50,4.767799,1.098752
worker_3,32,1788086993.755476,50,4.771975,1.096320
worker_3,33,1788086993.760264,50,4.770494,1.097888
worker_3,34,1788086993.765050,50,4.769670,1.097536
worker_3,35,1788086993.769835,50,4.773003,1.096960
worker_3,36,1788086993.774622,50,4.869707,1.096256
worker_3,37,1788086993.779511,50,4.679909,1.097824
worker_3,38,1788086993.784207,50,4.772504,1.098560
worker_3,39,1788086993.788996,50,4.766281,1.098336
worker_3,40,1788086993.793778,50,4.986533,1.097056
worker_3,41,1788086993.798812,50,4.739641,1.097568
worker_3,42,1788086993.803599,50,4.533288,1.096480
worker_3,43,1788086993.808157,50,4.750262,1.096896
worker_3,44,1788086993.812926,50,4.788975,1.099264
worker_3,45,1788086993.817735,50,4.757123,1.096256
worker_3,46,1788086993.822509,50,4.765632,1.095776
worker_3,47,1788086993.827291,50,4.776002,1.096864
worker_3,48,1788086993.832085,50,4.778447,1.098528
worker_3,49,1788086993.836882,50,4.792410,1.107008
worker_3,50,1788086993.841690,50,4.774170,1.095776
worker_3,51,1788086993.846484,50,4.766604,1.096064
worker_3,52,1788086993.851271,50,4.763234,1.097088
worker_3,53,1788086993.856054,50,4.915561,1.096416
worker_3,54,1788086993.860987,50,4.771595,1.098336
worker_3,55,1788086993.865774,50,4.633891,1.096704
worker_3,56,1788086993.870423,50,4.916671,1.097280
worker_3,57,1788086993.875361,50,4.623336,1.098144
worker_3,58,1788086993.880002,50,4.918015,1.096672
worker_3,59,1788086993.884936,50,4.622076,1.096640
worker_3,60,1788086993.889573,50,4.761864,1.096416
worker_3,61,1788086993.894350,50,4.980310,1.096320
worker_3,62,1788086993.899378,50,4.757484,1.097408
worker_3,63,1788086993.904181,50,4.544204,1.097504
worker_3,64,1788086993.908751,50,4.756123,1.098784
worker_3,65,1788086993.913527,50,4.767753,1.099008
worker_3,66,1788086993.918310,50,4.770762,1.098528
worker_3,67,1788086993.923096,50,4.771032,1.095744
worker_3,68,1788086993.927896,50,4.764438,1.103232
worker_3,69,1788086993.932676,50,4.766540,1.098496
worker_3,70,1788086993.937459,50,4.771438,1.097504
worker_3,71,1788086993.942244,50,4.767669,1.097120
worker_3,72,1788086993.947027,50,4.777634,1.096416
worker_3,73,1788086993.951821,50,4.777521,1.100992
worker_3,74,1788086993.956614,50,4.767049,1.096960
worker_3,75,1788086993.961396,50,4.768151,1.096000
worker_3,76,1788086993.966182,50,4.769004,1.098432
worker_3,77,1788086993.970968,50,4.775429,1.096704
worker_3,78,1788086993.975759,50,4.780854,1.103872
worker_3,79,1788086993.980555,50,4.777938,1.098240
worker_3,80,1788086993.985349,50,4.770355,1.096416
worker_3,81,1788086993.990134,50,4.770513,1.095552
worker_3,82,1788086993.994920,50,4.770068,1.097664
worker_3,83,1788086993.999706,50,4.992033,1.097376
worker_3,84,1788086994.004745,50,4.745411,1.097984
worker_3,85,1788086994.009537,50,4.735818,1.097312
worker_3,86,1788086994.014318,50,4.542372,1.098144
worker_3,87,1788086994.018885,50,4.757957,1.097824
worker_3,88,1788086994.023674,50,4.765549,1.100896
worker_3,89,1788086994.028457,50,4.777521,1.097280
worker_3,90,1788086994.033249,50,4.775717,1.097792
worker_3,91,1788086994.038039,50,4.775818,1.099040
worker_3,92,1788086994.042832,50,4.767280,1.099392
worker_3,93,1788086994.047615,50,4.775105,1.098272
worker_3,94,1788086994.052406,50,4.774697,1.098912
worker_3,95,1788086994.057197,50,4.763049,1.096832
worker_3,96,1788086994.061975,50,4.778485,1.097376
worker_3,97,1788086994.066770,50,4.769179,1.095744
worker_3,98,1788086994.071555,50,4.781225,1.098944
worker_3,99,1788086994.076352,50,4.768633,1.101152
worker_3,100,1788086994.081137,50,4.766762,1.098432
worker_3,101,1788086994.085919,50,4.790938,1.098464
worker_3,102,1788086994.090725,50,4.771948,1.098560
worker_3,103,1788086994.095512,50,4.772392,1.097248
worker_3,104,1788086994.100301,50,4.770855,1.099296
worker_3,105,1788086994.105088,50,4.767873,1.097152
worker_3,106,1788086994.109871,50,4.771438,1.097568
worker_3,107,1788086994.114666,50,4.759660,1.097280
worker_3,108,1788086994.119444,50,4.782929,1.097536
worker_3,109,1788086994.124245,50,4.765021,1.097408
worker_3,110,1788086994.129026,50,4.770169,1.096928
worker_3,111,1788086994.133812,50,4.774095,1.098400
worker_3,112,1788086994.138600,50,4.767217,1.098688
worker_3,113,1788086994.143383,50,4.778115,1.096608
worker_3,114,1788086994.148176,50,4.772179,1.097728
worker_3,115,1788086994.152964,50,4.771540,1.096160
worker_3,116,1788086994.157751,50,4.782162,1.097472
worker_3,117,1788086994.162548,50,4.767892,1.096736
worker_3,118,1788086994.167332,50,4.773568,1.098432
worker_3,119,1788086994.172121,50,4.777688,1.097504
worker_3,120,1788086994.176913,50,4.772253,1.098272
worker_3,121,1788086994.181701,50,4.774040,1.097536
worker_3,122,1788086994.186489,50,4.773642,1.097792
worker_3,123,1788086994.191277,50,4.790782,1.096704
worker_3,124,1788086994.196084,50,4.991107,1.100960
worker_3,125,1788086994.201123,50,4.731679,1.096096
worker_3,126,1788086994.205900,50,4.745438,1.096832
worker_3,127,1788086994.210704,50,4.513112,1.096512
worker_3,128,1788086994.215242,50,4.783503,1.098176
worker_3,129,1788086994.220044,50,4.772022,1.100352
worker_3,130,1788086994.224831,50,4.765152,1.096320
worker_3,131,1788086994.229612,50,4.808771,1.096640
worker_3,132,1788086994.234436,50,4.888106,1.098176
worker_3,133,1788086994.239339,50,4.775069,1.096192
worker_3,134,1788086994.244129,50,4.784290,1.096288
worker_3,135,1788086994.248928,50,4.774596,1.099520
worker_3,136,1788086994.253718,50,4.783707,1.097312
worker_3,137,1788086994.258516,50,4.772771,1.097472
worker_3,138,1788086994.263303,50,4.772401,1.095840
worker_3,139,1788086994.268091,50,4.718281,1.096768
worker_3,140,1788086994.272823,50,4.709900,1.099072
worker_3,141,1788086994.277548,50,4.732335,1.097312
worker_3,142,1788086994.282297,50,4.775373,1.097504
worker_3,143,1788086994.287087,50,4.768605,1.096448
worker_3,144,1788086994.291870,50,4.777290,1.096736
worker_3,145,1788086994.296663,50,4.980570,1.097408
worker_3,146,1788086994.301704,50,4.724964,1.098304
worker_3,147,1788086994.306475,50,4.740511,1.097408
worker_3,148,1788086994.311264,50,4.537130,1.097760
worker_3,149,1788086994.315826,50,4.758308,1.098720
worker_3,150,1788086994.320603,50,4.771234,1.099456
worker_3,151,1788086994.325390,50,4.770725,1.096320
worker_3,152,1788086994.330177,50,4.787678,1.097728
worker_3,153,1788086994.334980,50,4.770243,1.096416
worker_3,154,1788086994.339765,50,4.776077,1.098368
worker_3,155,1788086994.344556,50,4.771355,1.099968
worker_3,156,1788086994.349431,50,4.686557,1.098208
worker_3,157,1788086994.354136,50,4.777244,1.096320
worker_3,158,1788086994.358929,50,4.770837,1.096768
worker_3,159,1788086994.363716,50,4.935763,1.098304
worker_3,160,1788086994.368667,50,4.775558,1.096576
worker_3,161,1788086994.373457,50,4.772457,1.097408
worker_3,162,1788086994.378245,50,4.779604,1.098144
worker_3,163,1788086994.383039,50,4.626678,1.097792
worker_3,164,1788086994.387682,50,4.915985,1.096480
worker_3,165,1788086994.392613,50,4.637077,1.098464
worker_3,166,1788086994.397277,50,5.108135,1.096224
worker_3,167,1788086994.402433,50,4.614576,1.099776
worker_3,168,1788086994.407094,50,4.736253,1.097152
worker_3,169,1788086994.411876,50,4.545899,1.100640
worker_3,170,1788086994.416446,50,4.783956,1.095712
worker_3,171,1788086994.421247,50,4.764688,1.097664
worker_3,172,1788086994.426028,50,4.786374,1.096736
worker_3,173,1788086994.430830,50,4.765531,1.097536
worker_3,174,1788086994.435612,50,4.771207,1.098944
worker_3,175,1788086994.440398,50,4.771235,1.101056
worker_3,176,1788086994.445186,50,4.772485,1.096768
worker_3,177,1788086994.449974,50,4.778624,1.098336
worker_3,178,1788086994.454767,50,4.772956,1.098624
worker_3,179,1788086994.459556,50,4.775058,1.098144
worker_3,180,1788086994.464346,50,4.773809,1.100704
worker_3,181,1788086994.469135,50,4.770567,1.095808
worker_3,182,1788086994.473922,50,4.797818,1.098208
worker_3,183,1788086994.478735,50,4.762613,1.096096
worker_3,184,1788086994.483513,50,4.768881,1.096480
worker_3,185,1788086994.488308,50,4.756624,1.098528
worker_3,186,1788086994.493080,50,4.767271,1.097024
worker_3,187,1788086994.497862,50,4.767114,1.097568
worker_3,188,1788086994.502646,50,4.770827,1.099488
worker_3,189,1788086994.507432,50,4.773705,1.096320
worker_3,190,1788086994.512227,50,4.768234,1.098528
worker_3,191,1788086994.517010,50,4.768763,1.096192
worker_3,192,1788086994.521793,50,4.788197,1.097344
worker_3,193,1788086994.526596,50,4.767883,1.098048
worker_3,194,1788086994.531379,50,4.780179,1.096928
worker_3,195,1788086994.536174,50,4.770642,1.097408
worker_3,196,1788086994.540960,50,4.767503,1.098272
worker_3,197,1788086994.545743,50,4.772735,1.098176
worker_3,198,1788086994.550529,50,4.777623,1.096928
worker_3,199,1788086994.555322,50,4.770670,1.098208
worker_3,200,1788086994.560107,50,4.768447,1.099552
worker_3,201,1788086994.564892,50,4.924978,1.096384
worker_3,202,1788086994.569831,50,4.624928,1.098688
worker_3,203,1788086994.574471,50,4.765605,1.097440
worker_3,204,1788086994.579251,50,4.783679,1.096576
worker_3,205,1788086994.584066,50,4.755244,1.098048
worker_3,206,1788086994.588836,50,4.765123,1.098720
worker_3,207,1788086994.593617,50,4.770327,1.097376
worker_3,208,1788086994.598403,50,4.779206,1.098592
worker_3,209,1788086994.603198,50,4.764032,1.096608
worker_3,210,1788086994.607977,50,4.777799,1.098496
worker_3,211,1788086994.612769,50,4.780299,1.098976
worker_3,212,1788086994.617564,50,4.770429,1.096608
worker_3,213,1788086994.622349,50,4.775791,1.097376
worker_3,214,1788086994.627140,50,4.774077,1.099040
worker_3,215,1788086994.631929,50,4.777744,1.096704
worker_3,216,1788086994.636721,50,4.791013,1.107776
worker_3,217,1788086994.641526,50,4.773475,1.097472
worker_3,218,1788086994.646314,50,4.777494,1.098048
worker_3,219,1788086994.651106,50,4.766697,1.096384
worker_3,220,1788086994.655888,50,4.775179,1.097792
worker_3,221,1788086994.660679,50,4.771466,1.100256
worker_3,222,1788086994.665464,50,4.773364,1.097696
worker_3,223,1788086994.670252,50,4.767697,1.097280
worker_3,224,1788086994.675039,50,4.768030,1.098720
worker_3,225,1788086994.679822,50,4.769780,1.096864
worker_3,226,1788086994.684606,50,4.776124,1.097760
worker_3,227,1788086994.689397,50,4.770318,1.097728
worker_3,228,1788086994.694181,50,4.769290,1.096160
worker_3,229,1788086994.698964,50,4.790476,1.099648
worker_3,230,1788086994.703769,50,4.769791,1.096832
worker_3,231,1788086994.708555,50,4.985505,1.096320
worker_3,232,1788086994.713592,50,4.747642,1.097632
worker_3,233,1788086994.718386,50,4.737057,1.097088
worker_3,234,1788086994.723167,50,4.742160,1.097600
worker_3,235,1788086994.727956,50,4.704826,1.097408
worker_3,236,1788086994.732685,50,4.833262,1.098144
worker_3,237,1788086994.737567,50,4.661428,1.097344
worker_3,238,1788086994.742254,50,4.978579,1.096032
worker_3,239,1788086994.747279,50,4.518945,1.095648
worker_3,240,1788086994.751821,50,4.596455,1.096800
worker_3,241,1788086994.756435,50,4.768152,1.096960
worker_3,242,1788086994.761219,50,4.982532,1.096480
worker_3,243,1788086994.766248,50,4.535983,1.097280
worker_3,244,1788086994.770819,50,4.959135,1.096992
worker_3,245,1788086994.775824,50,4.534538,1.096576
worker_3,246,1788086994.780381,50,4.965801,1.096768
worker_3,247,1788086994.785392,50,4.537621,1.096736
worker_3,248,1788086994.789956,50,4.974421,1.095680
worker_3,249,1788086994.794977,50,4.536076,1.096960
worker_3,250,1788086994.799537,50,4.771317,1.100704
worker_3,251,1788086994.804326,50,4.786290,1.097792
worker_3,252,1788086994.809127,50,4.984950,1.098304
worker_3,253,1788086994.814158,50,4.531095,1.095776
worker_3,254,1788086994.818713,50,4.753503,1.096288
worker_3,255,1788086994.823484,50,4.766549,1.096800
worker_3,256,1788086994.828267,50,4.762179,1.097792
worker_3,257,1788086994.833045,50,4.781697,1.098592
worker_3,258,1788086994.837843,50,4.770096,1.097472
worker_3,259,1788086994.842628,50,4.773151,1.097440
worker_3,260,1788086994.847415,50,4.775142,1.098400
worker_3,261,1788086994.852206,50,4.772420,1.096064
worker_3,262,1788086994.856994,50,4.780189,1.096640
worker_3,263,1788086994.861802,50,4.755559,1.099264
worker_3,264,1788086994.866575,50,4.768883,1.097856
worker_3,265,1788086994.871361,50,4.771234,1.097216
worker_3,266,1788086994.876147,50,4.787078,1.097568
worker_3,267,1788086994.880949,50,4.794484,1.099008
worker_3,268,1788086994.885758,50,4.775984,1.098176
worker_3,269,1788086994.890551,50,4.769309,1.096160
worker_3,270,1788086994.895335,50,4.767929,1.097760
worker_3,271,1788086994.900118,50,4.769382,1.098816
worker_3,272,1788086994.904901,50,4.786975,1.098400
worker_3,273,1788086994.909703,50,4.984736,1.096992
worker_3,274,1788086994.914737,50,4.543862,1.098112
worker_3,275,1788086994.919306,50,4.754985,1.097568
worker_3,276,1788086994.924077,50,4.984089,1.100704
worker_3,277,1788086994.929107,50,4.757262,1.103424
worker_3,278,1788086994.933910,50,4.534149,1.098368
worker_3,279,1788086994.938468,50,4.967885,1.096224
worker_3,280,1788086994.943480,50,4.562270,1.097152
worker_3,281,1788086994.948067,50,4.763234,1.100096
worker_3,282,1788086994.952847,50,4.766521,1.098976
worker_3,283,1788086994.957644,50,4.966626,1.098112
worker_3,284,1788086994.962660,50,4.531612,1.096608
worker_3,285,1788086994.967216,50,4.750707,1.096832
worker_3,286,1788086994.971982,50,4.771309,1.099872
worker_3,287,1788086994.976770,50,4.918596,1.096768
worker_3,288,1788086994.981704,50,4.691882,1.098048
worker_3,289,1788086994.986412,50,5.069663,1.097248
worker_3,290,1788086994.991527,50,4.406777,1.096736
worker_3,291,1788086994.995959,50,4.763179,1.102432
worker_3,292,1788086995.000739,50,4.769077,1.098720
worker_3,293,1788086995.005524,50,4.984819,1.098240
worker_3,294,1788086995.010555,50,4.535464,1.098368
worker_3,295,1788086995.015115,50,4.966643,1.096352
worker_3,296,1788086995.020125,50,4.542723,1.102368
worker_3,297,1788086995.024692,50,4.963597,1.097760
worker_3,298,1788086995.029702,50,4.541316,1.096608
worker_3,299,1788086995.034268,50,4.961300,1.096128
worker_3,300,1788086995.039275,50,4.536241,1.096288
worker_3,301,1788086995.043833,50,4.757882,1.096608
worker_3,302,1788086995.048621,50,4.762790,1.099904
worker_3,303,1788086995.053400,50,4.974209,1.098464
worker_3,304,1788086995.058421,50,4.544964,1.096352
worker_3,305,1788086995.062990,50,4.966311,1.097888
worker_3,306,1788086995.068002,50,4.538159,1.099136
worker_3,307,1788086995.072566,50,4.965533,1.097536
worker_3,308,1788086995.077577,50,4.541890,1.099456
worker_3,309,1788086995.082145,50,4.982801,1.096224
worker_3,310,1788086995.087249,50,4.465972,1.098464
worker_3,311,1788086995.091740,50,4.756289,1.098816
worker_3,312,1788086995.096515,50,4.767910,1.098976
worker_3,313,1788086995.101300,50,4.976829,1.097408
worker_3,314,1788086995.106325,50,4.547075,1.098048
worker_3,315,1788086995.110898,50,4.967282,1.095232
worker_3,316,1788086995.115911,50,4.534575,1.098080
worker_3,317,1788086995.120470,50,4.967254,1.098816
worker_3,318,1788086995.125485,50,4.532937,1.098144
worker_3,319,1788086995.130043,50,5.000865,1.097376
worker_3,320,1788086995.135090,50,4.535918,1.097280
worker_3,321,1788086995.139651,50,4.753485,1.098336
worker_3,322,1788086995.144440,50,4.754336,1.101216
worker_3,323,1788086995.149211,50,4.986061,1.097728
worker_3,324,1788086995.154244,50,4.539362,1.095808
worker_3,325,1788086995.158808,50,4.964912,1.097184
worker_3,326,1788086995.163819,50,4.540594,1.095968
worker_3,327,1788086995.168383,50,4.961375,1.096608
worker_3,328,1788086995.173390,50,4.538038,1.096608
worker_3,329,1788086995.177953,50,4.962070,1.097024
worker_3,330,1788086995.182961,50,4.543686,1.097696
worker_3,331,1788086995.187530,50,4.763531,1.097216
worker_3,332,1788086995.192311,50,4.762836,1.098400
worker_3,333,1788086995.197090,50,4.769808,1.097984
worker_3,334,1788086995.201876,50,4.773486,1.099072
worker_3,335,1788086995.206665,50,4.771577,1.096512
worker_3,336,1788086995.211451,50,4.776549,1.098752
worker_3,337,1788086995.216243,50,4.770365,1.096768
worker_3,338,1788086995.221028,50,4.777632,1.097344
worker_3,339,1788086995.225821,50,4.771364,1.098880
worker_3,340,1788086995.230607,50,4.771595,1.095808
worker_3,341,1788086995.235408,50,4.756724,1.096480
worker_3,342,1788086995.240182,50,4.779791,1.097792
worker_3,343,1788086995.244977,50,4.786901,1.105344
worker_3,344,1788086995.249779,50,4.770679,1.098464
worker_3,345,1788086995.254564,50,4.773680,1.098304
worker_3,346,1788086995.259352,50,4.771670,1.098944
worker_3,347,1788086995.264139,50,4.769215,1.096128
worker_3,348,1788086995.268923,50,4.771716,1.097568
worker_3,349,1788086995.273709,50,4.771262,1.096640
worker_3,350,1788086995.278497,50,4.774902,1.097792
worker_3,351,1788086995.283286,50,4.768772,1.096192
worker_3,352,1788086995.288070,50,4.773697,1.101024
worker_3,353,1788086995.292860,50,4.982524,1.097856
worker_3,354,1788086995.297891,50,4.738419,1.097600
worker_3,355,1788086995.302675,50,4.537408,1.096160
worker_3,356,1788086995.307235,50,4.761253,1.098688
worker_3,357,1788086995.312015,50,5.002848,1.096832
worker_3,358,1788086995.317062,50,4.730604,1.097632
worker_3,359,1788086995.321839,50,4.533556,1.095776
worker_3,360,1788086995.326397,50,4.982162,1.096928
worker_3,361,1788086995.331439,50,4.515464,1.097216
worker_3,362,1788086995.335980,50,4.763207,1.096320
worker_3,363,1788086995.340761,50,4.781818,1.102976
worker_3,364,1788086995.345560,50,4.983042,1.097760
worker_3,365,1788086995.350590,50,4.529528,1.097152
worker_3,366,1788086995.355145,50,4.974459,1.097248
worker_3,367,1788086995.360166,50,4.531223,1.096192
worker_3,368,1788086995.364720,50,4.972894,1.100288
worker_3,369,1788086995.369742,50,4.526381,1.097184
worker_3,370,1788086995.374294,50,4.971070,1.096800
worker_3,371,1788086995.379314,50,4.534408,1.096064
worker_3,372,1788086995.383873,50,4.759927,1.097440
worker_3,373,1788086995.388651,50,5.317582,1.099040
worker_3,374,1788086995.394000,50,4.797105,1.096064
worker_3,375,1788086995.398846,50,4.167692,1.098816
worker_3,376,1788086995.403039,50,4.753699,1.095680
worker_3,377,1788086995.407811,50,4.769902,1.096224
worker_3,378,1788086995.412598,50,4.769216,1.096736
worker_3,379,1788086995.417382,50,4.772198,1.097536
worker_3,380,1788086995.422178,50,4.766365,1.098240
worker_3,381,1788086995.426961,50,4.773105,1.096736
worker_3,382,1788086995.431750,50,4.794818,1.101312
worker_3,383,1788086995.436560,50,4.782577,1.098752
worker_3,384,1788086995.441359,50,4.769762,1.097792
worker_3,385,1788086995.446146,50,4.766438,1.096032
worker_3,386,1788086995.450930,50,4.769799,1.095744
worker_3,387,1788086995.455715,50,4.767661,1.098688
worker_3,388,1788086995.460499,50,4.777095,1.095744
worker_3,389,1788086995.465291,50,4.769865,1.097472
worker_3,390,1788086995.470075,50,4.772781,1.097184
worker_3,391,1788086995.474863,50,4.777661,1.096608
worker_3,392,1788086995.479656,50,4.783743,1.100896
worker_3,393,1788086995.484456,50,4.785031,1.096192
worker_3,394,1788086995.489258,50,4.770466,1.096608
worker_3,395,1788086995.494045,50,4.765716,1.098656
worker_3,396,1788086995.498827,50,4.771669,1.096736
worker_3,397,1788086995.503613,50,4.807272,1.099840
worker_3,398,1788086995.508460,50,4.921671,1.097760
worker_3,399,1788086995.513426,50,4.575928,1.096480
worker_3,400,1788086995.518052,50,4.729503,1.096128
worker_3,401,1788086995.522816,50,4.737263,1.096640
worker_3,402,1788086995.527577,50,4.754614,1.098112
worker_3,403,1788086995.532350,50,4.779161,1.096992
worker_3,404,1788086995.537145,50,4.980532,1.095712
worker_3,405,1788086995.542173,50,4.530501,1.096160
worker_3,406,1788086995.546728,50,4.965134,1.097056
worker_3,407,1788086995.551740,50,4.540270,1.097728
worker_3,408,1788086995.556306,50,4.751031,1.098208
worker_3,409,1788086995.561076,50,4.776512,1.096608
worker_3,410,1788086995.565869,50,4.918810,1.097504
worker_3,411,1788086995.570803,50,5.014681,1.096032
worker_3,412,1788086995.575865,50,4.361841,1.096032
worker_3,413,1788086995.580251,50,4.755206,1.100064
worker_3,414,1788086995.585024,50,4.767957,1.096512
worker_3,415,1788086995.589808,50,4.979884,1.096576
worker_3,416,1788086995.594835,50,4.542724,1.096256
worker_3,417,1788086995.599402,50,4.912235,1.097728
worker_3,418,1788086995.604334,50,4.661224,1.098720
worker_3,419,1788086995.609030,50,5.080645,1.096544
worker_3,420,1788086995.614159,50,4.522288,1.097248
worker_3,421,1788086995.618706,50,4.981654,1.098176
worker_3,422,1788086995.623734,50,4.527140,1.095712
worker_3,423,1788086995.628288,50,4.853828,1.097280
worker_3,424,1788086995.633187,50,4.498278,1.102208
worker_3,425,1788086995.637709,50,4.967616,1.097088
worker_3,426,1788086995.642723,50,4.543917,1.097792
worker_3,427,1788086995.647291,50,4.772419,1.096384
worker_3,428,1788086995.652082,50,4.771013,1.099584
worker_3,429,1788086995.656869,50,4.762856,1.098336
worker_3,430,1788086995.661648,50,4.772837,1.097600
worker_3,431,1788086995.666436,50,4.973542,1.096704
worker_3,432,1788086995.671458,50,4.542918,1.097376
worker_3,433,1788086995.676027,50,4.759984,1.098368
worker_3,434,1788086995.680806,50,4.773521,1.100576
worker_3,435,1788086995.685596,50,4.765317,1.096064
worker_3,436,1788086995.690377,50,4.976199,1.096192
worker_3,437,1788086995.695400,50,4.538557,1.095744
worker_3,438,1788086995.699966,50,4.758549,1.097536
worker_3,439,1788086995.704747,50,4.773882,1.109792
worker_3,440,1788086995.709538,50,4.988598,1.097376
worker_3,441,1788086995.714574,50,4.527742,1.098560
worker_3,442,1788086995.719125,50,4.971616,1.096832
worker_3,443,1788086995.724143,50,4.540149,1.096544
worker_3,444,1788086995.728709,50,5.025136,1.099936
worker_3,445,1788086995.733781,50,4.640678,1.097600
worker_3,446,1788086995.738446,50,4.962746,1.096128
worker_3,447,1788086995.743455,50,4.536102,1.098304
worker_3,448,1788086995.748016,50,4.776271,1.097152
worker_3,449,1788086995.752811,50,4.602288,1.097120
worker_3,450,1788086995.757429,50,4.975393,1.096512
worker_3,451,1788086995.762453,50,4.539769,1.098560
worker_3,452,1788086995.767017,50,4.969949,1.098016
worker_3,453,1788086995.772033,50,4.542641,1.097632
worker_3,454,1788086995.776601,50,4.959301,1.096608
worker_3,455,1788086995.781608,50,4.542834,1.096512
worker_3,456,1788086995.786175,50,4.961255,1.098240
worker_3,457,1788086995.791185,50,4.543825,1.096480
worker_3,458,1788086995.795767,50,4.741457,1.096512
worker_3,459,1788086995.800528,50,4.762318,1.099584
worker_3,460,1788086995.805308,50,4.766077,1.097280
worker_3,461,1788086995.810091,50,4.780568,1.098144
worker_3,462,1788086995.814888,50,4.976254,1.095968
worker_3,463,1788086995.819912,50,4.530602,1.095744
worker_3,464,1788086995.824539,50,4.904207,1.100640
worker_3,465,1788086995.829490,50,4.527751,1.097152
worker_3,466,1788086995.834044,50,4.999208,1.099744
worker_3,467,1788086995.839092,50,4.529289,1.096128
worker_3,468,1788086995.843646,50,4.758400,1.096512
worker_3,469,1788086995.848422,50,4.764670,1.097664
worker_3,470,1788086995.853204,50,4.984699,1.097856
worker_3,471,1788086995.858236,50,4.530714,1.098720
worker_3,472,1788086995.862793,50,4.961170,1.096064
worker_3,473,1788086995.867801,50,4.539880,1.096896
worker_3,474,1788086995.872365,50,4.968468,1.095968
worker_3,475,1788086995.877381,50,4.541844,1.097056
worker_3,476,1788086995.881949,50,4.976550,1.106240
worker_3,477,1788086995.886973,50,4.542149,1.097824
worker_3,478,1788086995.891552,50,4.758558,1.104192
worker_3,479,1788086995.896329,50,4.782689,1.096416
worker_3,480,1788086995.901129,50,4.974430,1.096128
worker_3,481,1788086995.906149,50,4.537723,1.097120
worker_3,482,1788086995.910711,50,4.961894,1.097920
worker_3,483,1788086995.915720,50,4.541501,1.097504
worker_3,484,1788086995.920286,50,4.811207,1.100576
worker_3,485,1788086995.925145,50,4.690400,1.096864
worker_3,486,1788086995.929860,50,4.965089,1.096640
worker_3,487,1788086995.934873,50,4.542715,1.096576
worker_3,488,1788086995.939441,50,4.763021,1.098240
worker_3,489,1788086995.944232,50,4.752910,1.098080
worker_3,490,1788086995.949002,50,4.769160,1.097536
worker_3,491,1788086995.953787,50,4.774096,1.096448
worker_3,492,1788086995.958577,50,4.980459,1.097728
worker_3,493,1788086995.963604,50,4.532566,1.097216
worker_3,494,1788086995.968162,50,4.768457,1.103072
worker_3,495,1788086995.972949,50,4.761921,1.096352
worker_3,496,1788086995.977728,50,4.983209,1.097152
worker_3,497,1788086995.982771,50,4.519825,1.097888
worker_3,498,1788086995.987315,50,4.763031,1.097440
worker_3,499,1788086995.992096,50,4.765548,1.095776
worker_3,500,1788086995.996878,50,4.784596,1.100256
worker_3,501,1788086996.001678,50,4.770873,1.097664
worker_3,502,1788086996.006465,50,4.991089,1.096896
worker_3,503,1788086996.011503,50,4.529067,1.098496
worker_3,504,1788086996.016057,50,4.762419,1.098656
worker_3,505,1788086996.020838,50,4.786391,1.109568
worker_3,506,1788086996.025641,50,4.989292,1.097216
worker_3,507,1788086996.030677,50,4.524630,1.096128
worker_3,508,1788086996.035225,50,4.757123,1.097600
worker_3,509,1788086996.040000,50,4.767207,1.100448
worker_3,510,1788086996.044784,50,4.767920,1.096960
worker_3,511,1788086996.049567,50,4.769225,1.097120
worker_3,512,1788086996.054352,50,4.772207,1.098176
worker_3,513,1788086996.059139,50,4.994903,1.096512
worker_3,514,1788086996.064183,50,4.540178,1.098880
worker_3,515,1788086996.068747,50,4.960153,1.097504
worker_3,516,1788086996.073755,50,4.536316,1.097280
worker_3,517,1788086996.078329,50,4.955746,1.098048
worker_3,518,1788086996.083333,50,4.542964,1.096480
worker_3,519,1788086996.087900,50,4.765355,1.105504
worker_3,520,1788086996.092684,50,4.766429,1.097472
worker_3,521,1788086996.097468,50,4.975680,1.095328
worker_3,522,1788086996.102490,50,4.541001,1.097440
worker_3,523,1788086996.107058,50,4.961088,1.095968
worker_3,524,1788086996.112067,50,4.545084,1.100992
worker_3,525,1788086996.116638,50,4.962411,1.096896
worker_3,526,1788086996.121648,50,4.536186,1.097248
worker_3,527,1788086996.126207,50,4.966643,1.096128
worker_3,528,1788086996.131223,50,4.540852,1.097312
worker_3,529,1788086996.135788,50,4.774401,1.107872
worker_3,530,1788086996.140583,50,4.777022,1.097856
worker_3,531,1788086996.145376,50,4.983866,1.097312
worker_3,532,1788086996.150408,50,4.533020,1.096864
worker_3,533,1788086996.154966,50,4.961237,1.096224
worker_3,534,1788086996.159973,50,4.541778,1.097632
worker_3,535,1788086996.164542,50,5.000402,1.096768
worker_3,536,1788086996.169602,50,4.490140,1.097600
worker_3,537,1788086996.174118,50,4.972033,1.096128
worker_3,538,1788086996.179137,50,4.534010,1.096224
worker_3,539,1788086996.183697,50,4.757523,1.096928
worker_3,540,1788086996.188476,50,4.768827,1.098432
worker_3,541,1788086996.193262,50,4.972699,1.097312
worker_3,542,1788086996.198282,50,4.562603,1.099072
worker_3,543,1788086996.202868,50,4.964773,1.096928
worker_3,544,1788086996.207880,50,4.539575,1.097184
worker_3,545,1788086996.212444,50,4.969829,1.098880
worker_3,546,1788086996.217460,50,4.528594,1.096576
worker_3,547,1788086996.222013,50,4.848966,1.096672
worker_3,548,1788086996.226881,50,4.828031,1.096992
worker_3,549,1788086996.231725,50,4.770586,1.097408
worker_3,550,1788086996.236513,50,4.629188,1.096640
worker_3,551,1788086996.241158,50,4.762327,1.096672
worker_3,552,1788086996.245935,50,4.779855,1.096320
worker_3,553,1788086996.250732,50,4.764364,1.097376
worker_3,554,1788086996.255512,50,4.774022,1.098688
worker_3,555,1788086996.260302,50,4.768838,1.097600
worker_3,556,1788086996.265095,50,4.764160,1.096416
worker_3,557,1788086996.269875,50,4.765420,1.098080
worker_3,558,1788086996.274656,50,4.778883,1.096320
worker_3,559,1788086996.279450,50,4.778216,1.097056
worker_3,560,1788086996.284244,50,4.773476,1.097760
worker_3,561,1788086996.289032,50,4.775327,1.096576
worker_3,562,1788086996.293823,50,4.767596,1.097344
worker_3,563,1788086996.298606,50,4.770448,1.097632
worker_3,564,1788086996.303392,50,4.769031,1.097632
worker_3,565,1788086996.308176,50,4.782096,1.096672
worker_3,566,1788086996.312973,50,4.794504,1.101024
worker_3,567,1788086996.317783,50,4.984440,1.095936
worker_3,568,1788086996.322815,50,4.732133,1.095680
worker_3,569,1788086996.327594,50,4.534649,1.096224
worker_3,570,1788086996.332152,50,4.760355,1.096064
worker_3,571,1788086996.336930,50,4.775716,1.098080
worker_3,572,1788086996.341724,50,4.977459,1.095712
worker_3,573,1788086996.346751,50,4.535400,1.096640
worker_3,574,1788086996.351313,50,4.754799,1.097760
worker_3,575,1788086996.356099,50,4.754882,1.097120
worker_3,576,1788086996.360870,50,4.955144,1.105536
worker_3,577,1788086996.365841,50,4.611854,1.096384
worker_3,578,1788086996.370468,50,4.980950,1.096704
worker_3,579,1788086996.375498,50,4.534130,1.098624
worker_3,580,1788086996.380054,50,4.762559,1.097472
worker_3,581,1788086996.384834,50,4.790253,1.109536
worker_3,582,1788086996.389640,50,4.976450,1.097280
worker_3,583,1788086996.394665,50,4.540586,1.096384
worker_3,584,1788086996.399229,50,4.761318,1.098848
worker_3,585,1788086996.404007,50,4.769271,1.098464
worker_3,586,1788086996.408792,50,4.768836,1.099520
worker_3,587,1788086996.413577,50,4.771549,1.099232
worker_3,588,1788086996.418364,50,4.827521,1.095488
worker_3,589,1788086996.423239,50,4.684503,1.098560
worker_3,590,1788086996.427947,50,4.758883,1.097056
worker_3,591,1788086996.432724,50,4.761706,1.102944
worker_3,592,1788086996.437504,50,4.984449,1.098112
worker_3,593,1788086996.442536,50,4.525686,1.098144
worker_3,594,1788086996.447086,50,4.962134,1.096480
worker_3,595,1788086996.452106,50,4.535539,1.099232
worker_3,596,1788086996.456666,50,4.974374,1.095904
worker_3,597,1788086996.461688,50,4.531862,1.098112
worker_3,598,1788086996.466244,50,4.762512,1.097440
worker_3,599,1788086996.471026,50,4.762790,1.096736
worker_3,600,1788086996.475805,50,4.916838,1.096160
worker_3,601,1788086996.480737,50,4.772503,1.096416
worker_3,602,1788086996.485525,50,4.630650,1.097440
worker_3,603,1788086996.490171,50,4.909171,1.096160
worker_3,604,1788086996.495095,50,4.721085,1.098432
worker_3,605,1788086996.499832,50,4.838319,1.099616
worker_3,606,1788086996.504687,50,4.772745,1.097088
worker_3,607,1788086996.509474,50,4.772466,1.097472
worker_3,608,1788086996.514261,50,4.797938,1.096352
worker_3,609,1788086996.519074,50,4.783967,1.097312
worker_3,610,1788086996.523874,50,4.762095,1.097376
worker_3,611,1788086996.528650,50,4.770874,1.096384
worker_3,612,1788086996.533438,50,4.705975,1.096352
worker_3,613,1788086996.538160,50,4.810253,1.098144
worker_3,614,1788086996.542994,50,4.645013,1.097088
worker_3,615,1788086996.547654,50,4.773049,1.098784
worker_3,616,1788086996.552444,50,4.773133,1.099648
worker_3,617,1788086996.557232,50,4.773669,1.096288
worker_3,618,1788086996.562093,50,4.715105,1.098400
worker_3,619,1788086996.566832,50,4.746280,1.098816
worker_3,620,1788086996.571597,50,4.761253,1.096288
worker_3,621,1788086996.576377,50,4.789725,1.101184
worker_3,622,1788086996.581198,50,4.752419,1.096480
worker_3,623,1788086996.585984,50,4.764031,1.096320
worker_3,624,1788086996.590785,50,4.745975,1.095840
worker_3,625,1788086996.595563,50,4.749921,1.096928
worker_3,626,1788086996.600350,50,4.724696,1.095808
worker_3,627,1788086996.605097,50,4.974560,1.096480
worker_3,628,1788086996.610119,50,4.530390,1.097536
worker_3,629,1788086996.614674,50,4.965626,1.096480
worker_3,630,1788086996.619686,50,4.537205,1.097280
worker_3,631,1788086996.624248,50,4.768169,1.095584
worker_3,632,1788086996.629039,50,4.787077,1.096512
worker_3,633,1788086996.633844,50,4.742050,1.096544
worker_3,634,1788086996.638618,50,4.733326,1.096544
worker_3,635,1788086996.643375,50,4.758419,1.097472
worker_3,636,1788086996.648147,50,4.771605,1.096224
worker_3,637,1788086996.652931,50,4.780197,1.098272
worker_3,638,1788086996.657724,50,4.769771,1.095680
worker_3,639,1788086996.662506,50,4.771837,1.096768
worker_3,640,1788086996.667294,50,4.769429,1.096000
worker_3,641,1788086996.672079,50,4.770966,1.097760
worker_3,642,1788086996.676867,50,4.783067,1.110112
worker_3,643,1788086996.681665,50,4.776939,1.096192
worker_3,644,1788086996.686457,50,4.764281,1.096160
worker_3,645,1788086996.691235,50,4.769679,1.096928
worker_3,646,1788086996.696020,50,4.773096,1.099584
worker_3,647,1788086996.700808,50,4.778985,1.098656
worker_3,648,1788086996.705606,50,4.759021,1.096768
worker_3,649,1788086996.710384,50,4.772466,1.096608
worker_3,650,1788086996.715181,50,4.770957,1.095776
worker_3,651,1788086996.719970,50,4.761687,1.095744
worker_3,652,1788086996.724748,50,4.772503,1.097088
worker_3,653,1788086996.729546,50,4.754809,1.095808
worker_3,654,1788086996.734318,50,4.770929,1.096992
worker_3,655,1788086996.739104,50,4.766707,1.098528
worker_3,656,1788086996.743886,50,4.773716,1.099136
worker_3,657,1788086996.748675,50,4.768040,1.097344
worker_3,658,1788086996.753460,50,4.765790,1.096928
worker_3,659,1788086996.758242,50,4.766902,1.097824
worker_3,660,1788086996.763024,50,4.774994,1.098048
worker_3,661,1788086996.767814,50,4.774642,1.097120
worker_3,662,1788086996.772604,50,4.773957,1.097376
worker_3,663,1788086996.777393,50,4.770077,1.097824
worker_3,664,1788086996.782178,50,4.792142,1.096288
worker_3,665,1788086996.786985,50,4.773706,1.097408
worker_3,666,1788086996.791773,50,4.769068,1.096704
worker_3,667,1788086996.796557,50,4.770558,1.099296
worker_3,668,1788086996.801343,50,4.773059,1.095936
worker_3,669,1788086996.806132,50,4.801605,1.098208
worker_3,670,1788086996.810950,50,4.772170,1.098528
worker_3,671,1788086996.815737,50,4.773272,1.096256
worker_3,672,1788086996.820526,50,4.771272,1.096480
worker_3,673,1788086996.825322,50,4.762095,1.096384
worker_3,674,1788086996.830101,50,4.772531,1.096128
worker_3,675,1788086996.834893,50,4.763976,1.096960
worker_3,676,1788086996.839672,50,4.778364,1.098688
worker_3,677,1788086996.844467,50,4.773438,1.100928
worker_3,678,1788086996.849255,50,4.773300,1.097408
worker_3,679,1788086996.854043,50,4.798623,1.098016
worker_3,680,1788086996.858857,50,4.766641,1.096320
worker_3,681,1788086996.863638,50,4.770531,1.097056
worker_3,682,1788086996.868425,50,4.766679,1.095712
worker_3,683,1788086996.873207,50,4.779559,1.098432
worker_3,684,1788086996.878005,50,4.767920,1.097504
worker_3,685,1788086996.882789,50,4.771578,1.096928
worker_3,686,1788086996.887576,50,4.768549,1.096736
worker_3,687,1788086996.892361,50,4.779050,1.098496
worker_3,688,1788086996.897155,50,4.778347,1.098080
worker_3,689,1788086996.901948,50,4.774382,1.097760
worker_3,690,1788086996.906737,50,4.773049,1.097568
worker_3,691,1788086996.911525,50,4.772383,1.099072
worker_3,692,1788086996.916313,50,4.769690,1.097920
worker_3,693,1788086996.921097,50,4.766956,1.095616
worker_3,694,1788086996.925887,50,4.987885,1.097536
worker_3,695,1788086996.930926,50,4.530483,1.096672
worker_3,696,1788086996.935481,50,4.776115,1.096160
worker_3,697,1788086996.940276,50,4.959959,1.099648
worker_3,698,1788086996.945284,50,4.735781,1.096416
worker_3,699,1788086996.950065,50,4.541816,1.095712
worker_3,700,1788086996.954631,50,4.965143,1.097888
worker_3,701,1788086996.959642,50,4.554353,1.098304
worker_3,702,1788086996.964227,50,4.751531,1.098624
worker_3,703,1788086996.968997,50,4.763661,1.098208
worker_3,704,1788086996.973778,50,4.982645,1.097184
worker_3,705,1788086996.978805,50,4.535325,1.099296
worker_3,706,1788086996.983365,50,4.771568,1.095456
worker_3,707,1788086996.988153,50,4.767874,1.100288
worker_3,708,1788086996.992937,50,4.773837,1.097792
worker_3,709,1788086996.997726,50,4.771188,1.095744
worker_3,710,1788086997.002515,50,4.979523,1.096000
worker_3,711,1788086997.007542,50,4.545372,1.097536
worker_3,712,1788086997.012111,50,4.758947,1.098144
worker_3,713,1788086997.016888,50,4.782716,1.102304
worker_3,714,1788086997.021697,50,4.965680,1.096064
worker_3,715,1788086997.026711,50,4.533047,1.096992
worker_3,716,1788086997.031267,50,4.756096,1.095744
worker_3,717,1788086997.036041,50,4.766170,1.097760
worker_3,718,1788086997.040823,50,4.768613,1.097216
worker_3,719,1788086997.045608,50,4.772373,1.097792
worker_3,720,1788086997.050395,50,4.979792,1.096128
worker_3,721,1788086997.055423,50,4.541084,1.099072
worker_3,722,1788086997.059990,50,4.758939,1.100096
worker_3,723,1788086997.064767,50,4.774493,1.098816
worker_3,724,1788086997.069557,50,4.982856,1.097120
worker_3,725,1788086997.074588,50,4.535316,1.097152
worker_3,726,1788086997.079149,50,4.773753,1.096768
worker_3,727,1788086997.083941,50,4.771577,1.100000
worker_3,728,1788086997.088728,50,4.776077,1.096640
worker_3,729,1788086997.093520,50,4.771216,1.097344
worker_3,730,1788086997.098307,50,4.988070,1.096768
worker_3,731,1788086997.103343,50,4.522705,1.096032
worker_3,732,1788086997.107889,50,4.767504,1.099776
worker_3,733,1788086997.112685,50,4.756558,1.098784
worker_3,734,1788086997.117458,50,4.990153,1.096288
worker_3,735,1788086997.122495,50,4.523344,1.097696
worker_3,736,1788086997.127043,50,4.980625,1.096800
worker_3,737,1788086997.132070,50,4.542038,1.101472
worker_3,738,1788086997.136637,50,4.982597,1.096416
worker_3,739,1788086997.141668,50,4.514788,1.096576
worker_3,740,1788086997.146206,50,4.976356,1.095552
worker_3,741,1788086997.151228,50,4.531594,1.096256
worker_3,742,1788086997.155783,50,4.758244,1.096704
worker_3,743,1788086997.160559,50,4.761754,1.095392
worker_3,744,1788086997.165336,50,4.828539,1.095328
worker_3,745,1788086997.170213,50,4.685910,1.099360
worker_3,746,1788086997.174925,50,4.969079,1.098528
worker_3,747,1788086997.179941,50,4.530659,1.096192
worker_3,748,1788086997.184495,50,4.973235,1.098528
worker_3,749,1788086997.189514,50,4.531724,1.096896
worker_3,750,1788086997.194070,50,4.995459,1.100736
worker_3,751,1788086997.199111,50,4.542954,1.097824
worker_3,752,1788086997.203678,50,4.765485,1.097280
worker_3,753,1788086997.208473,50,4.755771,1.098144
worker_3,754,1788086997.213246,50,4.979162,1.098976
worker_3,755,1788086997.218271,50,4.560538,1.097696
worker_3,756,1788086997.222855,50,5.115580,1.098688
worker_3,757,1788086997.228017,50,4.538409,1.096768
worker_3,758,1788086997.232581,50,4.917820,1.097440
worker_3,759,1788086997.237545,50,4.590187,1.096704
worker_3,760,1788086997.242159,50,4.999663,1.095456
worker_3,761,1788086997.247205,50,4.523205,1.097504
worker_3,762,1788086997.251752,50,4.772521,1.099456
worker_3,763,1788086997.256543,50,4.642252,1.101280
worker_3,764,1788086997.261202,50,4.891605,1.095680
worker_3,765,1788086997.266111,50,4.772095,1.097600
worker_3,766,1788086997.270899,50,4.764753,1.097152
worker_3,767,1788086997.275679,50,4.654548,1.096896
worker_3,768,1788086997.280349,50,4.764411,1.095712
worker_3,769,1788086997.285128,50,4.785725,1.095840
worker_3,770,1788086997.289929,50,4.769152,1.096640
worker_3,771,1788086997.294714,50,4.886153,1.096064
worker_3,772,1788086997.299692,50,4.557252,1.097088
worker_3,773,1788086997.304267,50,4.770003,1.098752
worker_3,774,1788086997.309054,50,4.770133,1.097504
worker_3,775,1788086997.313840,50,4.783615,1.097920
worker_3,776,1788086997.318639,50,4.773280,1.096544
worker_3,777,1788086997.323427,50,4.767188,1.096512
worker_3,778,1788086997.328221,50,4.755865,1.096992
worker_3,779,1788086997.332992,50,4.775096,1.096896
worker_3,780,1788086997.337783,50,4.770660,1.097440
worker_3,781,1788086997.342570,50,4.975505,1.098144
worker_3,782,1788086997.347592,50,4.565845,1.096448
worker_3,783,1788086997.352182,50,4.974134,1.096352
worker_3,784,1788086997.357203,50,4.739207,1.097440
worker_3,785,1788086997.361990,50,4.764874,1.095488
worker_3,786,1788086997.366800,50,4.505807,1.097248
worker_3,787,1788086997.371332,50,4.749086,1.096096
worker_3,788,1788086997.376100,50,4.772632,1.099264
worker_3,789,1788086997.380889,50,4.778291,1.101120
worker_3,790,1788086997.385684,50,4.780484,1.097280
worker_3,791,1788086997.390481,50,4.987477,1.096800
worker_3,792,1788086997.395527,50,4.539428,1.097760
worker_3,793,1788086997.400091,50,4.771087,1.097792
worker_3,794,1788086997.404880,50,4.764364,1.096576
worker_3,795,1788086997.409661,50,4.986875,1.096640
worker_3,796,1788086997.414697,50,4.536584,1.097376
worker_3,797,1788086997.419258,50,4.785364,1.097728
worker_3,798,1788086997.424063,50,4.762236,1.096128
worker_3,799,1788086997.428842,50,4.784382,1.103520
worker_3,800,1788086997.433642,50,4.778068,1.096224
worker_3,801,1788086997.438439,50,4.759447,1.096640
worker_3,802,1788086997.443217,50,4.757930,1.096960
worker_3,803,1788086997.447992,50,4.777244,1.099776
worker_3,804,1788086997.452786,50,4.764679,1.096864
worker_3,805,1788086997.457566,50,4.772253,1.097536
worker_3,806,1788086997.462353,50,4.776476,1.096576
worker_3,807,1788086997.467146,50,4.780873,1.097760
worker_3,808,1788086997.471944,50,4.972514,1.097312
worker_3,809,1788086997.476960,50,4.565039,1.110784
worker_3,810,1788086997.481549,50,4.832781,1.097792
worker_3,811,1788086997.486414,50,5.034876,1.097088
worker_3,812,1788086997.491496,50,4.537789,1.098176
worker_3,813,1788086997.496058,50,4.766734,1.096736
worker_3,814,1788086997.500843,50,4.766068,1.097728
worker_3,815,1788086997.505625,50,4.979431,1.096352
worker_3,816,1788086997.510651,50,4.537807,1.096576
worker_3,817,1788086997.515213,50,4.787355,1.105920
worker_3,818,1788086997.520018,50,4.778162,1.096288
worker_3,819,1788086997.524812,50,4.772494,1.098304
worker_3,820,1788086997.529601,50,4.778309,1.096768
worker_3,821,1788086997.534402,50,4.961589,1.097952
worker_3,822,1788086997.539409,50,4.390936,1.095744
worker_3,823,1788086997.543822,50,4.755622,1.097792
worker_3,824,1788086997.548597,50,4.778198,1.098080
worker_3,825,1788086997.553394,50,4.759494,1.097280
worker_3,826,1788086997.558170,50,4.792716,1.096128
worker_3,827,1788086997.562978,50,4.771448,1.097792
worker_3,828,1788086997.567764,50,4.925728,1.096192
worker_3,829,1788086997.572705,50,4.623121,1.100704
worker_3,830,1788086997.577343,50,4.769530,1.096448
worker_3,831,1788086997.582142,50,4.767818,1.099136
worker_3,832,1788086997.586927,50,4.777262,1.097408
worker_3,833,1788086997.591719,50,4.772032,1.097152
worker_3,834,1788086997.596505,50,4.774808,1.099584
worker_3,835,1788086997.601295,50,4.769669,1.096768
worker_3,836,1788086997.606081,50,4.782679,1.097088
worker_3,837,1788086997.610882,50,4.769050,1.099264
worker_3,838,1788086997.615666,50,4.775725,1.096928
worker_3,839,1788086997.620458,50,4.777050,1.100736
worker_3,840,1788086997.625251,50,4.778542,1.096352
worker_3,841,1788086997.630044,50,4.791753,1.098368
worker_3,842,1788086997.634852,50,4.767939,1.096992
worker_3,843,1788086997.639635,50,4.774874,1.097984
worker_3,844,1788086997.644424,50,4.774116,1.098752
worker_3,845,1788086997.649213,50,4.987913,1.098208
worker_3,846,1788086997.654249,50,4.744383,1.097696
worker_3,847,1788086997.659039,50,4.523816,1.096800
worker_3,848,1788086997.663589,50,4.753577,1.097792
worker_3,849,1788086997.668360,50,4.774725,1.096352
worker_3,850,1788086997.673160,50,4.765679,1.096832
worker_3,851,1788086997.677942,50,4.781031,1.096832
worker_3,852,1788086997.682737,50,4.769022,1.096672
worker_3,853,1788086997.687521,50,4.770346,1.098272
worker_3,854,1788086997.692307,50,4.777023,1.100864
worker_3,855,1788086997.697099,50,4.769410,1.096512
worker_3,856,1788086997.701883,50,4.780577,1.096960
worker_3,857,1788086997.706677,50,4.774197,1.096288
worker_3,858,1788086997.711467,50,4.783929,1.098176
worker_3,859,1788086997.716265,50,4.774707,1.099264
worker_3,860,1788086997.721055,50,4.773864,1.096992
worker_3,861,1788086997.725844,50,4.912125,1.098048
worker_3,862,1788086997.730772,50,4.789948,1.097056
worker_3,863,1788086997.735577,50,4.782838,1.096160
worker_3,864,1788086997.740377,50,4.770345,1.096928
worker_3,865,1788086997.745163,50,4.789448,1.097728
worker_3,866,1788086997.749967,50,4.843550,1.097216
worker_3,867,1788086997.754858,50,4.717846,1.096800
worker_3,868,1788086997.759622,50,4.744142,1.096512
worker_3,869,1788086997.764414,50,4.536102,1.099808
worker_3,870,1788086997.768979,50,4.753142,1.097280
worker_3,871,1788086997.773751,50,4.767429,1.098944
worker_3,872,1788086997.778534,50,4.769308,1.097472
worker_3,873,1788086997.783318,50,4.791169,1.104704
worker_3,874,1788086997.788123,50,4.778753,1.100960
worker_3,875,1788086997.792917,50,4.769559,1.098272
worker_3,876,1788086997.797702,50,4.771271,1.098752
worker_3,877,1788086997.802488,50,4.776549,1.098688
worker_3,878,1788086997.807279,50,4.777596,1.098464
worker_3,879,1788086997.812072,50,4.768375,1.098752
worker_3,880,1788086997.816857,50,4.784207,1.096480
worker_3,881,1788086997.821656,50,4.768938,1.098208
worker_3,882,1788086997.826441,50,4.773467,1.097472
worker_3,883,1788086997.831229,50,4.766864,1.096544
worker_3,884,1788086997.836011,50,4.781928,1.096896
worker_3,885,1788086997.840807,50,4.775466,1.100448
worker_3,886,1788086997.845598,50,4.772956,1.097216
worker_3,887,1788086997.850386,50,4.989218,1.095200
worker_3,888,1788086997.855424,50,4.724382,1.096064
worker_3,889,1788086997.860209,50,4.523984,1.098464
worker_3,890,1788086997.864758,50,4.768280,1.101440
worker_3,891,1788086997.869545,50,4.762438,1.096320
worker_3,892,1788086997.874322,50,4.767734,1.096224
worker_3,893,1788086997.879106,50,4.771401,1.097728
worker_3,894,1788086997.883893,50,4.771921,1.097056
worker_3,895,1788086997.888679,50,4.770197,1.098112
worker_3,896,1788086997.893465,50,4.772391,1.096832
worker_3,897,1788086997.898252,50,4.765040,1.096640
worker_3,898,1788086997.903033,50,4.768327,1.097184
worker_3,899,1788086997.907816,50,4.782669,1.104608
worker_3,900,1788086997.912616,50,4.770068,1.098496
worker_3,901,1788086997.917401,50,4.769447,1.097152
worker_3,902,1788086997.922186,50,4.769707,1.097408
worker_3,903,1788086997.926971,50,4.774364,1.098528
worker_3,904,1788086997.931761,50,4.789928,1.102400
worker_3,905,1788086997.936567,50,4.771355,1.097184
worker_3,906,1788086997.941354,50,4.767660,1.097248
worker_3,907,1788086997.946136,50,4.795595,1.098848
worker_3,908,1788086997.950947,50,4.774957,1.098656
worker_3,909,1788086997.955743,50,4.763577,1.098976
worker_3,910,1788086997.960522,50,4.989320,1.098784
worker_3,911,1788086997.965561,50,4.734753,1.096544
worker_3,912,1788086997.970342,50,4.553676,1.098528
worker_3,913,1788086997.974919,50,5.116052,1.097952
worker_3,914,1788086997.980083,50,4.534761,1.097184
worker_3,915,1788086997.984641,50,4.984672,1.100000
worker_3,916,1788086997.989675,50,4.524149,1.097792
worker_3,917,1788086997.994225,50,4.883966,1.101344
worker_3,918,1788086997.999155,50,4.636687,1.097216
worker_3,919,1788086998.003817,50,4.786679,1.101728
worker_3,920,1788086998.008624,50,4.758495,1.102208
worker_3,921,1788086998.013398,50,4.994635,1.097088
worker_3,922,1788086998.018441,50,4.530992,1.096832
worker_3,923,1788086998.022998,50,4.965254,1.097920
worker_3,924,1788086998.028011,50,4.539881,1.096480
worker_3,925,1788086998.032577,50,4.976125,1.097888
worker_3,926,1788086998.037685,50,4.382620,1.096416
worker_3,927,1788086998.042096,50,4.977681,1.096704
worker_3,928,1788086998.047133,50,4.433400,1.097824
worker_3,929,1788086998.051592,50,4.751716,1.096416
worker_3,930,1788086998.056362,50,4.762892,1.096576
worker_3,931,1788086998.061141,50,4.768225,1.095840
worker_3,932,1788086998.065926,50,4.786169,1.095840
worker_3,933,1788086998.070727,50,4.979922,1.098464
worker_3,934,1788086998.075757,50,4.532260,1.097600
worker_3,935,1788086998.080314,50,4.964811,1.096832
worker_3,936,1788086998.085328,50,4.537362,1.097376
worker_3,937,1788086998.089890,50,4.960644,1.096672
worker_3,938,1788086998.094898,50,4.536316,1.096096
worker_3,939,1788086998.099459,50,4.760716,1.097120
worker_3,940,1788086998.104238,50,4.762707,1.096288
worker_3,941,1788086998.109016,50,4.781383,1.097696
worker_3,942,1788086998.113814,50,4.770874,1.097824
worker_3,943,1788086998.118600,50,4.985218,1.096704
worker_3,944,1788086998.123636,50,4.532066,1.096672
worker_3,945,1788086998.128191,50,4.766364,1.097600
worker_3,946,1788086998.132976,50,4.791568,1.099840
worker_3,947,1788086998.137784,50,4.979496,1.096512
worker_3,948,1788086998.142827,50,4.528232,1.098304
worker_3,949,1788086998.147382,50,4.749345,1.095968
worker_3,950,1788086998.152149,50,4.773521,1.099456
worker_3,951,1788086998.156939,50,4.764355,1.096704
worker_3,952,1788086998.161718,50,4.779226,1.096512
worker_3,953,1788086998.166513,50,4.983699,1.098208
worker_3,954,1788086998.171546,50,4.540408,1.096224
worker_3,955,1788086998.176111,50,4.751401,1.095808
worker_3,956,1788086998.180882,50,4.779467,1.103968
worker_3,957,1788086998.185677,50,4.770179,1.096224
worker_3,958,1788086998.190464,50,4.766568,1.096384
worker_3,959,1788086998.195246,50,5.003746,1.097600
worker_3,960,1788086998.200300,50,4.523140,1.097920
worker_3,961,1788086998.204847,50,4.959329,1.096032
worker_3,962,1788086998.209855,50,4.539669,1.097376
worker_3,963,1788086998.214419,50,4.966403,1.097632
worker_3,964,1788086998.219432,50,4.540261,1.098624
worker_3,965,1788086998.223995,50,4.759568,1.098752
worker_3,966,1788086998.228773,50,4.777486,1.098560
worker_3,967,1788086998.233574,50,4.969180,1.095744
worker_3,968,1788086998.238591,50,4.538075,1.098240
worker_3,969,1788086998.243155,50,4.768522,1.096512
worker_3,970,1788086998.247943,50,4.771975,1.101536
worker_3,971,1788086998.252731,50,4.770095,1.098752
worker_3,972,1788086998.257517,50,4.770605,1.097664
worker_3,973,1788086998.262305,50,4.982023,1.097216
worker_3,974,1788086998.267336,50,4.535917,1.097088
worker_3,975,1788086998.271896,50,4.768346,1.100064
worker_3,976,1788086998.276682,50,4.769764,1.098272
worker_3,977,1788086998.281469,50,4.772494,1.099392
worker_3,978,1788086998.286258,50,4.768078,1.097280
worker_3,979,1788086998.291042,50,4.771309,1.097472
worker_3,980,1788086998.295828,50,4.775661,1.100192
worker_3,981,1788086998.300620,50,4.777401,1.098528
worker_3,982,1788086998.305412,50,4.775503,1.096160
worker_3,983,1788086998.310206,50,4.767449,1.097184
worker_3,984,1788086998.314990,50,4.774429,1.097984
worker_3,985,1788086998.319778,50,4.769799,1.098624
worker_3,986,1788086998.324564,50,4.782392,1.108896
worker_3,987,1788086998.329374,50,4.757707,1.097760
worker_3,988,1788086998.334147,50,4.772419,1.097472
worker_3,989,1788086998.338934,50,4.770513,1.097824
worker_3,990,1788086998.343721,50,4.780123,1.101248
worker_3,991,1788086998.348516,50,4.775836,1.097760
worker_3,992,1788086998.353307,50,4.773272,1.098432
worker_3,993,1788086998.358096,50,4.771013,1.096736
worker_3,994,1788086998.362880,50,4.771495,1.096768
worker_3,995,1788086998.367667,50,4.768660,1.097536
worker_3,996,1788086998.372452,50,4.981950,1.096192
worker_3,997,1788086998.377483,50,4.735920,1.096960
worker_3,998,1788086998.382266,50,4.735029,1.095616
worker_3,999,1788086998.387046,50,4.538371,1.096896
worker_3,1000,1788086998.391608,50,4.758420,1.096864
worker_3,1001,1788086998.396384,50,4.770494,1.101024
worker_3,1002,1788086998.401174,50,4.984413,1.096576
worker_3,1003,1788086998.406206,50,4.532482,1.098048
worker_3,1004,1788086998.410764,50,4.967023,1.096480
worker_3,1005,1788086998.415776,50,4.546566,1.100800
worker_3,1006,1788086998.420359,50,4.970227,1.097696
worker_3,1007,1788086998.425377,50,4.538890,1.096416
worker_3,1008,1788086998.429941,50,4.974894,1.097504
worker_3,1009,1788086998.434963,50,4.525381,1.096128
worker_3,1010,1788086998.439514,50,4.753197,1.096704
worker_3,1011,1788086998.444285,50,4.768809,1.098368
worker_3,1012,1788086998.449069,50,4.989310,1.097920
worker_3,1013,1788086998.454106,50,4.534269,1.096992
worker_3,1014,1788086998.458666,50,4.966570,1.095456
worker_3,1015,1788086998.463679,50,4.552410,1.096448
worker_3,1016,1788086998.468256,50,4.963246,1.097824
worker_3,1017,1788086998.473266,50,4.535011,1.096416
worker_3,1018,1788086998.477828,50,5.136302,1.096960
worker_3,1019,1788086998.483013,50,4.368870,1.097344
worker_3,1020,1788086998.487408,50,4.755493,1.097984
worker_3,1021,1788086998.492181,50,4.768901,1.098240
worker_3,1022,1788086998.496966,50,4.797735,1.099840
worker_3,1023,1788086998.501780,50,4.768771,1.096448
worker_3,1024,1788086998.506565,50,4.976107,1.096192
worker_3,1025,1788086998.511590,50,4.535048,1.097152
worker_3,1026,1788086998.516155,50,4.785049,1.101280
worker_3,1027,1788086998.520958,50,4.762512,1.096608
worker_3,1028,1788086998.525737,50,4.976912,1.096128
worker_3,1029,1788086998.530763,50,4.540176,1.096256
worker_3,1030,1788086998.535328,50,4.770410,1.097440
worker_3,1031,1788086998.540117,50,4.767049,1.096640
worker_3,1032,1788086998.544900,50,4.773642,1.102912
worker_3,1033,1788086998.549689,50,4.764938,1.096832
worker_3,1034,1788086998.554471,50,4.770642,1.097824
worker_3,1035,1788086998.559258,50,5.024876,1.098816
worker_3,1036,1788086998.564332,50,4.673872,1.100640
worker_3,1037,1788086998.569029,50,4.982811,1.097440
worker_3,1038,1788086998.574059,50,4.363954,1.098336
worker_3,1039,1788086998.578448,50,4.959134,1.096960
worker_3,1040,1788086998.583456,50,4.535306,1.096288
worker_3,1041,1788086998.588017,50,4.757160,1.098560
worker_3,1042,1788086998.592793,50,4.770022,1.096352
worker_3,1043,1788086998.597579,50,4.978181,1.096000
worker_3,1044,1788086998.602605,50,4.540964,1.097792
worker_3,1045,1788086998.607179,50,4.758281,1.097792
worker_3,1046,1788086998.611955,50,4.765540,1.098240
worker_3,1047,1788086998.616737,50,4.770901,1.098176
worker_3,1048,1788086998.621523,50,4.774206,1.099424
worker_3,1049,1788086998.626313,50,4.988440,1.097312
worker_3,1050,1788086998.631350,50,4.532723,1.096192
worker_3,1051,1788086998.635909,50,4.754855,1.096800
worker_3,1052,1788086998.640683,50,4.765883,1.097536
worker_3,1053,1788086998.645465,50,4.775866,1.096096
worker_3,1054,1788086998.650259,50,4.768836,1.096064
worker_3,1055,1788086998.655043,50,4.767142,1.096544
worker_3,1056,1788086998.659827,50,4.776217,1.101664
worker_3,1057,1788086998.664618,50,4.771429,1.097440
worker_3,1058,1788086998.669405,50,4.776013,1.099584
worker_3,1059,1788086998.674196,50,4.766503,1.096128
worker_3,1060,1788086998.678978,50,4.988829,1.099904
worker_3,1061,1788086998.684015,50,4.530723,1.096448
worker_3,1062,1788086998.688571,50,4.758781,1.097600
worker_3,1063,1788086998.693347,50,4.980709,1.096096
worker_3,1064,1788086998.698375,50,4.548585,1.097824
worker_3,1065,1788086998.702960,50,4.956561,1.097056
worker_3,1066,1788086998.707964,50,4.532983,1.098240
worker_3,1067,1788086998.712521,50,4.966394,1.096096
worker_3,1068,1788086998.717534,50,4.542927,1.098368
worker_3,1069,1788086998.722101,50,5.141330,1.097920
worker_3,1070,1788086998.727288,50,4.513464,1.096448
worker_3,1071,1788086998.731827,50,4.617882,1.096544
worker_3,1072,1788086998.736463,50,4.835198,1.095712
worker_3,1073,1788086998.741316,50,5.082366,1.097888
worker_3,1074,1788086998.746447,50,4.528492,1.098880
worker_3,1075,1788086998.750999,50,4.813272,1.096384
worker_3,1076,1788086998.755857,50,4.541149,1.096320
worker_3,1077,1788086998.760423,50,4.756143,1.098560
worker_3,1078,1788086998.765198,50,4.765420,1.096064
worker_3,1079,1788086998.770053,50,4.737022,1.109536
worker_3,1080,1788086998.774812,50,4.764041,1.097568
worker_3,1081,1788086998.779594,50,4.773327,1.097760
worker_3,1082,1788086998.784384,50,4.761725,1.097600
worker_3,1083,1788086998.789160,50,4.766725,1.097792
worker_3,1084,1788086998.793952,50,4.765660,1.097184
worker_3,1085,1788086998.798733,50,4.766059,1.096768
worker_3,1086,1788086998.803514,50,4.772550,1.097312
worker_3,1087,1788086998.808303,50,4.777540,1.098624
worker_3,1088,1788086998.813096,50,4.978487,1.096352
worker_3,1089,1788086998.818125,50,4.529890,1.098656
worker_3,1090,1788086998.822680,50,4.972617,1.102656
worker_3,1091,1788086998.827700,50,4.539140,1.097056
worker_3,1092,1788086998.832264,50,4.954263,1.096288
worker_3,1093,1788086998.837264,50,4.548658,1.098464
worker_3,1094,1788086998.841838,50,4.969533,1.096928
worker_3,1095,1788086998.846858,50,4.539345,1.096288
worker_3,1096,1788086998.851424,50,4.752698,1.098048
worker_3,1097,1788086998.856195,50,4.770253,1.098144
worker_3,1098,1788086998.860982,50,4.767623,1.098816
worker_3,1099,1788086998.865766,50,4.770447,1.098336
worker_3,1100,1788086998.870551,50,4.990338,1.097312
worker_3,1101,1788086998.875590,50,4.531455,1.098368
worker_3,1102,1788086998.880147,50,4.758984,1.097344
worker_3,1103,1788086998.884924,50,4.780929,1.100768
worker_3,1104,1788086998.889735,50,4.965736,1.096128
worker_3,1105,1788086998.894750,50,4.539409,1.098208
worker_3,1106,1788086998.899315,50,4.758799,1.098240
worker_3,1107,1788086998.904092,50,4.773243,1.097728
worker_3,1108,1788086998.908881,50,4.782262,1.103296
worker_3,1109,1788086998.913680,50,4.770550,1.097280
worker_3,1110,1788086998.918466,50,4.827160,1.096320
worker_3,1111,1788086998.923344,50,4.677622,1.096640
worker_3,1112,1788086998.928047,50,4.756336,1.100768
worker_3,1113,1788086998.932820,50,4.771957,1.099072
worker_3,1114,1788086998.937608,50,4.972774,1.095968
worker_3,1115,1788086998.942631,50,4.533724,1.096032
worker_3,1116,1788086998.947189,50,4.767985,1.096320
worker_3,1117,1788086998.951975,50,4.769087,1.096800
worker_3,1118,1788086998.956760,50,4.772142,1.098624
worker_3,1119,1788086998.961549,50,4.769447,1.098112
worker_3,1120,1788086998.966334,50,4.776958,1.096544
worker_3,1121,1788086998.971127,50,4.769791,1.096864
worker_3,1122,1788086998.975911,50,4.773050,1.098144
worker_3,1123,1788086998.980712,50,4.759022,1.097568
worker_3,1124,1788086998.985487,50,4.769013,1.097056
worker_3,1125,1788086998.990270,50,4.769919,1.096576
worker_3,1126,1788086998.995055,50,4.769855,1.096096
worker_3,1127,1788086998.999840,50,4.782512,1.101600
worker_3,1128,1788086999.004638,50,4.769642,1.098368
worker_3,1129,1788086999.009422,50,4.774059,1.096640
worker_3,1130,1788086999.014211,50,4.771716,1.096704
worker_3,1131,1788086999.019000,50,4.780161,1.097856
worker_3,1132,1788086999.023795,50,4.774466,1.099616
worker_3,1133,1788086999.028586,50,4.774892,1.098560
worker_3,1134,1788086999.033376,50,4.774717,1.095488
worker_3,1135,1788086999.038167,50,4.765077,1.097152
worker_3,1136,1788086999.042947,50,4.768188,1.095776
worker_3,1137,1788086999.047730,50,4.771161,1.096608
worker_3,1138,1788086999.052517,50,4.779476,1.098688
worker_3,1139,1788086999.057314,50,4.758771,1.095808
worker_3,1140,1788086999.062090,50,4.778345,1.096608
worker_3,1141,1788086999.066884,50,4.770391,1.098848
worker_3,1142,1788086999.071671,50,4.774725,1.096640
worker_3,1143,1788086999.076470,50,4.764290,1.098272
worker_3,1144,1788086999.081251,50,4.768383,1.097600
worker_3,1145,1788086999.086034,50,4.799541,1.096064
worker_3,1146,1788086999.090848,50,4.780679,1.097344
worker_3,1147,1788086999.095645,50,4.765226,1.096416
worker_3,1148,1788086999.100428,50,4.766310,1.095744
worker_3,1149,1788086999.105209,50,4.778744,1.097824
worker_3,1150,1788086999.110003,50,4.775651,1.096704
worker_3,1151,1788086999.114793,50,4.980847,1.096768
worker_3,1152,1788086999.119823,50,4.529890,1.096448
worker_3,1153,1788086999.124377,50,4.974810,1.104416
worker_3,1154,1788086999.129398,50,4.537417,1.095744
worker_3,1155,1788086999.133962,50,4.766429,1.096288
worker_3,1156,1788086999.138747,50,4.975570,1.096736
worker_3,1157,1788086999.143771,50,4.536705,1.097696
worker_3,1158,1788086999.148334,50,4.975097,1.101408
worker_3,1159,1788086999.153358,50,4.524640,1.097376
worker_3,1160,1788086999.157907,50,4.963153,1.096384
worker_3,1161,1788086999.162919,50,4.533454,1.097344
worker_3,1162,1788086999.167490,50,4.759873,1.096672
worker_3,1163,1788086999.172269,50,4.757466,1.098016
worker_3,1164,1788086999.177043,50,4.763669,1.097312
worker_3,1165,1788086999.181823,50,4.771697,1.096256
worker_3,1166,1788086999.186610,50,4.769438,1.097504
worker_3,1167,1788086999.191395,50,4.787883,1.097792
worker_3,1168,1788086999.196198,50,4.777069,1.103936
worker_3,1169,1788086999.200991,50,4.770568,1.098784
worker_3,1170,1788086999.205777,50,4.771827,1.096256
worker_3,1171,1788086999.210565,50,4.769030,1.095520
worker_3,1172,1788086999.215349,50,4.779106,1.098560
worker_3,1173,1788086999.220144,50,4.844022,1.104352
worker_3,1174,1788086999.225003,50,4.848780,1.096448
worker_3,1175,1788086999.229867,50,4.744085,1.098016
worker_3,1176,1788086999.234625,50,4.803512,1.097216
worker_3,1177,1788086999.239444,50,4.779299,1.096160
worker_3,1178,1788086999.244238,50,4.770225,1.096704
worker_3,1179,1788086999.249023,50,4.787179,1.102816
worker_3,1180,1788086999.253827,50,4.775577,1.096416
worker_3,1181,1788086999.258617,50,4.713512,1.097440
worker_3,1182,1788086999.263354,50,4.824069,1.098048
worker_3,1183,1788086999.268193,50,4.783401,1.100928
worker_3,1184,1788086999.272991,50,4.768152,1.096576
worker_3,1185,1788086999.277775,50,4.894716,1.097792
worker_3,1186,1788086999.282717,50,4.839439,1.096640
worker_3,1187,1788086999.287606,50,4.532622,1.096800
worker_3,1188,1788086999.292161,50,4.885069,1.096800
worker_3,1189,1788086999.297095,50,4.817745,1.099584
worker_3,1190,1788086999.301962,50,4.410074,1.095840
worker_3,1191,1788086999.306397,50,4.733086,1.098240
worker_3,1192,1788086999.311149,50,4.784189,1.097568
worker_3,1193,1788086999.315950,50,4.769892,1.100320
worker_3,1194,1788086999.320738,50,4.767151,1.098656
worker_3,1195,1788086999.325521,50,4.770170,1.096256
worker_3,1196,1788086999.330307,50,4.769262,1.095744
worker_3,1197,1788086999.335091,50,4.777790,1.098176
worker_3,1198,1788086999.339887,50,4.771836,1.100160
worker_3,1199,1788086999.344675,50,4.764050,1.098752
worker_3,1200,1788086999.349455,50,4.774956,1.097824
worker_3,1201,1788086999.354257,50,4.758763,1.098144
worker_3,1202,1788086999.359032,50,4.772438,1.096224
worker_3,1203,1788086999.363821,50,4.944023,1.100224
worker_3,1204,1788086999.368781,50,4.769910,1.097312
worker_3,1205,1788086999.373566,50,4.660910,1.096160
worker_3,1206,1788086999.378241,50,4.875383,1.096160
worker_3,1207,1788086999.383133,50,4.778169,1.097152
worker_3,1208,1788086999.387927,50,4.888040,1.098368
worker_3,1209,1788086999.392859,50,4.694502,1.104608
worker_3,1210,1788086999.397602,50,4.743558,1.096512
worker_3,1211,1788086999.402393,50,4.533603,1.097792
worker_3,1212,1788086999.406950,50,4.963541,1.096128
worker_3,1213,1788086999.411961,50,4.536927,1.097440
worker_3,1214,1788086999.416525,50,4.962366,1.096704
worker_3,1215,1788086999.421536,50,4.538705,1.097408
worker_3,1216,1788086999.426099,50,4.960310,1.095392
worker_3,1217,1788086999.431106,50,4.546520,1.097248
worker_3,1218,1788086999.435678,50,4.755669,1.096224
worker_3,1219,1788086999.440452,50,4.763170,1.096416
worker_3,1220,1788086999.445232,50,4.774392,1.097728
worker_3,1221,1788086999.450028,50,4.761271,1.097728
worker_3,1222,1788086999.454804,50,5.005588,1.098784
worker_3,1223,1788086999.459857,50,4.515455,1.098560
worker_3,1224,1788086999.464397,50,4.972690,1.097376
worker_3,1225,1788086999.469417,50,4.535242,1.098624
worker_3,1226,1788086999.473977,50,4.983450,1.095840
worker_3,1227,1788086999.479009,50,4.521816,1.100224
worker_3,1228,1788086999.483556,50,4.913847,1.097856
worker_3,1229,1788086999.488488,50,4.771366,1.096128
worker_3,1230,1788086999.493353,50,4.897218,1.098272
worker_3,1231,1788086999.498299,50,4.549964,1.098912
worker_3,1232,1788086999.502875,50,4.979542,1.097280
worker_3,1233,1788086999.507899,50,4.536084,1.096864
worker_3,1234,1788086999.512460,50,4.980968,1.097984
worker_3,1235,1788086999.517488,50,4.534955,1.097120
worker_3,1236,1788086999.522046,50,4.985515,1.098720
worker_3,1237,1788086999.527079,50,4.536438,1.097952
worker_3,1238,1788086999.531642,50,4.771161,1.096576
worker_3,1239,1788086999.536431,50,4.713549,1.096064
worker_3,1240,1788086999.541173,50,4.845355,1.096896
worker_3,1241,1788086999.546069,50,4.534835,1.096096
worker_3,1242,1788086999.550630,50,4.959950,1.097280
worker_3,1243,1788086999.555637,50,4.541641,1.099424
worker_3,1244,1788086999.560203,50,4.756615,1.097216
worker_3,1245,1788086999.564978,50,4.773318,1.098112
worker_3,1246,1788086999.569769,50,4.763938,1.095776
worker_3,1247,1788086999.574549,50,4.768540,1.096320
worker_3,1248,1788086999.579333,50,4.995088,1.096416
worker_3,1249,1788086999.584378,50,4.511927,1.097088
worker_3,1250,1788086999.588913,50,4.978041,1.104192
worker_3,1251,1788086999.593940,50,4.535621,1.096544
worker_3,1252,1788086999.598502,50,4.970033,1.097376
worker_3,1253,1788086999.603519,50,4.543380,1.097408
worker_3,1254,1788086999.608088,50,4.762198,1.098592
worker_3,1255,1788086999.612868,50,4.918301,1.096768
worker_3,1256,1788086999.617802,50,4.980866,1.097856
worker_3,1257,1788086999.622831,50,4.387629,1.096640
worker_3,1258,1788086999.627245,50,4.752031,1.096384
worker_3,1259,1788086999.632015,50,4.769253,1.099840
worker_3,1260,1788086999.636812,50,4.758539,1.096384
worker_3,1261,1788086999.641587,50,4.773003,1.098464
worker_3,1262,1788086999.646378,50,5.140951,1.096480
worker_3,1263,1788086999.651566,50,4.540186,1.096512
worker_3,1264,1788086999.656130,50,4.654298,1.103040
worker_3,1265,1788086999.660802,50,4.907727,1.096512
worker_3,1266,1788086999.665726,50,4.827124,1.097888
worker_3,1267,1788086999.670602,50,4.640030,1.097120
worker_3,1268,1788086999.675269,50,4.758475,1.097344
worker_3,1269,1788086999.680046,50,4.727882,1.096000
worker_3,1270,1788086999.684792,50,4.665123,1.100192
worker_3,1271,1788086999.689473,50,4.762125,1.096320
worker_3,1272,1788086999.694251,50,4.772161,1.097472
worker_3,1273,1788086999.699038,50,4.779290,1.097408
worker_3,1274,1788086999.703831,50,4.783114,1.101696
worker_3,1275,1788086999.708630,50,4.769661,1.098016
worker_3,1276,1788086999.713414,50,4.813512,1.096768
worker_3,1277,1788086999.718265,50,4.745401,1.095808
worker_3,1278,1788086999.723046,50,4.745910,1.095904
worker_3,1279,1788086999.727837,50,4.749726,1.101056
worker_3,1280,1788086999.732624,50,4.749597,1.096000
worker_3,1281,1788086999.737409,50,4.790929,1.098304
worker_3,1282,1788086999.742240,50,4.857875,1.095584
worker_3,1283,1788086999.747137,50,4.548343,1.097824
worker_3,1284,1788086999.751707,50,4.961088,1.096736
worker_3,1285,1788086999.756710,50,4.756355,1.096512
worker_3,1286,1788086999.761510,50,4.744874,1.097760
worker_3,1287,1788086999.766300,50,4.788142,1.097088
worker_3,1288,1788086999.771134,50,4.538150,1.098048
worker_3,1289,1788086999.775695,50,4.763957,1.096224
worker_3,1290,1788086999.780478,50,4.763707,1.100256
worker_3,1291,1788086999.785264,50,4.912273,1.097824
worker_3,1292,1788086999.790198,50,4.656057,1.097312
worker_3,1293,1788086999.794871,50,4.895939,1.097472
worker_3,1294,1788086999.799784,50,4.778291,1.103712
worker_3,1295,1788086999.804578,50,4.632733,1.096512
worker_3,1296,1788086999.809226,50,4.770632,1.096288
worker_3,1297,1788086999.814012,50,4.763836,1.096192
worker_3,1298,1788086999.818792,50,4.768615,1.095936
worker_3,1299,1788086999.823588,50,4.760392,1.097824
worker_3,1300,1788086999.828366,50,4.768632,1.100448
worker_3,1301,1788086999.833149,50,4.765457,1.096768
worker_3,1302,1788086999.837930,50,4.785819,1.096288
worker_3,1303,1788086999.842731,50,4.768031,1.096640
worker_3,1304,1788086999.847514,50,4.982255,1.097696
worker_3,1305,1788086999.852547,50,4.532972,1.100128
worker_3,1306,1788086999.857106,50,4.959754,1.096096
worker_3,1307,1788086999.862115,50,4.524797,1.096288
worker_3,1308,1788086999.866664,50,4.970144,1.097312
worker_3,1309,1788086999.871682,50,4.551936,1.097184
worker_3,1310,1788086999.876259,50,4.957459,1.097152
worker_3,1311,1788086999.881264,50,4.540584,1.097184
worker_3,1312,1788086999.885830,50,4.976940,1.097504
worker_3,1313,1788086999.890854,50,4.533798,1.096416
worker_3,1314,1788086999.895411,50,4.759170,1.098816
worker_3,1315,1788086999.900187,50,4.768040,1.099072
worker_3,1316,1788086999.904971,50,4.795856,1.097184
worker_3,1317,1788086999.909782,50,4.769049,1.096224
worker_3,1318,1788086999.914571,50,4.981487,1.096864
worker_3,1319,1788086999.919602,50,4.562122,1.096480
worker_3,1320,1788086999.924191,50,4.753559,1.095648
worker_3,1321,1788086999.928964,50,4.761475,1.097792
worker_3,1322,1788086999.933744,50,4.977587,1.096512
worker_3,1323,1788086999.938771,50,4.534047,1.096512
worker_3,1324,1788086999.943329,50,4.756123,1.096448
worker_3,1325,1788086999.948104,50,4.766169,1.098016
worker_3,1326,1788086999.952887,50,4.781522,1.100320
worker_3,1327,1788086999.957684,50,4.775419,1.098624
worker_3,1328,1788086999.962475,50,4.767660,1.095712
worker_3,1329,1788086999.967257,50,5.018783,1.098656
worker_3,1330,1788086999.972327,50,4.519186,1.097216
worker_3,1331,1788086999.976870,50,4.963291,1.096224
worker_3,1332,1788086999.981881,50,4.540473,1.097344
worker_3,1333,1788086999.986447,50,4.959153,1.096608
worker_3,1334,1788086999.991453,50,4.562631,1.096704
worker_3,1335,1788086999.996040,50,4.773041,1.098112
worker_3,1336,1788087000.000831,50,4.901449,1.097728
worker_3,1337,1788087000.005749,50,4.868828,1.095296
worker_3,1338,1788087000.010678,50,4.632512,1.097312
worker_3,1339,1788087000.015336,50,4.620946,1.097184
worker_3,1340,1788087000.019975,50,4.923561,1.096640
worker_3,1341,1788087000.024915,50,4.633446,1.105664
worker_3,1342,1788087000.029565,50,4.923940,1.096128
worker_3,1343,1788087000.034504,50,4.993274,1.097024
worker_3,1344,1788087000.039546,50,4.524168,1.096160
worker_3,1345,1788087000.044095,50,4.758059,1.098240
worker_3,1346,1788087000.048872,50,4.624928,1.099840
worker_3,1347,1788087000.053514,50,4.977088,1.096512
worker_3,1348,1788087000.058538,50,4.538020,1.097280
worker_3,1349,1788087000.063101,50,4.965736,1.096768
worker_3,1350,1788087000.068113,50,4.547382,1.104064
worker_3,1351,1788087000.072685,50,4.754031,1.097632
worker_3,1352,1788087000.077457,50,4.766725,1.096032
worker_3,1353,1788087000.082240,50,4.980468,1.097664
worker_3,1354,1788087000.087268,50,4.534650,1.097024
worker_3,1355,1788087000.091827,50,4.774855,1.108960
worker_3,1356,1788087000.096620,50,4.764216,1.097088
worker_3,1357,1788087000.101412,50,4.970051,1.096064
worker_3,1358,1788087000.106433,50,4.528186,1.096320
worker_3,1359,1788087000.110986,50,4.974191,1.097184
worker_3,1360,1788087000.116008,50,4.689216,1.101920
worker_3,1361,1788087000.120723,50,4.970384,1.097408
worker_3,1362,1788087000.125740,50,4.425686,1.097216
worker_3,1363,1788087000.130189,50,5.076931,1.096320
worker_3,1364,1788087000.135313,50,4.540973,1.096160
worker_3,1365,1788087000.139879,50,4.662456,1.096576
worker_3,1366,1788087000.144559,50,4.865097,1.100128
worker_3,1367,1788087000.149440,50,4.833384,1.096608
worker_3,1368,1788087000.154322,50,4.536585,1.097056
worker_3,1369,1788087000.158883,50,4.965737,1.098496
worker_3,1370,1788087000.163896,50,4.558789,1.104864
worker_3,1371,1788087000.168480,50,4.973264,1.097696
worker_3,1372,1788087000.173501,50,4.537538,1.099040
worker_3,1373,1788087000.178062,50,4.960357,1.096096
worker_3,1374,1788087000.183070,50,4.537261,1.097376
worker_3,1375,1788087000.187632,50,4.760078,1.098688
worker_3,1376,1788087000.192410,50,4.769253,1.099840
worker_3,1377,1788087000.197208,50,4.755873,1.097760
worker_3,1378,1788087000.201981,50,4.766818,1.096992
worker_3,1379,1788087000.206764,50,4.984792,1.096512
worker_3,1380,1788087000.211796,50,4.529316,1.097824
worker_3,1381,1788087000.216421,50,4.894440,1.097248
worker_3,1382,1788087000.221363,50,4.533288,1.097568
worker_3,1383,1788087000.225921,50,4.973320,1.097728
worker_3,1384,1788087000.230943,50,4.534955,1.096736
worker_3,1385,1788087000.235502,50,4.766003,1.098784
worker_3,1386,1788087000.240285,50,4.767615,1.096384
worker_3,1387,1788087000.245070,50,5.137081,1.096896
worker_3,1388,1788087000.250255,50,4.531112,1.095712
worker_3,1389,1788087000.254812,50,4.963506,1.096128
worker_3,1390,1788087000.259823,50,4.547631,1.099232
worker_3,1391,1788087000.264395,50,4.845559,1.099136
worker_3,1392,1788087000.269290,50,4.657141,1.095392
worker_3,1393,1788087000.273973,50,4.931172,1.095776
worker_3,1394,1788087000.278953,50,4.574428,1.095744
worker_3,1395,1788087000.283551,50,4.765549,1.098432
worker_3,1396,1788087000.288347,50,4.770077,1.100160
worker_3,1397,1788087000.293133,50,4.841568,1.097824
worker_3,1398,1788087000.298022,50,4.529445,1.096160
worker_3,1399,1788087000.302576,50,4.967302,1.096928
worker_3,1400,1788087000.307590,50,4.549149,1.098208
worker_3,1401,1788087000.312165,50,4.761818,1.097696
worker_3,1402,1788087000.316944,50,4.767299,1.096416
worker_3,1403,1788087000.321729,50,4.764151,1.096512
worker_3,1404,1788087000.326511,50,4.775708,1.098400
worker_3,1405,1788087000.331304,50,4.767466,1.097248
worker_3,1406,1788087000.336086,50,4.779354,1.097504
worker_3,1407,1788087000.340882,50,4.781106,1.102400
worker_3,1408,1788087000.345679,50,4.776568,1.096992
worker_3,1409,1788087000.350471,50,4.771791,1.096288
worker_3,1410,1788087000.355258,50,4.768652,1.098016
worker_3,1411,1788087000.360042,50,4.767994,1.096352
worker_3,1412,1788087000.364825,50,4.805558,1.114176
worker_3,1413,1788087000.369649,50,4.769809,1.099040
worker_3,1414,1788087000.374434,50,4.771050,1.098528
worker_3,1415,1788087000.379220,50,4.767901,1.095776
worker_3,1416,1788087000.384008,50,4.770770,1.095712
worker_3,1417,1788087000.388793,50,4.780799,1.096736
worker_3,1418,1788087000.393589,50,4.912014,1.097760
worker_3,1419,1788087000.398516,50,4.767827,1.096064
worker_3,1420,1788087000.403300,50,4.772513,1.096896
worker_3,1421,1788087000.408089,50,4.786503,1.098944
worker_3,1422,1788087000.412891,50,4.971700,1.096384
worker_3,1423,1788087000.417914,50,4.745383,1.096416
worker_3,1424,1788087000.422704,50,4.588789,1.098400
worker_3,1425,1788087000.427341,50,4.528177,1.096096
worker_3,1426,1788087000.431892,50,4.972126,1.102112
worker_3,1427,1788087000.436911,50,4.536354,1.100736
worker_3,1428,1788087000.441473,50,4.817393,1.095680
worker_3,1429,1788087000.446339,50,4.676817,1.096576
worker_3,1430,1788087000.451041,50,4.964615,1.096384
worker_3,1431,1788087000.456055,50,4.541909,1.096544
worker_3,1432,1788087000.460621,50,4.966412,1.096576
worker_3,1433,1788087000.465636,50,4.532464,1.096896
worker_3,1434,1788087000.470193,50,4.984329,1.101600
worker_3,1435,1788087000.475239,50,4.519936,1.097152
worker_3,1436,1788087000.479783,50,4.907579,1.099232
worker_3,1437,1788087000.484709,50,4.620215,1.100832
worker_3,1438,1788087000.489346,50,4.981792,1.097568
worker_3,1439,1788087000.494378,50,4.531001,1.098112
worker_3,1440,1788087000.498933,50,4.964172,1.095392
worker_3,1441,1788087000.503946,50,4.536899,1.096000
worker_3,1442,1788087000.508507,50,4.966949,1.096768
worker_3,1443,1788087000.513521,50,4.530427,1.097056
worker_3,1444,1788087000.518076,50,4.987383,1.100736
worker_3,1445,1788087000.523112,50,4.530029,1.096384
worker_3,1446,1788087000.527667,50,4.758763,1.096512
worker_3,1447,1788087000.532445,50,4.768059,1.100448
worker_3,1448,1788087000.537228,50,4.998486,1.095616
worker_3,1449,1788087000.542277,50,4.531733,1.097312
worker_3,1450,1788087000.546833,50,4.966810,1.096032
worker_3,1451,1788087000.551845,50,4.536575,1.097024
worker_3,1452,1788087000.556406,50,4.966172,1.096768
worker_3,1453,1788087000.561419,50,4.534204,1.097280
worker_3,1454,1788087000.565978,50,4.814253,1.097440
worker_3,1455,1788087000.570855,50,4.671918,1.098752
worker_3,1456,1788087000.575552,50,4.765763,1.099008
worker_3,1457,1788087000.580338,50,4.762105,1.096608
worker_3,1458,1788087000.585117,50,4.776475,1.098784
worker_3,1459,1788087000.589910,50,4.996625,1.096640
worker_3,1460,1788087000.594955,50,4.518946,1.096736
worker_3,1461,1788087000.599499,50,4.769448,1.099456
worker_3,1462,1788087000.604286,50,4.772605,1.098144
worker_3,1463,1788087000.609075,50,4.991422,1.096640
worker_3,1464,1788087000.614115,50,4.526048,1.097632
worker_3,1465,1788087000.618665,50,5.121321,1.096576
worker_3,1466,1788087000.623832,50,4.540863,1.098080
worker_3,1467,1788087000.628397,50,4.963653,1.098144
worker_3,1468,1788087000.633407,50,4.544593,1.095744
worker_3,1469,1788087000.637977,50,4.961356,1.096096
worker_3,1470,1788087000.642987,50,4.536195,1.096736
worker_3,1471,1788087000.647547,50,4.711169,1.098208
worker_3,1472,1788087000.652277,50,4.707743,1.101024
worker_3,1473,1788087000.657002,50,5.092626,1.096480
worker_3,1474,1788087000.662156,50,4.529788,1.099008
worker_3,1475,1788087000.666711,50,4.829782,1.098176
worker_3,1476,1788087000.671588,50,4.563021,1.096608
worker_3,1477,1788087000.676176,50,4.763419,1.096320
worker_3,1478,1788087000.680957,50,4.724123,1.099008
worker_3,1479,1788087000.685697,50,5.027690,1.098400
worker_3,1480,1788087000.690772,50,4.628446,1.098112
worker_3,1481,1788087000.695426,50,4.631002,1.096544
worker_3,1482,1788087000.700075,50,4.768345,1.097856
worker_3,1483,1788087000.704859,50,4.786541,1.096960
worker_3,1484,1788087000.709662,50,4.773253,1.098368
worker_3,1485,1788087000.714450,50,4.772550,1.097792
worker_3,1486,1788087000.719238,50,5.002765,1.098944
worker_3,1487,1788087000.724290,50,4.512909,1.096896
worker_3,1488,1788087000.728826,50,4.773512,1.097088
worker_3,1489,1788087000.733620,50,4.969783,1.096896
worker_3,1490,1788087000.738636,50,4.541454,1.097408
worker_3,1491,1788087000.743202,50,4.902422,1.097280
worker_3,1492,1788087000.748123,50,4.784642,1.096256
worker_3,1493,1788087000.752924,50,4.624030,1.097760
worker_3,1494,1788087000.757572,50,4.974218,1.097408
worker_3,1495,1788087000.762595,50,4.538567,1.096736
worker_3,1496,1788087000.767158,50,4.753179,1.096352
worker_3,1497,1788087000.771930,50,4.766503,1.098144
worker_3,1498,1788087000.776712,50,4.773003,1.101184
worker_3,1499,1788087000.781501,50,4.978736,1.096928
worker_3,1500,1788087000.786529,50,4.542251,1.096128
worker_3,1501,1788087000.791094,50,4.964089,1.098880
worker_3,1502,1788087000.796106,50,4.541371,1.097728
worker_3,1503,1788087000.800670,50,4.962912,1.099136
worker_3,1504,1788087000.805682,50,4.533528,1.098880
worker_3,1505,1788087000.810241,50,4.965690,1.098528
worker_3,1506,1788087000.815254,50,4.529982,1.096896
worker_3,1507,1788087000.819809,50,4.753698,1.097568
worker_3,1508,1788087000.824582,50,4.770855,1.103456
worker_3,1509,1788087000.829372,50,4.765624,1.097760
worker_3,1510,1788087000.834153,50,4.782883,1.096608
worker_3,1511,1788087000.838952,50,4.977912,1.095872
worker_3,1512,1788087000.843979,50,4.539418,1.098464
worker_3,1513,1788087000.848560,50,4.983311,1.099840
worker_3,1514,1788087000.853590,50,4.502122,1.097440
worker_3,1515,1788087000.858116,50,4.771790,1.098400
worker_3,1516,1788087000.862905,50,5.005875,1.097760
worker_3,1517,1788087000.867957,50,4.516381,1.098080
worker_3,1518,1788087000.872499,50,4.989117,1.100896
worker_3,1519,1788087000.877535,50,4.678744,1.098176
worker_3,1520,1788087000.882239,50,4.961459,1.097952
worker_3,1521,1788087000.887248,50,4.540798,1.096192
worker_3,1522,1788087000.891814,50,4.785438,1.101760
worker_3,1523,1788087000.896620,50,4.772364,1.097792
worker_3,1524,1788087000.901408,50,4.994922,1.096896
worker_3,1525,1788087000.906451,50,4.489102,1.099552
worker_3,1526,1788087000.910966,50,5.033329,1.096384
worker_3,1527,1788087000.916046,50,4.527382,1.098144
worker_3,1528,1788087000.920599,50,4.983570,1.097792
worker_3,1529,1788087000.925631,50,4.507594,1.096608
worker_3,1530,1788087000.930163,50,4.968625,1.096768
worker_3,1531,1788087000.935181,50,4.395446,1.097472
worker_3,1532,1788087000.939676,50,4.682012,1.095744
worker_3,1533,1788087000.944390,50,4.750364,1.098080
worker_3,1534,1788087000.949158,50,4.767559,1.099040
worker_3,1535,1788087000.953942,50,4.775402,1.095776
worker_3,1536,1788087000.958734,50,4.764661,1.096288
worker_3,1537,1788087000.963515,50,4.986514,1.098912
worker_3,1538,1788087000.968554,50,4.528456,1.096160
worker_3,1539,1788087000.973106,50,4.964791,1.098720
worker_3,1540,1788087000.978119,50,4.538065,1.098688
worker_3,1541,1788087000.982682,50,4.984672,1.098976
worker_3,1542,1788087000.987714,50,4.536473,1.097280
worker_3,1543,1788087000.992275,50,4.963060,1.097920
worker_3,1544,1788087000.997287,50,4.693530,1.097024
worker_3,1545,1788087001.002004,50,4.905134,1.096384
worker_3,1546,1788087001.006956,50,4.609520,1.097792
worker_3,1547,1788087001.011589,50,4.757809,1.096608
worker_3,1548,1788087001.016366,50,4.634770,1.096736
worker_3,1549,1788087001.021017,50,5.056727,1.095872
worker_3,1550,1788087001.026122,50,4.595604,1.096576
worker_3,1551,1788087001.030742,50,4.810595,1.096608
worker_3,1552,1788087001.035613,50,4.551510,1.098208
worker_3,1553,1788087001.040189,50,4.768105,1.096672
worker_3,1554,1788087001.044975,50,4.771115,1.097152
worker_3,1555,1788087001.049762,50,4.980653,1.096384
worker_3,1556,1788087001.054793,50,4.537751,1.098336
worker_3,1557,1788087001.059356,50,4.772383,1.098208
worker_3,1558,1788087001.064146,50,4.766096,1.099872
worker_3,1559,1788087001.068929,50,4.763244,1.096992
worker_3,1560,1788087001.073708,50,4.771134,1.096928
worker_3,1561,1788087001.078496,50,4.766160,1.096640
worker_3,1562,1788087001.083280,50,4.768105,1.098080
worker_3,1563,1788087001.088063,50,4.771957,1.098848
worker_3,1564,1788087001.092851,50,4.791058,1.096032
worker_3,1565,1788087001.097659,50,4.770540,1.096928
worker_3,1566,1788087001.102445,50,4.776114,1.096640
worker_3,1567,1788087001.107237,50,4.767651,1.097024
worker_3,1568,1788087001.112020,50,4.777559,1.099072
worker_3,1569,1788087001.116814,50,4.771633,1.097440
worker_3,1570,1788087001.121600,50,5.133691,1.096640
worker_3,1571,1788087001.126782,50,4.531779,1.096416
worker_3,1572,1788087001.131351,50,4.741474,1.095744
worker_3,1573,1788087001.136112,50,4.656818,1.102144
worker_3,1574,1788087001.140785,50,4.888615,1.096384
worker_3,1575,1788087001.145690,50,4.693095,1.097600
worker_3,1576,1788087001.150398,50,5.081201,1.096352
worker_3,1577,1788087001.155530,50,4.526927,1.096224
worker_3,1578,1788087001.160082,50,4.748217,1.095456
worker_3,1579,1788087001.164849,50,4.654826,1.098752
worker_3,1580,1788087001.169520,50,4.950467,1.098336
worker_3,1581,1788087001.174517,50,4.535455,1.096064
worker_3,1582,1788087001.179078,50,4.963597,1.098080
worker_3,1583,1788087001.184089,50,4.535381,1.096544
worker_3,1584,1788087001.188652,50,4.812604,1.098112
worker_3,1585,1788087001.193513,50,4.683169,1.098016
worker_3,1586,1788087001.198221,50,4.978755,1.097376
worker_3,1587,1788087001.203246,50,4.537260,1.096320
worker_3,1588,1788087001.207809,50,4.760596,1.097504
worker_3,1589,1788087001.212587,50,4.771643,1.103808
worker_3,1590,1788087001.217374,50,4.981672,1.096320
worker_3,1591,1788087001.222416,50,4.538131,1.098880
worker_3,1592,1788087001.226979,50,4.969847,1.098528
worker_3,1593,1788087001.231997,50,4.531029,1.097312
worker_3,1594,1788087001.236553,50,4.975708,1.099296
worker_3,1595,1788087001.241577,50,4.522371,1.096352
worker_3,1596,1788087001.246127,50,4.992839,1.097952
worker_3,1597,1788087001.251167,50,4.514418,1.097152
worker_3,1598,1788087001.255705,50,4.762633,1.097792
worker_3,1599,1788087001.260484,50,4.789531,1.098112
worker_3,1600,1788087001.265289,50,5.130932,1.096288
worker_3,1601,1788087001.270468,50,4.553076,1.101216
worker_3,1602,1788087001.275047,50,4.831264,1.098240
worker_3,1603,1788087001.279924,50,4.524733,1.098784
worker_3,1604,1788087001.284474,50,4.965736,1.096448
worker_3,1605,1788087001.289487,50,4.540104,1.098336
worker_3,1606,1788087001.294052,50,4.981356,1.097120
worker_3,1607,1788087001.299081,50,4.534798,1.095808
worker_3,1608,1788087001.303644,50,4.748484,1.098816
worker_3,1609,1788087001.308411,50,4.770938,1.098208
worker_3,1610,1788087001.313199,50,4.832671,1.098496
worker_3,1611,1788087001.318093,50,4.667568,1.097472
worker_3,1612,1788087001.322787,50,4.970541,1.096128
worker_3,1613,1788087001.327803,50,4.529177,1.097824
worker_3,1614,1788087001.332358,50,4.978357,1.095200
worker_3,1615,1788087001.337385,50,4.525844,1.096736
worker_3,1616,1788087001.341936,50,4.758429,1.096992
worker_3,1617,1788087001.346713,50,4.766596,1.097312
worker_3,1618,1788087001.351496,50,4.776143,1.100608
worker_3,1619,1788087001.356287,50,4.767698,1.096576
worker_3,1620,1788087001.361070,50,4.779660,1.097472
worker_3,1621,1788087001.365866,50,4.769929,1.096736
worker_3,1622,1788087001.370650,50,4.812003,1.098080
worker_3,1623,1788087001.375477,50,4.892578,1.094848
worker_3,1624,1788087001.380386,50,4.655761,1.100736
worker_3,1625,1788087001.385056,50,4.892856,1.096832
worker_3,1626,1788087001.389964,50,4.763336,1.097664
worker_3,1627,1788087001.394742,50,4.794800,1.096288
worker_3,1628,1788087001.399551,50,4.796503,1.096320
worker_3,1629,1788087001.404362,50,4.592687,1.095488
worker_3,1630,1788087001.408978,50,4.767049,1.098976
worker_3,1631,1788087001.413759,50,4.777392,1.097056
worker_3,1632,1788087001.418551,50,4.772864,1.096384
worker_3,1633,1788087001.423339,50,4.770189,1.096608
worker_3,1634,1788087001.428124,50,4.774151,1.099520
worker_3,1635,1788087001.432914,50,4.771105,1.098368
worker_3,1636,1788087001.437700,50,4.981181,1.096896
worker_3,1637,1788087001.442729,50,4.735698,1.096192
worker_3,1638,1788087001.447511,50,4.562075,1.096224
worker_3,1639,1788087001.452098,50,4.985819,1.099264
worker_3,1640,1788087001.457132,50,4.709659,1.096992
worker_3,1641,1788087001.461888,50,4.740522,1.096928
worker_3,1642,1788087001.466675,50,4.537964,1.097248
worker_3,1643,1788087001.471240,50,4.776263,1.096448
worker_3,1644,1788087001.476033,50,4.771494,1.099104
worker_3,1645,1788087001.480821,50,4.766864,1.097312
worker_3,1646,1788087001.485604,50,4.772206,1.098176
worker_3,1647,1788087001.490393,50,4.981782,1.097056
worker_3,1648,1788087001.495423,50,4.537584,1.098560
worker_3,1649,1788087001.499985,50,4.754531,1.098208
worker_3,1650,1788087001.504770,50,4.754513,1.096800
worker_3,1651,1788087001.509542,50,4.980273,1.096096
worker_3,1652,1788087001.514572,50,4.528344,1.098176
worker_3,1653,1788087001.519127,50,4.751974,1.097152
worker_3,1654,1788087001.523896,50,4.772188,1.100736
worker_3,1655,1788087001.528685,50,4.765336,1.097792
worker_3,1656,1788087001.533466,50,4.987366,1.096192
worker_3,1657,1788087001.538502,50,4.537677,1.097600
worker_3,1658,1788087001.543066,50,4.963264,1.096672
worker_3,1659,1788087001.548075,50,4.537298,1.097760
worker_3,1660,1788087001.552637,50,4.976228,1.098112
worker_3,1661,1788087001.557663,50,4.529140,1.096896
worker_3,1662,1788087001.562217,50,4.961700,1.097856
worker_3,1663,1788087001.567226,50,4.543890,1.097568
worker_3,1664,1788087001.571793,50,4.760429,1.099264
worker_3,1665,1788087001.576573,50,4.764392,1.096448
worker_3,1666,1788087001.581355,50,4.980477,1.097344
worker_3,1667,1788087001.586387,50,4.529658,1.096512
worker_3,1668,1788087001.590939,50,4.970857,1.096672
worker_3,1669,1788087001.595969,50,4.527316,1.100096
worker_3,1670,1788087001.600523,50,4.968263,1.098336
worker_3,1671,1788087001.605539,50,4.540316,1.097472
worker_3,1672,1788087001.610104,50,4.965820,1.097632
worker_3,1673,1788087001.615116,50,4.677485,1.097120
worker_3,1674,1788087001.619818,50,4.782485,1.102400
worker_3,1675,1788087001.624622,50,4.775300,1.096608
worker_3,1676,1788087001.629412,50,4.998736,1.095936
worker_3,1677,1788087001.634459,50,4.492204,1.099648
worker_3,1678,1788087001.638975,50,5.037200,1.096544
worker_3,1679,1788087001.644061,50,4.514705,1.096576
worker_3,1680,1788087001.648601,50,4.987005,1.095456
worker_3,1681,1788087001.653637,50,4.528603,1.097568
worker_3,1682,1788087001.658191,50,4.962375,1.097696
worker_3,1683,1788087001.663278,50,4.457260,1.097792
worker_3,1684,1788087001.667762,50,4.660706,1.098048
worker_3,1685,1788087001.672443,50,4.836291,1.100352
worker_3,1686,1788087001.677296,50,4.935736,1.096608
worker_3,1687,1788087001.682281,50,4.619297,1.096096
worker_3,1688,1788087001.686924,50,4.859190,1.096608
worker_3,1689,1788087001.691843,50,4.481788,1.096992
worker_3,1690,1788087001.696349,50,4.774179,1.096864
worker_3,1691,1788087001.701143,50,4.768420,1.097568
worker_3,1692,1788087001.705929,50,4.767336,1.097824
worker_3,1693,1788087001.710711,50,4.981375,1.095456
worker_3,1694,1788087001.715741,50,4.538076,1.099648
worker_3,1695,1788087001.720305,50,4.960985,1.097920
worker_3,1696,1788087001.725313,50,4.542306,1.096896
worker_3,1697,1788087001.729881,50,4.959385,1.096320
worker_3,1698,1788087001.734888,50,4.534493,1.097664
worker_3,1699,1788087001.739447,50,4.912717,1.098144
worker_3,1700,1788087001.744377,50,4.623872,1.097792
worker_3,1701,1788087001.749017,50,5.034691,1.095648
worker_3,1702,1788087001.754098,50,4.489288,1.097824
worker_3,1703,1788087001.758613,50,4.967653,1.097088
worker_3,1704,1788087001.763628,50,4.534131,1.096864
worker_3,1705,1788087001.768186,50,4.764911,1.098400
worker_3,1706,1788087001.772968,50,4.768253,1.097824
worker_3,1707,1788087001.777754,50,4.973514,1.096288
worker_3,1708,1788087001.782787,50,4.527715,1.099584
worker_3,1709,1788087001.787338,50,4.778114,1.096992
worker_3,1710,1788087001.792134,50,4.773456,1.099776
worker_3,1711,1788087001.796924,50,4.769217,1.097760
worker_3,1712,1788087001.801708,50,4.773558,1.096864
worker_3,1713,1788087001.806497,50,4.979793,1.097632
worker_3,1714,1788087001.811525,50,4.531944,1.097152
worker_3,1715,1788087001.816082,50,4.755947,1.096672
worker_3,1716,1788087001.820857,50,4.779966,1.106048
worker_3,1717,1788087001.825654,50,4.979699,1.098400
worker_3,1718,1788087001.830682,50,4.528732,1.096608
worker_3,1719,1788087001.835235,50,4.752809,1.097792
worker_3,1720,1788087001.840005,50,4.777078,1.097760
worker_3,1721,1788087001.844798,50,4.911272,1.097408
worker_3,1722,1788087001.849725,50,4.623188,1.096800
worker_3,1723,1788087001.854364,50,4.772022,1.098816
worker_3,1724,1788087001.859152,50,4.785282,1.098560
worker_3,1725,1788087001.863952,50,4.773086,1.100896
worker_3,1726,1788087001.868742,50,4.767688,1.096480
worker_3,1727,1788087001.873524,50,5.131237,1.097248
worker_3,1728,1788087001.878723,50,4.511714,1.099008
worker_3,1729,1788087001.883259,50,4.758456,1.098400
worker_3,1730,1788087001.888036,50,4.778106,1.098336
worker_3,1731,1788087001.892831,50,4.667742,1.100640
worker_3,1732,1788087001.897517,50,4.883309,1.097024
worker_3,1733,1788087001.902416,50,4.995514,1.097056
worker_3,1734,1788087001.907461,50,4.534917,1.098688
worker_3,1735,1788087001.912021,50,4.773141,1.097504
worker_3,1736,1788087001.916814,50,4.615994,1.097376
worker_3,1737,1788087001.921448,50,5.138718,1.096384
worker_3,1738,1788087001.926634,50,4.431362,1.098752
worker_3,1739,1788087001.931090,50,4.848902,1.095872
worker_3,1740,1788087001.935957,50,4.642317,1.098912
worker_3,1741,1788087001.940614,50,4.841346,1.100992
worker_3,1742,1788087001.945472,50,4.805438,1.097088
worker_3,1743,1788087001.950293,50,4.862764,1.098688
worker_3,1744,1788087001.955204,50,4.533648,1.096000
worker_3,1745,1788087001.959762,50,4.762318,1.097824
worker_3,1746,1788087001.964543,50,4.769326,1.097824
worker_3,1747,1788087001.969337,50,4.965625,1.096000
worker_3,1748,1788087001.974351,50,4.533028,1.097760
worker_3,1749,1788087001.978909,50,4.970541,1.097216
worker_3,1750,1788087001.983927,50,4.537547,1.096608
worker_3,1751,1788087001.988488,50,4.963764,1.097056
worker_3,1752,1788087001.993499,50,4.534473,1.096256
worker_3,1753,1788087001.998059,50,4.987448,1.098176
worker_3,1754,1788087002.003093,50,4.534955,1.096896
worker_3,1755,1788087002.007651,50,4.775809,1.104416
worker_3,1756,1788087002.012445,50,4.779123,1.098656
worker_3,1757,1788087002.017240,50,4.971690,1.095424
worker_3,1758,1788087002.022261,50,4.534086,1.097568
worker_3,1759,1788087002.026821,50,4.968763,1.096224
worker_3,1760,1788087002.031837,50,4.540566,1.098176
worker_3,1761,1788087002.036402,50,4.966190,1.097824
worker_3,1762,1788087002.041416,50,4.538825,1.097856
worker_3,1763,1788087002.045978,50,4.967329,1.096640
worker_3,1764,1788087002.050994,50,4.537139,1.097792
worker_3,1765,1788087002.055555,50,4.763928,1.098816
worker_3,1766,1788087002.060337,50,4.779030,1.097024
worker_3,1767,1788087002.065144,50,4.965811,1.097184
worker_3,1768,1788087002.070161,50,4.552122,1.096864
worker_3,1769,1788087002.074738,50,4.964366,1.096640
worker_3,1770,1788087002.079750,50,4.535760,1.095840
worker_3,1771,1788087002.084310,50,4.974107,1.099200
worker_3,1772,1788087002.089334,50,4.525482,1.097792
worker_3,1773,1788087002.093885,50,4.956264,1.095744
worker_3,1774,1788087002.098890,50,4.535103,1.096864
worker_3,1775,1788087002.103450,50,4.758151,1.097152
worker_3,1776,1788087002.108233,50,4.762568,1.100064
worker_3,1777,1788087002.113011,50,4.765540,1.096608
worker_3,1778,1788087002.117794,50,4.778634,1.098112
worker_3,1779,1788087002.122588,50,4.984773,1.097664
worker_3,1780,1788087002.127622,50,4.644215,1.097664
worker_3,1781,1788087002.132291,50,4.922217,1.098368
worker_3,1782,1788087002.137264,50,4.486270,1.097376
worker_3,1783,1788087002.141776,50,4.966459,1.096544
worker_3,1784,1788087002.146790,50,4.531650,1.097568
worker_3,1785,1788087002.151345,50,4.754846,1.096032
worker_3,1786,1788087002.156130,50,4.757994,1.097504
worker_3,1787,1788087002.160905,50,4.775338,1.101760
worker_3,1788,1788087002.165695,50,4.773040,1.097120
worker_3,1789,1788087002.170484,50,4.981579,1.096064
worker_3,1790,1788087002.175515,50,4.530769,1.095968
worker_3,1791,1788087002.180072,50,4.760142,1.097824
worker_3,1792,1788087002.184850,50,4.788040,1.096832
worker_3,1793,1788087002.189656,50,4.974144,1.097184
worker_3,1794,1788087002.194678,50,4.535075,1.097792
worker_3,1795,1788087002.199238,50,4.778800,1.097792
worker_3,1796,1788087002.204034,50,4.768576,1.098688
worker_3,1797,1788087002.208819,50,4.768207,1.098656
worker_3,1798,1788087002.213603,50,4.779475,1.097664
worker_3,1799,1788087002.218398,50,4.767310,1.096096
worker_3,1800,1788087002.223182,50,4.986236,1.097312
worker_3,1801,1788087002.228229,50,4.525464,1.102176
worker_3,1802,1788087002.232779,50,4.964672,1.096544
worker_3,1803,1788087002.237791,50,4.539844,1.097376
worker_3,1804,1788087002.242357,50,4.760383,1.097152
worker_3,1805,1788087002.247137,50,4.997598,1.096480
worker_3,1806,1788087002.252196,50,4.575881,1.098112
worker_3,1807,1788087002.256796,50,4.909328,1.097056
worker_3,1808,1788087002.261754,50,4.538215,1.098144
worker_3,1809,1788087002.266318,50,4.965978,1.098112
worker_3,1810,1788087002.271331,50,4.540593,1.098208
worker_3,1811,1788087002.275899,50,4.766032,1.107360
worker_3,1812,1788087002.280683,50,4.769309,1.098112
worker_3,1813,1788087002.285469,50,4.979515,1.096416
worker_3,1814,1788087002.290496,50,4.535130,1.095680
worker_3,1815,1788087002.295057,50,4.964625,1.095296
worker_3,1816,1788087002.300068,50,4.536704,1.096704
worker_3,1817,1788087002.304628,50,4.964209,1.097824
worker_3,1818,1788087002.309641,50,4.537529,1.096096
worker_3,1819,1788087002.314204,50,4.960913,1.097888
worker_3,1820,1788087002.319212,50,4.533918,1.095360
worker_3,1821,1788087002.323773,50,4.753781,1.096640
worker_3,1822,1788087002.328544,50,4.765429,1.099040
worker_3,1823,1788087002.333326,50,4.768438,1.097088
worker_3,1824,1788087002.338110,50,4.791512,1.099136
worker_3,1825,1788087002.342930,50,4.969829,1.096352
worker_3,1826,1788087002.347946,50,4.539705,1.096128
worker_3,1827,1788087002.352512,50,4.974782,1.107904
worker_3,1828,1788087002.357535,50,4.533140,1.098976
worker_3,1829,1788087002.362092,50,4.981903,1.096896
worker_3,1830,1788087002.367122,50,4.536205,1.098368
worker_3,1831,1788087002.371686,50,4.908217,1.096480
worker_3,1832,1788087002.376611,50,4.653058,1.102592
worker_3,1833,1788087002.381280,50,4.901717,1.096768
worker_3,1834,1788087002.386274,50,4.586741,1.095680
worker_3,1835,1788087002.390878,50,4.890829,1.095648
worker_3,1836,1788087002.395785,50,4.785346,1.102560
worker_3,1837,1788087002.400587,50,4.680345,1.099840
worker_3,1838,1788087002.405285,50,4.866801,1.096064
worker_3,1839,1788087002.410167,50,4.776179,1.098336
worker_3,1840,1788087002.414958,50,4.778911,1.096864
worker_3,1841,1788087002.419752,50,4.637161,1.103936
worker_3,1842,1788087002.424405,50,4.773253,1.096640
worker_3,1843,1788087002.429194,50,4.766540,1.096704
worker_3,1844,1788087002.433976,50,4.771383,1.096640
worker_3,1845,1788087002.438769,50,4.771050,1.097312
worker_3,1846,1788087002.443555,50,4.778726,1.095680
worker_3,1847,1788087002.448350,50,4.764596,1.095968
worker_3,1848,1788087002.453129,50,4.769263,1.096800
worker_3,1849,1788087002.457914,50,4.771854,1.098112
worker_3,1850,1788087002.462701,50,4.903569,1.099040
worker_3,1851,1788087002.467621,50,4.758002,1.095584
worker_3,1852,1788087002.472395,50,4.858162,1.097824
worker_3,1853,1788087002.477303,50,4.537584,1.096256
worker_3,1854,1788087002.481864,50,4.966570,1.098496
worker_3,1855,1788087002.486880,50,4.537945,1.097728
worker_3,1856,1788087002.491442,50,4.758762,1.098112
worker_3,1857,1788087002.496228,50,4.763040,1.096576
worker_3,1858,1788087002.501009,50,4.779411,1.096832
worker_3,1859,1788087002.505804,50,4.769318,1.097760
worker_3,1860,1788087002.510589,50,4.987643,1.097184
worker_3,1861,1788087002.515625,50,4.534537,1.096928
worker_3,1862,1788087002.520183,50,4.760892,1.097568
worker_3,1863,1788087002.524962,50,4.790069,1.097056
worker_3,1864,1788087002.529778,50,4.757216,1.098912
worker_3,1865,1788087002.534552,50,4.770605,1.098048
worker_3,1866,1788087002.539339,50,4.769697,1.098880
worker_3,1867,1788087002.544123,50,4.773698,1.097344
worker_3,1868,1788087002.548913,50,4.775679,1.098752
worker_3,1869,1788087002.553703,50,4.766068,1.097152
worker_3,1870,1788087002.558486,50,4.772985,1.097792
worker_3,1871,1788087002.563273,50,4.928504,1.096416
worker_3,1872,1788087002.568223,50,4.775791,1.101824
worker_3,1873,1788087002.573014,50,4.771327,1.097568
worker_3,1874,1788087002.577802,50,4.791077,1.097760
worker_3,1875,1788087002.582608,50,4.765067,1.097728
worker_3,1876,1788087002.587388,50,4.775678,1.098848
worker_3,1877,1788087002.592178,50,4.627992,1.099040
worker_3,1878,1788087002.596822,50,4.783753,1.099392
worker_3,1879,1788087002.601621,50,4.775299,1.096832
worker_3,1880,1788087002.606411,50,4.774725,1.098624
worker_3,1881,1788087002.611202,50,4.774587,1.098080
worker_3,1882,1788087002.615992,50,4.776281,1.097792
worker_3,1883,1788087002.620783,50,4.774438,1.100128
worker_3,1884,1788087002.625580,50,4.971033,1.097440
worker_3,1885,1788087002.630600,50,4.737197,1.098400
worker_3,1886,1788087002.635384,50,4.537278,1.097248
worker_3,1887,1788087002.639947,50,5.137969,1.096416
worker_3,1888,1788087002.645133,50,4.621455,1.108704
worker_3,1889,1788087002.649801,50,4.878448,1.096000
worker_3,1890,1788087002.654726,50,4.504824,1.097856
worker_3,1891,1788087002.659255,50,4.770975,1.096928
worker_3,1892,1788087002.664043,50,4.776938,1.101312
worker_3,1893,1788087002.668836,50,4.776577,1.097792
worker_3,1894,1788087002.673628,50,4.758670,1.096544
worker_3,1895,1788087002.678402,50,4.979662,1.097184
worker_3,1896,1788087002.683430,50,4.495242,1.098080
worker_3,1897,1788087002.687950,50,4.808587,1.096832
worker_3,1898,1788087002.692777,50,4.621141,1.097792
worker_3,1899,1788087002.697415,50,4.983616,1.095552
worker_3,1900,1788087002.702447,50,4.527250,1.096192
worker_3,1901,1788087002.706999,50,4.985829,1.096768
worker_3,1902,1788087002.712032,50,4.532538,1.110080
worker_3,1903,1788087002.716603,50,4.960524,1.097600
worker_3,1904,1788087002.721611,50,4.532482,1.095872
worker_3,1905,1788087002.726169,50,4.969236,1.098048
worker_3,1906,1788087002.731185,50,4.539668,1.095552
worker_3,1907,1788087002.735749,50,4.913392,1.096960
worker_3,1908,1788087002.740681,50,4.761661,1.097600
worker_3,1909,1788087002.745458,50,4.913153,1.097536
worker_3,1910,1788087002.750423,50,4.451065,1.098496
worker_3,1911,1788087002.754898,50,4.963005,1.095840
worker_3,1912,1788087002.759909,50,4.541742,1.097824
worker_3,1913,1788087002.764474,50,4.969809,1.098336
worker_3,1914,1788087002.769492,50,4.540714,1.098400
worker_3,1915,1788087002.774058,50,4.986542,1.095616
worker_3,1916,1788087002.779092,50,4.536566,1.096864
worker_3,1917,1788087002.783653,50,4.757179,1.097440
worker_3,1918,1788087002.788428,50,4.766003,1.097280
worker_3,1919,1788087002.793210,50,4.985106,1.099008
worker_3,1920,1788087002.798244,50,4.542973,1.098688
worker_3,1921,1788087002.802811,50,4.963626,1.096800
worker_3,1922,1788087002.807821,50,4.535567,1.095680
worker_3,1923,1788087002.812392,50,4.953773,1.099808
worker_3,1924,1788087002.817394,50,4.536862,1.095808
worker_3,1925,1788087002.821956,50,4.768827,1.096480
worker_3,1926,1788087002.826746,50,4.762725,1.097440
worker_3,1927,1788087002.831524,50,4.784744,1.101792
worker_3,1928,1788087002.836324,50,4.990218,1.096064
worker_3,1929,1788087002.841364,50,4.536668,1.097504
worker_3,1930,1788087002.845924,50,4.961922,1.096000
worker_3,1931,1788087002.850934,50,4.544521,1.097056
worker_3,1932,1788087002.855502,50,4.768623,1.100256
worker_3,1933,1788087002.860290,50,4.765827,1.096832
worker_3,1934,1788087002.865071,50,4.825837,1.097760
worker_3,1935,1788087002.869934,50,4.912449,1.096480
worker_3,1936,1788087002.874894,50,4.522955,1.095872
worker_3,1937,1788087002.879439,50,4.780623,1.096256
worker_3,1938,1788087002.884238,50,4.761049,1.101888
worker_3,1939,1788087002.889013,50,4.900957,1.097824
worker_3,1940,1788087002.893930,50,4.633168,1.097760
worker_3,1941,1788087002.898577,50,4.794697,1.096768
worker_3,1942,1788087002.903397,50,4.888930,1.097792
worker_3,1943,1788087002.908302,50,4.970301,1.096512
worker_3,1944,1788087002.913319,50,4.553603,1.099552
worker_3,1945,1788087002.917897,50,4.760429,1.098656
worker_3,1946,1788087002.922674,50,4.771345,1.096320
worker_3,1947,1788087002.927462,50,4.832513,1.095968
worker_3,1948,1788087002.932344,50,4.675030,1.096768
worker_3,1949,1788087002.937045,50,4.815884,1.097984
worker_3,1950,1788087002.941909,50,4.532362,1.097152
worker_3,1951,1788087002.946471,50,4.746031,1.098336
worker_3,1952,1788087002.951239,50,4.763179,1.095808
worker_3,1953,1788087002.956020,50,4.764262,1.101280
worker_3,1954,1788087002.960801,50,4.764095,1.096256
worker_3,1955,1788087002.965582,50,4.768855,1.096256
worker_3,1956,1788087002.970366,50,4.768411,1.096480
worker_3,1957,1788087002.975151,50,4.767688,1.097792
worker_3,1958,1788087002.979933,50,4.775670,1.098816
worker_3,1959,1788087002.984725,50,4.789318,1.109056
worker_3,1960,1788087002.989530,50,4.770846,1.097248
worker_3,1961,1788087002.994316,50,4.774670,1.097184
worker_3,1962,1788087002.999115,50,4.763503,1.097696
worker_3,1963,1788087003.003894,50,4.768253,1.097152
worker_3,1964,1788087003.008679,50,4.779976,1.101184
worker_3,1965,1788087003.013475,50,4.766781,1.098176
worker_3,1966,1788087003.018257,50,4.955237,1.097920
worker_3,1967,1788087003.023242,50,4.577316,1.096384
worker_3,1968,1788087003.027844,50,4.760374,1.098432
worker_3,1969,1788087003.032624,50,4.764373,1.097792
worker_3,1970,1788087003.037406,50,4.767929,1.095712
worker_3,1971,1788087003.042189,50,4.768698,1.097216
worker_3,1972,1788087003.046975,50,4.776799,1.098144
worker_3,1973,1788087003.051767,50,4.770355,1.095456
worker_3,1974,1788087003.056552,50,4.987756,1.096224
worker_3,1975,1788087003.061587,50,4.733679,1.096000
worker_3,1976,1788087003.066367,50,4.756309,1.096608
worker_3,1977,1788087003.071168,50,4.526982,1.098016
worker_3,1978,1788087003.075721,50,4.759928,1.098080
worker_3,1979,1788087003.080498,50,4.777883,1.098496
worker_3,1980,1788087003.085293,50,4.777838,1.096704
worker_3,1981,1788087003.090097,50,4.969708,1.096864
worker_3,1982,1788087003.095117,50,4.533270,1.096032
worker_3,1983,1788087003.099674,50,4.773207,1.101952
worker_3,1984,1788087003.104465,50,4.788392,1.097824
worker_3,1985,1788087003.109340,50,4.908208,1.097472
worker_3,1986,1788087003.114298,50,4.528482,1.096928
worker_3,1987,1788087003.118852,50,4.960311,1.095392
worker_3,1988,1788087003.123859,50,4.543519,1.099616
worker_3,1989,1788087003.128430,50,4.963681,1.096512
worker_3,1990,1788087003.133441,50,4.536455,1.098144
worker_3,1991,1788087003.138002,50,4.960024,1.097376
worker_3,1992,1788087003.143009,50,4.535446,1.097088
worker_3,1993,1788087003.147570,50,4.758290,1.099424
worker_3,1994,1788087003.152347,50,4.784170,1.098432
worker_3,1995,1788087003.157147,50,5.002311,1.096128
worker_3,1996,1788087003.162198,50,4.507945,1.095744
worker_3,1997,1788087003.166730,50,4.963746,1.097568
worker_3,1998,1788087003.171741,50,4.539826,1.098720
worker_3,1999,1788087003.176306,50,4.964255,1.097184
worker_3,2000,1788087003.181316,50,4.538362,1.096608
worker_3,2001,1788087003.185888,50,4.962597,1.095232
worker_3,2002,1788087003.190898,50,4.534510,1.097472
worker_3,2003,1788087003.195459,50,4.758892,1.097664
worker_3,2004,1788087003.200235,50,4.769697,1.099072
worker_3,2005,1788087003.205022,50,4.778115,1.099040
worker_3,2006,1788087003.209816,50,4.769744,1.097728
worker_3,2007,1788087003.214601,50,4.768781,1.096640
worker_3,2008,1788087003.219386,50,4.981182,1.098720
worker_3,2009,1788087003.224417,50,4.532011,1.097248
worker_3,2010,1788087003.228973,50,4.986496,1.096576
worker_3,2011,1788087003.234008,50,4.535668,1.097856
worker_3,2012,1788087003.238569,50,4.963450,1.096160
worker_3,2013,1788087003.243581,50,4.533297,1.098016
worker_3,2014,1788087003.248139,50,4.805948,1.099744
worker_3,2015,1788087003.252963,50,4.727151,1.101760
worker_3,2016,1788087003.257706,50,4.978597,1.096224
worker_3,2017,1788087003.262735,50,4.532372,1.097184
worker_3,2018,1788087003.267291,50,4.774846,1.096352
worker_3,2019,1788087003.272084,50,4.774161,1.096128
worker_3,2020,1788087003.276886,50,4.760317,1.098112
worker_3,2021,1788087003.281663,50,4.771253,1.098432
worker_3,2022,1788087003.286450,50,5.054913,1.097440
worker_3,2023,1788087003.291554,50,4.473463,1.097856
worker_3,2024,1788087003.296051,50,4.753614,1.099648
worker_3,2025,1788087003.300823,50,4.761984,1.097760
worker_3,2026,1788087003.305602,50,4.984626,1.097344
worker_3,2027,1788087003.310636,50,4.535352,1.097760
worker_3,2028,1788087003.315195,50,4.758373,1.097280
worker_3,2029,1788087003.319972,50,4.762826,1.096576
worker_3,2030,1788087003.324750,50,4.782234,1.104320
worker_3,2031,1788087003.329549,50,4.768133,1.097120
worker_3,2032,1788087003.334334,50,4.771523,1.096128
worker_3,2033,1788087003.339122,50,4.977088,1.098336
worker_3,2034,1788087003.344148,50,4.535316,1.097248
worker_3,2035,1788087003.348708,50,4.968051,1.097888
worker_3,2036,1788087003.353723,50,4.533084,1.096832
worker_3,2037,1788087003.358283,50,4.962589,1.096928
worker_3,2038,1788087003.363292,50,4.541381,1.097120
worker_3,2039,1788087003.367858,50,4.760764,1.098368
worker_3,2040,1788087003.372658,50,4.755105,1.100864
worker_3,2041,1788087003.377430,50,4.974320,1.096800
worker_3,2042,1788087003.382453,50,4.546362,1.096512
worker_3,2043,1788087003.387025,50,4.756345,1.095904
worker_3,2044,1788087003.391800,50,4.766124,1.095712
worker_3,2045,1788087003.396582,50,4.776985,1.103968
worker_3,2046,1788087003.401375,50,4.769215,1.096256
worker_3,2047,1788087003.406160,50,4.797012,1.097568
worker_3,2048,1788087003.410972,50,4.775346,1.096352
worker_3,2049,1788087003.415765,50,4.769503,1.096480
worker_3,2050,1788087003.420550,50,4.771790,1.096832
worker_3,2051,1788087003.425336,50,4.772558,1.100640
worker_3,2052,1788087003.430123,50,4.791623,1.096256
worker_3,2053,1788087003.434930,50,4.766726,1.097216
worker_3,2054,1788087003.439712,50,4.772299,1.099392
worker_3,2055,1788087003.444500,50,4.777576,1.098528
worker_3,2056,1788087003.449293,50,4.774485,1.098880
worker_3,2057,1788087003.454082,50,4.767077,1.095712
worker_3,2058,1788087003.458865,50,4.773522,1.096928
worker_3,2059,1788087003.463661,50,4.777133,1.103936
worker_3,2060,1788087003.468453,50,4.777993,1.097824
worker_3,2061,1788087003.473248,50,4.766984,1.096448
worker_3,2062,1788087003.478030,50,4.777254,1.098144
worker_3,2063,1788087003.482822,50,4.777132,1.097792
worker_3,2064,1788087003.487614,50,4.772707,1.100096
worker_3,2065,1788087003.492406,50,4.769217,1.095552
worker_3,2066,1788087003.497191,50,4.772725,1.098240
worker_3,2067,1788087003.501979,50,4.770225,1.098208
worker_3,2068,1788087003.506765,50,4.776549,1.097888
worker_3,2069,1788087003.511557,50,4.768623,1.098752
worker_3,2070,1788087003.516340,50,4.790207,1.097824
worker_3,2071,1788087003.521145,50,4.772429,1.096960
worker_3,2072,1788087003.525932,50,4.772790,1.096224
worker_3,2073,1788087003.530719,50,4.983320,1.096832
worker_3,2074,1788087003.535751,50,4.739438,1.097472
worker_3,2075,1788087003.540539,50,4.733197,1.095808
worker_3,2076,1788087003.545319,50,4.745485,1.096224
worker_3,2077,1788087003.550114,50,4.734976,1.098208
worker_3,2078,1788087003.554896,50,4.743614,1.096736
worker_3,2079,1788087003.559698,50,4.533241,1.097792
worker_3,2080,1788087003.564255,50,4.813587,1.098272
worker_3,2081,1788087003.569118,50,4.687160,1.096192
worker_3,2082,1788087003.573831,50,4.752077,1.095712
worker_3,2083,1788087003.578602,50,4.970606,1.096320
worker_3,2084,1788087003.583621,50,4.543251,1.096960
worker_3,2085,1788087003.588189,50,4.762457,1.097120
worker_3,2086,1788087003.592969,50,4.771929,1.096448
worker_3,2087,1788087003.597759,50,4.987078,1.097216
worker_3,2088,1788087003.602794,50,4.538223,1.097824
worker_3,2089,1788087003.607356,50,4.758198,1.097280
worker_3,2090,1788087003.612133,50,4.770282,1.100320
worker_3,2091,1788087003.616919,50,4.938439,1.098592
worker_3,2092,1788087003.621873,50,4.767115,1.096960
worker_3,2093,1788087003.626657,50,4.985330,1.097216
worker_3,2094,1788087003.631691,50,4.392491,1.097472
worker_3,2095,1788087003.636108,50,4.755606,1.097760
worker_3,2096,1788087003.640882,50,4.766512,1.097472
worker_3,2097,1788087003.645665,50,4.985625,1.098432
worker_3,2098,1788087003.650711,50,4.521862,1.096800
worker_3,2099,1788087003.655258,50,4.775336,1.097408
worker_3,2100,1788087003.660051,50,4.772827,1.100320
worker_3,2101,1788087003.664840,50,4.769689,1.097792
worker_3,2102,1788087003.669626,50,4.771003,1.096640
worker_3,2103,1788087003.674412,50,4.975126,1.097376
worker_3,2104,1788087003.679436,50,4.538817,1.096608
worker_3,2105,1788087003.683999,50,4.757428,1.097504
worker_3,2106,1788087003.688774,50,4.776846,1.098368
worker_3,2107,1788087003.693568,50,4.763429,1.096064
worker_3,2108,1788087003.698347,50,4.772541,1.098592
worker_3,2109,1788087003.703135,50,4.988079,1.097888
worker_3,2110,1788087003.708171,50,4.532288,1.098624
worker_3,2111,1788087003.712727,50,4.754485,1.097728
worker_3,2112,1788087003.717498,50,4.983339,1.097024
worker_3,2113,1788087003.722532,50,4.532649,1.097184
worker_3,2114,1788087003.727089,50,4.979976,1.097312
worker_3,2115,1788087003.732117,50,4.521186,1.096768
worker_3,2116,1788087003.736663,50,4.976311,1.098688
worker_3,2117,1788087003.741688,50,4.527447,1.095584
worker_3,2118,1788087003.746250,50,4.959643,1.097152
worker_3,2119,1788087003.751256,50,4.535288,1.095840
worker_3,2120,1788087003.755816,50,4.764235,1.096096
worker_3,2121,1788087003.760599,50,4.773087,1.098656
worker_3,2122,1788087003.765389,50,4.977625,1.095680
worker_3,2123,1788087003.770416,50,4.555197,1.097568
worker_3,2124,1788087003.774998,50,4.968644,1.096032
worker_3,2125,1788087003.780014,50,4.529593,1.096992
worker_3,2126,1788087003.784569,50,4.979171,1.101696
worker_3,2127,1788087003.789595,50,4.531084,1.097856
worker_3,2128,1788087003.794149,50,4.989459,1.095904
worker_3,2129,1788087003.799186,50,4.533575,1.097792
worker_3,2130,1788087003.803743,50,4.760160,1.096704
worker_3,2131,1788087003.808522,50,4.768660,1.102720
worker_3,2132,1788087003.813305,50,4.823125,1.096864
worker_3,2133,1788087003.818179,50,4.679253,1.096864
worker_3,2134,1788087003.822885,50,4.961551,1.095296
worker_3,2135,1788087003.827894,50,4.533297,1.097536
worker_3,2136,1788087003.832532,50,4.901671,1.095360
worker_3,2137,1788087003.837494,50,4.523047,1.097792
worker_3,2138,1788087003.842041,50,4.762467,1.098912
worker_3,2139,1788087003.846822,50,4.977031,1.097600
worker_3,2140,1788087003.851847,50,4.537298,1.098016
worker_3,2141,1788087003.856408,50,4.965857,1.099296
worker_3,2142,1788087003.861422,50,4.547548,1.098848
worker_3,2143,1788087003.865993,50,5.104654,1.097440
worker_3,2144,1788087003.871146,50,4.412908,1.096736
worker_3,2145,1788087003.875583,50,4.815023,1.100384
worker_3,2146,1788087003.880418,50,4.713345,1.096352
worker_3,2147,1788087003.885149,50,4.972098,1.097440
worker_3,2148,1788087003.890167,50,4.538788,1.096928
worker_3,2149,1788087003.894731,50,4.966995,1.097088
worker_3,2150,1788087003.899745,50,4.536742,1.098336
worker_3,2151,1788087003.904308,50,4.959172,1.095584
worker_3,2152,1788087003.909316,50,4.547482,1.098624
worker_3,2153,1788087003.913888,50,4.962190,1.096608
worker_3,2154,1788087003.918899,50,4.536686,1.096864
worker_3,2155,1788087003.923461,50,4.760484,1.095776
worker_3,2156,1788087003.928238,50,4.763882,1.097792
worker_3,2157,1788087003.933030,50,4.766549,1.096544
worker_3,2158,1788087003.937813,50,4.767928,1.096352
worker_3,2159,1788087003.942596,50,4.974801,1.096608
worker_3,2160,1788087003.947619,50,4.543909,1.097088
worker_3,2161,1788087003.952188,50,4.759235,1.099840
worker_3,2162,1788087003.956964,50,4.771493,1.097824
worker_3,2163,1788087003.961753,50,4.977143,1.095872
worker_3,2164,1788087003.966781,50,4.528491,1.096480
worker_3,2165,1788087003.971335,50,4.761345,1.096064
worker_3,2166,1788087003.976113,50,4.771614,1.100608
worker_3,2167,1788087003.980901,50,4.766522,1.097568
worker_3,2168,1788087003.985685,50,4.781077,1.098208
worker_3,2169,1788087003.990481,50,4.975180,1.096704
worker_3,2170,1788087003.995505,50,4.559510,1.097440
worker_3,2171,1788087004.000089,50,4.757586,1.099840
worker_3,2172,1788087004.004865,50,4.766485,1.097856
worker_3,2173,1788087004.009647,50,4.976190,1.096512
worker_3,2174,1788087004.014671,50,4.543880,1.096352
worker_3,2175,1788087004.019240,50,4.784763,1.097088
worker_3,2176,1788087004.024054,50,4.760660,1.098112
worker_3,2177,1788087004.028832,50,4.763725,1.096928
worker_3,2178,1788087004.033612,50,4.771976,1.097152
worker_3,2179,1788087004.038399,50,4.979560,1.096064
worker_3,2180,1788087004.043426,50,4.538455,1.096416
worker_3,2181,1788087004.047989,50,4.758615,1.098368
worker_3,2182,1788087004.052764,50,4.771623,1.098336
worker_3,2183,1788087004.057553,50,4.978440,1.098784
worker_3,2184,1788087004.062581,50,4.532298,1.098368
worker_3,2185,1788087004.067137,50,4.961013,1.097760
worker_3,2186,1788087004.072145,50,4.542278,1.096832
worker_3,2187,1788087004.076711,50,4.969411,1.096768
worker_3,2188,1788087004.081728,50,4.528982,1.098048
worker_3,2189,1788087004.086281,50,4.973746,1.096416
worker_3,2190,1788087004.091300,50,4.533518,1.098400
worker_3,2191,1788087004.095858,50,4.753642,1.096256
worker_3,2192,1788087004.100629,50,4.782326,1.104480
worker_3,2193,1788087004.105427,50,4.978671,1.095328
worker_3,2194,1788087004.110455,50,4.538881,1.096320
worker_3,2195,1788087004.115018,50,4.985338,1.096672
worker_3,2196,1788087004.120062,50,4.507214,1.096832
worker_3,2197,1788087004.124593,50,4.976505,1.103744
worker_3,2198,1788087004.129615,50,4.532326,1.098496
worker_3,2199,1788087004.134172,50,4.988116,1.096000
worker_3,2200,1788087004.139207,50,4.533140,1.096544
worker_3,2201,1788087004.143765,50,4.762234,1.096448
worker_3,2202,1788087004.148546,50,4.770614,1.098752
worker_3,2203,1788087004.153333,50,4.983051,1.097024
worker_3,2204,1788087004.158365,50,4.552019,1.096480
worker_3,2205,1788087004.162943,50,4.967236,1.097120
worker_3,2206,1788087004.167957,50,4.531816,1.096896
worker_3,2207,1788087004.172514,50,4.981376,1.106720
worker_3,2208,1788087004.177543,50,4.528834,1.097344
worker_3,2209,1788087004.182097,50,4.968274,1.098048
worker_3,2210,1788087004.187112,50,4.542576,1.096704
worker_3,2211,1788087004.191678,50,4.764910,1.100448
worker_3,2212,1788087004.196463,50,4.776688,1.097344
worker_3,2213,1788087004.201257,50,4.769662,1.098272
worker_3,2214,1788087004.206043,50,4.775558,1.098560
worker_3,2215,1788087004.210847,50,4.969708,1.096000
worker_3,2216,1788087004.215865,50,4.550436,1.099264
worker_3,2217,1788087004.220441,50,4.964810,1.096864
worker_3,2218,1788087004.225455,50,4.531621,1.097248
worker_3,2219,1788087004.230011,50,4.964337,1.097664
worker_3,2220,1788087004.235022,50,4.543464,1.097888
worker_3,2221,1788087004.239589,50,4.758679,1.098400
worker_3,2222,1788087004.244365,50,4.779967,1.098880
worker_3,2223,1788087004.249161,50,4.977996,1.098432
worker_3,2224,1788087004.254186,50,4.537344,1.097216
worker_3,2225,1788087004.258749,50,4.965096,1.098016
worker_3,2226,1788087004.263760,50,4.540353,1.096160
worker_3,2227,1788087004.268325,50,4.961866,1.097184
worker_3,2228,1788087004.273336,50,4.531815,1.096832
worker_3,2229,1788087004.277892,50,4.964255,1.097152
worker_3,2230,1788087004.282904,50,4.536056,1.097824
worker_3,2231,1788087004.287464,50,4.759004,1.096096
worker_3,2232,1788087004.292240,50,4.761058,1.096224
worker_3,2233,1788087004.297018,50,4.780364,1.098976
worker_3,2234,1788087004.301815,50,4.767791,1.096064
worker_3,2235,1788087004.306611,50,4.964421,1.096160
worker_3,2236,1788087004.311624,50,4.543825,1.097248
worker_3,2237,1788087004.316192,50,4.762365,1.101696
worker_3,2238,1788087004.320972,50,4.765875,1.097120
worker_3,2239,1788087004.325754,50,4.769763,1.097568
worker_3,2240,1788087004.330540,50,4.983727,1.096832
worker_3,2241,1788087004.335572,50,4.534215,1.095712
worker_3,2242,1788087004.340130,50,4.763105,1.099776
worker_3,2243,1788087004.344913,50,4.763420,1.097248
worker_3,2244,1788087004.349694,50,5.003589,1.095808
worker_3,2245,1788087004.354743,50,4.513455,1.096448
worker_3,2246,1788087004.359281,50,4.779105,1.096256
worker_3,2247,1788087004.364077,50,4.765892,1.098208
worker_3,2248,1788087004.368858,50,4.769216,1.097312
worker_3,2249,1788087004.373644,50,4.774244,1.097248
worker_3,2250,1788087004.378434,50,4.976819,1.097856
worker_3,2251,1788087004.383459,50,4.566151,1.096928
worker_3,2252,1788087004.388051,50,4.760485,1.098688
worker_3,2253,1788087004.392830,50,4.766493,1.096384
worker_3,2254,1788087004.397624,50,4.981579,1.096992
worker_3,2255,1788087004.402653,50,4.534132,1.096640
worker_3,2256,1788087004.407212,50,4.757290,1.096544
worker_3,2257,1788087004.411988,50,4.766392,1.099264
worker_3,2258,1788087004.416772,50,4.767560,1.098208
worker_3,2259,1788087004.421555,50,4.772651,1.097504
worker_3,2260,1788087004.426344,50,4.771132,1.098368
worker_3,2261,1788087004.431130,50,4.789022,1.098496
worker_3,2262,1788087004.435934,50,4.772984,1.098400
worker_3,2263,1788087004.440723,50,4.790439,1.108480
worker_3,2264,1788087004.445530,50,4.768207,1.095808
worker_3,2265,1788087004.450314,50,4.779605,1.096448
worker_3,2266,1788087004.455110,50,4.762586,1.098368
worker_3,2267,1788087004.459890,50,4.773115,1.097792
worker_3,2268,1788087004.464678,50,4.788355,1.100384
worker_3,2269,1788087004.469484,50,4.765846,1.098272
worker_3,2270,1788087004.474265,50,4.781299,1.097792
worker_3,2271,1788087004.479061,50,4.769337,1.098688
worker_3,2272,1788087004.483847,50,4.770699,1.097184
worker_3,2273,1788087004.488635,50,4.772679,1.098016
worker_3,2274,1788087004.493426,50,4.766318,1.098976
worker_3,2275,1788087004.498208,50,4.771225,1.098240
worker_3,2276,1788087004.502994,50,4.773929,1.097056
worker_3,2277,1788087004.507783,50,4.764346,1.096576
worker_3,2278,1788087004.512562,50,4.771281,1.096608
worker_3,2279,1788087004.517349,50,4.770254,1.097280
worker_3,2280,1788087004.522135,50,4.784188,1.096704
worker_3,2281,1788087004.526935,50,4.773197,1.097696
worker_3,2282,1788087004.531724,50,4.773253,1.097824
worker_3,2283,1788087004.536513,50,4.770874,1.098272
worker_3,2284,1788087004.541300,50,4.769494,1.096224
worker_3,2285,1788087004.546084,50,4.780810,1.096800
worker_3,2286,1788087004.550880,50,4.778475,1.096608
worker_3,2287,1788087004.555751,50,4.689484,1.097248
worker_3,2288,1788087004.560460,50,4.762875,1.097472
worker_3,2289,1788087004.565241,50,4.995968,1.097632
worker_3,2290,1788087004.570286,50,4.744577,1.097280
worker_3,2291,1788087004.575077,50,4.534464,1.098336
worker_3,2292,1788087004.579636,50,4.760272,1.099264
worker_3,2293,1788087004.584429,50,4.759337,1.096704
worker_3,2294,1788087004.589205,50,4.777198,1.099456
worker_3,2295,1788087004.593998,50,4.770976,1.098496
worker_3,2296,1788087004.598784,50,4.774726,1.097536
worker_3,2297,1788087004.603575,50,4.771938,1.098176
worker_3,2298,1788087004.608362,50,4.782170,1.095744
worker_3,2299,1788087004.613159,50,4.930570,1.097856
worker_3,2300,1788087004.618105,50,4.763114,1.095520
worker_3,2301,1788087004.622885,50,4.735022,1.099232
worker_3,2302,1788087004.627636,50,4.679263,1.104768
worker_3,2303,1788087004.632332,50,4.775289,1.098944
worker_3,2304,1788087004.637122,50,4.772494,1.096544
worker_3,2305,1788087004.641910,50,4.767976,1.096672
worker_3,2306,1788087004.646693,50,4.770790,1.096672
worker_3,2307,1788087004.651479,50,4.779262,1.097792
worker_3,2308,1788087004.656276,50,4.762744,1.097760
worker_3,2309,1788087004.661054,50,4.778540,1.096672
worker_3,2310,1788087004.665848,50,4.975162,1.095776
worker_3,2311,1788087004.670872,50,4.535335,1.097440
worker_3,2312,1788087004.675435,50,4.753318,1.098752
worker_3,2313,1788087004.680224,50,4.748938,1.101312
worker_3,2314,1788087004.684990,50,4.765836,1.096480
worker_3,2315,1788087004.689773,50,4.771021,1.096576
worker_3,2316,1788087004.694560,50,4.768577,1.097408
worker_3,2317,1788087004.699344,50,4.795077,1.098336
worker_3,2318,1788087004.704155,50,4.775170,1.104800
worker_3,2319,1788087004.708948,50,4.769160,1.099008
worker_3,2320,1788087004.713733,50,4.773680,1.097312
worker_3,2321,1788087004.718522,50,4.772651,1.097376
worker_3,2322,1788087004.723311,50,4.790615,1.096832
worker_3,2323,1788087004.728117,50,4.768345,1.097760
worker_3,2324,1788087004.732901,50,4.770253,1.096704
worker_3,2325,1788087004.737686,50,4.770522,1.096128
worker_3,2326,1788087004.742471,50,4.772226,1.097120
worker_3,2327,1788087004.747260,50,4.787864,1.098752
worker_3,2328,1788087004.752063,50,4.783318,1.100288
worker_3,2329,1788087004.756865,50,4.759475,1.097760
worker_3,2330,1788087004.761641,50,4.770928,1.097280
worker_3,2331,1788087004.766428,50,4.986606,1.097504
worker_3,2332,1788087004.771476,50,4.516566,1.096128
worker_3,2333,1788087004.776020,50,4.749910,1.098336
worker_3,2334,1788087004.780788,50,4.766966,1.098368
worker_3,2335,1788087004.785571,50,4.770068,1.099104
worker_3,2336,1788087004.790357,50,4.769179,1.096960
worker_3,2337,1788087004.795142,50,4.765984,1.096864
worker_3,2338,1788087004.799923,50,4.774458,1.096704
worker_3,2339,1788087004.804715,50,4.766614,1.098368
worker_3,2340,1788087004.809497,50,4.770716,1.097312
worker_3,2341,1788087004.814284,50,4.771245,1.096864
worker_3,2342,1788087004.819071,50,4.781670,1.097472
worker_3,2343,1788087004.823867,50,4.786864,1.107712
worker_3,2344,1788087004.828669,50,4.770540,1.096416
worker_3,2345,1788087004.833454,50,4.770958,1.098624
worker_3,2346,1788087004.838241,50,4.775021,1.098304
worker_3,2347,1788087004.843031,50,4.768280,1.096736
worker_3,2348,1788087004.847815,50,4.790141,1.110432
worker_3,2349,1788087004.852620,50,4.773947,1.096640
worker_3,2350,1788087004.857413,50,4.762596,1.096736
worker_3,2351,1788087004.862193,50,4.767716,1.098080
worker_3,2352,1788087004.866981,50,4.984598,1.096704
worker_3,2353,1788087004.872012,50,4.542113,1.097280
worker_3,2354,1788087004.876580,50,4.754438,1.096544
worker_3,2355,1788087004.881352,50,4.765864,1.097728
worker_3,2356,1788087004.886134,50,4.776893,1.096704
worker_3,2357,1788087004.890927,50,4.778160,1.099328
worker_3,2358,1788087004.895721,50,4.772410,1.099040
worker_3,2359,1788087004.900509,50,4.771855,1.097472
worker_3,2360,1788087004.905298,50,4.777179,1.097600
worker_3,2361,1788087004.910091,50,4.770271,1.097024
worker_3,2362,1788087004.914877,50,4.782162,1.097120
worker_3,2363,1788087004.919677,50,4.771485,1.097696
worker_3,2364,1788087004.924464,50,4.773448,1.103040
worker_3,2365,1788087004.929253,50,4.775920,1.098400
worker_3,2366,1788087004.934046,50,4.789772,1.095680
worker_3,2367,1788087004.938849,50,4.770791,1.096320
worker_3,2368,1788087004.943636,50,4.765743,1.096352
worker_3,2369,1788087004.948417,50,4.769938,1.098944
worker_3,2370,1788087004.953201,50,4.773901,1.098144
worker_3,2371,1788087004.957998,50,4.765984,1.096544
worker_3,2372,1788087004.962779,50,4.770772,1.098016
worker_3,2373,1788087004.967564,50,4.790503,1.097792
worker_3,2374,1788087004.972371,50,4.766605,1.095776
worker_3,2375,1788087004.977155,50,4.768243,1.097792
worker_3,2376,1788087004.981939,50,4.792189,1.098112
worker_3,2377,1788087004.986746,50,4.770790,1.096672
worker_3,2378,1788087004.991532,50,4.773800,1.096832
worker_3,2379,1788087004.996323,50,4.772643,1.099040
worker_3,2380,1788087005.001111,50,4.774530,1.097280
worker_3,2381,1788087005.005900,50,4.772262,1.097056
worker_3,2382,1788087005.010688,50,4.776271,1.097760
worker_3,2383,1788087005.015479,50,4.777253,1.096480
worker_3,2384,1788087005.020271,50,4.771382,1.099584
worker_3,2385,1788087005.025058,50,4.770790,1.098592
worker_3,2386,1788087005.029844,50,4.770123,1.096032
worker_3,2387,1788087005.034629,50,4.769568,1.097696
worker_3,2388,1788087005.039413,50,4.773753,1.095744
worker_3,2389,1788087005.044201,50,4.772772,1.098336
worker_3,2390,1788087005.048989,50,4.772420,1.097408
worker_3,2391,1788087005.053783,50,4.764337,1.097472
worker_3,2392,1788087005.058564,50,4.770623,1.097216
worker_3,2393,1788087005.063350,50,4.787216,1.097728
worker_3,2394,1788087005.068153,50,4.776791,1.097600
worker_3,2395,1788087005.072949,50,4.771697,1.099424
worker_3,2396,1788087005.077738,50,4.765790,1.096256
worker_3,2397,1788087005.082519,50,4.777273,1.098496
worker_3,2398,1788087005.087312,50,4.768049,1.096384
worker_3,2399,1788087005.092096,50,4.777697,1.096288
worker_3,2400,1788087005.096889,50,4.782688,1.103904
worker_3,2401,1788087005.101687,50,4.772605,1.097696
worker_3,2402,1788087005.106475,50,4.775475,1.097504
worker_3,2403,1788087005.111267,50,4.767569,1.098592
worker_3,2404,1788087005.116049,50,4.777466,1.096064
worker_3,2405,1788087005.120841,50,4.805393,1.105920
worker_3,2406,1788087005.125662,50,4.768115,1.096832
worker_3,2407,1788087005.130445,50,4.772892,1.098304
worker_3,2408,1788087005.135234,50,4.769902,1.098624
worker_3,2409,1788087005.140019,50,4.769632,1.098208
worker_3,2410,1788087005.144810,50,4.776513,1.101856
worker_3,2411,1788087005.149601,50,4.773606,1.098176
worker_3,2412,1788087005.154390,50,4.769095,1.096960
worker_3,2413,1788087005.159175,50,4.768531,1.096544
worker_3,2414,1788087005.163958,50,4.775421,1.096896
worker_3,2415,1788087005.168750,50,4.980597,1.098784
worker_3,2416,1788087005.173780,50,4.583215,1.096672
worker_3,2417,1788087005.178410,50,4.887532,1.097664
worker_3,2418,1788087005.183343,50,4.530844,1.097568
worker_3,2419,1788087005.187898,50,4.765800,1.105824
worker_3,2420,1788087005.192682,50,4.763364,1.097600
worker_3,2421,1788087005.197462,50,4.768253,1.096512
worker_3,2422,1788087005.202246,50,4.767947,1.097184
worker_3,2423,1788087005.207028,50,4.776531,1.096352
worker_3,2424,1788087005.211819,50,4.786956,1.104128
worker_3,2425,1788087005.216621,50,4.768114,1.098144
worker_3,2426,1788087005.221404,50,4.778873,1.096576
worker_3,2427,1788087005.226197,50,4.769049,1.096672
worker_3,2428,1788087005.230983,50,4.779522,1.097440
worker_3,2429,1788087005.235778,50,4.779744,1.109152
worker_3,2430,1788087005.240580,50,4.988097,1.096576
worker_3,2431,1788087005.245617,50,4.737726,1.096640
worker_3,2432,1788087005.250400,50,4.534178,1.096864
worker_3,2433,1788087005.254958,50,4.978440,1.098912
worker_3,2434,1788087005.259982,50,4.534714,1.100736
worker_3,2435,1788087005.264542,50,4.966894,1.097376
worker_3,2436,1788087005.269554,50,4.544020,1.098240
worker_3,2437,1788087005.274123,50,4.758641,1.096896
worker_3,2438,1788087005.278973,50,4.905671,1.096288
worker_3,2439,1788087005.283924,50,4.532538,1.096608
worker_3,2440,1788087005.288481,50,4.966634,1.102016
worker_3,2441,1788087005.293495,50,4.535140,1.096608
worker_3,2442,1788087005.298055,50,4.838856,1.096896
worker_3,2443,1788087005.302942,50,4.888217,1.096992
worker_3,2444,1788087005.307877,50,4.543714,1.099296
worker_3,2445,1788087005.312445,50,4.980810,1.096896
worker_3,2446,1788087005.317475,50,4.522872,1.098464
worker_3,2447,1788087005.322023,50,4.970468,1.097536
worker_3,2448,1788087005.327039,50,4.538121,1.096672
worker_3,2449,1788087005.331614,50,4.745316,1.097408
worker_3,2450,1788087005.336377,50,4.767947,1.096736
worker_3,2451,1788087005.341162,50,4.986014,1.096736
worker_3,2452,1788087005.346196,50,4.528845,1.098304
worker_3,2453,1788087005.350749,50,4.982764,1.096448
worker_3,2454,1788087005.355779,50,4.517417,1.096800
worker_3,2455,1788087005.360321,50,4.968736,1.096704
worker_3,2456,1788087005.365338,50,4.527233,1.098112
worker_3,2457,1788087005.369890,50,4.970764,1.096704
worker_3,2458,1788087005.374909,50,4.526891,1.095744
worker_3,2459,1788087005.379461,50,4.763743,1.098240
worker_3,2460,1788087005.384244,50,4.765827,1.097440
worker_3,2461,1788087005.389025,50,4.778143,1.098464
worker_3,2462,1788087005.393820,50,4.769549,1.095648
worker_3,2463,1788087005.398605,50,4.987014,1.096928
worker_3,2464,1788087005.403640,50,4.532408,1.098336
worker_3,2465,1788087005.408198,50,4.758873,1.096224
worker_3,2466,1788087005.412975,50,4.791494,1.099424
worker_3,2467,1788087005.417783,50,4.976384,1.096256
worker_3,2468,1788087005.422808,50,4.532538,1.097216
worker_3,2469,1788087005.427383,50,4.738039,1.096608
worker_3,2470,1788087005.432140,50,4.764726,1.096256
worker_3,2471,1788087005.436922,50,4.780123,1.098592
worker_3,2472,1788087005.441719,50,4.769929,1.096192
worker_3,2473,1788087005.446503,50,4.774957,1.097792
worker_3,2474,1788087005.451293,50,4.768826,1.096256
worker_3,2475,1788087005.456077,50,4.773734,1.098144
worker_3,2476,1788087005.460866,50,4.793356,1.100864
worker_3,2477,1788087005.465674,50,4.775160,1.097376
worker_3,2478,1788087005.470466,50,4.770735,1.098400
worker_3,2479,1788087005.475253,50,4.803753,1.096896
worker_3,2480,1788087005.480071,50,4.775328,1.096128
worker_3,2481,1788087005.484862,50,4.769086,1.097792
worker_3,2482,1788087005.489646,50,4.769855,1.096480
worker_3,2483,1788087005.494431,50,4.772976,1.096256
worker_3,2484,1788087005.499219,50,4.769956,1.099072
worker_3,2485,1788087005.504003,50,4.784726,1.102720
worker_3,2486,1788087005.508802,50,4.770401,1.098656
worker_3,2487,1788087005.513588,50,4.769337,1.095712
worker_3,2488,1788087005.518378,50,4.765661,1.097440
worker_3,2489,1788087005.523159,50,4.779873,1.096256
worker_3,2490,1788087005.527955,50,4.779615,1.102304
worker_3,2491,1788087005.532749,50,4.992449,1.096224
worker_3,2492,1788087005.537791,50,4.722401,1.096448
worker_3,2493,1788087005.542560,50,4.745687,1.096800
worker_3,2494,1788087005.547352,50,4.535130,1.096320
worker_3,2495,1788087005.551911,50,4.759596,1.100608
worker_3,2496,1788087005.556689,50,4.780392,1.104384
worker_3,2497,1788087005.561486,50,4.765068,1.095296
worker_3,2498,1788087005.566267,50,4.768901,1.098560
worker_3,2499,1788087005.571052,50,4.986515,1.097312
worker_3,2500,1788087005.576086,50,4.536788,1.097408
worker_3,2501,1788087005.580648,50,4.963958,1.097056
worker_3,2502,1788087005.585663,50,4.532769,1.097792
worker_3,2503,1788087005.590220,50,4.961931,1.096256
worker_3,2504,1788087005.595229,50,4.541409,1.098624
worker_3,2505,1788087005.599795,50,4.771078,1.106656
worker_3,2506,1788087005.604583,50,4.772429,1.097440
worker_3,2507,1788087005.609372,50,4.982200,1.097088
worker_3,2508,1788087005.614415,50,4.522779,1.098528
worker_3,2509,1788087005.618962,50,4.966357,1.097216
worker_3,2510,1788087005.623973,50,4.545891,1.100608
worker_3,2511,1788087005.628545,50,4.988542,1.098336
worker_3,2512,1788087005.633578,50,4.547233,1.097568
worker_3,2513,1788087005.638149,50,4.965133,1.097664
worker_3,2514,1788087005.643163,50,4.537769,1.097792
worker_3,2515,1788087005.647726,50,4.755004,1.099264
worker_3,2516,1788087005.652499,50,4.775521,1.096096
worker_3,2517,1788087005.657292,50,4.976366,1.098528
worker_3,2518,1788087005.662318,50,4.535817,1.097600
worker_3,2519,1788087005.666878,50,4.962626,1.098592
worker_3,2520,1788087005.671887,50,4.534696,1.096320
worker_3,2521,1788087005.676447,50,4.759789,1.101280
worker_3,2522,1788087005.681224,50,4.769152,1.096384
worker_3,2523,1788087005.686009,50,4.785364,1.096224
worker_3,2524,1788087005.690811,50,4.986515,1.096896
worker_3,2525,1788087005.695846,50,4.530261,1.099232
worker_3,2526,1788087005.700401,50,4.972070,1.097792
worker_3,2527,1788087005.705429,50,4.523391,1.096352
worker_3,2528,1788087005.709977,50,4.974320,1.097888
worker_3,2529,1788087005.715000,50,4.538140,1.097600
worker_3,2530,1788087005.719563,50,4.761151,1.097792
worker_3,2531,1788087005.724342,50,4.782614,1.099808
worker_3,2532,1788087005.729141,50,4.982246,1.098912
worker_3,2533,1788087005.734170,50,4.533547,1.097792
worker_3,2534,1788087005.738728,50,4.969782,1.097568
worker_3,2535,1788087005.743745,50,4.536520,1.098464
worker_3,2536,1788087005.748307,50,4.961541,1.098848
worker_3,2537,1788087005.753315,50,4.543289,1.096224
worker_3,2538,1788087005.757881,50,4.969533,1.097152
worker_3,2539,1788087005.762898,50,4.537251,1.097792
worker_3,2540,1788087005.767460,50,4.759939,1.097440
worker_3,2541,1788087005.772238,50,4.762966,1.099328
worker_3,2542,1788087005.777017,50,4.777782,1.098048
worker_3,2543,1788087005.781811,50,4.768160,1.096544
worker_3,2544,1788087005.786595,50,4.978691,1.097472
worker_3,2545,1788087005.791624,50,4.528131,1.095424
worker_3,2546,1788087005.796178,50,4.761133,1.097792
worker_3,2547,1788087005.800970,50,4.774217,1.097696
worker_3,2548,1788087005.805762,50,4.769022,1.098752
worker_3,2549,1788087005.810548,50,4.978700,1.097728
worker_3,2550,1788087005.815574,50,4.539354,1.097344
worker_3,2551,1788087005.820137,50,4.759559,1.096128
worker_3,2552,1788087005.824913,50,4.783800,1.100896
worker_3,2553,1788087005.829713,50,4.977654,1.097184
worker_3,2554,1788087005.834737,50,4.545714,1.097088
worker_3,2555,1788087005.839307,50,4.756004,1.097760
worker_3,2556,1788087005.844081,50,4.771949,1.098144
worker_3,2557,1788087005.848869,50,4.777521,1.097792
worker_3,2558,1788087005.853662,50,4.774216,1.096480
worker_3,2559,1788087005.858452,50,4.991803,1.099840
worker_3,2560,1788087005.863492,50,4.526084,1.099008
worker_3,2561,1788087005.868044,50,4.757059,1.096960
worker_3,2562,1788087005.872818,50,4.769939,1.099712
worker_3,2563,1788087005.877606,50,5.002422,1.097120
worker_3,2564,1788087005.882657,50,4.515353,1.097856
worker_3,2565,1788087005.887196,50,4.757605,1.095744
worker_3,2566,1788087005.891985,50,4.763365,1.096384
worker_3,2567,1788087005.896765,50,4.778790,1.098528
worker_3,2568,1788087005.901560,50,4.768207,1.096640
worker_3,2569,1788087005.906344,50,4.989579,1.098848
worker_3,2570,1788087005.911381,50,4.531371,1.098048
worker_3,2571,1788087005.915937,50,4.755910,1.097856
worker_3,2572,1788087005.920710,50,4.769374,1.096032
worker_3,2573,1788087005.925497,50,4.773078,1.098272
worker_3,2574,1788087005.930285,50,4.765050,1.095744
worker_3,2575,1788087005.935068,50,4.771873,1.097408
worker_3,2576,1788087005.939856,50,4.783652,1.098816
worker_3,2577,1788087005.944656,50,4.766790,1.096288
worker_3,2578,1788087005.949438,50,4.777716,1.099008
worker_3,2579,1788087005.954231,50,4.776338,1.097632
worker_3,2580,1788087005.959022,50,4.986459,1.099072
worker_3,2581,1788087005.964060,50,4.533316,1.096416
worker_3,2582,1788087005.968618,50,4.977209,1.100608
worker_3,2583,1788087005.973641,50,4.541446,1.096480
worker_3,2584,1788087005.978208,50,4.961671,1.095744
worker_3,2585,1788087005.983218,50,4.534233,1.097152
worker_3,2586,1788087005.987790,50,4.764920,1.109888
worker_3,2587,1788087005.992574,50,4.780328,1.097792
worker_3,2588,1788087005.997370,50,4.983626,1.095424
worker_3,2589,1788087006.002485,50,4.459760,1.097408
worker_3,2590,1788087006.006971,50,4.960846,1.097504
worker_3,2591,1788087006.011980,50,4.541112,1.096480
worker_3,2592,1788087006.016546,50,4.968875,1.098272
worker_3,2593,1788087006.021562,50,4.533889,1.096992
worker_3,2594,1788087006.026120,50,4.973736,1.096544
worker_3,2595,1788087006.031144,50,4.532195,1.097024
worker_3,2596,1788087006.035701,50,4.952931,1.096512
worker_3,2597,1788087006.040692,50,4.549038,1.096800
worker_3,2598,1788087006.045264,50,4.761207,1.098176
worker_3,2599,1788087006.050040,50,4.766633,1.096768
worker_3,2600,1788087006.054821,50,4.766697,1.097184
worker_3,2601,1788087006.059600,50,4.765567,1.098144
worker_3,2602,1788087006.064379,50,4.778207,1.098496
worker_3,2603,1788087006.069170,50,4.993894,1.098080
worker_3,2604,1788087006.074203,50,4.731383,1.096096
worker_3,2605,1788087006.078983,50,4.750578,1.095680
worker_3,2606,1788087006.083776,50,4.551659,1.098912
worker_3,2607,1788087006.088351,50,4.753883,1.096960
worker_3,2608,1788087006.093123,50,4.770948,1.095488
worker_3,2609,1788087006.097912,50,4.762447,1.097184
worker_3,2610,1788087006.102687,50,4.807309,1.096736
worker_3,2611,1788087006.107530,50,4.759576,1.098016
worker_3,2612,1788087006.112323,50,4.914524,1.095520
worker_3,2613,1788087006.117283,50,4.535658,1.098752
worker_3,2614,1788087006.121844,50,4.757364,1.097248
worker_3,2615,1788087006.126621,50,4.769095,1.098752
worker_3,2616,1788087006.131406,50,4.768567,1.097376
worker_3,2617,1788087006.136189,50,4.769873,1.097568
worker_3,2618,1788087006.140975,50,4.773169,1.098240
worker_3,2619,1788087006.145763,50,4.990403,1.098816
worker_3,2620,1788087006.150802,50,4.531992,1.098592
worker_3,2621,1788087006.155359,50,4.756151,1.097792
worker_3,2622,1788087006.160133,50,4.765493,1.095936
worker_3,2623,1788087006.164915,50,4.787179,1.099328
worker_3,2624,1788087006.169719,50,4.763235,1.096288
worker_3,2625,1788087006.174503,50,4.772818,1.096640
worker_3,2626,1788087006.179298,50,4.781271,1.097280
worker_3,2627,1788087006.184114,50,4.721327,1.097856
worker_3,2628,1788087006.188852,50,4.766059,1.096608
worker_3,2629,1788087006.193638,50,4.766938,1.098208
worker_3,2630,1788087006.198422,50,4.766004,1.096960
worker_3,2631,1788087006.203204,50,4.770873,1.097792
worker_3,2632,1788087006.207991,50,4.772113,1.099872
worker_3,2633,1788087006.212779,50,4.764995,1.096256
worker_3,2634,1788087006.217559,50,4.767374,1.099008
worker_3,2635,1788087006.222341,50,4.774605,1.097184
worker_3,2636,1788087006.227131,50,4.772699,1.098848
worker_3,2637,1788087006.231919,50,4.777216,1.098560
worker_3,2638,1788087006.236711,50,4.771336,1.097824
worker_3,2639,1788087006.241498,50,4.763827,1.096128
worker_3,2640,1788087006.246278,50,4.978588,1.095488
worker_3,2641,1788087006.251307,50,4.528973,1.098208
worker_3,2642,1788087006.255861,50,4.760418,1.096672
worker_3,2643,1788087006.260639,50,4.772873,1.097760
worker_3,2644,1788087006.265440,50,4.966098,1.096352
worker_3,2645,1788087006.270453,50,4.547372,1.097440
worker_3,2646,1788087006.275026,50,4.963672,1.098656
worker_3,2647,1788087006.280037,50,4.536556,1.096608
worker_3,2648,1788087006.284597,50,4.967173,1.096960
worker_3,2649,1788087006.289613,50,4.530048,1.096096
worker_3,2650,1788087006.294167,50,4.759522,1.097824
worker_3,2651,1788087006.298944,50,4.771689,1.097792
worker_3,2652,1788087006.303731,50,4.770336,1.098336
worker_3,2653,1788087006.308520,50,4.779410,1.098912
worker_3,2654,1788087006.313314,50,4.992811,1.096256
worker_3,2655,1788087006.318355,50,4.522649,1.095808
worker_3,2656,1788087006.322904,50,4.758152,1.098400
worker_3,2657,1788087006.327681,50,4.765688,1.099936
worker_3,2658,1788087006.332463,50,4.779642,1.096736
worker_3,2659,1788087006.337258,50,4.771308,1.097152
worker_3,2660,1788087006.342044,50,4.768281,1.098464
worker_3,2661,1788087006.346828,50,4.773827,1.098368
worker_3,2662,1788087006.351616,50,4.779912,1.100096
worker_3,2663,1788087006.356412,50,4.986801,1.098656
worker_3,2664,1788087006.361456,50,4.525650,1.096672
worker_3,2665,1788087006.366008,50,4.971440,1.097824
worker_3,2666,1788087006.371027,50,4.528983,1.098368
worker_3,2667,1788087006.375580,50,4.757308,1.097792
worker_3,2668,1788087006.380355,50,4.782345,1.097760
worker_3,2669,1788087006.385153,50,4.981773,1.096480
worker_3,2670,1788087006.390183,50,4.530187,1.097152
worker_3,2671,1788087006.394737,50,4.960143,1.097248
worker_3,2672,1788087006.399744,50,4.536288,1.097408
worker_3,2673,1788087006.404304,50,4.961357,1.095744
worker_3,2674,1788087006.409311,50,4.536604,1.098016
worker_3,2675,1788087006.413872,50,4.964329,1.097280
worker_3,2676,1788087006.418881,50,4.532158,1.096608
worker_3,2677,1788087006.423438,50,4.759551,1.096640
worker_3,2678,1788087006.428224,50,4.762503,1.099392
worker_3,2679,1788087006.433003,50,4.766624,1.096128
worker_3,2680,1788087006.437786,50,4.783559,1.096192
worker_3,2681,1788087006.442588,50,4.974024,1.097024
worker_3,2682,1788087006.447610,50,4.552586,1.096160
worker_3,2683,1788087006.452197,50,4.749587,1.102112
worker_3,2684,1788087006.456966,50,4.765633,1.097792
worker_3,2685,1788087006.461749,50,4.765327,1.096480
worker_3,2686,1788087006.466530,50,4.771504,1.096800
worker_3,2687,1788087006.471317,50,4.785058,1.095552
worker_3,2688,1788087006.476118,50,4.773254,1.101088
worker_3,2689,1788087006.480906,50,4.767771,1.096672
worker_3,2690,1788087006.485689,50,4.774429,1.097664
worker_3,2691,1788087006.490479,50,4.773373,1.097248
worker_3,2692,1788087006.495267,50,4.795541,1.099360
worker_3,2693,1788087006.500078,50,4.776162,1.101152
worker_3,2694,1788087006.504870,50,4.776050,1.099200
worker_3,2695,1788087006.509661,50,4.776114,1.095744
worker_3,2696,1788087006.514452,50,4.770466,1.097792
worker_3,2697,1788087006.519240,50,4.789273,1.095744
worker_3,2698,1788087006.524044,50,4.772132,1.099520
worker_3,2699,1788087006.528832,50,4.767503,1.097568
worker_3,2700,1788087006.533615,50,4.773512,1.097344
worker_3,2701,1788087006.538403,50,4.768152,1.096960
worker_3,2702,1788087006.543187,50,4.770234,1.097696
worker_3,2703,1788087006.547978,50,4.763698,1.097792
worker_3,2704,1788087006.552756,50,4.773077,1.098944
worker_3,2705,1788087006.557545,50,4.975570,1.098432
worker_3,2706,1788087006.562571,50,4.737141,1.097984
worker_3,2707,1788087006.567355,50,4.558196,1.096800
worker_3,2708,1788087006.571937,50,4.967070,1.100704
worker_3,2709,1788087006.576952,50,4.531612,1.098240
worker_3,2710,1788087006.581508,50,4.974440,1.096384
worker_3,2711,1788087006.586529,50,4.534751,1.096704
worker_3,2712,1788087006.591087,50,4.979329,1.097024
worker_3,2713,1788087006.596113,50,4.543595,1.099904
worker_3,2714,1788087006.600682,50,4.964254,1.097696
worker_3,2715,1788087006.605695,50,4.534945,1.097600
worker_3,2716,1788087006.610256,50,4.979163,1.096672
worker_3,2717,1788087006.615284,50,4.529380,1.097984
worker_3,2718,1788087006.619838,50,4.768003,1.103296
worker_3,2719,1788087006.624624,50,4.763716,1.096896
worker_3,2720,1788087006.629404,50,4.985995,1.097760
worker_3,2721,1788087006.634441,50,4.528417,1.097792
worker_3,2722,1788087006.639003,50,4.962282,1.097056
worker_3,2723,1788087006.644012,50,4.556260,1.099520
worker_3,2724,1788087006.648593,50,4.959274,1.098304
worker_3,2725,1788087006.653600,50,4.535585,1.095776
worker_3,2726,1788087006.658159,50,4.828384,1.096128
worker_3,2727,1788087006.663036,50,4.685955,1.097632
worker_3,2728,1788087006.667746,50,4.757364,1.095808
worker_3,2729,1788087006.672522,50,4.765938,1.098688
worker_3,2730,1788087006.677304,50,4.985014,1.095712
worker_3,2731,1788087006.682337,50,4.537418,1.096192
worker_3,2732,1788087006.686898,50,4.979283,1.099040
worker_3,2733,1788087006.691923,50,4.526724,1.096192
worker_3,2734,1788087006.696475,50,4.971468,1.097376
worker_3,2735,1788087006.701493,50,4.525186,1.096384
worker_3,2736,1788087006.706043,50,5.005663,1.097120
worker_3,2737,1788087006.711097,50,4.524677,1.097408
worker_3,2738,1788087006.715647,50,4.761003,1.097760
worker_3,2739,1788087006.720425,50,4.766280,1.098368
worker_3,2740,1788087006.725282,50,4.902161,1.096704
worker_3,2741,1788087006.730232,50,4.537908,1.096256
worker_3,2742,1788087006.734808,50,4.944384,1.097312
worker_3,2743,1788087006.739799,50,4.541112,1.100256
worker_3,2744,1788087006.744366,50,4.973792,1.097696
worker_3,2745,1788087006.749387,50,4.540677,1.096192
worker_3,2746,1788087006.753951,50,4.965468,1.098368
worker_3,2747,1788087006.758963,50,4.539382,1.096800
worker_3,2748,1788087006.763528,50,4.763864,1.100544
worker_3,2749,1788087006.768309,50,4.759744,1.098112
worker_3,2750,1788087006.773085,50,4.981717,1.098656
worker_3,2751,1788087006.778117,50,4.526195,1.097792
worker_3,2752,1788087006.782668,50,4.813976,1.096384
worker_3,2753,1788087006.787530,50,4.696326,1.096864
worker_3,2754,1788087006.792253,50,4.753197,1.099200
worker_3,2755,1788087006.797025,50,4.782818,1.096864
worker_3,2756,1788087006.801829,50,4.759086,1.097376
worker_3,2757,1788087006.806605,50,4.761457,1.096256
worker_3,2758,1788087006.811382,50,4.768170,1.096864
worker_3,2759,1788087006.816165,50,4.776132,1.098272
worker_3,2760,1788087006.820956,50,4.789901,1.100000
worker_3,2761,1788087006.825772,50,4.755420,1.098400
worker_3,2762,1788087006.830543,50,4.771041,1.098880
worker_3,2763,1788087006.835329,50,4.771235,1.097280
worker_3,2764,1788087006.840115,50,4.776262,1.098112
worker_3,2765,1788087006.844907,50,4.781207,1.099296
worker_3,2766,1788087006.849702,50,4.772374,1.096320
worker_3,2767,1788087006.854489,50,4.774123,1.096576
worker_3,2768,1788087006.859279,50,4.770465,1.095648
worker_3,2769,1788087006.864066,50,4.769383,1.096448
worker_3,2770,1788087006.868850,50,4.792430,1.098176
worker_3,2771,1788087006.873658,50,4.772818,1.097408
worker_3,2772,1788087006.878447,50,4.773948,1.097792
worker_3,2773,1788087006.883236,50,4.771550,1.099104
worker_3,2774,1788087006.888022,50,4.772568,1.096864
worker_3,2775,1788087006.892810,50,4.771928,1.096384
worker_3,2776,1788087006.897597,50,5.005477,1.096736
worker_3,2777,1788087006.902653,50,4.718512,1.097728
worker_3,2778,1788087006.907417,50,4.525880,1.095488
worker_3,2779,1788087006.911965,50,4.764317,1.098304
worker_3,2780,1788087006.916749,50,4.781780,1.104832
worker_3,2781,1788087006.921583,50,4.732716,1.097152
worker_3,2782,1788087006.926332,50,4.770207,1.097024
worker_3,2783,1788087006.931117,50,4.777281,1.096192
worker_3,2784,1788087006.935911,50,4.774883,1.098720
worker_3,2785,1788087006.940701,50,4.775060,1.100960
worker_3,2786,1788087006.945492,50,4.769605,1.096512
worker_3,2787,1788087006.950277,50,4.781086,1.096896
worker_3,2788,1788087006.955074,50,4.770716,1.096384
worker_3,2789,1788087006.959861,50,4.773244,1.098112
worker_3,2790,1788087006.964648,50,4.783031,1.099008
worker_3,2791,1788087006.969447,50,4.770484,1.097280
worker_3,2792,1788087006.974234,50,4.779975,1.096384
worker_3,2793,1788087006.979030,50,4.767059,1.097088
worker_3,2794,1788087006.983812,50,4.774892,1.096896
worker_3,2795,1788087006.988602,50,4.789688,1.098432
worker_3,2796,1788087006.993406,50,4.771161,1.096672
worker_3,2797,1788087006.998192,50,4.992773,1.097824
worker_3,2798,1788087007.003232,50,4.732383,1.098304
worker_3,2799,1788087007.008011,50,4.739966,1.096192
worker_3,2800,1788087007.012807,50,4.539853,1.102016
worker_3,2801,1788087007.017371,50,4.751624,1.097760
worker_3,2802,1788087007.022141,50,4.779216,1.097152
worker_3,2803,1788087007.026936,50,4.764197,1.096960
worker_3,2804,1788087007.031717,50,4.768495,1.098240
worker_3,2805,1788087007.036501,50,4.778188,1.107968
worker_3,2806,1788087007.041295,50,4.785206,1.096352
worker_3,2807,1788087007.046095,50,4.772494,1.098080
worker_3,2808,1788087007.050882,50,4.771207,1.097568
worker_3,2809,1788087007.055669,50,4.780032,1.100544
worker_3,2810,1788087007.060464,50,4.780077,1.099200
worker_3,2811,1788087007.065260,50,4.765660,1.096320
worker_3,2812,1788087007.070042,50,4.799189,1.100736
worker_3,2813,1788087007.074857,50,4.771660,1.097792
worker_3,2814,1788087007.079644,50,4.769689,1.096512
worker_3,2815,1788087007.084429,50,4.773448,1.101280
worker_3,2816,1788087007.089219,50,4.767938,1.098784
worker_3,2817,1788087007.094003,50,4.777179,1.096736
worker_3,2818,1788087007.098795,50,4.985366,1.097536
worker_3,2819,1788087007.103831,50,4.738855,1.096672
worker_3,2820,1788087007.108626,50,4.524066,1.098784
worker_3,2821,1788087007.113175,50,4.761484,1.097280
worker_3,2822,1788087007.117954,50,4.779790,1.096352
worker_3,2823,1788087007.122750,50,4.769273,1.096224
worker_3,2824,1788087007.127534,50,4.775216,1.098176
worker_3,2825,1788087007.132324,50,4.765003,1.096640
worker_3,2826,1788087007.137104,50,4.774430,1.096928
worker_3,2827,1788087007.141894,50,4.766623,1.096224
worker_3,2828,1788087007.146675,50,4.772030,1.097760
worker_3,2829,1788087007.151462,50,4.772798,1.098400
worker_3,2830,1788087007.156251,50,4.772522,1.096800
worker_3,2831,1788087007.161039,50,4.767484,1.097216
worker_3,2832,1788087007.165823,50,4.767910,1.095584
worker_3,2833,1788087007.170607,50,4.774133,1.100320
worker_3,2834,1788087007.175396,50,4.773152,1.098816
worker_3,2835,1788087007.180185,50,4.769864,1.096064
worker_3,2836,1788087007.184969,50,4.787744,1.097888
worker_3,2837,1788087007.189772,50,4.768679,1.096128
worker_3,2838,1788087007.194555,50,4.771272,1.096832
worker_3,2839,1788087007.199348,50,4.981570,1.096896
worker_3,2840,1788087007.204377,50,4.758161,1.099616
worker_3,2841,1788087007.209182,50,4.742660,1.096768
worker_3,2842,1788087007.213970,50,4.748586,1.095968
worker_3,2843,1788087007.218764,50,4.533863,1.095584
worker_3,2844,1788087007.223324,50,4.758104,1.097152
worker_3,2845,1788087007.228100,50,4.764846,1.096192
worker_3,2846,1788087007.232880,50,4.783688,1.104096
worker_3,2847,1788087007.237680,50,4.776873,1.097088
worker_3,2848,1788087007.242473,50,4.771531,1.096128
worker_3,2849,1788087007.247261,50,4.770420,1.097824
worker_3,2850,1788087007.252047,50,4.774799,1.096480
worker_3,2851,1788087007.256838,50,4.768114,1.096992
worker_3,2852,1788087007.261622,50,4.768975,1.096256
worker_3,2853,1788087007.266406,50,4.775716,1.097408
worker_3,2854,1788087007.271197,50,4.778616,1.097088
worker_3,2855,1788087007.275991,50,4.769984,1.096320
worker_3,2856,1788087007.280775,50,4.771383,1.098368
worker_3,2857,1788087007.285562,50,4.775207,1.098336
worker_3,2858,1788087007.290353,50,4.772040,1.096896
worker_3,2859,1788087007.295150,50,4.777216,1.096384
worker_3,2860,1788087007.299943,50,4.780558,1.099872
worker_3,2861,1788087007.304741,50,4.762040,1.097984
worker_3,2862,1788087007.309521,50,4.767059,1.096064
worker_3,2863,1788087007.314305,50,4.772540,1.098432
worker_3,2864,1788087007.319094,50,4.781262,1.096000
worker_3,2865,1788087007.323893,50,4.780865,1.106688
worker_3,2866,1788087007.328690,50,4.768271,1.096416
worker_3,2867,1788087007.333473,50,4.776068,1.096704
worker_3,2868,1788087007.338266,50,4.768633,1.095776
worker_3,2869,1788087007.343050,50,4.777179,1.098368
worker_3,2870,1788087007.347841,50,4.778753,1.101248
worker_3,2871,1788087007.352635,50,4.768355,1.096640
worker_3,2872,1788087007.357419,50,4.769383,1.097312
worker_3,2873,1788087007.362203,50,4.770827,1.097056
worker_3,2874,1788087007.366989,50,4.777197,1.096672
worker_3,2875,1788087007.371781,50,4.771105,1.097280
worker_3,2876,1788087007.376569,50,4.787383,1.098048
worker_3,2877,1788087007.381371,50,4.773697,1.098688
worker_3,2878,1788087007.386164,50,4.768345,1.096480
worker_3,2879,1788087007.390949,50,4.769013,1.098048
worker_3,2880,1788087007.395733,50,4.772419,1.097024
worker_3,2881,1788087007.400520,50,4.834439,1.098560
worker_3,2882,1788087007.405404,50,4.890876,1.096512
worker_3,2883,1788087007.410341,50,4.745095,1.095904
worker_3,2884,1788087007.415132,50,4.527177,1.097120
worker_3,2885,1788087007.419685,50,4.757411,1.097088
worker_3,2886,1788087007.424462,50,4.768957,1.098880
worker_3,2887,1788087007.429247,50,4.762568,1.098112
worker_3,2888,1788087007.434027,50,4.800049,1.096672
worker_3,2889,1788087007.438843,50,4.773447,1.096384
worker_3,2890,1788087007.443631,50,4.775902,1.097824
worker_3,2891,1788087007.448493,50,4.698382,1.097216
worker_3,2892,1788087007.453209,50,4.768567,1.096960
worker_3,2893,1788087007.457994,50,4.776863,1.097856
worker_3,2894,1788087007.462787,50,4.769512,1.096224
worker_3,2895,1788087007.467572,50,4.773551,1.097216
worker_3,2896,1788087007.472360,50,4.773957,1.100416
worker_3,2897,1788087007.477149,50,4.769271,1.096064
worker_3,2898,1788087007.481940,50,4.788041,1.096448
worker_3,2899,1788087007.486743,50,4.774198,1.098784
worker_3,2900,1788087007.491533,50,4.771753,1.096480
worker_3,2901,1788087007.496320,50,4.774865,1.100704
worker_3,2902,1788087007.501110,50,4.976671,1.096512
worker_3,2903,1788087007.506137,50,4.738883,1.096640
worker_3,2904,1788087007.510923,50,4.536066,1.096544
worker_3,2905,1788087007.515483,50,4.762669,1.097568
worker_3,2906,1788087007.520263,50,4.771671,1.099264
worker_3,2907,1788087007.525051,50,4.772901,1.096864
worker_3,2908,1788087007.529840,50,4.765493,1.097760
worker_3,2909,1788087007.534621,50,4.767772,1.099072
worker_3,2910,1788087007.539405,50,4.771030,1.097600
worker_3,2911,1788087007.544191,50,4.779568,1.098656
worker_3,2912,1788087007.548985,50,4.786022,1.097408
worker_3,2913,1788087007.553787,50,4.768207,1.098560
worker_3,2914,1788087007.558570,50,4.777354,1.098976
worker_3,2915,1788087007.563362,50,4.949411,1.096608
worker_3,2916,1788087007.568328,50,4.601908,1.096992
worker_3,2917,1788087007.572951,50,4.765930,1.096736
worker_3,2918,1788087007.577732,50,4.771466,1.096768
worker_3,2919,1788087007.582519,50,4.977357,1.096544
worker_3,2920,1788087007.587545,50,4.706040,1.097792
worker_3,2921,1788087007.592275,50,4.801799,1.100544
worker_3,2922,1788087007.597123,50,4.737364,1.097216
worker_3,2923,1788087007.601906,50,4.744642,1.097408
worker_3,2924,1788087007.606697,50,4.738048,1.096768
worker_3,2925,1788087007.611480,50,4.564159,1.097472
worker_3,2926,1788087007.616068,50,4.759901,1.102208
worker_3,2927,1788087007.620845,50,4.768309,1.098272
worker_3,2928,1788087007.625630,50,4.978662,1.097280
worker_3,2929,1788087007.630657,50,4.536186,1.097792
worker_3,2930,1788087007.635218,50,4.766642,1.096640
worker_3,2931,1788087007.640004,50,4.761189,1.095712
worker_3,2932,1788087007.644781,50,4.774466,1.098464
worker_3,2933,1788087007.649572,50,4.767513,1.096192
worker_3,2934,1788087007.654356,50,4.979802,1.098080
worker_3,2935,1788087007.659384,50,4.531158,1.097184
worker_3,2936,1788087007.663938,50,4.760716,1.096800
worker_3,2937,1788087007.668730,50,4.754077,1.101792
worker_3,2938,1788087007.673501,50,4.767346,1.096384
worker_3,2939,1788087007.678284,50,4.775216,1.096096
worker_3,2940,1788087007.683074,50,4.773354,1.096672
worker_3,2941,1788087007.687863,50,4.772188,1.099136
worker_3,2942,1788087007.692651,50,4.774087,1.099264
worker_3,2943,1788087007.697441,50,4.770660,1.099040
worker_3,2944,1788087007.702227,50,4.777642,1.097344
worker_3,2945,1788087007.707020,50,4.769271,1.097216
worker_3,2946,1788087007.711804,50,4.778013,1.097824
worker_3,2947,1788087007.716598,50,4.982635,1.100672
worker_3,2948,1788087007.721628,50,4.736021,1.097056
worker_3,2949,1788087007.726410,50,4.563640,1.098848
worker_3,2950,1788087007.730999,50,4.962792,1.096864
worker_3,2951,1788087007.736008,50,4.543723,1.098400
worker_3,2952,1788087007.740577,50,4.966477,1.101184
worker_3,2953,1788087007.745593,50,4.537362,1.097088
worker_3,2954,1788087007.750155,50,4.767596,1.098304
worker_3,2955,1788087007.754942,50,4.990005,1.095648
worker_3,2956,1788087007.759990,50,4.506833,1.096608
worker_3,2957,1788087007.764522,50,4.966579,1.098624
worker_3,2958,1788087007.769536,50,4.532918,1.097536
worker_3,2959,1788087007.774094,50,4.982320,1.097664
worker_3,2960,1788087007.779124,50,4.533362,1.098240
worker_3,2961,1788087007.783682,50,4.759013,1.097280
worker_3,2962,1788087007.788458,50,4.770502,1.101024
worker_3,2963,1788087007.793246,50,4.771567,1.097344
worker_3,2964,1788087007.798033,50,4.773985,1.098048
worker_3,2965,1788087007.802821,50,4.769699,1.096896
worker_3,2966,1788087007.807606,50,4.788364,1.096320
worker_3,2967,1788087007.812412,50,4.767578,1.097024
worker_3,2968,1788087007.817195,50,4.767170,1.096992
worker_3,2969,1788087007.821977,50,4.789281,1.103488
worker_3,2970,1788087007.826781,50,4.771994,1.099072
worker_3,2971,1788087007.831568,50,4.770105,1.096448
worker_3,2972,1788087007.836353,50,4.776254,1.098208
worker_3,2973,1788087007.841144,50,4.796301,1.098336
worker_3,2974,1788087007.845956,50,4.772160,1.097312
worker_3,2975,1788087007.850744,50,4.769114,1.096448
worker_3,2976,1788087007.855534,50,4.773577,1.096032
worker_3,2977,1788087007.860324,50,4.763624,1.095520
worker_3,2978,1788087007.865103,50,4.775725,1.097824
worker_3,2979,1788087007.869895,50,4.779161,1.103104
worker_3,2980,1788087007.874688,50,4.769873,1.096896
worker_3,2981,1788087007.879473,50,4.768864,1.098688
worker_3,2982,1788087007.884258,50,4.771652,1.098496
worker_3,2983,1788087007.889045,50,4.980302,1.096352
worker_3,2984,1788087007.894076,50,4.735874,1.097120
worker_3,2985,1788087007.898857,50,4.744281,1.099808
worker_3,2986,1788087007.903650,50,4.537603,1.097024
worker_3,2987,1788087007.908218,50,4.751273,1.095744
worker_3,2988,1788087007.912986,50,4.779189,1.096480
worker_3,2989,1788087007.917782,50,4.773438,1.096576
worker_3,2990,1788087007.922571,50,4.768032,1.098880
worker_3,2991,1788087007.927354,50,4.768920,1.097792
worker_3,2992,1788087007.932138,50,4.773586,1.099264
worker_3,2993,1788087007.936927,50,4.785171,1.098912
worker_3,2994,1788087007.941727,50,4.769383,1.096864
worker_3,2995,1788087007.946518,50,4.770365,1.098848
worker_3,2996,1788087007.951304,50,4.772679,1.097216
worker_3,2997,1788087007.956091,50,4.769197,1.097248
worker_3,2998,1788087007.960876,50,4.770949,1.096320
worker_3,2999,1788087007.965664,50,4.774328,1.099232
worker_3,3000,1788087007.970454,50,4.775354,1.097504
worker_3,3001,1788087007.975245,50,4.769504,1.097056
worker_3,3002,1788087007.980030,50,4.779688,1.102432
worker_3,3003,1788087007.984826,50,4.770846,1.097216
worker_3,3004,1788087007.989612,50,4.770560,1.098912
worker_3,3005,1788087007.994398,50,4.981098,1.096832
worker_3,3006,1788087007.999427,50,4.739754,1.096864
worker_3,3007,1788087008.004225,50,4.738577,1.098752
worker_3,3008,1788087008.009008,50,4.735614,1.096448
worker_3,3009,1788087008.013790,50,4.535317,1.097376
worker_3,3010,1788087008.018349,50,4.755577,1.098880
worker_3,3011,1788087008.023123,50,4.787632,1.095712
worker_3,3012,1788087008.027925,50,4.771365,1.096992
worker_3,3013,1788087008.032712,50,4.769401,1.096864
worker_3,3014,1788087008.037497,50,4.767346,1.096832
worker_3,3015,1788087008.042296,50,4.758253,1.098432
worker_3,3016,1788087008.047069,50,4.785466,1.098304
worker_3,3017,1788087008.051869,50,4.780040,1.097632
worker_3,3018,1788087008.056664,50,4.772725,1.098240
worker_3,3019,1788087008.061453,50,4.776021,1.096736
worker_3,3020,1788087008.066244,50,4.772318,1.098240
worker_3,3021,1788087008.071032,50,4.772327,1.096192
worker_3,3022,1788087008.075819,50,4.784735,1.101600
worker_3,3023,1788087008.080618,50,4.766874,1.097536
worker_3,3024,1788087008.085400,50,4.775576,1.098112
worker_3,3025,1788087008.090191,50,4.772698,1.098112
worker_3,3026,1788087008.094978,50,4.781745,1.097376
worker_3,3027,1788087008.099776,50,4.997227,1.104800
worker_3,3028,1788087008.104824,50,4.728373,1.096416
worker_3,3029,1788087008.109599,50,4.743160,1.096640
worker_3,3030,1788087008.114389,50,4.533574,1.096352
worker_3,3031,1788087008.118948,50,4.965717,1.097568
worker_3,3032,1788087008.123961,50,4.537732,1.098560
worker_3,3033,1788087008.128525,50,4.977069,1.095744
worker_3,3034,1788087008.133562,50,4.507704,1.095744
worker_3,3035,1788087008.138094,50,4.753290,1.095872
worker_3,3036,1788087008.142865,50,4.975607,1.097248
worker_3,3037,1788087008.147888,50,4.533177,1.096864
worker_3,3038,1788087008.152445,50,4.970681,1.097728
worker_3,3039,1788087008.157464,50,4.553501,1.095872
worker_3,3040,1788087008.162055,50,4.728271,1.096128
worker_3,3041,1788087008.166807,50,4.976467,1.096800
worker_3,3042,1788087008.171910,50,4.449435,1.098144
worker_3,3043,1788087008.176386,50,4.977393,1.101120
worker_3,3044,1788087008.181410,50,4.525852,1.098944
worker_3,3045,1788087008.185960,50,5.001477,1.099072
worker_3,3046,1788087008.191008,50,4.516658,1.099104
worker_3,3047,1788087008.195549,50,4.755133,1.096032
worker_3,3048,1788087008.200323,50,4.768967,1.100320
worker_3,3049,1788087008.205108,50,4.986328,1.096512
worker_3,3050,1788087008.210145,50,4.530352,1.095744
worker_3,3051,1788087008.214701,50,4.961958,1.096672
worker_3,3052,1788087008.219711,50,4.536658,1.095424
worker_3,3053,1788087008.224272,50,4.964394,1.097696
worker_3,3054,1788087008.229297,50,4.525677,1.097632
worker_3,3055,1788087008.233849,50,4.969690,1.097664
worker_3,3056,1788087008.238866,50,4.536084,1.096448
worker_3,3057,1788087008.243427,50,4.757216,1.096096
worker_3,3058,1788087008.248203,50,4.766206,1.097760
worker_3,3059,1788087008.252984,50,4.767198,1.095520
worker_3,3060,1788087008.257767,50,4.772308,1.096640
worker_3,3061,1788087008.262556,50,4.976820,1.096256
worker_3,3062,1788087008.267582,50,4.545567,1.097792
worker_3,3063,1788087008.272151,50,4.762096,1.101664
worker_3,3064,1788087008.276930,50,4.771161,1.098368
worker_3,3065,1788087008.281718,50,4.768921,1.097792
worker_3,3066,1788087008.286503,50,4.783660,1.097760
worker_3,3067,1788087008.291303,50,4.778179,1.098464
worker_3,3068,1788087008.296096,50,4.777799,1.097504
worker_3,3069,1788087008.300890,50,4.782050,1.101856
worker_3,3070,1788087008.305688,50,4.991560,1.098240
worker_3,3071,1788087008.310728,50,4.555510,1.098880
worker_3,3072,1788087008.315323,50,4.720689,1.096416
worker_3,3073,1788087008.320078,50,4.745318,1.097568
worker_3,3074,1788087008.324841,50,4.799207,1.111648
worker_3,3075,1788087008.329657,50,4.768540,1.097056
worker_3,3076,1788087008.334440,50,4.988070,1.098144
worker_3,3077,1788087008.339476,50,4.531817,1.096896
worker_3,3078,1788087008.344032,50,4.764003,1.096704
worker_3,3079,1788087008.348813,50,4.780124,1.101728
worker_3,3080,1788087008.353610,50,4.997330,1.095584
worker_3,3081,1788087008.358655,50,4.522584,1.098720
worker_3,3082,1788087008.363203,50,4.756920,1.097152
worker_3,3083,1788087008.367979,50,4.767438,1.097184
worker_3,3084,1788087008.372762,50,4.782689,1.097856
worker_3,3085,1788087008.377561,50,4.770236,1.096288
worker_3,3086,1788087008.382347,50,4.770558,1.096224
worker_3,3087,1788087008.387132,50,4.773531,1.096960
worker_3,3088,1788087008.391921,50,4.775402,1.096960
worker_3,3089,1788087008.396712,50,4.767114,1.098784
worker_3,3090,1788087008.401495,50,4.832125,1.098464
worker_3,3091,1788087008.406376,50,4.887560,1.097056
worker_3,3092,1788087008.411309,50,4.539695,1.097504
worker_3,3093,1788087008.415886,50,4.743762,1.098432
worker_3,3094,1788087008.420648,50,4.771930,1.100832
worker_3,3095,1788087008.425437,50,4.974199,1.097568
worker_3,3096,1788087008.430459,50,4.537362,1.096256
worker_3,3097,1788087008.435020,50,4.961986,1.096352
worker_3,3098,1788087008.440029,50,4.543223,1.097824
worker_3,3099,1788087008.444597,50,4.971644,1.107584
worker_3,3100,1788087008.449618,50,4.535501,1.097152
worker_3,3101,1788087008.454178,50,4.974792,1.096128
worker_3,3102,1788087008.459199,50,4.538548,1.096992
worker_3,3103,1788087008.463763,50,4.752049,1.096448
worker_3,3104,1788087008.468533,50,4.768632,1.099136
worker_3,3105,1788087008.473318,50,4.980505,1.097568
worker_3,3106,1788087008.478347,50,4.537122,1.097312
worker_3,3107,1788087008.482908,50,4.963431,1.095936
worker_3,3108,1788087008.487918,50,4.539094,1.098688
worker_3,3109,1788087008.492482,50,4.996792,1.099936
worker_3,3110,1788087008.497525,50,4.510222,1.098592
worker_3,3111,1788087008.502060,50,4.982912,1.097600
worker_3,3112,1788087008.507101,50,4.524899,1.096512
worker_3,3113,1788087008.511651,50,4.751707,1.097440
worker_3,3114,1788087008.516420,50,4.769642,1.096832
worker_3,3115,1788087008.521205,50,4.781263,1.095776
worker_3,3116,1788087008.526007,50,4.758078,1.097888
worker_3,3117,1788087008.530782,50,4.772651,1.095840
worker_3,3118,1788087008.535573,50,4.767837,1.098816
worker_3,3119,1788087008.540357,50,4.773171,1.099840
worker_3,3120,1788087008.545144,50,4.773929,1.096416
worker_3,3121,1788087008.549934,50,4.765078,1.097696
worker_3,3122,1788087008.554714,50,4.769949,1.096672
worker_3,3123,1788087008.559500,50,4.770447,1.096160
worker_3,3124,1788087008.564285,50,4.909319,1.096352
worker_3,3125,1788087008.569209,50,4.774271,1.097280
worker_3,3126,1788087008.573999,50,4.653400,1.095808
worker_3,3127,1788087008.578667,50,4.906801,1.104704
worker_3,3128,1788087008.583590,50,4.782364,1.098080
worker_3,3129,1788087008.588387,50,4.768660,1.097280
worker_3,3130,1788087008.593170,50,4.622994,1.098208
worker_3,3131,1788087008.597808,50,4.778984,1.098048
worker_3,3132,1788087008.602614,50,4.769698,1.096512
worker_3,3133,1788087008.607399,50,4.769754,1.097824
worker_3,3134,1788087008.612186,50,4.769957,1.098752
worker_3,3135,1788087008.616971,50,4.985996,1.096352
worker_3,3136,1788087008.622005,50,4.729670,1.096896
worker_3,3137,1788087008.626782,50,4.536723,1.097376
worker_3,3138,1788087008.631345,50,4.751641,1.095968
worker_3,3139,1788087008.636114,50,4.982756,1.097120
worker_3,3140,1788087008.641144,50,4.532389,1.095264
worker_3,3141,1788087008.645701,50,4.756447,1.097536
worker_3,3142,1788087008.650476,50,4.972153,1.096192
worker_3,3143,1788087008.655496,50,4.552945,1.097152
worker_3,3144,1788087008.660073,50,4.759050,1.096864
worker_3,3145,1788087008.664850,50,4.763633,1.096992
worker_3,3146,1788087008.669630,50,4.978301,1.096896
worker_3,3147,1788087008.674657,50,4.536141,1.096416
worker_3,3148,1788087008.679216,50,4.758031,1.096672
worker_3,3149,1788087008.683992,50,4.768836,1.098176
worker_3,3150,1788087008.688778,50,4.772504,1.096384
worker_3,3151,1788087008.693573,50,4.772512,1.106112
worker_3,3152,1788087008.698361,50,4.988265,1.098784
worker_3,3153,1788087008.703399,50,4.530417,1.096800
worker_3,3154,1788087008.707953,50,4.761364,1.101856
worker_3,3155,1788087008.712733,50,4.765327,1.096736
worker_3,3156,1788087008.717514,50,4.987579,1.097696
worker_3,3157,1788087008.722550,50,4.526409,1.096288
worker_3,3158,1788087008.727101,50,4.979922,1.097632
worker_3,3159,1788087008.732127,50,4.534020,1.097824
worker_3,3160,1788087008.736684,50,4.998320,1.096960
worker_3,3161,1788087008.741730,50,4.506399,1.097376
worker_3,3162,1788087008.746264,50,4.976829,1.101120
worker_3,3163,1788087008.751288,50,4.532889,1.096000
worker_3,3164,1788087008.755845,50,4.756808,1.096384
worker_3,3165,1788087008.760621,50,4.767364,1.097504
worker_3,3166,1788087008.765405,50,4.980088,1.096032
worker_3,3167,1788087008.770433,50,4.537677,1.097792
worker_3,3168,1788087008.774995,50,4.815698,1.096224
worker_3,3169,1788087008.779860,50,4.694577,1.098528
worker_3,3170,1788087008.784581,50,4.781327,1.107168
worker_3,3171,1788087008.789393,50,4.961597,1.096896
worker_3,3172,1788087008.794401,50,4.535390,1.097152
worker_3,3173,1788087008.798961,50,4.971217,1.097312
worker_3,3174,1788087008.803978,50,4.529604,1.097792
worker_3,3175,1788087008.808532,50,4.972069,1.096320
worker_3,3176,1788087008.813553,50,4.529936,1.097600
worker_3,3177,1788087008.818107,50,4.981568,1.098400
worker_3,3178,1788087008.823135,50,4.526899,1.096224
worker_3,3179,1788087008.827687,50,4.757484,1.098368
worker_3,3180,1788087008.832462,50,4.767410,1.097216
worker_3,3181,1788087008.837245,50,4.978801,1.097888
worker_3,3182,1788087008.842273,50,4.529326,1.097664
worker_3,3183,1788087008.846827,50,4.973605,1.097152
worker_3,3184,1788087008.851845,50,4.533491,1.095744
worker_3,3185,1788087008.856405,50,4.976810,1.097152
worker_3,3186,1788087008.861431,50,4.524788,1.096512
worker_3,3187,1788087008.865981,50,4.966190,1.096000
worker_3,3188,1788087008.870994,50,4.529946,1.096128
worker_3,3189,1788087008.875548,50,4.761420,1.099072
worker_3,3190,1788087008.880341,50,4.749568,1.096256
worker_3,3191,1788087008.885107,50,4.981413,1.096832
worker_3,3192,1788087008.890136,50,4.533325,1.097152
worker_3,3193,1788087008.894768,50,4.743558,1.097408
worker_3,3194,1788087008.899560,50,4.683983,1.097056
worker_3,3195,1788087008.904269,50,4.961495,1.095968
worker_3,3196,1788087008.909279,50,4.541621,1.096352
worker_3,3197,1788087008.913844,50,4.760281,1.097408
worker_3,3198,1788087008.918622,50,4.975227,1.097280
worker_3,3199,1788087008.923646,50,4.535065,1.098208
worker_3,3200,1788087008.928205,50,4.766641,1.102272
worker_3,3201,1788087008.932990,50,4.763161,1.097056
worker_3,3202,1788087008.937770,50,4.976922,1.096896
worker_3,3203,1788087008.942795,50,4.534177,1.097344
worker_3,3204,1788087008.947353,50,4.771966,1.098464
worker_3,3205,1788087008.952142,50,4.773060,1.101120
worker_3,3206,1788087008.956931,50,4.772216,1.097600
worker_3,3207,1788087008.961719,50,4.771522,1.098208
worker_3,3208,1788087008.966505,50,4.984643,1.097792
worker_3,3209,1788087008.971540,50,4.542186,1.096608
worker_3,3210,1788087008.976120,50,4.746558,1.098272
worker_3,3211,1788087008.980886,50,4.764864,1.097856
worker_3,3212,1788087008.985666,50,4.985727,1.099712
worker_3,3213,1788087008.990701,50,4.532345,1.098208
worker_3,3214,1788087008.995258,50,4.760633,1.096224
worker_3,3215,1788087009.000037,50,4.776549,1.098528
worker_3,3216,1788087009.004833,50,4.758190,1.097344
worker_3,3217,1788087009.009609,50,4.787818,1.098816
worker_3,3218,1788087009.014413,50,4.768059,1.098432
worker_3,3219,1788087009.019197,50,4.768958,1.097696
worker_3,3220,1788087009.023981,50,4.770799,1.097856
worker_3,3221,1788087009.028769,50,4.765892,1.097504
worker_3,3222,1788087009.033551,50,4.767356,1.095776
worker_3,3223,1788087009.038334,50,4.765503,1.095872
worker_3,3224,1788087009.043114,50,4.900680,1.095456
worker_3,3225,1788087009.048030,50,4.779531,1.099296
worker_3,3226,1788087009.052826,50,4.770243,1.097344
worker_3,3227,1788087009.057611,50,4.772411,1.097408
worker_3,3228,1788087009.062399,50,4.786382,1.097024
worker_3,3229,1788087009.067211,50,4.760308,1.096640
worker_3,3230,1788087009.071986,50,4.633318,1.098592
worker_3,3231,1788087009.076635,50,4.770068,1.098560
worker_3,3232,1788087009.081419,50,4.773133,1.097568
worker_3,3233,1788087009.086209,50,4.786245,1.098368
worker_3,3234,1788087009.091010,50,4.771151,1.098208
worker_3,3235,1788087009.095796,50,4.768698,1.097248
worker_3,3236,1788087009.100579,50,4.987191,1.098944
worker_3,3237,1788087009.105613,50,4.732123,1.095840
worker_3,3238,1788087009.110392,50,4.742114,1.097184
worker_3,3239,1788087009.115181,50,4.538910,1.097440
worker_3,3240,1788087009.119744,50,4.759641,1.098880
worker_3,3241,1788087009.124523,50,4.773020,1.096224
worker_3,3242,1788087009.129312,50,4.774355,1.097856
worker_3,3243,1788087009.134103,50,4.766096,1.096128
worker_3,3244,1788087009.138884,50,4.768207,1.096864
worker_3,3245,1788087009.143671,50,4.767058,1.098048
worker_3,3246,1788087009.148454,50,4.773883,1.097760
worker_3,3247,1788087009.153243,50,4.767244,1.097824
worker_3,3248,1788087009.158026,50,4.771568,1.096320
worker_3,3249,1788087009.162823,50,4.761069,1.097792
worker_3,3250,1788087009.167600,50,4.765244,1.097248
worker_3,3251,1788087009.172381,50,4.768031,1.097888
worker_3,3252,1788087009.177164,50,4.774994,1.096928
worker_3,3253,1788087009.181954,50,4.766679,1.096768
worker_3,3254,1788087009.186735,50,4.774346,1.098304
worker_3,3255,1788087009.191524,50,4.775485,1.098208
worker_3,3256,1788087009.196314,50,4.769837,1.097216
worker_3,3257,1788087009.201100,50,5.109756,1.096416
worker_3,3258,1788087009.206258,50,4.582891,1.097920
worker_3,3259,1788087009.210876,50,4.742975,1.098272
worker_3,3260,1788087009.215654,50,4.750382,1.096896
worker_3,3261,1788087009.220442,50,4.561956,1.097792
worker_3,3262,1788087009.225024,50,4.969411,1.098688
worker_3,3263,1788087009.230037,50,4.551686,1.098560
worker_3,3264,1788087009.234611,50,4.966395,1.097312
worker_3,3265,1788087009.239624,50,4.534149,1.095776
worker_3,3266,1788087009.244181,50,4.761050,1.098496
worker_3,3267,1788087009.248960,50,4.771615,1.095488
worker_3,3268,1788087009.253759,50,4.758447,1.096256
worker_3,3269,1788087009.258536,50,4.764133,1.096832
worker_3,3270,1788087009.263316,50,4.769069,1.098240
worker_3,3271,1788087009.268100,50,4.778077,1.096768
worker_3,3272,1788087009.272903,50,4.758854,1.096064
worker_3,3273,1788087009.277681,50,4.765373,1.098880
worker_3,3274,1788087009.282463,50,4.770419,1.098208
worker_3,3275,1788087009.287249,50,4.786060,1.096448
worker_3,3276,1788087009.292053,50,4.781475,1.097824
worker_3,3277,1788087009.296849,50,4.768420,1.098816
worker_3,3278,1788087009.301634,50,4.773847,1.095840
worker_3,3279,1788087009.306425,50,4.774012,1.096736
worker_3,3280,1788087009.311217,50,4.760494,1.096288
worker_3,3281,1788087009.315995,50,4.768281,1.099840
worker_3,3282,1788087009.320779,50,4.781512,1.099264
worker_3,3283,1788087009.325575,50,4.763596,1.096576
worker_3,3284,1788087009.330354,50,4.767449,1.096832
worker_3,3285,1788087009.335140,50,4.782114,1.098208
worker_3,3286,1788087009.339937,50,4.770717,1.096448
worker_3,3287,1788087009.344724,50,4.767670,1.095712
worker_3,3288,1788087009.349516,50,4.959589,1.096448
worker_3,3289,1788087009.354513,50,4.732411,1.096640
worker_3,3290,1788087009.359282,50,4.579511,1.096544
worker_3,3291,1788087009.363880,50,4.811041,1.095776
worker_3,3292,1788087009.368737,50,4.685577,1.097472
worker_3,3293,1788087009.373448,50,4.757373,1.098176
worker_3,3294,1788087009.378223,50,4.767642,1.096224
worker_3,3295,1788087009.383008,50,4.768115,1.099232
worker_3,3296,1788087009.387792,50,4.780670,1.099968
worker_3,3297,1788087009.392588,50,4.773486,1.098560
worker_3,3298,1788087009.397377,50,4.780253,1.096608
worker_3,3299,1788087009.402172,50,4.774920,1.098240
worker_3,3300,1788087009.406965,50,4.972513,1.096640
worker_3,3301,1788087009.411987,50,4.745846,1.099104
worker_3,3302,1788087009.416778,50,4.538937,1.098848
worker_3,3303,1788087009.421340,50,4.756420,1.097600
worker_3,3304,1788087009.426114,50,4.767928,1.097120
worker_3,3305,1788087009.430898,50,4.775976,1.104864
worker_3,3306,1788087009.435690,50,4.770105,1.096320
worker_3,3307,1788087009.440486,50,4.757531,1.096192
worker_3,3308,1788087009.445258,50,4.775115,1.098336
worker_3,3309,1788087009.450048,50,4.790012,1.098944
worker_3,3310,1788087009.454853,50,4.774401,1.098720
worker_3,3311,1788087009.459642,50,4.779523,1.099712
worker_3,3312,1788087009.464438,50,4.788725,1.098624
worker_3,3313,1788087009.469242,50,4.771819,1.098752
worker_3,3314,1788087009.474028,50,4.774512,1.098656
worker_3,3315,1788087009.478817,50,4.780420,1.097632
worker_3,3316,1788087009.483612,50,4.771226,1.097952
worker_3,3317,1788087009.488398,50,4.771059,1.098688
worker_3,3318,1788087009.493183,50,4.773152,1.096320
worker_3,3319,1788087009.497971,50,4.771707,1.097600
worker_3,3320,1788087009.502756,50,4.986468,1.098048
worker_3,3321,1788087009.507792,50,4.730197,1.096384
worker_3,3322,1788087009.512569,50,4.747030,1.101984
worker_3,3323,1788087009.517362,50,4.536288,1.096512
worker_3,3324,1788087009.521923,50,4.756827,1.095328
worker_3,3325,1788087009.526698,50,4.770688,1.096480
worker_3,3326,1788087009.531486,50,4.781791,1.099904
worker_3,3327,1788087009.536292,50,4.759337,1.098112
worker_3,3328,1788087009.541066,50,4.778022,1.096608
worker_3,3329,1788087009.545861,50,4.769717,1.098176
worker_3,3330,1788087009.550646,50,4.772484,1.098304
worker_3,3331,1788087009.555433,50,4.774845,1.097216
worker_3,3332,1788087009.560232,50,4.771300,1.097312
worker_3,3333,1788087009.565017,50,4.931282,1.097056
worker_3,3334,1788087009.569965,50,4.768662,1.097216
worker_3,3335,1788087009.574747,50,4.773706,1.096704
worker_3,3336,1788087009.579535,50,4.775604,1.096864
worker_3,3337,1788087009.584326,50,4.672984,1.097504
worker_3,3338,1788087009.589013,50,4.731113,1.104160
worker_3,3339,1788087009.593759,50,4.766966,1.097120
worker_3,3340,1788087009.598540,50,4.773133,1.096352
worker_3,3341,1788087009.603330,50,4.778133,1.096992
worker_3,3342,1788087009.608126,50,4.771345,1.097792
worker_3,3343,1788087009.612914,50,4.764568,1.097376
worker_3,3344,1788087009.617767,50,4.699437,1.096640
worker_3,3345,1788087009.622485,50,4.765660,1.097760
worker_3,3346,1788087009.627274,50,4.758559,1.099008
worker_3,3347,1788087009.632048,50,4.767123,1.096384
worker_3,3348,1788087009.636833,50,4.796707,1.111584
worker_3,3349,1788087009.641647,50,4.769624,1.096960
worker_3,3350,1788087009.646433,50,4.769745,1.097152
worker_3,3351,1788087009.651219,50,4.767642,1.097760
worker_3,3352,1788087009.656003,50,4.767189,1.095840
worker_3,3353,1788087009.660787,50,4.770855,1.098112
worker_3,3354,1788087009.665573,50,4.774299,1.098048
worker_3,3355,1788087009.670363,50,4.773577,1.098048
worker_3,3356,1788087009.675152,50,4.771717,1.097024
worker_3,3357,1788087009.679939,50,4.780632,1.097792
worker_3,3358,1788087009.684735,50,4.774540,1.098688
worker_3,3359,1788087009.689525,50,4.769207,1.097216
worker_3,3360,1788087009.694309,50,4.783308,1.099200
worker_3,3361,1788087009.699109,50,4.768513,1.096064
worker_3,3362,1788087009.703892,50,4.776030,1.098016
worker_3,3363,1788087009.708686,50,4.975588,1.097408
worker_3,3364,1788087009.713711,50,4.530678,1.097024
worker_3,3365,1788087009.718266,50,4.755521,1.097312
worker_3,3366,1788087009.723053,50,4.753077,1.096384
worker_3,3367,1788087009.727823,50,4.775411,1.096352
worker_3,3368,1788087009.732616,50,4.771345,1.098560
worker_3,3369,1788087009.737404,50,4.770012,1.096064
worker_3,3370,1788087009.742189,50,4.781411,1.100032
worker_3,3371,1788087009.746986,50,4.771031,1.097248
worker_3,3372,1788087009.751772,50,4.770512,1.097824
worker_3,3373,1788087009.756557,50,4.772069,1.099136
worker_3,3374,1788087009.761344,50,4.788151,1.096736
worker_3,3375,1788087009.766147,50,4.769393,1.098752
worker_3,3376,1788087009.770933,50,4.769124,1.096896
worker_3,3377,1788087009.775717,50,4.770217,1.095680
worker_3,3378,1788087009.780504,50,4.771402,1.099584
worker_3,3379,1788087009.785291,50,4.767614,1.097216
worker_3,3380,1788087009.790074,50,4.896967,1.098624
worker_3,3381,1788087009.794986,50,4.772597,1.097760
worker_3,3382,1788087009.799775,50,4.797012,1.103936
worker_3,3383,1788087009.804587,50,4.789522,1.096800
worker_3,3384,1788087009.809397,50,4.718957,1.097120
worker_3,3385,1788087009.814141,50,4.820291,1.096224
worker_3,3386,1788087009.818978,50,4.627169,1.098912
worker_3,3387,1788087009.823620,50,4.772058,1.097760
worker_3,3388,1788087009.828410,50,4.765930,1.095840
worker_3,3389,1788087009.833191,50,4.775966,1.096160
worker_3,3390,1788087009.837983,50,4.767910,1.096608
worker_3,3391,1788087009.842766,50,4.769939,1.095776
worker_3,3392,1788087009.847551,50,4.774559,1.099488
worker_3,3393,1788087009.852341,50,4.782800,1.096288
worker_3,3394,1788087009.857139,50,4.776550,1.096064
worker_3,3395,1788087009.861930,50,4.767845,1.097280
worker_3,3396,1788087009.866714,50,4.778762,1.098560
worker_3,3397,1788087009.871508,50,4.775040,1.101216
worker_3,3398,1788087009.876297,50,4.769503,1.097760
worker_3,3399,1788087009.881082,50,4.780336,1.097760
worker_3,3400,1788087009.885877,50,4.772364,1.098528
worker_3,3401,1788087009.890664,50,4.764707,1.096448
worker_3,3402,1788087009.895445,50,4.777653,1.096640
worker_3,3403,1788087009.900238,50,4.770012,1.099744
worker_3,3404,1788087009.905024,50,4.982949,1.097472
worker_3,3405,1788087009.910067,50,4.724076,1.095488
worker_3,3406,1788087009.914837,50,4.741457,1.097504
worker_3,3407,1788087009.919626,50,4.543362,1.097152
worker_3,3408,1788087009.924194,50,4.757522,1.098400
worker_3,3409,1788087009.928969,50,4.767948,1.099360
worker_3,3410,1788087009.933753,50,4.775679,1.096800
worker_3,3411,1788087009.938545,50,4.771466,1.096192
worker_3,3412,1788087009.943332,50,4.783763,1.098432
worker_3,3413,1788087009.948131,50,4.769734,1.096576
worker_3,3414,1788087009.952916,50,4.772550,1.097824
worker_3,3415,1788087009.957703,50,4.772226,1.097824
worker_3,3416,1788087009.962490,50,4.771901,1.098400
worker_3,3417,1788087009.967277,50,4.788846,1.097280
worker_3,3418,1788087009.972081,50,4.776282,1.097088
worker_3,3419,1788087009.976872,50,4.771633,1.096704
worker_3,3420,1788087009.981661,50,4.780939,1.097792
worker_3,3421,1788087009.986457,50,4.771966,1.099136
worker_3,3422,1788087009.991244,50,4.772540,1.098272
worker_3,3423,1788087009.996031,50,4.776189,1.101536
worker_3,3424,1788087010.000828,50,4.761689,1.096864
worker_3,3425,1788087010.005605,50,4.979033,1.098240
worker_3,3426,1788087010.010633,50,4.736595,1.098048
worker_3,3427,1788087010.015416,50,4.751558,1.108160
worker_3,3428,1788087010.020232,50,4.517983,1.097056
worker_3,3429,1788087010.024776,50,4.751188,1.097280
worker_3,3430,1788087010.029545,50,4.766401,1.095840
worker_3,3431,1788087010.034328,50,4.772234,1.097792
worker_3,3432,1788087010.039118,50,4.769651,1.097344
worker_3,3433,1788087010.043903,50,4.764013,1.096192
worker_3,3434,1788087010.048682,50,4.772152,1.097824
worker_3,3435,1788087010.053470,50,4.777882,1.095744
worker_3,3436,1788087010.058264,50,4.771123,1.098624
worker_3,3437,1788087010.063050,50,4.777466,1.097216
worker_3,3438,1788087010.067843,50,4.773493,1.099264
worker_3,3439,1788087010.072632,50,4.772115,1.097216
worker_3,3440,1788087010.077419,50,4.773911,1.097152
worker_3,3441,1788087010.082208,50,4.782800,1.098240
worker_3,3442,1788087010.087005,50,4.779078,1.098208
worker_3,3443,1788087010.091799,50,4.776624,1.097632
worker_3,3444,1788087010.096598,50,4.770733,1.098720
worker_3,3445,1788087010.101384,50,4.768892,1.097792
worker_3,3446,1788087010.106168,50,5.009282,1.098432
worker_3,3447,1788087010.111226,50,4.734022,1.096096
worker_3,3448,1788087010.116008,50,4.742364,1.097440
worker_3,3449,1788087010.120798,50,4.541279,1.100992
worker_3,3450,1788087010.125363,50,4.756587,1.096608
worker_3,3451,1788087010.130139,50,4.781892,1.096608
worker_3,3452,1788087010.134938,50,4.772410,1.098400
worker_3,3453,1788087010.139726,50,4.772308,1.097472
worker_3,3454,1788087010.144514,50,4.772457,1.096416
worker_3,3455,1788087010.149301,50,4.772271,1.098464
worker_3,3456,1788087010.154089,50,4.776318,1.100480
worker_3,3457,1788087010.158881,50,4.769699,1.096832
worker_3,3458,1788087010.163667,50,4.778809,1.102144
worker_3,3459,1788087010.168461,50,4.779031,1.097792
worker_3,3460,1788087010.173255,50,4.772568,1.096416
worker_3,3461,1788087010.178042,50,4.770633,1.096416
worker_3,3462,1788087010.182828,50,4.774457,1.097728
worker_3,3463,1788087010.187625,50,4.765957,1.099008
worker_3,3464,1788087010.192409,50,4.773180,1.096480
worker_3,3465,1788087010.197196,50,4.775697,1.098240
worker_3,3466,1788087010.201987,50,4.771346,1.096256
worker_3,3467,1788087010.206773,50,4.989968,1.097664
worker_3,3468,1788087010.211811,50,4.740632,1.097664
worker_3,3469,1788087010.216598,50,4.745558,1.097472
worker_3,3470,1788087010.221390,50,4.742384,1.097760
worker_3,3471,1788087010.226179,50,4.541899,1.097568
worker_3,3472,1788087010.230747,50,4.758781,1.096768
worker_3,3473,1788087010.235523,50,4.767401,1.097024
worker_3,3474,1788087010.240306,50,4.764910,1.096736
worker_3,3475,1788087010.245087,50,4.776725,1.096960
worker_3,3476,1788087010.249879,50,4.771244,1.096864
worker_3,3477,1788087010.254665,50,4.778124,1.098336
worker_3,3478,1788087010.259458,50,4.773114,1.097760
worker_3,3479,1788087010.264246,50,4.778540,1.098048
worker_3,3480,1788087010.269039,50,4.772078,1.097344
worker_3,3481,1788087010.273826,50,4.780827,1.097344
worker_3,3482,1788087010.278623,50,4.770780,1.097376
worker_3,3483,1788087010.283416,50,4.782716,1.099072
worker_3,3484,1788087010.288222,50,4.766012,1.098336
worker_3,3485,1788087010.293003,50,4.766993,1.097152
worker_3,3486,1788087010.297787,50,4.779799,1.096512
worker_3,3487,1788087010.302583,50,4.764828,1.096224
worker_3,3488,1788087010.307363,50,4.798938,1.096320
worker_3,3489,1788087010.312177,50,4.770883,1.101888
worker_3,3490,1788087010.316964,50,4.982930,1.097184
worker_3,3491,1788087010.321997,50,4.733781,1.095584
worker_3,3492,1788087010.326780,50,4.534298,1.097792
worker_3,3493,1788087010.331339,50,4.771938,1.096096
worker_3,3494,1788087010.336129,50,4.769475,1.098688
worker_3,3495,1788087010.341003,50,4.681568,1.097824
worker_3,3496,1788087010.345704,50,4.769178,1.097792
worker_3,3497,1788087010.350490,50,4.975921,1.097568
worker_3,3498,1788087010.355512,50,4.557418,1.097440
worker_3,3499,1788087010.360094,50,4.757818,1.098720
worker_3,3500,1788087010.364869,50,4.763781,1.097088
worker_3,3501,1788087010.369649,50,4.984024,1.098816
worker_3,3502,1788087010.374694,50,4.525345,1.097792
worker_3,3503,1788087010.379246,50,4.780494,1.096864
worker_3,3504,1788087010.384045,50,4.767605,1.100384
worker_3,3505,1788087010.388830,50,4.761596,1.096672
worker_3,3506,1788087010.393607,50,4.778373,1.097088
worker_3,3507,1788087010.398401,50,4.976311,1.096832
worker_3,3508,1788087010.403426,50,4.534650,1.096768
worker_3,3509,1788087010.407986,50,4.755707,1.097792
worker_3,3510,1788087010.412760,50,4.759318,1.097760
worker_3,3511,1788087010.417536,50,4.971866,1.097024
worker_3,3512,1788087010.422555,50,4.547261,1.097728
worker_3,3513,1788087010.427130,50,4.989235,1.097536
worker_3,3514,1788087010.432166,50,4.540880,1.097472
worker_3,3515,1788087010.436733,50,4.955700,1.098080
worker_3,3516,1788087010.441736,50,4.542733,1.096224
worker_3,3517,1788087010.446305,50,4.956755,1.097728
worker_3,3518,1788087010.451309,50,4.536558,1.096864
worker_3,3519,1788087010.455872,50,4.753197,1.097056
worker_3,3520,1788087010.460643,50,4.779364,1.106880
worker_3,3521,1788087010.465439,50,4.972385,1.096992
worker_3,3522,1788087010.470470,50,4.531890,1.096736
worker_3,3523,1788087010.475027,50,4.960829,1.096672
worker_3,3524,1788087010.480033,50,4.537363,1.096160
worker_3,3525,1788087010.484596,50,4.967987,1.100544
worker_3,3526,1788087010.489611,50,4.531557,1.096960
worker_3,3527,1788087010.494168,50,4.984737,1.098816
worker_3,3528,1788087010.499201,50,4.537770,1.098432
worker_3,3529,1788087010.503765,50,4.755670,1.096832
worker_3,3530,1788087010.508538,50,4.770003,1.100832
worker_3,3531,1788087010.513324,50,4.978163,1.098528
worker_3,3532,1788087010.518351,50,4.529427,1.096064
worker_3,3533,1788087010.522906,50,4.763846,1.097696
worker_3,3534,1788087010.527688,50,4.767440,1.099008
worker_3,3535,1788087010.532474,50,4.782077,1.097632
worker_3,3536,1788087010.537272,50,4.775096,1.098496
worker_3,3537,1788087010.542063,50,4.988820,1.097792
worker_3,3538,1788087010.547100,50,4.531918,1.096064
worker_3,3539,1788087010.551657,50,4.765069,1.101952
worker_3,3540,1788087010.556441,50,4.783104,1.097728
worker_3,3541,1788087010.561251,50,4.978088,1.097152
worker_3,3542,1788087010.566278,50,4.670882,1.096736
worker_3,3543,1788087010.570973,50,4.856569,1.098176
worker_3,3544,1788087010.575876,50,4.501584,1.096896
worker_3,3545,1788087010.580401,50,4.974199,1.107552
worker_3,3546,1788087010.585422,50,4.545085,1.097376
worker_3,3547,1788087010.589994,50,4.974996,1.099008
worker_3,3548,1788087010.595016,50,4.536408,1.098496
worker_3,3549,1788087010.599576,50,4.763448,1.098336
worker_3,3550,1788087010.604357,50,4.773864,1.100672
worker_3,3551,1788087010.609146,50,4.975959,1.096416
worker_3,3552,1788087010.614171,50,4.555391,1.097120
worker_3,3553,1788087010.618751,50,4.964968,1.096416
worker_3,3554,1788087010.623763,50,4.547604,1.098912
worker_3,3555,1788087010.628335,50,4.966893,1.099968
worker_3,3556,1788087010.633349,50,4.538910,1.096992
worker_3,3557,1788087010.637911,50,4.965726,1.097632
worker_3,3558,1788087010.642924,50,4.531863,1.098528
worker_3,3559,1788087010.647481,50,4.754634,1.098912
worker_3,3560,1788087010.652254,50,4.769771,1.096992
worker_3,3561,1788087010.657052,50,4.758308,1.097856
worker_3,3562,1788087010.661825,50,4.771782,1.097248
worker_3,3563,1788087010.666613,50,4.980727,1.095840
worker_3,3564,1788087010.671641,50,4.534881,1.096800
worker_3,3565,1788087010.676200,50,4.769281,1.097824
worker_3,3566,1788087010.680987,50,4.781550,1.101280
worker_3,3567,1788087010.685784,50,4.979820,1.096896
worker_3,3568,1788087010.690812,50,4.535890,1.097216
worker_3,3569,1788087010.695373,50,4.757596,1.098208
worker_3,3570,1788087010.700149,50,4.774171,1.097632
worker_3,3571,1788087010.704942,50,4.775040,1.101152
worker_3,3572,1788087010.709734,50,4.770476,1.096320
worker_3,3573,1788087010.714520,50,4.982968,1.097696
worker_3,3574,1788087010.719551,50,4.536871,1.096640
worker_3,3575,1788087010.724112,50,4.757151,1.099488
worker_3,3576,1788087010.728888,50,4.783345,1.102944
worker_3,3577,1788087010.733687,50,4.985107,1.098368
worker_3,3578,1788087010.738719,50,4.530872,1.096928
worker_3,3579,1788087010.743275,50,4.787077,1.098240
worker_3,3580,1788087010.748088,50,4.762753,1.099104
worker_3,3581,1788087010.752867,50,4.765503,1.096160
worker_3,3582,1788087010.757649,50,4.769836,1.096384
worker_3,3583,1788087010.762435,50,4.977486,1.096768
worker_3,3584,1788087010.767461,50,4.571160,1.095392
worker_3,3585,1788087010.772057,50,4.753327,1.097472
worker_3,3586,1788087010.776829,50,4.799504,1.101152
worker_3,3587,1788087010.781647,50,4.762540,1.097120
worker_3,3588,1788087010.786425,50,4.982810,1.097152
worker_3,3589,1788087010.791457,50,4.529140,1.095872
worker_3,3590,1788087010.796012,50,4.764040,1.096320
worker_3,3591,1788087010.800795,50,4.768568,1.097568
worker_3,3592,1788087010.805579,50,4.771522,1.098048
worker_3,3593,1788087010.810365,50,4.771132,1.096864
worker_3,3594,1788087010.815151,50,4.772716,1.098144
worker_3,3595,1788087010.819940,50,4.767207,1.098208
worker_3,3596,1788087010.824724,50,5.006791,1.103200
worker_3,3597,1788087010.829783,50,4.526390,1.096800
worker_3,3598,1788087010.834334,50,4.966477,1.096352
worker_3,3599,1788087010.839348,50,4.537446,1.098976
worker_3,3600,1788087010.843930,50,4.738984,1.097536
worker_3,3601,1788087010.848689,50,4.764262,1.097824
worker_3,3602,1788087010.853470,50,4.979385,1.096320
worker_3,3603,1788087010.858499,50,4.539742,1.096288
worker_3,3604,1788087010.863064,50,4.964940,1.097600
worker_3,3605,1788087010.868076,50,4.537020,1.096992
worker_3,3606,1788087010.872636,50,4.975903,1.102720
worker_3,3607,1788087010.877658,50,4.536992,1.098272
worker_3,3608,1788087010.882219,50,4.983903,1.096256
worker_3,3609,1788087010.887251,50,4.529789,1.097024
worker_3,3610,1788087010.891806,50,4.757438,1.099584
worker_3,3611,1788087010.896582,50,4.772863,1.096800
worker_3,3612,1788087010.901372,50,4.770532,1.096640
worker_3,3613,1788087010.906158,50,4.769059,1.096480
worker_3,3614,1788087010.910942,50,4.987079,1.095904
worker_3,3615,1788087010.915978,50,4.530196,1.099904
worker_3,3616,1788087010.920536,50,4.970301,1.097536
worker_3,3617,1788087010.925552,50,4.536852,1.098656
worker_3,3618,1788087010.930113,50,4.971551,1.096800
worker_3,3619,1788087010.935144,50,4.523065,1.096960
worker_3,3620,1788087010.939692,50,4.763151,1.104736
worker_3,3621,1788087010.944473,50,4.784985,1.096352
worker_3,3622,1788087010.949275,50,4.982810,1.097728
worker_3,3623,1788087010.954308,50,4.533668,1.098688
worker_3,3624,1788087010.958868,50,5.002588,1.096608
worker_3,3625,1788087010.963915,50,4.511408,1.101472
worker_3,3626,1788087010.968451,50,4.986903,1.097856
worker_3,3627,1788087010.973483,50,4.534048,1.096672
worker_3,3628,1788087010.978041,50,4.968272,1.097760
worker_3,3629,1788087010.983057,50,4.539362,1.098048
worker_3,3630,1788087010.987622,50,4.757199,1.097824
worker_3,3631,1788087010.992396,50,4.764346,1.098176
worker_3,3632,1788087010.997177,50,4.979190,1.097216
worker_3,3633,1788087011.002205,50,4.532484,1.098368
worker_3,3634,1788087011.006762,50,4.969468,1.096800
worker_3,3635,1788087011.011778,50,4.540224,1.100704
worker_3,3636,1788087011.016341,50,4.774939,1.097120
worker_3,3637,1788087011.021135,50,4.765855,1.096480
worker_3,3638,1788087011.025916,50,4.766771,1.095968
worker_3,3639,1788087011.030710,50,4.971635,1.096448
worker_3,3640,1788087011.035731,50,4.529501,1.099040
worker_3,3641,1788087011.040285,50,4.965422,1.097184
worker_3,3642,1788087011.045301,50,4.532964,1.096256
worker_3,3643,1788087011.049863,50,4.962839,1.095904
worker_3,3644,1788087011.054875,50,4.537538,1.095552
worker_3,3645,1788087011.059437,50,4.757485,1.098176
worker_3,3646,1788087011.064296,50,4.685994,1.099296
worker_3,3647,1788087011.069000,50,4.766698,1.098336
worker_3,3648,1788087011.073784,50,4.782531,1.096096
worker_3,3649,1788087011.078582,50,4.976384,1.097760
worker_3,3650,1788087011.083608,50,4.551686,1.097440
worker_3,3651,1788087011.088184,50,4.762161,1.098624
worker_3,3652,1788087011.092963,50,4.765808,1.096576
worker_3,3653,1788087011.097745,50,4.985634,1.098272
worker_3,3654,1788087011.102779,50,4.535890,1.097504
worker_3,3655,1788087011.107340,50,4.763818,1.098368
worker_3,3656,1788087011.112121,50,4.767115,1.099072
worker_3,3657,1788087011.116903,50,4.771734,1.099328
worker_3,3658,1788087011.121704,50,4.766725,1.096736
worker_3,3659,1788087011.126486,50,4.976144,1.096384
worker_3,3660,1788087011.131510,50,4.554427,1.096192
worker_3,3661,1788087011.136089,50,4.755447,1.096896
worker_3,3662,1788087011.140864,50,4.791587,1.102464
worker_3,3663,1788087011.145674,50,4.767541,1.097440
worker_3,3664,1788087011.150458,50,4.768123,1.096832
worker_3,3665,1788087011.155242,50,4.995273,1.097344
worker_3,3666,1788087011.160287,50,4.524501,1.098752
worker_3,3667,1788087011.164837,50,4.978273,1.104064
worker_3,3668,1788087011.169864,50,4.534668,1.097056
worker_3,3669,1788087011.174424,50,4.964413,1.097408
worker_3,3670,1788087011.179436,50,4.537798,1.098720
worker_3,3671,1788087011.183998,50,4.761197,1.097056
worker_3,3672,1788087011.188777,50,4.770448,1.098464
worker_3,3673,1788087011.193563,50,4.979172,1.097152
worker_3,3674,1788087011.198589,50,4.533594,1.096192
worker_3,3675,1788087011.203147,50,4.749336,1.096352
worker_3,3676,1788087011.207915,50,4.766902,1.098304
worker_3,3677,1788087011.212698,50,4.767623,1.097600
worker_3,3678,1788087011.217489,50,4.762439,1.097056
worker_3,3679,1788087011.222269,50,4.976319,1.096640
worker_3,3680,1788087011.227294,50,4.538936,1.097472
worker_3,3681,1788087011.231857,50,4.762716,1.104064
worker_3,3682,1788087011.236637,50,4.766892,1.098816
worker_3,3683,1788087011.241421,50,5.133561,1.096864
worker_3,3684,1788087011.246601,50,4.533575,1.098656
worker_3,3685,1788087011.251161,50,4.610891,1.098336
worker_3,3686,1788087011.255793,50,4.759022,1.096608
worker_3,3687,1788087011.260570,50,4.772986,1.105056
worker_3,3688,1788087011.265359,50,4.773956,1.096480
worker_3,3689,1788087011.270148,50,4.979894,1.096384
worker_3,3690,1788087011.275176,50,4.533631,1.096352
worker_3,3691,1788087011.279735,50,4.755624,1.097472
worker_3,3692,1788087011.284509,50,4.764845,1.096960
worker_3,3693,1788087011.289292,50,4.988607,1.098336
worker_3,3694,1788087011.294328,50,4.546899,1.097824
worker_3,3695,1788087011.298898,50,4.968105,1.096000
worker_3,3696,1788087011.303914,50,4.551816,1.102976
worker_3,3697,1788087011.308502,50,4.965755,1.096992
worker_3,3698,1788087011.313515,50,4.540399,1.097792
worker_3,3699,1788087011.318080,50,4.967310,1.098112
worker_3,3700,1788087011.323095,50,4.544843,1.096416
worker_3,3701,1788087011.327663,50,4.776809,1.107648
worker_3,3702,1788087011.332458,50,4.772531,1.097600
worker_3,3703,1788087011.337246,50,4.979921,1.097952
worker_3,3704,1788087011.342273,50,4.533464,1.097888
worker_3,3705,1788087011.346832,50,4.966551,1.098336
worker_3,3706,1788087011.351846,50,4.535520,1.096512
worker_3,3707,1788087011.356406,50,4.973042,1.097760
worker_3,3708,1788087011.361427,50,4.536417,1.096672
worker_3,3709,1788087011.365987,50,4.964987,1.096832
worker_3,3710,1788087011.371000,50,4.537492,1.098176
worker_3,3711,1788087011.375561,50,4.761392,1.099264
worker_3,3712,1788087011.380340,50,4.786800,1.097344
worker_3,3713,1788087011.385143,50,4.830013,1.096768
worker_3,3714,1788087011.390021,50,4.690568,1.095744
worker_3,3715,1788087011.394735,50,4.758901,1.098560
worker_3,3716,1788087011.399511,50,4.974477,1.098400
worker_3,3717,1788087011.404543,50,4.526649,1.100512
worker_3,3718,1788087011.409096,50,4.968264,1.097440
worker_3,3719,1788087011.414112,50,4.525725,1.096224
worker_3,3720,1788087011.418663,50,4.968228,1.097280
worker_3,3721,1788087011.423678,50,4.555020,1.097440
worker_3,3722,1788087011.428260,50,4.959061,1.097888
worker_3,3723,1788087011.433268,50,4.531946,1.095744
worker_3,3724,1788087011.437824,50,4.967117,1.095712
worker_3,3725,1788087011.442840,50,4.538288,1.096992
worker_3,3726,1788087011.447403,50,4.757818,1.097888
worker_3,3727,1788087011.452178,50,4.775606,1.104352
worker_3,3728,1788087011.456970,50,4.769142,1.096800
worker_3,3729,1788087011.461755,50,4.772874,1.096480
worker_3,3730,1788087011.466544,50,4.980709,1.096672
worker_3,3731,1788087011.471574,50,4.545779,1.096768
worker_3,3732,1788087011.476145,50,4.760402,1.099136
worker_3,3733,1788087011.480923,50,4.767910,1.099584
worker_3,3734,1788087011.485706,50,4.984412,1.102048
worker_3,3735,1788087011.490741,50,4.526529,1.097152
worker_3,3736,1788087011.495303,50,4.746419,1.095712
worker_3,3737,1788087011.500067,50,4.773328,1.098560
worker_3,3738,1788087011.504859,50,4.785660,1.097760
worker_3,3739,1788087011.509661,50,4.774290,1.097728
worker_3,3740,1788087011.514451,50,4.977838,1.095616
worker_3,3741,1788087011.519476,50,4.553306,1.099008
worker_3,3742,1788087011.524055,50,4.758929,1.097216
worker_3,3743,1788087011.528830,50,4.774790,1.098720
worker_3,3744,1788087011.533621,50,4.770929,1.098560
worker_3,3745,1788087011.538408,50,4.768541,1.096576
worker_3,3746,1788087011.543191,50,4.769105,1.097472
worker_3,3747,1788087011.547976,50,4.772391,1.100864
worker_3,3748,1788087011.552764,50,4.786022,1.098144
worker_3,3749,1788087011.557566,50,4.981458,1.097920
worker_3,3750,1788087011.562595,50,4.531343,1.097792
worker_3,3751,1788087011.567151,50,4.774818,1.098368
worker_3,3752,1788087011.571944,50,4.773458,1.100352
worker_3,3753,1788087011.576733,50,4.769253,1.097728
worker_3,3754,1788087011.581519,50,4.985903,1.096096
worker_3,3755,1788087011.586553,50,4.534150,1.096896
worker_3,3756,1788087011.591125,50,4.952172,1.096416
worker_3,3757,1788087011.596124,50,4.547604,1.108448
worker_3,3758,1788087011.600695,50,4.968347,1.095296
worker_3,3759,1788087011.605710,50,4.534326,1.096896
worker_3,3760,1788087011.610268,50,4.757170,1.096608
worker_3,3761,1788087011.615043,50,4.975228,1.098464
worker_3,3762,1788087011.620067,50,4.537585,1.101824
worker_3,3763,1788087011.624629,50,4.964042,1.099872
worker_3,3764,1788087011.629642,50,4.535510,1.096448
worker_3,3765,1788087011.634203,50,4.962097,1.096608
worker_3,3766,1788087011.639213,50,4.543260,1.098944
worker_3,3767,1788087011.643780,50,4.762892,1.101696
worker_3,3768,1788087011.648561,50,4.771865,1.095648
worker_3,3769,1788087011.653349,50,4.766096,1.096416
worker_3,3770,1788087011.658131,50,4.771706,1.097504
worker_3,3771,1788087011.662918,50,4.775818,1.098464
worker_3,3772,1788087011.667709,50,4.776457,1.101152
worker_3,3773,1788087011.672501,50,4.776716,1.096192
worker_3,3774,1788087011.677294,50,4.776336,1.098272
worker_3,3775,1788087011.682092,50,4.764624,1.097760
worker_3,3776,1788087011.686873,50,4.769392,1.097888
worker_3,3777,1788087011.691658,50,4.781521,1.102336
worker_3,3778,1788087011.696455,50,4.994099,1.096672
worker_3,3779,1788087011.701497,50,4.536668,1.097696
worker_3,3780,1788087011.706058,50,4.968078,1.097472
worker_3,3781,1788087011.711074,50,4.537446,1.097248
worker_3,3782,1788087011.715636,50,4.761401,1.098208
worker_3,3783,1788087011.720416,50,4.768354,1.098560
worker_3,3784,1788087011.725200,50,4.981718,1.098240
worker_3,3785,1788087011.730230,50,4.538372,1.098240
worker_3,3786,1788087011.734793,50,4.997088,1.097408
worker_3,3787,1788087011.739836,50,4.513759,1.097504
worker_3,3788,1788087011.744372,50,4.978303,1.096992
worker_3,3789,1788087011.749398,50,4.527343,1.097504
worker_3,3790,1788087011.753950,50,4.829633,1.096640
worker_3,3791,1788087011.758827,50,4.682189,1.096512
worker_3,3792,1788087011.763533,50,4.764994,1.099392
worker_3,3793,1788087011.768316,50,4.771494,1.096512
worker_3,3794,1788087011.773105,50,4.981977,1.097760
worker_3,3795,1788087011.778147,50,4.523197,1.095776
worker_3,3796,1788087011.782696,50,4.961875,1.096768
worker_3,3797,1788087011.787783,50,4.461473,1.097120
worker_3,3798,1788087011.792272,50,4.962015,1.097536
worker_3,3799,1788087011.797282,50,4.554102,1.097120
worker_3,3800,1788087011.801861,50,4.963578,1.096320
worker_3,3801,1788087011.806872,50,4.539862,1.098880
worker_3,3802,1788087011.811435,50,4.756642,1.096192
worker_3,3803,1788087011.816217,50,4.765892,1.099008
worker_3,3804,1788087011.821000,50,4.774484,1.099136
worker_3,3805,1788087011.825791,50,4.766374,1.097152
worker_3,3806,1788087011.830574,50,4.976487,1.095904
worker_3,3807,1788087011.835599,50,4.563890,1.098400
worker_3,3808,1788087011.840187,50,4.768910,1.101888
worker_3,3809,1788087011.844974,50,4.765744,1.098144
worker_3,3810,1788087011.849756,50,4.978105,1.097280
worker_3,3811,1788087011.854783,50,4.531760,1.096704
worker_3,3812,1788087011.859338,50,4.754429,1.096288
worker_3,3813,1788087011.864111,50,4.766466,1.097536
worker_3,3814,1788087011.868913,50,4.763058,1.102368
worker_3,3815,1788087011.873692,50,4.769384,1.096640
worker_3,3816,1788087011.878477,50,4.828346,1.097632
worker_3,3817,1788087011.883353,50,4.680576,1.096768
worker_3,3818,1788087011.888059,50,4.758264,1.099872
worker_3,3819,1788087011.892835,50,4.766540,1.096960
worker_3,3820,1788087011.897619,50,4.981366,1.097184
worker_3,3821,1788087011.902649,50,4.534011,1.095520
worker_3,3822,1788087011.907208,50,4.767855,1.097696
worker_3,3823,1788087011.911994,50,4.770234,1.100288
worker_3,3824,1788087011.916780,50,4.772875,1.097728
worker_3,3825,1788087011.921569,50,4.770559,1.099872
worker_3,3826,1788087011.926355,50,4.975505,1.095904
worker_3,3827,1788087011.931380,50,4.551205,1.097472
worker_3,3828,1788087011.935955,50,4.762829,1.095712
worker_3,3829,1788087011.940737,50,4.762300,1.096928
worker_3,3830,1788087011.945516,50,4.985560,1.098944
worker_3,3831,1788087011.950550,50,4.531733,1.096608
worker_3,3832,1788087011.955105,50,4.970931,1.099072
worker_3,3833,1788087011.960122,50,4.543066,1.098112
worker_3,3834,1788087011.964697,50,4.950690,1.096320
worker_3,3835,1788087011.969694,50,4.544075,1.096416
worker_3,3836,1788087011.974263,50,4.960393,1.096864
worker_3,3837,1788087011.979270,50,4.536205,1.096192
worker_3,3838,1788087011.983832,50,4.767142,1.103200
worker_3,3839,1788087011.988617,50,4.761559,1.097344
worker_3,3840,1788087011.993395,50,4.975367,1.097216
worker_3,3841,1788087011.998420,50,4.553511,1.096768
worker_3,3842,1788087012.002997,50,4.817430,1.096320
worker_3,3843,1788087012.007862,50,4.684289,1.096576
worker_3,3844,1788087012.012570,50,4.761180,1.098048
worker_3,3845,1788087012.017349,50,4.766661,1.098272
worker_3,3846,1788087012.022131,50,4.768726,1.096448
worker_3,3847,1788087012.026915,50,4.977246,1.096736
worker_3,3848,1788087012.031942,50,4.541409,1.102688
worker_3,3849,1788087012.036510,50,4.971645,1.097312
worker_3,3850,1788087012.041528,50,4.535251,1.097056
worker_3,3851,1788087012.046088,50,4.960589,1.096736
worker_3,3852,1788087012.051096,50,4.580428,1.102688
worker_3,3853,1788087012.055711,50,4.753689,1.098976
worker_3,3854,1788087012.060485,50,4.762003,1.096256
worker_3,3855,1788087012.065263,50,4.991033,1.098368
worker_3,3856,1788087012.070302,50,4.524779,1.095648
worker_3,3857,1788087012.074850,50,4.965978,1.095968
worker_3,3858,1788087012.079863,50,4.542214,1.098400
worker_3,3859,1788087012.084430,50,4.957199,1.096800
worker_3,3860,1788087012.089434,50,4.542825,1.097792
worker_3,3861,1788087012.094004,50,4.959014,1.097632
worker_3,3862,1788087012.099010,50,4.547464,1.097792
worker_3,3863,1788087012.103580,50,4.761458,1.096544
worker_3,3864,1788087012.108360,50,4.768448,1.097728
worker_3,3865,1788087012.113143,50,4.983422,1.097760
worker_3,3866,1788087012.118177,50,4.530076,1.098272
worker_3,3867,1788087012.122732,50,4.960309,1.097408
worker_3,3868,1788087012.127739,50,4.537168,1.097152
worker_3,3869,1788087012.132301,50,4.754559,1.099616
worker_3,3870,1788087012.137074,50,4.768808,1.096096
worker_3,3871,1788087012.141859,50,4.971644,1.096384
worker_3,3872,1788087012.146879,50,4.534844,1.096480
worker_3,3873,1788087012.151451,50,4.755781,1.098656
worker_3,3874,1788087012.156230,50,4.758597,1.097984
worker_3,3875,1788087012.161004,50,4.767475,1.097056
worker_3,3876,1788087012.165787,50,4.778863,1.097632
worker_3,3877,1788087012.170582,50,4.982654,1.097728
worker_3,3878,1788087012.175615,50,4.551788,1.098368
worker_3,3879,1788087012.180192,50,4.764254,1.101888
worker_3,3880,1788087012.184973,50,4.770790,1.098208
worker_3,3881,1788087012.189760,50,4.988227,1.097632
worker_3,3882,1788087012.194797,50,4.533881,1.096128
worker_3,3883,1788087012.199357,50,4.773326,1.098112
worker_3,3884,1788087012.204149,50,4.769095,1.099616
worker_3,3885,1788087012.208934,50,4.772457,1.097280
worker_3,3886,1788087012.213722,50,4.768253,1.097248
worker_3,3887,1788087012.218505,50,4.978801,1.095936
worker_3,3888,1788087012.223533,50,4.552002,1.098240
worker_3,3889,1788087012.228114,50,4.759299,1.100384
worker_3,3890,1788087012.232892,50,4.763698,1.097856
worker_3,3891,1788087012.237673,50,4.766096,1.096384
worker_3,3892,1788087012.242470,50,4.753272,1.098368
worker_3,3893,1788087012.247240,50,4.768420,1.097760
worker_3,3894,1788087012.252023,50,4.777096,1.096000
worker_3,3895,1788087012.256816,50,4.776706,1.097536
worker_3,3896,1788087012.261608,50,4.770484,1.098944
worker_3,3897,1788087012.266395,50,4.772745,1.096960
worker_3,3898,1788087012.271183,50,4.768401,1.096736
worker_3,3899,1788087012.275966,50,4.776057,1.096192
worker_3,3900,1788087012.280758,50,4.791576,1.101760
worker_3,3901,1788087012.285565,50,4.979737,1.096544
worker_3,3902,1788087012.290595,50,4.536149,1.096224
worker_3,3903,1788087012.295157,50,4.757410,1.098240
worker_3,3904,1788087012.299932,50,4.771680,1.098752
worker_3,3905,1788087012.304721,50,4.765993,1.100320
worker_3,3906,1788087012.309502,50,4.982968,1.097568
worker_3,3907,1788087012.314535,50,4.536501,1.096064
worker_3,3908,1788087012.319098,50,4.961209,1.096480
worker_3,3909,1788087012.324105,50,4.541936,1.097696
worker_3,3910,1788087012.328672,50,4.976718,1.098560
worker_3,3911,1788087012.333697,50,4.521204,1.097056
worker_3,3912,1788087012.338253,50,4.979680,1.097536
worker_3,3913,1788087012.343281,50,4.527213,1.096800
worker_3,3914,1788087012.347833,50,4.759846,1.098496
worker_3,3915,1788087012.352611,50,4.766873,1.098048
worker_3,3916,1788087012.357393,50,4.973597,1.096672
worker_3,3917,1788087012.362415,50,4.595529,1.096512
worker_3,3918,1788087012.367044,50,4.705196,1.097792
worker_3,3919,1788087012.371766,50,4.808929,1.096608
worker_3,3920,1788087012.376612,50,4.755735,1.095776
worker_3,3921,1788087012.381406,50,4.876346,1.095936
worker_3,3922,1788087012.386323,50,4.781106,1.099968
worker_3,3923,1788087012.391146,50,4.534038,1.097728
worker_3,3924,1788087012.395705,50,4.986209,1.098784
worker_3,3925,1788087012.400739,50,4.605696,1.100224
worker_3,3926,1788087012.405391,50,4.649733,1.098784
worker_3,3927,1788087012.410066,50,4.769447,1.096288
worker_3,3928,1788087012.414853,50,4.765994,1.096480
worker_3,3929,1788087012.419636,50,4.766476,1.097120
worker_3,3930,1788087012.424420,50,4.794503,1.100096
worker_3,3931,1788087012.429252,50,4.933468,1.096640
worker_3,3932,1788087012.434227,50,4.565798,1.096256
worker_3,3933,1788087012.438831,50,4.745151,1.096544
worker_3,3934,1788087012.443612,50,4.728826,1.098176
worker_3,3935,1788087012.448363,50,4.760236,1.098752
worker_3,3936,1788087012.453141,50,4.762003,1.096608
worker_3,3937,1788087012.457921,50,4.761772,1.097248
worker_3,3938,1788087012.462698,50,4.775977,1.097760
worker_3,3939,1788087012.467490,50,4.768040,1.098784
worker_3,3940,1788087012.472275,50,4.769605,1.100608
worker_3,3941,1788087012.477062,50,4.769420,1.099008
worker_3,3942,1788087012.481848,50,4.771586,1.097728
worker_3,3943,1788087012.486634,50,4.980469,1.096704
worker_3,3944,1788087012.491665,50,4.671011,1.098400
worker_3,3945,1788087012.496362,50,4.827642,1.095840
worker_3,3946,1788087012.501236,50,4.566252,1.095904
worker_3,3947,1788087012.505836,50,4.886977,1.096832
worker_3,3948,1788087012.510818,50,4.704419,1.095968
worker_3,3949,1788087012.515560,50,4.763078,1.096768
worker_3,3950,1788087012.520362,50,4.545084,1.097376
worker_3,3951,1788087012.524939,50,4.974004,1.102720
worker_3,3952,1788087012.529958,50,4.737021,1.096288
worker_3,3953,1788087012.534740,50,4.538122,1.098464
worker_3,3954,1788087012.539302,50,4.754892,1.096000
worker_3,3955,1788087012.544075,50,4.773984,1.097280
worker_3,3956,1788087012.548865,50,4.794235,1.100096
worker_3,3957,1788087012.553674,50,4.777077,1.096416
worker_3,3958,1788087012.558466,50,4.770142,1.098880
worker_3,3959,1788087012.563251,50,4.768262,1.096640
worker_3,3960,1788087012.568034,50,4.779050,1.097600
worker_3,3961,1788087012.572827,50,4.800495,1.111584
worker_3,3962,1788087012.577643,50,4.771383,1.096832
worker_3,3963,1788087012.582429,50,4.774273,1.098176
worker_3,3964,1788087012.587219,50,4.775392,1.096320
worker_3,3965,1788087012.592009,50,4.781477,1.097792
worker_3,3966,1788087012.596806,50,4.775781,1.099104
worker_3,3967,1788087012.601596,50,4.771244,1.095968
worker_3,3968,1788087012.606383,50,4.769956,1.096224
worker_3,3969,1788087012.611168,50,4.772243,1.098688
worker_3,3970,1788087012.615961,50,4.769151,1.097536
worker_3,3971,1788087012.620746,50,4.767790,1.097600
worker_3,3972,1788087012.625530,50,4.791198,1.097728
worker_3,3973,1788087012.630348,50,4.745985,1.097344
worker_3,3974,1788087012.635114,50,4.760809,1.098592
worker_3,3975,1788087012.639891,50,4.986070,1.104672
worker_3,3976,1788087012.644925,50,4.736002,1.098560
worker_3,3977,1788087012.649707,50,4.741040,1.097120
worker_3,3978,1788087012.654493,50,4.666679,1.098016
worker_3,3979,1788087012.659184,50,4.981709,1.095616
worker_3,3980,1788087012.664226,50,4.537363,1.098912
worker_3,3981,1788087012.668787,50,4.975764,1.096096
worker_3,3982,1788087012.673810,50,4.405613,1.096160
worker_3,3983,1788087012.678239,50,4.939819,1.098720
worker_3,3984,1788087012.683225,50,4.537779,1.097792
worker_3,3985,1788087012.687787,50,4.759549,1.097152
worker_3,3986,1788087012.692564,50,4.771411,1.103296
worker_3,3987,1788087012.697350,50,4.982505,1.097568
worker_3,3988,1788087012.702381,50,4.546104,1.097824
worker_3,3989,1788087012.706953,50,4.752623,1.097536
worker_3,3990,1788087012.711737,50,4.756679,1.096672
worker_3,3991,1788087012.716512,50,4.768708,1.100032
worker_3,3992,1788087012.721297,50,4.770049,1.095776
worker_3,3993,1788087012.726083,50,4.780151,1.095904
worker_3,3994,1788087012.730878,50,4.771947,1.096224
worker_3,3995,1788087012.735665,50,4.771022,1.096224
worker_3,3996,1788087012.740452,50,4.773264,1.098464
worker_3,3997,1788087012.745240,50,4.768457,1.096576
worker_3,3998,1788087012.750024,50,4.797625,1.097760
worker_3,3999,1788087012.754837,50,4.771068,1.097600
worker_3,4000,1788087012.759626,50,4.768328,1.098400
worker_3,4001,1788087012.764410,50,4.773290,1.099840
worker_3,4002,1788087012.769199,50,4.775707,1.097568
worker_3,4003,1788087012.773990,50,4.777124,1.097120
worker_3,4004,1788087012.778783,50,4.771263,1.096736
worker_3,4005,1788087012.783569,50,4.768392,1.096288
worker_3,4006,1788087012.788353,50,4.779912,1.100640
worker_3,4007,1788087012.793148,50,4.772021,1.097056
worker_3,4008,1788087012.797935,50,4.785393,1.097792
worker_3,4009,1788087012.802738,50,4.777568,1.097792
worker_3,4010,1788087012.807534,50,4.761874,1.096640
worker_3,4011,1788087012.812313,50,4.771697,1.099296
worker_3,4012,1788087012.817101,50,4.769364,1.097120
worker_3,4013,1788087012.821886,50,4.769819,1.096192
worker_3,4014,1788087012.826671,50,4.784901,1.097280
worker_3,4015,1788087012.831481,50,4.755697,1.096384
worker_3,4016,1788087012.836256,50,4.769800,1.099456
worker_3,4017,1788087012.841042,50,4.771012,1.097792
worker_3,4018,1788087012.845829,50,4.771893,1.096352
worker_3,4019,1788087012.850616,50,4.768864,1.097504
worker_3,4020,1788087012.855400,50,4.772336,1.096832
worker_3,4021,1788087012.860187,50,4.771374,1.099584
worker_3,4022,1788087012.864974,50,4.773836,1.097120
worker_3,4023,1788087012.869762,50,4.768262,1.096352
worker_3,4024,1788087012.874547,50,4.771077,1.097600
worker_3,4025,1788087012.879335,50,4.789383,1.096352
worker_3,4026,1788087012.884140,50,4.773106,1.101088
worker_3,4027,1788087012.888928,50,4.768308,1.098784
worker_3,4028,1788087012.893711,50,4.776262,1.098080
worker_3,4029,1788087012.898517,50,4.760040,1.099424
worker_3,4030,1788087012.903293,50,5.002606,1.097984
worker_3,4031,1788087012.908346,50,4.720587,1.097312
worker_3,4032,1788087012.913113,50,4.739225,1.098848
worker_3,4033,1788087012.917901,50,4.734271,1.096800
worker_3,4034,1788087012.922680,50,4.739503,1.097824
worker_3,4035,1788087012.927465,50,4.558454,1.098464
worker_3,4036,1788087012.932048,50,4.762050,1.100224
worker_3,4037,1788087012.936827,50,4.768651,1.096320
worker_3,4038,1788087012.941612,50,4.781235,1.098080
worker_3,4039,1788087012.946408,50,4.765531,1.097568
worker_3,4040,1788087012.951190,50,4.776827,1.097248
worker_3,4041,1788087012.955982,50,4.775994,1.098688
worker_3,4042,1788087012.960773,50,4.777438,1.099136
worker_3,4043,1788087012.965565,50,4.774346,1.100704
worker_3,4044,1788087012.970355,50,4.771845,1.096896
worker_3,4045,1788087012.975142,50,4.785708,1.097280
worker_3,4046,1788087012.979943,50,4.777030,1.101056
worker_3,4047,1788087012.984736,50,4.768364,1.097504
worker_3,4048,1788087012.989527,50,4.770207,1.096736
worker_3,4049,1788087012.994312,50,4.771975,1.097344
worker_3,4050,1788087012.999100,50,4.771855,1.097472
worker_3,4051,1788087013.003887,50,4.772059,1.097824
worker_3,4052,1788087013.008674,50,4.770947,1.100064
worker_3,4053,1788087013.013460,50,4.771679,1.098176
worker_3,4054,1788087013.018247,50,4.766855,1.097696
worker_3,4055,1788087013.023029,50,4.770753,1.098496
worker_3,4056,1788087013.027816,50,4.988487,1.098592
worker_3,4057,1788087013.032850,50,4.755142,1.096992
worker_3,4058,1788087013.037650,50,4.527817,1.096768
worker_3,4059,1788087013.042202,50,4.754707,1.096416
worker_3,4060,1788087013.046973,50,4.982875,1.096448
worker_3,4061,1788087013.052004,50,4.532835,1.095744
worker_3,4062,1788087013.056561,50,4.967542,1.097472
worker_3,4063,1788087013.061575,50,4.537622,1.096448
worker_3,4064,1788087013.066136,50,4.982755,1.096640
worker_3,4065,1788087013.071165,50,4.520529,1.098336
worker_3,4066,1788087013.075708,50,4.765707,1.101344
worker_3,4067,1788087013.080491,50,4.774021,1.095808
worker_3,4068,1788087013.085292,50,4.969903,1.098240
worker_3,4069,1788087013.090309,50,4.529093,1.098400
worker_3,4070,1788087013.094862,50,4.987893,1.099776
worker_3,4071,1788087013.099897,50,4.530593,1.096064
worker_3,4072,1788087013.104451,50,4.973588,1.096992
worker_3,4073,1788087013.109471,50,4.532576,1.098112
worker_3,4074,1788087013.114028,50,4.972829,1.097344
worker_3,4075,1788087013.119048,50,4.536751,1.098208
worker_3,4076,1788087013.123610,50,4.758605,1.097280
worker_3,4077,1788087013.128388,50,4.767614,1.100384
worker_3,4078,1788087013.133172,50,4.774828,1.097696
worker_3,4079,1788087013.137963,50,4.777855,1.096032
worker_3,4080,1788087013.142755,50,4.772744,1.097824
worker_3,4081,1788087013.147544,50,4.767262,1.096544
worker_3,4082,1788087013.152326,50,4.779114,1.103072
worker_3,4083,1788087013.157120,50,4.767493,1.097568
worker_3,4084,1788087013.161904,50,4.774115,1.097792
worker_3,4085,1788087013.166693,50,4.765355,1.096448
worker_3,4086,1788087013.171473,50,4.778846,1.098944
worker_3,4087,1788087013.176273,50,4.767485,1.100992
worker_3,4088,1788087013.181056,50,4.767625,1.096864
worker_3,4089,1788087013.185841,50,4.776133,1.096160
worker_3,4090,1788087013.190633,50,4.768780,1.096672
worker_3,4091,1788087013.195417,50,4.772513,1.096256
worker_3,4092,1788087013.200204,50,4.774050,1.101152
worker_3,4093,1788087013.204994,50,4.775643,1.097600
worker_3,4094,1788087013.209784,50,4.780578,1.098080
worker_3,4095,1788087013.214580,50,4.772346,1.097536
worker_3,4096,1788087013.219369,50,4.788874,1.097856
worker_3,4097,1788087013.224174,50,4.772486,1.098528
worker_3,4098,1788087013.228962,50,4.987023,1.095104
worker_3,4099,1788087013.234077,50,4.648484,1.096416
worker_3,4100,1788087013.238771,50,4.535345,1.097760
worker_3,4101,1788087013.243332,50,4.763642,1.097024
worker_3,4102,1788087013.248113,50,4.967347,1.096448
worker_3,4103,1788087013.253126,50,4.754902,1.102592
worker_3,4104,1788087013.257927,50,4.541983,1.095488
worker_3,4105,1788087013.262494,50,4.754789,1.097792
worker_3,4106,1788087013.267267,50,4.988533,1.099872
worker_3,4107,1788087013.272316,50,4.509658,1.096416
worker_3,4108,1788087013.276850,50,4.780392,1.110752
worker_3,4109,1788087013.281649,50,4.972904,1.097920
worker_3,4110,1788087013.286669,50,4.541141,1.096000
worker_3,4111,1788087013.291234,50,4.762272,1.097120
worker_3,4112,1788087013.296013,50,4.774106,1.097472
worker_3,4113,1788087013.300805,50,4.769419,1.098496
worker_3,4114,1788087013.305591,50,4.978672,1.098176
worker_3,4115,1788087013.310619,50,4.538742,1.097824
worker_3,4116,1788087013.315182,50,4.758216,1.098880
worker_3,4117,1788087013.319957,50,4.773735,1.098176
worker_3,4118,1788087013.324747,50,4.783734,1.104960
worker_3,4119,1788087013.329547,50,4.770162,1.098144
worker_3,4120,1788087013.334332,50,4.998458,1.097632
worker_3,4121,1788087013.339378,50,4.522566,1.096864
worker_3,4122,1788087013.343924,50,4.761662,1.096992
worker_3,4123,1788087013.348705,50,4.768290,1.100864
worker_3,4124,1788087013.353490,50,4.976579,1.095936
worker_3,4125,1788087013.358515,50,4.540391,1.097632
worker_3,4126,1788087013.363094,50,4.949098,1.097056
worker_3,4127,1788087013.368090,50,4.533621,1.096320
worker_3,4128,1788087013.372649,50,4.815633,1.096000
worker_3,4129,1788087013.377514,50,4.689307,1.097792
worker_3,4130,1788087013.382228,50,4.759411,1.098560
worker_3,4131,1788087013.387007,50,4.766243,1.095552
worker_3,4132,1788087013.391790,50,4.772967,1.098432
worker_3,4133,1788087013.396579,50,4.775855,1.096928
worker_3,4134,1788087013.401370,50,4.773743,1.096736
worker_3,4135,1788087013.406159,50,4.919643,1.097280
worker_3,4136,1788087013.411094,50,4.781653,1.096128
worker_3,4137,1788087013.415891,50,4.774309,1.098560
worker_3,4138,1788087013.420681,50,4.623419,1.097760
worker_3,4139,1788087013.425322,50,4.771929,1.096704
worker_3,4140,1788087013.430108,50,4.770051,1.097024
worker_3,4141,1788087013.434893,50,4.985468,1.095968
worker_3,4142,1788087013.439925,50,4.752678,1.100992
worker_3,4143,1788087013.444725,50,4.749262,1.097504
worker_3,4144,1788087013.449520,50,4.740188,1.098016
worker_3,4145,1788087013.454305,50,4.740864,1.095712
worker_3,4146,1788087013.459103,50,4.538177,1.098432
worker_3,4147,1788087013.463666,50,4.758337,1.099008
worker_3,4148,1788087013.468443,50,4.787180,1.098432
worker_3,4149,1788087013.473247,50,4.978042,1.096704
worker_3,4150,1788087013.478273,50,4.535260,1.096608
worker_3,4151,1788087013.482834,50,4.961246,1.097664
worker_3,4152,1788087013.487841,50,4.541761,1.097184
worker_3,4153,1788087013.492409,50,4.963163,1.097728
worker_3,4154,1788087013.497420,50,4.535741,1.096320
worker_3,4155,1788087013.501981,50,4.766762,1.096416
worker_3,4156,1788087013.506765,50,4.767402,1.097536
worker_3,4157,1788087013.511549,50,4.772707,1.097792
worker_3,4158,1788087013.516337,50,5.021227,1.098208
worker_3,4159,1788087013.521407,50,4.491260,1.097856
worker_3,4160,1788087013.525923,50,4.952848,1.096416
worker_3,4161,1788087013.530921,50,4.544825,1.099232
worker_3,4162,1788087013.535493,50,4.760956,1.098208
worker_3,4163,1788087013.540272,50,4.770521,1.100704
worker_3,4164,1788087013.545059,50,4.978004,1.097728
worker_3,4165,1788087013.550096,50,4.527408,1.096000
worker_3,4166,1788087013.554647,50,4.966338,1.097600
worker_3,4167,1788087013.559660,50,4.559408,1.097344
worker_3,4168,1788087013.564244,50,4.757947,1.100800
worker_3,4169,1788087013.569020,50,4.769050,1.096064
worker_3,4170,1788087013.573805,50,4.980589,1.095232
worker_3,4171,1788087013.578833,50,4.539955,1.098272
worker_3,4172,1788087013.583398,50,4.767012,1.095456
worker_3,4173,1788087013.588183,50,4.768891,1.101472
worker_3,4174,1788087013.592969,50,4.767651,1.096288
worker_3,4175,1788087013.597755,50,4.768475,1.097088
