label,batch,start_unix_s,operations,wall_ms,cuda_batch_ms
worker_1,0,1788086993.603720,50,2.138175,1.098176
worker_1,1,1788086993.605901,50,3.503613,1.097248
worker_1,2,1788086993.609447,50,4.746114,1.097632
worker_1,3,1788086993.614230,50,4.747263,1.098880
worker_1,4,1788086993.619013,50,4.738337,1.099104
worker_1,5,1788086993.623776,50,4.760901,1.099680
worker_1,6,1788086993.628555,50,4.769652,1.100320
worker_1,7,1788086993.633341,50,4.765234,1.098848
worker_1,8,1788086993.638123,50,4.763651,1.098368
worker_1,9,1788086993.642904,50,4.778123,1.099328
worker_1,10,1788086993.647707,50,4.764612,1.098592
worker_1,11,1788086993.652488,50,4.776717,1.097856
worker_1,12,1788086993.657281,50,4.772336,1.099104
worker_1,13,1788086993.662069,50,4.772438,1.098624
worker_1,14,1788086993.666856,50,4.779680,1.099392
worker_1,15,1788086993.671651,50,4.786364,1.102016
worker_1,16,1788086993.676454,50,4.779558,1.098592
worker_1,17,1788086993.681250,50,4.770836,1.098304
worker_1,18,1788086993.686037,50,4.772994,1.098240
worker_1,19,1788086993.690825,50,4.771623,1.097792
worker_1,20,1788086993.695612,50,4.776345,1.101280
worker_1,21,1788086993.700406,50,4.785884,1.098272
worker_1,22,1788086993.705206,50,4.779901,1.097856
worker_1,23,1788086993.710003,50,4.771281,1.099136
worker_1,24,1788086993.714790,50,4.770642,1.097600
worker_1,25,1788086993.719576,50,4.770031,1.098240
worker_1,26,1788086993.724362,50,4.780197,1.099200
worker_1,27,1788086993.729158,50,4.769077,1.097312
worker_1,28,1788086993.733942,50,4.983561,1.098176
worker_1,29,1788086993.738990,50,4.717161,1.098976
worker_1,30,1788086993.743752,50,4.779356,1.099616
worker_1,31,1788086993.748575,50,4.498056,1.098336
worker_1,32,1788086993.753099,50,4.759392,1.098400
worker_1,33,1788086993.757878,50,4.762243,1.098528
worker_1,34,1788086993.762655,50,4.777642,1.099232
worker_1,35,1788086993.767449,50,4.774679,1.098144
worker_1,36,1788086993.772240,50,4.762642,1.098368
worker_1,37,1788086993.777018,50,4.778059,1.097824
worker_1,38,1788086993.781811,50,4.771327,1.098400
worker_1,39,1788086993.786598,50,4.770040,1.098208
worker_1,40,1788086993.791386,50,4.803244,1.098144
worker_1,41,1788086993.796240,50,4.712428,1.097664
worker_1,42,1788086993.800974,50,4.760123,1.098240
worker_1,43,1788086993.805752,50,4.764318,1.096416
worker_1,44,1788086993.810534,50,4.769021,1.098944
worker_1,45,1788086993.815318,50,4.783706,1.098592
worker_1,46,1788086993.820117,50,4.768493,1.100608
worker_1,47,1788086993.824901,50,4.769957,1.099296
worker_1,48,1788086993.829686,50,4.775633,1.098304
worker_1,49,1788086993.834490,50,4.968838,1.095872
worker_1,50,1788086993.839506,50,4.790058,1.097984
worker_1,51,1788086993.844341,50,4.519825,1.097824
worker_1,52,1788086993.848886,50,4.753039,1.099104
worker_1,53,1788086993.853658,50,4.923597,1.099168
worker_1,54,1788086993.858597,50,4.770485,1.099648
worker_1,55,1788086993.863384,50,4.772068,1.097568
worker_1,56,1788086993.868171,50,4.769281,1.099424
worker_1,57,1788086993.872956,50,4.795041,1.097792
worker_1,58,1788086993.877766,50,4.760178,1.097792
worker_1,59,1788086993.882542,50,4.774151,1.098784
worker_1,60,1788086993.887330,50,4.616492,1.098016
worker_1,61,1788086993.891961,50,4.766604,1.099200
worker_1,62,1788086993.896744,50,4.789123,1.109952
worker_1,63,1788086993.901550,50,4.777762,1.100512
worker_1,64,1788086993.906344,50,4.770568,1.097792
worker_1,65,1788086993.911131,50,4.772123,1.098304
worker_1,66,1788086993.915918,50,4.772994,1.098656
worker_1,67,1788086993.920706,50,4.772956,1.101856
worker_1,68,1788086993.925505,50,4.758743,1.097792
worker_1,69,1788086993.930278,50,4.775318,1.099584
worker_1,70,1788086993.935069,50,4.769235,1.098592
worker_1,71,1788086993.939854,50,4.769419,1.098272
worker_1,72,1788086993.944639,50,4.773577,1.099008
worker_1,73,1788086993.949427,50,4.769799,1.098528
worker_1,74,1788086993.954211,50,4.778706,1.099264
worker_1,75,1788086993.959005,50,4.770253,1.098976
worker_1,76,1788086993.963793,50,4.765810,1.098592
worker_1,77,1788086993.968575,50,4.776188,1.105600
worker_1,78,1788086993.973367,50,4.770336,1.098496
worker_1,79,1788086993.978152,50,4.784280,1.097856
worker_1,80,1788086993.982952,50,4.774800,1.098176
worker_1,81,1788086993.987742,50,4.769160,1.098304
worker_1,82,1788086993.992526,50,4.770086,1.099552
worker_1,83,1788086993.997310,50,4.774984,1.098848
worker_1,84,1788086994.002099,50,4.785430,1.098688
worker_1,85,1788086994.006899,50,4.770781,1.098048
worker_1,86,1788086994.011685,50,4.778207,1.100512
worker_1,87,1788086994.016478,50,4.770799,1.098400
worker_1,88,1788086994.021273,50,4.764708,1.098144
worker_1,89,1788086994.026053,50,4.792327,1.103296
worker_1,90,1788086994.030860,50,4.771558,1.099776
worker_1,91,1788086994.035645,50,4.773596,1.097792
worker_1,92,1788086994.040436,50,4.983541,1.096992
worker_1,93,1788086994.045471,50,4.532159,1.098400
worker_1,94,1788086994.050027,50,4.755966,1.097312
worker_1,95,1788086994.054802,50,4.769401,1.098944
worker_1,96,1788086994.059587,50,4.769458,1.101088
worker_1,97,1788086994.064372,50,4.776290,1.099168
worker_1,98,1788086994.069163,50,4.778660,1.099264
worker_1,99,1788086994.073958,50,4.766383,1.096096
worker_1,100,1788086994.078740,50,4.773531,1.098560
worker_1,101,1788086994.083529,50,4.779818,1.104992
worker_1,102,1788086994.088324,50,4.779226,1.099104
worker_1,103,1788086994.093118,50,4.776031,1.099040
worker_1,104,1788086994.097908,50,4.767781,1.098176
worker_1,105,1788086994.102690,50,4.777188,1.098208
worker_1,106,1788086994.107486,50,4.769642,1.098272
worker_1,107,1788086994.112283,50,4.753614,1.098144
worker_1,108,1788086994.117054,50,4.781625,1.098912
worker_1,109,1788086994.121852,50,4.765920,1.097856
worker_1,110,1788086994.126633,50,4.770494,1.098368
worker_1,111,1788086994.131419,50,4.770873,1.099552
worker_1,112,1788086994.136204,50,4.987162,1.096736
worker_1,113,1788086994.141239,50,4.740170,1.098656
worker_1,114,1788086994.146025,50,4.737929,1.097856
worker_1,115,1788086994.150808,50,4.542566,1.098976
worker_1,116,1788086994.155374,50,4.761745,1.098528
worker_1,117,1788086994.160155,50,4.769679,1.098272
worker_1,118,1788086994.164940,50,4.772522,1.097792
worker_1,119,1788086994.169728,50,4.772836,1.099104
worker_1,120,1788086994.174517,50,4.775040,1.099328
worker_1,121,1788086994.179309,50,4.768466,1.098912
worker_1,122,1788086994.184093,50,4.809744,1.099872
worker_1,123,1788086994.188941,50,4.735125,1.102720
worker_1,124,1788086994.193700,50,4.763308,1.099168
worker_1,125,1788086994.198482,50,4.766706,1.098144
worker_1,126,1788086994.203265,50,4.772050,1.098816
worker_1,127,1788086994.208067,50,4.753476,1.098176
worker_1,128,1788086994.212839,50,4.792374,1.110112
worker_1,129,1788086994.217648,50,4.767985,1.098816
worker_1,130,1788086994.222432,50,4.774383,1.099328
worker_1,131,1788086994.227222,50,4.768651,1.098816
worker_1,132,1788086994.232006,50,4.925930,1.098592
worker_1,133,1788086994.236947,50,4.993302,1.100832
worker_1,134,1788086994.241988,50,4.756235,1.097856
worker_1,135,1788086994.246790,50,4.523686,1.097344
worker_1,136,1788086994.251336,50,4.780151,1.099584
worker_1,137,1788086994.256133,50,4.647262,1.099840
worker_1,138,1788086994.260798,50,4.886282,1.098656
worker_1,139,1788086994.265700,50,4.771743,1.099616
worker_1,140,1788086994.270485,50,4.781586,1.098336
worker_1,141,1788086994.275281,50,4.609807,1.099072
worker_1,142,1788086994.279906,50,4.771475,1.099104
worker_1,143,1788086994.284693,50,4.771568,1.098880
worker_1,144,1788086994.289480,50,4.774271,1.098016
worker_1,145,1788086994.294269,50,4.770308,1.099520
worker_1,146,1788086994.299066,50,4.760864,1.098240
worker_1,147,1788086994.303843,50,4.775383,1.099872
worker_1,148,1788086994.308636,50,4.767993,1.098624
worker_1,149,1788086994.313421,50,4.771744,1.097856
worker_1,150,1788086994.318208,50,4.769373,1.098496
worker_1,151,1788086994.322992,50,4.778845,1.099008
worker_1,152,1788086994.327785,50,4.776679,1.099872
worker_1,153,1788086994.332577,50,4.781632,1.098688
worker_1,154,1788086994.337372,50,4.992097,1.099104
worker_1,155,1788086994.342413,50,4.765948,1.098656
worker_1,156,1788086994.347316,50,4.414000,1.096928
worker_1,157,1788086994.351756,50,4.754243,1.099776
worker_1,158,1788086994.356530,50,4.778327,1.098496
worker_1,159,1788086994.361324,50,4.886782,1.099008
worker_1,160,1788086994.366227,50,4.820836,1.098080
worker_1,161,1788086994.371065,50,4.759799,1.097824
worker_1,162,1788086994.375840,50,4.790466,1.098560
worker_1,163,1788086994.380646,50,4.640724,1.099328
worker_1,164,1788086994.385302,50,4.900810,1.099712
worker_1,165,1788086994.390218,50,4.772022,1.099776
worker_1,166,1788086994.395017,50,4.633585,1.099584
worker_1,167,1788086994.399666,50,4.892800,1.102624
worker_1,168,1788086994.404575,50,4.657474,1.098784
worker_1,169,1788086994.409247,50,4.768077,1.097632
worker_1,170,1788086994.414032,50,4.806707,1.099072
worker_1,171,1788086994.418854,50,4.767540,1.097792
worker_1,172,1788086994.423637,50,4.774068,1.102432
worker_1,173,1788086994.428430,50,4.786975,1.099040
worker_1,174,1788086994.433236,50,4.757327,1.097536
worker_1,175,1788086994.438011,50,4.765161,1.097664
worker_1,176,1788086994.442792,50,4.774752,1.098944
worker_1,177,1788086994.447582,50,4.772374,1.100000
worker_1,178,1788086994.452370,50,4.780920,1.099296
worker_1,179,1788086994.457166,50,4.771633,1.099296
worker_1,180,1788086994.461954,50,4.772188,1.097888
worker_1,181,1788086994.466741,50,4.774836,1.099456
worker_1,182,1788086994.471532,50,4.781614,1.104096
worker_1,183,1788086994.476328,50,4.778466,1.096768
worker_1,184,1788086994.481122,50,4.770679,1.097504
worker_1,185,1788086994.485917,50,4.896458,1.098496
worker_1,186,1788086994.490828,50,4.628502,1.097120
worker_1,187,1788086994.495474,50,4.767262,1.098240
worker_1,188,1788086994.500257,50,4.762697,1.097792
worker_1,189,1788086994.505036,50,4.780365,1.098816
worker_1,190,1788086994.509831,50,4.777670,1.097728
worker_1,191,1788086994.514628,50,4.760688,1.097760
worker_1,192,1788086994.519405,50,4.771105,1.097792
worker_1,193,1788086994.524192,50,4.990931,1.097792
worker_1,194,1788086994.529231,50,4.746262,1.099360
worker_1,195,1788086994.534024,50,4.739198,1.099616
worker_1,196,1788086994.538808,50,4.536260,1.097792
worker_1,197,1788086994.543369,50,4.751985,1.097824
worker_1,198,1788086994.548140,50,4.768290,1.096672
worker_1,199,1788086994.552924,50,4.775383,1.102272
worker_1,200,1788086994.557715,50,4.770735,1.097248
worker_1,201,1788086994.562503,50,4.771170,1.098880
worker_1,202,1788086994.567292,50,5.136859,1.098048
worker_1,203,1788086994.572476,50,4.378167,1.097632
worker_1,204,1788086994.576880,50,4.941921,1.097952
worker_1,205,1788086994.581866,50,4.571427,1.097536
worker_1,206,1788086994.586462,50,4.787531,1.096800
worker_1,207,1788086994.591282,50,4.713901,1.098336
worker_1,208,1788086994.596014,50,4.770318,1.102176
worker_1,209,1788086994.600798,50,4.771975,1.098560
worker_1,210,1788086994.605582,50,4.985319,1.100864
worker_1,211,1788086994.610615,50,4.539131,1.099168
worker_1,212,1788086994.615178,50,4.767984,1.098208
worker_1,213,1788086994.619964,50,4.769133,1.102528
worker_1,214,1788086994.624749,50,4.772401,1.099296
worker_1,215,1788086994.629537,50,4.776022,1.099680
worker_1,216,1788086994.634328,50,4.982023,1.097504
worker_1,217,1788086994.639358,50,4.552437,1.098400
worker_1,218,1788086994.643934,50,4.764754,1.102432
worker_1,219,1788086994.648716,50,4.769161,1.097792
worker_1,220,1788086994.653503,50,4.980274,1.098848
worker_1,221,1788086994.658530,50,4.533815,1.098112
worker_1,222,1788086994.663089,50,4.963207,1.096576
worker_1,223,1788086994.668100,50,4.539075,1.098240
worker_1,224,1788086994.672681,50,4.791253,1.096288
worker_1,225,1788086994.677518,50,4.687577,1.097536
worker_1,226,1788086994.682230,50,4.977774,1.100992
worker_1,227,1788086994.687255,50,4.527177,1.097792
worker_1,228,1788086994.691807,50,4.755706,1.098272
worker_1,229,1788086994.696580,50,4.770262,1.103776
worker_1,230,1788086994.701365,50,4.993820,1.097248
worker_1,231,1788086994.706407,50,4.531520,1.099072
worker_1,232,1788086994.710968,50,4.962635,1.097632
worker_1,233,1788086994.715976,50,4.549094,1.100576
worker_1,234,1788086994.720550,50,4.965726,1.097760
worker_1,235,1788086994.725563,50,4.691104,1.099296
worker_1,236,1788086994.730279,50,4.987968,1.097056
worker_1,237,1788086994.735313,50,4.372806,1.098240
worker_1,238,1788086994.739711,50,4.904957,1.097760
worker_1,239,1788086994.744634,50,4.766827,1.095712
worker_1,240,1788086994.749417,50,4.867634,1.098272
worker_1,241,1788086994.754328,50,4.487500,1.098336
worker_1,242,1788086994.758841,50,4.968782,1.097536
worker_1,243,1788086994.763856,50,4.533029,1.098048
worker_1,244,1788086994.768428,50,4.958838,1.100640
worker_1,245,1788086994.773434,50,4.532890,1.097824
worker_1,246,1788086994.777992,50,4.815355,1.096160
worker_1,247,1788086994.782857,50,4.888634,1.097408
worker_1,248,1788086994.787793,50,4.531131,1.098720
worker_1,249,1788086994.792350,50,4.973171,1.097600
worker_1,250,1788086994.797371,50,4.536511,1.098848
worker_1,251,1788086994.801933,50,4.786540,1.098336
worker_1,252,1788086994.806738,50,4.766484,1.097120
worker_1,253,1788086994.811520,50,4.774032,1.097792
worker_1,254,1788086994.816309,50,4.830401,1.097664
worker_1,255,1788086994.821189,50,4.677196,1.097792
worker_1,256,1788086994.825893,50,4.953700,1.096032
worker_1,257,1788086994.830895,50,4.534390,1.098464
worker_1,258,1788086994.835454,50,4.775420,1.097792
worker_1,259,1788086994.840246,50,4.764651,1.099552
worker_1,260,1788086994.845026,50,4.978848,1.097408
worker_1,261,1788086994.850052,50,4.542964,1.098848
worker_1,262,1788086994.854621,50,4.962930,1.099072
worker_1,263,1788086994.859641,50,4.528695,1.096576
worker_1,264,1788086994.864197,50,4.758216,1.099872
worker_1,265,1788086994.868973,50,4.767272,1.098144
worker_1,266,1788086994.873757,50,4.992208,1.098048
worker_1,267,1788086994.878798,50,4.533649,1.097792
worker_1,268,1788086994.883357,50,4.783568,1.099072
worker_1,269,1788086994.888161,50,4.771363,1.100896
worker_1,270,1788086994.892949,50,4.763077,1.098112
worker_1,271,1788086994.897727,50,4.768558,1.098848
worker_1,272,1788086994.902512,50,4.983208,1.098560
worker_1,273,1788086994.907542,50,4.550539,1.099488
worker_1,274,1788086994.912119,50,4.760281,1.102400
worker_1,275,1788086994.916897,50,4.771679,1.099040
worker_1,276,1788086994.921685,50,4.979005,1.097344
worker_1,277,1788086994.926712,50,4.539454,1.098816
worker_1,278,1788086994.931275,50,4.777466,1.097440
worker_1,279,1788086994.936070,50,4.764846,1.098112
worker_1,280,1788086994.940851,50,4.795930,1.108064
worker_1,281,1788086994.945662,50,4.771476,1.099392
worker_1,282,1788086994.950449,50,4.987348,1.097952
worker_1,283,1788086994.955496,50,4.517640,1.097696
worker_1,284,1788086994.960041,50,4.758826,1.098432
worker_1,285,1788086994.964818,50,4.759235,1.098368
worker_1,286,1788086994.969594,50,4.976505,1.097696
worker_1,287,1788086994.974618,50,4.534649,1.098144
worker_1,288,1788086994.979178,50,4.908199,1.097792
worker_1,289,1788086994.984105,50,4.769466,1.097344
worker_1,290,1788086994.988890,50,4.650160,1.107936
worker_1,291,1788086994.993556,50,4.766985,1.099040
worker_1,292,1788086994.998339,50,4.987838,1.098880
worker_1,293,1788086995.003375,50,4.533529,1.098592
worker_1,294,1788086995.007933,50,4.760234,1.098592
worker_1,295,1788086995.012712,50,4.768781,1.100896
worker_1,296,1788086995.017496,50,4.976754,1.097568
worker_1,297,1788086995.022522,50,4.540001,1.099392
worker_1,298,1788086995.027087,50,4.964755,1.099104
worker_1,299,1788086995.032098,50,4.539863,1.097536
worker_1,300,1788086995.036663,50,4.960328,1.097536
worker_1,301,1788086995.041670,50,4.534982,1.098272
worker_1,302,1788086995.046241,50,4.951533,1.099648
worker_1,303,1788086995.051238,50,4.541964,1.099040
worker_1,304,1788086995.055807,50,4.759588,1.101248
worker_1,305,1788086995.060586,50,4.767531,1.097792
worker_1,306,1788086995.065370,50,4.979625,1.097696
worker_1,307,1788086995.070397,50,4.537769,1.098368
worker_1,308,1788086995.074960,50,4.966874,1.100800
worker_1,309,1788086995.079975,50,4.542862,1.100096
worker_1,310,1788086995.084621,50,4.901420,1.097632
worker_1,311,1788086995.089568,50,4.539482,1.097824
worker_1,312,1788086995.094133,50,4.963615,1.098592
worker_1,313,1788086995.099144,50,4.539011,1.098688
worker_1,314,1788086995.103707,50,4.758447,1.100128
worker_1,315,1788086995.108484,50,4.780327,1.101440
worker_1,316,1788086995.113281,50,4.977847,1.097792
worker_1,317,1788086995.118308,50,4.531566,1.097824
worker_1,318,1788086995.122864,50,4.966172,1.097920
worker_1,319,1788086995.127877,50,4.556594,1.106624
worker_1,320,1788086995.132461,50,4.974560,1.098912
worker_1,321,1788086995.137482,50,4.536278,1.097344
worker_1,322,1788086995.142055,50,4.958254,1.097536
worker_1,323,1788086995.147060,50,4.538094,1.099328
worker_1,324,1788086995.151623,50,4.762521,1.100672
worker_1,325,1788086995.156405,50,4.767401,1.098176
worker_1,326,1788086995.161189,50,4.982143,1.098784
worker_1,327,1788086995.166217,50,4.535056,1.097664
worker_1,328,1788086995.170777,50,4.758243,1.100576
worker_1,329,1788086995.175553,50,4.763901,1.098592
worker_1,330,1788086995.180334,50,4.772097,1.102304
worker_1,331,1788086995.185122,50,4.773901,1.099584
worker_1,332,1788086995.189914,50,4.765253,1.096288
worker_1,333,1788086995.194695,50,4.769410,1.097472
worker_1,334,1788086995.199480,50,4.776651,1.100416
worker_1,335,1788086995.204272,50,4.773606,1.100672
worker_1,336,1788086995.209060,50,4.772030,1.097600
worker_1,337,1788086995.213848,50,4.772244,1.098688
worker_1,338,1788086995.218636,50,4.770901,1.098560
worker_1,339,1788086995.223422,50,4.778049,1.097792
worker_1,340,1788086995.228228,50,4.762207,1.100480
worker_1,341,1788086995.233020,50,4.753188,1.099776
worker_1,342,1788086995.237791,50,4.780512,1.099840
worker_1,343,1788086995.242586,50,4.771170,1.098976
worker_1,344,1788086995.247373,50,4.785781,1.097440
worker_1,345,1788086995.252174,50,4.772790,1.098528
worker_1,346,1788086995.256962,50,4.772447,1.097280
worker_1,347,1788086995.261749,50,4.982616,1.098080
worker_1,348,1788086995.266781,50,4.527732,1.096384
worker_1,349,1788086995.271334,50,4.755068,1.098240
worker_1,350,1788086995.276109,50,4.978198,1.100608
worker_1,351,1788086995.281132,50,4.740040,1.098880
worker_1,352,1788086995.285918,50,4.537890,1.098432
worker_1,353,1788086995.290482,50,4.963449,1.099040
worker_1,354,1788086995.295493,50,4.539641,1.099584
worker_1,355,1788086995.300059,50,4.756476,1.098336
worker_1,356,1788086995.304834,50,4.769068,1.098752
worker_1,357,1788086995.309620,50,4.777753,1.097792
worker_1,358,1788086995.314413,50,4.987857,1.097600
worker_1,359,1788086995.319449,50,4.534390,1.099456
worker_1,360,1788086995.324008,50,4.762845,1.106016
worker_1,361,1788086995.328801,50,4.756429,1.098464
worker_1,362,1788086995.333576,50,4.982894,1.101824
worker_1,363,1788086995.338606,50,4.535131,1.098112
worker_1,364,1788086995.343166,50,4.773855,1.098144
worker_1,365,1788086995.347957,50,4.768680,1.098368
worker_1,366,1788086995.352742,50,4.767457,1.098816
worker_1,367,1788086995.357526,50,4.775781,1.099424
worker_1,368,1788086995.362317,50,4.999561,1.097568
worker_1,369,1788086995.367363,50,4.515121,1.098112
worker_1,370,1788086995.371903,50,4.760975,1.102976
worker_1,371,1788086995.376682,50,4.769799,1.098656
worker_1,372,1788086995.381467,50,4.981857,1.097888
worker_1,373,1788086995.386497,50,4.536187,1.100192
worker_1,374,1788086995.391059,50,4.972663,1.097824
worker_1,375,1788086995.396078,50,4.538371,1.101504
worker_1,376,1788086995.400641,50,5.004977,1.098176
worker_1,377,1788086995.405692,50,4.500270,1.100384
worker_1,378,1788086995.410218,50,4.963033,1.097408
worker_1,379,1788086995.415228,50,4.536863,1.098176
worker_1,380,1788086995.419802,50,4.753994,1.099552
worker_1,381,1788086995.424575,50,4.766494,1.105184
worker_1,382,1788086995.429358,50,4.772253,1.099168
worker_1,383,1788086995.434145,50,4.798466,1.099168
worker_1,384,1788086995.438958,50,4.774623,1.098688
worker_1,385,1788086995.443748,50,4.774058,1.098336
worker_1,386,1788086995.448540,50,4.776188,1.100480
worker_1,387,1788086995.453334,50,4.760188,1.098240
worker_1,388,1788086995.458111,50,4.774531,1.096096
worker_1,389,1788086995.462902,50,4.767762,1.097760
worker_1,390,1788086995.467685,50,4.772050,1.099136
worker_1,391,1788086995.472472,50,4.770957,1.100864
worker_1,392,1788086995.477259,50,4.774448,1.098272
worker_1,393,1788086995.482048,50,4.793531,1.100416
worker_1,394,1788086995.486857,50,4.774225,1.098816
worker_1,395,1788086995.491645,50,4.771549,1.096992
worker_1,396,1788086995.496432,50,4.775938,1.098272
worker_1,397,1788086995.501223,50,4.770123,1.098432
worker_1,398,1788086995.506008,50,4.779068,1.097408
worker_1,399,1788086995.510801,50,4.780411,1.099808
worker_1,400,1788086995.515606,50,4.758096,1.098560
worker_1,401,1788086995.520382,50,4.776679,1.105312
worker_1,402,1788086995.525177,50,4.766429,1.098304
worker_1,403,1788086995.529960,50,4.778310,1.098560
worker_1,404,1788086995.534754,50,4.770244,1.098272
worker_1,405,1788086995.539538,50,4.771493,1.098976
worker_1,406,1788086995.544324,50,4.771383,1.101696
worker_1,407,1788086995.549109,50,4.988459,1.098880
worker_1,408,1788086995.554146,50,4.723938,1.097568
worker_1,409,1788086995.558914,50,4.541362,1.098304
worker_1,410,1788086995.563480,50,4.913348,1.099840
worker_1,411,1788086995.568410,50,4.779595,1.098080
worker_1,412,1788086995.573206,50,4.619604,1.098560
worker_1,413,1788086995.577840,50,4.768086,1.098464
worker_1,414,1788086995.582624,50,4.777503,1.100384
worker_1,415,1788086995.587415,50,4.769180,1.098560
worker_1,416,1788086995.592199,50,4.779152,1.098496
worker_1,417,1788086995.596995,50,4.931356,1.097216
worker_1,418,1788086995.601944,50,4.761448,1.097792
worker_1,419,1788086995.606730,50,4.619650,1.099136
worker_1,420,1788086995.611365,50,4.917356,1.097632
worker_1,421,1788086995.616297,50,4.775938,1.101088
worker_1,422,1788086995.621088,50,4.773920,1.097792
worker_1,423,1788086995.625877,50,4.769642,1.098880
worker_1,424,1788086995.630661,50,4.621271,1.098304
worker_1,425,1788086995.635297,50,4.782002,1.097024
worker_1,426,1788086995.640093,50,4.773300,1.098112
worker_1,427,1788086995.644882,50,4.788438,1.103936
worker_1,428,1788086995.649686,50,4.987514,1.097312
worker_1,429,1788086995.654721,50,4.731855,1.097312
worker_1,430,1788086995.659497,50,4.755316,1.098560
worker_1,431,1788086995.664299,50,4.522788,1.097824
worker_1,432,1788086995.668847,50,4.755938,1.098784
worker_1,433,1788086995.673621,50,4.775762,1.098784
worker_1,434,1788086995.678413,50,4.767550,1.098624
worker_1,435,1788086995.683196,50,4.775734,1.099072
worker_1,436,1788086995.687987,50,4.771040,1.100832
worker_1,437,1788086995.692773,50,4.768530,1.096448
worker_1,438,1788086995.697560,50,4.772485,1.099520
worker_1,439,1788086995.702363,50,4.752225,1.097760
worker_1,440,1788086995.707129,50,4.786318,1.098080
worker_1,441,1788086995.711931,50,4.776123,1.098592
worker_1,442,1788086995.716722,50,4.767992,1.097792
worker_1,443,1788086995.721506,50,4.780855,1.100640
worker_1,444,1788086995.726302,50,4.772132,1.097728
worker_1,445,1788086995.731088,50,4.861384,1.098464
worker_1,446,1788086995.735965,50,4.846309,1.097568
worker_1,447,1788086995.740826,50,4.656094,1.101952
worker_1,448,1788086995.745497,50,4.881337,1.100448
worker_1,449,1788086995.750393,50,4.846151,1.097632
worker_1,450,1788086995.755287,50,4.726706,1.097568
worker_1,451,1788086995.760059,50,4.742957,1.099008
worker_1,452,1788086995.764848,50,4.549667,1.103008
worker_1,453,1788086995.769421,50,4.758771,1.099456
worker_1,454,1788086995.774199,50,4.765743,1.098656
worker_1,455,1788086995.778980,50,4.773039,1.098304
worker_1,456,1788086995.783769,50,4.769308,1.097248
worker_1,457,1788086995.788554,50,4.777504,1.103968
worker_1,458,1788086995.793359,50,4.757956,1.097760
worker_1,459,1788086995.798134,50,4.763355,1.096768
worker_1,460,1788086995.802912,50,4.770215,1.099168
worker_1,461,1788086995.807700,50,4.767447,1.097824
worker_1,462,1788086995.812483,50,4.783921,1.097632
worker_1,463,1788086995.817281,50,4.767161,1.097888
worker_1,464,1788086995.822139,50,4.695659,1.099488
worker_1,465,1788086995.826852,50,4.772077,1.099424
worker_1,466,1788086995.831641,50,4.787855,1.105024
worker_1,467,1788086995.836445,50,4.784197,1.097792
worker_1,468,1788086995.841244,50,4.775059,1.098976
worker_1,469,1788086995.846038,50,4.760762,1.098880
worker_1,470,1788086995.850815,50,4.977310,1.098080
worker_1,471,1788086995.855841,50,4.738178,1.097600
worker_1,472,1788086995.860625,50,4.538306,1.099904
worker_1,473,1788086995.865188,50,4.758003,1.098528
worker_1,474,1788086995.869963,50,4.778605,1.099072
worker_1,475,1788086995.874758,50,4.768873,1.098432
worker_1,476,1788086995.879542,50,4.769976,1.098784
worker_1,477,1788086995.884328,50,4.787531,1.101280
worker_1,478,1788086995.889139,50,4.765772,1.097792
worker_1,479,1788086995.893920,50,4.800652,1.099040
worker_1,480,1788086995.898737,50,4.769207,1.098784
worker_1,481,1788086995.903521,50,4.769985,1.098240
worker_1,482,1788086995.908307,50,4.766513,1.098432
worker_1,483,1788086995.913088,50,4.776577,1.101664
worker_1,484,1788086995.917879,50,4.770976,1.098080
worker_1,485,1788086995.922665,50,4.772401,1.098592
worker_1,486,1788086995.927452,50,4.773457,1.099168
worker_1,487,1788086995.932242,50,4.775966,1.098496
worker_1,488,1788086995.937034,50,4.777958,1.097920
worker_1,489,1788086995.941827,50,4.767891,1.098336
worker_1,490,1788086995.946610,50,4.770975,1.098176
worker_1,491,1788086995.951396,50,4.772521,1.097792
worker_1,492,1788086995.956186,50,4.979774,1.097536
worker_1,493,1788086995.961213,50,4.533622,1.098464
worker_1,494,1788086995.965771,50,4.761614,1.098912
worker_1,495,1788086995.970551,50,4.773559,1.098336
worker_1,496,1788086995.975341,50,4.765531,1.097824
worker_1,497,1788086995.980134,50,4.759429,1.100256
worker_1,498,1788086995.984910,50,4.774392,1.100224
worker_1,499,1788086995.989701,50,4.770161,1.098272
worker_1,500,1788086995.994486,50,4.771669,1.099872
worker_1,501,1788086995.999272,50,4.785179,1.099840
worker_1,502,1788086996.004073,50,4.776873,1.101600
worker_1,503,1788086996.008866,50,4.766753,1.099104
worker_1,504,1788086996.013649,50,4.773920,1.098816
worker_1,505,1788086996.018439,50,4.772132,1.099008
worker_1,506,1788086996.023226,50,4.793882,1.098816
worker_1,507,1788086996.028036,50,4.773189,1.102336
worker_1,508,1788086996.032823,50,4.765281,1.098592
worker_1,509,1788086996.037604,50,4.769188,1.098208
worker_1,510,1788086996.042388,50,4.771558,1.096480
worker_1,511,1788086996.047175,50,4.770216,1.098432
worker_1,512,1788086996.051961,50,4.771475,1.100128
worker_1,513,1788086996.056748,50,4.785706,1.107936
worker_1,514,1788086996.061548,50,4.774078,1.097664
worker_1,515,1788086996.066338,50,4.771716,1.097248
worker_1,516,1788086996.071125,50,4.769244,1.098752
worker_1,517,1788086996.075915,50,4.768873,1.099392
worker_1,518,1788086996.080700,50,4.779245,1.102368
worker_1,519,1788086996.085494,50,4.768207,1.097184
worker_1,520,1788086996.090279,50,4.780290,1.098368
worker_1,521,1788086996.095076,50,4.775901,1.097856
worker_1,522,1788086996.099871,50,4.764207,1.098720
worker_1,523,1788086996.104655,50,4.767392,1.100320
worker_1,524,1788086996.109439,50,4.767586,1.097856
worker_1,525,1788086996.114222,50,4.772725,1.097664
worker_1,526,1788086996.119008,50,4.777124,1.100288
worker_1,527,1788086996.123801,50,4.774429,1.099296
worker_1,528,1788086996.128592,50,4.776975,1.100416
worker_1,529,1788086996.133384,50,4.771216,1.099232
worker_1,530,1788086996.138171,50,4.796263,1.098976
worker_1,531,1788086996.142983,50,4.770336,1.097216
worker_1,532,1788086996.147768,50,4.773995,1.100416
worker_1,533,1788086996.152558,50,4.980088,1.098528
worker_1,534,1788086996.157587,50,4.734781,1.099040
worker_1,535,1788086996.162367,50,4.751198,1.098912
worker_1,536,1788086996.167175,50,4.522390,1.098528
worker_1,537,1788086996.171723,50,4.760744,1.100512
worker_1,538,1788086996.176503,50,4.772938,1.097472
worker_1,539,1788086996.181293,50,4.768604,1.098368
worker_1,540,1788086996.186080,50,4.769245,1.098688
worker_1,541,1788086996.190865,50,4.770374,1.099296
worker_1,542,1788086996.195650,50,4.782716,1.098720
worker_1,543,1788086996.200448,50,4.783847,1.099360
worker_1,544,1788086996.205246,50,4.775966,1.098368
worker_1,545,1788086996.210037,50,4.769207,1.098496
worker_1,546,1788086996.214822,50,4.770725,1.098336
worker_1,547,1788086996.219609,50,4.926968,1.100128
worker_1,548,1788086996.224552,50,4.764540,1.098208
worker_1,549,1788086996.229332,50,4.773068,1.097824
worker_1,550,1788086996.234120,50,4.782041,1.097440
worker_1,551,1788086996.238917,50,4.611482,1.098464
worker_1,552,1788086996.243544,50,4.773031,1.099360
worker_1,553,1788086996.248331,50,4.775679,1.097792
worker_1,554,1788086996.253122,50,4.771503,1.098784
worker_1,555,1788086996.257909,50,4.771308,1.097792
worker_1,556,1788086996.262712,50,4.758531,1.098112
worker_1,557,1788086996.267486,50,4.765225,1.097760
worker_1,558,1788086996.272267,50,4.777402,1.103936
worker_1,559,1788086996.277059,50,4.772800,1.098880
worker_1,560,1788086996.281847,50,4.777234,1.097248
worker_1,561,1788086996.286640,50,4.981144,1.097696
worker_1,562,1788086996.291671,50,4.736985,1.097504
worker_1,563,1788086996.296452,50,4.739429,1.101056
worker_1,564,1788086996.301237,50,4.737864,1.096800
worker_1,565,1788086996.306020,50,4.550409,1.098720
worker_1,566,1788086996.310595,50,4.965931,1.097792
worker_1,567,1788086996.315608,50,4.557630,1.099168
worker_1,568,1788086996.320191,50,4.757586,1.099616
worker_1,569,1788086996.324965,50,4.766114,1.098848
worker_1,570,1788086996.329747,50,4.986366,1.098144
worker_1,571,1788086996.334782,50,4.529353,1.097792
worker_1,572,1788086996.339339,50,4.762068,1.098400
worker_1,573,1788086996.344119,50,4.770142,1.100352
worker_1,574,1788086996.348905,50,4.769790,1.099008
worker_1,575,1788086996.353703,50,4.760012,1.098944
worker_1,576,1788086996.358479,50,4.985672,1.097536
worker_1,577,1788086996.363513,50,4.733346,1.098272
worker_1,578,1788086996.368272,50,4.579187,1.101888
worker_1,579,1788086996.372869,50,4.763503,1.096192
worker_1,580,1788086996.377649,50,4.773207,1.098016
worker_1,581,1788086996.382439,50,4.769198,1.098112
worker_1,582,1788086996.387223,50,4.796568,1.097792
worker_1,583,1788086996.392035,50,4.774485,1.101504
worker_1,584,1788086996.396826,50,4.975763,1.097952
worker_1,585,1788086996.401850,50,4.540825,1.098144
worker_1,586,1788086996.406417,50,4.960403,1.098656
worker_1,587,1788086996.411422,50,4.536325,1.098656
worker_1,588,1788086996.415982,50,4.762282,1.097248
worker_1,589,1788086996.420762,50,4.763419,1.098496
worker_1,590,1788086996.425542,50,4.771549,1.098176
worker_1,591,1788086996.430330,50,4.763493,1.097120
worker_1,592,1788086996.435111,50,4.768845,1.098144
worker_1,593,1788086996.439897,50,4.766050,1.099008
worker_1,594,1788086996.444678,50,4.772484,1.098176
worker_1,595,1788086996.449478,50,4.761919,1.098912
worker_1,596,1788086996.454256,50,4.774060,1.098976
worker_1,597,1788086996.459045,50,4.774549,1.098304
worker_1,598,1788086996.463834,50,4.780169,1.101024
worker_1,599,1788086996.468631,50,4.765808,1.098176
worker_1,600,1788086996.473413,50,4.918124,1.098528
worker_1,601,1788086996.478346,50,4.772762,1.099104
worker_1,602,1788086996.483135,50,4.772151,1.098368
worker_1,603,1788086996.487922,50,4.771040,1.097792
worker_1,604,1788086996.492708,50,4.760790,1.105792
worker_1,605,1788086996.497486,50,4.785216,1.097088
worker_1,606,1788086996.502286,50,4.683614,1.098464
worker_1,607,1788086996.506985,50,4.867856,1.097984
worker_1,608,1788086996.511869,50,4.796317,1.099648
worker_1,609,1788086996.516686,50,5.005875,1.097280
worker_1,610,1788086996.521741,50,4.722456,1.097632
worker_1,611,1788086996.526509,50,4.705050,1.098240
worker_1,612,1788086996.531261,50,4.559991,1.097344
worker_1,613,1788086996.535848,50,4.754318,1.098656
worker_1,614,1788086996.540632,50,4.620417,1.098624
worker_1,615,1788086996.545270,50,4.823410,1.098912
worker_1,616,1788086996.550139,50,4.687557,1.097824
worker_1,617,1788086996.554851,50,4.969449,1.098976
worker_1,618,1788086996.559943,50,4.460028,1.097792
worker_1,619,1788086996.564422,50,4.808197,1.096128
worker_1,620,1788086996.569268,50,4.701613,1.099072
worker_1,621,1788086996.573990,50,4.757114,1.098720
worker_1,622,1788086996.578760,50,4.772845,1.098272
worker_1,623,1788086996.583546,50,4.796901,1.105952
worker_1,624,1788086996.588359,50,4.758262,1.099744
worker_1,625,1788086996.593133,50,4.766095,1.098400
worker_1,626,1788086996.597915,50,4.763392,1.098240
worker_1,627,1788086996.602695,50,4.765847,1.098336
worker_1,628,1788086996.607477,50,4.984828,1.098432
worker_1,629,1788086996.612511,50,4.530149,1.099840
worker_1,630,1788086996.617066,50,4.970246,1.098048
worker_1,631,1788086996.622083,50,4.536808,1.098368
worker_1,632,1788086996.626643,50,4.752688,1.097056
worker_1,633,1788086996.631413,50,4.813457,1.096512
worker_1,634,1788086996.636265,50,4.707919,1.098592
worker_1,635,1788086996.640997,50,4.752327,1.100544
worker_1,636,1788086996.645771,50,4.763170,1.098912
worker_1,637,1788086996.650551,50,4.763568,1.098592
worker_1,638,1788086996.655332,50,4.775402,1.098784
worker_1,639,1788086996.660123,50,4.766772,1.102464
worker_1,640,1788086996.664905,50,4.767226,1.098624
worker_1,641,1788086996.669687,50,4.769928,1.099584
worker_1,642,1788086996.674473,50,4.769549,1.099200
worker_1,643,1788086996.679257,50,4.790530,1.099328
worker_1,644,1788086996.684062,50,4.771855,1.096640
worker_1,645,1788086996.688851,50,4.971153,1.098240
worker_1,646,1788086996.693871,50,4.536547,1.098368
worker_1,647,1788086996.698431,50,4.962708,1.098560
worker_1,648,1788086996.703440,50,4.535723,1.097344
worker_1,649,1788086996.707999,50,4.996941,1.098560
worker_1,650,1788086996.713033,50,5.027977,1.102752
worker_1,651,1788086996.718101,50,4.730966,1.097088
worker_1,652,1788086996.722868,50,4.451342,1.098304
worker_1,653,1788086996.727374,50,4.541389,1.097888
worker_1,654,1788086996.731943,50,4.754864,1.098880
worker_1,655,1788086996.736717,50,4.765550,1.097760
worker_1,656,1788086996.741500,50,4.766319,1.098624
worker_1,657,1788086996.746284,50,4.775170,1.100512
worker_1,658,1788086996.751078,50,4.765068,1.099488
worker_1,659,1788086996.755861,50,4.759910,1.098432
worker_1,660,1788086996.760638,50,4.770032,1.103392
worker_1,661,1788086996.765423,50,4.774484,1.098816
worker_1,662,1788086996.770213,50,4.772198,1.099488
worker_1,663,1788086996.775000,50,4.772577,1.098496
worker_1,664,1788086996.779788,50,4.783512,1.102016
worker_1,665,1788086996.784591,50,4.783355,1.098240
worker_1,666,1788086996.789394,50,4.763290,1.098240
worker_1,667,1788086996.794173,50,4.763838,1.097824
worker_1,668,1788086996.798954,50,4.772318,1.099264
worker_1,669,1788086996.803742,50,4.768735,1.098656
worker_1,670,1788086996.808530,50,4.797726,1.096896
worker_1,671,1788086996.813343,50,4.777059,1.097184
worker_1,672,1788086996.818137,50,4.766494,1.098656
worker_1,673,1788086996.822930,50,4.758281,1.097760
worker_1,674,1788086996.827704,50,4.770060,1.099456
worker_1,675,1788086996.832490,50,4.776661,1.099296
worker_1,676,1788086996.837282,50,4.773244,1.099456
worker_1,677,1788086996.842071,50,4.772864,1.099712
worker_1,678,1788086996.846859,50,4.777669,1.099872
worker_1,679,1788086996.851653,50,4.788012,1.099520
worker_1,680,1788086996.856459,50,4.775170,1.097184
worker_1,681,1788086996.861252,50,4.767910,1.099008
worker_1,682,1788086996.866038,50,4.766605,1.097824
worker_1,683,1788086996.870820,50,4.768300,1.096256
worker_1,684,1788086996.875607,50,4.772716,1.098080
worker_1,685,1788086996.880396,50,4.778568,1.100480
worker_1,686,1788086996.885194,50,4.768641,1.098368
worker_1,687,1788086996.889984,50,4.764115,1.098240
worker_1,688,1788086996.894765,50,4.772568,1.099552
worker_1,689,1788086996.899553,50,4.777216,1.098944
worker_1,690,1788086996.904346,50,4.773336,1.101056
worker_1,691,1788086996.909134,50,4.770346,1.097888
worker_1,692,1788086996.913920,50,4.771597,1.099264
worker_1,693,1788086996.918707,50,4.769179,1.098848
worker_1,694,1788086996.923503,50,4.776123,1.098816
worker_1,695,1788086996.928297,50,4.763114,1.098368
worker_1,696,1788086996.933076,50,4.773727,1.098368
worker_1,697,1788086996.937865,50,4.768179,1.098720
worker_1,698,1788086996.942650,50,4.771290,1.098336
worker_1,699,1788086996.947436,50,4.770235,1.098240
worker_1,700,1788086996.952231,50,4.769502,1.099264
worker_1,701,1788086996.957017,50,4.780762,1.099456
worker_1,702,1788086996.961814,50,4.770503,1.098240
worker_1,703,1788086996.966601,50,4.768735,1.097632
worker_1,704,1788086996.971386,50,4.985236,1.098496
worker_1,705,1788086996.976421,50,4.742365,1.097856
worker_1,706,1788086996.981211,50,4.741706,1.100192
worker_1,707,1788086996.986000,50,4.735966,1.097056
worker_1,708,1788086996.990785,50,4.758262,1.099040
worker_1,709,1788086996.995591,50,4.519825,1.097824
worker_1,710,1788086997.000138,50,4.960931,1.097792
worker_1,711,1788086997.005148,50,4.747901,1.105344
worker_1,712,1788086997.009945,50,4.742326,1.099264
worker_1,713,1788086997.014737,50,4.528556,1.097696
worker_1,714,1788086997.019298,50,4.768475,1.098144
worker_1,715,1788086997.024086,50,4.980108,1.100128
worker_1,716,1788086997.029115,50,4.733170,1.098624
worker_1,717,1788086997.033897,50,4.731485,1.097056
worker_1,718,1788086997.038677,50,4.739132,1.098976
worker_1,719,1788086997.043465,50,4.527427,1.098784
worker_1,720,1788086997.048018,50,4.962440,1.097568
worker_1,721,1788086997.053030,50,4.742697,1.098816
worker_1,722,1788086997.057822,50,4.739336,1.098400
worker_1,723,1788086997.062609,50,4.544047,1.099680
worker_1,724,1788086997.067178,50,4.760891,1.097792
worker_1,725,1788086997.071957,50,4.769281,1.097792
worker_1,726,1788086997.076744,50,4.787438,1.106176
worker_1,727,1788086997.081548,50,4.768336,1.099040
worker_1,728,1788086997.086333,50,4.987282,1.098304
worker_1,729,1788086997.091370,50,4.534288,1.098336
worker_1,730,1788086997.095931,50,4.757346,1.098368
worker_1,731,1788086997.100709,50,4.762697,1.101856
worker_1,732,1788086997.105488,50,4.982754,1.097312
worker_1,733,1788086997.110533,50,4.523085,1.097792
worker_1,734,1788086997.115082,50,4.968338,1.096992
worker_1,735,1788086997.120099,50,4.532631,1.097792
worker_1,736,1788086997.124658,50,4.756847,1.098976
worker_1,737,1788086997.129434,50,4.764050,1.098080
worker_1,738,1788086997.134215,50,4.786854,1.099424
worker_1,739,1788086997.139017,50,4.768605,1.097760
worker_1,740,1788086997.143802,50,4.772661,1.100832
worker_1,741,1788086997.148590,50,4.773012,1.098176
worker_1,742,1788086997.153378,50,4.772781,1.099008
worker_1,743,1788086997.158165,50,4.766947,1.098816
worker_1,744,1788086997.162948,50,4.766882,1.098304
worker_1,745,1788086997.167730,50,4.771290,1.097792
worker_1,746,1788086997.172520,50,4.769151,1.097792
worker_1,747,1788086997.177305,50,4.769021,1.098496
worker_1,748,1788086997.182090,50,4.777652,1.099136
worker_1,749,1788086997.186888,50,4.764318,1.099072
worker_1,750,1788086997.191669,50,4.781179,1.103776
worker_1,751,1788086997.196466,50,4.790643,1.098368
worker_1,752,1788086997.201273,50,4.776299,1.099872
worker_1,753,1788086997.206079,50,4.758206,1.099008
worker_1,754,1788086997.210853,50,4.768994,1.098368
worker_1,755,1788086997.215638,50,4.781243,1.104128
worker_1,756,1788086997.220436,50,5.150089,1.097408
worker_1,757,1788086997.225636,50,4.690650,1.099520
worker_1,758,1788086997.230376,50,4.577548,1.097568
worker_1,759,1788086997.234978,50,4.934616,1.098592
worker_1,760,1788086997.239960,50,4.593243,1.098464
worker_1,761,1788086997.244580,50,4.971125,1.097344
worker_1,762,1788086997.249599,50,4.524112,1.097728
worker_1,763,1788086997.254149,50,4.989829,1.098496
worker_1,764,1788086997.259188,50,4.522890,1.097792
worker_1,765,1788086997.263737,50,4.753411,1.097504
worker_1,766,1788086997.268510,50,4.725364,1.098496
worker_1,767,1788086997.273251,50,4.984755,1.099360
worker_1,768,1788086997.278286,50,4.592085,1.099264
worker_1,769,1788086997.282905,50,4.976931,1.096192
worker_1,770,1788086997.287930,50,4.494537,1.099040
worker_1,771,1788086997.292449,50,4.969745,1.099968
worker_1,772,1788086997.297553,50,4.311536,1.098720
worker_1,773,1788086997.301892,50,4.953607,1.096352
worker_1,774,1788086997.306894,50,4.542835,1.097984
worker_1,775,1788086997.311461,50,4.770087,1.099328
worker_1,776,1788086997.316251,50,4.767707,1.101152
worker_1,777,1788086997.321035,50,4.975995,1.098496
worker_1,778,1788086997.326059,50,4.533001,1.099392
worker_1,779,1788086997.330618,50,4.959597,1.099360
worker_1,780,1788086997.335628,50,4.540566,1.097792
worker_1,781,1788086997.340192,50,4.757410,1.098240
worker_1,782,1788086997.344967,50,4.793199,1.097856
worker_1,783,1788086997.349776,50,4.980820,1.097280
worker_1,784,1788086997.354808,50,4.534279,1.097792
worker_1,785,1788086997.359368,50,4.751855,1.098336
worker_1,786,1788086997.364139,50,4.768865,1.100672
worker_1,787,1788086997.368923,50,4.767651,1.097472
worker_1,788,1788086997.373708,50,4.768633,1.100224
worker_1,789,1788086997.378492,50,4.989810,1.097920
worker_1,790,1788086997.383532,50,4.549807,1.101632
worker_1,791,1788086997.388107,50,4.755345,1.097728
worker_1,792,1788086997.392892,50,4.774234,1.103360
worker_1,793,1788086997.397682,50,4.993645,1.099552
worker_1,794,1788086997.402725,50,4.534909,1.098752
worker_1,795,1788086997.407284,50,4.754494,1.097536
worker_1,796,1788086997.412058,50,4.780050,1.100160
worker_1,797,1788086997.416854,50,4.800299,1.104032
worker_1,798,1788086997.421676,50,4.764216,1.097440
worker_1,799,1788086997.426457,50,4.968383,1.099136
worker_1,800,1788086997.431475,50,4.549269,1.096736
worker_1,801,1788086997.436050,50,4.766624,1.098976
worker_1,802,1788086997.440843,50,4.751874,1.098400
worker_1,803,1788086997.445622,50,4.753873,1.097792
worker_1,804,1788086997.450397,50,4.765235,1.098624
worker_1,805,1788086997.455180,50,4.969866,1.098144
worker_1,806,1788086997.460197,50,4.539965,1.099488
worker_1,807,1788086997.464762,50,4.977653,1.106592
worker_1,808,1788086997.469788,50,4.538594,1.098976
worker_1,809,1788086997.474352,50,4.756800,1.098176
worker_1,810,1788086997.479127,50,4.991051,1.098432
worker_1,811,1788086997.484178,50,4.675289,1.098176
worker_1,812,1788086997.488880,50,4.964199,1.099360
worker_1,813,1788086997.493893,50,4.465018,1.097504
worker_1,814,1788086997.498385,50,4.957513,1.097248
worker_1,815,1788086997.503391,50,4.618835,1.098304
worker_1,816,1788086997.508034,50,4.760466,1.097792
worker_1,817,1788086997.512813,50,4.651668,1.097568
worker_1,818,1788086997.517482,50,5.144303,1.097632
worker_1,819,1788086997.522674,50,4.523899,1.098496
worker_1,820,1788086997.527224,50,4.756197,1.098304
worker_1,821,1788086997.531998,50,4.625067,1.098400
worker_1,822,1788086997.536643,50,4.898133,1.102656
worker_1,823,1788086997.541559,50,4.624112,1.098912
worker_1,824,1788086997.546200,50,4.769402,1.098016
worker_1,825,1788086997.550985,50,4.779096,1.097792
worker_1,826,1788086997.555780,50,4.777198,1.106144
worker_1,827,1788086997.560574,50,4.781587,1.098848
worker_1,828,1788086997.565370,50,4.796077,1.098272
worker_1,829,1788086997.570182,50,4.963653,1.098688
worker_1,830,1788086997.575195,50,4.540058,1.098656
worker_1,831,1788086997.579777,50,4.744392,1.099040
worker_1,832,1788086997.584547,50,4.769947,1.099296
worker_1,833,1788086997.589335,50,4.764966,1.098880
worker_1,834,1788086997.594117,50,4.983689,1.099008
worker_1,835,1788086997.599149,50,4.531668,1.099552
worker_1,836,1788086997.603707,50,4.753651,1.098016
worker_1,837,1788086997.608479,50,4.777569,1.097376
worker_1,838,1788086997.613273,50,4.990301,1.098848
worker_1,839,1788086997.618312,50,4.532159,1.099648
worker_1,840,1788086997.622871,50,4.970644,1.095808
worker_1,841,1788086997.627890,50,4.549677,1.103744
worker_1,842,1788086997.632466,50,4.766651,1.098912
worker_1,843,1788086997.637250,50,4.765225,1.098624
worker_1,844,1788086997.642032,50,4.771763,1.098400
worker_1,845,1788086997.646819,50,4.773290,1.098560
worker_1,846,1788086997.651609,50,4.771503,1.098752
worker_1,847,1788086997.656396,50,4.771013,1.099072
worker_1,848,1788086997.661186,50,4.762438,1.098752
worker_1,849,1788086997.665963,50,4.781596,1.099360
worker_1,850,1788086997.670769,50,4.766670,1.098656
worker_1,851,1788086997.675551,50,4.769086,1.100192
worker_1,852,1788086997.680335,50,4.793041,1.097312
worker_1,853,1788086997.685150,50,4.750391,1.098432
worker_1,854,1788086997.689920,50,4.771393,1.100352
worker_1,855,1788086997.694709,50,4.768716,1.098656
worker_1,856,1788086997.699493,50,4.782707,1.104960
worker_1,857,1788086997.704292,50,4.768670,1.099872
worker_1,858,1788086997.709077,50,4.779059,1.098336
worker_1,859,1788086997.713871,50,4.775105,1.097984
worker_1,860,1788086997.718662,50,4.775902,1.099360
worker_1,861,1788086997.723454,50,4.771577,1.098400
worker_1,862,1788086997.728241,50,5.163284,1.097312
worker_1,863,1788086997.733453,50,4.714873,1.096160
worker_1,864,1788086997.738217,50,4.726419,1.097472
worker_1,865,1788086997.742990,50,4.777530,1.098592
worker_1,866,1788086997.747814,50,4.755142,1.098464
worker_1,867,1788086997.752616,50,4.570085,1.098592
worker_1,868,1788086997.757234,50,4.541409,1.098656
worker_1,869,1788086997.761800,50,4.752364,1.098208
worker_1,870,1788086997.766582,50,4.967829,1.098272
worker_1,871,1788086997.771598,50,4.532585,1.099456
worker_1,872,1788086997.776157,50,4.757484,1.098560
worker_1,873,1788086997.780933,50,4.778809,1.101632
worker_1,874,1788086997.785728,50,4.983153,1.097952
worker_1,875,1788086997.790759,50,4.542223,1.099136
worker_1,876,1788086997.795326,50,4.756141,1.097760
worker_1,877,1788086997.800100,50,4.772253,1.101696
worker_1,878,1788086997.804888,50,4.781752,1.099552
worker_1,879,1788086997.809689,50,4.769689,1.098240
worker_1,880,1788086997.814481,50,4.755576,1.098592
worker_1,881,1788086997.819255,50,4.999199,1.097152
worker_1,882,1788086997.824303,50,4.523724,1.100672
worker_1,883,1788086997.828851,50,4.959096,1.097952
worker_1,884,1788086997.833860,50,4.544649,1.097792
worker_1,885,1788086997.838429,50,4.965996,1.098048
worker_1,886,1788086997.843444,50,4.539982,1.098336
worker_1,887,1788086997.848009,50,4.759984,1.099616
worker_1,888,1788086997.852787,50,4.764207,1.097152
worker_1,889,1788086997.857574,50,4.968209,1.097920
worker_1,890,1788086997.862592,50,4.536705,1.097824
worker_1,891,1788086997.867153,50,4.763188,1.096192
worker_1,892,1788086997.871936,50,4.767725,1.100064
worker_1,893,1788086997.876719,50,4.765623,1.098144
worker_1,894,1788086997.881500,50,4.772032,1.097920
worker_1,895,1788086997.886287,50,4.976671,1.097344
worker_1,896,1788086997.891314,50,4.538112,1.098400
worker_1,897,1788086997.895878,50,4.755550,1.099072
worker_1,898,1788086997.900654,50,4.762605,1.098656
worker_1,899,1788086997.905434,50,4.967078,1.099168
worker_1,900,1788086997.910450,50,4.552130,1.098560
worker_1,901,1788086997.915027,50,4.956644,1.097664
worker_1,902,1788086997.920030,50,4.541770,1.097632
worker_1,903,1788086997.924598,50,4.817476,1.098752
worker_1,904,1788086997.929465,50,4.742512,1.098176
worker_1,905,1788086997.934255,50,4.698743,1.099040
worker_1,906,1788086997.938981,50,4.969227,1.097792
worker_1,907,1788086997.943997,50,4.524427,1.098080
worker_1,908,1788086997.948548,50,4.991468,1.099168
worker_1,909,1788086997.953600,50,4.521621,1.097376
worker_1,910,1788086997.958148,50,4.756919,1.099232
worker_1,911,1788086997.962924,50,4.979385,1.098976
worker_1,912,1788086997.967951,50,4.531842,1.100640
worker_1,913,1788086997.972509,50,5.127932,1.098240
worker_1,914,1788086997.977684,50,4.475871,1.098272
worker_1,915,1788086997.982184,50,5.036469,1.098560
worker_1,916,1788086997.987268,50,4.490250,1.098080
worker_1,917,1788086997.991785,50,4.814041,1.098976
worker_1,918,1788086997.996617,50,4.778596,1.097792
worker_1,919,1788086998.001412,50,4.980200,1.097920
worker_1,920,1788086998.006444,50,4.498945,1.101952
worker_1,921,1788086998.010969,50,4.937440,1.097248
worker_1,922,1788086998.015953,50,4.630586,1.099040
worker_1,923,1788086998.020608,50,4.960978,1.098528
worker_1,924,1788086998.025618,50,4.540640,1.097824
worker_1,925,1788086998.030182,50,4.975329,1.098144
worker_1,926,1788086998.035286,50,4.456185,1.096800
worker_1,927,1788086998.039770,50,4.753354,1.097824
worker_1,928,1788086998.044554,50,4.758984,1.100576
worker_1,929,1788086998.049329,50,4.830688,1.098144
worker_1,930,1788086998.054209,50,4.534204,1.098208
worker_1,931,1788086998.058769,50,4.957829,1.099200
worker_1,932,1788086998.063774,50,4.542613,1.102048
worker_1,933,1788086998.068342,50,4.968292,1.097376
worker_1,934,1788086998.073357,50,4.540982,1.100448
worker_1,935,1788086998.077923,50,4.962126,1.098400
worker_1,936,1788086998.082934,50,4.539289,1.098304
worker_1,937,1788086998.087499,50,4.755587,1.097504
worker_1,938,1788086998.092274,50,4.765753,1.098400
worker_1,939,1788086998.097054,50,4.975626,1.100128
worker_1,940,1788086998.102081,50,4.533121,1.099456
worker_1,941,1788086998.106640,50,4.959792,1.098112
worker_1,942,1788086998.111649,50,4.551640,1.099136
worker_1,943,1788086998.116234,50,4.750986,1.102368
worker_1,944,1788086998.121002,50,4.767105,1.097856
worker_1,945,1788086998.125785,50,4.987598,1.097120
worker_1,946,1788086998.130822,50,4.534622,1.098048
worker_1,947,1788086998.135384,50,4.777975,1.099040
worker_1,948,1788086998.140192,50,4.761614,1.103264
worker_1,949,1788086998.144970,50,4.772115,1.098144
worker_1,950,1788086998.149761,50,4.763725,1.097792
worker_1,951,1788086998.154541,50,4.982005,1.097536
worker_1,952,1788086998.159573,50,4.540520,1.101888
worker_1,953,1788086998.164139,50,4.755179,1.098400
worker_1,954,1788086998.168913,50,4.768003,1.098432
worker_1,955,1788086998.173698,50,4.980542,1.098880
worker_1,956,1788086998.178727,50,4.535233,1.097408
worker_1,957,1788086998.183290,50,4.774623,1.096224
worker_1,958,1788086998.188092,50,4.753948,1.097760
worker_1,959,1788086998.192869,50,4.765485,1.104608
worker_1,960,1788086998.197654,50,4.771957,1.097792
worker_1,961,1788086998.202443,50,4.766105,1.097760
worker_1,962,1788086998.207226,50,4.767929,1.098400
worker_1,963,1788086998.212010,50,4.776337,1.100416
worker_1,964,1788086998.216804,50,4.770679,1.098784
worker_1,965,1788086998.221591,50,4.977996,1.098016
worker_1,966,1788086998.226619,50,4.533650,1.098336
worker_1,967,1788086998.231189,50,4.755318,1.097824
worker_1,968,1788086998.235961,50,4.769781,1.097312
worker_1,969,1788086998.240746,50,4.788392,1.106848
worker_1,970,1788086998.245552,50,4.766986,1.099840
worker_1,971,1788086998.250335,50,4.980273,1.097504
worker_1,972,1788086998.255367,50,4.533335,1.097888
worker_1,973,1788086998.259928,50,4.755817,1.099680
worker_1,974,1788086998.264702,50,4.774439,1.099680
worker_1,975,1788086998.269493,50,4.980209,1.098368
worker_1,976,1788086998.274521,50,4.543215,1.099424
worker_1,977,1788086998.279090,50,4.962874,1.099232
worker_1,978,1788086998.284102,50,4.538603,1.098336
worker_1,979,1788086998.288667,50,4.964533,1.098464
worker_1,980,1788086998.293679,50,4.534760,1.099232
worker_1,981,1788086998.298239,50,4.969810,1.099136
worker_1,982,1788086998.303255,50,4.545130,1.097792
worker_1,983,1788086998.307824,50,4.756836,1.097280
worker_1,984,1788086998.312600,50,4.775754,1.101824
worker_1,985,1788086998.317393,50,4.969764,1.098112
worker_1,986,1788086998.322411,50,4.540807,1.098528
worker_1,987,1788086998.326988,50,4.956866,1.097984
worker_1,988,1788086998.331992,50,4.541816,1.098848
worker_1,989,1788086998.336559,50,4.972051,1.098432
worker_1,990,1788086998.341579,50,4.529547,1.099200
worker_1,991,1788086998.346134,50,4.974124,1.100896
worker_1,992,1788086998.351155,50,4.537269,1.099072
worker_1,993,1788086998.355717,50,4.760410,1.099584
worker_1,994,1788086998.360495,50,4.768087,1.099680
worker_1,995,1788086998.365280,50,4.975857,1.097856
worker_1,996,1788086998.370306,50,4.530853,1.098656
worker_1,997,1788086998.374860,50,4.966024,1.097472
worker_1,998,1788086998.379874,50,4.537315,1.097664
worker_1,999,1788086998.384436,50,4.967282,1.097760
worker_1,1000,1788086998.389452,50,4.527103,1.098400
worker_1,1001,1788086998.394006,50,4.963033,1.099200
worker_1,1002,1788086998.399020,50,4.542224,1.099520
worker_1,1003,1788086998.403589,50,4.753678,1.099072
worker_1,1004,1788086998.408361,50,4.768854,1.098720
worker_1,1005,1788086998.413147,50,4.979393,1.098240
worker_1,1006,1788086998.418188,50,4.546084,1.100160
worker_1,1007,1788086998.422758,50,4.967569,1.099008
worker_1,1008,1788086998.427772,50,4.540502,1.098784
worker_1,1009,1788086998.432337,50,4.992098,1.099296
worker_1,1010,1788086998.437378,50,4.502556,1.098688
worker_1,1011,1788086998.441906,50,4.966561,1.098208
worker_1,1012,1788086998.446922,50,4.531789,1.098592
worker_1,1013,1788086998.451478,50,4.765225,1.098432
worker_1,1014,1788086998.456263,50,4.770762,1.099040
worker_1,1015,1788086998.461051,50,4.986579,1.097440
worker_1,1016,1788086998.466086,50,4.538131,1.099328
worker_1,1017,1788086998.470648,50,4.967736,1.096960
worker_1,1018,1788086998.475666,50,4.531761,1.099264
worker_1,1019,1788086998.480231,50,4.753983,1.100320
worker_1,1020,1788086998.485004,50,4.766744,1.098976
worker_1,1021,1788086998.489789,50,4.974125,1.097120
worker_1,1022,1788086998.494812,50,4.537576,1.098176
worker_1,1023,1788086998.499375,50,4.784947,1.097536
worker_1,1024,1788086998.504179,50,4.766827,1.098336
worker_1,1025,1788086998.508962,50,4.765151,1.098112
worker_1,1026,1788086998.513747,50,4.787078,1.102048
worker_1,1027,1788086998.518550,50,4.988172,1.096096
worker_1,1028,1788086998.523586,50,4.536658,1.100448
worker_1,1029,1788086998.528150,50,4.757745,1.101152
worker_1,1030,1788086998.532925,50,4.785882,1.101888
worker_1,1031,1788086998.537729,50,4.762300,1.097888
worker_1,1032,1788086998.542509,50,4.769355,1.098496
worker_1,1033,1788086998.547295,50,4.770670,1.097472
worker_1,1034,1788086998.552084,50,4.770827,1.098784
worker_1,1035,1788086998.556874,50,4.781652,1.107264
worker_1,1036,1788086998.561673,50,4.773133,1.097792
worker_1,1037,1788086998.566463,50,4.928633,1.099264
worker_1,1038,1788086998.571406,50,4.775781,1.097888
worker_1,1039,1788086998.576198,50,4.608807,1.097024
worker_1,1040,1788086998.580823,50,4.770503,1.099232
worker_1,1041,1788086998.585611,50,4.769484,1.099584
worker_1,1042,1788086998.590396,50,4.773280,1.097824
worker_1,1043,1788086998.595185,50,4.770791,1.098400
worker_1,1044,1788086998.599970,50,4.781132,1.102592
worker_1,1045,1788086998.604779,50,4.768549,1.099424
worker_1,1046,1788086998.609564,50,4.767402,1.098144
worker_1,1047,1788086998.614346,50,4.771142,1.099328
worker_1,1048,1788086998.619133,50,4.768837,1.098688
worker_1,1049,1788086998.623918,50,4.783430,1.097536
worker_1,1050,1788086998.628717,50,4.769763,1.098208
worker_1,1051,1788086998.633502,50,4.767086,1.097056
worker_1,1052,1788086998.638285,50,4.772003,1.098720
worker_1,1053,1788086998.643073,50,4.775022,1.099648
worker_1,1054,1788086998.647865,50,4.982191,1.099616
worker_1,1055,1788086998.652898,50,4.728549,1.097632
worker_1,1056,1788086998.657674,50,4.541214,1.098592
worker_1,1057,1788086998.662241,50,4.758568,1.098784
worker_1,1058,1788086998.667017,50,4.771411,1.098944
worker_1,1059,1788086998.671805,50,4.772559,1.099328
worker_1,1060,1788086998.676594,50,4.767948,1.101056
worker_1,1061,1788086998.681381,50,4.769818,1.098592
worker_1,1062,1788086998.686167,50,4.767642,1.098944
worker_1,1063,1788086998.690951,50,4.770096,1.098816
worker_1,1064,1788086998.695736,50,4.859486,1.101344
worker_1,1065,1788086998.700620,50,4.693558,1.096384
worker_1,1066,1788086998.705330,50,4.772781,1.099136
worker_1,1067,1788086998.710120,50,4.767558,1.099040
worker_1,1068,1788086998.714903,50,4.780096,1.098656
worker_1,1069,1788086998.719703,50,4.910356,1.098688
worker_1,1070,1788086998.724630,50,4.784976,1.097728
worker_1,1071,1788086998.729430,50,4.775012,1.098336
worker_1,1072,1788086998.734221,50,4.738040,1.100672
worker_1,1073,1788086998.738976,50,4.793188,1.097792
worker_1,1074,1788086998.743785,50,4.800290,1.100192
worker_1,1075,1788086998.748601,50,4.692161,1.099392
worker_1,1076,1788086998.753308,50,4.692567,1.100512
worker_1,1077,1788086998.758016,50,4.979403,1.098624
worker_1,1078,1788086998.763047,50,4.531751,1.099200
worker_1,1079,1788086998.767685,50,4.676216,1.100864
worker_1,1080,1788086998.772381,50,4.801457,1.098304
worker_1,1081,1788086998.777201,50,4.973385,1.097952
worker_1,1082,1788086998.782223,50,4.537001,1.097792
worker_1,1083,1788086998.786788,50,4.953617,1.095936
worker_1,1084,1788086998.791805,50,4.528306,1.098112
worker_1,1085,1788086998.796359,50,4.955791,1.097824
worker_1,1086,1788086998.801362,50,4.538362,1.098144
worker_1,1087,1788086998.805928,50,4.965838,1.106240
worker_1,1088,1788086998.810942,50,4.538965,1.097760
worker_1,1089,1788086998.815506,50,4.755077,1.098176
worker_1,1090,1788086998.820281,50,4.766892,1.100128
worker_1,1091,1788086998.825062,50,4.984450,1.097760
worker_1,1092,1788086998.830096,50,4.532501,1.099232
worker_1,1093,1788086998.834652,50,4.961764,1.098336
worker_1,1094,1788086998.839663,50,4.543826,1.097792
worker_1,1095,1788086998.844243,50,4.753141,1.097984
worker_1,1096,1788086998.849015,50,4.763587,1.097792
worker_1,1097,1788086998.853795,50,4.984218,1.098464
worker_1,1098,1788086998.858828,50,4.534566,1.098528
worker_1,1099,1788086998.863390,50,4.755483,1.098560
worker_1,1100,1788086998.868164,50,4.772660,1.099872
worker_1,1101,1788086998.872953,50,4.771170,1.099520
worker_1,1102,1788086998.877740,50,4.772078,1.097792
worker_1,1103,1788086998.882530,50,4.976273,1.097952
worker_1,1104,1788086998.887567,50,4.537946,1.098464
worker_1,1105,1788086998.892129,50,4.764049,1.102272
worker_1,1106,1788086998.896911,50,4.767578,1.099264
worker_1,1107,1788086998.901695,50,4.985126,1.097728
worker_1,1108,1788086998.906730,50,4.537630,1.097792
worker_1,1109,1788086998.911294,50,4.767171,1.098432
worker_1,1110,1788086998.916079,50,4.767892,1.099552
worker_1,1111,1788086998.920862,50,4.765577,1.098432
worker_1,1112,1788086998.925643,50,4.765624,1.097792
worker_1,1113,1788086998.930427,50,4.975126,1.097568
worker_1,1114,1788086998.935453,50,4.535826,1.099520
worker_1,1115,1788086998.940014,50,4.758309,1.099840
worker_1,1116,1788086998.944791,50,4.775504,1.097696
worker_1,1117,1788086998.949583,50,4.771808,1.101568
worker_1,1118,1788086998.954371,50,4.768577,1.097824
worker_1,1119,1788086998.959158,50,4.769411,1.098560
worker_1,1120,1788086998.963943,50,4.776966,1.101504
worker_1,1121,1788086998.968735,50,4.771345,1.099168
worker_1,1122,1788086998.973522,50,4.984329,1.098432
worker_1,1123,1788086998.978567,50,4.517215,1.098624
worker_1,1124,1788086998.983110,50,4.755345,1.096288
worker_1,1125,1788086998.987883,50,4.770281,1.098336
worker_1,1126,1788086998.992671,50,4.762058,1.097792
worker_1,1127,1788086998.997449,50,4.983625,1.100448
worker_1,1128,1788086999.002483,50,4.538141,1.099072
worker_1,1129,1788086999.007045,50,4.964366,1.098272
worker_1,1130,1788086999.012057,50,4.541251,1.097856
worker_1,1131,1788086999.016624,50,4.969977,1.102112
worker_1,1132,1788086999.021642,50,4.537936,1.097728
worker_1,1133,1788086999.026204,50,4.973070,1.099136
worker_1,1134,1788086999.031224,50,4.538048,1.098720
worker_1,1135,1788086999.035787,50,4.757929,1.098656
worker_1,1136,1788086999.040562,50,4.762790,1.097792
worker_1,1137,1788086999.045341,50,4.974098,1.097472
worker_1,1138,1788086999.050365,50,4.537141,1.098912
worker_1,1139,1788086999.054928,50,4.969920,1.096864
worker_1,1140,1788086999.059945,50,4.527556,1.098944
worker_1,1141,1788086999.064498,50,4.972561,1.098112
worker_1,1142,1788086999.069519,50,4.541121,1.099008
worker_1,1143,1788086999.074098,50,4.743604,1.097792
worker_1,1144,1788086999.078859,50,4.769058,1.098848
worker_1,1145,1788086999.083644,50,4.786012,1.103200
worker_1,1146,1788086999.088447,50,4.781772,1.098208
worker_1,1147,1788086999.093246,50,4.772401,1.097760
worker_1,1148,1788086999.098035,50,4.767763,1.098464
worker_1,1149,1788086999.102818,50,4.772336,1.098400
worker_1,1150,1788086999.107605,50,4.774817,1.098656
worker_1,1151,1788086999.112396,50,4.776467,1.098112
worker_1,1152,1788086999.117188,50,4.772587,1.098240
worker_1,1153,1788086999.121976,50,4.766216,1.098688
worker_1,1154,1788086999.126758,50,4.782614,1.099136
worker_1,1155,1788086999.131558,50,4.768779,1.098880
worker_1,1156,1788086999.136342,50,4.781003,1.099424
worker_1,1157,1788086999.141138,50,4.774873,1.098944
worker_1,1158,1788086999.145928,50,4.771096,1.099200
worker_1,1159,1788086999.150714,50,4.775151,1.097792
worker_1,1160,1788086999.155505,50,4.768456,1.101184
worker_1,1161,1788086999.160289,50,4.765272,1.098176
worker_1,1162,1788086999.165073,50,4.981514,1.097824
worker_1,1163,1788086999.170105,50,4.731568,1.097600
worker_1,1164,1788086999.174885,50,4.748420,1.096512
worker_1,1165,1788086999.179682,50,4.522714,1.097824
worker_1,1166,1788086999.184239,50,4.956902,1.097152
worker_1,1167,1788086999.189242,50,4.553001,1.098784
worker_1,1168,1788086999.193821,50,4.757818,1.098112
worker_1,1169,1788086999.198598,50,4.769484,1.098368
worker_1,1170,1788086999.203385,50,4.983820,1.099104
worker_1,1171,1788086999.208419,50,4.532779,1.098624
worker_1,1172,1788086999.212975,50,4.967736,1.100896
worker_1,1173,1788086999.217991,50,4.682669,1.099328
worker_1,1174,1788086999.222701,50,4.832643,1.098400
worker_1,1175,1788086999.227582,50,4.669642,1.099296
worker_1,1176,1788086999.232277,50,4.966653,1.099104
worker_1,1177,1788086999.237292,50,4.541047,1.104320
worker_1,1178,1788086999.241859,50,4.964283,1.098720
worker_1,1179,1788086999.246872,50,4.535390,1.097632
worker_1,1180,1788086999.251432,50,4.657706,1.098368
worker_1,1181,1788086999.256108,50,4.879199,1.101536
worker_1,1182,1788086999.261014,50,4.771429,1.097760
worker_1,1183,1788086999.265802,50,4.767244,1.098496
worker_1,1184,1788086999.270585,50,5.009311,1.098688
worker_1,1185,1788086999.275644,50,4.516659,1.098432
worker_1,1186,1788086999.280187,50,4.635826,1.098176
worker_1,1187,1788086999.284842,50,4.902245,1.099488
worker_1,1188,1788086999.289762,50,4.920811,1.096512
worker_1,1189,1788086999.294732,50,4.515659,1.098624
worker_1,1190,1788086999.299275,50,4.826124,1.099040
worker_1,1191,1788086999.304120,50,4.616761,1.097792
worker_1,1192,1788086999.308754,50,4.787726,1.106592
worker_1,1193,1788086999.313561,50,4.764790,1.098400
worker_1,1194,1788086999.318341,50,4.772957,1.098496
worker_1,1195,1788086999.323130,50,4.769484,1.097792
worker_1,1196,1788086999.327915,50,4.773365,1.099168
worker_1,1197,1788086999.332705,50,4.766465,1.101536
worker_1,1198,1788086999.337487,50,4.770846,1.098496
worker_1,1199,1788086999.342274,50,4.771882,1.096736
worker_1,1200,1788086999.347061,50,4.774512,1.099872
worker_1,1201,1788086999.351861,50,4.761438,1.097440
worker_1,1202,1788086999.356637,50,4.778160,1.102176
worker_1,1203,1788086999.361430,50,4.928995,1.098560
worker_1,1204,1788086999.366375,50,4.784864,1.100480
worker_1,1205,1788086999.371175,50,4.758633,1.098432
worker_1,1206,1788086999.375949,50,4.764262,1.097344
worker_1,1207,1788086999.380731,50,4.755049,1.100576
worker_1,1208,1788086999.385501,50,4.806605,1.098880
worker_1,1209,1788086999.390322,50,4.838151,1.097312
worker_1,1210,1788086999.395210,50,4.539511,1.097376
worker_1,1211,1788086999.399776,50,4.961431,1.098880
worker_1,1212,1788086999.404786,50,4.734698,1.097856
worker_1,1213,1788086999.409566,50,4.739262,1.097824
worker_1,1214,1788086999.414353,50,4.545140,1.101632
worker_1,1215,1788086999.418924,50,4.959542,1.097120
worker_1,1216,1788086999.423932,50,4.539965,1.097376
worker_1,1217,1788086999.428496,50,4.958930,1.099616
worker_1,1218,1788086999.433502,50,4.548353,1.098496
worker_1,1219,1788086999.438076,50,4.953449,1.096352
worker_1,1220,1788086999.443077,50,4.540167,1.097888
worker_1,1221,1788086999.447656,50,4.744818,1.099424
worker_1,1222,1788086999.452420,50,4.766466,1.099264
worker_1,1223,1788086999.457202,50,4.985765,1.098624
worker_1,1224,1788086999.462235,50,4.536038,1.097632
worker_1,1225,1788086999.466796,50,4.971487,1.098080
worker_1,1226,1788086999.471817,50,4.531306,1.098304
worker_1,1227,1788086999.476375,50,4.969459,1.099008
worker_1,1228,1788086999.481392,50,4.684956,1.097856
worker_1,1229,1788086999.486102,50,4.965135,1.098144
worker_1,1230,1788086999.491196,50,4.462325,1.096992
worker_1,1231,1788086999.495684,50,4.774040,1.101792
worker_1,1232,1788086999.500480,50,4.777272,1.097728
worker_1,1233,1788086999.505274,50,4.984144,1.099040
worker_1,1234,1788086999.510308,50,4.534761,1.098848
worker_1,1235,1788086999.514865,50,4.932903,1.097504
worker_1,1236,1788086999.519846,50,4.585354,1.097664
worker_1,1237,1788086999.524456,50,4.988116,1.099264
worker_1,1238,1788086999.529493,50,4.428380,1.100576
worker_1,1239,1788086999.533948,50,4.927300,1.096768
worker_1,1240,1788086999.538934,50,4.497002,1.098080
worker_1,1241,1788086999.543456,50,4.751419,1.097792
worker_1,1242,1788086999.548229,50,4.762365,1.097600
worker_1,1243,1788086999.553011,50,4.766438,1.099040
worker_1,1244,1788086999.557792,50,4.774938,1.098560
worker_1,1245,1788086999.562585,50,4.972116,1.096864
worker_1,1246,1788086999.567607,50,4.542575,1.098272
worker_1,1247,1788086999.572177,50,4.763967,1.100064
worker_1,1248,1788086999.576962,50,4.750540,1.096896
worker_1,1249,1788086999.581729,50,4.766188,1.098848
worker_1,1250,1788086999.586513,50,4.977866,1.097792
worker_1,1251,1788086999.591540,50,4.544372,1.097792
worker_1,1252,1788086999.596110,50,4.755160,1.098144
worker_1,1253,1788086999.600884,50,4.780928,1.104960
worker_1,1254,1788086999.605683,50,4.988264,1.097408
worker_1,1255,1788086999.610719,50,4.528093,1.099296
worker_1,1256,1788086999.615273,50,4.907023,1.099584
worker_1,1257,1788086999.620199,50,4.623309,1.101600
worker_1,1258,1788086999.624838,50,4.769698,1.098400
worker_1,1259,1788086999.629624,50,4.767049,1.098880
worker_1,1260,1788086999.634415,50,4.973523,1.097760
worker_1,1261,1788086999.639437,50,4.536012,1.098976
worker_1,1262,1788086999.644000,50,4.914661,1.098336
worker_1,1263,1788086999.648932,50,4.781347,1.097568
worker_1,1264,1788086999.653729,50,4.986765,1.097632
worker_1,1265,1788086999.658765,50,4.466473,1.098144
worker_1,1266,1788086999.663258,50,4.802345,1.098112
worker_1,1267,1788086999.668078,50,4.764921,1.097760
worker_1,1268,1788086999.672860,50,4.774493,1.097632
worker_1,1269,1788086999.677651,50,4.769373,1.099840
worker_1,1270,1788086999.682438,50,4.832698,1.099520
worker_1,1271,1788086999.687320,50,4.532140,1.095712
worker_1,1272,1788086999.691877,50,4.756948,1.098688
worker_1,1273,1788086999.696653,50,4.771633,1.102336
worker_1,1274,1788086999.701442,50,4.980699,1.099424
worker_1,1275,1788086999.706473,50,4.542178,1.099008
worker_1,1276,1788086999.711041,50,4.957625,1.096608
worker_1,1277,1788086999.716046,50,4.536056,1.098688
worker_1,1278,1788086999.720608,50,4.960106,1.102752
worker_1,1279,1788086999.725613,50,4.530789,1.098560
worker_1,1280,1788086999.730164,50,4.953596,1.098720
worker_1,1281,1788086999.735155,50,4.563585,1.097120
worker_1,1282,1788086999.739739,50,4.772141,1.099456
worker_1,1283,1788086999.744528,50,4.765160,1.099520
worker_1,1284,1788086999.749309,50,4.975505,1.098112
worker_1,1285,1788086999.754331,50,4.548834,1.095808
worker_1,1286,1788086999.758906,50,4.970440,1.097696
worker_1,1287,1788086999.763924,50,4.538093,1.108960
worker_1,1288,1788086999.768489,50,4.998569,1.101856
worker_1,1289,1788086999.773535,50,4.530103,1.098848
worker_1,1290,1788086999.778090,50,4.790096,1.096736
worker_1,1291,1788086999.782912,50,4.726631,1.098528
worker_1,1292,1788086999.787666,50,4.912384,1.109440
worker_1,1293,1788086999.792595,50,4.690429,1.098592
worker_1,1294,1788086999.797306,50,4.718446,1.098432
worker_1,1295,1788086999.802041,50,4.779217,1.098176
worker_1,1296,1788086999.806835,50,4.770883,1.097760
worker_1,1297,1788086999.811621,50,4.766040,1.098368
worker_1,1298,1788086999.816403,50,4.766790,1.098560
worker_1,1299,1788086999.821198,50,4.759049,1.097792
worker_1,1300,1788086999.825973,50,4.769559,1.097792
worker_1,1301,1788086999.830758,50,4.768207,1.098240
worker_1,1302,1788086999.835542,50,4.773921,1.101440
worker_1,1303,1788086999.840331,50,4.778864,1.097792
worker_1,1304,1788086999.845124,50,4.771169,1.098880
worker_1,1305,1788086999.849910,50,4.769771,1.097664
worker_1,1306,1788086999.854698,50,4.781310,1.096928
worker_1,1307,1788086999.859499,50,4.745577,1.098944
worker_1,1308,1788086999.864263,50,4.768188,1.099424
worker_1,1309,1788086999.869047,50,4.783040,1.099488
worker_1,1310,1788086999.873846,50,4.768049,1.098016
worker_1,1311,1788086999.878631,50,4.771160,1.097792
worker_1,1312,1788086999.883419,50,4.775762,1.097888
worker_1,1313,1788086999.888218,50,4.773280,1.099264
worker_1,1314,1788086999.893007,50,4.767993,1.098432
worker_1,1315,1788086999.897791,50,4.771410,1.098400
worker_1,1316,1788086999.902578,50,4.797263,1.110080
worker_1,1317,1788086999.907391,50,4.771012,1.099520
worker_1,1318,1788086999.912188,50,4.760271,1.099264
worker_1,1319,1788086999.916963,50,4.801365,1.102976
worker_1,1320,1788086999.921780,50,4.770929,1.097792
worker_1,1321,1788086999.926567,50,4.766003,1.098944
worker_1,1322,1788086999.931351,50,4.981903,1.098464
worker_1,1323,1788086999.936383,50,4.532843,1.100352
worker_1,1324,1788086999.940941,50,4.972088,1.096544
worker_1,1325,1788086999.945962,50,4.520196,1.097792
worker_1,1326,1788086999.950508,50,4.756308,1.097792
worker_1,1327,1788086999.955282,50,5.004143,1.097440
worker_1,1328,1788086999.960335,50,4.523306,1.097824
worker_1,1329,1788086999.964883,50,4.981494,1.112608
worker_1,1330,1788086999.969913,50,4.540852,1.099008
worker_1,1331,1788086999.974478,50,4.969098,1.098496
worker_1,1332,1788086999.979497,50,4.527521,1.097632
worker_1,1333,1788086999.984048,50,4.759790,1.096160
worker_1,1334,1788086999.988825,50,4.793096,1.110080
worker_1,1335,1788086999.993634,50,4.974125,1.096320
worker_1,1336,1788086999.998658,50,4.675382,1.097792
worker_1,1337,1788087000.003358,50,4.771012,1.098976
worker_1,1338,1788087000.008159,50,4.752624,1.097440
worker_1,1339,1788087000.012930,50,4.778346,1.099776
worker_1,1340,1788087000.017726,50,4.769105,1.097568
worker_1,1341,1788087000.022510,50,5.007228,1.097312
worker_1,1342,1788087000.027569,50,4.380740,1.097888
worker_1,1343,1788087000.031974,50,4.910680,1.098272
worker_1,1344,1788087000.036902,50,4.769948,1.098688
worker_1,1345,1788087000.041689,50,4.994996,1.098368
worker_1,1346,1788087000.046734,50,4.360796,1.097088
worker_1,1347,1788087000.051120,50,4.775345,1.098912
worker_1,1348,1788087000.055912,50,4.768180,1.099008
worker_1,1349,1788087000.060696,50,4.769031,1.099072
worker_1,1350,1788087000.065480,50,4.774327,1.098464
worker_1,1351,1788087000.070271,50,4.980654,1.096352
worker_1,1352,1788087000.075301,50,4.536659,1.098688
worker_1,1353,1788087000.079863,50,4.753614,1.098752
worker_1,1354,1788087000.084634,50,4.771726,1.099648
worker_1,1355,1788087000.089422,50,4.985477,1.099168
worker_1,1356,1788087000.094457,50,4.538677,1.099040
worker_1,1357,1788087000.099032,50,4.744846,1.097248
worker_1,1358,1788087000.103797,50,4.768005,1.098144
worker_1,1359,1788087000.108582,50,4.771373,1.102912
worker_1,1360,1788087000.113371,50,4.770253,1.099328
worker_1,1361,1788087000.118157,50,4.870662,1.099232
worker_1,1362,1788087000.123043,50,4.835522,1.098272
worker_1,1363,1788087000.127895,50,4.769366,1.096800
worker_1,1364,1788087000.132680,50,4.775827,1.097792
worker_1,1365,1788087000.137471,50,4.682558,1.098336
worker_1,1366,1788087000.142169,50,4.858319,1.098080
worker_1,1367,1788087000.147043,50,4.632225,1.099296
worker_1,1368,1788087000.151691,50,4.769153,1.098880
worker_1,1369,1788087000.156475,50,4.772179,1.099104
worker_1,1370,1788087000.161263,50,4.773688,1.099840
worker_1,1371,1788087000.166052,50,4.800059,1.100736
worker_1,1372,1788087000.170868,50,4.772272,1.098528
worker_1,1373,1788087000.175655,50,4.770540,1.097152
worker_1,1374,1788087000.180442,50,4.767835,1.098816
worker_1,1375,1788087000.185226,50,4.779346,1.098080
worker_1,1376,1788087000.190024,50,4.970626,1.098336
worker_1,1377,1788087000.195056,50,4.521928,1.097344
worker_1,1378,1788087000.199606,50,4.753864,1.096192
worker_1,1379,1788087000.204380,50,4.764726,1.100512
worker_1,1380,1788087000.209162,50,4.991866,1.098752
worker_1,1381,1788087000.214282,50,4.435242,1.096928
worker_1,1382,1788087000.218743,50,4.961467,1.099104
worker_1,1383,1788087000.223753,50,4.538205,1.099584
worker_1,1384,1788087000.228318,50,4.963523,1.100864
worker_1,1385,1788087000.233330,50,4.540641,1.098336
worker_1,1386,1788087000.237897,50,4.978199,1.099200
worker_1,1387,1788087000.242923,50,4.528325,1.097888
worker_1,1388,1788087000.247478,50,4.909448,1.097696
worker_1,1389,1788087000.252407,50,4.767309,1.098848
worker_1,1390,1788087000.257190,50,4.989524,1.095808
worker_1,1391,1788087000.262228,50,4.535575,1.099168
worker_1,1392,1788087000.266789,50,4.983496,1.097440
worker_1,1393,1788087000.271820,50,4.521863,1.100256
worker_1,1394,1788087000.276368,50,4.974874,1.096224
worker_1,1395,1788087000.281392,50,4.530760,1.099424
worker_1,1396,1788087000.285960,50,4.955255,1.097504
worker_1,1397,1788087000.290964,50,4.414103,1.099296
worker_1,1398,1788087000.295402,50,4.757633,1.097216
worker_1,1399,1788087000.300180,50,4.763068,1.097792
worker_1,1400,1788087000.304961,50,4.782874,1.099104
worker_1,1401,1788087000.309760,50,4.773364,1.103168
worker_1,1402,1788087000.314549,50,4.979255,1.097312
worker_1,1403,1788087000.319578,50,4.532529,1.098784
worker_1,1404,1788087000.324136,50,4.757891,1.101920
worker_1,1405,1788087000.328916,50,4.762679,1.097824
worker_1,1406,1788087000.333697,50,4.984246,1.097792
worker_1,1407,1788087000.338732,50,4.530992,1.096544
worker_1,1408,1788087000.343289,50,4.776142,1.097600
worker_1,1409,1788087000.348084,50,4.766216,1.099040
worker_1,1410,1788087000.352868,50,4.770458,1.098752
worker_1,1411,1788087000.357658,50,4.764115,1.099008
worker_1,1412,1788087000.362439,50,4.980866,1.098880
worker_1,1413,1788087000.367470,50,4.562539,1.098912
worker_1,1414,1788087000.372057,50,4.759651,1.099840
worker_1,1415,1788087000.376835,50,4.764503,1.098560
worker_1,1416,1788087000.381623,50,4.974681,1.097280
worker_1,1417,1788087000.386647,50,4.529770,1.098336
worker_1,1418,1788087000.391202,50,4.760142,1.098848
worker_1,1419,1788087000.395982,50,4.807162,1.100672
worker_1,1420,1788087000.400808,50,4.875977,1.097792
worker_1,1421,1788087000.405701,50,4.679863,1.097600
worker_1,1422,1788087000.410397,50,5.080525,1.097568
worker_1,1423,1788087000.415527,50,4.527983,1.099488
worker_1,1424,1788087000.420081,50,4.610928,1.099872
worker_1,1425,1788087000.424709,50,4.762882,1.097504
worker_1,1426,1788087000.429488,50,4.982199,1.098304
worker_1,1427,1788087000.434520,50,4.532799,1.097824
worker_1,1428,1788087000.439079,50,4.966903,1.098048
worker_1,1429,1788087000.444093,50,4.533816,1.098912
worker_1,1430,1788087000.448652,50,4.962208,1.096832
worker_1,1431,1788087000.453664,50,4.529326,1.097920
worker_1,1432,1788087000.458219,50,4.976625,1.098784
worker_1,1433,1788087000.463244,50,4.532464,1.097792
worker_1,1434,1788087000.467802,50,4.761040,1.101504
worker_1,1435,1788087000.472593,50,4.769633,1.098880
worker_1,1436,1788087000.477379,50,5.125237,1.099552
worker_1,1437,1788087000.482554,50,4.389398,1.096704
worker_1,1438,1788087000.486969,50,4.969904,1.097728
worker_1,1439,1788087000.491986,50,4.534594,1.099360
worker_1,1440,1788087000.496547,50,4.958625,1.097248
worker_1,1441,1788087000.501554,50,4.535214,1.098720
worker_1,1442,1788087000.506114,50,4.973088,1.098400
worker_1,1443,1788087000.511135,50,4.526566,1.101312
worker_1,1444,1788087000.515687,50,4.757448,1.098656
worker_1,1445,1788087000.520465,50,4.780364,1.098272
worker_1,1446,1788087000.525262,50,4.978967,1.098848
worker_1,1447,1788087000.530290,50,4.534409,1.099520
worker_1,1448,1788087000.534849,50,4.985847,1.110976
worker_1,1449,1788087000.539882,50,4.538075,1.098112
worker_1,1450,1788087000.544445,50,4.961903,1.099168
worker_1,1451,1788087000.549455,50,4.539177,1.098592
worker_1,1452,1788087000.554020,50,4.960699,1.098592
worker_1,1453,1788087000.559028,50,4.534204,1.097760
worker_1,1454,1788087000.563588,50,4.757421,1.097792
worker_1,1455,1788087000.568376,50,4.755993,1.102848
worker_1,1456,1788087000.573149,50,4.991450,1.097504
worker_1,1457,1788087000.578192,50,4.522639,1.098464
worker_1,1458,1788087000.582742,50,4.964718,1.097728
worker_1,1459,1788087000.587754,50,4.537093,1.097856
worker_1,1460,1788087000.592317,50,4.965374,1.098208
worker_1,1461,1788087000.597329,50,4.537760,1.100224
worker_1,1462,1788087000.601893,50,4.978356,1.099424
worker_1,1463,1788087000.606920,50,4.537232,1.097888
worker_1,1464,1788087000.611481,50,4.764800,1.097088
worker_1,1465,1788087000.616265,50,4.776216,1.099808
worker_1,1466,1788087000.621057,50,5.145505,1.098400
worker_1,1467,1788087000.626254,50,4.433537,1.098240
worker_1,1468,1788087000.630712,50,4.833892,1.097728
worker_1,1469,1788087000.635565,50,4.777781,1.097856
worker_1,1470,1788087000.640360,50,4.767892,1.097728
worker_1,1471,1788087000.645144,50,4.771280,1.097632
worker_1,1472,1788087000.649931,50,4.770697,1.095840
worker_1,1473,1788087000.654719,50,4.773578,1.097728
worker_1,1474,1788087000.659518,50,4.762901,1.098656
worker_1,1475,1788087000.664297,50,4.693142,1.100064
worker_1,1476,1788087000.669005,50,4.865698,1.100608
worker_1,1477,1788087000.673886,50,4.771744,1.097792
worker_1,1478,1788087000.678673,50,4.769364,1.099392
worker_1,1479,1788087000.683459,50,4.681845,1.098208
worker_1,1480,1788087000.688157,50,4.806855,1.099232
worker_1,1481,1788087000.692979,50,4.713596,1.103936
worker_1,1482,1788087000.697709,50,4.738632,1.097792
worker_1,1483,1788087000.702463,50,4.776614,1.098144
worker_1,1484,1788087000.707258,50,4.786077,1.097568
worker_1,1485,1788087000.712062,50,4.771151,1.099008
worker_1,1486,1788087000.716850,50,4.769846,1.098944
worker_1,1487,1788087000.721634,50,4.775068,1.098048
worker_1,1488,1788087000.726424,50,4.769336,1.096864
worker_1,1489,1788087000.731211,50,4.777966,1.098368
worker_1,1490,1788087000.736004,50,4.774688,1.098816
worker_1,1491,1788087000.740794,50,4.918884,1.097824
worker_1,1492,1788087000.745729,50,4.728077,1.100672
worker_1,1493,1788087000.750473,50,4.677327,1.099008
worker_1,1494,1788087000.755176,50,4.980755,1.098752
worker_1,1495,1788087000.760207,50,4.738503,1.102080
worker_1,1496,1788087000.764992,50,4.737113,1.096224
worker_1,1497,1788087000.769777,50,4.533399,1.097824
worker_1,1498,1788087000.774334,50,4.758383,1.098688
worker_1,1499,1788087000.779111,50,4.974894,1.098688
worker_1,1500,1788087000.784133,50,4.550538,1.102528
worker_1,1501,1788087000.788710,50,4.955283,1.097760
worker_1,1502,1788087000.793713,50,4.540779,1.097792
worker_1,1503,1788087000.798279,50,4.958819,1.096224
worker_1,1504,1788087000.803286,50,4.538047,1.098272
worker_1,1505,1788087000.807850,50,4.756188,1.098688
worker_1,1506,1788087000.812623,50,4.765475,1.096736
worker_1,1507,1788087000.817404,50,4.971754,1.099104
worker_1,1508,1788087000.822427,50,4.538242,1.098816
worker_1,1509,1788087000.826994,50,4.752763,1.097440
worker_1,1510,1788087000.831766,50,4.778559,1.097984
worker_1,1511,1788087000.836562,50,4.765170,1.097792
worker_1,1512,1788087000.841343,50,4.774290,1.098688
worker_1,1513,1788087000.846140,50,4.763475,1.097824
worker_1,1514,1788087000.850919,50,4.780050,1.097792
worker_1,1515,1788087000.855717,50,4.766558,1.099008
worker_1,1516,1788087000.860499,50,4.782836,1.096864
worker_1,1517,1788087000.865300,50,4.772975,1.099424
worker_1,1518,1788087000.870087,50,4.777049,1.098816
worker_1,1519,1788087000.874880,50,5.138534,1.099232
worker_1,1520,1788087000.880069,50,4.735966,1.099712
worker_1,1521,1788087000.884852,50,4.617511,1.104512
worker_1,1522,1788087000.889517,50,4.897977,1.098784
worker_1,1523,1788087000.894463,50,4.710448,1.099168
worker_1,1524,1788087000.899220,50,4.563030,1.097568
worker_1,1525,1788087000.903807,50,4.788328,1.100832
worker_1,1526,1788087000.908618,50,4.772790,1.097440
worker_1,1527,1788087000.913407,50,4.987792,1.096864
worker_1,1528,1788087000.918445,50,4.525418,1.097888
worker_1,1529,1788087000.922997,50,4.971255,1.098176
worker_1,1530,1788087000.928017,50,4.485010,1.100352
worker_1,1531,1788087000.932528,50,4.855569,1.101312
worker_1,1532,1788087000.937520,50,4.452511,1.098272
worker_1,1533,1788087000.942012,50,4.943922,1.097376
worker_1,1534,1788087000.947004,50,4.535742,1.097888
worker_1,1535,1788087000.951564,50,4.765279,1.097696
worker_1,1536,1788087000.956347,50,4.764883,1.097824
worker_1,1537,1788087000.961129,50,4.994440,1.098304
worker_1,1538,1788087000.966172,50,4.517945,1.104576
worker_1,1539,1788087000.970716,50,4.971115,1.097760
worker_1,1540,1788087000.975736,50,4.528630,1.099552
worker_1,1541,1788087000.980290,50,4.973347,1.100352
worker_1,1542,1788087000.985311,50,4.550826,1.098784
worker_1,1543,1788087000.989887,50,4.966347,1.097632
worker_1,1544,1788087000.994900,50,4.531594,1.098624
worker_1,1545,1788087000.999457,50,4.818235,1.099296
worker_1,1546,1788087001.004294,50,4.869162,1.098304
worker_1,1547,1788087001.009180,50,4.980894,1.097184
worker_1,1548,1788087001.014210,50,4.535918,1.099168
worker_1,1549,1788087001.018771,50,4.962385,1.096640
worker_1,1550,1788087001.023781,50,4.543214,1.097472
worker_1,1551,1788087001.028349,50,4.827743,1.098656
worker_1,1552,1788087001.033237,50,4.535325,1.100320
worker_1,1553,1788087001.037798,50,4.977366,1.098368
worker_1,1554,1788087001.042824,50,4.535391,1.098656
worker_1,1555,1788087001.047385,50,4.755818,1.098944
worker_1,1556,1788087001.052159,50,4.771985,1.099424
worker_1,1557,1788087001.056948,50,4.785004,1.100064
worker_1,1558,1788087001.061750,50,4.767373,1.096352
worker_1,1559,1788087001.066535,50,4.769152,1.096448
worker_1,1560,1788087001.071320,50,4.770475,1.098976
worker_1,1561,1788087001.076107,50,4.767069,1.098368
worker_1,1562,1788087001.080891,50,4.770623,1.097056
worker_1,1563,1788087001.085680,50,4.763818,1.098336
worker_1,1564,1788087001.090454,50,4.775484,1.097728
worker_1,1565,1788087001.095246,50,5.019311,1.097952
worker_1,1566,1788087001.100314,50,4.522724,1.103808
worker_1,1567,1788087001.104863,50,4.956393,1.097952
worker_1,1568,1788087001.109867,50,4.540955,1.097952
worker_1,1569,1788087001.114433,50,4.758596,1.099520
worker_1,1570,1788087001.119209,50,4.771791,1.096704
worker_1,1571,1788087001.123997,50,4.786031,1.100288
worker_1,1572,1788087001.128811,50,4.890550,1.097696
worker_1,1573,1788087001.133720,50,4.767632,1.099776
worker_1,1574,1788087001.138505,50,4.738003,1.097568
worker_1,1575,1788087001.143260,50,4.805420,1.095936
worker_1,1576,1788087001.148081,50,4.784115,1.098976
worker_1,1577,1788087001.152880,50,4.775826,1.099264
worker_1,1578,1788087001.157671,50,4.734382,1.099424
worker_1,1579,1788087001.162420,50,4.842782,1.098368
worker_1,1580,1788087001.167281,50,4.623252,1.098336
worker_1,1581,1788087001.171919,50,4.738374,1.099488
worker_1,1582,1788087001.176672,50,4.767716,1.099872
worker_1,1583,1788087001.181455,50,4.773215,1.099200
worker_1,1584,1788087001.186245,50,4.767206,1.098816
worker_1,1585,1788087001.191029,50,4.771336,1.099360
worker_1,1586,1788087001.195817,50,4.786410,1.108672
worker_1,1587,1788087001.200619,50,4.770697,1.098144
worker_1,1588,1788087001.205406,50,4.769049,1.097792
worker_1,1589,1788087001.210191,50,4.770762,1.098304
worker_1,1590,1788087001.214977,50,4.778049,1.098272
worker_1,1591,1788087001.219776,50,4.994903,1.109504
worker_1,1592,1788087001.224820,50,4.738299,1.098912
worker_1,1593,1788087001.229604,50,4.733420,1.097888
worker_1,1594,1788087001.234385,50,4.748624,1.098848
worker_1,1595,1788087001.239182,50,4.733753,1.097792
worker_1,1596,1788087001.243963,50,4.532223,1.097792
worker_1,1597,1788087001.248523,50,4.970847,1.096608
worker_1,1598,1788087001.253541,50,4.538121,1.098336
worker_1,1599,1788087001.258105,50,4.964162,1.097888
worker_1,1600,1788087001.263117,50,4.593399,1.098688
worker_1,1601,1788087001.267734,50,4.877792,1.104736
worker_1,1602,1788087001.272629,50,4.629631,1.098528
worker_1,1603,1788087001.277277,50,4.982514,1.099392
worker_1,1604,1788087001.282310,50,4.536325,1.099584
worker_1,1605,1788087001.286871,50,4.966551,1.098080
worker_1,1606,1788087001.291887,50,4.535992,1.101216
worker_1,1607,1788087001.296448,50,4.979884,1.099488
worker_1,1608,1788087001.301478,50,4.529336,1.098592
worker_1,1609,1788087001.306034,50,4.961209,1.098112
worker_1,1610,1788087001.311044,50,4.536695,1.097664
worker_1,1611,1788087001.315617,50,4.751206,1.097792
worker_1,1612,1788087001.320388,50,4.763975,1.101408
worker_1,1613,1788087001.325169,50,4.982848,1.097088
worker_1,1614,1788087001.330203,50,4.532928,1.098464
worker_1,1615,1788087001.334761,50,4.965763,1.099040
worker_1,1616,1788087001.339776,50,4.531010,1.098496
worker_1,1617,1788087001.344333,50,4.969310,1.101344
worker_1,1618,1788087001.349350,50,4.528576,1.098208
worker_1,1619,1788087001.353904,50,4.972106,1.097440
worker_1,1620,1788087001.358923,50,4.535038,1.099040
worker_1,1621,1788087001.363484,50,4.764514,1.099072
worker_1,1622,1788087001.368267,50,4.781512,1.099072
worker_1,1623,1788087001.373070,50,5.115996,1.098784
worker_1,1624,1788087001.378234,50,4.535150,1.097984
worker_1,1625,1788087001.382794,50,4.887495,1.097792
worker_1,1626,1788087001.387730,50,4.624315,1.097824
worker_1,1627,1788087001.392380,50,4.985606,1.097536
worker_1,1628,1788087001.397414,50,4.522418,1.097792
worker_1,1629,1788087001.401962,50,4.605270,1.098432
worker_1,1630,1788087001.406596,50,4.961375,1.098848
worker_1,1631,1788087001.411604,50,4.542511,1.099296
worker_1,1632,1788087001.416172,50,4.762920,1.100352
worker_1,1633,1788087001.420953,50,4.765059,1.097792
worker_1,1634,1788087001.425734,50,4.975412,1.098688
worker_1,1635,1788087001.430758,50,4.537381,1.097792
worker_1,1636,1788087001.435321,50,4.756799,1.097632
worker_1,1637,1788087001.440095,50,4.772854,1.098016
worker_1,1638,1788087001.444884,50,4.791123,1.105664
worker_1,1639,1788087001.449692,50,4.769419,1.098432
worker_1,1640,1788087001.454481,50,4.976903,1.097312
worker_1,1641,1788087001.459508,50,4.527826,1.098528
worker_1,1642,1788087001.464059,50,4.759596,1.099840
worker_1,1643,1788087001.468837,50,4.788309,1.110560
worker_1,1644,1788087001.473643,50,4.973736,1.097632
worker_1,1645,1788087001.478664,50,4.540065,1.098272
worker_1,1646,1788087001.483229,50,4.755809,1.096960
worker_1,1647,1788087001.488003,50,4.765576,1.098176
worker_1,1648,1788087001.492786,50,4.774966,1.098944
worker_1,1649,1788087001.497576,50,4.769623,1.097760
worker_1,1650,1788087001.502373,50,4.968700,1.097664
worker_1,1651,1788087001.507391,50,4.529853,1.098688
worker_1,1652,1788087001.511947,50,4.758559,1.096864
worker_1,1653,1788087001.516723,50,4.766013,1.103136
worker_1,1654,1788087001.521506,50,4.976208,1.097760
worker_1,1655,1788087001.526532,50,4.534659,1.098752
worker_1,1656,1788087001.531092,50,4.964764,1.098368
worker_1,1657,1788087001.536105,50,4.540595,1.099584
worker_1,1658,1788087001.540670,50,4.968996,1.097504
worker_1,1659,1788087001.545689,50,4.532945,1.098624
worker_1,1660,1788087001.550247,50,4.973190,1.099776
worker_1,1661,1788087001.555269,50,4.532418,1.097216
worker_1,1662,1788087001.559829,50,4.755530,1.097792
worker_1,1663,1788087001.564603,50,4.897402,1.097248
worker_1,1664,1788087001.569517,50,4.853160,1.098400
worker_1,1665,1788087001.574421,50,4.533038,1.098336
worker_1,1666,1788087001.578982,50,4.957440,1.097152
worker_1,1667,1788087001.583987,50,4.541835,1.099872
worker_1,1668,1788087001.588556,50,4.963412,1.099744
worker_1,1669,1788087001.593579,50,4.522575,1.099008
worker_1,1670,1788087001.598126,50,4.979320,1.099264
worker_1,1671,1788087001.603155,50,4.530371,1.097536
worker_1,1672,1788087001.607709,50,4.759402,1.097792
worker_1,1673,1788087001.612488,50,4.777188,1.098304
worker_1,1674,1788087001.617282,50,5.124506,1.098272
worker_1,1675,1788087001.622458,50,4.442260,1.099616
worker_1,1676,1788087001.626925,50,5.080616,1.097888
worker_1,1677,1788087001.632052,50,4.553686,1.105248
worker_1,1678,1788087001.636633,50,4.985394,1.098176
worker_1,1679,1788087001.641668,50,4.524751,1.097792
worker_1,1680,1788087001.646219,50,4.978403,1.097536
worker_1,1681,1788087001.651245,50,4.522658,1.098592
worker_1,1682,1788087001.655793,50,4.754466,1.097632
worker_1,1683,1788087001.660639,50,4.611455,1.099520
worker_1,1684,1788087001.665268,50,5.065043,1.098336
worker_1,1685,1788087001.670383,50,4.431519,1.098080
worker_1,1686,1788087001.674842,50,5.072339,1.099136
worker_1,1687,1788087001.679962,50,4.548881,1.100128
worker_1,1688,1788087001.684537,50,4.961876,1.098272
worker_1,1689,1788087001.689558,50,4.394204,1.097760
worker_1,1690,1788087001.693977,50,4.964579,1.098336
worker_1,1691,1788087001.698991,50,4.532520,1.099904
worker_1,1692,1788087001.703548,50,4.759392,1.097792
worker_1,1693,1788087001.708328,50,4.765586,1.100480
worker_1,1694,1788087001.713109,50,4.975885,1.100192
worker_1,1695,1788087001.718136,50,4.537465,1.098560
worker_1,1696,1788087001.722697,50,4.967005,1.097888
worker_1,1697,1788087001.727713,50,4.534232,1.098400
worker_1,1698,1788087001.732273,50,4.960745,1.098176
worker_1,1699,1788087001.737283,50,4.681725,1.099712
worker_1,1700,1788087001.741991,50,4.644446,1.098624
worker_1,1701,1788087001.746654,50,4.944135,1.097312
worker_1,1702,1788087001.751645,50,4.552214,1.097792
worker_1,1703,1788087001.756230,50,4.747179,1.098368
worker_1,1704,1788087001.760995,50,4.772577,1.100192
worker_1,1705,1788087001.765784,50,4.983366,1.098560
worker_1,1706,1788087001.770817,50,4.532140,1.098592
worker_1,1707,1788087001.775374,50,4.757114,1.097792
worker_1,1708,1788087001.780162,50,4.751622,1.097792
worker_1,1709,1788087001.784930,50,4.790273,1.100000
worker_1,1710,1788087001.789737,50,4.773661,1.098560
worker_1,1711,1788087001.794526,50,4.981070,1.096864
worker_1,1712,1788087001.799556,50,4.537760,1.097856
worker_1,1713,1788087001.804118,50,4.760401,1.099040
worker_1,1714,1788087001.808899,50,4.763317,1.099424
worker_1,1715,1788087001.813680,50,4.972930,1.096640
worker_1,1716,1788087001.818702,50,4.534742,1.098240
worker_1,1717,1788087001.823261,50,4.773577,1.098848
worker_1,1718,1788087001.828053,50,4.766243,1.098656
worker_1,1719,1788087001.832837,50,4.760475,1.098272
worker_1,1720,1788087001.837614,50,4.760059,1.099520
worker_1,1721,1788087001.842383,50,4.971227,1.099360
worker_1,1722,1788087001.847405,50,4.561456,1.097440
worker_1,1723,1788087001.851994,50,4.748457,1.098624
worker_1,1724,1788087001.856762,50,4.781884,1.104704
worker_1,1725,1788087001.861560,50,4.976421,1.097216
worker_1,1726,1788087001.866585,50,4.539807,1.097248
worker_1,1727,1788087001.871150,50,4.957330,1.097792
worker_1,1728,1788087001.876165,50,4.678947,1.097888
worker_1,1729,1788087001.880867,50,4.824902,1.100128
worker_1,1730,1788087001.885742,50,4.679307,1.097664
worker_1,1731,1788087001.890448,50,4.981504,1.098336
worker_1,1732,1788087001.895477,50,4.543640,1.099424
worker_1,1733,1788087001.900047,50,4.735077,1.099680
worker_1,1734,1788087001.904802,50,4.805225,1.099296
worker_1,1735,1788087001.909625,50,4.973422,1.097440
worker_1,1736,1788087001.914649,50,4.547882,1.098656
worker_1,1737,1788087001.919223,50,4.738448,1.097792
worker_1,1738,1788087001.923980,50,4.774457,1.098848
worker_1,1739,1788087001.928771,50,4.771327,1.098240
worker_1,1740,1788087001.933559,50,4.736549,1.096800
worker_1,1741,1788087001.938312,50,4.971968,1.097856
worker_1,1742,1788087001.943334,50,4.562464,1.099520
worker_1,1743,1788087001.947924,50,4.622613,1.110720
worker_1,1744,1788087001.952565,50,4.776484,1.098592
worker_1,1745,1788087001.957359,50,4.971385,1.097376
worker_1,1746,1788087001.962382,50,4.546927,1.098880
worker_1,1747,1788087001.966974,50,4.935328,1.097184
worker_1,1748,1788087001.971956,50,4.536594,1.098144
worker_1,1749,1788087001.976520,50,4.965450,1.105056
worker_1,1750,1788087001.981533,50,4.543558,1.098976
worker_1,1751,1788087001.986103,50,4.954273,1.097920
worker_1,1752,1788087001.991105,50,4.537899,1.098624
worker_1,1753,1788087001.995668,50,4.770825,1.106976
worker_1,1754,1788087002.000458,50,4.776892,1.097824
worker_1,1755,1788087002.005252,50,4.970042,1.097696
worker_1,1756,1788087002.010272,50,4.564835,1.099712
worker_1,1757,1788087002.014861,50,4.959338,1.097184
worker_1,1758,1788087002.019866,50,4.537909,1.098944
worker_1,1759,1788087002.024433,50,4.964096,1.099776
worker_1,1760,1788087002.029445,50,4.539844,1.098560
worker_1,1761,1788087002.034009,50,4.972672,1.098240
worker_1,1762,1788087002.039030,50,4.531316,1.099360
worker_1,1763,1788087002.043585,50,4.758494,1.097664
worker_1,1764,1788087002.048362,50,4.771466,1.102432
worker_1,1765,1788087002.053151,50,4.982236,1.098880
worker_1,1766,1788087002.058182,50,4.547232,1.098464
worker_1,1767,1788087002.062767,50,4.947051,1.098176
worker_1,1768,1788087002.067762,50,4.553380,1.101760
worker_1,1769,1788087002.072341,50,4.967588,1.098784
worker_1,1770,1788087002.077356,50,4.538223,1.098880
worker_1,1771,1788087002.081920,50,4.970300,1.098528
worker_1,1772,1788087002.086939,50,4.531482,1.097568
worker_1,1773,1788087002.091496,50,4.748966,1.096320
worker_1,1774,1788087002.096263,50,4.765448,1.099232
worker_1,1775,1788087002.101047,50,4.987411,1.097056
worker_1,1776,1788087002.106083,50,4.524371,1.099200
worker_1,1777,1788087002.110636,50,4.963532,1.096448
worker_1,1778,1788087002.115648,50,4.527103,1.095968
worker_1,1779,1788087002.120201,50,4.766465,1.096800
worker_1,1780,1788087002.124986,50,4.935005,1.101344
worker_1,1781,1788087002.129937,50,4.988458,1.099264
worker_1,1782,1788087002.134974,50,4.394649,1.099008
worker_1,1783,1788087002.139393,50,4.742772,1.097472
worker_1,1784,1788087002.144155,50,4.766845,1.097760
worker_1,1785,1788087002.148938,50,4.772253,1.097888
worker_1,1786,1788087002.153738,50,4.758327,1.098752
worker_1,1787,1788087002.158513,50,4.768578,1.097472
worker_1,1788,1788087002.163298,50,4.779206,1.096768
worker_1,1789,1788087002.168095,50,4.769772,1.100256
worker_1,1790,1788087002.172880,50,4.769669,1.097824
worker_1,1791,1788087002.177669,50,4.769986,1.098752
worker_1,1792,1788087002.182456,50,4.771475,1.099424
worker_1,1793,1788087002.187243,50,4.786716,1.098432
worker_1,1794,1788087002.192046,50,4.768355,1.097664
worker_1,1795,1788087002.196831,50,4.791346,1.112576
worker_1,1796,1788087002.201638,50,4.769642,1.098592
worker_1,1797,1788087002.206423,50,4.770902,1.097440
worker_1,1798,1788087002.211211,50,4.773151,1.097792
worker_1,1799,1788087002.215998,50,4.779624,1.098144
worker_1,1800,1788087002.220793,50,4.774588,1.098624
worker_1,1801,1788087002.225583,50,4.770957,1.099648
worker_1,1802,1788087002.230369,50,4.776355,1.099424
worker_1,1803,1788087002.235161,50,4.769826,1.100480
worker_1,1804,1788087002.239946,50,4.773994,1.097632
worker_1,1805,1788087002.244738,50,5.006329,1.104512
worker_1,1806,1788087002.249807,50,4.882282,1.097920
worker_1,1807,1788087002.254739,50,4.373232,1.097440
worker_1,1808,1788087002.259137,50,4.756123,1.099872
worker_1,1809,1788087002.263912,50,4.769976,1.097728
worker_1,1810,1788087002.268697,50,4.776466,1.099904
worker_1,1811,1788087002.273491,50,4.768558,1.097568
worker_1,1812,1788087002.278277,50,4.990106,1.098176
worker_1,1813,1788087002.283318,50,4.531621,1.097664
worker_1,1814,1788087002.287875,50,4.763651,1.097888
worker_1,1815,1788087002.292656,50,4.766161,1.100192
worker_1,1816,1788087002.297438,50,4.978662,1.098784
worker_1,1817,1788087002.302465,50,4.532150,1.099168
worker_1,1818,1788087002.307022,50,4.967014,1.098112
worker_1,1819,1788087002.312038,50,4.533650,1.097600
worker_1,1820,1788087002.316600,50,4.960329,1.099296
worker_1,1821,1788087002.321609,50,4.532251,1.098144
worker_1,1822,1788087002.326169,50,4.955569,1.097600
worker_1,1823,1788087002.331172,50,4.538455,1.099488
worker_1,1824,1788087002.335737,50,4.753476,1.098880
worker_1,1825,1788087002.340522,50,4.776160,1.098112
worker_1,1826,1788087002.345313,50,4.985162,1.098976
worker_1,1827,1788087002.350348,50,4.531612,1.097792
worker_1,1828,1788087002.354904,50,4.973727,1.098944
worker_1,1829,1788087002.359926,50,4.539057,1.098912
worker_1,1830,1788087002.364491,50,4.977903,1.098848
worker_1,1831,1788087002.369518,50,4.539770,1.099392
worker_1,1832,1788087002.374086,50,5.119451,1.099584
worker_1,1833,1788087002.379253,50,4.544373,1.101024
worker_1,1834,1788087002.383896,50,4.694780,1.104736
worker_1,1835,1788087002.388611,50,4.769264,1.099776
worker_1,1836,1788087002.393398,50,4.975560,1.097376
worker_1,1837,1788087002.398422,50,4.426277,1.099648
worker_1,1838,1788087002.402874,50,5.090598,1.097504
worker_1,1839,1788087002.408012,50,4.543150,1.099616
worker_1,1840,1788087002.412580,50,4.968792,1.098176
worker_1,1841,1788087002.417597,50,4.537279,1.098912
worker_1,1842,1788087002.422159,50,4.690502,1.098368
worker_1,1843,1788087002.426899,50,4.680207,1.096768
worker_1,1844,1788087002.431605,50,4.752522,1.098400
worker_1,1845,1788087002.436396,50,4.749576,1.100160
worker_1,1846,1788087002.441164,50,4.990282,1.098016
worker_1,1847,1788087002.446202,50,4.529381,1.097792
worker_1,1848,1788087002.450757,50,4.968440,1.098176
worker_1,1849,1788087002.455774,50,4.523936,1.098272
worker_1,1850,1788087002.460323,50,4.792207,1.099200
worker_1,1851,1788087002.465148,50,4.855143,1.097984
worker_1,1852,1788087002.470028,50,4.623835,1.098848
worker_1,1853,1788087002.474670,50,4.769994,1.098112
worker_1,1854,1788087002.479457,50,4.981635,1.098880
worker_1,1855,1788087002.484488,50,4.540279,1.097696
worker_1,1856,1788087002.489052,50,4.963208,1.099200
worker_1,1857,1788087002.494063,50,4.542566,1.099456
worker_1,1858,1788087002.498633,50,4.750622,1.097152
worker_1,1859,1788087002.503402,50,4.984644,1.097760
worker_1,1860,1788087002.508435,50,4.544297,1.103968
worker_1,1861,1788087002.513005,50,4.966124,1.098400
worker_1,1862,1788087002.518018,50,4.535816,1.099264
worker_1,1863,1788087002.522580,50,4.961699,1.096576
worker_1,1864,1788087002.527601,50,4.547844,1.097024
worker_1,1865,1788087002.532174,50,4.759993,1.103072
worker_1,1866,1788087002.536953,50,4.764521,1.097472
worker_1,1867,1788087002.541734,50,4.979718,1.098464
worker_1,1868,1788087002.546763,50,4.534761,1.098432
worker_1,1869,1788087002.551322,50,4.759725,1.098784
worker_1,1870,1788087002.556099,50,4.767188,1.098560
worker_1,1871,1788087002.560883,50,4.780345,1.103808
worker_1,1872,1788087002.565679,50,4.922531,1.099296
worker_1,1873,1788087002.570616,50,4.928031,1.098368
worker_1,1874,1788087002.575594,50,4.596400,1.098464
worker_1,1875,1788087002.580223,50,4.757236,1.098464
worker_1,1876,1788087002.584998,50,4.772800,1.097824
worker_1,1877,1788087002.589788,50,4.836134,1.097280
worker_1,1878,1788087002.594672,50,4.534445,1.098944
worker_1,1879,1788087002.599231,50,4.773865,1.099616
worker_1,1880,1788087002.604023,50,4.768836,1.099840
worker_1,1881,1788087002.608808,50,4.769012,1.098080
worker_1,1882,1788087002.613592,50,4.783143,1.098720
worker_1,1883,1788087002.618391,50,4.977662,1.099040
worker_1,1884,1788087002.623433,50,4.524594,1.098080
worker_1,1885,1788087002.627981,50,4.755308,1.100768
worker_1,1886,1788087002.632756,50,4.766864,1.099104
worker_1,1887,1788087002.637539,50,5.146265,1.097216
worker_1,1888,1788087002.642734,50,4.519917,1.099680
worker_1,1889,1788087002.647279,50,4.650705,1.098528
worker_1,1890,1788087002.651949,50,4.820994,1.101472
worker_1,1891,1788087002.656787,50,4.844208,1.098272
worker_1,1892,1788087002.661649,50,4.768577,1.097696
worker_1,1893,1788087002.666433,50,4.789225,1.099712
worker_1,1894,1788087002.671239,50,4.716474,1.100320
worker_1,1895,1788087002.675971,50,4.707789,1.098848
worker_1,1896,1788087002.680694,50,4.875022,1.098912
worker_1,1897,1788087002.685585,50,4.781078,1.098144
worker_1,1898,1788087002.690384,50,4.780280,1.098848
worker_1,1899,1788087002.695179,50,4.610687,1.097920
worker_1,1900,1788087002.699806,50,4.772364,1.099552
worker_1,1901,1788087002.704594,50,4.773531,1.099168
worker_1,1902,1788087002.709383,50,4.772836,1.099840
worker_1,1903,1788087002.714179,50,4.781910,1.096064
worker_1,1904,1788087002.718976,50,4.769455,1.098304
worker_1,1905,1788087002.723760,50,4.774003,1.097824
worker_1,1906,1788087002.728549,50,4.781309,1.105504
worker_1,1907,1788087002.733346,50,4.769975,1.098560
worker_1,1908,1788087002.738130,50,4.886041,1.098176
worker_1,1909,1788087002.743032,50,4.801124,1.097440
worker_1,1910,1788087002.747851,50,4.626105,1.098560
worker_1,1911,1788087002.752493,50,4.977226,1.098240
worker_1,1912,1788087002.757520,50,4.738345,1.099168
worker_1,1913,1788087002.762305,50,4.735456,1.096928
worker_1,1914,1788087002.767087,50,4.757087,1.096864
worker_1,1915,1788087002.771889,50,4.548353,1.098688
worker_1,1916,1788087002.776463,50,4.973857,1.099040
worker_1,1917,1788087002.781485,50,4.537112,1.098528
worker_1,1918,1788087002.786048,50,4.755549,1.097792
worker_1,1919,1788087002.790822,50,4.975532,1.098400
worker_1,1920,1788087002.795846,50,4.541381,1.099072
worker_1,1921,1788087002.800415,50,4.964125,1.098528
worker_1,1922,1788087002.805427,50,4.540279,1.097760
worker_1,1923,1788087002.810002,50,4.948542,1.098784
worker_1,1924,1788087002.814997,50,4.542205,1.097760
worker_1,1925,1788087002.819565,50,4.756854,1.098592
worker_1,1926,1788087002.824343,50,4.777448,1.099296
worker_1,1927,1788087002.829137,50,4.974532,1.098720
worker_1,1928,1788087002.834160,50,4.556991,1.098560
worker_1,1929,1788087002.838742,50,4.968459,1.098592
worker_1,1930,1788087002.843758,50,4.537307,1.098688
worker_1,1931,1788087002.848319,50,4.977939,1.104096
worker_1,1932,1788087002.853345,50,4.526010,1.098528
worker_1,1933,1788087002.857897,50,4.973588,1.098976
worker_1,1934,1788087002.862919,50,4.536373,1.098944
worker_1,1935,1788087002.867481,50,4.762114,1.098304
worker_1,1936,1788087002.872262,50,4.757707,1.098912
worker_1,1937,1788087002.877031,50,5.051756,1.098720
worker_1,1938,1788087002.882114,50,4.531630,1.096768
worker_1,1939,1788087002.886664,50,5.055830,1.096288
worker_1,1940,1788087002.891755,50,4.565853,1.098656
worker_1,1941,1788087002.896345,50,4.827595,1.099904
worker_1,1942,1788087002.901224,50,4.674937,1.097760
worker_1,1943,1788087002.905924,50,4.960310,1.098784
worker_1,1944,1788087002.910929,50,4.397406,1.098176
worker_1,1945,1788087002.915352,50,4.770707,1.099488
worker_1,1946,1788087002.920141,50,4.770623,1.098464
worker_1,1947,1788087002.924926,50,4.770068,1.097760
worker_1,1948,1788087002.929712,50,4.913347,1.099360
worker_1,1949,1788087002.934640,50,4.772753,1.098848
worker_1,1950,1788087002.939451,50,4.603288,1.098304
worker_1,1951,1788087002.944078,50,4.751327,1.098048
worker_1,1952,1788087002.948852,50,4.761596,1.098944
worker_1,1953,1788087002.953634,50,4.756559,1.098368
worker_1,1954,1788087002.958408,50,4.768605,1.097856
worker_1,1955,1788087002.963192,50,4.768224,1.098624
worker_1,1956,1788087002.967976,50,4.770096,1.099840
worker_1,1957,1788087002.972762,50,4.764799,1.096416
worker_1,1958,1788087002.977543,50,4.770846,1.098720
worker_1,1959,1788087002.982329,50,4.774226,1.098304
worker_1,1960,1788087002.987120,50,4.787586,1.097824
worker_1,1961,1788087002.991923,50,4.778671,1.101984
worker_1,1962,1788087002.996726,50,4.760207,1.098912
worker_1,1963,1788087003.001502,50,4.985950,1.098656
worker_1,1964,1788087003.006538,50,4.528455,1.099104
worker_1,1965,1788087003.011092,50,4.967950,1.098560
worker_1,1966,1788087003.016105,50,4.544964,1.102688
worker_1,1967,1788087003.020675,50,4.956626,1.098496
worker_1,1968,1788087003.025667,50,4.542419,1.097856
worker_1,1969,1788087003.030229,50,4.967634,1.096704
worker_1,1970,1788087003.035244,50,4.540315,1.097440
worker_1,1971,1788087003.039809,50,4.757763,1.098432
worker_1,1972,1788087003.044586,50,4.774540,1.106144
worker_1,1973,1788087003.049379,50,4.986996,1.099328
worker_1,1974,1788087003.054414,50,4.523771,1.098368
worker_1,1975,1788087003.058962,50,4.960504,1.098592
worker_1,1976,1788087003.063970,50,4.539427,1.101056
worker_1,1977,1788087003.068536,50,4.984625,1.098432
worker_1,1978,1788087003.073569,50,4.526020,1.098176
worker_1,1979,1788087003.078120,50,4.994070,1.097472
worker_1,1980,1788087003.083162,50,4.515687,1.097792
worker_1,1981,1788087003.087715,50,4.751753,1.097856
worker_1,1982,1788087003.092487,50,4.767031,1.100224
worker_1,1983,1788087003.097271,50,4.977154,1.098720
worker_1,1984,1788087003.102298,50,4.570343,1.104288
worker_1,1985,1788087003.106971,50,4.676104,1.097024
worker_1,1986,1788087003.111667,50,4.764179,1.097792
worker_1,1987,1788087003.116451,50,4.766540,1.102848
worker_1,1988,1788087003.121233,50,4.977200,1.098208
worker_1,1989,1788087003.126259,50,4.541854,1.098208
worker_1,1990,1788087003.130825,50,4.962765,1.098144
worker_1,1991,1788087003.135835,50,4.534390,1.098560
worker_1,1992,1788087003.140395,50,4.962486,1.101536
worker_1,1993,1788087003.145406,50,4.534640,1.099072
worker_1,1994,1788087003.149965,50,4.977310,1.098496
worker_1,1995,1788087003.154992,50,4.539631,1.098880
worker_1,1996,1788087003.159556,50,4.755679,1.098976
worker_1,1997,1788087003.164330,50,4.761984,1.098688
worker_1,1998,1788087003.169107,50,4.980672,1.098816
worker_1,1999,1788087003.174139,50,4.536086,1.098272
worker_1,2000,1788087003.178700,50,4.969069,1.096992
worker_1,2001,1788087003.183730,50,4.519103,1.098848
worker_1,2002,1788087003.188274,50,4.975079,1.097920
worker_1,2003,1788087003.193300,50,4.526140,1.098208
worker_1,2004,1788087003.197853,50,4.966403,1.097952
worker_1,2005,1788087003.202867,50,4.535493,1.098752
worker_1,2006,1788087003.207427,50,4.768661,1.097440
worker_1,2007,1788087003.212220,50,4.760244,1.100224
worker_1,2008,1788087003.216996,50,4.771282,1.098176
worker_1,2009,1788087003.221784,50,4.767725,1.098400
worker_1,2010,1788087003.226567,50,4.980107,1.098368
worker_1,2011,1788087003.231596,50,4.555799,1.097792
worker_1,2012,1788087003.236177,50,4.758327,1.100512
worker_1,2013,1788087003.240954,50,4.763679,1.097824
worker_1,2014,1788087003.245734,50,4.997894,1.097952
worker_1,2015,1788087003.250785,50,4.507816,1.097472
worker_1,2016,1788087003.255309,50,4.974931,1.098784
worker_1,2017,1788087003.260333,50,4.544613,1.098432
worker_1,2018,1788087003.264904,50,4.972607,1.103008
worker_1,2019,1788087003.269926,50,4.547603,1.097792
worker_1,2020,1788087003.274511,50,4.948996,1.097920
worker_1,2021,1788087003.279509,50,4.536047,1.098208
worker_1,2022,1788087003.284070,50,4.910375,1.100832
worker_1,2023,1788087003.288998,50,4.770725,1.098656
worker_1,2024,1788087003.293785,50,4.835226,1.099136
worker_1,2025,1788087003.298668,50,4.532482,1.098496
worker_1,2026,1788087003.303226,50,4.755782,1.097792
worker_1,2027,1788087003.307999,50,4.774762,1.098880
worker_1,2028,1788087003.312791,50,4.767225,1.098560
worker_1,2029,1788087003.317574,50,4.769716,1.098304
worker_1,2030,1788087003.322359,50,4.976153,1.097632
worker_1,2031,1788087003.327383,50,4.548992,1.097760
worker_1,2032,1788087003.331958,50,4.757623,1.099936
worker_1,2033,1788087003.336735,50,4.763717,1.097792
worker_1,2034,1788087003.341515,50,4.979356,1.097280
worker_1,2035,1788087003.346543,50,4.531344,1.099200
worker_1,2036,1788087003.351101,50,4.966172,1.097600
worker_1,2037,1788087003.356115,50,4.540909,1.098912
worker_1,2038,1788087003.360680,50,4.964135,1.098880
worker_1,2039,1788087003.365692,50,4.538409,1.097696
worker_1,2040,1788087003.370268,50,4.955486,1.098784
worker_1,2041,1788087003.375270,50,4.541464,1.096928
worker_1,2042,1788087003.379838,50,4.768208,1.105312
worker_1,2043,1788087003.384624,50,4.765234,1.098336
worker_1,2044,1788087003.389406,50,4.985079,1.098912
worker_1,2045,1788087003.394440,50,4.526706,1.100224
worker_1,2046,1788087003.398992,50,4.992319,1.098464
worker_1,2047,1788087003.404031,50,4.526066,1.100960
worker_1,2048,1788087003.408585,50,4.981597,1.098016
worker_1,2049,1788087003.413614,50,4.537362,1.099680
worker_1,2050,1788087003.418176,50,4.966097,1.098848
worker_1,2051,1788087003.423189,50,4.530761,1.097568
worker_1,2052,1788087003.427745,50,4.761521,1.098944
worker_1,2053,1788087003.432526,50,4.783697,1.099232
worker_1,2054,1788087003.437328,50,4.975774,1.096544
worker_1,2055,1788087003.442352,50,4.541640,1.098176
worker_1,2056,1788087003.446919,50,4.962283,1.099008
worker_1,2057,1788087003.451929,50,4.539714,1.099264
worker_1,2058,1788087003.456494,50,4.958310,1.099648
worker_1,2059,1788087003.461511,50,4.526630,1.098752
worker_1,2060,1788087003.466063,50,4.980040,1.098496
worker_1,2061,1788087003.471094,50,4.534778,1.098208
worker_1,2062,1788087003.475653,50,4.761919,1.098688
worker_1,2063,1788087003.480434,50,4.773049,1.102336
worker_1,2064,1788087003.485223,50,4.768707,1.096608
worker_1,2065,1788087003.490008,50,4.774901,1.097536
worker_1,2066,1788087003.494800,50,4.767965,1.097344
worker_1,2067,1788087003.499583,50,4.773494,1.099392
worker_1,2068,1788087003.504374,50,4.773984,1.105760
worker_1,2069,1788087003.509164,50,4.772679,1.097600
worker_1,2070,1788087003.513952,50,4.788660,1.097344
worker_1,2071,1788087003.518756,50,4.768762,1.098048
worker_1,2072,1788087003.523541,50,4.772586,1.097600
worker_1,2073,1788087003.528330,50,4.979144,1.099264
worker_1,2074,1788087003.533359,50,4.534862,1.099872
worker_1,2075,1788087003.537919,50,4.957661,1.098496
worker_1,2076,1788087003.542924,50,4.542695,1.099328
worker_1,2077,1788087003.547492,50,4.760086,1.097664
worker_1,2078,1788087003.552271,50,4.770078,1.101920
worker_1,2079,1788087003.557070,50,4.965459,1.098624
worker_1,2080,1788087003.562084,50,4.536168,1.097280
worker_1,2081,1788087003.566646,50,4.961014,1.098400
worker_1,2082,1788087003.571655,50,4.546927,1.098816
worker_1,2083,1788087003.576238,50,4.737021,1.096512
worker_1,2084,1788087003.580993,50,4.775467,1.100992
worker_1,2085,1788087003.585785,50,4.987172,1.096416
worker_1,2086,1788087003.590822,50,4.532575,1.099136
worker_1,2087,1788087003.595381,50,4.755789,1.098816
worker_1,2088,1788087003.600154,50,4.782910,1.101504
worker_1,2089,1788087003.604952,50,4.769734,1.098048
worker_1,2090,1788087003.609739,50,4.766421,1.098432
worker_1,2091,1788087003.614521,50,4.989152,1.098144
worker_1,2092,1788087003.619558,50,4.694263,1.097792
worker_1,2093,1788087003.624280,50,4.970654,1.099360
worker_1,2094,1788087003.629298,50,4.540622,1.104256
worker_1,2095,1788087003.633862,50,4.817634,1.097536
worker_1,2096,1788087003.638728,50,4.533658,1.098880
worker_1,2097,1788087003.643286,50,4.753327,1.096288
worker_1,2098,1788087003.648070,50,4.767911,1.098272
worker_1,2099,1788087003.652854,50,4.786042,1.106560
worker_1,2100,1788087003.657657,50,4.769105,1.098240
worker_1,2101,1788087003.662442,50,4.986135,1.097248
worker_1,2102,1788087003.667477,50,4.535159,1.098560
worker_1,2103,1788087003.672038,50,4.750910,1.097792
worker_1,2104,1788087003.676806,50,4.772355,1.097632
worker_1,2105,1788087003.681594,50,4.976598,1.097536
worker_1,2106,1788087003.686620,50,4.536038,1.100320
worker_1,2107,1788087003.691180,50,4.765401,1.097632
worker_1,2108,1788087003.695964,50,4.767958,1.098784
worker_1,2109,1788087003.700750,50,4.763614,1.097792
worker_1,2110,1788087003.705528,50,4.776345,1.100288
worker_1,2111,1788087003.710321,50,4.989153,1.097152
worker_1,2112,1788087003.715359,50,4.521982,1.096960
worker_1,2113,1788087003.719909,50,4.760957,1.103232
worker_1,2114,1788087003.724689,50,4.764189,1.097792
worker_1,2115,1788087003.729471,50,4.978578,1.098112
worker_1,2116,1788087003.734499,50,4.533742,1.098080
worker_1,2117,1788087003.739059,50,4.966783,1.098080
worker_1,2118,1788087003.744085,50,4.531640,1.103904
worker_1,2119,1788087003.748641,50,4.966051,1.098144
worker_1,2120,1788087003.753655,50,4.537168,1.096704
worker_1,2121,1788087003.758219,50,4.962995,1.099232
worker_1,2122,1788087003.763232,50,4.540353,1.098368
worker_1,2123,1788087003.767798,50,4.762096,1.105568
worker_1,2124,1788087003.772579,50,4.781809,1.098624
worker_1,2125,1788087003.777378,50,4.770661,1.097376
worker_1,2126,1788087003.782165,50,4.768734,1.098624
worker_1,2127,1788087003.786948,50,4.780708,1.099168
worker_1,2128,1788087003.791745,50,4.774503,1.100384
worker_1,2129,1788087003.796536,50,4.785828,1.098208
worker_1,2130,1788087003.801338,50,4.772661,1.098176
worker_1,2131,1788087003.806125,50,4.768762,1.097760
worker_1,2132,1788087003.810909,50,4.774540,1.098272
worker_1,2133,1788087003.815699,50,4.763874,1.096960
worker_1,2134,1788087003.820479,50,4.767123,1.099552
worker_1,2135,1788087003.825261,50,4.768040,1.098496
worker_1,2136,1788087003.830119,50,4.712540,1.100928
worker_1,2137,1788087003.834857,50,4.759456,1.097792
worker_1,2138,1788087003.839634,50,4.774281,1.099584
worker_1,2139,1788087003.844424,50,4.774754,1.101024
worker_1,2140,1788087003.849214,50,4.770124,1.099840
worker_1,2141,1788087003.853999,50,4.774161,1.097760
worker_1,2142,1788087003.858788,50,4.774514,1.099360
worker_1,2143,1788087003.863580,50,4.920393,1.097856
worker_1,2144,1788087003.868516,50,4.724790,1.099840
worker_1,2145,1788087003.873258,50,4.825847,1.096736
worker_1,2146,1788087003.878100,50,4.645484,1.099840
worker_1,2147,1788087003.882764,50,4.757410,1.096256
worker_1,2148,1788087003.887535,50,4.983812,1.097952
worker_1,2149,1788087003.892569,50,4.733771,1.098464
worker_1,2150,1788087003.897349,50,4.755225,1.097664
worker_1,2151,1788087003.902152,50,4.724836,1.097920
worker_1,2152,1788087003.906923,50,4.738179,1.098176
worker_1,2153,1788087003.911708,50,4.547131,1.097504
worker_1,2154,1788087003.916280,50,4.969857,1.099200
worker_1,2155,1788087003.921299,50,4.531927,1.097728
worker_1,2156,1788087003.925858,50,4.958356,1.097536
worker_1,2157,1788087003.930877,50,4.524196,1.098400
worker_1,2158,1788087003.935427,50,4.766364,1.099104
worker_1,2159,1788087003.940220,50,4.752493,1.096928
worker_1,2160,1788087003.944988,50,4.775845,1.100192
worker_1,2161,1788087003.949780,50,4.773939,1.100096
worker_1,2162,1788087003.954571,50,4.979477,1.097952
worker_1,2163,1788087003.959600,50,4.534020,1.097664
worker_1,2164,1788087003.964159,50,4.755577,1.096640
worker_1,2165,1788087003.968933,50,4.772448,1.099232
worker_1,2166,1788087003.973722,50,4.944347,1.097440
worker_1,2167,1788087003.978699,50,4.580631,1.097824
worker_1,2168,1788087003.983306,50,4.982217,1.097440
worker_1,2169,1788087003.988336,50,4.529149,1.099072
worker_1,2170,1788087003.992890,50,4.978108,1.104672
worker_1,2171,1788087003.997917,50,4.543556,1.099712
worker_1,2172,1788087004.002486,50,4.959329,1.098656
worker_1,2173,1788087004.007492,50,4.538140,1.098624
worker_1,2174,1788087004.012055,50,4.762883,1.099424
worker_1,2175,1788087004.016835,50,4.797652,1.112000
worker_1,2176,1788087004.021658,50,4.996385,1.098592
worker_1,2177,1788087004.026703,50,4.508954,1.098592
worker_1,2178,1788087004.031238,50,4.754002,1.098624
worker_1,2179,1788087004.036010,50,4.771754,1.098112
worker_1,2180,1788087004.040799,50,4.770253,1.097984
worker_1,2181,1788087004.045586,50,4.767521,1.098496
worker_1,2182,1788087004.050370,50,4.981515,1.097728
worker_1,2183,1788087004.055402,50,4.532547,1.098464
worker_1,2184,1788087004.059959,50,4.761995,1.099712
worker_1,2185,1788087004.064738,50,4.762244,1.098400
worker_1,2186,1788087004.069518,50,4.980607,1.098368
worker_1,2187,1788087004.074548,50,4.531344,1.098784
worker_1,2188,1788087004.079105,50,4.960365,1.098336
worker_1,2189,1788087004.084113,50,4.540464,1.099168
worker_1,2190,1788087004.088679,50,4.964181,1.098368
worker_1,2191,1788087004.093690,50,4.537408,1.096864
worker_1,2192,1788087004.098252,50,4.957282,1.098624
worker_1,2193,1788087004.103256,50,4.553760,1.097568
worker_1,2194,1788087004.107835,50,4.766966,1.107264
worker_1,2195,1788087004.112621,50,4.761095,1.097824
worker_1,2196,1788087004.117402,50,4.981514,1.098528
worker_1,2197,1788087004.122432,50,4.531825,1.097824
worker_1,2198,1788087004.126989,50,4.973283,1.097536
worker_1,2199,1788087004.132012,50,4.545965,1.103712
worker_1,2200,1788087004.136586,50,4.967856,1.098880
worker_1,2201,1788087004.141603,50,4.539964,1.098144
worker_1,2202,1788087004.146168,50,4.961847,1.098048
worker_1,2203,1788087004.151180,50,4.537195,1.099072
worker_1,2204,1788087004.155743,50,4.756568,1.097920
worker_1,2205,1788087004.160519,50,4.786772,1.099296
worker_1,2206,1788087004.165321,50,4.978375,1.098208
worker_1,2207,1788087004.170350,50,4.535630,1.098432
worker_1,2208,1788087004.174912,50,4.973940,1.097472
worker_1,2209,1788087004.179934,50,4.533964,1.098880
worker_1,2210,1788087004.184493,50,4.986367,1.107040
worker_1,2211,1788087004.189529,50,4.520631,1.099168
worker_1,2212,1788087004.194078,50,4.980329,1.100864
worker_1,2213,1788087004.199106,50,4.532363,1.098624
worker_1,2214,1788087004.203665,50,4.760966,1.098464
worker_1,2215,1788087004.208456,50,4.760596,1.102464
worker_1,2216,1788087004.213233,50,4.980949,1.099072
worker_1,2217,1788087004.218264,50,4.546307,1.097984
worker_1,2218,1788087004.222836,50,4.963079,1.098464
worker_1,2219,1788087004.227847,50,4.532167,1.099200
worker_1,2220,1788087004.232404,50,4.970098,1.100352
worker_1,2221,1788087004.237422,50,4.537650,1.099456
worker_1,2222,1788087004.241984,50,4.974644,1.097760
worker_1,2223,1788087004.247007,50,4.537548,1.097792
worker_1,2224,1788087004.251570,50,4.758781,1.097792
worker_1,2225,1788087004.256347,50,4.766467,1.100704
worker_1,2226,1788087004.261129,50,4.992968,1.098688
worker_1,2227,1788087004.266173,50,4.517538,1.097760
worker_1,2228,1788087004.270717,50,4.963838,1.097280
worker_1,2229,1788087004.275730,50,4.532141,1.099040
worker_1,2230,1788087004.280289,50,4.959745,1.097184
worker_1,2231,1788087004.285298,50,4.532695,1.097248
worker_1,2232,1788087004.289856,50,4.963357,1.099264
worker_1,2233,1788087004.294868,50,4.534279,1.099072
worker_1,2234,1788087004.299427,50,4.770235,1.098272
worker_1,2235,1788087004.304234,50,4.740179,1.097824
worker_1,2236,1788087004.308990,50,4.780179,1.098976
worker_1,2237,1788087004.313786,50,4.768883,1.097792
worker_1,2238,1788087004.318570,50,4.984209,1.097888
worker_1,2239,1788087004.323606,50,4.531028,1.097440
worker_1,2240,1788087004.328163,50,4.757503,1.098944
worker_1,2241,1788087004.332939,50,4.772421,1.098720
worker_1,2242,1788087004.337729,50,4.988394,1.097472
worker_1,2243,1788087004.342767,50,4.524501,1.098976
worker_1,2244,1788087004.347318,50,4.750513,1.098560
worker_1,2245,1788087004.352089,50,4.772697,1.097824
worker_1,2246,1788087004.356879,50,4.787179,1.105760
worker_1,2247,1788087004.361682,50,4.774355,1.098048
worker_1,2248,1788087004.366473,50,4.972996,1.098368
worker_1,2249,1788087004.371496,50,4.532677,1.097536
worker_1,2250,1788087004.376055,50,4.759503,1.097568
worker_1,2251,1788087004.380833,50,4.792818,1.112384
worker_1,2252,1788087004.385641,50,4.982949,1.097792
worker_1,2253,1788087004.390675,50,4.534492,1.099456
worker_1,2254,1788087004.395247,50,4.747985,1.100416
worker_1,2255,1788087004.400013,50,4.775587,1.099872
worker_1,2256,1788087004.404807,50,4.770846,1.099392
worker_1,2257,1788087004.409594,50,4.765670,1.098144
worker_1,2258,1788087004.414375,50,4.982756,1.097632
worker_1,2259,1788087004.419409,50,4.530899,1.099008
worker_1,2260,1788087004.423965,50,4.761058,1.097792
worker_1,2261,1788087004.428744,50,4.781902,1.105184
worker_1,2262,1788087004.433543,50,4.983579,1.098176
worker_1,2263,1788087004.438575,50,4.532048,1.098656
worker_1,2264,1788087004.443134,50,4.982328,1.097280
worker_1,2265,1788087004.448164,50,4.539436,1.102176
worker_1,2266,1788087004.452728,50,4.961393,1.097824
worker_1,2267,1788087004.457738,50,4.536270,1.099040
worker_1,2268,1788087004.462299,50,4.966551,1.098240
worker_1,2269,1788087004.467313,50,4.547612,1.099136
worker_1,2270,1788087004.471886,50,4.774328,1.104864
worker_1,2271,1788087004.476678,50,4.761521,1.097632
worker_1,2272,1788087004.481456,50,4.978598,1.097536
worker_1,2273,1788087004.486484,50,4.529676,1.098016
worker_1,2274,1788087004.491045,50,4.963922,1.097920
worker_1,2275,1788087004.496055,50,4.535343,1.097952
worker_1,2276,1788087004.500615,50,4.966402,1.099168
worker_1,2277,1788087004.505629,50,4.535816,1.096992
worker_1,2278,1788087004.510190,50,4.957273,1.097440
worker_1,2279,1788087004.515195,50,4.538650,1.097824
worker_1,2280,1788087004.519761,50,4.757262,1.097504
worker_1,2281,1788087004.524537,50,4.778641,1.097792
worker_1,2282,1788087004.529331,50,4.981357,1.098144
worker_1,2283,1788087004.534361,50,4.534982,1.098944
worker_1,2284,1788087004.538924,50,4.961922,1.099232
worker_1,2285,1788087004.543932,50,4.532825,1.097824
worker_1,2286,1788087004.548491,50,4.986728,1.097952
worker_1,2287,1788087004.553609,50,4.442676,1.099328
worker_1,2288,1788087004.558077,50,4.984524,1.097280
worker_1,2289,1788087004.563110,50,4.509436,1.097792
worker_1,2290,1788087004.567646,50,4.768225,1.103648
worker_1,2291,1788087004.572434,50,4.781347,1.098432
worker_1,2292,1788087004.577232,50,4.978691,1.098336
worker_1,2293,1788087004.582273,50,4.528418,1.098528
worker_1,2294,1788087004.586828,50,4.971829,1.097888
worker_1,2295,1788087004.591848,50,4.533390,1.098528
worker_1,2296,1788087004.596406,50,4.972310,1.099808
worker_1,2297,1788087004.601427,50,4.533056,1.098304
worker_1,2298,1788087004.605984,50,4.979116,1.098560
worker_1,2299,1788087004.611012,50,4.532528,1.098336
worker_1,2300,1788087004.615570,50,4.908847,1.097760
worker_1,2301,1788087004.620497,50,4.761207,1.097792
worker_1,2302,1788087004.625275,50,4.843411,1.098720
worker_1,2303,1788087004.630167,50,4.553132,1.097760
worker_1,2304,1788087004.634747,50,4.960995,1.097472
worker_1,2305,1788087004.639756,50,4.535900,1.097856
worker_1,2306,1788087004.644316,50,4.756873,1.099008
worker_1,2307,1788087004.649091,50,4.764697,1.098368
worker_1,2308,1788087004.653873,50,4.768346,1.098848
worker_1,2309,1788087004.658659,50,4.770188,1.097824
worker_1,2310,1788087004.663446,50,4.783457,1.098176
worker_1,2311,1788087004.668247,50,4.758976,1.098464
worker_1,2312,1788087004.673022,50,4.771215,1.101056
worker_1,2313,1788087004.677817,50,4.761577,1.099776
worker_1,2314,1788087004.682593,50,4.772669,1.098592
worker_1,2315,1788087004.687381,50,4.767624,1.099072
worker_1,2316,1788087004.692165,50,4.773577,1.097152
worker_1,2317,1788087004.696954,50,4.794244,1.098848
worker_1,2318,1788087004.701763,50,4.770948,1.098336
worker_1,2319,1788087004.706550,50,4.898967,1.098400
worker_1,2320,1788087004.711457,50,4.657595,1.097504
worker_1,2321,1788087004.716132,50,4.774336,1.099200
worker_1,2322,1788087004.720922,50,4.789114,1.100864
worker_1,2323,1788087004.725726,50,4.766893,1.098080
worker_1,2324,1788087004.730509,50,4.768438,1.098432
worker_1,2325,1788087004.735292,50,4.769290,1.098432
worker_1,2326,1788087004.740077,50,4.774753,1.097824
worker_1,2327,1788087004.744870,50,4.987292,1.097856
worker_1,2328,1788087004.749907,50,4.741086,1.097600
worker_1,2329,1788087004.754695,50,4.542289,1.097824
worker_1,2330,1788087004.759266,50,4.753308,1.098336
worker_1,2331,1788087004.764038,50,4.974894,1.100416
worker_1,2332,1788087004.769071,50,4.528094,1.097568
worker_1,2333,1788087004.773624,50,4.754263,1.098304
worker_1,2334,1788087004.778397,50,4.974319,1.097760
worker_1,2335,1788087004.783421,50,4.533797,1.099296
worker_1,2336,1788087004.787981,50,4.755262,1.097760
worker_1,2337,1788087004.792754,50,4.764678,1.098432
worker_1,2338,1788087004.797535,50,4.983736,1.099424
worker_1,2339,1788087004.802569,50,4.528334,1.098976
worker_1,2340,1788087004.807124,50,4.756373,1.098240
worker_1,2341,1788087004.811898,50,4.765105,1.099552
worker_1,2342,1788087004.816681,50,4.781022,1.101312
worker_1,2343,1788087004.821477,50,4.979542,1.098880
worker_1,2344,1788087004.826507,50,4.546372,1.097792
worker_1,2345,1788087004.831078,50,4.960790,1.098624
worker_1,2346,1788087004.836086,50,4.541353,1.097504
worker_1,2347,1788087004.840654,50,4.961922,1.097632
worker_1,2348,1788087004.845664,50,4.536483,1.098944
worker_1,2349,1788087004.850225,50,4.978635,1.096992
worker_1,2350,1788087004.855252,50,4.532093,1.098752
worker_1,2351,1788087004.859811,50,4.757540,1.098688
worker_1,2352,1788087004.864600,50,4.758179,1.103520
worker_1,2353,1788087004.869375,50,4.981033,1.099296
worker_1,2354,1788087004.874404,50,4.544843,1.098464
worker_1,2355,1788087004.878974,50,4.956848,1.098400
worker_1,2356,1788087004.883978,50,4.538604,1.098784
worker_1,2357,1788087004.888542,50,4.974819,1.101184
worker_1,2358,1788087004.893564,50,4.540270,1.097824
worker_1,2359,1788087004.898130,50,4.966070,1.098304
worker_1,2360,1788087004.903142,50,4.540288,1.097888
worker_1,2361,1788087004.907707,50,4.764077,1.098240
worker_1,2362,1788087004.912490,50,4.782207,1.102080
worker_1,2363,1788087004.917290,50,4.975552,1.098880
worker_1,2364,1788087004.922314,50,4.534677,1.097952
worker_1,2365,1788087004.926874,50,4.968922,1.097888
worker_1,2366,1788087004.931892,50,4.546732,1.102592
worker_1,2367,1788087004.936464,50,4.975311,1.098080
worker_1,2368,1788087004.941488,50,4.528936,1.096640
worker_1,2369,1788087004.946042,50,4.959634,1.098304
worker_1,2370,1788087004.951050,50,4.536482,1.098080
worker_1,2371,1788087004.955623,50,4.746502,1.098496
worker_1,2372,1788087004.960390,50,4.770411,1.099040
worker_1,2373,1788087004.965176,50,4.991598,1.098848
worker_1,2374,1788087004.970216,50,4.535399,1.099616
worker_1,2375,1788087004.974776,50,4.963744,1.098208
worker_1,2376,1788087004.979787,50,4.543168,1.099136
worker_1,2377,1788087004.984356,50,4.979830,1.099424
worker_1,2378,1788087004.989384,50,4.537362,1.097440
worker_1,2379,1788087004.993949,50,4.754216,1.099328
worker_1,2380,1788087004.998722,50,4.999495,1.097248
worker_1,2381,1788087005.003770,50,4.519926,1.099744
worker_1,2382,1788087005.008315,50,4.963755,1.097216
worker_1,2383,1788087005.013327,50,4.544548,1.099328
worker_1,2384,1788087005.017897,50,4.960839,1.098848
worker_1,2385,1788087005.022906,50,4.537066,1.099232
worker_1,2386,1788087005.027469,50,4.764142,1.099072
worker_1,2387,1788087005.032251,50,4.761753,1.098208
worker_1,2388,1788087005.037031,50,4.976310,1.097440
worker_1,2389,1788087005.042055,50,4.532604,1.096576
worker_1,2390,1788087005.046613,50,4.965607,1.098560
worker_1,2391,1788087005.051638,50,4.522696,1.098240
worker_1,2392,1788087005.056186,50,4.757614,1.099200
worker_1,2393,1788087005.060962,50,4.785577,1.101792
worker_1,2394,1788087005.065764,50,4.976171,1.099072
worker_1,2395,1788087005.070790,50,4.534112,1.097792
worker_1,2396,1788087005.075351,50,4.764438,1.098816
worker_1,2397,1788087005.080134,50,4.770143,1.101408
worker_1,2398,1788087005.084921,50,4.767957,1.098720
worker_1,2399,1788087005.089705,50,4.773550,1.099296
worker_1,2400,1788087005.094495,50,4.985588,1.096864
worker_1,2401,1788087005.099531,50,4.541909,1.097120
worker_1,2402,1788087005.104098,50,4.761976,1.102880
worker_1,2403,1788087005.108879,50,4.764668,1.097408
worker_1,2404,1788087005.113660,50,4.996061,1.097600
worker_1,2405,1788087005.118705,50,4.524464,1.098240
worker_1,2406,1788087005.123254,50,4.788772,1.097248
worker_1,2407,1788087005.128062,50,4.767013,1.099904
worker_1,2408,1788087005.132844,50,4.768660,1.098816
worker_1,2409,1788087005.137628,50,4.771068,1.096032
worker_1,2410,1788087005.142426,50,4.971033,1.095776
worker_1,2411,1788087005.147446,50,4.538243,1.099392
worker_1,2412,1788087005.152010,50,4.763253,1.100832
worker_1,2413,1788087005.156793,50,4.761938,1.099008
worker_1,2414,1788087005.161570,50,4.981746,1.102272
worker_1,2415,1788087005.166603,50,4.529093,1.098112
worker_1,2416,1788087005.171158,50,4.753743,1.098560
worker_1,2417,1788087005.175932,50,4.766504,1.098048
worker_1,2418,1788087005.180714,50,4.767625,1.100736
worker_1,2419,1788087005.185498,50,4.764420,1.098272
worker_1,2420,1788087005.190280,50,4.990320,1.096864
worker_1,2421,1788087005.195318,50,4.525215,1.096224
worker_1,2422,1788087005.199870,50,4.757235,1.098752
worker_1,2423,1788087005.204645,50,4.769364,1.100960
worker_1,2424,1788087005.209432,50,4.983292,1.099968
worker_1,2425,1788087005.214466,50,4.537778,1.097856
worker_1,2426,1788087005.219028,50,4.977069,1.098464
worker_1,2427,1788087005.224052,50,4.528696,1.099296
worker_1,2428,1788087005.228606,50,4.979829,1.101472
worker_1,2429,1788087005.233634,50,4.528807,1.099552
worker_1,2430,1788087005.238198,50,4.979171,1.097504
worker_1,2431,1788087005.243226,50,4.533584,1.098240
worker_1,2432,1788087005.247783,50,4.757984,1.098400
worker_1,2433,1788087005.252559,50,4.765576,1.099680
worker_1,2434,1788087005.257342,50,4.983847,1.098848
worker_1,2435,1788087005.262376,50,4.537808,1.097664
worker_1,2436,1788087005.266939,50,4.967348,1.099040
worker_1,2437,1788087005.271955,50,4.539556,1.099488
worker_1,2438,1788087005.276598,50,4.882541,1.099648
worker_1,2439,1788087005.281528,50,4.538807,1.098304
worker_1,2440,1788087005.286092,50,4.962449,1.097312
worker_1,2441,1788087005.291101,50,4.539085,1.098976
worker_1,2442,1788087005.295667,50,4.771929,1.111264
worker_1,2443,1788087005.300457,50,4.775596,1.099232
worker_1,2444,1788087005.305248,50,4.975606,1.097600
worker_1,2445,1788087005.310274,50,4.549611,1.097728
worker_1,2446,1788087005.314849,50,4.970829,1.098368
worker_1,2447,1788087005.319868,50,4.521732,1.097728
worker_1,2448,1788087005.324415,50,4.967717,1.100416
worker_1,2449,1788087005.329444,50,4.526937,1.099136
worker_1,2450,1788087005.333997,50,4.977616,1.097888
worker_1,2451,1788087005.339022,50,4.521131,1.097792
worker_1,2452,1788087005.343567,50,4.762530,1.098784
worker_1,2453,1788087005.348348,50,4.767624,1.101344
worker_1,2454,1788087005.353132,50,4.976736,1.098528
worker_1,2455,1788087005.358156,50,4.528547,1.097568
worker_1,2456,1788087005.362710,50,4.967282,1.097664
worker_1,2457,1788087005.367727,50,4.531167,1.097664
worker_1,2458,1788087005.372284,50,4.966033,1.100704
worker_1,2459,1788087005.377300,50,4.529316,1.097792
worker_1,2460,1788087005.381855,50,4.980292,1.098176
worker_1,2461,1788087005.386882,50,4.527696,1.097376
worker_1,2462,1788087005.391435,50,4.764642,1.097664
worker_1,2463,1788087005.396225,50,4.760938,1.100416
worker_1,2464,1788087005.401003,50,4.772919,1.098848
worker_1,2465,1788087005.405791,50,4.775614,1.097696
worker_1,2466,1788087005.410582,50,4.976662,1.096352
worker_1,2467,1788087005.415608,50,4.557834,1.097792
worker_1,2468,1788087005.420191,50,4.757142,1.099648
worker_1,2469,1788087005.424977,50,4.754493,1.098976
worker_1,2470,1788087005.429751,50,4.983329,1.098432
worker_1,2471,1788087005.434783,50,4.520862,1.098784
worker_1,2472,1788087005.439328,50,4.770743,1.097792
worker_1,2473,1788087005.444117,50,4.772476,1.101472
worker_1,2474,1788087005.448906,50,4.763040,1.098016
worker_1,2475,1788087005.453685,50,4.770790,1.097344
worker_1,2476,1788087005.458472,50,4.986357,1.097760
worker_1,2477,1788087005.463508,50,4.558316,1.098272
worker_1,2478,1788087005.468095,50,4.750642,1.099040
worker_1,2479,1788087005.472865,50,4.794336,1.102944
worker_1,2480,1788087005.477675,50,4.987014,1.098304
worker_1,2481,1788087005.482710,50,4.534086,1.097408
worker_1,2482,1788087005.487270,50,4.759614,1.098816
worker_1,2483,1788087005.492048,50,4.765818,1.101376
worker_1,2484,1788087005.496830,50,4.768745,1.097568
worker_1,2485,1788087005.501615,50,4.768151,1.097824
worker_1,2486,1788087005.506398,50,5.087654,1.097792
worker_1,2487,1788087005.511535,50,4.439038,1.099424
worker_1,2488,1788087005.516018,50,4.736253,1.097792
worker_1,2489,1788087005.520773,50,4.774124,1.098368
worker_1,2490,1788087005.525566,50,4.977829,1.097728
worker_1,2491,1788087005.530591,50,4.539548,1.097824
worker_1,2492,1788087005.535156,50,4.760262,1.099776
worker_1,2493,1788087005.539937,50,4.769096,1.103680
worker_1,2494,1788087005.544722,50,4.770503,1.099168
worker_1,2495,1788087005.549510,50,4.765031,1.098272
worker_1,2496,1788087005.554291,50,4.979829,1.096832
worker_1,2497,1788087005.559320,50,4.548909,1.097728
worker_1,2498,1788087005.563894,50,4.750475,1.096320
worker_1,2499,1788087005.568663,50,4.772363,1.099840
worker_1,2500,1788087005.573452,50,4.988329,1.098272
worker_1,2501,1788087005.578493,50,4.522075,1.097792
worker_1,2502,1788087005.583040,50,4.990339,1.097824
worker_1,2503,1788087005.588081,50,4.508695,1.098368
worker_1,2504,1788087005.592616,50,4.964635,1.099648
worker_1,2505,1788087005.597629,50,4.533965,1.098176
worker_1,2506,1788087005.602189,50,4.982496,1.098464
worker_1,2507,1788087005.607219,50,4.534668,1.097792
worker_1,2508,1788087005.611791,50,4.751392,1.099040
worker_1,2509,1788087005.616561,50,4.767984,1.101984
worker_1,2510,1788087005.621345,50,4.981607,1.098944
worker_1,2511,1788087005.626375,50,4.561640,1.098016
worker_1,2512,1788087005.630963,50,4.967903,1.099936
worker_1,2513,1788087005.635978,50,4.539863,1.098336
worker_1,2514,1788087005.640546,50,4.964200,1.100736
worker_1,2515,1788087005.645559,50,4.537066,1.096800
worker_1,2516,1788087005.650121,50,4.972911,1.097120
worker_1,2517,1788087005.655142,50,4.528390,1.097536
worker_1,2518,1788087005.659695,50,4.763597,1.100384
worker_1,2519,1788087005.664477,50,4.762077,1.096608
worker_1,2520,1788087005.669255,50,4.981866,1.099136
worker_1,2521,1788087005.674289,50,4.528066,1.098880
worker_1,2522,1788087005.678844,50,4.761855,1.098912
worker_1,2523,1788087005.683623,50,4.983422,1.098144
worker_1,2524,1788087005.688657,50,4.537538,1.099008
worker_1,2525,1788087005.693221,50,4.967727,1.097504
worker_1,2526,1788087005.698237,50,4.533316,1.098624
worker_1,2527,1788087005.702807,50,4.749883,1.099488
worker_1,2528,1788087005.707575,50,4.987384,1.098752
worker_1,2529,1788087005.712610,50,4.538075,1.099360
worker_1,2530,1788087005.717175,50,4.966255,1.098848
worker_1,2531,1788087005.722191,50,4.548279,1.097504
worker_1,2532,1788087005.726766,50,4.962958,1.097280
worker_1,2533,1788087005.731777,50,4.535669,1.097824
worker_1,2534,1788087005.736338,50,4.968746,1.101600
worker_1,2535,1788087005.741355,50,4.532622,1.097792
worker_1,2536,1788087005.745914,50,4.975208,1.098112
worker_1,2537,1788087005.750938,50,4.521399,1.097024
worker_1,2538,1788087005.755483,50,4.769171,1.097792
worker_1,2539,1788087005.760271,50,4.767660,1.101376
worker_1,2540,1788087005.765058,50,4.974829,1.098880
worker_1,2541,1788087005.770081,50,4.529316,1.097824
worker_1,2542,1788087005.774635,50,4.971107,1.097472
worker_1,2543,1788087005.779655,50,4.540446,1.097792
worker_1,2544,1788087005.784230,50,4.743243,1.098336
worker_1,2545,1788087005.788991,50,4.766125,1.098112
worker_1,2546,1788087005.793777,50,4.976700,1.096736
worker_1,2547,1788087005.798813,50,4.525316,1.098336
worker_1,2548,1788087005.803365,50,4.775596,1.096928
worker_1,2549,1788087005.808160,50,4.767688,1.099488
worker_1,2550,1788087005.812944,50,4.770012,1.099424
worker_1,2551,1788087005.817731,50,4.772790,1.098976
worker_1,2552,1788087005.822519,50,4.978255,1.097920
worker_1,2553,1788087005.827547,50,4.545446,1.098624
worker_1,2554,1788087005.832117,50,4.767957,1.105248
worker_1,2555,1788087005.836903,50,4.766077,1.098272
worker_1,2556,1788087005.841686,50,4.979523,1.099200
worker_1,2557,1788087005.846714,50,4.536002,1.097856
worker_1,2558,1788087005.851275,50,4.769642,1.097792
worker_1,2559,1788087005.856063,50,4.769930,1.099296
worker_1,2560,1788087005.860850,50,4.770605,1.096800
worker_1,2561,1788087005.865638,50,4.768346,1.098624
worker_1,2562,1788087005.870424,50,4.979181,1.099808
worker_1,2563,1788087005.875451,50,4.539112,1.098528
worker_1,2564,1788087005.880016,50,4.758633,1.100896
worker_1,2565,1788087005.884793,50,4.769902,1.099840
worker_1,2566,1788087005.889594,50,4.972302,1.099936
worker_1,2567,1788087005.894614,50,4.531668,1.098272
worker_1,2568,1788087005.899171,50,4.768021,1.099008
worker_1,2569,1788087005.903957,50,4.768725,1.098464
worker_1,2570,1788087005.908742,50,4.774809,1.098144
worker_1,2571,1788087005.913532,50,4.774162,1.098368
worker_1,2572,1788087005.918321,50,4.766049,1.099008
worker_1,2573,1788087005.923105,50,4.764725,1.097440
worker_1,2574,1788087005.927887,50,4.775866,1.097376
worker_1,2575,1788087005.932677,50,4.770475,1.098816
worker_1,2576,1788087005.937464,50,4.772105,1.099456
worker_1,2577,1788087005.942252,50,4.779893,1.099040
worker_1,2578,1788087005.947049,50,4.976829,1.097920
worker_1,2579,1788087005.952076,50,4.543400,1.100736
worker_1,2580,1788087005.956645,50,4.970265,1.100128
worker_1,2581,1788087005.961664,50,4.538631,1.097792
worker_1,2582,1788087005.966229,50,4.963394,1.099200
worker_1,2583,1788087005.971240,50,4.549353,1.099840
worker_1,2584,1788087005.975815,50,4.758077,1.098720
worker_1,2585,1788087005.980591,50,4.764874,1.098016
worker_1,2586,1788087005.985388,50,4.971746,1.098944
worker_1,2587,1788087005.990409,50,4.559576,1.099392
worker_1,2588,1788087005.994993,50,4.966596,1.097984
worker_1,2589,1788087006.000081,50,4.464732,1.101728
worker_1,2590,1788087006.004574,50,4.966912,1.097248
worker_1,2591,1788087006.009588,50,4.542843,1.099328
worker_1,2592,1788087006.014156,50,4.965829,1.098496
worker_1,2593,1788087006.019171,50,4.535890,1.099744
worker_1,2594,1788087006.023731,50,4.757845,1.098496
worker_1,2595,1788087006.028509,50,4.774456,1.097760
worker_1,2596,1788087006.033301,50,4.971014,1.099264
worker_1,2597,1788087006.038321,50,4.533547,1.097600
worker_1,2598,1788087006.042879,50,4.929402,1.096896
worker_1,2599,1788087006.047846,50,4.565408,1.098912
worker_1,2600,1788087006.052433,50,4.968716,1.097728
worker_1,2601,1788087006.057441,50,4.537483,1.098688
worker_1,2602,1788087006.061999,50,4.951190,1.098592
worker_1,2603,1788087006.066990,50,4.570187,1.103072
worker_1,2604,1788087006.071581,50,4.769502,1.096960
worker_1,2605,1788087006.076382,50,4.753365,1.098496
worker_1,2606,1788087006.081153,50,4.973431,1.098176
worker_1,2607,1788087006.086176,50,4.541112,1.100160
worker_1,2608,1788087006.090744,50,4.755846,1.098112
worker_1,2609,1788087006.095519,50,4.758827,1.098464
worker_1,2610,1788087006.100294,50,4.782780,1.098400
worker_1,2611,1788087006.105091,50,4.765003,1.098880
worker_1,2612,1788087006.109879,50,4.758633,1.098208
worker_1,2613,1788087006.114657,50,4.763799,1.098624
worker_1,2614,1788087006.119437,50,4.769873,1.098784
worker_1,2615,1788087006.124231,50,4.764281,1.101696
worker_1,2616,1788087006.129012,50,4.769957,1.099072
worker_1,2617,1788087006.133797,50,4.769956,1.098752
worker_1,2618,1788087006.138581,50,4.774236,1.098848
worker_1,2619,1788087006.143372,50,4.771262,1.098688
worker_1,2620,1788087006.148160,50,4.775308,1.098432
worker_1,2621,1788087006.152952,50,4.770327,1.098080
worker_1,2622,1788087006.157739,50,4.771790,1.099104
worker_1,2623,1788087006.162525,50,4.768586,1.099840
worker_1,2624,1788087006.167310,50,4.784549,1.098816
worker_1,2625,1788087006.172122,50,4.962422,1.098080
worker_1,2626,1788087006.177133,50,4.530223,1.098560
worker_1,2627,1788087006.181689,50,4.962819,1.097696
worker_1,2628,1788087006.186699,50,4.536195,1.098528
worker_1,2629,1788087006.191264,50,4.971912,1.098848
worker_1,2630,1788087006.196285,50,4.519326,1.098848
worker_1,2631,1788087006.200831,50,4.964264,1.100128
worker_1,2632,1788087006.205842,50,4.528075,1.098208
worker_1,2633,1788087006.210395,50,4.760596,1.098752
worker_1,2634,1788087006.215174,50,4.974699,1.097120
worker_1,2635,1788087006.220196,50,4.532881,1.100704
worker_1,2636,1788087006.224754,50,4.972986,1.098176
worker_1,2637,1788087006.229774,50,4.532825,1.098240
worker_1,2638,1788087006.234332,50,4.972181,1.098464
worker_1,2639,1788087006.239351,50,4.524669,1.098528
worker_1,2640,1788087006.243901,50,4.755318,1.100192
worker_1,2641,1788087006.248676,50,4.763855,1.101088
worker_1,2642,1788087006.253456,50,4.990052,1.098496
worker_1,2643,1788087006.258496,50,4.523575,1.099136
worker_1,2644,1788087006.263055,50,4.959134,1.097216
worker_1,2645,1788087006.268064,50,4.548252,1.106880
worker_1,2646,1788087006.272637,50,4.960635,1.097184
worker_1,2647,1788087006.277646,50,4.536177,1.097792
worker_1,2648,1788087006.282206,50,4.966190,1.098048
worker_1,2649,1788087006.287222,50,4.532029,1.098176
worker_1,2650,1788087006.291779,50,4.754726,1.098112
worker_1,2651,1788087006.296552,50,4.768689,1.099808
worker_1,2652,1788087006.301338,50,4.988978,1.099360
worker_1,2653,1788087006.306377,50,4.536020,1.097696
worker_1,2654,1788087006.310939,50,4.985895,1.098688
worker_1,2655,1788087006.315972,50,4.514843,1.099648
worker_1,2656,1788087006.320513,50,5.007560,1.098688
worker_1,2657,1788087006.325568,50,4.487659,1.098368
worker_1,2658,1788087006.330082,50,4.982561,1.100448
worker_1,2659,1788087006.335112,50,4.531288,1.099712
worker_1,2660,1788087006.339668,50,4.755447,1.098304
worker_1,2661,1788087006.344440,50,4.769883,1.099456
worker_1,2662,1788087006.349226,50,4.996348,1.098752
worker_1,2663,1788087006.354270,50,4.525316,1.097824
worker_1,2664,1788087006.358833,50,4.955903,1.098816
worker_1,2665,1788087006.363838,50,4.536354,1.097184
worker_1,2666,1788087006.368399,50,4.968976,1.098848
worker_1,2667,1788087006.373416,50,4.534297,1.099328
worker_1,2668,1788087006.377975,50,4.983468,1.098112
worker_1,2669,1788087006.383007,50,4.531186,1.098368
worker_1,2670,1788087006.387562,50,4.757845,1.098176
worker_1,2671,1788087006.392338,50,4.765196,1.097472
worker_1,2672,1788087006.397120,50,4.970394,1.098368
worker_1,2673,1788087006.402139,50,4.532973,1.097760
worker_1,2674,1788087006.406697,50,4.961033,1.096384
worker_1,2675,1788087006.411705,50,4.537307,1.097792
worker_1,2676,1788087006.416268,50,4.997246,1.099296
worker_1,2677,1788087006.421313,50,4.503029,1.098560
worker_1,2678,1788087006.425842,50,4.964569,1.098336
worker_1,2679,1788087006.430854,50,4.531279,1.097664
worker_1,2680,1788087006.435411,50,4.757337,1.098592
worker_1,2681,1788087006.440188,50,4.775235,1.095616
worker_1,2682,1788087006.444979,50,4.787345,1.105568
worker_1,2683,1788087006.449794,50,4.755549,1.097184
worker_1,2684,1788087006.454566,50,4.982237,1.098784
worker_1,2685,1788087006.459597,50,4.533214,1.097760
worker_1,2686,1788087006.464154,50,4.758771,1.099584
worker_1,2687,1788087006.468930,50,4.784347,1.100608
worker_1,2688,1788087006.473731,50,4.973589,1.097536
worker_1,2689,1788087006.478754,50,4.536835,1.098432
worker_1,2690,1788087006.483316,50,4.755105,1.098272
worker_1,2691,1788087006.488090,50,4.771198,1.099200
worker_1,2692,1788087006.492878,50,4.785262,1.103712
worker_1,2693,1788087006.497680,50,4.779550,1.099328
worker_1,2694,1788087006.502475,50,4.986412,1.100544
worker_1,2695,1788087006.507513,50,4.535575,1.099104
worker_1,2696,1788087006.512074,50,4.760522,1.099488
worker_1,2697,1788087006.516855,50,4.786615,1.106912
worker_1,2698,1788087006.521657,50,4.975847,1.098208
worker_1,2699,1788087006.526683,50,4.531603,1.098528
worker_1,2700,1788087006.531240,50,4.756855,1.098304
worker_1,2701,1788087006.536015,50,4.767716,1.099872
worker_1,2702,1788087006.540799,50,4.766744,1.098752
worker_1,2703,1788087006.545594,50,4.754957,1.097184
worker_1,2704,1788087006.550365,50,4.984227,1.097984
worker_1,2705,1788087006.555400,50,4.525159,1.098272
worker_1,2706,1788087006.559952,50,4.755531,1.097600
worker_1,2707,1788087006.564726,50,4.790207,1.111168
worker_1,2708,1788087006.569533,50,4.980338,1.097920
worker_1,2709,1788087006.574564,50,4.528408,1.098624
worker_1,2710,1788087006.579117,50,4.972144,1.098400
worker_1,2711,1788087006.584138,50,4.535317,1.098560
worker_1,2712,1788087006.588698,50,4.979635,1.099584
worker_1,2713,1788087006.593726,50,4.532122,1.098560
worker_1,2714,1788087006.598282,50,4.970050,1.097120
worker_1,2715,1788087006.603301,50,4.537418,1.097792
worker_1,2716,1788087006.607865,50,4.758457,1.098976
worker_1,2717,1788087006.612643,50,4.772799,1.100256
worker_1,2718,1788087006.617431,50,4.978672,1.097312
worker_1,2719,1788087006.622459,50,4.543928,1.099520
worker_1,2720,1788087006.627029,50,4.960023,1.097824
worker_1,2721,1788087006.632036,50,4.541446,1.098112
worker_1,2722,1788087006.636617,50,4.958198,1.100256
worker_1,2723,1788087006.641625,50,4.534918,1.100224
worker_1,2724,1788087006.646185,50,4.975459,1.097920
worker_1,2725,1788087006.651208,50,4.538529,1.098816
worker_1,2726,1788087006.655771,50,4.759151,1.099840
worker_1,2727,1788087006.660547,50,4.775892,1.098464
worker_1,2728,1788087006.665340,50,4.772327,1.098656
worker_1,2729,1788087006.670129,50,4.767633,1.097888
worker_1,2730,1788087006.674914,50,4.765142,1.097408
worker_1,2731,1788087006.679694,50,4.770495,1.100000
worker_1,2732,1788087006.684481,50,4.783938,1.098400
worker_1,2733,1788087006.689281,50,4.772799,1.099232
worker_1,2734,1788087006.694068,50,4.770272,1.098464
worker_1,2735,1788087006.698853,50,4.769966,1.098176
worker_1,2736,1788087006.703639,50,4.781568,1.103840
worker_1,2737,1788087006.708440,50,4.785355,1.097600
worker_1,2738,1788087006.713240,50,4.774706,1.099840
worker_1,2739,1788087006.718031,50,4.768958,1.097760
worker_1,2740,1788087006.722885,50,4.698661,1.097408
worker_1,2741,1788087006.727601,50,4.768817,1.098656
worker_1,2742,1788087006.732397,50,4.761680,1.097600
worker_1,2743,1788087006.737175,50,4.765744,1.098240
worker_1,2744,1788087006.741956,50,4.784763,1.096992
worker_1,2745,1788087006.746755,50,4.773421,1.098752
worker_1,2746,1788087006.751544,50,4.771299,1.098592
worker_1,2747,1788087006.756331,50,4.986468,1.101088
worker_1,2748,1788087006.761369,50,4.731029,1.097568
worker_1,2749,1788087006.766147,50,4.740207,1.097024
worker_1,2750,1788087006.770935,50,4.733706,1.098400
worker_1,2751,1788087006.775714,50,4.543288,1.098240
worker_1,2752,1788087006.780283,50,4.964495,1.098784
worker_1,2753,1788087006.785294,50,4.540409,1.097536
worker_1,2754,1788087006.789859,50,4.972004,1.097280
worker_1,2755,1788087006.794879,50,4.522427,1.098208
worker_1,2756,1788087006.799427,50,4.767818,1.098560
worker_1,2757,1788087006.804223,50,4.755661,1.098336
worker_1,2758,1788087006.808996,50,4.763123,1.097568
worker_1,2759,1788087006.813775,50,4.777994,1.097568
worker_1,2760,1788087006.818569,50,4.980358,1.097344
worker_1,2761,1788087006.823609,50,4.533862,1.098688
worker_1,2762,1788087006.828167,50,4.759725,1.100768
worker_1,2763,1788087006.832945,50,4.767975,1.099808
worker_1,2764,1788087006.837732,50,4.978968,1.098720
worker_1,2765,1788087006.842758,50,4.535261,1.098848
worker_1,2766,1788087006.847317,50,4.772466,1.097728
worker_1,2767,1788087006.852109,50,4.763484,1.100832
worker_1,2768,1788087006.856890,50,4.769605,1.097632
worker_1,2769,1788087006.861677,50,4.767447,1.098880
worker_1,2770,1788087006.866462,50,4.975255,1.095904
worker_1,2771,1788087006.871487,50,4.557094,1.098528
worker_1,2772,1788087006.876070,50,4.759226,1.102336
worker_1,2773,1788087006.880847,50,4.767346,1.098432
worker_1,2774,1788087006.885632,50,4.980153,1.098688
worker_1,2775,1788087006.890661,50,4.533946,1.098304
worker_1,2776,1788087006.895218,50,4.758477,1.097472
worker_1,2777,1788087006.899995,50,4.770753,1.098656
worker_1,2778,1788087006.904783,50,4.768837,1.099840
worker_1,2779,1788087006.909568,50,4.767688,1.100416
worker_1,2780,1788087006.914352,50,4.981653,1.098080
worker_1,2781,1788087006.919395,50,4.535076,1.099200
worker_1,2782,1788087006.923957,50,4.755215,1.101248
worker_1,2783,1788087006.928731,50,4.770374,1.100864
worker_1,2784,1788087006.933517,50,4.987023,1.098368
worker_1,2785,1788087006.938555,50,4.527233,1.097408
worker_1,2786,1788087006.943107,50,4.765855,1.098112
worker_1,2787,1788087006.947892,50,4.777827,1.103008
worker_1,2788,1788087006.952688,50,4.765403,1.098912
worker_1,2789,1788087006.957470,50,4.773142,1.098368
worker_1,2790,1788087006.962259,50,4.984255,1.097536
worker_1,2791,1788087006.967294,50,4.539631,1.098560
worker_1,2792,1788087006.971858,50,4.763734,1.100544
worker_1,2793,1788087006.976640,50,4.764837,1.098976
worker_1,2794,1788087006.981421,50,4.983513,1.099136
worker_1,2795,1788087006.986454,50,4.543955,1.099584
worker_1,2796,1788087006.991022,50,4.974088,1.098240
worker_1,2797,1788087006.996043,50,4.534825,1.100768
worker_1,2798,1788087007.000602,50,4.974107,1.097184
worker_1,2799,1788087007.005622,50,4.535845,1.098240
worker_1,2800,1788087007.010195,50,4.952403,1.099264
worker_1,2801,1788087007.015196,50,4.539149,1.097344
worker_1,2802,1788087007.019759,50,4.760420,1.100608
worker_1,2803,1788087007.024538,50,4.771604,1.095680
worker_1,2804,1788087007.029326,50,4.987366,1.098624
worker_1,2805,1788087007.034363,50,4.521585,1.097728
worker_1,2806,1788087007.038911,50,5.008274,1.099456
worker_1,2807,1788087007.043968,50,4.515279,1.099232
worker_1,2808,1788087007.048507,50,4.969876,1.097408
worker_1,2809,1788087007.053524,50,4.529974,1.097536
worker_1,2810,1788087007.058078,50,4.979451,1.097536
worker_1,2811,1788087007.063106,50,4.535612,1.095744
worker_1,2812,1788087007.067667,50,4.769328,1.101536
worker_1,2813,1788087007.072455,50,4.779142,1.098592
worker_1,2814,1788087007.077251,50,4.982134,1.097440
worker_1,2815,1788087007.082282,50,4.529678,1.097792
worker_1,2816,1788087007.086841,50,4.970699,1.098368
worker_1,2817,1788087007.091859,50,4.527501,1.098752
worker_1,2818,1788087007.096413,50,4.971476,1.098240
worker_1,2819,1788087007.101431,50,4.541020,1.098240
worker_1,2820,1788087007.106007,50,4.956200,1.098272
worker_1,2821,1788087007.111010,50,4.539677,1.098528
worker_1,2822,1788087007.115577,50,4.756707,1.099968
worker_1,2823,1788087007.120352,50,4.776523,1.097792
worker_1,2824,1788087007.125146,50,4.985218,1.097792
worker_1,2825,1788087007.130179,50,4.528417,1.097824
worker_1,2826,1788087007.134732,50,4.966654,1.098400
worker_1,2827,1788087007.139744,50,4.532667,1.097696
worker_1,2828,1788087007.144303,50,4.968773,1.098496
worker_1,2829,1788087007.149320,50,4.527150,1.098560
worker_1,2830,1788087007.153873,50,4.982403,1.098976
worker_1,2831,1788087007.158903,50,4.519103,1.096608
worker_1,2832,1788087007.163448,50,4.755289,1.098496
worker_1,2833,1788087007.168227,50,4.761319,1.102304
worker_1,2834,1788087007.173005,50,4.769818,1.097664
worker_1,2835,1788087007.177791,50,4.770829,1.098592
worker_1,2836,1788087007.182577,50,4.994329,1.098624
worker_1,2837,1788087007.187621,50,4.535039,1.097472
worker_1,2838,1788087007.192180,50,4.757605,1.099264
worker_1,2839,1788087007.196969,50,4.750355,1.099680
worker_1,2840,1788087007.201736,50,5.013839,1.100736
worker_1,2841,1788087007.206799,50,4.529288,1.098112
worker_1,2842,1788087007.211353,50,4.759132,1.097728
worker_1,2843,1788087007.216129,50,4.771327,1.099840
worker_1,2844,1788087007.220916,50,4.771744,1.098880
worker_1,2845,1788087007.225703,50,4.769614,1.098080
worker_1,2846,1788087007.230488,50,4.987217,1.097504
worker_1,2847,1788087007.235525,50,4.548603,1.099616
worker_1,2848,1788087007.240100,50,4.754763,1.099104
worker_1,2849,1788087007.244873,50,4.768531,1.099648
worker_1,2850,1788087007.249659,50,4.984885,1.100384
worker_1,2851,1788087007.254692,50,4.529853,1.099104
worker_1,2852,1788087007.259246,50,4.756855,1.098304
worker_1,2853,1788087007.264021,50,4.767790,1.100768
worker_1,2854,1788087007.268807,50,4.778318,1.097632
worker_1,2855,1788087007.273601,50,4.769476,1.100256
worker_1,2856,1788087007.278387,50,4.988005,1.098464
worker_1,2857,1788087007.283425,50,4.521695,1.097792
worker_1,2858,1788087007.287971,50,4.760688,1.098720
worker_1,2859,1788087007.292764,50,4.771549,1.107328
worker_1,2860,1788087007.297553,50,4.981837,1.098272
worker_1,2861,1788087007.302583,50,4.532908,1.098176
worker_1,2862,1788087007.307139,50,4.756985,1.100384
worker_1,2863,1788087007.311914,50,4.770754,1.098720
worker_1,2864,1788087007.316701,50,4.782975,1.100992
worker_1,2865,1788087007.321499,50,4.980561,1.099232
worker_1,2866,1788087007.326529,50,4.546936,1.097824
worker_1,2867,1788087007.331101,50,4.963950,1.098336
worker_1,2868,1788087007.336114,50,4.534372,1.098528
worker_1,2869,1788087007.340673,50,4.966978,1.099264
worker_1,2870,1788087007.345688,50,4.536557,1.099040
worker_1,2871,1788087007.350250,50,4.969551,1.097440
worker_1,2872,1788087007.355268,50,4.536028,1.099040
worker_1,2873,1788087007.359829,50,4.757698,1.098528
worker_1,2874,1788087007.364605,50,4.772042,1.101600
worker_1,2875,1788087007.369393,50,4.976588,1.098496
worker_1,2876,1788087007.374418,50,4.551104,1.096416
worker_1,2877,1788087007.378995,50,4.962042,1.097440
worker_1,2878,1788087007.384018,50,4.527445,1.098336
worker_1,2879,1788087007.388570,50,4.983376,1.098720
worker_1,2880,1788087007.393601,50,4.518816,1.099200
worker_1,2881,1788087007.398144,50,4.963764,1.097600
worker_1,2882,1788087007.403155,50,4.538891,1.100576
worker_1,2883,1788087007.407718,50,4.755308,1.097152
worker_1,2884,1788087007.412492,50,4.773512,1.097792
worker_1,2885,1788087007.417282,50,4.988386,1.097312
worker_1,2886,1788087007.422321,50,4.521399,1.098816
worker_1,2887,1788087007.426867,50,4.813254,1.096192
worker_1,2888,1788087007.431731,50,4.697715,1.108000
worker_1,2889,1788087007.436454,50,4.772697,1.098496
worker_1,2890,1788087007.441244,50,4.988023,1.098720
worker_1,2891,1788087007.446359,50,4.448750,1.099040
worker_1,2892,1788087007.450833,50,4.964403,1.098848
worker_1,2893,1788087007.455848,50,4.528336,1.098016
worker_1,2894,1788087007.460404,50,4.973959,1.097600
worker_1,2895,1788087007.465426,50,4.533251,1.097824
worker_1,2896,1788087007.469985,50,4.755567,1.099104
worker_1,2897,1788087007.474760,50,4.972764,1.097312
worker_1,2898,1788087007.479791,50,4.537066,1.104928
worker_1,2899,1788087007.484354,50,4.976588,1.098432
worker_1,2900,1788087007.489378,50,4.539668,1.098848
worker_1,2901,1788087007.493942,50,4.963097,1.097760
worker_1,2902,1788087007.498952,50,4.540556,1.097568
worker_1,2903,1788087007.503516,50,4.765188,1.100288
worker_1,2904,1788087007.508301,50,4.763679,1.099008
worker_1,2905,1788087007.513081,50,4.982180,1.098784
worker_1,2906,1788087007.518113,50,4.534565,1.099616
worker_1,2907,1788087007.522672,50,4.959227,1.097856
worker_1,2908,1788087007.527680,50,4.543769,1.099168
worker_1,2909,1788087007.532248,50,4.751429,1.097728
worker_1,2910,1788087007.537018,50,4.766957,1.097824
worker_1,2911,1788087007.541801,50,4.984699,1.097856
worker_1,2912,1788087007.546834,50,4.538697,1.099040
worker_1,2913,1788087007.551397,50,4.767771,1.099104
worker_1,2914,1788087007.556184,50,4.768623,1.098944
worker_1,2915,1788087007.560969,50,4.772920,1.098720
worker_1,2916,1788087007.565758,50,4.921217,1.097792
worker_1,2917,1788087007.570701,50,4.831476,1.098848
worker_1,2918,1788087007.575582,50,4.534178,1.099456
worker_1,2919,1788087007.580141,50,4.757151,1.097824
worker_1,2920,1788087007.584915,50,4.771253,1.101344
worker_1,2921,1788087007.589704,50,4.768382,1.098112
worker_1,2922,1788087007.594488,50,4.773234,1.099328
worker_1,2923,1788087007.599277,50,4.772882,1.099360
worker_1,2924,1788087007.604066,50,4.775624,1.098944
worker_1,2925,1788087007.608858,50,4.786447,1.097792
worker_1,2926,1788087007.613660,50,4.772125,1.098304
worker_1,2927,1788087007.618447,50,4.770651,1.097568
worker_1,2928,1788087007.623233,50,4.775114,1.097248
worker_1,2929,1788087007.628023,50,4.773337,1.098048
worker_1,2930,1788087007.632812,50,4.989310,1.098976
worker_1,2931,1788087007.637852,50,4.530140,1.097792
worker_1,2932,1788087007.642409,50,4.958902,1.098080
worker_1,2933,1788087007.647418,50,4.538149,1.099296
worker_1,2934,1788087007.651983,50,4.754216,1.100384
worker_1,2935,1788087007.656755,50,4.764409,1.097600
worker_1,2936,1788087007.661536,50,4.982320,1.098752
worker_1,2937,1788087007.666588,50,4.509187,1.097888
worker_1,2938,1788087007.671123,50,4.757642,1.100128
worker_1,2939,1788087007.675900,50,4.769392,1.103584
worker_1,2940,1788087007.680685,50,4.771059,1.100768
worker_1,2941,1788087007.685473,50,4.768013,1.097760
worker_1,2942,1788087007.690257,50,4.982903,1.098112
worker_1,2943,1788087007.695290,50,4.534788,1.099648
worker_1,2944,1788087007.699851,50,4.759021,1.100160
worker_1,2945,1788087007.704630,50,4.765799,1.097792
worker_1,2946,1788087007.709413,50,4.985931,1.099264
worker_1,2947,1788087007.714446,50,4.534261,1.098336
worker_1,2948,1788087007.719004,50,4.970819,1.099072
worker_1,2949,1788087007.724022,50,4.547224,1.109856
worker_1,2950,1788087007.728594,50,4.985940,1.098752
worker_1,2951,1788087007.733627,50,4.531168,1.098752
worker_1,2952,1788087007.738182,50,4.972959,1.098752
worker_1,2953,1788087007.743206,50,4.532010,1.099136
worker_1,2954,1788087007.747762,50,4.765854,1.099392
worker_1,2955,1788087007.752548,50,4.767956,1.098784
worker_1,2956,1788087007.757344,50,4.969885,1.098304
worker_1,2957,1788087007.762365,50,4.526864,1.099232
worker_1,2958,1788087007.766917,50,4.965968,1.098848
worker_1,2959,1788087007.771930,50,4.533825,1.099232
worker_1,2960,1788087007.776488,50,4.987699,1.099744
worker_1,2961,1788087007.781523,50,4.529602,1.098880
worker_1,2962,1788087007.786078,50,4.973579,1.098464
worker_1,2963,1788087007.791100,50,4.534316,1.099136
worker_1,2964,1788087007.795659,50,4.758253,1.098656
worker_1,2965,1788087007.800435,50,4.769854,1.097728
worker_1,2966,1788087007.805221,50,4.997950,1.100832
worker_1,2967,1788087007.810271,50,4.524862,1.098464
worker_1,2968,1788087007.814821,50,4.972181,1.097376
worker_1,2969,1788087007.819841,50,4.524806,1.098048
worker_1,2970,1788087007.824392,50,4.983450,1.098816
worker_1,2971,1788087007.829422,50,4.532224,1.096640
worker_1,2972,1788087007.833980,50,4.974515,1.098560
worker_1,2973,1788087007.839002,50,4.546011,1.100352
worker_1,2974,1788087007.843574,50,4.761021,1.098400
worker_1,2975,1788087007.848352,50,4.770151,1.098624
worker_1,2976,1788087007.853150,50,4.977254,1.098784
worker_1,2977,1788087007.858176,50,4.530437,1.098496
worker_1,2978,1788087007.862730,50,4.976199,1.098336
worker_1,2979,1788087007.867753,50,4.526891,1.098816
worker_1,2980,1788087007.872305,50,4.969274,1.097120
worker_1,2981,1788087007.877322,50,4.531131,1.098688
worker_1,2982,1788087007.881878,50,4.963811,1.098048
worker_1,2983,1788087007.886891,50,4.538408,1.097472
worker_1,2984,1788087007.891455,50,4.766874,1.097856
worker_1,2985,1788087007.896240,50,4.760975,1.098688
worker_1,2986,1788087007.901018,50,4.776697,1.099008
worker_1,2987,1788087007.905810,50,4.765901,1.097504
worker_1,2988,1788087007.910591,50,4.980125,1.098624
worker_1,2989,1788087007.915620,50,4.546519,1.097248
worker_1,2990,1788087007.920194,50,4.756791,1.098048
worker_1,2991,1788087007.924969,50,4.763262,1.096832
worker_1,2992,1788087007.929748,50,4.981033,1.098976
worker_1,2993,1788087007.934777,50,4.533539,1.097856
worker_1,2994,1788087007.939337,50,4.769494,1.098336
worker_1,2995,1788087007.944136,50,4.759308,1.100384
worker_1,2996,1788087007.948913,50,4.773531,1.098656
worker_1,2997,1788087007.953702,50,4.769531,1.097760
worker_1,2998,1788087007.958487,50,4.995404,1.096384
worker_1,2999,1788087007.963534,50,4.513557,1.097888
worker_1,3000,1788087007.968073,50,4.765272,1.099840
worker_1,3001,1788087007.972858,50,4.761466,1.099360
worker_1,3002,1788087007.977637,50,4.984504,1.101024
worker_1,3003,1788087007.982672,50,4.532334,1.099008
worker_1,3004,1788087007.987228,50,4.762939,1.098720
worker_1,3005,1788087007.992009,50,4.768485,1.099168
worker_1,3006,1788087007.996794,50,4.775336,1.098176
worker_1,3007,1788087008.001583,50,4.773448,1.099040
worker_1,3008,1788087008.006372,50,4.982190,1.098144
worker_1,3009,1788087008.011403,50,4.531473,1.097792
worker_1,3010,1788087008.015959,50,4.757707,1.097792
worker_1,3011,1788087008.020735,50,4.781772,1.109600
worker_1,3012,1788087008.025533,50,4.990153,1.097888
worker_1,3013,1788087008.030571,50,4.522639,1.099296
worker_1,3014,1788087008.035119,50,4.971922,1.097792
worker_1,3015,1788087008.040151,50,4.516150,1.098304
worker_1,3016,1788087008.044692,50,4.984208,1.100608
worker_1,3017,1788087008.049724,50,4.530417,1.098432
worker_1,3018,1788087008.054280,50,4.978950,1.098560
worker_1,3019,1788087008.059307,50,4.534797,1.099904
worker_1,3020,1788087008.063867,50,4.756753,1.097856
worker_1,3021,1788087008.068641,50,4.773791,1.101728
worker_1,3022,1788087008.073431,50,4.986162,1.097088
worker_1,3023,1788087008.078465,50,4.533474,1.098432
worker_1,3024,1788087008.083024,50,4.972597,1.098240
worker_1,3025,1788087008.088042,50,4.533631,1.098112
worker_1,3026,1788087008.092601,50,4.827476,1.102592
worker_1,3027,1788087008.097478,50,4.679001,1.098336
worker_1,3028,1788087008.102182,50,4.773669,1.098432
worker_1,3029,1788087008.106973,50,4.765263,1.097152
worker_1,3030,1788087008.111754,50,4.775604,1.097792
worker_1,3031,1788087008.116547,50,4.763549,1.098272
worker_1,3032,1788087008.121326,50,4.982284,1.098560
worker_1,3033,1788087008.126358,50,4.537446,1.098560
worker_1,3034,1788087008.130934,50,4.948653,1.096416
worker_1,3035,1788087008.135930,50,4.531982,1.098208
worker_1,3036,1788087008.140488,50,4.974237,1.098176
worker_1,3037,1788087008.145510,50,4.522954,1.097344
worker_1,3038,1788087008.150057,50,4.969996,1.098976
worker_1,3039,1788087008.155077,50,4.523862,1.099296
worker_1,3040,1788087008.159625,50,4.760819,1.099552
worker_1,3041,1788087008.164404,50,4.768114,1.097856
worker_1,3042,1788087008.169262,50,4.917162,1.097152
worker_1,3043,1788087008.174228,50,4.525279,1.099232
worker_1,3044,1788087008.178778,50,4.969421,1.099104
worker_1,3045,1788087008.183796,50,4.534334,1.098592
worker_1,3046,1788087008.188356,50,4.986450,1.098176
worker_1,3047,1788087008.193389,50,4.531815,1.098816
worker_1,3048,1788087008.197946,50,4.964088,1.099104
worker_1,3049,1788087008.202958,50,4.536899,1.099712
worker_1,3050,1788087008.207520,50,4.759308,1.100864
worker_1,3051,1788087008.212298,50,4.764261,1.098272
worker_1,3052,1788087008.217078,50,4.986811,1.097952
worker_1,3053,1788087008.222115,50,4.527751,1.099840
worker_1,3054,1788087008.226681,50,4.953791,1.098752
worker_1,3055,1788087008.231682,50,4.541251,1.098720
worker_1,3056,1788087008.236249,50,4.757410,1.098048
worker_1,3057,1788087008.241025,50,4.765939,1.097824
worker_1,3058,1788087008.245809,50,4.977662,1.098592
worker_1,3059,1788087008.250836,50,4.534019,1.099424
worker_1,3060,1788087008.255395,50,4.751382,1.097792
worker_1,3061,1788087008.260165,50,4.768428,1.097792
worker_1,3062,1788087008.264951,50,4.778456,1.100768
worker_1,3063,1788087008.269746,50,4.769680,1.099520
worker_1,3064,1788087008.274531,50,4.992338,1.098112
worker_1,3065,1788087008.279572,50,4.526936,1.098272
worker_1,3066,1788087008.284127,50,4.771355,1.105856
worker_1,3067,1788087008.288917,50,4.770957,1.105696
worker_1,3068,1788087008.293705,50,4.991440,1.098240
worker_1,3069,1788087008.298745,50,4.526149,1.097888
worker_1,3070,1788087008.303295,50,4.778337,1.098144
worker_1,3071,1788087008.308091,50,4.769846,1.101728
worker_1,3072,1788087008.312878,50,4.769771,1.096384
worker_1,3073,1788087008.317668,50,4.764124,1.097792
worker_1,3074,1788087008.322449,50,5.019265,1.098688
worker_1,3075,1788087008.327518,50,4.522501,1.098464
worker_1,3076,1788087008.332066,50,4.759086,1.099680
worker_1,3077,1788087008.336843,50,4.766660,1.097600
worker_1,3078,1788087008.341625,50,4.992153,1.098880
worker_1,3079,1788087008.346666,50,4.528371,1.098976
worker_1,3080,1788087008.351218,50,4.775337,1.098432
worker_1,3081,1788087008.356012,50,4.768003,1.100640
worker_1,3082,1788087008.360800,50,4.767364,1.099456
worker_1,3083,1788087008.365583,50,4.770985,1.100320
worker_1,3084,1788087008.370370,50,4.769494,1.098464
worker_1,3085,1788087008.375154,50,4.785577,1.099840
worker_1,3086,1788087008.379957,50,4.770152,1.099840
worker_1,3087,1788087008.384743,50,4.769133,1.099392
worker_1,3088,1788087008.389527,50,4.987172,1.098368
worker_1,3089,1788087008.394564,50,4.532121,1.098688
worker_1,3090,1788087008.399122,50,4.968348,1.099040
worker_1,3091,1788087008.404136,50,4.533066,1.104704
worker_1,3092,1788087008.408695,50,4.964922,1.097696
worker_1,3093,1788087008.413719,50,4.523631,1.096704
worker_1,3094,1788087008.418270,50,4.958514,1.098944
worker_1,3095,1788087008.423278,50,4.540807,1.098400
worker_1,3096,1788087008.427843,50,4.761280,1.099968
worker_1,3097,1788087008.432624,50,4.761116,1.099328
worker_1,3098,1788087008.437400,50,4.982245,1.098432
worker_1,3099,1788087008.442432,50,4.535205,1.099616
worker_1,3100,1788087008.446992,50,4.975117,1.096544
worker_1,3101,1788087008.452014,50,4.541548,1.101536
worker_1,3102,1788087008.456583,50,4.965235,1.098496
worker_1,3103,1788087008.461595,50,4.533094,1.096288
worker_1,3104,1788087008.466154,50,4.965690,1.098592
worker_1,3105,1788087008.471168,50,4.530501,1.097792
worker_1,3106,1788087008.475724,50,4.759725,1.098112
worker_1,3107,1788087008.480503,50,4.769688,1.098176
worker_1,3108,1788087008.485290,50,4.980866,1.099168
worker_1,3109,1788087008.490319,50,4.530399,1.098208
worker_1,3110,1788087008.494874,50,4.972190,1.098400
worker_1,3111,1788087008.499894,50,4.544742,1.101536
worker_1,3112,1788087008.504476,50,4.962282,1.097312
worker_1,3113,1788087008.509487,50,4.532232,1.099168
worker_1,3114,1788087008.514044,50,4.963708,1.099552
worker_1,3115,1788087008.519055,50,4.532705,1.097760
worker_1,3116,1788087008.523612,50,4.763179,1.099808
worker_1,3117,1788087008.528393,50,4.770512,1.102592
worker_1,3118,1788087008.533181,50,4.973274,1.098400
worker_1,3119,1788087008.538203,50,4.537964,1.099328
worker_1,3120,1788087008.542766,50,4.966236,1.097568
worker_1,3121,1788087008.547779,50,4.537770,1.097728
worker_1,3122,1788087008.552342,50,4.757467,1.100448
worker_1,3123,1788087008.557117,50,4.768883,1.099168
worker_1,3124,1788087008.561904,50,4.756160,1.096960
worker_1,3125,1788087008.566679,50,4.913672,1.098464
worker_1,3126,1788087008.571611,50,4.974718,1.098432
worker_1,3127,1788087008.576606,50,4.561186,1.097792
worker_1,3128,1788087008.581184,50,4.789041,1.098144
worker_1,3129,1788087008.585989,50,4.773716,1.098336
worker_1,3130,1788087008.590778,50,4.770254,1.098240
worker_1,3131,1788087008.595564,50,4.621020,1.097888
worker_1,3132,1788087008.600227,50,4.765753,1.098016
worker_1,3133,1788087008.605008,50,4.768105,1.097760
worker_1,3134,1788087008.609793,50,4.769725,1.098560
worker_1,3135,1788087008.614578,50,4.984449,1.100448
worker_1,3136,1788087008.619613,50,4.531076,1.097856
worker_1,3137,1788087008.624169,50,4.754457,1.098400
worker_1,3138,1788087008.628942,50,4.765873,1.098272
worker_1,3139,1788087008.633726,50,4.979764,1.097792
worker_1,3140,1788087008.638756,50,4.532131,1.098816
worker_1,3141,1788087008.643314,50,4.753614,1.097472
worker_1,3142,1788087008.648087,50,4.765291,1.098048
worker_1,3143,1788087008.652868,50,4.779030,1.097472
worker_1,3144,1788087008.657664,50,4.772503,1.098304
worker_1,3145,1788087008.662451,50,4.772374,1.096608
worker_1,3146,1788087008.667239,50,4.768401,1.099168
worker_1,3147,1788087008.672023,50,4.771522,1.097600
worker_1,3148,1788087008.676809,50,4.771374,1.098592
worker_1,3149,1788087008.681596,50,4.769586,1.098176
worker_1,3150,1788087008.686383,50,4.773975,1.098208
worker_1,3151,1788087008.691185,50,4.756493,1.096928
worker_1,3152,1788087008.695957,50,4.781725,1.098560
worker_1,3153,1788087008.700755,50,4.774846,1.098688
worker_1,3154,1788087008.705545,50,4.772902,1.097920
worker_1,3155,1788087008.710333,50,4.775447,1.098144
worker_1,3156,1788087008.715123,50,4.769504,1.098368
worker_1,3157,1788087008.719908,50,4.773336,1.098176
worker_1,3158,1788087008.724697,50,4.774161,1.100320
worker_1,3159,1788087008.729486,50,4.780485,1.099200
worker_1,3160,1788087008.734283,50,4.983857,1.099008
worker_1,3161,1788087008.739317,50,4.527862,1.099296
worker_1,3162,1788087008.743868,50,4.982190,1.105696
worker_1,3163,1788087008.748899,50,4.732383,1.098944
worker_1,3164,1788087008.753679,50,4.742123,1.098144
worker_1,3165,1788087008.758469,50,4.532186,1.097792
worker_1,3166,1788087008.763028,50,4.965246,1.098976
worker_1,3167,1788087008.768041,50,4.539732,1.097056
worker_1,3168,1788087008.772604,50,4.970838,1.097952
worker_1,3169,1788087008.777622,50,4.527279,1.099104
worker_1,3170,1788087008.782176,50,4.989033,1.097568
worker_1,3171,1788087008.787224,50,4.537252,1.097792
worker_1,3172,1788087008.791788,50,4.753521,1.097792
worker_1,3173,1788087008.796559,50,4.766586,1.099840
worker_1,3174,1788087008.801342,50,4.981773,1.097504
worker_1,3175,1788087008.806373,50,4.532705,1.099296
worker_1,3176,1788087008.810930,50,4.966236,1.097536
worker_1,3177,1788087008.815944,50,4.530678,1.098560
worker_1,3178,1788087008.820503,50,4.970504,1.097216
worker_1,3179,1788087008.825523,50,4.533445,1.098656
worker_1,3180,1788087008.830083,50,4.966615,1.097760
worker_1,3181,1788087008.835097,50,4.533112,1.099008
worker_1,3182,1788087008.839654,50,4.754577,1.097472
worker_1,3183,1788087008.844426,50,4.767125,1.099456
worker_1,3184,1788087008.849210,50,4.981357,1.098720
worker_1,3185,1788087008.854240,50,4.541732,1.102624
worker_1,3186,1788087008.858806,50,4.967383,1.097536
worker_1,3187,1788087008.863822,50,4.529445,1.098208
worker_1,3188,1788087008.868378,50,4.959819,1.097344
worker_1,3189,1788087008.873385,50,4.531019,1.098080
worker_1,3190,1788087008.877956,50,4.985625,1.097984
worker_1,3191,1788087008.882988,50,4.502112,1.098272
worker_1,3192,1788087008.887515,50,4.757353,1.097728
worker_1,3193,1788087008.892374,50,4.684549,1.097600
worker_1,3194,1788087008.897077,50,4.979302,1.099328
worker_1,3195,1788087008.902105,50,4.532567,1.098336
worker_1,3196,1788087008.906662,50,4.961384,1.097760
worker_1,3197,1788087008.911673,50,4.549002,1.098208
worker_1,3198,1788087008.916247,50,4.754290,1.097824
worker_1,3199,1788087008.921020,50,4.771198,1.101120
worker_1,3200,1788087008.925810,50,4.766429,1.098464
worker_1,3201,1788087008.930594,50,4.770050,1.097888
worker_1,3202,1788087008.935388,50,4.761373,1.097600
worker_1,3203,1788087008.940166,50,4.764893,1.098816
worker_1,3204,1788087008.944947,50,4.783670,1.101472
worker_1,3205,1788087008.949747,50,4.771012,1.099488
worker_1,3206,1788087008.954534,50,4.776559,1.097536
worker_1,3207,1788087008.959326,50,4.772031,1.099424
worker_1,3208,1788087008.964114,50,4.774522,1.100256
worker_1,3209,1788087008.968904,50,4.778012,1.104832
worker_1,3210,1788087008.973706,50,4.763697,1.098720
worker_1,3211,1788087008.978486,50,4.768809,1.098240
worker_1,3212,1788087008.983270,50,4.998329,1.098112
worker_1,3213,1788087008.988320,50,4.520334,1.098208
worker_1,3214,1788087008.992865,50,4.969394,1.098848
worker_1,3215,1788087008.997883,50,4.533603,1.098048
worker_1,3216,1788087009.002443,50,4.965727,1.097824
worker_1,3217,1788087009.007456,50,4.553853,1.113440
worker_1,3218,1788087009.012038,50,4.753096,1.097472
worker_1,3219,1788087009.016811,50,4.767301,1.098816
worker_1,3220,1788087009.021595,50,4.979459,1.098272
worker_1,3221,1788087009.026625,50,4.557113,1.098208
worker_1,3222,1788087009.031223,50,4.713781,1.098976
worker_1,3223,1788087009.035961,50,4.752290,1.099264
worker_1,3224,1788087009.040732,50,4.763383,1.098432
worker_1,3225,1788087009.045513,50,4.808569,1.097792
worker_1,3226,1788087009.050338,50,4.953884,1.097312
worker_1,3227,1788087009.055339,50,4.658918,1.099168
worker_1,3228,1788087009.060023,50,4.634530,1.097504
worker_1,3229,1788087009.064689,50,4.890800,1.097824
worker_1,3230,1788087009.069597,50,4.937912,1.097920
worker_1,3231,1788087009.074584,50,4.432917,1.099136
worker_1,3232,1788087009.079041,50,4.756688,1.097472
worker_1,3233,1788087009.083818,50,4.785402,1.108480
worker_1,3234,1788087009.088621,50,4.767354,1.098912
worker_1,3235,1788087009.093405,50,4.771874,1.098336
worker_1,3236,1788087009.098191,50,4.984347,1.098816
worker_1,3237,1788087009.103226,50,4.526788,1.097824
worker_1,3238,1788087009.107777,50,4.758753,1.097856
worker_1,3239,1788087009.112554,50,4.772338,1.100704
worker_1,3240,1788087009.117343,50,4.973134,1.098880
worker_1,3241,1788087009.122365,50,4.549446,1.099328
worker_1,3242,1788087009.126941,50,4.958078,1.096480
worker_1,3243,1788087009.131947,50,4.538547,1.098400
worker_1,3244,1788087009.136511,50,4.967134,1.098464
worker_1,3245,1788087009.141528,50,4.524668,1.098368
worker_1,3246,1788087009.146078,50,4.969088,1.098208
worker_1,3247,1788087009.151095,50,4.533427,1.099360
worker_1,3248,1788087009.155654,50,4.755642,1.098240
worker_1,3249,1788087009.160438,50,4.759420,1.099040
worker_1,3250,1788087009.165214,50,4.978856,1.097344
worker_1,3251,1788087009.170243,50,4.521362,1.098336
worker_1,3252,1788087009.174791,50,4.964811,1.097440
worker_1,3253,1788087009.179803,50,4.532315,1.098272
worker_1,3254,1788087009.184360,50,4.971987,1.098240
worker_1,3255,1788087009.189380,50,4.528640,1.097664
worker_1,3256,1788087009.193933,50,4.970745,1.098464
worker_1,3257,1788087009.198954,50,4.528538,1.096608
worker_1,3258,1788087009.203506,50,4.750243,1.099360
worker_1,3259,1788087009.208269,50,4.777762,1.097824
worker_1,3260,1788087009.213060,50,4.955791,1.096896
worker_1,3261,1788087009.218054,50,4.559918,1.098144
worker_1,3262,1788087009.222635,50,4.949458,1.097600
worker_1,3263,1788087009.227625,50,4.565252,1.097792
worker_1,3264,1788087009.232219,50,4.757948,1.098272
worker_1,3265,1788087009.236995,50,4.766383,1.099616
worker_1,3266,1788087009.241776,50,4.968727,1.097344
worker_1,3267,1788087009.246789,50,4.548863,1.096352
worker_1,3268,1788087009.251371,50,4.757365,1.098656
worker_1,3269,1788087009.256148,50,4.761568,1.098240
worker_1,3270,1788087009.260926,50,4.787485,1.098752
worker_1,3271,1788087009.265737,50,4.751864,1.099936
worker_1,3272,1788087009.270510,50,4.764234,1.100896
worker_1,3273,1788087009.275289,50,4.765727,1.098720
worker_1,3274,1788087009.280067,50,4.773198,1.097344
worker_1,3275,1788087009.284857,50,4.786994,1.105984
worker_1,3276,1788087009.289660,50,4.782217,1.100160
worker_1,3277,1788087009.294457,50,4.766790,1.096480
worker_1,3278,1788087009.299239,50,4.772818,1.099872
worker_1,3279,1788087009.304028,50,4.773281,1.103616
worker_1,3280,1788087009.308817,50,4.770308,1.097312
worker_1,3281,1788087009.313604,50,4.768050,1.099520
worker_1,3282,1788087009.318388,50,4.767855,1.097472
worker_1,3283,1788087009.323171,50,4.788679,1.097792
worker_1,3284,1788087009.327976,50,4.754356,1.096736
worker_1,3285,1788087009.332750,50,4.780651,1.110112
worker_1,3286,1788087009.337547,50,4.771225,1.098080
worker_1,3287,1788087009.342333,50,4.767310,1.098176
worker_1,3288,1788087009.347124,50,4.762642,1.098912
worker_1,3289,1788087009.351902,50,4.766947,1.098688
worker_1,3290,1788087009.356685,50,4.769059,1.099968
worker_1,3291,1788087009.361470,50,4.769392,1.099200
worker_1,3292,1788087009.366255,50,4.772605,1.097792
worker_1,3293,1788087009.371043,50,4.767290,1.098240
worker_1,3294,1788087009.375826,50,4.769059,1.097664
worker_1,3295,1788087009.380611,50,4.770095,1.098976
worker_1,3296,1788087009.385398,50,4.777476,1.097824
worker_1,3297,1788087009.390191,50,4.779466,1.098656
worker_1,3298,1788087009.394987,50,4.779383,1.099200
worker_1,3299,1788087009.399783,50,4.769049,1.098368
worker_1,3300,1788087009.404569,50,4.766003,1.098592
worker_1,3301,1788087009.409351,50,4.767160,1.098944
worker_1,3302,1788087009.414134,50,4.784568,1.101408
worker_1,3303,1788087009.418933,50,4.772893,1.098720
worker_1,3304,1788087009.423722,50,4.775345,1.097728
worker_1,3305,1788087009.428515,50,4.977153,1.098304
worker_1,3306,1788087009.433542,50,4.532242,1.098080
worker_1,3307,1788087009.438109,50,4.745864,1.097632
worker_1,3308,1788087009.442873,50,4.765216,1.097824
worker_1,3309,1788087009.447656,50,4.782337,1.103040
worker_1,3310,1788087009.452453,50,4.781077,1.099520
worker_1,3311,1788087009.457250,50,4.771642,1.098176
worker_1,3312,1788087009.462037,50,4.795466,1.098784
worker_1,3313,1788087009.466848,50,4.771197,1.097536
worker_1,3314,1788087009.471634,50,4.774782,1.097760
worker_1,3315,1788087009.476424,50,4.777901,1.103136
worker_1,3316,1788087009.481217,50,4.772300,1.098880
worker_1,3317,1788087009.486006,50,4.771105,1.099232
worker_1,3318,1788087009.490791,50,4.772106,1.097792
worker_1,3319,1788087009.495578,50,4.771632,1.098208
worker_1,3320,1788087009.500365,50,4.775133,1.101024
worker_1,3321,1788087009.505158,50,4.769521,1.099008
worker_1,3322,1788087009.509943,50,4.766827,1.098400
worker_1,3323,1788087009.514725,50,4.778438,1.100544
worker_1,3324,1788087009.519519,50,4.769504,1.098752
worker_1,3325,1788087009.524304,50,4.985773,1.100896
worker_1,3326,1788087009.529340,50,4.733336,1.098240
worker_1,3327,1788087009.534132,50,4.736140,1.098912
worker_1,3328,1788087009.538914,50,4.538214,1.099424
worker_1,3329,1788087009.543477,50,4.760919,1.098176
worker_1,3330,1788087009.548256,50,4.769901,1.097792
worker_1,3331,1788087009.553042,50,4.771485,1.099168
worker_1,3332,1788087009.557829,50,4.779022,1.098688
worker_1,3333,1788087009.562624,50,4.772354,1.097792
worker_1,3334,1788087009.567411,50,4.867791,1.097696
worker_1,3335,1788087009.572295,50,4.705559,1.100960
worker_1,3336,1788087009.577014,50,4.899949,1.097216
worker_1,3337,1788087009.581929,50,4.772745,1.098272
worker_1,3338,1788087009.586716,50,4.649946,1.097888
worker_1,3339,1788087009.591381,50,4.753392,1.098624
worker_1,3340,1788087009.596149,50,4.770650,1.098592
worker_1,3341,1788087009.600936,50,4.771762,1.098112
worker_1,3342,1788087009.605723,50,4.781355,1.102880
worker_1,3343,1788087009.610518,50,4.769458,1.097792
worker_1,3344,1788087009.615376,50,4.700401,1.098176
worker_1,3345,1788087009.620094,50,4.762965,1.098688
worker_1,3346,1788087009.624883,50,4.767095,1.097728
worker_1,3347,1788087009.629668,50,4.759660,1.097792
worker_1,3348,1788087009.634444,50,4.763762,1.098336
worker_1,3349,1788087009.639225,50,4.797448,1.097696
worker_1,3350,1788087009.644038,50,4.771263,1.098784
worker_1,3351,1788087009.648825,50,5.008941,1.097952
worker_1,3352,1788087009.653885,50,4.503399,1.097440
worker_1,3353,1788087009.658415,50,4.749697,1.097472
worker_1,3354,1788087009.663185,50,4.768992,1.098784
worker_1,3355,1788087009.667971,50,4.773308,1.100160
worker_1,3356,1788087009.672760,50,4.771651,1.099232
worker_1,3357,1788087009.677549,50,4.773577,1.098528
worker_1,3358,1788087009.682338,50,4.777429,1.097568
worker_1,3359,1788087009.687132,50,4.772523,1.098208
worker_1,3360,1788087009.691922,50,4.768503,1.100064
worker_1,3361,1788087009.696707,50,4.776873,1.098304
worker_1,3362,1788087009.701500,50,4.774384,1.098592
worker_1,3363,1788087009.706289,50,4.767790,1.097824
worker_1,3364,1788087009.711072,50,4.771485,1.097376
worker_1,3365,1788087009.715859,50,4.771430,1.098400
worker_1,3366,1788087009.720653,50,4.761226,1.098784
worker_1,3367,1788087009.725429,50,4.776280,1.099744
worker_1,3368,1788087009.730223,50,4.772263,1.099648
worker_1,3369,1788087009.735013,50,4.772188,1.101248
worker_1,3370,1788087009.739801,50,4.778199,1.101984
worker_1,3371,1788087009.744594,50,4.769984,1.098432
worker_1,3372,1788087009.749379,50,4.772604,1.098272
worker_1,3373,1788087009.754167,50,4.770559,1.099552
worker_1,3374,1788087009.758952,50,4.780271,1.100000
worker_1,3375,1788087009.763748,50,4.777651,1.098880
worker_1,3376,1788087009.768543,50,4.769745,1.097824
worker_1,3377,1788087009.773329,50,4.767725,1.099232
worker_1,3378,1788087009.778113,50,4.766281,1.096128
worker_1,3379,1788087009.782895,50,4.775086,1.099552
worker_1,3380,1788087009.787685,50,4.765836,1.097760
worker_1,3381,1788087009.792467,50,4.898726,1.099616
worker_1,3382,1788087009.797381,50,4.775244,1.099840
worker_1,3383,1788087009.802171,50,4.701753,1.099904
worker_1,3384,1788087009.806890,50,4.811058,1.098464
worker_1,3385,1788087009.811722,50,4.849662,1.098752
worker_1,3386,1788087009.816588,50,4.623872,1.101312
worker_1,3387,1788087009.821227,50,4.770836,1.098592
worker_1,3388,1788087009.826012,50,4.985597,1.097760
worker_1,3389,1788087009.831048,50,4.729679,1.098720
worker_1,3390,1788087009.835824,50,4.745216,1.097632
worker_1,3391,1788087009.840614,50,4.537640,1.100544
worker_1,3392,1788087009.845176,50,4.758114,1.098656
worker_1,3393,1788087009.849952,50,4.781614,1.098784
worker_1,3394,1788087009.854750,50,4.770541,1.098272
worker_1,3395,1788087009.859536,50,4.772235,1.097600
worker_1,3396,1788087009.864326,50,4.774160,1.104544
worker_1,3397,1788087009.869116,50,4.771735,1.098304
worker_1,3398,1788087009.873903,50,4.771382,1.098240
worker_1,3399,1788087009.878690,50,4.770577,1.098944
worker_1,3400,1788087009.883474,50,4.781958,1.098688
worker_1,3401,1788087009.888273,50,4.766901,1.096672
worker_1,3402,1788087009.893055,50,4.772568,1.099104
worker_1,3403,1788087009.897842,50,4.767855,1.100992
worker_1,3404,1788087009.902626,50,4.778651,1.097120
worker_1,3405,1788087009.907430,50,4.762966,1.099424
worker_1,3406,1788087009.912215,50,4.761938,1.097792
worker_1,3407,1788087009.916992,50,4.779642,1.098208
worker_1,3408,1788087009.921787,50,4.771012,1.098752
worker_1,3409,1788087009.926574,50,4.979829,1.097984
worker_1,3410,1788087009.931602,50,4.736382,1.097056
worker_1,3411,1788087009.936382,50,4.751381,1.099136
worker_1,3412,1788087009.941180,50,4.748021,1.098272
worker_1,3413,1788087009.945973,50,4.541030,1.097792
worker_1,3414,1788087009.950539,50,4.757391,1.097792
worker_1,3415,1788087009.955316,50,4.767438,1.098304
worker_1,3416,1788087009.960100,50,4.770642,1.097664
worker_1,3417,1788087009.964886,50,4.784040,1.104352
worker_1,3418,1788087009.969687,50,4.778448,1.099168
worker_1,3419,1788087009.974481,50,4.771198,1.098720
worker_1,3420,1788087009.979271,50,4.770855,1.099776
worker_1,3421,1788087009.984058,50,4.776430,1.097792
worker_1,3422,1788087009.988850,50,4.772652,1.099136
worker_1,3423,1788087009.993637,50,4.773781,1.097792
worker_1,3424,1788087009.998432,50,4.766049,1.098464
worker_1,3425,1788087010.003213,50,4.770086,1.098336
worker_1,3426,1788087010.007999,50,4.771983,1.099840
worker_1,3427,1788087010.012787,50,4.769354,1.099296
worker_1,3428,1788087010.017570,50,4.786689,1.097984
worker_1,3429,1788087010.022372,50,4.764197,1.096448
worker_1,3430,1788087010.027151,50,4.767744,1.097024
worker_1,3431,1788087010.031935,50,4.772669,1.100320
worker_1,3432,1788087010.036723,50,4.988115,1.098912
worker_1,3433,1788087010.041761,50,4.730716,1.097696
worker_1,3434,1788087010.046538,50,4.732401,1.098720
worker_1,3435,1788087010.051317,50,4.748520,1.099936
worker_1,3436,1788087010.056115,50,4.536130,1.097536
worker_1,3437,1788087010.060679,50,4.973034,1.099296
worker_1,3438,1788087010.065700,50,4.527667,1.097824
worker_1,3439,1788087010.070254,50,4.967718,1.098656
worker_1,3440,1788087010.075271,50,4.536974,1.099360
worker_1,3441,1788087010.079833,50,4.769466,1.105536
worker_1,3442,1788087010.084620,50,4.767077,1.099136
worker_1,3443,1788087010.089405,50,4.984996,1.098528
worker_1,3444,1788087010.094450,50,4.524510,1.098464
worker_1,3445,1788087010.099000,50,4.970958,1.096768
worker_1,3446,1788087010.104020,50,4.539371,1.104224
worker_1,3447,1788087010.108586,50,4.988903,1.099232
worker_1,3448,1788087010.113622,50,4.530612,1.099872
worker_1,3449,1788087010.118177,50,4.966042,1.097344
worker_1,3450,1788087010.123190,50,4.543501,1.098816
worker_1,3451,1788087010.127759,50,4.754540,1.098656
worker_1,3452,1788087010.132536,50,4.781013,1.099904
worker_1,3453,1788087010.137334,50,4.981829,1.098144
worker_1,3454,1788087010.142365,50,4.537317,1.098848
worker_1,3455,1788087010.146928,50,4.961791,1.096672
worker_1,3456,1788087010.151937,50,4.539769,1.101376
worker_1,3457,1788087010.156503,50,4.971513,1.097504
worker_1,3458,1788087010.161523,50,4.527121,1.097824
worker_1,3459,1788087010.166075,50,4.983042,1.102848
worker_1,3460,1788087010.171106,50,4.538899,1.099360
worker_1,3461,1788087010.175671,50,4.752920,1.099488
worker_1,3462,1788087010.180442,50,4.771060,1.101888
worker_1,3463,1788087010.185242,50,4.963680,1.099168
worker_1,3464,1788087010.190254,50,4.539713,1.098464
worker_1,3465,1788087010.194821,50,4.962412,1.098592
worker_1,3466,1788087010.199831,50,4.540000,1.098336
worker_1,3467,1788087010.204398,50,4.965033,1.103072
worker_1,3468,1788087010.209409,50,4.542899,1.098944
worker_1,3469,1788087010.213977,50,4.972940,1.098400
worker_1,3470,1788087010.218997,50,4.538123,1.098432
worker_1,3471,1788087010.223561,50,4.761281,1.098336
worker_1,3472,1788087010.228342,50,4.771115,1.101728
worker_1,3473,1788087010.233129,50,4.985153,1.100000
worker_1,3474,1788087010.238163,50,4.524381,1.098784
worker_1,3475,1788087010.242713,50,4.958671,1.098272
worker_1,3476,1788087010.247718,50,4.546778,1.098368
worker_1,3477,1788087010.252290,50,4.967403,1.102048
worker_1,3478,1788087010.257306,50,4.538798,1.098432
worker_1,3479,1788087010.261870,50,4.971218,1.099104
worker_1,3480,1788087010.266889,50,4.536446,1.097568
worker_1,3481,1788087010.271450,50,4.758984,1.098368
worker_1,3482,1788087010.276239,50,4.760956,1.097728
worker_1,3483,1788087010.281031,50,4.774976,1.098304
worker_1,3484,1788087010.285823,50,4.766762,1.098144
worker_1,3485,1788087010.290605,50,4.980014,1.095808
worker_1,3486,1788087010.295636,50,4.532380,1.096544
worker_1,3487,1788087010.300193,50,4.767373,1.099232
worker_1,3488,1788087010.304979,50,4.802799,1.103744
worker_1,3489,1788087010.309803,50,4.754077,1.097824
worker_1,3490,1788087010.314574,50,4.770485,1.097376
worker_1,3491,1788087010.319361,50,4.766614,1.098816
worker_1,3492,1788087010.324145,50,4.769763,1.097184
worker_1,3493,1788087010.328932,50,4.783041,1.101056
worker_1,3494,1788087010.333731,50,4.772475,1.098944
worker_1,3495,1788087010.338605,50,4.686881,1.100320
worker_1,3496,1788087010.343310,50,4.768984,1.097600
worker_1,3497,1788087010.348096,50,4.769170,1.097472
worker_1,3498,1788087010.352880,50,4.789642,1.107520
worker_1,3499,1788087010.357685,50,4.769734,1.097728
worker_1,3500,1788087010.362470,50,4.774236,1.097792
worker_1,3501,1788087010.367261,50,4.769827,1.098624
worker_1,3502,1788087010.372056,50,4.762262,1.097824
worker_1,3503,1788087010.376834,50,4.797272,1.113024
worker_1,3504,1788087010.381648,50,4.770087,1.097760
worker_1,3505,1788087010.386433,50,4.771855,1.098880
worker_1,3506,1788087010.391222,50,4.765383,1.097568
worker_1,3507,1788087010.396002,50,4.780281,1.098304
worker_1,3508,1788087010.400797,50,4.771911,1.097856
worker_1,3509,1788087010.405583,50,4.976134,1.096032
worker_1,3510,1788087010.410609,50,4.726688,1.096416
worker_1,3511,1788087010.415382,50,4.733317,1.096640
worker_1,3512,1788087010.420161,50,4.547909,1.104736
worker_1,3513,1788087010.424732,50,4.785930,1.109472
worker_1,3514,1788087010.429537,50,4.769808,1.099488
worker_1,3515,1788087010.434321,50,4.771188,1.098528
worker_1,3516,1788087010.439108,50,4.771530,1.098208
worker_1,3517,1788087010.443895,50,4.769476,1.096832
worker_1,3518,1788087010.448679,50,4.767383,1.097696
worker_1,3519,1788087010.453463,50,4.770706,1.098400
worker_1,3520,1788087010.458250,50,4.768466,1.097760
worker_1,3521,1788087010.463035,50,4.776550,1.098240
worker_1,3522,1788087010.467834,50,4.771818,1.103072
worker_1,3523,1788087010.472621,50,4.769781,1.097600
worker_1,3524,1788087010.477406,50,4.768392,1.098528
worker_1,3525,1788087010.482190,50,4.771883,1.099680
worker_1,3526,1788087010.486978,50,4.769855,1.097568
worker_1,3527,1788087010.491765,50,4.778781,1.102688
worker_1,3528,1788087010.496560,50,4.778735,1.098240
worker_1,3529,1788087010.501354,50,4.774281,1.098208
worker_1,3530,1788087010.506143,50,4.985664,1.098016
worker_1,3531,1788087010.511178,50,4.745846,1.097472
worker_1,3532,1788087010.515970,50,4.720484,1.098496
worker_1,3533,1788087010.520735,50,4.546204,1.103744
worker_1,3534,1788087010.525308,50,4.755262,1.098624
worker_1,3535,1788087010.530083,50,4.782864,1.099072
worker_1,3536,1788087010.534883,50,4.774596,1.097504
worker_1,3537,1788087010.539674,50,4.769273,1.098912
worker_1,3538,1788087010.544459,50,4.771707,1.099712
worker_1,3539,1788087010.549246,50,4.771550,1.099072
worker_1,3540,1788087010.554035,50,4.795838,1.099008
worker_1,3541,1788087010.558854,50,4.760077,1.098112
worker_1,3542,1788087010.563628,50,4.925653,1.098080
worker_1,3543,1788087010.568570,50,4.691373,1.098816
worker_1,3544,1788087010.573276,50,4.851884,1.098208
worker_1,3545,1788087010.578144,50,4.622613,1.098112
worker_1,3546,1788087010.582781,50,4.792244,1.097504
worker_1,3547,1788087010.587590,50,4.766828,1.098016
worker_1,3548,1788087010.592372,50,4.785660,1.098464
worker_1,3549,1788087010.597173,50,4.776726,1.100480
worker_1,3550,1788087010.601965,50,4.771873,1.099904
worker_1,3551,1788087010.606752,50,4.983347,1.098464
worker_1,3552,1788087010.611785,50,4.745448,1.101312
worker_1,3553,1788087010.616579,50,4.741753,1.098752
worker_1,3554,1788087010.621365,50,4.552306,1.098560
worker_1,3555,1788087010.625942,50,4.757845,1.098304
worker_1,3556,1788087010.630717,50,4.773207,1.097792
worker_1,3557,1788087010.635506,50,4.769946,1.099008
worker_1,3558,1788087010.640292,50,4.769679,1.098176
worker_1,3559,1788087010.645078,50,4.763836,1.096448
worker_1,3560,1788087010.649858,50,4.773253,1.096224
worker_1,3561,1788087010.654658,50,4.757012,1.098368
worker_1,3562,1788087010.659432,50,4.771282,1.097856
worker_1,3563,1788087010.664224,50,4.767837,1.098400
worker_1,3564,1788087010.669007,50,4.770290,1.098528
worker_1,3565,1788087010.673793,50,4.781625,1.098368
worker_1,3566,1788087010.678590,50,4.770873,1.097312
worker_1,3567,1788087010.683377,50,4.785012,1.098624
worker_1,3568,1788087010.688177,50,4.775207,1.100448
worker_1,3569,1788087010.692967,50,4.770170,1.097504
worker_1,3570,1788087010.697754,50,4.775318,1.099104
worker_1,3571,1788087010.702547,50,4.768383,1.098592
worker_1,3572,1788087010.707332,50,4.786949,1.097792
worker_1,3573,1788087010.712136,50,4.766586,1.100320
worker_1,3574,1788087010.716919,50,4.768994,1.099712
worker_1,3575,1788087010.721703,50,4.770236,1.098944
worker_1,3576,1788087010.726490,50,4.776716,1.098144
worker_1,3577,1788087010.731283,50,4.783892,1.098464
worker_1,3578,1788087010.736082,50,4.772764,1.098624
worker_1,3579,1788087010.740870,50,4.798596,1.105728
worker_1,3580,1788087010.745689,50,4.768189,1.099008
worker_1,3581,1788087010.750472,50,4.769012,1.097728
worker_1,3582,1788087010.755258,50,4.767743,1.098112
worker_1,3583,1788087010.760042,50,4.770541,1.098144
worker_1,3584,1788087010.764827,50,4.807068,1.108480
worker_1,3585,1788087010.769650,50,4.770734,1.097792
worker_1,3586,1788087010.774436,50,4.770596,1.098688
worker_1,3587,1788087010.779225,50,4.792495,1.097824
worker_1,3588,1788087010.784034,50,4.768808,1.096416
worker_1,3589,1788087010.788817,50,4.773512,1.098240
worker_1,3590,1788087010.793606,50,4.772689,1.099488
worker_1,3591,1788087010.798393,50,4.772735,1.097792
worker_1,3592,1788087010.803182,50,4.774744,1.098752
worker_1,3593,1788087010.807973,50,4.985848,1.099584
worker_1,3594,1788087010.813008,50,4.732550,1.097696
worker_1,3595,1788087010.817786,50,4.760133,1.097440
worker_1,3596,1788087010.822593,50,4.713022,1.097312
worker_1,3597,1788087010.827353,50,4.567113,1.097792
worker_1,3598,1788087010.831946,50,4.755651,1.101088
worker_1,3599,1788087010.836719,50,4.767207,1.099040
worker_1,3600,1788087010.841516,50,4.757243,1.099328
worker_1,3601,1788087010.846290,50,4.770447,1.098304
worker_1,3602,1788087010.851076,50,4.770697,1.097216
worker_1,3603,1788087010.855861,50,4.782467,1.105568
worker_1,3604,1788087010.860659,50,4.767586,1.099616
worker_1,3605,1788087010.865442,50,4.775521,1.098624
worker_1,3606,1788087010.870232,50,4.768651,1.097856
worker_1,3607,1788087010.875016,50,4.780419,1.098880
worker_1,3608,1788087010.879813,50,4.790161,1.101376
worker_1,3609,1788087010.884619,50,4.768836,1.098176
worker_1,3610,1788087010.889404,50,4.766865,1.098080
worker_1,3611,1788087010.894186,50,4.779549,1.099584
worker_1,3612,1788087010.898981,50,4.770975,1.097760
worker_1,3613,1788087010.903768,50,4.769679,1.099360
worker_1,3614,1788087010.908555,50,4.988329,1.100800
worker_1,3615,1788087010.913593,50,4.725364,1.097344
worker_1,3616,1788087010.918365,50,4.750974,1.099072
worker_1,3617,1788087010.923163,50,4.735438,1.096320
worker_1,3618,1788087010.927948,50,4.749300,1.099520
worker_1,3619,1788087010.932754,50,4.727262,1.107584
worker_1,3620,1788087010.937529,50,4.532483,1.098432
worker_1,3621,1788087010.942087,50,4.998543,1.097408
worker_1,3622,1788087010.947132,50,4.527455,1.097792
worker_1,3623,1788087010.951686,50,4.759178,1.097760
worker_1,3624,1788087010.956463,50,4.767651,1.098816
worker_1,3625,1788087010.961246,50,4.988996,1.098272
worker_1,3626,1788087010.966285,50,4.552611,1.101184
worker_1,3627,1788087010.970862,50,4.971032,1.098240
worker_1,3628,1788087010.975880,50,4.532197,1.097792
worker_1,3629,1788087010.980439,50,4.970542,1.100384
worker_1,3630,1788087010.985458,50,4.532584,1.099328
worker_1,3631,1788087010.990016,50,4.963606,1.098080
worker_1,3632,1788087010.995026,50,4.533186,1.097856
worker_1,3633,1788087010.999583,50,4.759485,1.098176
worker_1,3634,1788087011.004363,50,4.768735,1.100544
worker_1,3635,1788087011.009148,50,4.977154,1.098784
worker_1,3636,1788087011.014175,50,4.554548,1.098752
worker_1,3637,1788087011.018754,50,4.962700,1.098752
worker_1,3638,1788087011.023765,50,4.532826,1.097408
worker_1,3639,1788087011.028335,50,4.953134,1.099552
worker_1,3640,1788087011.033335,50,4.532686,1.098560
worker_1,3641,1788087011.037893,50,4.957570,1.097408
worker_1,3642,1788087011.042899,50,4.535353,1.096032
worker_1,3643,1788087011.047460,50,4.768410,1.098976
worker_1,3644,1788087011.052247,50,4.769477,1.102048
worker_1,3645,1788087011.057032,50,4.976931,1.098368
worker_1,3646,1788087011.062132,50,4.460000,1.097792
worker_1,3647,1788087011.066621,50,4.958533,1.098848
worker_1,3648,1788087011.071629,50,4.539677,1.097792
worker_1,3649,1788087011.076194,50,4.765531,1.098464
worker_1,3650,1788087011.080977,50,4.789012,1.097600
worker_1,3651,1788087011.085783,50,4.979792,1.097792
worker_1,3652,1788087011.090813,50,4.530131,1.098400
worker_1,3653,1788087011.095368,50,4.758105,1.098560
worker_1,3654,1788087011.100145,50,4.771652,1.098624
worker_1,3655,1788087011.104933,50,4.776438,1.100416
worker_1,3656,1788087011.109725,50,4.770883,1.097824
worker_1,3657,1788087011.114513,50,4.978505,1.098144
worker_1,3658,1788087011.119551,50,4.523909,1.098016
worker_1,3659,1788087011.124101,50,4.764244,1.098144
worker_1,3660,1788087011.128883,50,4.781568,1.104608
worker_1,3661,1788087011.133683,50,4.976218,1.097760
worker_1,3662,1788087011.138709,50,4.536872,1.099040
worker_1,3663,1788087011.143271,50,4.783003,1.099072
worker_1,3664,1788087011.148073,50,4.763068,1.097984
worker_1,3665,1788087011.152853,50,4.765503,1.098272
worker_1,3666,1788087011.157634,50,4.776791,1.097440
worker_1,3667,1788087011.162427,50,4.985208,1.098592
worker_1,3668,1788087011.167462,50,4.546835,1.098176
worker_1,3669,1788087011.172035,50,4.751716,1.098848
worker_1,3670,1788087011.176805,50,4.767975,1.098240
worker_1,3671,1788087011.181590,50,4.988153,1.101440
worker_1,3672,1788087011.186627,50,4.526770,1.097248
worker_1,3673,1788087011.191180,50,4.762679,1.098176
worker_1,3674,1788087011.195959,50,4.769134,1.098048
worker_1,3675,1788087011.200745,50,4.767614,1.097664
worker_1,3676,1788087011.205529,50,4.760790,1.096864
worker_1,3677,1788087011.210306,50,4.978200,1.098688
worker_1,3678,1788087011.215345,50,4.520010,1.097280
worker_1,3679,1788087011.219890,50,4.759050,1.098656
worker_1,3680,1788087011.224667,50,4.766253,1.098848
worker_1,3681,1788087011.229451,50,4.978625,1.098144
worker_1,3682,1788087011.234479,50,4.538965,1.098144
worker_1,3683,1788087011.239044,50,4.957727,1.097920
worker_1,3684,1788087011.244051,50,4.558974,1.099104
worker_1,3685,1788087011.248635,50,4.951736,1.099808
worker_1,3686,1788087011.253637,50,4.533085,1.098496
worker_1,3687,1788087011.258196,50,4.956709,1.098656
worker_1,3688,1788087011.263201,50,4.545233,1.101152
worker_1,3689,1788087011.267770,50,4.758865,1.098880
worker_1,3690,1788087011.272546,50,4.768939,1.098304
worker_1,3691,1788087011.277331,50,4.976144,1.099904
worker_1,3692,1788087011.282357,50,4.530650,1.097856
worker_1,3693,1788087011.286913,50,4.971469,1.098912
worker_1,3694,1788087011.291932,50,4.540464,1.099040
worker_1,3695,1788087011.296500,50,4.971596,1.099296
worker_1,3696,1788087011.301520,50,4.536547,1.097664
worker_1,3697,1788087011.306093,50,4.983792,1.098784
worker_1,3698,1788087011.311125,50,4.535982,1.098432
worker_1,3699,1788087011.315685,50,4.761595,1.098688
worker_1,3700,1788087011.320464,50,4.773921,1.100608
worker_1,3701,1788087011.325255,50,4.979560,1.097952
worker_1,3702,1788087011.330283,50,4.560419,1.098304
worker_1,3703,1788087011.334869,50,4.960144,1.096736
worker_1,3704,1788087011.339875,50,4.544058,1.099392
worker_1,3705,1788087011.344445,50,4.961198,1.097792
worker_1,3706,1788087011.349454,50,4.536380,1.098528
worker_1,3707,1788087011.354015,50,4.967349,1.098688
worker_1,3708,1788087011.359030,50,4.541890,1.099488
worker_1,3709,1788087011.363597,50,4.757336,1.098368
worker_1,3710,1788087011.368374,50,4.768975,1.100512
worker_1,3711,1788087011.373160,50,4.974255,1.098528
worker_1,3712,1788087011.378182,50,4.556881,1.097792
worker_1,3713,1788087011.382763,50,4.963848,1.098496
worker_1,3714,1788087011.387774,50,4.538012,1.101024
worker_1,3715,1788087011.392339,50,4.968254,1.099168
worker_1,3716,1788087011.397356,50,4.533177,1.096832
worker_1,3717,1788087011.401929,50,4.952161,1.098848
worker_1,3718,1788087011.406928,50,4.542001,1.099200
worker_1,3719,1788087011.411496,50,4.753642,1.096640
worker_1,3720,1788087011.416270,50,4.760170,1.097600
worker_1,3721,1788087011.421047,50,4.997635,1.099200
worker_1,3722,1788087011.426097,50,4.523973,1.097824
worker_1,3723,1788087011.430645,50,4.968255,1.097888
worker_1,3724,1788087011.435662,50,4.532344,1.096416
worker_1,3725,1788087011.440224,50,4.756475,1.099328
worker_1,3726,1788087011.444999,50,4.769364,1.099584
worker_1,3727,1788087011.449786,50,4.974709,1.099072
worker_1,3728,1788087011.454811,50,4.543279,1.099744
worker_1,3729,1788087011.459380,50,4.755559,1.097792
worker_1,3730,1788087011.464154,50,4.767828,1.096160
worker_1,3731,1788087011.468937,50,4.785318,1.100160
worker_1,3732,1788087011.473739,50,4.770022,1.098464
worker_1,3733,1788087011.478525,50,4.980978,1.097664
worker_1,3734,1788087011.483556,50,4.531908,1.097856
worker_1,3735,1788087011.488111,50,4.762437,1.096320
worker_1,3736,1788087011.492903,50,4.754392,1.099104
worker_1,3737,1788087011.497674,50,4.981792,1.099584
worker_1,3738,1788087011.502708,50,4.531529,1.097792
worker_1,3739,1788087011.507265,50,4.779531,1.099776
worker_1,3740,1788087011.512063,50,4.765078,1.098816
worker_1,3741,1788087011.516843,50,4.788614,1.111200
worker_1,3742,1788087011.521648,50,4.773244,1.097792
worker_1,3743,1788087011.526438,50,4.980218,1.099328
worker_1,3744,1788087011.531467,50,4.532769,1.096480
worker_1,3745,1788087011.536026,50,4.761828,1.101600
worker_1,3746,1788087011.540807,50,4.763225,1.099104
worker_1,3747,1788087011.545586,50,4.972764,1.097440
worker_1,3748,1788087011.550607,50,4.541734,1.099296
worker_1,3749,1788087011.555174,50,4.768337,1.098752
worker_1,3750,1788087011.559962,50,4.767809,1.098336
worker_1,3751,1788087011.564745,50,4.789948,1.106880
worker_1,3752,1788087011.569553,50,4.768031,1.098304
worker_1,3753,1788087011.574337,50,4.985597,1.097216
worker_1,3754,1788087011.579374,50,4.527538,1.097344
worker_1,3755,1788087011.583925,50,4.767096,1.098336
worker_1,3756,1788087011.588723,50,4.757938,1.101920
worker_1,3757,1788087011.593497,50,4.979987,1.097600
worker_1,3758,1788087011.598525,50,4.541760,1.098784
worker_1,3759,1788087011.603091,50,4.970162,1.096704
worker_1,3760,1788087011.608109,50,4.533252,1.098272
worker_1,3761,1788087011.612667,50,4.960422,1.097920
worker_1,3762,1788087011.617676,50,4.534946,1.099360
worker_1,3763,1788087011.622236,50,4.962542,1.097696
worker_1,3764,1788087011.627244,50,4.545668,1.098240
worker_1,3765,1788087011.631815,50,4.754327,1.097088
worker_1,3766,1788087011.636588,50,4.767716,1.105312
worker_1,3767,1788087011.641372,50,4.978958,1.098208
worker_1,3768,1788087011.646401,50,4.548344,1.097792
worker_1,3769,1788087011.650975,50,4.959319,1.098208
worker_1,3770,1788087011.655981,50,4.534697,1.099104
worker_1,3771,1788087011.660541,50,5.009959,1.102848
worker_1,3772,1788087011.665599,50,4.492492,1.098240
worker_1,3773,1788087011.670116,50,4.982654,1.099488
worker_1,3774,1788087011.675147,50,4.530871,1.097536
worker_1,3775,1788087011.679713,50,4.753531,1.099296
worker_1,3776,1788087011.684486,50,4.765725,1.100544
worker_1,3777,1788087011.689270,50,4.977885,1.098112
worker_1,3778,1788087011.694297,50,4.561021,1.100768
worker_1,3779,1788087011.698883,50,4.964440,1.098112
worker_1,3780,1788087011.703896,50,4.533381,1.099200
worker_1,3781,1788087011.708455,50,4.971911,1.102848
worker_1,3782,1788087011.713476,50,4.533010,1.100224
worker_1,3783,1788087011.718035,50,4.964311,1.097344
worker_1,3784,1788087011.723046,50,4.538316,1.099200
worker_1,3785,1788087011.727609,50,4.763485,1.098592
worker_1,3786,1788087011.732391,50,4.769021,1.099712
worker_1,3787,1788087011.737175,50,4.987347,1.097696
worker_1,3788,1788087011.742212,50,4.537585,1.097792
worker_1,3789,1788087011.746774,50,4.968690,1.098528
worker_1,3790,1788087011.751790,50,4.531780,1.100384
worker_1,3791,1788087011.756347,50,4.980578,1.096704
worker_1,3792,1788087011.761377,50,4.527760,1.097824
worker_1,3793,1788087011.765930,50,4.975895,1.097856
worker_1,3794,1788087011.770956,50,4.534362,1.097824
worker_1,3795,1788087011.775531,50,4.744309,1.099104
worker_1,3796,1788087011.780295,50,4.767531,1.100896
worker_1,3797,1788087011.785151,50,4.898569,1.097024
worker_1,3798,1788087011.790098,50,4.539927,1.096896
worker_1,3799,1788087011.794663,50,4.969264,1.098336
worker_1,3800,1788087011.799681,50,4.553955,1.098880
worker_1,3801,1788087011.804262,50,4.962032,1.098048
worker_1,3802,1788087011.809272,50,4.533788,1.099008
worker_1,3803,1788087011.813833,50,4.967024,1.098880
worker_1,3804,1788087011.818848,50,4.537001,1.098080
worker_1,3805,1788087011.823411,50,4.756938,1.098304
worker_1,3806,1788087011.828185,50,4.769921,1.099200
worker_1,3807,1788087011.832970,50,4.795216,1.105120
worker_1,3808,1788087011.837781,50,4.774708,1.099072
worker_1,3809,1788087011.842571,50,4.987255,1.099296
worker_1,3810,1788087011.847608,50,4.533085,1.098560
worker_1,3811,1788087011.852165,50,4.755188,1.099456
worker_1,3812,1788087011.856939,50,4.762586,1.097568
worker_1,3813,1788087011.861719,50,4.976514,1.099488
worker_1,3814,1788087011.866765,50,4.513334,1.099168
worker_1,3815,1788087011.871303,50,4.769419,1.099584
worker_1,3816,1788087011.876091,50,4.769078,1.102400
worker_1,3817,1788087011.880877,50,4.762087,1.096608
worker_1,3818,1788087011.885654,50,4.769225,1.098112
worker_1,3819,1788087011.890438,50,4.980728,1.098848
worker_1,3820,1788087011.895469,50,4.532130,1.098720
worker_1,3821,1788087011.900026,50,4.762651,1.097792
worker_1,3822,1788087011.904806,50,4.775994,1.099712
worker_1,3823,1788087011.909598,50,4.979079,1.097920
worker_1,3824,1788087011.914626,50,4.539252,1.097856
worker_1,3825,1788087011.919191,50,4.757170,1.098176
worker_1,3826,1788087011.923967,50,4.765699,1.099104
worker_1,3827,1788087011.928748,50,4.786669,1.107424
worker_1,3828,1788087011.933550,50,4.770744,1.099552
worker_1,3829,1788087011.938338,50,4.979655,1.098720
worker_1,3830,1788087011.943368,50,4.534075,1.096736
worker_1,3831,1788087011.947927,50,4.761308,1.098176
worker_1,3832,1788087011.952709,50,4.767540,1.103616
worker_1,3833,1788087011.957494,50,4.977005,1.096384
worker_1,3834,1788087011.962530,50,4.525678,1.098368
worker_1,3835,1788087011.967081,50,4.966098,1.099904
worker_1,3836,1788087011.972094,50,4.535900,1.097728
worker_1,3837,1788087011.976655,50,4.964828,1.098592
worker_1,3838,1788087011.981668,50,4.532909,1.098336
worker_1,3839,1788087011.986227,50,4.970172,1.097248
worker_1,3840,1788087011.991244,50,4.532964,1.097664
worker_1,3841,1788087011.995800,50,4.770475,1.106912
worker_1,3842,1788087012.000590,50,4.779819,1.098592
worker_1,3843,1788087012.005385,50,4.974866,1.098432
worker_1,3844,1788087012.010408,50,4.533121,1.097824
worker_1,3845,1788087012.014966,50,4.966450,1.098400
worker_1,3846,1788087012.019980,50,4.538085,1.098272
worker_1,3847,1788087012.024543,50,4.958328,1.098048
worker_1,3848,1788087012.029549,50,4.538464,1.097888
worker_1,3849,1788087012.034114,50,4.973532,1.098272
worker_1,3850,1788087012.039135,50,4.540806,1.097824
worker_1,3851,1788087012.043699,50,4.753892,1.098368
worker_1,3852,1788087012.048472,50,4.769069,1.101920
worker_1,3853,1788087012.053270,50,5.007367,1.099168
worker_1,3854,1788087012.058326,50,4.534492,1.098880
worker_1,3855,1788087012.062885,50,4.962949,1.097856
worker_1,3856,1788087012.067896,50,4.543141,1.098112
worker_1,3857,1788087012.072464,50,4.962348,1.097824
worker_1,3858,1788087012.077474,50,4.532270,1.097824
worker_1,3859,1788087012.082031,50,4.966477,1.100096
worker_1,3860,1788087012.087045,50,4.538585,1.100096
worker_1,3861,1788087012.091609,50,4.755994,1.097472
worker_1,3862,1788087012.096383,50,4.763661,1.097824
worker_1,3863,1788087012.101164,50,4.993626,1.098880
worker_1,3864,1788087012.106206,50,4.532854,1.098304
worker_1,3865,1788087012.110764,50,4.962542,1.098880
worker_1,3866,1788087012.115775,50,4.535418,1.099392
worker_1,3867,1788087012.120338,50,4.962004,1.097152
worker_1,3868,1788087012.125348,50,4.538501,1.098528
worker_1,3869,1788087012.129912,50,4.959273,1.097056
worker_1,3870,1788087012.134920,50,4.533325,1.098624
worker_1,3871,1788087012.139479,50,4.755660,1.096288
worker_1,3872,1788087012.144252,50,4.764762,1.097824
worker_1,3873,1788087012.149049,50,4.970810,1.099424
worker_1,3874,1788087012.154069,50,4.535187,1.097280
worker_1,3875,1788087012.158629,50,4.958828,1.097312
worker_1,3876,1788087012.163637,50,4.537973,1.099584
worker_1,3877,1788087012.168201,50,4.761994,1.098144
worker_1,3878,1788087012.172983,50,4.785049,1.106528
worker_1,3879,1788087012.177785,50,4.981051,1.096288
worker_1,3880,1788087012.182813,50,4.542002,1.099648
worker_1,3881,1788087012.187381,50,4.761225,1.097600
worker_1,3882,1788087012.192162,50,4.772160,1.098432
worker_1,3883,1788087012.196949,50,4.788947,1.099840
worker_1,3884,1788087012.201755,50,4.770060,1.099648
worker_1,3885,1788087012.206541,50,4.979811,1.098784
worker_1,3886,1788087012.211571,50,4.536213,1.097792
worker_1,3887,1788087012.216133,50,4.756095,1.098688
worker_1,3888,1788087012.220906,50,4.781697,1.099072
worker_1,3889,1788087012.225707,50,4.975392,1.096992
worker_1,3890,1788087012.230731,50,4.535242,1.098368
worker_1,3891,1788087012.235295,50,4.753142,1.098240
worker_1,3892,1788087012.240079,50,4.754891,1.098624
worker_1,3893,1788087012.244851,50,4.764327,1.098400
worker_1,3894,1788087012.249632,50,4.778347,1.098592
worker_1,3895,1788087012.254425,50,4.974014,1.099072
worker_1,3896,1788087012.259448,50,4.544371,1.098080
worker_1,3897,1788087012.264020,50,4.760244,1.103168
worker_1,3898,1788087012.268801,50,4.762808,1.098400
worker_1,3899,1788087012.273582,50,4.770475,1.100736
worker_1,3900,1788087012.278368,50,4.770790,1.098560
worker_1,3901,1788087012.283155,50,4.788957,1.098848
worker_1,3902,1788087012.287960,50,4.771197,1.097792
worker_1,3903,1788087012.292747,50,4.773308,1.098592
worker_1,3904,1788087012.297536,50,4.774069,1.098752
worker_1,3905,1788087012.302328,50,4.770447,1.099584
worker_1,3906,1788087012.307114,50,4.979884,1.098144
worker_1,3907,1788087012.312143,50,4.536945,1.102336
worker_1,3908,1788087012.316704,50,4.758188,1.098336
worker_1,3909,1788087012.321479,50,4.975856,1.098368
worker_1,3910,1788087012.326504,50,4.538010,1.098976
worker_1,3911,1788087012.331067,50,4.969894,1.097184
worker_1,3912,1788087012.336098,50,4.525038,1.103008
worker_1,3913,1788087012.340649,50,4.971811,1.098816
worker_1,3914,1788087012.345671,50,4.535806,1.097792
worker_1,3915,1788087012.350231,50,4.966588,1.097312
worker_1,3916,1788087012.355246,50,4.529843,1.098144
worker_1,3917,1788087012.359800,50,4.770503,1.106752
worker_1,3918,1788087012.364584,50,4.775216,1.096768
worker_1,3919,1788087012.369377,50,4.941449,1.096544
worker_1,3920,1788087012.374358,50,4.574529,1.098208
worker_1,3921,1788087012.378957,50,4.760642,1.096352
worker_1,3922,1788087012.383745,50,4.832662,1.100288
worker_1,3923,1788087012.388629,50,4.667946,1.101184
worker_1,3924,1788087012.393318,50,4.759355,1.096544
worker_1,3925,1788087012.398097,50,4.761855,1.098240
worker_1,3926,1788087012.402875,50,4.775253,1.098240
worker_1,3927,1788087012.407667,50,4.773782,1.104064
worker_1,3928,1788087012.412458,50,4.778966,1.097536
worker_1,3929,1788087012.417256,50,4.766030,1.098272
worker_1,3930,1788087012.422038,50,4.766975,1.098272
worker_1,3931,1788087012.426824,50,4.760401,1.096000
worker_1,3932,1788087012.431596,50,4.777605,1.098880
worker_1,3933,1788087012.436391,50,4.766827,1.100512
worker_1,3934,1788087012.441175,50,5.296221,1.097888
worker_1,3935,1788087012.446506,50,4.711346,1.097760
worker_1,3936,1788087012.451307,50,4.594317,1.097536
worker_1,3937,1788087012.455935,50,4.783115,1.099360
worker_1,3938,1788087012.460749,50,4.522539,1.101216
worker_1,3939,1788087012.465302,50,4.674337,1.098400
worker_1,3940,1788087012.470006,50,4.991032,1.098912
worker_1,3941,1788087012.475029,50,4.787429,1.098528
worker_1,3942,1788087012.479846,50,4.620808,1.097312
worker_1,3943,1788087012.484508,50,4.511085,1.098272
worker_1,3944,1788087012.489043,50,4.974292,1.098976
worker_1,3945,1788087012.494068,50,4.518242,1.098560
worker_1,3946,1788087012.498606,50,4.960977,1.098400
worker_1,3947,1788087012.503603,50,4.556854,1.098336
worker_1,3948,1788087012.508274,50,4.667669,1.102368
worker_1,3949,1788087012.512963,50,4.758781,1.097792
worker_1,3950,1788087012.517741,50,4.989996,1.098592
worker_1,3951,1788087012.522793,50,4.510159,1.098272
worker_1,3952,1788087012.527329,50,4.767845,1.098784
worker_1,3953,1788087012.532116,50,4.765346,1.104032
worker_1,3954,1788087012.536898,50,4.767032,1.096064
worker_1,3955,1788087012.541682,50,4.775559,1.098912
worker_1,3956,1788087012.546474,50,4.771040,1.099488
worker_1,3957,1788087012.551261,50,4.799837,1.097760
worker_1,3958,1788087012.556076,50,4.768568,1.098432
worker_1,3959,1788087012.560861,50,4.768966,1.099360
worker_1,3960,1788087012.565645,50,4.774235,1.098752
worker_1,3961,1788087012.570435,50,4.766837,1.096288
worker_1,3962,1788087012.575216,50,4.807336,1.098656
worker_1,3963,1788087012.580039,50,4.770918,1.100736
worker_1,3964,1788087012.584826,50,4.776383,1.102880
worker_1,3965,1788087012.589618,50,4.779504,1.098656
worker_1,3966,1788087012.594415,50,4.770744,1.098912
worker_1,3967,1788087012.599201,50,4.774243,1.097568
worker_1,3968,1788087012.603991,50,4.770198,1.098752
worker_1,3969,1788087012.608776,50,4.768577,1.097760
worker_1,3970,1788087012.613566,50,4.774521,1.100448
worker_1,3971,1788087012.618356,50,4.767560,1.098912
worker_1,3972,1788087012.623139,50,4.770688,1.098400
worker_1,3973,1788087012.627925,50,4.771633,1.098944
worker_1,3974,1788087012.632712,50,4.770365,1.099776
worker_1,3975,1788087012.637498,50,4.980986,1.098912
worker_1,3976,1788087012.642528,50,4.743910,1.098624
worker_1,3977,1788087012.647319,50,4.733410,1.097440
worker_1,3978,1788087012.652100,50,4.867411,1.098656
worker_1,3979,1788087012.657013,50,4.768512,1.099008
worker_1,3980,1788087012.661829,50,4.536603,1.097792
worker_1,3981,1788087012.666390,50,4.890818,1.097120
worker_1,3982,1788087012.671328,50,4.620845,1.098144
worker_1,3983,1788087012.675974,50,4.681465,1.098240
worker_1,3984,1788087012.680672,50,4.696309,1.097984
worker_1,3985,1788087012.685385,50,4.977172,1.098048
worker_1,3986,1788087012.690412,50,4.533678,1.099232
worker_1,3987,1788087012.694971,50,4.967588,1.096640
worker_1,3988,1788087012.699986,50,4.535417,1.097600
worker_1,3989,1788087012.704547,50,4.972496,1.098496
worker_1,3990,1788087012.709579,50,4.528529,1.100608
worker_1,3991,1788087012.714134,50,4.959005,1.098336
worker_1,3992,1788087012.719141,50,4.541334,1.098688
worker_1,3993,1788087012.723707,50,4.756410,1.098912
worker_1,3994,1788087012.728482,50,4.777781,1.098368
worker_1,3995,1788087012.733275,50,4.979273,1.098624
worker_1,3996,1788087012.738303,50,4.538363,1.098464
worker_1,3997,1788087012.742867,50,4.961699,1.099264
worker_1,3998,1788087012.747874,50,4.544973,1.100864
worker_1,3999,1788087012.752444,50,4.975719,1.098848
worker_1,4000,1788087012.757468,50,4.538909,1.098272
worker_1,4001,1788087012.762032,50,4.986829,1.098688
worker_1,4002,1788087012.767068,50,4.519761,1.098432
worker_1,4003,1788087012.771613,50,4.760578,1.100384
worker_1,4004,1788087012.776392,50,4.771225,1.098016
worker_1,4005,1788087012.781180,50,4.972838,1.097088
worker_1,4006,1788087012.786201,50,4.541854,1.098816
worker_1,4007,1788087012.790769,50,4.763836,1.099136
worker_1,4008,1788087012.795550,50,4.765151,1.100672
worker_1,4009,1788087012.800346,50,4.768550,1.099328
worker_1,4010,1788087012.805130,50,4.772568,1.098944
worker_1,4011,1788087012.809919,50,4.770050,1.099520
worker_1,4012,1788087012.814706,50,4.771021,1.099488
worker_1,4013,1788087012.819493,50,4.774605,1.104032
worker_1,4014,1788087012.824283,50,4.766892,1.097792
worker_1,4015,1788087012.829064,50,4.776818,1.099232
worker_1,4016,1788087012.833856,50,4.772615,1.098336
worker_1,4017,1788087012.838645,50,4.771855,1.098080
worker_1,4018,1788087012.843432,50,4.773541,1.097408
worker_1,4019,1788087012.848226,50,4.764679,1.096576
worker_1,4020,1788087012.853005,50,4.776550,1.097600
worker_1,4021,1788087012.857798,50,4.766772,1.097984
worker_1,4022,1788087012.862579,50,4.779809,1.101664
worker_1,4023,1788087012.867375,50,4.766994,1.098944
worker_1,4024,1788087012.872159,50,4.767532,1.097792
worker_1,4025,1788087012.876942,50,4.784947,1.099712
worker_1,4026,1788087012.881744,50,4.772235,1.097344
worker_1,4027,1788087012.886530,50,4.987764,1.097888
worker_1,4028,1788087012.891569,50,4.736188,1.099200
worker_1,4029,1788087012.896363,50,4.724789,1.098944
worker_1,4030,1788087012.901134,50,4.751956,1.101504
worker_1,4031,1788087012.905934,50,4.742744,1.098112
worker_1,4032,1788087012.910724,50,4.738271,1.096672
worker_1,4033,1788087012.915509,50,4.534269,1.098368
worker_1,4034,1788087012.920068,50,4.753745,1.098240
worker_1,4035,1788087012.924839,50,4.791799,1.110944
worker_1,4036,1788087012.929647,50,4.975412,1.098592
worker_1,4037,1788087012.934671,50,4.537464,1.097824
worker_1,4038,1788087012.939232,50,4.762170,1.099040
worker_1,4039,1788087012.944013,50,4.771651,1.099008
worker_1,4040,1788087012.948804,50,4.775151,1.098144
worker_1,4041,1788087012.953595,50,4.767485,1.099008
worker_1,4042,1788087012.958377,50,5.027061,1.097504
worker_1,4043,1788087012.963454,50,4.497500,1.099456
worker_1,4044,1788087012.967976,50,4.763253,1.099968
worker_1,4045,1788087012.972757,50,4.779410,1.104480
worker_1,4046,1788087012.977553,50,4.982671,1.099552
worker_1,4047,1788087012.982586,50,4.531455,1.096608
worker_1,4048,1788087012.987154,50,4.748652,1.097792
worker_1,4049,1788087012.991922,50,4.771725,1.098624
worker_1,4050,1788087012.996710,50,4.771512,1.100448
worker_1,4051,1788087013.001497,50,4.767319,1.098624
worker_1,4052,1788087013.006282,50,4.982597,1.098560
worker_1,4053,1788087013.011314,50,4.529335,1.097600
worker_1,4054,1788087013.015869,50,4.755882,1.096512
worker_1,4055,1788087013.020643,50,4.767327,1.097312
worker_1,4056,1788087013.025430,50,4.967977,1.096800
worker_1,4057,1788087013.030445,50,4.557260,1.100640
worker_1,4058,1788087013.035029,50,4.962524,1.097216
worker_1,4059,1788087013.040039,50,4.532566,1.098560
worker_1,4060,1788087013.044597,50,4.977811,1.105696
worker_1,4061,1788087013.049623,50,4.523612,1.100416
worker_1,4062,1788087013.054171,50,4.975051,1.099328
worker_1,4063,1788087013.059193,50,4.527529,1.099168
worker_1,4064,1788087013.063744,50,4.759419,1.097856
worker_1,4065,1788087013.068521,50,4.767549,1.098720
worker_1,4066,1788087013.073305,50,4.983588,1.098112
worker_1,4067,1788087013.078337,50,4.543862,1.101184
worker_1,4068,1788087013.082917,50,4.953366,1.096256
worker_1,4069,1788087013.087919,50,4.526881,1.097824
worker_1,4070,1788087013.092470,50,4.978116,1.102784
worker_1,4071,1788087013.097495,50,4.542641,1.097792
worker_1,4072,1788087013.102062,50,4.968561,1.098656
worker_1,4073,1788087013.107077,50,4.531677,1.098400
worker_1,4074,1788087013.111633,50,4.761670,1.098272
worker_1,4075,1788087013.116412,50,4.775243,1.097792
worker_1,4076,1788087013.121206,50,4.978921,1.097952
worker_1,4077,1788087013.126235,50,4.532686,1.098112
worker_1,4078,1788087013.130793,50,4.967912,1.101120
worker_1,4079,1788087013.135809,50,4.537779,1.099136
worker_1,4080,1788087013.140373,50,4.981736,1.097920
worker_1,4081,1788087013.145401,50,4.527187,1.097376
worker_1,4082,1788087013.149951,50,5.011126,1.099968
worker_1,4083,1788087013.155010,50,4.493722,1.098400
worker_1,4084,1788087013.159528,50,4.757716,1.101312
worker_1,4085,1788087013.164304,50,4.767957,1.098336
worker_1,4086,1788087013.169088,50,5.001811,1.096704
worker_1,4087,1788087013.174149,50,4.502316,1.097792
worker_1,4088,1788087013.178677,50,4.966154,1.099520
worker_1,4089,1788087013.183690,50,4.539714,1.099584
worker_1,4090,1788087013.188256,50,4.966079,1.099328
worker_1,4091,1788087013.193268,50,4.535077,1.097248
worker_1,4092,1788087013.197828,50,4.962274,1.098688
worker_1,4093,1788087013.202838,50,4.541762,1.099424
worker_1,4094,1788087013.207405,50,4.760345,1.099040
worker_1,4095,1788087013.212183,50,4.777457,1.099552
worker_1,4096,1788087013.216979,50,4.789615,1.101568
worker_1,4097,1788087013.221785,50,4.769615,1.098624
worker_1,4098,1788087013.226572,50,4.985661,1.099232
worker_1,4099,1788087013.231685,50,4.446807,1.097664
worker_1,4100,1788087013.236159,50,4.749003,1.097216
worker_1,4101,1788087013.240929,50,4.773068,1.099360
worker_1,4102,1788087013.245720,50,4.975542,1.098912
worker_1,4103,1788087013.250744,50,4.531567,1.099712
worker_1,4104,1788087013.255301,50,4.775818,1.098400
worker_1,4105,1788087013.260096,50,4.762699,1.100320
worker_1,4106,1788087013.264875,50,4.766170,1.096352
worker_1,4107,1788087013.269672,50,4.757494,1.098176
worker_1,4108,1788087013.274446,50,4.975274,1.098240
worker_1,4109,1788087013.279471,50,4.558538,1.098560
worker_1,4110,1788087013.284055,50,4.764086,1.104448
worker_1,4111,1788087013.288838,50,4.760818,1.098432
worker_1,4112,1788087013.293615,50,4.989690,1.099488
worker_1,4113,1788087013.298654,50,4.534038,1.099392
worker_1,4114,1788087013.303215,50,4.755133,1.098400
worker_1,4115,1788087013.307990,50,4.770189,1.101440
worker_1,4116,1788087013.312777,50,4.769726,1.098496
worker_1,4117,1788087013.317562,50,4.774410,1.100288
worker_1,4118,1788087013.322352,50,4.995942,1.098368
worker_1,4119,1788087013.327398,50,4.531612,1.098400
worker_1,4120,1788087013.331954,50,4.761633,1.099680
worker_1,4121,1788087013.336733,50,4.770318,1.099296
worker_1,4122,1788087013.341520,50,4.991505,1.098080
worker_1,4123,1788087013.346560,50,4.521353,1.099424
worker_1,4124,1788087013.351108,50,5.004051,1.098816
worker_1,4125,1788087013.356158,50,4.507575,1.102496
worker_1,4126,1788087013.360699,50,4.956931,1.098144
worker_1,4127,1788087013.365704,50,4.531418,1.098304
worker_1,4128,1788087013.370260,50,4.962773,1.099424
worker_1,4129,1788087013.375271,50,4.536353,1.098592
worker_1,4130,1788087013.379833,50,4.764375,1.098848
worker_1,4131,1788087013.384618,50,4.766845,1.098336
worker_1,4132,1788087013.389401,50,4.973977,1.097056
worker_1,4133,1788087013.394425,50,4.544604,1.098528
worker_1,4134,1788087013.398995,50,4.963283,1.096736
worker_1,4135,1788087013.404007,50,4.686705,1.098368
worker_1,4136,1788087013.408719,50,4.969070,1.104064
worker_1,4137,1788087013.413735,50,4.534678,1.097472
worker_1,4138,1788087013.418295,50,4.923014,1.096800
worker_1,4139,1788087013.423267,50,4.435139,1.099456
worker_1,4140,1788087013.427726,50,4.763948,1.098432
worker_1,4141,1788087013.432508,50,4.771114,1.105888
worker_1,4142,1788087013.437296,50,4.982107,1.099520
worker_1,4143,1788087013.442326,50,4.556557,1.099168
worker_1,4144,1788087013.446907,50,4.962820,1.097504
worker_1,4145,1788087013.451918,50,4.536223,1.097888
worker_1,4146,1788087013.456490,50,4.952283,1.100000
worker_1,4147,1788087013.461491,50,4.542984,1.099616
worker_1,4148,1788087013.466059,50,4.989811,1.102720
worker_1,4149,1788087013.471097,50,4.530891,1.098496
worker_1,4150,1788087013.475654,50,4.758800,1.099264
worker_1,4151,1788087013.480434,50,4.762401,1.098400
worker_1,4152,1788087013.485214,50,4.980136,1.097952
worker_1,4153,1788087013.490242,50,4.534029,1.098784
worker_1,4154,1788087013.494802,50,4.965578,1.098464
worker_1,4155,1788087013.499814,50,4.541464,1.099584
worker_1,4156,1788087013.504383,50,4.965986,1.097536
worker_1,4157,1788087013.509396,50,4.536334,1.098336
worker_1,4158,1788087013.513958,50,4.756336,1.097216
worker_1,4159,1788087013.518733,50,4.982264,1.099104
worker_1,4160,1788087013.523765,50,4.527714,1.098400
worker_1,4161,1788087013.528317,50,4.955968,1.098560
worker_1,4162,1788087013.533322,50,4.544308,1.097056
worker_1,4163,1788087013.537893,50,4.961097,1.099328
worker_1,4164,1788087013.542901,50,4.542326,1.099040
worker_1,4165,1788087013.547479,50,4.751216,1.097792
worker_1,4166,1788087013.552250,50,4.765808,1.098368
worker_1,4167,1788087013.557034,50,4.991580,1.101088
worker_1,4168,1788087013.562073,50,4.536463,1.099680
worker_1,4169,1788087013.566635,50,4.978542,1.099936
worker_1,4170,1788087013.571661,50,4.529640,1.098432
worker_1,4171,1788087013.576225,50,4.753217,1.099616
worker_1,4172,1788087013.580997,50,4.772864,1.098624
worker_1,4173,1788087013.585787,50,4.978930,1.097344
worker_1,4174,1788087013.590814,50,4.537048,1.098144
worker_1,4175,1788087013.595381,50,4.751419,1.099136
worker_1,4176,1788087013.600151,50,4.766624,1.099168
