label,batch,start_unix_s,operations,wall_ms,cuda_batch_ms
worker_4,0,1788087253.613193,50,3.098749,1.100608
worker_4,1,1788087253.616349,50,6.642289,1.097472
worker_4,2,1788087253.623023,50,9.654918,1.104608
worker_4,3,1788087253.632725,50,9.542917,1.098752
worker_4,4,1788087253.642315,50,9.333063,1.097792
worker_4,5,1788087253.651676,50,9.536047,1.098976
worker_4,6,1788087253.661231,50,9.576000,1.098144
worker_4,7,1788087253.670826,50,9.559935,1.096256
worker_4,8,1788087253.680405,50,9.581648,1.098272
worker_4,9,1788087253.690002,50,9.570686,1.097856
worker_4,10,1788087253.699606,50,9.759594,1.097024
worker_4,11,1788087253.709414,50,9.539731,1.096416
worker_4,12,1788087253.719000,50,9.548028,1.098624
worker_4,13,1788087253.728595,50,9.536101,1.097600
worker_4,14,1788087253.738178,50,9.539074,1.098304
worker_4,15,1788087253.747763,50,9.338276,1.098880
worker_4,16,1788087253.757126,50,9.548251,1.098688
worker_4,17,1788087253.766693,50,9.567361,1.100064
worker_4,18,1788087253.776277,50,9.578057,1.096320
worker_4,19,1788087253.785873,50,9.555658,1.098400
worker_4,20,1788087253.795445,50,9.773141,1.097248
worker_4,21,1788087253.805268,50,9.534185,1.098368
worker_4,22,1788087253.814848,50,9.534695,1.096448
worker_4,23,1788087253.824430,50,9.550111,1.096704
worker_4,24,1788087253.834026,50,9.349823,1.096608
worker_4,25,1788087253.843403,50,9.548444,1.096736
worker_4,26,1788087253.852970,50,9.576111,1.098112
worker_4,27,1788087253.862564,50,9.560278,1.098752
worker_4,28,1788087253.872140,50,9.563797,1.098176
worker_4,29,1788087253.881735,50,9.554177,1.100544
worker_4,30,1788087253.891306,50,9.569019,1.098080
worker_4,31,1788087253.900893,50,9.781003,1.097184
worker_4,32,1788087253.910725,50,9.538686,1.098624
worker_4,33,1788087253.920313,50,9.537880,1.098112
worker_4,34,1788087253.929899,50,9.535491,1.098592
worker_4,35,1788087253.939481,50,9.330693,1.098496
worker_4,36,1788087253.948835,50,9.565927,1.097856
worker_4,37,1788087253.958421,50,9.561445,1.096672
worker_4,38,1788087253.967998,50,9.578010,1.100448
worker_4,39,1788087253.977593,50,9.561861,1.098208
worker_4,40,1788087253.987172,50,9.577982,1.098240
worker_4,41,1788087253.996772,50,9.765761,1.097280
worker_4,42,1788087254.006584,50,9.536102,1.096448
worker_4,43,1788087254.016167,50,9.571741,1.112320
worker_4,44,1788087254.025786,50,9.533194,1.096256
worker_4,45,1788087254.035367,50,9.327610,1.097216
worker_4,46,1788087254.044721,50,9.547853,1.097152
worker_4,47,1788087254.054288,50,9.555482,1.097760
worker_4,48,1788087254.063860,50,9.587973,1.096576
worker_4,49,1788087254.073480,50,9.552047,1.098624
worker_4,50,1788087254.083048,50,9.584223,1.102976
worker_4,51,1788087254.092648,50,9.559075,1.096448
worker_4,52,1788087254.102225,50,9.568649,1.097728
worker_4,53,1788087254.111810,50,9.579788,1.097248
worker_4,54,1788087254.121406,50,9.785540,1.099008
worker_4,55,1788087254.131243,50,9.535269,1.100960
worker_4,56,1788087254.140826,50,9.529908,1.095904
worker_4,57,1788087254.150403,50,9.336499,1.096352
worker_4,58,1788087254.159766,50,9.563269,1.096832
worker_4,59,1788087254.169347,50,9.563787,1.098464
worker_4,60,1788087254.178928,50,9.569028,1.097632
worker_4,61,1788087254.188514,50,9.564999,1.097920
worker_4,62,1788087254.198094,50,9.797140,1.098624
worker_4,63,1788087254.207940,50,9.546073,1.098112
worker_4,64,1788087254.217534,50,9.535769,1.096960
worker_4,65,1788087254.227118,50,9.538787,1.097024
worker_4,66,1788087254.236702,50,9.538361,1.096768
worker_4,67,1788087254.246286,50,9.328173,1.098112
worker_4,68,1788087254.255655,50,9.565464,1.098368
worker_4,69,1788087254.265239,50,9.562175,1.097792
worker_4,70,1788087254.274818,50,9.572657,1.101024
worker_4,71,1788087254.284408,50,9.570852,1.098944
worker_4,72,1788087254.293993,50,9.571334,1.096448
worker_4,73,1788087254.303587,50,9.769271,1.097440
worker_4,74,1788087254.313403,50,9.546556,1.097152
worker_4,75,1788087254.322996,50,9.539944,1.095904
worker_4,76,1788087254.332587,50,9.542528,1.097472
worker_4,77,1788087254.342179,50,9.545620,1.097344
worker_4,78,1788087254.351772,50,9.352887,1.099872
worker_4,79,1788087254.361150,50,9.549231,1.096768
worker_4,80,1788087254.370716,50,9.566000,1.096896
worker_4,81,1788087254.380298,50,9.568260,1.098848
worker_4,82,1788087254.389882,50,9.571584,1.098112
worker_4,83,1788087254.399470,50,9.779420,1.098272
worker_4,84,1788087254.409298,50,9.532797,1.098400
worker_4,85,1788087254.418877,50,9.539555,1.096960
worker_4,86,1788087254.428463,50,9.550352,1.097920
worker_4,87,1788087254.438061,50,9.542705,1.098592
worker_4,88,1788087254.447667,50,9.307388,1.097568
worker_4,89,1788087254.457000,50,9.556158,1.097440
worker_4,90,1788087254.466574,50,9.564102,1.098752
worker_4,91,1788087254.476154,50,9.597788,1.100160
worker_4,92,1788087254.485770,50,9.562741,1.098240
worker_4,93,1788087254.495350,50,9.559592,1.096416
worker_4,94,1788087254.504927,50,9.784123,1.099072
worker_4,95,1788087254.514761,50,9.532129,1.098368
worker_4,96,1788087254.524340,50,9.550445,1.100512
worker_4,97,1788087254.533938,50,9.541020,1.097376
worker_4,98,1788087254.543525,50,9.535315,1.098816
worker_4,99,1788087254.553107,50,9.530360,1.096512
worker_4,100,1788087254.562683,50,9.565223,1.098592
worker_4,101,1788087254.572297,50,9.532121,1.097568
worker_4,102,1788087254.581875,50,9.532908,1.096800
worker_4,103,1788087254.591454,50,9.542131,1.097472
worker_4,104,1788087254.601043,50,9.388277,1.096608
worker_4,105,1788087254.610468,50,9.495870,1.098304
worker_4,106,1788087254.619988,50,9.562862,1.097888
worker_4,107,1788087254.629581,50,9.551584,1.096704
worker_4,108,1788087254.639152,50,9.570251,1.101504
worker_4,109,1788087254.648742,50,9.562066,1.098048
worker_4,110,1788087254.658321,50,9.574362,1.101920
worker_4,111,1788087254.667912,50,9.556685,1.097792
worker_4,112,1788087254.677485,50,9.787881,1.099584
worker_4,113,1788087254.687323,50,9.531908,1.098464
worker_4,114,1788087254.696903,50,9.538417,1.096864
worker_4,115,1788087254.706488,50,9.529621,1.098112
worker_4,116,1788087254.716064,50,9.554861,1.097920
worker_4,117,1788087254.725666,50,9.342434,1.104416
worker_4,118,1788087254.735034,50,9.762946,1.099328
worker_4,119,1788087254.744843,50,9.335266,1.097472
worker_4,120,1788087254.754205,50,9.764595,1.098368
worker_4,121,1788087254.764019,50,9.361907,1.098144
worker_4,122,1788087254.773407,50,9.762057,1.099008
worker_4,123,1788087254.783216,50,9.332082,1.096352
worker_4,124,1788087254.792572,50,9.762420,1.098144
worker_4,125,1788087254.802382,50,9.347740,1.097600
worker_4,126,1788087254.811755,50,9.762890,1.097632
worker_4,127,1788087254.821583,50,9.333554,1.098624
worker_4,128,1788087254.830943,50,9.763235,1.098400
worker_4,129,1788087254.840755,50,9.341499,1.098656
worker_4,130,1788087254.850122,50,9.769281,1.097184
worker_4,131,1788087254.859940,50,9.322230,1.097152
worker_4,132,1788087254.869286,50,9.811095,1.097952
worker_4,133,1788087254.879146,50,9.298072,1.104768
worker_4,134,1788087254.888469,50,9.787243,1.097952
worker_4,135,1788087254.898304,50,9.318675,1.098496
worker_4,136,1788087254.907647,50,9.778438,1.097920
worker_4,137,1788087254.917474,50,9.322054,1.098112
worker_4,138,1788087254.926822,50,9.793299,1.097120
worker_4,139,1788087254.936664,50,9.322795,1.097632
worker_4,140,1788087254.946012,50,9.757392,1.096224
worker_4,141,1788087254.955818,50,9.335582,1.097792
worker_4,142,1788087254.965179,50,9.762307,1.096576
worker_4,143,1788087254.974990,50,9.328729,1.104480
worker_4,144,1788087254.984343,50,9.784483,1.096864
worker_4,145,1788087254.994176,50,9.320785,1.098656
worker_4,146,1788087255.003535,50,9.741492,1.097664
worker_4,147,1788087255.013324,50,9.327303,1.096448
worker_4,148,1788087255.022678,50,9.767317,1.096768
worker_4,149,1788087255.032494,50,9.324915,1.096928
worker_4,150,1788087255.041844,50,9.764650,1.099296
worker_4,151,1788087255.051656,50,9.334776,1.101856
worker_4,152,1788087255.061016,50,9.782169,1.098304
worker_4,153,1788087255.070847,50,9.319128,1.098432
worker_4,154,1788087255.080191,50,9.780289,1.097952
worker_4,155,1788087255.090020,50,9.321508,1.097280
worker_4,156,1788087255.099474,50,9.670751,1.101600
worker_4,157,1788087255.109194,50,9.327498,1.097792
worker_4,158,1788087255.118547,50,9.779410,1.097632
worker_4,159,1788087255.128375,50,9.330601,1.098112
worker_4,160,1788087255.137730,50,9.770631,1.098432
worker_4,161,1788087255.147549,50,9.329814,1.098368
worker_4,162,1788087255.156904,50,9.756881,1.097312
worker_4,163,1788087255.166709,50,9.327231,1.097696
worker_4,164,1788087255.176062,50,9.765233,1.096032
worker_4,165,1788087255.185876,50,9.329887,1.098816
worker_4,166,1788087255.195247,50,9.782539,1.096640
worker_4,167,1788087255.205079,50,9.344166,1.098720
worker_4,168,1788087255.214448,50,9.774678,1.097920
worker_4,169,1788087255.224273,50,9.335304,1.104224
worker_4,170,1788087255.233634,50,9.792392,1.097504
worker_4,171,1788087255.243475,50,9.297814,1.095712
worker_4,172,1788087255.252803,50,9.550288,1.102560
worker_4,173,1788087255.262374,50,9.571455,1.096928
worker_4,174,1788087255.271964,50,9.776418,1.096704
worker_4,175,1788087255.281790,50,9.313720,1.096224
worker_4,176,1788087255.291128,50,9.666715,1.097184
worker_4,177,1788087255.300846,50,9.442786,1.096320
worker_4,178,1788087255.310313,50,9.771863,1.098816
worker_4,179,1788087255.320134,50,9.344868,1.099008
worker_4,180,1788087255.329504,50,9.762716,1.095904
worker_4,181,1788087255.339316,50,9.336118,1.096736
worker_4,182,1788087255.348677,50,9.781594,1.102464
worker_4,183,1788087255.358509,50,9.312952,1.096928
worker_4,184,1788087255.367847,50,9.775512,1.096416
worker_4,185,1788087255.377689,50,9.303035,1.098912
worker_4,186,1788087255.387018,50,9.773669,1.097248
worker_4,187,1788087255.396840,50,9.326369,1.096480
worker_4,188,1788087255.406192,50,9.763364,1.098880
worker_4,189,1788087255.416005,50,9.323906,1.096928
worker_4,190,1788087255.425352,50,9.778873,1.098784
worker_4,191,1788087255.435181,50,9.327332,1.100096
worker_4,192,1788087255.444535,50,9.794827,1.098592
worker_4,193,1788087255.454378,50,9.318323,1.098880
worker_4,194,1788087255.463721,50,9.770188,1.097088
worker_4,195,1788087255.473539,50,9.336526,1.097728
worker_4,196,1788087255.482901,50,9.776669,1.101184
worker_4,197,1788087255.492725,50,9.337415,1.096256
worker_4,198,1788087255.502089,50,9.763883,1.098112
worker_4,199,1788087255.511901,50,9.350740,1.097696
worker_4,200,1788087255.521277,50,9.768651,1.096960
worker_4,201,1788087255.531095,50,9.327674,1.096448
worker_4,202,1788087255.540448,50,9.756808,1.097728
worker_4,203,1788087255.550252,50,9.328933,1.096288
worker_4,204,1788087255.559606,50,9.763058,1.098368
worker_4,205,1788087255.569434,50,9.310618,1.096768
worker_4,206,1788087255.578771,50,9.762992,1.098400
worker_4,207,1788087255.588585,50,9.321127,1.097152
worker_4,208,1788087255.597932,50,9.797790,1.097824
worker_4,209,1788087255.607778,50,9.330349,1.100672
worker_4,210,1788087255.617134,50,9.570241,1.096576
worker_4,211,1788087255.626724,50,9.778464,1.096832
worker_4,212,1788087255.636551,50,9.328710,1.097760
worker_4,213,1788087255.645904,50,9.567120,1.099328
worker_4,214,1788087255.655489,50,9.564268,1.100288
worker_4,215,1788087255.665069,50,9.564944,1.098880
worker_4,216,1788087255.674649,50,9.572380,1.098336
worker_4,217,1788087255.684237,50,9.569963,1.097824
worker_4,218,1788087255.693822,50,9.574222,1.096480
worker_4,219,1788087255.703411,50,9.796725,1.099968
worker_4,220,1788087255.713261,50,9.523130,1.097088
worker_4,221,1788087255.722832,50,9.538278,1.097024
worker_4,222,1788087255.732418,50,9.540889,1.098240
worker_4,223,1788087255.742005,50,9.549417,1.098496
worker_4,224,1788087255.751612,50,9.331175,1.104704
worker_4,225,1788087255.760969,50,9.547621,1.096544
worker_4,226,1788087255.770534,50,9.567491,1.098912
worker_4,227,1788087255.780118,50,9.566797,1.098688
worker_4,228,1788087255.789700,50,9.563177,1.098016
worker_4,229,1788087255.799278,50,9.565464,1.097696
worker_4,230,1788087255.808860,50,9.792252,1.097696
worker_4,231,1788087255.818702,50,9.550898,1.096736
worker_4,232,1788087255.828306,50,9.543103,1.096736
worker_4,233,1788087255.837897,50,9.540936,1.097472
worker_4,234,1788087255.847484,50,9.539890,1.097568
worker_4,235,1788087255.857070,50,9.360008,1.097376
worker_4,236,1788087255.866455,50,9.558020,1.099296
worker_4,237,1788087255.876030,50,9.574482,1.102624
worker_4,238,1788087255.885620,50,9.568473,1.097824
worker_4,239,1788087255.895205,50,9.568787,1.098144
worker_4,240,1788087255.904791,50,9.763918,1.098656
worker_4,241,1788087255.914600,50,9.546759,1.098464
worker_4,242,1788087255.924194,50,9.346045,1.096672
worker_4,243,1788087255.933571,50,9.542056,1.098752
worker_4,244,1788087255.943148,50,9.541685,1.098976
worker_4,245,1788087255.952708,50,9.561732,1.096352
worker_4,246,1788087255.962287,50,9.793891,1.098752
worker_4,247,1788087255.972131,50,9.313618,1.099552
worker_4,248,1788087255.981472,50,9.559203,1.099200
worker_4,249,1788087255.991051,50,9.571982,1.102688
worker_4,250,1788087256.000640,50,9.561380,1.097536
worker_4,251,1788087256.010217,50,9.795735,1.096512
worker_4,252,1788087256.020062,50,9.537529,1.099968
worker_4,253,1788087256.029646,50,9.557593,1.096544
worker_4,254,1788087256.039251,50,9.544110,1.096832
worker_4,255,1788087256.048842,50,9.529944,1.097280
worker_4,256,1788087256.058419,50,9.548260,1.097088
worker_4,257,1788087256.068014,50,9.541325,1.101504
worker_4,258,1788087256.077601,50,9.545667,1.097600
worker_4,259,1788087256.087194,50,9.541500,1.096896
worker_4,260,1788087256.096782,50,9.550733,1.096672
worker_4,261,1788087256.106379,50,9.540372,1.097952
worker_4,262,1788087256.115966,50,9.538472,1.098240
worker_4,263,1788087256.125567,50,9.525759,1.097600
worker_4,264,1788087256.135141,50,9.534288,1.096800
worker_4,265,1788087256.144721,50,9.532584,1.098528
worker_4,266,1788087256.154300,50,9.546270,1.097088
worker_4,267,1788087256.163893,50,9.322572,1.097472
worker_4,268,1788087256.173242,50,9.770966,1.098656
worker_4,269,1788087256.183064,50,9.323999,1.098880
worker_4,270,1788087256.192415,50,9.773540,1.096704
worker_4,271,1788087256.202237,50,9.320647,1.097536
worker_4,272,1788087256.211583,50,9.766494,1.097216
worker_4,273,1788087256.221399,50,9.329517,1.097792
worker_4,274,1788087256.230753,50,9.776549,1.103840
worker_4,275,1788087256.240579,50,9.329897,1.098688
worker_4,276,1788087256.249933,50,9.772910,1.097472
worker_4,277,1788087256.259754,50,9.317961,1.096416
worker_4,278,1788087256.269098,50,9.776622,1.099072
worker_4,279,1788087256.278924,50,9.316757,1.098112
worker_4,280,1788087256.288265,50,9.758520,1.096544
worker_4,281,1788087256.298073,50,9.336867,1.096064
worker_4,282,1788087256.307438,50,9.767622,1.100992
worker_4,283,1788087256.317267,50,9.327118,1.099072
worker_4,284,1788087256.326621,50,9.774742,1.098400
worker_4,285,1788087256.336445,50,9.332767,1.097536
worker_4,286,1788087256.345802,50,9.782760,1.098560
worker_4,287,1788087256.355633,50,9.335497,1.098464
worker_4,288,1788087256.364994,50,9.782863,1.098944
worker_4,289,1788087256.374825,50,9.343313,1.098368
worker_4,290,1788087256.384193,50,9.773956,1.099104
worker_4,291,1788087256.394014,50,9.317832,1.096704
worker_4,292,1788087256.403357,50,9.757547,1.098976
worker_4,293,1788087256.413162,50,9.327257,1.098240
worker_4,294,1788087256.422515,50,9.772752,1.096352
worker_4,295,1788087256.432337,50,9.339720,1.099008
worker_4,296,1788087256.441702,50,9.760538,1.098944
worker_4,297,1788087256.451509,50,9.348080,1.097408
worker_4,298,1788087256.460882,50,9.765807,1.098432
worker_4,299,1788087256.470697,50,9.337219,1.098784
worker_4,300,1788087256.480059,50,9.798307,1.108192
worker_4,301,1788087256.489907,50,9.318971,1.098688
worker_4,302,1788087256.499255,50,9.767918,1.097888
worker_4,303,1788087256.509069,50,9.325341,1.099232
worker_4,304,1788087256.518420,50,9.756363,1.097504
worker_4,305,1788087256.528237,50,9.316414,1.097664
worker_4,306,1788087256.537579,50,9.764095,1.096192
worker_4,307,1788087256.547393,50,9.330600,1.100192
worker_4,308,1788087256.556749,50,9.810706,1.098560
worker_4,309,1788087256.566610,50,9.290146,1.097824
worker_4,310,1788087256.576014,50,9.836475,1.099360
worker_4,311,1788087256.585899,50,9.338517,1.097792
worker_4,312,1788087256.595265,50,9.763316,1.098048
worker_4,313,1788087256.605077,50,9.341600,1.096576
worker_4,314,1788087256.614444,50,9.762372,1.098496
worker_4,315,1788087256.624265,50,9.253414,1.097344
worker_4,316,1788087256.633544,50,9.858633,1.097472
worker_4,317,1788087256.643452,50,9.270803,1.105824
worker_4,318,1788087256.652749,50,9.728631,1.098944
worker_4,319,1788087256.662526,50,9.272924,1.097440
worker_4,320,1788087256.671825,50,9.766956,1.101152
worker_4,321,1788087256.681641,50,9.328322,1.096352
worker_4,322,1788087256.691007,50,9.753919,1.098880
worker_4,323,1788087256.700808,50,9.341018,1.098976
worker_4,324,1788087256.710176,50,9.781753,1.097920
worker_4,325,1788087256.720007,50,9.346906,1.097408
worker_4,326,1788087256.729382,50,9.747161,1.095520
worker_4,327,1788087256.739178,50,9.321231,1.096736
worker_4,328,1788087256.748526,50,9.768753,1.098624
worker_4,329,1788087256.758343,50,9.329786,1.096704
worker_4,330,1788087256.767698,50,9.758150,1.098784
worker_4,331,1788087256.777503,50,9.353629,1.100736
worker_4,332,1788087256.786881,50,9.754234,1.095648
worker_4,333,1788087256.796684,50,9.349749,1.098880
worker_4,334,1788087256.806062,50,9.548991,1.096288
worker_4,335,1788087256.815632,50,9.562658,1.100416
worker_4,336,1788087256.825215,50,9.570936,1.098048
worker_4,337,1788087256.834805,50,9.560917,1.098112
worker_4,338,1788087256.844384,50,9.566242,1.098880
worker_4,339,1788087256.853967,50,9.582890,1.096416
worker_4,340,1788087256.863567,50,9.805817,1.098848
worker_4,341,1788087256.873433,50,9.304314,1.097760
worker_4,342,1788087256.882762,50,9.769224,1.098368
worker_4,343,1788087256.892580,50,9.328332,1.098592
worker_4,344,1788087256.901933,50,9.793308,1.098816
worker_4,345,1788087256.911776,50,9.325212,1.096192
worker_4,346,1788087256.921124,50,9.769039,1.101696
worker_4,347,1788087256.930941,50,9.329507,1.097632
worker_4,348,1788087256.940297,50,9.769538,1.096672
worker_4,349,1788087256.950115,50,9.319719,1.098400
worker_4,350,1788087256.959464,50,9.761742,1.102048
worker_4,351,1788087256.969274,50,9.351054,1.097184
worker_4,352,1788087256.978654,50,9.550825,1.098848
worker_4,353,1788087256.988243,50,9.544787,1.097888
worker_4,354,1788087256.997806,50,9.570203,1.104416
worker_4,355,1788087257.007393,50,9.562999,1.097344
worker_4,356,1788087257.016973,50,9.584400,1.098816
worker_4,357,1788087257.026573,50,9.776798,1.096768
worker_4,358,1788087257.036401,50,9.332904,1.096576
worker_4,359,1788087257.045759,50,9.760946,1.097184
worker_4,360,1788087257.055570,50,9.337266,1.098688
worker_4,361,1788087257.064950,50,9.747335,1.100544
worker_4,362,1788087257.074746,50,9.324545,1.098592
worker_4,363,1788087257.084096,50,9.769252,1.096544
worker_4,364,1788087257.093914,50,9.327609,1.097792
worker_4,365,1788087257.103266,50,9.776067,1.097440
worker_4,366,1788087257.113089,50,9.332155,1.098880
worker_4,367,1788087257.122446,50,9.773864,1.098208
worker_4,368,1788087257.132268,50,9.328156,1.097792
worker_4,369,1788087257.141620,50,9.760086,1.096096
worker_4,370,1788087257.151430,50,9.332591,1.101312
worker_4,371,1788087257.160788,50,9.755688,1.095680
worker_4,372,1788087257.170592,50,9.332870,1.097824
worker_4,373,1788087257.179950,50,9.769892,1.099168
worker_4,374,1788087257.189770,50,9.319184,1.097760
worker_4,375,1788087257.199116,50,9.772697,1.099328
worker_4,376,1788087257.208937,50,9.318536,1.098912
worker_4,377,1788087257.218280,50,9.766161,1.096896
worker_4,378,1788087257.228094,50,9.333193,1.097600
worker_4,379,1788087257.237453,50,9.754835,1.098464
worker_4,380,1788087257.247269,50,9.318896,1.098368
worker_4,381,1788087257.256613,50,9.780353,1.097184
worker_4,382,1788087257.266441,50,9.342165,1.097728
worker_4,383,1788087257.275808,50,9.773216,1.098368
worker_4,384,1788087257.285630,50,9.338545,1.097472
worker_4,385,1788087257.294994,50,9.614769,1.097088
worker_4,386,1788087257.304663,50,9.487972,1.096288
worker_4,387,1788087257.314177,50,9.754881,1.095872
worker_4,388,1788087257.323979,50,9.343934,1.098848
worker_4,389,1788087257.333348,50,9.768835,1.096832
worker_4,390,1788087257.343165,50,9.329092,1.098624
worker_4,391,1788087257.352522,50,9.767187,1.097056
worker_4,392,1788087257.362337,50,9.338758,1.098816
worker_4,393,1788087257.371702,50,9.810124,1.096832
worker_4,394,1788087257.381560,50,9.294536,1.097248
worker_4,395,1788087257.390879,50,9.768289,1.098816
worker_4,396,1788087257.400693,50,9.321888,1.098816
worker_4,397,1788087257.410040,50,9.808938,1.096960
worker_4,398,1788087257.419899,50,9.348054,1.097504
worker_4,399,1788087257.429273,50,9.768716,1.098944
worker_4,400,1788087257.439101,50,9.328369,1.102944
worker_4,401,1788087257.448457,50,9.779030,1.097888
worker_4,402,1788087257.458285,50,9.326592,1.096416
worker_4,403,1788087257.467638,50,9.786133,1.098080
worker_4,404,1788087257.477473,50,9.337694,1.098624
worker_4,405,1788087257.486836,50,9.764068,1.096800
worker_4,406,1788087257.496648,50,9.332166,1.097632
worker_4,407,1788087257.506005,50,9.776096,1.096672
worker_4,408,1788087257.515829,50,9.324970,1.098560
worker_4,409,1788087257.525180,50,9.750438,1.097824
worker_4,410,1788087257.534978,50,9.339175,1.104512
worker_4,411,1788087257.544343,50,9.772420,1.098432
worker_4,412,1788087257.554164,50,9.328462,1.098464
worker_4,413,1788087257.563517,50,9.768197,1.098464
worker_4,414,1788087257.573334,50,9.342711,1.096608
worker_4,415,1788087257.582703,50,9.920133,1.098304
worker_4,416,1788087257.592670,50,9.325933,1.098048
worker_4,417,1788087257.602021,50,9.775253,1.098880
worker_4,418,1788087257.611848,50,9.317620,1.097152
worker_4,419,1788087257.621204,50,9.767188,1.096128
worker_4,420,1788087257.631020,50,9.177987,1.099168
worker_4,421,1788087257.640231,50,9.935207,1.096480
worker_4,422,1788087257.650214,50,9.219330,1.098464
worker_4,423,1788087257.659459,50,9.715945,1.098848
worker_4,424,1788087257.669224,50,9.330600,1.097792
worker_4,425,1788087257.678580,50,9.763826,1.096672
worker_4,426,1788087257.688392,50,9.333674,1.098944
worker_4,427,1788087257.697750,50,9.767289,1.096352
worker_4,428,1788087257.707565,50,9.433972,1.099168
worker_4,429,1788087257.717025,50,9.843706,1.097280
worker_4,430,1788087257.726918,50,9.156978,1.096192
worker_4,431,1788087257.736099,50,9.779002,1.104480
worker_4,432,1788087257.745927,50,9.323322,1.096864
worker_4,433,1788087257.755277,50,9.755160,1.097664
worker_4,434,1788087257.765080,50,9.361952,1.095712
worker_4,435,1788087257.774467,50,9.768744,1.096672
worker_4,436,1788087257.784284,50,9.352082,1.113888
worker_4,437,1788087257.793662,50,9.771577,1.098784
worker_4,438,1788087257.803483,50,9.343536,1.101120
worker_4,439,1788087257.812865,50,9.753372,1.097248
worker_4,440,1788087257.822666,50,9.325036,1.098560
worker_4,441,1788087257.832016,50,9.766650,1.097056
worker_4,442,1788087257.841831,50,9.338396,1.099040
worker_4,443,1788087257.851195,50,9.770345,1.097696
worker_4,444,1788087257.861013,50,9.324748,1.098336
worker_4,445,1788087257.870363,50,9.772085,1.097152
worker_4,446,1788087257.880185,50,9.332879,1.098688
worker_4,447,1788087257.889544,50,9.763920,1.098720
worker_4,448,1788087257.899355,50,9.328425,1.096992
worker_4,449,1788087257.908709,50,9.756808,1.098880
worker_4,450,1788087257.918514,50,9.327730,1.097664
worker_4,451,1788087257.927867,50,9.555742,1.098848
worker_4,452,1788087257.937442,50,9.563094,1.098944
worker_4,453,1788087257.947021,50,9.579917,1.098816
worker_4,454,1788087257.956617,50,9.573399,1.098464
worker_4,455,1788087257.966207,50,9.561131,1.098464
worker_4,456,1788087257.975785,50,9.570538,1.096640
worker_4,457,1788087257.985373,50,9.564741,1.098304
worker_4,458,1788087257.994963,50,9.607241,1.096224
worker_4,459,1788087258.004587,50,9.566946,1.098144
worker_4,460,1788087258.014169,50,9.585343,1.097536
worker_4,461,1788087258.023769,50,9.804512,1.099072
worker_4,462,1788087258.033624,50,9.521741,1.096480
worker_4,463,1788087258.043192,50,9.539482,1.098208
worker_4,464,1788087258.052871,50,9.442176,1.097856
worker_4,465,1788087258.062360,50,9.535751,1.097728
worker_4,466,1788087258.071940,50,9.539751,1.097760
worker_4,467,1788087258.081528,50,9.555547,1.099104
worker_4,468,1788087258.091131,50,9.535343,1.097408
worker_4,469,1788087258.100713,50,9.549899,1.097184
worker_4,470,1788087258.110310,50,9.532047,1.097632
worker_4,471,1788087258.119892,50,9.540103,1.098944
worker_4,472,1788087258.129479,50,9.574556,1.106080
worker_4,473,1788087258.139100,50,9.528555,1.098464
worker_4,474,1788087258.148675,50,9.552992,1.096672
worker_4,475,1788087258.158275,50,9.524398,1.098592
worker_4,476,1788087258.167846,50,9.338998,1.102560
worker_4,477,1788087258.177210,50,9.777845,1.096992
worker_4,478,1788087258.187049,50,9.316609,1.097408
worker_4,479,1788087258.196390,50,9.727215,1.096032
worker_4,480,1788087258.206167,50,9.376962,1.098560
worker_4,481,1788087258.215571,50,9.778595,1.096512
worker_4,482,1788087258.225399,50,9.319831,1.096608
worker_4,483,1788087258.234744,50,9.791891,1.101920
worker_4,484,1788087258.244587,50,9.320480,1.096352
worker_4,485,1788087258.253934,50,9.772058,1.095680
worker_4,486,1788087258.263754,50,9.321877,1.098560
worker_4,487,1788087258.273101,50,9.763206,1.096576
worker_4,488,1788087258.282914,50,9.327655,1.098368
worker_4,489,1788087258.292267,50,9.775863,1.096224
worker_4,490,1788087258.302092,50,9.319831,1.098816
worker_4,491,1788087258.311438,50,9.773419,1.098592
worker_4,492,1788087258.321261,50,9.323646,1.096800
worker_4,493,1788087258.330609,50,9.771567,1.096640
worker_4,494,1788087258.340429,50,9.339545,1.098784
worker_4,495,1788087258.349794,50,9.773132,1.096864
worker_4,496,1788087258.359617,50,9.343572,1.099488
worker_4,497,1788087258.368997,50,9.755686,1.096672
worker_4,498,1788087258.378800,50,9.341480,1.097536
worker_4,499,1788087258.388167,50,9.773549,1.098080
worker_4,500,1788087258.397990,50,9.319905,1.098848
worker_4,501,1788087258.407336,50,9.758724,1.097088
worker_4,502,1788087258.417142,50,9.333443,1.096256
worker_4,503,1788087258.426502,50,9.785715,1.097920
worker_4,504,1788087258.436338,50,9.335082,1.102304
worker_4,505,1788087258.445698,50,9.769677,1.098368
worker_4,506,1788087258.455518,50,9.330859,1.096640
worker_4,507,1788087258.464875,50,9.552629,1.097504
worker_4,508,1788087258.474447,50,9.563547,1.096992
worker_4,509,1788087258.484029,50,9.563362,1.098432
worker_4,510,1788087258.493608,50,9.567751,1.096928
worker_4,511,1788087258.503193,50,9.788086,1.100192
worker_4,512,1788087258.513030,50,9.324850,1.099616
worker_4,513,1788087258.522380,50,9.769892,1.096480
worker_4,514,1788087258.532199,50,9.339776,1.104800
worker_4,515,1788087258.541565,50,9.770891,1.098144
worker_4,516,1788087258.551384,50,9.320489,1.098464
worker_4,517,1788087258.560746,50,9.763159,1.098912
worker_4,518,1788087258.570557,50,9.474852,1.096832
worker_4,519,1788087258.580057,50,9.439898,1.101856
worker_4,520,1788087258.589515,50,9.907586,1.096352
worker_4,521,1788087258.599471,50,9.300619,1.104256
worker_4,522,1788087258.608798,50,9.782484,1.097568
worker_4,523,1788087258.618630,50,9.344860,1.096608
worker_4,524,1788087258.628000,50,9.782215,1.096800
worker_4,525,1788087258.637831,50,9.197025,1.096576
worker_4,526,1788087258.647053,50,9.902188,1.096032
worker_4,527,1788087258.657004,50,9.156256,1.098944
worker_4,528,1788087258.666188,50,9.788614,1.098976
worker_4,529,1788087258.676024,50,9.327016,1.098080
worker_4,530,1788087258.685376,50,9.553446,1.097696
worker_4,531,1788087258.694950,50,9.574232,1.100224
worker_4,532,1788087258.704541,50,9.576362,1.097440
worker_4,533,1788087258.714133,50,9.569992,1.098688
worker_4,534,1788087258.723722,50,9.573278,1.099104
worker_4,535,1788087258.733314,50,9.565547,1.097824
worker_4,536,1788087258.742907,50,9.560733,1.101408
worker_4,537,1788087258.752484,50,9.568232,1.097792
worker_4,538,1788087258.762068,50,9.792466,1.098240
worker_4,539,1788087258.771911,50,9.554851,1.098016
worker_4,540,1788087258.781520,50,9.560398,1.098400
worker_4,541,1788087258.791133,50,9.556806,1.096928
worker_4,542,1788087258.800739,50,9.511798,1.098400
worker_4,543,1788087258.810301,50,9.555223,1.096000
worker_4,544,1788087258.819906,50,9.532334,1.099520
worker_4,545,1788087258.829490,50,9.552936,1.097056
worker_4,546,1788087258.839092,50,9.316268,1.098304
worker_4,547,1788087258.848435,50,9.559260,1.099296
worker_4,548,1788087258.858014,50,9.566529,1.097056
worker_4,549,1788087258.867598,50,9.565816,1.098144
worker_4,550,1788087258.877181,50,9.569038,1.096128
worker_4,551,1788087258.886766,50,9.570973,1.098304
worker_4,552,1788087258.896355,50,9.565806,1.097408
worker_4,553,1788087258.905938,50,9.576214,1.098816
worker_4,554,1788087258.915541,50,9.751715,1.098272
worker_4,555,1788087258.925342,50,9.539630,1.098208
worker_4,556,1788087258.934947,50,9.527759,1.097120
worker_4,557,1788087258.944525,50,9.542528,1.096736
worker_4,558,1788087258.954116,50,9.538352,1.098048
worker_4,559,1788087258.963703,50,9.532426,1.099136
worker_4,560,1788087258.973286,50,9.531814,1.097600
worker_4,561,1788087258.982867,50,9.537425,1.096960
worker_4,562,1788087258.992456,50,9.557805,1.096800
worker_4,563,1788087259.002063,50,9.525889,1.095744
worker_4,564,1788087259.011640,50,9.526619,1.096928
worker_4,565,1788087259.021218,50,9.555027,1.098048
worker_4,566,1788087259.030823,50,9.536556,1.098688
worker_4,567,1788087259.040409,50,9.538953,1.096512
worker_4,568,1788087259.049997,50,9.325878,1.096192
worker_4,569,1788087259.059350,50,9.773029,1.098848
worker_4,570,1788087259.069174,50,9.317415,1.096384
worker_4,571,1788087259.078517,50,9.771335,1.097440
worker_4,572,1788087259.088341,50,9.326360,1.098752
worker_4,573,1788087259.097693,50,9.764344,1.096352
worker_4,574,1788087259.107508,50,9.355647,1.101056
worker_4,575,1788087259.116906,50,9.748781,1.097536
worker_4,576,1788087259.126705,50,9.333183,1.095904
worker_4,577,1788087259.136065,50,9.768308,1.098528
worker_4,578,1788087259.145883,50,9.326063,1.096864
worker_4,579,1788087259.155235,50,9.773077,1.098912
worker_4,580,1788087259.165059,50,9.324091,1.099296
worker_4,581,1788087259.174411,50,9.766780,1.098752
worker_4,582,1788087259.184242,50,9.326415,1.100768
worker_4,583,1788087259.193595,50,9.759586,1.097088
worker_4,584,1788087259.203405,50,9.325702,1.097440
worker_4,585,1788087259.212758,50,9.783910,1.096704
worker_4,586,1788087259.222593,50,9.319128,1.098368
worker_4,587,1788087259.231940,50,9.766835,1.101184
worker_4,588,1788087259.241759,50,9.322184,1.097792
worker_4,589,1788087259.251109,50,9.769679,1.097824
worker_4,590,1788087259.260928,50,9.314610,1.098208
worker_4,591,1788087259.270270,50,9.759938,1.096448
worker_4,592,1788087259.280083,50,9.326777,1.097184
worker_4,593,1788087259.289439,50,9.783965,1.096416
worker_4,594,1788087259.299275,50,9.310156,1.101984
worker_4,595,1788087259.308629,50,9.749281,1.097664
worker_4,596,1788087259.318428,50,9.326804,1.096832
worker_4,597,1788087259.327783,50,9.780262,1.097248
worker_4,598,1788087259.337614,50,9.320823,1.097216
worker_4,599,1788087259.346963,50,9.770179,1.097696
worker_4,600,1788087259.356785,50,9.332906,1.096768
worker_4,601,1788087259.366145,50,9.763586,1.096608
worker_4,602,1788087259.375960,50,9.333915,1.106624
worker_4,603,1788087259.385321,50,9.777299,1.099264
worker_4,604,1788087259.395147,50,9.315610,1.098336
worker_4,605,1788087259.404490,50,9.770410,1.096704
worker_4,606,1788087259.414311,50,9.350480,1.096352
worker_4,607,1788087259.423689,50,9.764318,1.099200
worker_4,608,1788087259.433503,50,9.343656,1.100672
worker_4,609,1788087259.442874,50,9.770910,1.098368
worker_4,610,1788087259.452696,50,9.321238,1.096640
worker_4,611,1788087259.462043,50,9.793966,1.097504
worker_4,612,1788087259.471890,50,9.318563,1.100128
worker_4,613,1788087259.481237,50,9.775502,1.098880
worker_4,614,1788087259.491080,50,9.307674,1.095744
worker_4,615,1788087259.500416,50,9.768521,1.096512
worker_4,616,1788087259.510235,50,9.322164,1.099424
worker_4,617,1788087259.519585,50,9.768401,1.100800
worker_4,618,1788087259.529495,50,9.242627,1.099744
worker_4,619,1788087259.538765,50,9.786455,1.099232
worker_4,620,1788087259.548606,50,9.305942,1.098208
worker_4,621,1788087259.557938,50,9.765039,1.098720
worker_4,622,1788087259.567755,50,9.324146,1.097856
worker_4,623,1788087259.577106,50,9.933569,1.097568
worker_4,624,1788087259.587090,50,9.319823,1.098304
worker_4,625,1788087259.596436,50,9.789725,1.096768
worker_4,626,1788087259.606276,50,9.314008,1.098016
worker_4,627,1788087259.615617,50,9.785678,1.097952
worker_4,628,1788087259.625454,50,9.325257,1.098848
worker_4,629,1788087259.634805,50,9.714733,1.096768
worker_4,630,1788087259.644570,50,9.380155,1.098592
worker_4,631,1788087259.653976,50,9.784345,1.098592
worker_4,632,1788087259.663812,50,9.146321,1.100800
worker_4,633,1788087259.672986,50,9.758307,1.098528
worker_4,634,1788087259.682813,50,9.320378,1.098240
worker_4,635,1788087259.692161,50,9.763724,1.096800
worker_4,636,1788087259.701976,50,9.330044,1.098752
worker_4,637,1788087259.711334,50,9.758335,1.096480
worker_4,638,1788087259.721143,50,9.344229,1.098048
worker_4,639,1788087259.730515,50,9.772872,1.096512
worker_4,640,1788087259.740339,50,9.320720,1.096864
worker_4,641,1788087259.749686,50,9.612917,1.097472
worker_4,642,1788087259.759351,50,9.511444,1.096544
worker_4,643,1788087259.768891,50,9.778836,1.097760
worker_4,644,1788087259.778721,50,9.320443,1.097824
worker_4,645,1788087259.788069,50,9.796030,1.097568
worker_4,646,1788087259.797916,50,9.301804,1.097408
worker_4,647,1788087259.807245,50,9.776151,1.100960
worker_4,648,1788087259.817072,50,9.327563,1.096992
worker_4,649,1788087259.826427,50,9.765197,1.100864
worker_4,650,1788087259.836253,50,9.316220,1.096832
worker_4,651,1788087259.845597,50,9.766965,1.098208
worker_4,652,1788087259.855415,50,9.331943,1.100320
worker_4,653,1788087259.864781,50,9.762150,1.097088
worker_4,654,1788087259.874594,50,9.338369,1.096928
worker_4,655,1788087259.883959,50,9.761428,1.097728
worker_4,656,1788087259.893770,50,9.322359,1.097856
worker_4,657,1788087259.903118,50,9.763788,1.097536
worker_4,658,1788087259.912933,50,9.317813,1.097376
worker_4,659,1788087259.922276,50,9.768141,1.096160
worker_4,660,1788087259.932095,50,9.340017,1.098336
worker_4,661,1788087259.941462,50,9.761798,1.097312
worker_4,662,1788087259.951274,50,9.331832,1.101376
worker_4,663,1788087259.960633,50,9.759677,1.097248
worker_4,664,1788087259.970443,50,9.330859,1.098528
worker_4,665,1788087259.979800,50,9.773715,1.097760
worker_4,666,1788087259.989624,50,9.325906,1.098112
worker_4,667,1788087259.998977,50,9.771547,1.099616
worker_4,668,1788087260.008801,50,9.329786,1.095712
worker_4,669,1788087260.018157,50,9.761216,1.097728
worker_4,670,1788087260.027972,50,9.344971,1.095456
worker_4,671,1788087260.037344,50,9.758920,1.097632
worker_4,672,1788087260.047155,50,9.326953,1.098592
worker_4,673,1788087260.056526,50,9.769484,1.098368
worker_4,674,1788087260.066347,50,9.334240,1.097408
worker_4,675,1788087260.075706,50,9.766197,1.096320
worker_4,676,1788087260.085523,50,9.350721,1.098176
worker_4,677,1788087260.094901,50,9.765206,1.096064
worker_4,678,1788087260.104717,50,9.329220,1.098912
worker_4,679,1788087260.114072,50,9.786659,1.098272
worker_4,680,1788087260.123910,50,9.318821,1.101472
worker_4,681,1788087260.133256,50,9.775178,1.097728
worker_4,682,1788087260.143085,50,9.322184,1.097984
worker_4,683,1788087260.152435,50,9.770206,1.096576
worker_4,684,1788087260.162257,50,9.309896,1.096992
worker_4,685,1788087260.171596,50,9.558306,1.096704
worker_4,686,1788087260.181175,50,9.576501,1.097504
worker_4,687,1788087260.190770,50,9.785493,1.097088
worker_4,688,1788087260.200606,50,9.323082,1.096416
worker_4,689,1788087260.209955,50,9.545927,1.097888
worker_4,690,1788087260.219520,50,9.567473,1.100800
worker_4,691,1788087260.229106,50,9.569621,1.098112
worker_4,692,1788087260.238693,50,9.563490,1.097248
worker_4,693,1788087260.248273,50,9.643566,1.098432
worker_4,694,1788087260.257984,50,9.668224,1.099200
worker_4,695,1788087260.267703,50,9.577380,1.097440
worker_4,696,1788087260.277333,50,9.498388,1.097440
worker_4,697,1788087260.286881,50,9.528898,1.096512
worker_4,698,1788087260.296462,50,9.541629,1.097728
worker_4,699,1788087260.306055,50,9.535085,1.097472
worker_4,700,1788087260.315643,50,9.535723,1.100768
worker_4,701,1788087260.325229,50,9.529889,1.096544
worker_4,702,1788087260.334810,50,9.541796,1.095904
worker_4,703,1788087260.344402,50,9.550436,1.098944
worker_4,704,1788087260.354001,50,9.518056,1.097536
worker_4,705,1788087260.363571,50,9.541519,1.103168
worker_4,706,1788087260.373162,50,9.532853,1.095584
worker_4,707,1788087260.382743,50,9.339638,1.098368
worker_4,708,1788087260.392110,50,9.764586,1.096608
worker_4,709,1788087260.401924,50,9.322675,1.098400
worker_4,710,1788087260.411274,50,9.764262,1.097376
worker_4,711,1788087260.421090,50,9.323155,1.097760
worker_4,712,1788087260.430440,50,9.784429,1.097472
worker_4,713,1788087260.440280,50,9.301240,1.097248
worker_4,714,1788087260.449623,50,9.754252,1.098816
worker_4,715,1788087260.459429,50,9.322841,1.097824
worker_4,716,1788087260.468782,50,9.722594,1.100608
worker_4,717,1788087260.478527,50,9.563954,1.095808
worker_4,718,1788087260.488112,50,9.572010,1.097408
worker_4,719,1788087260.497703,50,9.463592,1.098400
worker_4,720,1788087260.507186,50,9.855151,1.097536
worker_4,721,1788087260.517092,50,9.349499,1.096480
worker_4,722,1788087260.526469,50,9.640104,1.096128
worker_4,723,1788087260.536162,50,9.317869,1.096768
worker_4,724,1788087260.545508,50,9.762910,1.098688
worker_4,725,1788087260.555322,50,9.317831,1.096064
worker_4,726,1788087260.564669,50,9.771752,1.097152
worker_4,727,1788087260.574491,50,9.474574,1.096736
worker_4,728,1788087260.583993,50,9.796705,1.096576
worker_4,729,1788087260.593841,50,9.304970,1.098048
worker_4,730,1788087260.603175,50,9.686214,1.098624
worker_4,731,1788087260.612913,50,9.401221,1.098976
worker_4,732,1788087260.622341,50,9.784965,1.097408
worker_4,733,1788087260.632192,50,9.154811,1.102848
worker_4,734,1788087260.641374,50,9.789058,1.097600
worker_4,735,1788087260.651215,50,9.332092,1.098592
worker_4,736,1788087260.660575,50,9.763696,1.096160
worker_4,737,1788087260.670391,50,9.333146,1.098176
worker_4,738,1788087260.679752,50,9.767937,1.097280
worker_4,739,1788087260.689570,50,9.333934,1.097792
worker_4,740,1788087260.698931,50,9.760530,1.097728
worker_4,741,1788087260.708743,50,9.342702,1.098432
worker_4,742,1788087260.718113,50,9.768761,1.097856
worker_4,743,1788087260.727934,50,9.341573,1.098144
worker_4,744,1788087260.737302,50,9.765855,1.096736
worker_4,745,1788087260.747118,50,9.329860,1.097728
worker_4,746,1788087260.756476,50,9.774262,1.102976
worker_4,747,1788087260.766304,50,9.327665,1.098432
worker_4,748,1788087260.775659,50,9.783577,1.096416
worker_4,749,1788087260.785495,50,9.321906,1.098304
worker_4,750,1788087260.794846,50,9.767947,1.098048
worker_4,751,1788087260.804664,50,9.312221,1.096704
worker_4,752,1788087260.814004,50,9.773642,1.103488
worker_4,753,1788087260.823841,50,9.307748,1.099360
worker_4,754,1788087260.833178,50,9.779216,1.097568
worker_4,755,1788087260.843006,50,9.323925,1.096608
worker_4,756,1788087260.852357,50,9.783817,1.097632
worker_4,757,1788087260.862193,50,9.316360,1.098080
worker_4,758,1788087260.871538,50,9.783605,1.096832
worker_4,759,1788087260.881371,50,9.317646,1.096416
worker_4,760,1788087260.890716,50,9.767068,1.097376
worker_4,761,1788087260.900535,50,9.316842,1.098272
worker_4,762,1788087260.909880,50,9.773151,1.098848
worker_4,763,1788087260.919704,50,9.328082,1.102208
worker_4,764,1788087260.929060,50,9.775512,1.096096
worker_4,765,1788087260.938888,50,9.338110,1.097280
worker_4,766,1788087260.948253,50,9.754734,1.098880
worker_4,767,1788087260.958059,50,9.326526,1.096576
worker_4,768,1788087260.967413,50,9.763992,1.098368
worker_4,769,1788087260.977227,50,9.340275,1.095712
worker_4,770,1788087260.986596,50,9.760159,1.097280
worker_4,771,1788087260.996408,50,9.344490,1.100928
worker_4,772,1788087261.005880,50,9.659853,1.097344
worker_4,773,1788087261.015591,50,9.322442,1.097728
worker_4,774,1788087261.024941,50,9.778261,1.097184
worker_4,775,1788087261.034772,50,9.312072,1.097856
worker_4,776,1788087261.044113,50,9.766937,1.103392
worker_4,777,1788087261.053931,50,9.328628,1.098496
worker_4,778,1788087261.063287,50,9.781790,1.100704
worker_4,779,1788087261.073120,50,9.333249,1.097216
worker_4,780,1788087261.082481,50,9.791308,1.096960
worker_4,781,1788087261.092324,50,9.315712,1.098784
worker_4,782,1788087261.101668,50,9.765938,1.099680
worker_4,783,1788087261.111486,50,9.356629,1.100864
worker_4,784,1788087261.120869,50,9.771244,1.097504
worker_4,785,1788087261.130692,50,9.343850,1.097664
worker_4,786,1788087261.140063,50,9.812105,1.095968
worker_4,787,1788087261.149927,50,9.269553,1.097792
worker_4,788,1788087261.159225,50,9.764400,1.096704
worker_4,789,1788087261.169040,50,9.330775,1.097408
worker_4,790,1788087261.178397,50,9.764270,1.098624
worker_4,791,1788087261.188231,50,9.324387,1.097088
worker_4,792,1788087261.197597,50,9.748113,1.098112
worker_4,793,1788087261.207395,50,9.321118,1.098368
worker_4,794,1788087261.216743,50,9.795158,1.098208
worker_4,795,1788087261.226589,50,9.328535,1.097856
worker_4,796,1788087261.235943,50,9.802993,1.107840
worker_4,797,1788087261.245800,50,9.309527,1.098368
worker_4,798,1788087261.255137,50,9.761280,1.098592
worker_4,799,1788087261.264951,50,9.327239,1.097792
worker_4,800,1788087261.274306,50,9.764317,1.097664
worker_4,801,1788087261.284120,50,9.329767,1.098176
worker_4,802,1788087261.293477,50,9.767706,1.097024
worker_4,803,1788087261.303298,50,9.312156,1.096384
worker_4,804,1788087261.312640,50,9.756946,1.098080
worker_4,805,1788087261.322448,50,9.327202,1.098176
worker_4,806,1788087261.331802,50,9.775910,1.098560
worker_4,807,1788087261.341629,50,9.321674,1.098848
worker_4,808,1788087261.350977,50,9.780724,1.100928
worker_4,809,1788087261.360807,50,9.322905,1.095840
worker_4,810,1788087261.370159,50,9.774419,1.097664
worker_4,811,1788087261.379997,50,9.323637,1.097760
worker_4,812,1788087261.389350,50,9.767150,1.098368
worker_4,813,1788087261.399168,50,9.319508,1.097728
worker_4,814,1788087261.408516,50,9.764688,1.098208
worker_4,815,1788087261.418331,50,9.338359,1.097248
worker_4,816,1788087261.427697,50,9.765798,1.098720
worker_4,817,1788087261.437514,50,9.335035,1.100544
worker_4,818,1788087261.446876,50,9.778133,1.096960
worker_4,819,1788087261.456706,50,9.323812,1.098432
worker_4,820,1788087261.466056,50,9.782937,1.096384
worker_4,821,1788087261.475892,50,9.324332,1.099808
worker_4,822,1788087261.485244,50,9.771614,1.096768
worker_4,823,1788087261.495068,50,9.325397,1.096352
worker_4,824,1788087261.504423,50,9.784198,1.096480
worker_4,825,1788087261.514259,50,9.331388,1.097408
worker_4,826,1788087261.523616,50,9.772300,1.096576
worker_4,827,1788087261.533440,50,9.318258,1.097088
worker_4,828,1788087261.542785,50,9.782151,1.098592
worker_4,829,1788087261.552621,50,9.324397,1.096416
worker_4,830,1788087261.561972,50,9.774420,1.097472
worker_4,831,1788087261.571813,50,9.304971,1.099328
worker_4,832,1788087261.581146,50,9.756114,1.097248
worker_4,833,1788087261.590954,50,9.329277,1.099328
worker_4,834,1788087261.600312,50,9.762049,1.096832
worker_4,835,1788087261.610124,50,9.311611,1.099232
worker_4,836,1788087261.619466,50,9.767475,1.096896
worker_4,837,1788087261.629288,50,9.327370,1.098144
worker_4,838,1788087261.638643,50,9.762429,1.097408
worker_4,839,1788087261.648455,50,9.323111,1.097408
worker_4,840,1788087261.657806,50,9.765623,1.097696
worker_4,841,1788087261.667624,50,9.320379,1.098432
worker_4,842,1788087261.676973,50,9.771411,1.096960
worker_4,843,1788087261.686795,50,9.325314,1.097344
worker_4,844,1788087261.696148,50,9.779522,1.101376
worker_4,845,1788087261.705979,50,9.323388,1.099840
worker_4,846,1788087261.715329,50,9.774179,1.098752
worker_4,847,1788087261.725153,50,9.323861,1.097824
worker_4,848,1788087261.734506,50,9.805698,1.099392
worker_4,849,1788087261.744361,50,9.302452,1.102336
worker_4,850,1788087261.753703,50,9.746891,1.096864
worker_4,851,1788087261.763500,50,9.374583,1.097152
worker_4,852,1788087261.772904,50,9.755548,1.098496
worker_4,853,1788087261.782712,50,9.343295,1.099104
worker_4,854,1788087261.792083,50,9.768317,1.097888
worker_4,855,1788087261.801904,50,9.331175,1.098368
worker_4,856,1788087261.811261,50,9.779947,1.099008
worker_4,857,1788087261.821094,50,9.319508,1.095648
worker_4,858,1788087261.830439,50,9.590492,1.096768
worker_4,859,1788087261.840048,50,9.565279,1.096768
worker_4,860,1788087261.849630,50,9.568112,1.098176
worker_4,861,1788087261.859215,50,9.575714,1.098272
worker_4,862,1788087261.868808,50,9.567603,1.096608
worker_4,863,1788087261.878392,50,9.571677,1.096736
worker_4,864,1788087261.887983,50,9.574750,1.097792
worker_4,865,1788087261.897575,50,9.563546,1.099008
worker_4,866,1788087261.907156,50,9.597658,1.102784
worker_4,867,1788087261.916776,50,9.760760,1.097504
worker_4,868,1788087261.926587,50,9.547500,1.097760
worker_4,869,1788087261.936187,50,9.540010,1.096800
worker_4,870,1788087261.945791,50,9.509222,1.096864
worker_4,871,1788087261.955350,50,9.550796,1.101120
worker_4,872,1788087261.964953,50,9.525425,1.096864
worker_4,873,1788087261.974530,50,9.522869,1.096256
worker_4,874,1788087261.984103,50,9.546176,1.098944
worker_4,875,1788087261.993700,50,9.527899,1.098784
worker_4,876,1788087262.003279,50,9.543130,1.101120
worker_4,877,1788087262.012874,50,9.527861,1.097632
worker_4,878,1788087262.022452,50,9.528805,1.097760
worker_4,879,1788087262.032031,50,9.555676,1.102112
worker_4,880,1788087262.041639,50,9.525399,1.096672
worker_4,881,1788087262.051216,50,9.343859,1.107104
worker_4,882,1788087262.060586,50,9.774419,1.098848
worker_4,883,1788087262.070412,50,9.324850,1.098144
worker_4,884,1788087262.079766,50,9.782011,1.096448
worker_4,885,1788087262.089600,50,9.342600,1.099168
worker_4,886,1788087262.098971,50,9.761326,1.096768
worker_4,887,1788087262.108784,50,9.333534,1.098752
worker_4,888,1788087262.118145,50,9.755844,1.096768
worker_4,889,1788087262.127966,50,9.318840,1.101856
worker_4,890,1788087262.137311,50,9.781002,1.096736
worker_4,891,1788087262.147143,50,9.323137,1.098528
worker_4,892,1788087262.156493,50,9.779697,1.097952
worker_4,893,1788087262.166326,50,9.317933,1.099040
worker_4,894,1788087262.175670,50,9.790891,1.097952
worker_4,895,1788087262.185513,50,9.317766,1.098528
worker_4,896,1788087262.194856,50,9.785289,1.102240
worker_4,897,1788087262.204692,50,9.324905,1.096640
worker_4,898,1788087262.214044,50,9.769159,1.097824
worker_4,899,1788087262.223865,50,9.326321,1.098304
worker_4,900,1788087262.233221,50,9.764408,1.098816
worker_4,901,1788087262.243037,50,9.329850,1.098208
worker_4,902,1788087262.252394,50,9.786085,1.097856
worker_4,903,1788087262.262231,50,9.314071,1.098560
worker_4,904,1788087262.271573,50,9.798094,1.098816
worker_4,905,1788087262.281423,50,9.319156,1.098112
worker_4,906,1788087262.290770,50,9.773058,1.098912
worker_4,907,1788087262.300594,50,9.326294,1.097536
worker_4,908,1788087262.309947,50,9.764214,1.096864
worker_4,909,1788087262.319775,50,9.314980,1.100512
worker_4,910,1788087262.329117,50,9.773438,1.096064
worker_4,911,1788087262.338943,50,9.317387,1.097824
worker_4,912,1788087262.348288,50,9.777474,1.098528
worker_4,913,1788087262.358117,50,9.325424,1.097408
worker_4,914,1788087262.367470,50,9.781946,1.098912
worker_4,915,1788087262.377304,50,9.309638,1.098368
worker_4,916,1788087262.386640,50,9.775799,1.096672
worker_4,917,1788087262.396472,50,9.318276,1.095776
worker_4,918,1788087262.405817,50,9.765910,1.098848
worker_4,919,1788087262.415635,50,9.318517,1.098592
worker_4,920,1788087262.424983,50,9.765077,1.099200
worker_4,921,1788087262.434798,50,9.328979,1.098752
worker_4,922,1788087262.444155,50,9.762068,1.097312
worker_4,923,1788087262.453968,50,9.322850,1.095968
worker_4,924,1788087262.463317,50,9.764262,1.098560
worker_4,925,1788087262.473134,50,9.331008,1.096768
worker_4,926,1788087262.482585,50,9.702862,1.097952
worker_4,927,1788087262.492339,50,9.323284,1.097696
worker_4,928,1788087262.501703,50,9.745919,1.096384
worker_4,929,1788087262.511499,50,9.345731,1.098720
worker_4,930,1788087262.520874,50,9.754474,1.097696
worker_4,931,1788087262.530680,50,9.353629,1.096512
worker_4,932,1788087262.540061,50,9.792670,1.112384
worker_4,933,1788087262.549903,50,9.322924,1.099072
worker_4,934,1788087262.559253,50,9.765614,1.096608
worker_4,935,1788087262.569070,50,9.336980,1.097408
worker_4,936,1788087262.578433,50,9.764096,1.096960
worker_4,937,1788087262.588260,50,9.326803,1.099264
worker_4,938,1788087262.597614,50,9.760892,1.096736
worker_4,939,1788087262.607428,50,9.320008,1.097952
worker_4,940,1788087262.616774,50,9.773966,1.097056
worker_4,941,1788087262.626599,50,9.318822,1.096352
worker_4,942,1788087262.635947,50,9.796337,1.105792
worker_4,943,1788087262.645795,50,9.317313,1.096672
worker_4,944,1788087262.655140,50,9.788512,1.101216
worker_4,945,1788087262.664981,50,9.317129,1.098176
worker_4,946,1788087262.674325,50,9.763549,1.096000
worker_4,947,1788087262.684140,50,9.335286,1.105152
worker_4,948,1788087262.693516,50,9.759993,1.096320
worker_4,949,1788087262.703326,50,9.318416,1.097056
worker_4,950,1788087262.712673,50,9.783485,1.097120
worker_4,951,1788087262.722509,50,9.307833,1.096544
worker_4,952,1788087262.731846,50,9.782383,1.105280
worker_4,953,1788087262.741680,50,9.322490,1.096480
worker_4,954,1788087262.751031,50,9.787411,1.102560
worker_4,955,1788087262.760870,50,9.325360,1.098848
worker_4,956,1788087262.770221,50,9.772559,1.098848
worker_4,957,1788087262.780047,50,9.328360,1.098464
worker_4,958,1788087262.789404,50,9.763633,1.099136
worker_4,959,1788087262.799220,50,9.331786,1.105248
worker_4,960,1788087262.808583,50,9.794039,1.097696
worker_4,961,1788087262.818429,50,9.305267,1.098848
worker_4,962,1788087262.827762,50,9.793734,1.097824
worker_4,963,1788087262.837608,50,9.316258,1.096352
worker_4,964,1788087262.846954,50,9.768355,1.096768
worker_4,965,1788087262.856773,50,9.321972,1.097888
worker_4,966,1788087262.866123,50,9.761457,1.097472
worker_4,967,1788087262.875948,50,9.309166,1.101056
worker_4,968,1788087262.885285,50,9.768169,1.098912
worker_4,969,1788087262.895105,50,9.309453,1.096480
worker_4,970,1788087262.904442,50,9.762512,1.096320
worker_4,971,1788087262.914257,50,9.322156,1.098400
worker_4,972,1788087262.923608,50,9.773798,1.098368
worker_4,973,1788087262.933435,50,9.312934,1.097376
worker_4,974,1788087262.942774,50,9.763844,1.097472
worker_4,975,1788087262.952588,50,9.325990,1.096288
worker_4,976,1788087262.961941,50,9.776789,1.097728
worker_4,977,1788087262.971770,50,9.325425,1.100736
worker_4,978,1788087262.981124,50,9.770438,1.096256
worker_4,979,1788087262.990945,50,9.316758,1.096992
worker_4,980,1788087263.000291,50,9.779244,1.098368
worker_4,981,1788087263.010121,50,9.314721,1.096256
worker_4,982,1788087263.019466,50,9.795809,1.098464
worker_4,983,1788087263.029313,50,9.299915,1.098464
worker_4,984,1788087263.038640,50,9.776318,1.096352
worker_4,985,1788087263.048469,50,9.329851,1.097664
worker_4,986,1788087263.057827,50,9.763920,1.098656
worker_4,987,1788087263.067659,50,9.312221,1.096128
worker_4,988,1788087263.077003,50,9.536019,1.096864
worker_4,989,1788087263.086563,50,9.577881,1.099168
worker_4,990,1788087263.096165,50,9.575945,1.100544
worker_4,991,1788087263.105763,50,9.552583,1.097856
worker_4,992,1788087263.115333,50,9.785983,1.100672
worker_4,993,1788087263.125171,50,9.314775,1.096352
worker_4,994,1788087263.134514,50,9.552565,1.097760
worker_4,995,1788087263.144094,50,9.547399,1.096000
worker_4,996,1788087263.153661,50,9.563194,1.097472
worker_4,997,1788087263.163241,50,9.565584,1.098528
worker_4,998,1788087263.172823,50,9.569241,1.097600
worker_4,999,1788087263.182408,50,9.568695,1.096416
worker_4,1000,1788087263.191994,50,9.789335,1.097216
worker_4,1001,1788087263.201837,50,9.318091,1.098752
worker_4,1002,1788087263.211185,50,9.771307,1.097920
worker_4,1003,1788087263.221009,50,9.319998,1.096288
worker_4,1004,1788087263.230358,50,9.784770,1.097728
worker_4,1005,1788087263.240196,50,9.332573,1.104640
worker_4,1006,1788087263.249574,50,9.744345,1.096896
worker_4,1007,1788087263.259371,50,9.315091,1.098784
worker_4,1008,1788087263.268713,50,9.811401,1.097760
worker_4,1009,1788087263.278576,50,9.275507,1.097824
worker_4,1010,1788087263.287880,50,9.765234,1.096928
worker_4,1011,1788087263.297698,50,9.323758,1.097824
worker_4,1012,1788087263.307049,50,9.767030,1.099104
worker_4,1013,1788087263.316868,50,9.329619,1.099264
worker_4,1014,1788087263.326225,50,9.550861,1.096416
worker_4,1015,1788087263.335796,50,9.567871,1.104832
worker_4,1016,1788087263.345383,50,9.569102,1.096480
worker_4,1017,1788087263.354969,50,9.565102,1.097728
worker_4,1018,1788087263.364555,50,9.789632,1.097920
worker_4,1019,1788087263.374397,50,9.332090,1.096960
worker_4,1020,1788087263.383755,50,9.771918,1.100672
worker_4,1021,1788087263.393579,50,9.328858,1.097536
worker_4,1022,1788087263.402936,50,9.767168,1.097600
worker_4,1023,1788087263.412755,50,9.330277,1.099232
worker_4,1024,1788087263.422111,50,9.784427,1.098624
worker_4,1025,1788087263.431948,50,9.307367,1.096736
worker_4,1026,1788087263.441289,50,9.754399,1.097408
worker_4,1027,1788087263.451098,50,9.321202,1.096384
worker_4,1028,1788087263.460448,50,9.765289,1.098752
worker_4,1029,1788087263.470266,50,9.326628,1.097216
worker_4,1030,1788087263.479620,50,9.775104,1.099808
worker_4,1031,1788087263.489447,50,9.338683,1.098048
worker_4,1032,1788087263.498816,50,9.553305,1.098176
worker_4,1033,1788087263.508387,50,9.790114,1.098048
worker_4,1034,1788087263.518232,50,9.525851,1.097312
worker_4,1035,1788087263.527808,50,9.561750,1.099008
worker_4,1036,1788087263.537421,50,9.312784,1.096224
worker_4,1037,1788087263.546759,50,9.784863,1.105056
worker_4,1038,1788087263.556598,50,9.327404,1.099136
worker_4,1039,1788087263.565952,50,9.767288,1.097280
worker_4,1040,1788087263.575772,50,9.471249,1.096736
worker_4,1041,1788087263.585269,50,9.760456,1.096416
worker_4,1042,1788087263.595081,50,9.190867,1.098240
worker_4,1043,1788087263.604298,50,9.770066,1.098400
worker_4,1044,1788087263.614120,50,9.318960,1.097376
worker_4,1045,1788087263.623480,50,9.755215,1.098592
worker_4,1046,1788087263.633287,50,9.325193,1.097792
worker_4,1047,1788087263.642639,50,9.766548,1.098016
worker_4,1048,1788087263.652460,50,9.326730,1.098880
worker_4,1049,1788087263.661813,50,9.756900,1.097984
worker_4,1050,1788087263.671621,50,9.326443,1.098208
worker_4,1051,1788087263.680974,50,9.770225,1.096736
worker_4,1052,1788087263.690796,50,9.324249,1.096768
worker_4,1053,1788087263.700147,50,9.773465,1.099136
worker_4,1054,1788087263.709973,50,9.319258,1.097248
worker_4,1055,1788087263.719319,50,9.764642,1.097760
worker_4,1056,1788087263.729136,50,9.330313,1.098496
worker_4,1057,1788087263.738494,50,9.765891,1.096864
worker_4,1058,1788087263.748312,50,9.314897,1.098560
worker_4,1059,1788087263.757654,50,9.758864,1.097888
worker_4,1060,1788087263.767465,50,9.356508,1.097664
worker_4,1061,1788087263.776849,50,9.756632,1.099648
worker_4,1062,1788087263.786657,50,9.329017,1.097408
worker_4,1063,1788087263.796013,50,9.781734,1.098368
worker_4,1064,1788087263.805845,50,9.323656,1.098400
worker_4,1065,1788087263.815209,50,9.745168,1.096640
worker_4,1066,1788087263.825004,50,9.342618,1.096128
worker_4,1067,1788087263.834373,50,9.771177,1.098624
worker_4,1068,1788087263.844195,50,9.341573,1.110912
worker_4,1069,1788087263.853564,50,9.760289,1.097920
worker_4,1070,1788087263.863375,50,9.325647,1.098048
worker_4,1071,1788087263.872728,50,9.754095,1.097696
worker_4,1072,1788087263.882533,50,9.328054,1.097344
worker_4,1073,1788087263.891887,50,9.781707,1.098400
worker_4,1074,1788087263.901723,50,9.311323,1.095744
worker_4,1075,1788087263.911065,50,9.766133,1.097568
worker_4,1076,1788087263.920883,50,9.330767,1.096960
worker_4,1077,1788087263.930240,50,9.762818,1.096736
worker_4,1078,1788087263.940054,50,9.319647,1.097088
worker_4,1079,1788087263.949496,50,9.686521,1.097984
worker_4,1080,1788087263.959233,50,9.316351,1.096800
worker_4,1081,1788087263.968579,50,9.772022,1.097088
worker_4,1082,1788087263.978401,50,9.341564,1.099008
worker_4,1083,1788087263.987771,50,9.765503,1.099488
worker_4,1084,1788087263.997597,50,9.316275,1.095776
worker_4,1085,1788087264.006941,50,9.769864,1.100352
worker_4,1086,1788087264.016762,50,9.328387,1.098592
worker_4,1087,1788087264.026118,50,9.757307,1.098784
worker_4,1088,1788087264.035927,50,9.327202,1.100096
worker_4,1089,1788087264.045281,50,9.777883,1.101632
worker_4,1090,1788087264.055109,50,9.333453,1.096288
worker_4,1091,1788087264.064470,50,9.774531,1.097952
worker_4,1092,1788087264.074295,50,9.343878,1.096576
worker_4,1093,1788087264.083665,50,9.767596,1.097952
worker_4,1094,1788087264.093485,50,9.313313,1.098912
worker_4,1095,1788087264.102826,50,9.554381,1.097824
worker_4,1096,1788087264.112400,50,9.570769,1.098112
worker_4,1097,1788087264.121988,50,9.572130,1.098976
worker_4,1098,1788087264.131577,50,9.570455,1.097216
worker_4,1099,1788087264.141165,50,9.771530,1.097824
worker_4,1100,1788087264.150988,50,9.536130,1.097920
worker_4,1101,1788087264.160577,50,9.534371,1.096928
worker_4,1102,1788087264.170162,50,9.550612,1.097536
worker_4,1103,1788087264.179765,50,9.532241,1.101376
worker_4,1104,1788087264.189360,50,9.535787,1.096896
worker_4,1105,1788087264.198946,50,9.540779,1.098432
worker_4,1106,1788087264.208537,50,9.538759,1.098560
worker_4,1107,1788087264.218128,50,9.520574,1.097440
worker_4,1108,1788087264.227697,50,9.537788,1.098208
worker_4,1109,1788087264.237285,50,9.524333,1.097696
worker_4,1110,1788087264.246858,50,9.544157,1.097120
worker_4,1111,1788087264.256456,50,9.316109,1.096672
worker_4,1112,1788087264.265799,50,9.764428,1.097888
worker_4,1113,1788087264.275614,50,9.334490,1.098784
worker_4,1114,1788087264.284974,50,9.762707,1.099008
worker_4,1115,1788087264.294788,50,9.345453,1.096960
worker_4,1116,1788087264.304160,50,9.567751,1.098944
worker_4,1117,1788087264.313748,50,9.560029,1.098016
worker_4,1118,1788087264.323325,50,9.574658,1.099040
worker_4,1119,1788087264.332918,50,9.566918,1.097344
worker_4,1120,1788087264.342501,50,9.573705,1.096800
worker_4,1121,1788087264.352090,50,9.577825,1.097376
worker_4,1122,1788087264.361685,50,9.572493,1.098432
worker_4,1123,1788087264.371289,50,9.569705,1.101664
worker_4,1124,1788087264.380875,50,9.789818,1.097536
worker_4,1125,1788087264.390717,50,9.580891,1.098656
worker_4,1126,1788087264.400351,50,9.500796,1.097568
worker_4,1127,1788087264.409903,50,9.529918,1.096960
worker_4,1128,1788087264.419484,50,9.532270,1.096704
worker_4,1129,1788087264.429066,50,9.525112,1.096096
worker_4,1130,1788087264.438643,50,9.541779,1.096992
worker_4,1131,1788087264.448245,50,9.522270,1.096768
worker_4,1132,1788087264.457817,50,9.542076,1.096864
worker_4,1133,1788087264.467410,50,9.541714,1.098272
worker_4,1134,1788087264.477002,50,9.521168,1.097824
worker_4,1135,1788087264.486574,50,9.521159,1.097440
worker_4,1136,1788087264.496146,50,9.545381,1.100000
worker_4,1137,1788087264.505741,50,9.524009,1.097984
worker_4,1138,1788087264.515315,50,9.336850,1.101920
worker_4,1139,1788087264.524678,50,9.757715,1.098944
worker_4,1140,1788087264.534487,50,9.328278,1.098336
worker_4,1141,1788087264.543843,50,9.757900,1.099104
worker_4,1142,1788087264.553651,50,9.324934,1.098176
worker_4,1143,1788087264.563017,50,9.757604,1.098176
worker_4,1144,1788087264.572826,50,9.490250,1.097440
worker_4,1145,1788087264.582343,50,9.807615,1.097216
worker_4,1146,1788087264.592202,50,9.152525,1.100672
worker_4,1147,1788087264.601381,50,9.772957,1.098656
worker_4,1148,1788087264.611205,50,9.322249,1.098624
worker_4,1149,1788087264.620554,50,9.775957,1.097952
worker_4,1150,1788087264.630381,50,9.328165,1.096640
worker_4,1151,1788087264.639735,50,9.761938,1.097536
worker_4,1152,1788087264.649548,50,9.338304,1.099808
worker_4,1153,1788087264.658915,50,9.766216,1.097664
worker_4,1154,1788087264.668733,50,9.326008,1.098176
worker_4,1155,1788087264.678088,50,9.758826,1.096640
worker_4,1156,1788087264.687897,50,9.667853,1.098656
worker_4,1157,1788087264.697613,50,9.196978,1.096064
worker_4,1158,1788087264.706837,50,9.552240,1.097760
worker_4,1159,1788087264.716408,50,9.570398,1.096928
worker_4,1160,1788087264.726000,50,9.560436,1.098880
worker_4,1161,1788087264.735582,50,9.569065,1.100320
worker_4,1162,1788087264.745187,50,9.543472,1.099008
worker_4,1163,1788087264.754750,50,9.565213,1.099104
worker_4,1164,1788087264.764331,50,9.563630,1.098688
worker_4,1165,1788087264.773911,50,9.568759,1.097792
worker_4,1166,1788087264.783498,50,9.568694,1.098592
worker_4,1167,1788087264.793082,50,9.564249,1.096992
worker_4,1168,1788087264.802662,50,9.575750,1.098336
worker_4,1169,1788087264.812254,50,9.571093,1.097216
worker_4,1170,1788087264.821844,50,9.564213,1.096480
worker_4,1171,1788087264.831431,50,9.551889,1.098368
worker_4,1172,1788087264.841001,50,9.780224,1.096768
worker_4,1173,1788087264.850830,50,9.341804,1.097792
worker_4,1174,1788087264.860196,50,9.567454,1.098880
worker_4,1175,1788087264.869781,50,9.565195,1.097344
worker_4,1176,1788087264.879361,50,9.594695,1.097600
worker_4,1177,1788087264.888969,50,9.566232,1.096704
worker_4,1178,1788087264.898552,50,9.564223,1.098816
worker_4,1179,1788087264.908132,50,9.579760,1.098432
worker_4,1180,1788087264.917728,50,9.574390,1.096160
worker_4,1181,1788087264.927324,50,9.562603,1.100928
worker_4,1182,1788087264.936918,50,9.768993,1.096704
worker_4,1183,1788087264.946735,50,9.536695,1.097280
worker_4,1184,1788087264.956321,50,9.532231,1.097728
worker_4,1185,1788087264.965900,50,9.332471,1.098240
worker_4,1186,1788087264.975261,50,9.543695,1.097504
worker_4,1187,1788087264.984828,50,9.568371,1.096096
worker_4,1188,1788087264.994413,50,9.564843,1.097760
worker_4,1189,1788087265.003993,50,9.573194,1.097536
worker_4,1190,1788087265.013582,50,9.576667,1.098432
worker_4,1191,1788087265.023177,50,9.566185,1.100864
worker_4,1192,1788087265.032762,50,9.561612,1.098368
worker_4,1193,1788087265.042340,50,9.791076,1.096576
worker_4,1194,1788087265.052180,50,9.545852,1.097632
worker_4,1195,1788087265.061774,50,9.531489,1.097440
worker_4,1196,1788087265.071351,50,9.369674,1.100640
worker_4,1197,1788087265.080746,50,9.552582,1.096224
worker_4,1198,1788087265.090316,50,9.561824,1.096832
worker_4,1199,1788087265.099894,50,9.570666,1.098528
worker_4,1200,1788087265.109479,50,9.579815,1.096736
worker_4,1201,1788087265.119094,50,9.537054,1.100416
worker_4,1202,1788087265.128650,50,9.576602,1.098752
worker_4,1203,1788087265.138246,50,9.768438,1.097120
worker_4,1204,1788087265.148063,50,9.540102,1.096128
worker_4,1205,1788087265.157651,50,9.540537,1.097056
worker_4,1206,1788087265.167239,50,9.544861,1.098272
worker_4,1207,1788087265.176832,50,9.326220,1.098112
worker_4,1208,1788087265.186183,50,9.560343,1.097792
worker_4,1209,1788087265.195764,50,9.580222,1.098880
worker_4,1210,1788087265.205361,50,9.568480,1.098176
worker_4,1211,1788087265.214947,50,9.562295,1.098176
worker_4,1212,1788087265.224526,50,9.589055,1.097600
worker_4,1213,1788087265.234133,50,9.567258,1.097856
worker_4,1214,1788087265.243717,50,9.792215,1.096896
worker_4,1215,1788087265.253559,50,9.527297,1.096640
worker_4,1216,1788087265.263135,50,9.540324,1.096544
worker_4,1217,1788087265.272722,50,9.341360,1.097344
worker_4,1218,1788087265.282089,50,9.554723,1.098048
worker_4,1219,1788087265.291662,50,9.588621,1.097152
worker_4,1220,1788087265.301269,50,9.560945,1.098624
worker_4,1221,1788087265.310863,50,9.549111,1.102752
worker_4,1222,1788087265.320431,50,9.587918,1.098112
worker_4,1223,1788087265.330035,50,9.570639,1.096448
worker_4,1224,1788087265.339624,50,9.569046,1.098080
worker_4,1225,1788087265.349213,50,9.766419,1.098368
worker_4,1226,1788087265.359031,50,9.558047,1.099200
worker_4,1227,1788087265.368641,50,9.307156,1.096384
worker_4,1228,1788087265.377974,50,9.552557,1.097824
worker_4,1229,1788087265.387545,50,9.574686,1.098688
worker_4,1230,1788087265.397233,50,9.472768,1.096544
worker_4,1231,1788087265.406725,50,9.568584,1.098880
worker_4,1232,1788087265.416311,50,9.562048,1.097024
worker_4,1233,1788087265.425893,50,9.560455,1.098080
worker_4,1234,1788087265.435472,50,9.566038,1.098816
worker_4,1235,1788087265.445055,50,9.564380,1.098176
worker_4,1236,1788087265.454638,50,9.564316,1.098944
worker_4,1237,1788087265.464226,50,9.562167,1.096352
worker_4,1238,1788087265.473805,50,9.773624,1.095744
worker_4,1239,1788087265.483631,50,9.527853,1.096448
worker_4,1240,1788087265.493220,50,9.336952,1.097376
worker_4,1241,1788087265.502582,50,9.547833,1.096640
worker_4,1242,1788087265.512150,50,9.556935,1.096256
worker_4,1243,1788087265.521723,50,9.564908,1.101824
worker_4,1244,1788087265.531303,50,9.574788,1.098528
worker_4,1245,1788087265.540895,50,9.584104,1.098848
worker_4,1246,1788087265.550500,50,9.782122,1.098720
worker_4,1247,1788087265.560333,50,9.336110,1.103904
worker_4,1248,1788087265.569694,50,9.557844,1.099296
worker_4,1249,1788087265.579271,50,9.569556,1.098816
worker_4,1250,1788087265.588859,50,9.582214,1.099456
worker_4,1251,1788087265.598458,50,9.564343,1.098464
worker_4,1252,1788087265.608038,50,9.598705,1.112576
worker_4,1253,1788087265.617655,50,9.562462,1.097824
worker_4,1254,1788087265.627234,50,9.773113,1.097408
worker_4,1255,1788087265.637057,50,9.557546,1.097440
worker_4,1256,1788087265.646660,50,9.538195,1.098368
worker_4,1257,1788087265.656258,50,9.529501,1.096352
worker_4,1258,1788087265.665834,50,9.540325,1.096288
worker_4,1259,1788087265.675423,50,9.535806,1.102304
worker_4,1260,1788087265.685016,50,9.530556,1.096640
worker_4,1261,1788087265.694595,50,9.546492,1.098336
worker_4,1262,1788087265.704191,50,9.536622,1.097952
worker_4,1263,1788087265.713775,50,9.333693,1.096480
worker_4,1264,1788087265.723135,50,9.782522,1.100800
worker_4,1265,1788087265.732965,50,9.330952,1.097568
worker_4,1266,1788087265.742322,50,9.769687,1.098912
worker_4,1267,1788087265.752138,50,9.339813,1.098688
worker_4,1268,1788087265.761503,50,9.760577,1.098208
worker_4,1269,1788087265.771312,50,9.322480,1.097344
worker_4,1270,1788087265.780661,50,9.773279,1.098720
worker_4,1271,1788087265.790483,50,9.332304,1.096864
worker_4,1272,1788087265.799842,50,9.778003,1.104256
worker_4,1273,1788087265.809670,50,9.323870,1.098016
worker_4,1274,1788087265.819021,50,9.767132,1.096384
worker_4,1275,1788087265.828837,50,9.337285,1.097856
worker_4,1276,1788087265.838199,50,9.773910,1.098144
worker_4,1277,1788087265.848021,50,9.330906,1.105664
worker_4,1278,1788087265.857377,50,9.795299,1.097792
worker_4,1279,1788087265.867233,50,9.310231,1.097408
worker_4,1280,1788087265.876568,50,9.766400,1.098816
worker_4,1281,1788087265.886385,50,9.324675,1.096608
worker_4,1282,1788087265.895739,50,9.777031,1.097216
worker_4,1283,1788087265.905564,50,9.340045,1.097792
worker_4,1284,1788087265.914932,50,9.773827,1.098176
worker_4,1285,1788087265.924754,50,9.324453,1.096768
worker_4,1286,1788087265.934105,50,9.772539,1.098400
worker_4,1287,1788087265.943928,50,9.323554,1.097760
worker_4,1288,1788087265.953278,50,9.785104,1.098592
worker_4,1289,1788087265.963111,50,9.332072,1.096384
worker_4,1290,1788087265.972471,50,9.769076,1.097696
worker_4,1291,1788087265.982289,50,9.353369,1.098336
worker_4,1292,1788087265.991669,50,9.757355,1.097120
worker_4,1293,1788087266.001477,50,9.329813,1.096864
worker_4,1294,1788087266.010834,50,9.754623,1.098176
worker_4,1295,1788087266.020637,50,9.545019,1.098496
worker_4,1296,1788087266.030230,50,9.552945,1.097920
worker_4,1297,1788087266.039830,50,9.536853,1.100928
worker_4,1298,1788087266.049413,50,9.538852,1.096128
worker_4,1299,1788087266.059012,50,9.514009,1.096224
worker_4,1300,1788087266.068573,50,9.336638,1.096864
worker_4,1301,1788087266.077935,50,9.774243,1.098688
worker_4,1302,1788087266.087761,50,9.326249,1.098816
worker_4,1303,1788087266.097114,50,9.762094,1.097856
worker_4,1304,1788087266.106924,50,9.338285,1.098912
worker_4,1305,1788087266.116288,50,9.763946,1.097088
worker_4,1306,1788087266.126104,50,9.319369,1.096544
worker_4,1307,1788087266.135451,50,9.765252,1.096608
worker_4,1308,1788087266.145262,50,9.331694,1.098208
worker_4,1309,1788087266.154619,50,9.770503,1.096864
worker_4,1310,1788087266.164442,50,9.329602,1.098048
worker_4,1311,1788087266.173797,50,9.769124,1.096800
worker_4,1312,1788087266.183614,50,9.327221,1.098912
worker_4,1313,1788087266.192967,50,9.758549,1.095744
worker_4,1314,1788087266.202774,50,9.331842,1.097568
worker_4,1315,1788087266.212131,50,9.766207,1.097408
worker_4,1316,1788087266.221944,50,9.331333,1.097760
worker_4,1317,1788087266.231300,50,9.784031,1.101280
worker_4,1318,1788087266.241145,50,9.307738,1.097184
worker_4,1319,1788087266.250477,50,9.794818,1.099136
worker_4,1320,1788087266.260321,50,9.330814,1.096448
worker_4,1321,1788087266.269681,50,9.746068,1.097248
worker_4,1322,1788087266.279477,50,9.353629,1.099456
worker_4,1323,1788087266.288860,50,9.752328,1.097440
worker_4,1324,1788087266.298661,50,9.337656,1.097568
worker_4,1325,1788087266.308026,50,9.565399,1.099552
worker_4,1326,1788087266.317611,50,9.778160,1.098176
worker_4,1327,1788087266.327438,50,9.330925,1.099520
worker_4,1328,1788087266.336795,50,9.758698,1.101024
worker_4,1329,1788087266.346602,50,9.332202,1.096448
worker_4,1330,1788087266.355963,50,9.759438,1.097472
worker_4,1331,1788087266.365769,50,9.340971,1.099296
worker_4,1332,1788087266.375137,50,9.755224,1.096640
worker_4,1333,1788087266.384942,50,9.327368,1.096672
worker_4,1334,1788087266.394295,50,9.754715,1.098496
worker_4,1335,1788087266.404099,50,9.350119,1.098784
worker_4,1336,1788087266.413476,50,9.550195,1.098240
worker_4,1337,1788087266.423045,50,9.576631,1.102208
worker_4,1338,1788087266.432658,50,9.544232,1.096512
worker_4,1339,1788087266.442231,50,9.545260,1.096672
worker_4,1340,1788087266.451796,50,9.569056,1.099008
worker_4,1341,1788087266.461383,50,9.567066,1.098944
worker_4,1342,1788087266.470967,50,9.807725,1.111168
worker_4,1343,1788087266.480824,50,9.331766,1.097472
worker_4,1344,1788087266.490180,50,9.556425,1.097536
worker_4,1345,1788087266.499754,50,9.586344,1.096448
worker_4,1346,1788087266.509356,50,9.582843,1.099136
worker_4,1347,1788087266.518967,50,9.549973,1.098688
worker_4,1348,1788087266.528539,50,9.559732,1.099712
worker_4,1349,1788087266.538117,50,9.563074,1.098080
worker_4,1350,1788087266.547698,50,9.579362,1.097984
worker_4,1351,1788087266.557296,50,9.770437,1.099040
worker_4,1352,1788087266.567116,50,9.534852,1.096960
worker_4,1353,1788087266.576699,50,9.706530,1.099520
worker_4,1354,1788087266.586454,50,9.377822,1.097696
worker_4,1355,1788087266.595877,50,9.356831,1.100288
worker_4,1356,1788087266.605260,50,9.686316,1.098240
worker_4,1357,1788087266.614976,50,9.384063,1.098048
worker_4,1358,1788087266.624380,50,9.577584,1.097792
worker_4,1359,1788087266.633974,50,9.559333,1.098784
worker_4,1360,1788087266.643549,50,9.574648,1.099008
worker_4,1361,1788087266.653140,50,9.778788,1.098816
worker_4,1362,1788087266.662967,50,9.544325,1.098592
worker_4,1363,1788087266.672562,50,9.528962,1.095968
worker_4,1364,1788087266.682137,50,9.541667,1.098464
worker_4,1365,1788087266.691725,50,9.333693,1.097408
worker_4,1366,1788087266.701086,50,9.558686,1.097824
worker_4,1367,1788087266.710666,50,9.563028,1.096352
worker_4,1368,1788087266.720249,50,9.566028,1.097344
worker_4,1369,1788087266.729832,50,9.563343,1.096384
worker_4,1370,1788087266.739412,50,9.567056,1.098304
worker_4,1371,1788087266.748995,50,9.572390,1.096320
worker_4,1372,1788087266.758584,50,9.780669,1.098624
worker_4,1373,1788087266.768415,50,9.349304,1.100256
worker_4,1374,1788087266.777792,50,9.764288,1.097536
worker_4,1375,1788087266.787605,50,9.346443,1.099776
worker_4,1376,1788087266.796975,50,9.774493,1.098464
worker_4,1377,1788087266.806810,50,9.328451,1.096768
worker_4,1378,1788087266.816167,50,9.768483,1.096704
worker_4,1379,1788087266.825984,50,9.328443,1.096384
worker_4,1380,1788087266.835339,50,9.560065,1.100896
worker_4,1381,1788087266.845018,50,9.465064,1.096640
worker_4,1382,1788087266.854504,50,9.562443,1.096832
worker_4,1383,1788087266.864084,50,9.582739,1.104416
worker_4,1384,1788087266.873682,50,9.574573,1.097792
worker_4,1385,1788087266.883274,50,9.563009,1.098624
worker_4,1386,1788087266.892854,50,9.579111,1.097088
worker_4,1387,1788087266.902449,50,9.562861,1.097152
worker_4,1388,1788087266.912028,50,9.581324,1.097408
worker_4,1389,1788087266.921626,50,9.778871,1.096224
worker_4,1390,1788087266.931454,50,9.524750,1.097952
worker_4,1391,1788087266.941025,50,9.565454,1.096480
worker_4,1392,1788087266.950636,50,9.381739,1.098176
worker_4,1393,1788087266.960065,50,9.751613,1.099008
worker_4,1394,1788087266.969864,50,9.287553,1.098816
worker_4,1395,1788087266.979178,50,9.551129,1.099296
worker_4,1396,1788087266.988761,50,9.563750,1.097888
worker_4,1397,1788087266.998343,50,9.594075,1.098048
worker_4,1398,1788087267.007954,50,9.579593,1.106272
worker_4,1399,1788087267.017551,50,9.563963,1.098624
worker_4,1400,1788087267.027132,50,9.778577,1.100160
worker_4,1401,1788087267.036961,50,9.517649,1.096544
worker_4,1402,1788087267.046526,50,9.528455,1.097952
worker_4,1403,1788087267.056100,50,9.546491,1.100256
worker_4,1404,1788087267.065693,50,9.554223,1.099104
worker_4,1405,1788087267.075295,50,9.538693,1.098048
worker_4,1406,1788087267.084880,50,9.546231,1.099040
worker_4,1407,1788087267.094473,50,9.541463,1.098784
worker_4,1408,1788087267.104064,50,9.544463,1.105408
worker_4,1409,1788087267.113656,50,9.533334,1.097952
worker_4,1410,1788087267.123237,50,9.546417,1.097984
worker_4,1411,1788087267.132830,50,9.561658,1.097088
worker_4,1412,1788087267.142438,50,9.552019,1.099136
worker_4,1413,1788087267.152038,50,9.552465,1.099168
worker_4,1414,1788087267.161637,50,9.544547,1.098112
worker_4,1415,1788087267.171228,50,9.339452,1.097728
worker_4,1416,1788087267.180606,50,9.761984,1.097792
worker_4,1417,1788087267.190416,50,9.342378,1.096704
worker_4,1418,1788087267.199785,50,9.749725,1.096992
worker_4,1419,1788087267.209583,50,9.341499,1.098112
worker_4,1420,1788087267.218950,50,9.764557,1.098144
worker_4,1421,1788087267.228764,50,9.347220,1.098208
worker_4,1422,1788087267.238136,50,9.782724,1.098720
worker_4,1423,1788087267.247965,50,9.330443,1.097568
worker_4,1424,1788087267.257324,50,9.541963,1.096992
worker_4,1425,1788087267.266887,50,9.561843,1.098592
worker_4,1426,1788087267.276468,50,9.568760,1.096864
worker_4,1427,1788087267.286056,50,9.582724,1.096352
worker_4,1428,1788087267.295658,50,9.588816,1.097792
worker_4,1429,1788087267.305264,50,9.566945,1.097824
worker_4,1430,1788087267.314849,50,9.777215,1.098720
worker_4,1431,1788087267.324674,50,9.534490,1.096608
worker_4,1432,1788087267.334256,50,9.340545,1.097312
worker_4,1433,1788087267.343623,50,9.770771,1.096960
worker_4,1434,1788087267.353441,50,9.334453,1.098368
worker_4,1435,1788087267.362813,50,9.795308,1.097504
worker_4,1436,1788087267.372657,50,9.302618,1.096576
worker_4,1437,1788087267.381987,50,9.750355,1.098976
worker_4,1438,1788087267.391785,50,9.337702,1.099264
worker_4,1439,1788087267.401150,50,9.780854,1.098784
worker_4,1440,1788087267.410979,50,9.534370,1.098240
worker_4,1441,1788087267.420559,50,9.545981,1.096736
worker_4,1442,1788087267.430151,50,9.356138,1.097472
worker_4,1443,1788087267.439533,50,9.759197,1.100704
worker_4,1444,1788087267.449342,50,9.334703,1.097408
worker_4,1445,1788087267.458704,50,9.548880,1.096480
worker_4,1446,1788087267.468272,50,9.568602,1.098464
worker_4,1447,1788087267.477857,50,9.565991,1.098144
worker_4,1448,1788087267.487439,50,9.568418,1.098624
worker_4,1449,1788087267.497024,50,9.571510,1.098848
worker_4,1450,1788087267.506611,50,9.573241,1.097792
worker_4,1451,1788087267.516201,50,9.569428,1.097280
worker_4,1452,1788087267.525787,50,9.575185,1.099168
worker_4,1453,1788087267.535378,50,9.585585,1.100512
worker_4,1454,1788087267.544980,50,9.573751,1.098368
worker_4,1455,1788087267.554581,50,9.576056,1.098656
worker_4,1456,1788087267.564175,50,9.811457,1.105312
worker_4,1457,1788087267.574039,50,9.527398,1.098016
worker_4,1458,1788087267.583615,50,9.546815,1.100640
worker_4,1459,1788087267.593209,50,9.530972,1.097792
worker_4,1460,1788087267.602787,50,9.560075,1.097536
worker_4,1461,1788087267.612394,50,9.562371,1.099904
worker_4,1462,1788087267.622002,50,9.344591,1.096448
worker_4,1463,1788087267.631372,50,9.556305,1.100640
worker_4,1464,1788087267.640947,50,9.561417,1.098784
worker_4,1465,1788087267.650526,50,9.579760,1.097312
worker_4,1466,1788087267.660123,50,9.576334,1.096224
worker_4,1467,1788087267.669715,50,9.569065,1.096800
worker_4,1468,1788087267.679300,50,9.796485,1.101056
worker_4,1469,1788087267.689145,50,9.529464,1.096512
worker_4,1470,1788087267.698724,50,9.558251,1.097888
worker_4,1471,1788087267.708328,50,9.543842,1.104960
worker_4,1472,1788087267.717919,50,9.536648,1.096544
worker_4,1473,1788087267.727503,50,9.544130,1.098560
worker_4,1474,1788087267.737108,50,9.537584,1.096960
worker_4,1475,1788087267.746693,50,9.570056,1.096576
worker_4,1476,1788087267.756309,50,9.540278,1.099072
worker_4,1477,1788087267.765895,50,9.545834,1.096608
worker_4,1478,1788087267.775488,50,9.550518,1.100704
worker_4,1479,1788087267.785086,50,9.531731,1.097728
worker_4,1480,1788087267.794666,50,9.539251,1.098816
worker_4,1481,1788087267.804264,50,9.529166,1.098112
worker_4,1482,1788087267.813840,50,9.536463,1.099296
worker_4,1483,1788087267.823423,50,9.531918,1.096352
worker_4,1484,1788087267.833003,50,9.558557,1.097504
worker_4,1485,1788087267.842608,50,9.547806,1.098496
worker_4,1486,1788087267.852203,50,9.338055,1.104032
worker_4,1487,1788087267.861567,50,9.761677,1.097536
worker_4,1488,1788087267.871376,50,9.333091,1.098368
worker_4,1489,1788087267.880738,50,9.755716,1.098496
worker_4,1490,1788087267.890540,50,9.333174,1.097472
worker_4,1491,1788087267.899899,50,9.780381,1.098688
worker_4,1492,1788087267.909728,50,9.323509,1.096672
worker_4,1493,1788087267.919075,50,9.763807,1.099552
worker_4,1494,1788087267.928902,50,9.316832,1.096704
worker_4,1495,1788087267.938243,50,9.773559,1.096960
worker_4,1496,1788087267.948064,50,9.340360,1.098272
worker_4,1497,1788087267.957429,50,9.556269,1.096352
worker_4,1498,1788087267.967006,50,9.564677,1.100160
worker_4,1499,1788087267.976588,50,9.562464,1.097248
worker_4,1500,1788087267.986167,50,9.597112,1.096960
worker_4,1501,1788087267.995782,50,9.562342,1.098272
worker_4,1502,1788087268.005360,50,9.573714,1.097888
worker_4,1503,1788087268.014949,50,9.592483,1.110848
worker_4,1504,1788087268.024558,50,9.579149,1.096704
worker_4,1505,1788087268.034153,50,9.776086,1.098112
worker_4,1506,1788087268.043979,50,9.543991,1.096096
worker_4,1507,1788087268.053572,50,9.536797,1.098368
worker_4,1508,1788087268.063158,50,9.554981,1.097408
worker_4,1509,1788087268.072761,50,9.554880,1.096640
worker_4,1510,1788087268.082363,50,9.535372,1.096704
worker_4,1511,1788087268.091946,50,9.550991,1.098464
worker_4,1512,1788087268.101544,50,9.531575,1.098176
worker_4,1513,1788087268.111137,50,9.528751,1.106816
worker_4,1514,1788087268.120712,50,9.341952,1.096832
worker_4,1515,1788087268.130079,50,9.577149,1.097856
worker_4,1516,1788087268.139675,50,9.572464,1.102400
worker_4,1517,1788087268.149264,50,9.583593,1.100352
worker_4,1518,1788087268.158865,50,9.565500,1.098784
worker_4,1519,1788087268.168447,50,9.576121,1.097216
worker_4,1520,1788087268.178039,50,9.588945,1.097280
worker_4,1521,1788087268.187643,50,9.784614,1.098784
worker_4,1522,1788087268.197473,50,9.545435,1.097472
worker_4,1523,1788087268.207065,50,9.571843,1.098176
worker_4,1524,1788087268.216683,50,9.504769,1.096608
worker_4,1525,1788087268.226234,50,9.541751,1.096544
worker_4,1526,1788087268.235823,50,9.542130,1.096640
worker_4,1527,1788087268.245411,50,9.546852,1.097344
worker_4,1528,1788087268.255004,50,9.525696,1.096896
worker_4,1529,1788087268.264581,50,9.544398,1.097344
worker_4,1530,1788087268.274173,50,9.553510,1.096992
worker_4,1531,1788087268.283774,50,9.538241,1.097536
worker_4,1532,1788087268.293451,50,9.230027,1.097344
worker_4,1533,1788087268.302721,50,9.752771,1.097920
worker_4,1534,1788087268.312525,50,9.340045,1.099232
worker_4,1535,1788087268.321890,50,9.755336,1.096768
worker_4,1536,1788087268.331692,50,9.331360,1.099904
worker_4,1537,1788087268.341048,50,9.762892,1.096352
worker_4,1538,1788087268.350859,50,9.336842,1.096800
worker_4,1539,1788087268.360226,50,9.757299,1.097312
worker_4,1540,1788087268.370033,50,9.341101,1.097824
worker_4,1541,1788087268.379400,50,9.761159,1.097280
worker_4,1542,1788087268.389210,50,9.354508,1.097152
worker_4,1543,1788087268.398589,50,9.763706,1.096448
worker_4,1544,1788087268.408403,50,9.352934,1.096416
worker_4,1545,1788087268.417782,50,9.755771,1.098368
worker_4,1546,1788087268.427585,50,9.334796,1.098752
worker_4,1547,1788087268.436945,50,9.772096,1.097664
worker_4,1548,1788087268.446767,50,9.326684,1.098368
worker_4,1549,1788087268.456121,50,9.568425,1.097856
worker_4,1550,1788087268.465708,50,9.568186,1.099392
worker_4,1551,1788087268.475293,50,9.580511,1.098240
worker_4,1552,1788087268.484903,50,9.555816,1.097792
worker_4,1553,1788087268.494475,50,9.574668,1.097152
worker_4,1554,1788087268.504066,50,9.578769,1.099072
worker_4,1555,1788087268.513661,50,9.565389,1.097472
worker_4,1556,1788087268.523244,50,9.571556,1.098816
worker_4,1557,1788087268.532832,50,9.567732,1.096448
worker_4,1558,1788087268.542414,50,9.574139,1.096320
worker_4,1559,1788087268.552003,50,9.787948,1.099296
worker_4,1560,1788087268.561840,50,9.532101,1.098240
worker_4,1561,1788087268.571420,50,9.546789,1.097856
worker_4,1562,1788087268.581015,50,9.548482,1.096832
worker_4,1563,1788087268.590612,50,9.530898,1.096512
worker_4,1564,1788087268.600192,50,9.557482,1.104160
worker_4,1565,1788087268.609796,50,9.529001,1.097408
worker_4,1566,1788087268.619373,50,9.536149,1.095456
worker_4,1567,1788087268.628955,50,9.533121,1.096768
worker_4,1568,1788087268.638537,50,9.541297,1.098496
worker_4,1569,1788087268.648125,50,9.551621,1.097920
worker_4,1570,1788087268.657723,50,9.686741,1.096928
worker_4,1571,1788087268.667458,50,9.337656,1.099200
worker_4,1572,1788087268.676835,50,9.575630,1.097632
worker_4,1573,1788087268.686432,50,9.564630,1.096544
worker_4,1574,1788087268.696017,50,9.563732,1.100064
worker_4,1575,1788087268.705597,50,9.614011,1.097824
worker_4,1576,1788087268.715228,50,9.527685,1.099168
worker_4,1577,1788087268.724772,50,9.577186,1.097536
worker_4,1578,1788087268.734366,50,9.414767,1.096640
worker_4,1579,1788087268.743799,50,9.769290,1.098368
worker_4,1580,1788087268.753618,50,9.529462,1.099296
worker_4,1581,1788087268.763195,50,9.538462,1.097952
worker_4,1582,1788087268.772780,50,9.543491,1.097760
worker_4,1583,1788087268.782372,50,9.346888,1.097312
worker_4,1584,1788087268.791745,50,9.763938,1.104896
worker_4,1585,1788087268.801558,50,9.346063,1.098496
worker_4,1586,1788087268.810929,50,9.780531,1.100576
worker_4,1587,1788087268.820757,50,9.330164,1.098112
worker_4,1588,1788087268.830111,50,9.805456,1.097632
worker_4,1589,1788087268.839966,50,9.326526,1.101088
worker_4,1590,1788087268.849317,50,9.777438,1.097312
worker_4,1591,1788087268.859154,50,9.319665,1.096736
worker_4,1592,1788087268.868498,50,9.764540,1.098560
worker_4,1593,1788087268.878313,50,9.323396,1.096704
worker_4,1594,1788087268.887663,50,9.791790,1.096800
worker_4,1595,1788087268.897502,50,9.324730,1.098816
worker_4,1596,1788087268.906855,50,9.724437,1.110432
worker_4,1597,1788087268.916601,50,9.431213,1.097856
worker_4,1598,1788087268.926051,50,9.588750,1.097824
worker_4,1599,1788087268.935657,50,9.783068,1.100352
worker_4,1600,1788087268.945488,50,9.328637,1.097696
worker_4,1601,1788087268.954841,50,9.779826,1.097920
worker_4,1602,1788087268.964670,50,9.322119,1.097344
worker_4,1603,1788087268.974017,50,9.776096,1.097376
worker_4,1604,1788087268.983841,50,9.321175,1.098176
worker_4,1605,1788087268.993188,50,9.767429,1.097088
worker_4,1606,1788087269.003004,50,9.330517,1.098368
worker_4,1607,1788087269.012359,50,9.782170,1.096192
worker_4,1608,1788087269.022191,50,9.337915,1.097952
worker_4,1609,1788087269.031556,50,9.777502,1.096544
worker_4,1610,1788087269.041381,50,9.330240,1.096288
worker_4,1611,1788087269.050751,50,9.754725,1.098624
worker_4,1612,1788087269.060556,50,9.332906,1.097760
worker_4,1613,1788087269.069916,50,9.763522,1.097056
worker_4,1614,1788087269.079728,50,9.320786,1.096992
worker_4,1615,1788087269.089074,50,9.759725,1.097632
worker_4,1616,1788087269.098883,50,9.331536,1.099296
worker_4,1617,1788087269.108241,50,9.766170,1.097344
worker_4,1618,1788087269.118057,50,9.336592,1.097696
worker_4,1619,1788087269.127418,50,9.767891,1.096960
worker_4,1620,1788087269.137234,50,9.322758,1.096672
worker_4,1621,1788087269.146582,50,9.792632,1.095456
worker_4,1622,1788087269.156423,50,9.354231,1.103712
worker_4,1623,1788087269.165802,50,9.760494,1.098304
worker_4,1624,1788087269.175615,50,9.342657,1.097984
worker_4,1625,1788087269.184983,50,9.792957,1.097696
worker_4,1626,1788087269.194825,50,9.318803,1.099008
worker_4,1627,1788087269.204168,50,9.794846,1.102304
worker_4,1628,1788087269.214012,50,9.326425,1.096064
worker_4,1629,1788087269.223364,50,9.759096,1.098432
worker_4,1630,1788087269.233183,50,9.338703,1.097824
worker_4,1631,1788087269.242547,50,9.757577,1.095808
worker_4,1632,1788087269.252352,50,9.350130,1.098784
worker_4,1633,1788087269.261725,50,9.758020,1.096864
worker_4,1634,1788087269.271533,50,9.352897,1.097792
worker_4,1635,1788087269.280913,50,9.554122,1.097024
worker_4,1636,1788087269.290488,50,9.564260,1.098720
worker_4,1637,1788087269.300072,50,9.570779,1.098592
worker_4,1638,1788087269.309662,50,9.568575,1.098784
worker_4,1639,1788087269.319249,50,9.771892,1.098464
worker_4,1640,1788087269.329069,50,9.331359,1.100256
worker_4,1641,1788087269.338427,50,9.561408,1.097792
worker_4,1642,1788087269.348007,50,9.569955,1.098560
worker_4,1643,1788087269.357594,50,9.569011,1.098112
worker_4,1644,1788087269.367180,50,9.567141,1.099040
worker_4,1645,1788087269.376763,50,9.586057,1.098240
worker_4,1646,1788087269.386366,50,9.780994,1.098368
worker_4,1647,1788087269.396199,50,9.340997,1.107232
worker_4,1648,1788087269.405565,50,9.759872,1.096352
worker_4,1649,1788087269.415373,50,9.339768,1.099552
worker_4,1650,1788087269.424750,50,9.775604,1.098752
worker_4,1651,1788087269.434575,50,9.332045,1.098432
worker_4,1652,1788087269.443933,50,9.756956,1.100576
worker_4,1653,1788087269.453740,50,9.337517,1.098624
worker_4,1654,1788087269.463104,50,9.555501,1.097568
worker_4,1655,1788087269.472677,50,9.563149,1.098592
worker_4,1656,1788087269.482256,50,9.572816,1.098464
worker_4,1657,1788087269.491846,50,9.572491,1.098944
worker_4,1658,1788087269.501434,50,9.583491,1.098720
worker_4,1659,1788087269.511035,50,9.562964,1.097792
worker_4,1660,1788087269.520616,50,9.587260,1.098464
worker_4,1661,1788087269.530220,50,9.573556,1.097472
worker_4,1662,1788087269.539809,50,9.583973,1.100064
worker_4,1663,1788087269.549408,50,9.790401,1.097696
worker_4,1664,1788087269.559251,50,9.563779,1.098816
worker_4,1665,1788087269.568861,50,9.524205,1.097792
worker_4,1666,1788087269.578433,50,9.707298,1.096320
worker_4,1667,1788087269.588188,50,9.540954,1.100736
worker_4,1668,1788087269.597777,50,9.407934,1.098112
worker_4,1669,1788087269.607243,50,9.608241,1.096672
worker_4,1670,1788087269.616897,50,9.545964,1.099424
worker_4,1671,1788087269.626492,50,9.404323,1.103552
worker_4,1672,1788087269.635945,50,9.538157,1.098368
worker_4,1673,1788087269.645530,50,9.539684,1.098240
worker_4,1674,1788087269.655118,50,9.540722,1.101440
worker_4,1675,1788087269.664706,50,9.535870,1.096416
worker_4,1676,1788087269.674288,50,9.535019,1.097664
worker_4,1677,1788087269.683869,50,9.564167,1.098400
worker_4,1678,1788087269.693480,50,9.335369,1.096864
worker_4,1679,1788087269.702840,50,9.783586,1.098976
worker_4,1680,1788087269.712674,50,9.333627,1.097120
worker_4,1681,1788087269.722033,50,9.768121,1.097760
worker_4,1682,1788087269.731848,50,9.338026,1.097824
worker_4,1683,1788087269.741302,50,9.667363,1.097408
worker_4,1684,1788087269.751018,50,9.334564,1.097312
worker_4,1685,1788087269.760379,50,9.761678,1.098720
worker_4,1686,1788087269.770189,50,9.339470,1.096672
worker_4,1687,1788087269.779555,50,9.763169,1.097408
worker_4,1688,1788087269.789367,50,9.352017,1.100416
worker_4,1689,1788087269.798755,50,9.748881,1.096384
worker_4,1690,1788087269.808556,50,9.339072,1.097472
worker_4,1691,1788087269.817920,50,9.765113,1.098496
worker_4,1692,1788087269.827735,50,9.333545,1.097376
worker_4,1693,1788087269.837096,50,9.773169,1.101920
worker_4,1694,1788087269.846920,50,9.324378,1.098688
worker_4,1695,1788087269.856270,50,9.761548,1.096096
worker_4,1696,1788087269.866079,50,9.342517,1.096416
worker_4,1697,1788087269.875448,50,9.758567,1.097216
worker_4,1698,1788087269.885255,50,9.353701,1.097088
worker_4,1699,1788087269.894637,50,9.898605,1.096672
worker_4,1700,1788087269.904587,50,9.326211,1.098912
worker_4,1701,1788087269.913939,50,9.774520,1.096928
worker_4,1702,1788087269.923763,50,9.203886,1.097184
worker_4,1703,1788087269.932992,50,9.908290,1.098432
worker_4,1704,1788087269.942949,50,9.194756,1.097152
worker_4,1705,1788087269.952172,50,9.773798,1.100000
worker_4,1706,1788087269.961993,50,9.332174,1.097408
worker_4,1707,1788087269.971353,50,9.776557,1.100800
worker_4,1708,1788087269.981192,50,9.312155,1.095968
worker_4,1709,1788087269.990530,50,9.761084,1.096384
worker_4,1710,1788087270.000340,50,9.342229,1.098176
worker_4,1711,1788087270.009707,50,9.766077,1.098592
worker_4,1712,1788087270.019521,50,9.342666,1.099872
worker_4,1713,1788087270.028890,50,9.757816,1.096544
worker_4,1714,1788087270.038698,50,9.356895,1.098368
worker_4,1715,1788087270.048081,50,9.768400,1.096960
worker_4,1716,1788087270.057898,50,9.331072,1.098784
worker_4,1717,1788087270.067255,50,9.772789,1.100864
worker_4,1718,1788087270.077076,50,9.331230,1.097472
worker_4,1719,1788087270.086433,50,9.791733,1.096672
worker_4,1720,1788087270.096273,50,9.318422,1.098144
worker_4,1721,1788087270.105617,50,9.767835,1.097600
worker_4,1722,1788087270.115434,50,9.342776,1.098496
worker_4,1723,1788087270.124803,50,9.765364,1.097376
worker_4,1724,1788087270.134619,50,9.317619,1.098112
worker_4,1725,1788087270.143963,50,9.779743,1.103520
worker_4,1726,1788087270.153791,50,9.326415,1.098592
worker_4,1727,1788087270.163143,50,9.761567,1.097600
worker_4,1728,1788087270.172974,50,9.318590,1.097376
worker_4,1729,1788087270.182317,50,9.769492,1.098688
worker_4,1730,1788087270.192136,50,9.337452,1.100512
worker_4,1731,1788087270.201499,50,9.557019,1.097824
worker_4,1732,1788087270.211075,50,9.563491,1.096704
worker_4,1733,1788087270.220656,50,9.572315,1.098080
worker_4,1734,1788087270.230245,50,9.639493,1.097344
worker_4,1735,1788087270.239936,50,9.475963,1.103360
worker_4,1736,1788087270.249439,50,9.753049,1.096992
worker_4,1737,1788087270.259242,50,9.333239,1.100768
worker_4,1738,1788087270.268601,50,9.767271,1.097408
worker_4,1739,1788087270.278420,50,9.354600,1.098304
worker_4,1740,1788087270.287801,50,9.757225,1.102432
worker_4,1741,1788087270.297606,50,9.343526,1.098912
worker_4,1742,1788087270.306976,50,9.771309,1.098016
worker_4,1743,1788087270.316794,50,9.331499,1.098368
worker_4,1744,1788087270.326151,50,9.779890,1.096512
worker_4,1745,1788087270.335982,50,9.326971,1.099360
worker_4,1746,1788087270.345335,50,9.776483,1.097408
worker_4,1747,1788087270.355173,50,9.320749,1.098976
worker_4,1748,1788087270.364519,50,9.782679,1.098400
worker_4,1749,1788087270.374352,50,9.329564,1.098880
worker_4,1750,1788087270.383708,50,9.782094,1.097952
worker_4,1751,1788087270.393541,50,9.342573,1.098368
worker_4,1752,1788087270.402910,50,9.762262,1.096576
worker_4,1753,1788087270.412722,50,9.333083,1.096320
worker_4,1754,1788087270.422081,50,9.753670,1.096192
worker_4,1755,1788087270.431886,50,9.360350,1.097696
worker_4,1756,1788087270.441272,50,9.778178,1.102016
worker_4,1757,1788087270.451101,50,9.333490,1.097344
worker_4,1758,1788087270.460460,50,9.550778,1.098048
worker_4,1759,1788087270.470033,50,9.588528,1.098176
worker_4,1760,1788087270.479638,50,9.587713,1.096224
worker_4,1761,1788087270.489242,50,9.563649,1.096768
worker_4,1762,1788087270.498821,50,9.578130,1.100928
worker_4,1763,1788087270.508416,50,9.570723,1.096416
worker_4,1764,1788087270.518003,50,9.589899,1.099200
worker_4,1765,1788087270.527609,50,9.564723,1.097760
worker_4,1766,1788087270.537191,50,9.563982,1.096928
worker_4,1767,1788087270.546785,50,9.778697,1.100672
worker_4,1768,1788087270.556615,50,9.544362,1.098496
worker_4,1769,1788087270.566211,50,9.531157,1.095744
worker_4,1770,1788087270.575794,50,9.484481,1.098176
worker_4,1771,1788087270.585306,50,9.429166,1.098592
worker_4,1772,1788087270.594756,50,9.643862,1.099392
worker_4,1773,1788087270.604417,50,9.660039,1.097504
worker_4,1774,1788087270.614094,50,9.567612,1.097312
worker_4,1775,1788087270.623679,50,9.787854,1.096384
worker_4,1776,1788087270.633518,50,9.392425,1.097440
worker_4,1777,1788087270.642963,50,9.523538,1.097792
worker_4,1778,1788087270.652538,50,9.543186,1.097376
worker_4,1779,1788087270.662133,50,9.532714,1.098592
worker_4,1780,1788087270.671717,50,9.340304,1.098848
worker_4,1781,1788087270.681085,50,9.555953,1.098624
worker_4,1782,1788087270.690662,50,9.573454,1.098496
worker_4,1783,1788087270.700254,50,9.574880,1.098272
worker_4,1784,1788087270.709848,50,9.571168,1.096032
worker_4,1785,1788087270.719441,50,9.571955,1.099008
worker_4,1786,1788087270.729041,50,9.565871,1.096384
worker_4,1787,1788087270.738625,50,9.562417,1.098240
worker_4,1788,1788087270.748204,50,9.772068,1.096224
worker_4,1789,1788087270.758029,50,9.521518,1.095872
worker_4,1790,1788087270.767602,50,9.537565,1.097856
worker_4,1791,1788087270.777192,50,9.526425,1.096736
worker_4,1792,1788087270.786769,50,9.548092,1.099616
worker_4,1793,1788087270.796368,50,9.530231,1.096608
worker_4,1794,1788087270.805949,50,9.525519,1.097728
worker_4,1795,1788087270.815525,50,9.538926,1.098944
worker_4,1796,1788087270.825115,50,9.560806,1.096192
worker_4,1797,1788087270.834727,50,9.552445,1.097920
worker_4,1798,1788087270.844331,50,9.514962,1.096608
worker_4,1799,1788087270.853895,50,9.534288,1.096128
worker_4,1800,1788087270.863480,50,9.352295,1.096448
worker_4,1801,1788087270.872861,50,9.771790,1.098336
worker_4,1802,1788087270.882683,50,9.339480,1.099040
worker_4,1803,1788087270.892049,50,9.774438,1.100256
worker_4,1804,1788087270.901874,50,9.332609,1.098208
worker_4,1805,1788087270.911232,50,9.776429,1.101536
worker_4,1806,1788087270.921071,50,9.306860,1.096480
worker_4,1807,1788087270.930405,50,9.770863,1.097952
worker_4,1808,1788087270.940239,50,9.330971,1.108704
worker_4,1809,1788087270.949597,50,9.767957,1.097216
worker_4,1810,1788087270.959415,50,9.330193,1.098208
worker_4,1811,1788087270.968774,50,9.773937,1.099232
worker_4,1812,1788087270.978598,50,9.323490,1.097792
worker_4,1813,1788087270.987948,50,9.792299,1.113664
worker_4,1814,1788087270.997792,50,9.317490,1.098624
worker_4,1815,1788087271.007136,50,9.774791,1.101152
worker_4,1816,1788087271.016961,50,9.328361,1.099264
worker_4,1817,1788087271.026316,50,9.771947,1.098816
worker_4,1818,1788087271.036139,50,9.336739,1.098400
worker_4,1819,1788087271.045502,50,9.764048,1.097376
worker_4,1820,1788087271.055317,50,9.328981,1.100384
worker_4,1821,1788087271.064673,50,9.767531,1.098048
worker_4,1822,1788087271.074494,50,9.318545,1.098688
worker_4,1823,1788087271.083840,50,9.777698,1.098144
worker_4,1824,1788087271.093668,50,9.336064,1.097824
worker_4,1825,1788087271.103044,50,9.765234,1.099424
worker_4,1826,1788087271.112860,50,9.315035,1.097664
worker_4,1827,1788087271.122202,50,9.765475,1.097504
worker_4,1828,1788087271.132017,50,9.348360,1.096544
worker_4,1829,1788087271.141393,50,9.758179,1.098208
worker_4,1830,1788087271.151202,50,9.353166,1.101664
worker_4,1831,1788087271.160583,50,9.774743,1.098688
worker_4,1832,1788087271.170407,50,9.335008,1.096512
worker_4,1833,1788087271.179768,50,9.779771,1.097792
worker_4,1834,1788087271.189698,50,9.231803,1.097504
worker_4,1835,1788087271.198957,50,9.775272,1.098912
worker_4,1836,1788087271.208784,50,9.330796,1.098048
worker_4,1837,1788087271.218142,50,9.771429,1.098560
worker_4,1838,1788087271.227963,50,9.336573,1.100160
worker_4,1839,1788087271.237325,50,9.769697,1.097280
worker_4,1840,1788087271.247147,50,9.336935,1.098848
worker_4,1841,1788087271.256513,50,9.762706,1.098880
worker_4,1842,1788087271.266327,50,9.332767,1.098240
worker_4,1843,1788087271.275687,50,9.765845,1.101056
worker_4,1844,1788087271.285504,50,9.360416,1.101568
worker_4,1845,1788087271.294907,50,9.743900,1.096704
worker_4,1846,1788087271.304701,50,9.344036,1.098432
worker_4,1847,1788087271.314072,50,9.774132,1.097216
worker_4,1848,1788087271.323896,50,9.339027,1.098880
worker_4,1849,1788087271.333262,50,9.791159,1.097632
worker_4,1850,1788087271.343106,50,9.332360,1.101024
worker_4,1851,1788087271.352464,50,9.780466,1.097696
worker_4,1852,1788087271.362296,50,9.327629,1.099360
worker_4,1853,1788087271.371650,50,9.762485,1.099104
worker_4,1854,1788087271.381464,50,9.347361,1.098400
worker_4,1855,1788087271.390837,50,9.791957,1.097216
worker_4,1856,1788087271.400680,50,9.310305,1.095968
worker_4,1857,1788087271.410016,50,9.788170,1.098784
worker_4,1858,1788087271.419855,50,9.331018,1.099872
worker_4,1859,1788087271.429213,50,9.782661,1.098048
worker_4,1860,1788087271.439048,50,9.323859,1.099040
worker_4,1861,1788087271.448398,50,9.771955,1.097888
worker_4,1862,1788087271.458222,50,9.332721,1.096576
worker_4,1863,1788087271.467582,50,9.558324,1.102752
worker_4,1864,1788087271.477164,50,9.574427,1.098272
worker_4,1865,1788087271.486756,50,9.770308,1.098336
worker_4,1866,1788087271.496578,50,9.346685,1.099584
worker_4,1867,1788087271.505951,50,9.546675,1.096448
worker_4,1868,1788087271.515517,50,9.580130,1.098080
worker_4,1869,1788087271.525116,50,9.564186,1.098656
worker_4,1870,1788087271.534698,50,9.577019,1.102400
worker_4,1871,1788087271.544292,50,9.776234,1.098656
worker_4,1872,1788087271.554118,50,9.525250,1.097664
worker_4,1873,1788087271.563694,50,9.537481,1.097568
worker_4,1874,1788087271.573282,50,9.687585,1.098176
worker_4,1875,1788087271.583023,50,9.548639,1.098208
worker_4,1876,1788087271.592625,50,9.531000,1.098304
worker_4,1877,1788087271.602206,50,9.512019,1.097760
worker_4,1878,1788087271.611768,50,9.575482,1.098560
worker_4,1879,1788087271.621393,50,9.394526,1.098464
worker_4,1880,1788087271.630837,50,9.523334,1.099264
worker_4,1881,1788087271.640412,50,9.535168,1.098048
worker_4,1882,1788087271.649999,50,9.537962,1.097408
worker_4,1883,1788087271.659586,50,9.553573,1.099904
worker_4,1884,1788087271.669206,50,9.320091,1.098272
worker_4,1885,1788087271.678552,50,9.632270,1.097600
worker_4,1886,1788087271.688249,50,9.467767,1.098656
worker_4,1887,1788087271.697744,50,9.555037,1.099328
worker_4,1888,1788087271.707319,50,9.570556,1.100256
worker_4,1889,1788087271.716909,50,9.561343,1.098112
worker_4,1890,1788087271.726486,50,9.588537,1.097728
worker_4,1891,1788087271.736092,50,9.783910,1.098944
worker_4,1892,1788087271.745927,50,9.327267,1.098880
worker_4,1893,1788087271.755282,50,9.788538,1.100032
worker_4,1894,1788087271.765122,50,9.334165,1.099328
worker_4,1895,1788087271.774483,50,9.781576,1.096448
worker_4,1896,1788087271.784315,50,9.327906,1.099136
worker_4,1897,1788087271.793669,50,9.764558,1.099232
worker_4,1898,1788087271.803487,50,9.351378,1.102560
worker_4,1899,1788087271.812866,50,9.760131,1.095360
worker_4,1900,1788087271.822680,50,9.328193,1.096480
worker_4,1901,1788087271.832032,50,9.776244,1.098528
worker_4,1902,1788087271.841861,50,9.331175,1.098720
worker_4,1903,1788087271.851231,50,9.757299,1.102560
worker_4,1904,1788087271.861037,50,9.326045,1.099136
worker_4,1905,1788087271.870390,50,9.762308,1.096000
worker_4,1906,1788087271.880204,50,9.339565,1.104256
worker_4,1907,1788087271.889571,50,9.766142,1.098720
worker_4,1908,1788087271.899389,50,9.322563,1.098176
worker_4,1909,1788087271.908739,50,9.797965,1.097024
worker_4,1910,1788087271.918589,50,9.321998,1.099776
worker_4,1911,1788087271.927937,50,9.772780,1.099328
worker_4,1912,1788087271.937761,50,9.321970,1.099200
worker_4,1913,1788087271.947110,50,9.554907,1.099168
worker_4,1914,1788087271.956683,50,9.579306,1.098016
worker_4,1915,1788087271.966280,50,9.569482,1.098624
worker_4,1916,1788087271.975868,50,9.571075,1.098688
worker_4,1917,1788087271.985456,50,9.574658,1.099616
worker_4,1918,1788087271.995047,50,9.578853,1.102176
worker_4,1919,1788087272.004642,50,9.565288,1.096736
worker_4,1920,1788087272.014224,50,9.567001,1.099104
worker_4,1921,1788087272.023808,50,9.796003,1.098752
worker_4,1922,1788087272.033651,50,9.541371,1.098272
worker_4,1923,1788087272.043256,50,9.536908,1.100608
worker_4,1924,1788087272.052844,50,9.528296,1.096256
worker_4,1925,1788087272.062421,50,9.542065,1.098752
worker_4,1926,1788087272.072014,50,9.544731,1.097760
worker_4,1927,1788087272.081610,50,9.541435,1.099008
worker_4,1928,1788087272.091202,50,9.541584,1.101152
worker_4,1929,1788087272.100793,50,9.544547,1.098336
worker_4,1930,1788087272.110388,50,9.325905,1.098912
worker_4,1931,1788087272.119739,50,9.769744,1.097952
worker_4,1932,1788087272.129559,50,9.335034,1.099584
worker_4,1933,1788087272.138921,50,9.757418,1.098432
worker_4,1934,1788087272.148728,50,9.351035,1.097056
worker_4,1935,1788087272.158105,50,9.761864,1.097664
worker_4,1936,1788087272.167917,50,9.349767,1.098752
worker_4,1937,1788087272.177294,50,9.785270,1.100192
worker_4,1938,1788087272.187129,50,9.326841,1.097088
worker_4,1939,1788087272.196483,50,9.775947,1.098976
worker_4,1940,1788087272.206311,50,9.329646,1.099712
worker_4,1941,1788087272.215666,50,9.772428,1.098176
worker_4,1942,1788087272.225503,50,9.325237,1.097952
worker_4,1943,1788087272.234855,50,9.764482,1.098912
worker_4,1944,1788087272.244671,50,9.328165,1.096640
worker_4,1945,1788087272.254026,50,9.764871,1.097536
worker_4,1946,1788087272.263843,50,9.339312,1.100384
worker_4,1947,1788087272.273209,50,9.569195,1.096416
worker_4,1948,1788087272.282799,50,9.774687,1.098496
worker_4,1949,1788087272.292625,50,9.330776,1.097760
worker_4,1950,1788087272.301984,50,9.564796,1.099360
worker_4,1951,1788087272.311569,50,9.564574,1.100896
worker_4,1952,1788087272.321151,50,9.586481,1.096416
worker_4,1953,1788087272.330756,50,9.568185,1.100160
worker_4,1954,1788087272.340342,50,9.594362,1.099136
worker_4,1955,1788087272.349953,50,9.592954,1.097920
worker_4,1956,1788087272.359563,50,9.773975,1.098912
worker_4,1957,1788087272.369388,50,9.527759,1.095776
worker_4,1958,1788087272.378969,50,9.539250,1.097600
worker_4,1959,1788087272.388560,50,9.516621,1.097760
worker_4,1960,1788087272.398129,50,9.538658,1.097248
worker_4,1961,1788087272.407716,50,9.527640,1.097760
worker_4,1962,1788087272.417309,50,9.529545,1.098464
worker_4,1963,1788087272.426887,50,9.537528,1.096704
worker_4,1964,1788087272.436474,50,9.537843,1.096448
worker_4,1965,1788087272.446062,50,9.526843,1.097120
worker_4,1966,1788087272.455639,50,9.538047,1.098784
worker_4,1967,1788087272.465226,50,9.536056,1.096512
worker_4,1968,1788087272.474811,50,9.348721,1.098240
worker_4,1969,1788087272.484186,50,9.561269,1.096224
worker_4,1970,1788087272.493765,50,9.561556,1.097696
worker_4,1971,1788087272.503344,50,9.567029,1.096832
worker_4,1972,1788087272.512929,50,9.576760,1.099360
worker_4,1973,1788087272.522522,50,9.570084,1.098560
worker_4,1974,1788087272.532108,50,9.577399,1.104928
worker_4,1975,1788087272.541701,50,9.561963,1.098560
worker_4,1976,1788087272.551280,50,9.781605,1.099328
worker_4,1977,1788087272.561113,50,9.560037,1.098112
worker_4,1978,1788087272.570726,50,9.542038,1.096416
worker_4,1979,1788087272.580322,50,9.543130,1.098720
worker_4,1980,1788087272.589915,50,9.537686,1.097536
worker_4,1981,1788087272.599519,50,9.511944,1.097440
worker_4,1982,1788087272.609083,50,9.526852,1.097344
worker_4,1983,1788087272.618660,50,9.535509,1.096736
worker_4,1984,1788087272.628257,50,9.533584,1.098112
worker_4,1985,1788087272.637945,50,9.426639,1.096512
worker_4,1986,1788087272.647423,50,9.537446,1.097984
worker_4,1987,1788087272.657010,50,9.553474,1.099232
worker_4,1988,1788087272.666613,50,9.327999,1.097184
worker_4,1989,1788087272.675968,50,9.572029,1.107072
worker_4,1990,1788087272.685558,50,9.565077,1.098304
worker_4,1991,1788087272.695140,50,9.569955,1.097760
worker_4,1992,1788087272.704726,50,9.594242,1.098336
worker_4,1993,1788087272.714338,50,9.562519,1.097344
worker_4,1994,1788087272.723916,50,9.578029,1.103936
worker_4,1995,1788087272.733511,50,9.782855,1.096192
worker_4,1996,1788087272.743344,50,9.538585,1.097760
worker_4,1997,1788087272.752935,50,9.537474,1.096192
worker_4,1998,1788087272.762523,50,9.523649,1.098176
worker_4,1999,1788087272.772098,50,9.563853,1.098336
worker_4,2000,1788087272.781712,50,9.512011,1.098176
worker_4,2001,1788087272.791288,50,9.516353,1.097600
worker_4,2002,1788087272.800853,50,9.697585,1.098560
worker_4,2003,1788087272.810602,50,9.546538,1.096736
worker_4,2004,1788087272.820198,50,9.537150,1.097376
worker_4,2005,1788087272.829786,50,9.560353,1.097600
worker_4,2006,1788087272.839398,50,9.528084,1.097568
worker_4,2007,1788087272.848977,50,9.556482,1.098720
worker_4,2008,1788087272.858585,50,9.535483,1.098112
worker_4,2009,1788087272.868170,50,9.426602,1.097856
worker_4,2010,1788087272.877646,50,9.502399,1.098208
worker_4,2011,1788087272.887197,50,9.331156,1.099456
worker_4,2012,1788087272.896556,50,9.767604,1.097568
worker_4,2013,1788087272.906374,50,9.357813,1.098208
worker_4,2014,1788087272.915757,50,9.769011,1.101056
worker_4,2015,1788087272.925576,50,9.341387,1.099072
worker_4,2016,1788087272.934944,50,9.772263,1.101536
worker_4,2017,1788087272.944768,50,9.341174,1.098112
worker_4,2018,1788087272.954135,50,9.761743,1.097952
worker_4,2019,1788087272.963950,50,9.344194,1.098112
worker_4,2020,1788087272.973333,50,9.744604,1.098976
worker_4,2021,1788087272.983130,50,9.341925,1.098496
worker_4,2022,1788087272.992497,50,9.771253,1.098368
worker_4,2023,1788087273.002320,50,9.328934,1.098912
worker_4,2024,1788087273.011675,50,9.795354,1.099840
worker_4,2025,1788087273.021522,50,9.324305,1.100256
worker_4,2026,1788087273.030873,50,9.763373,1.097568
worker_4,2027,1788087273.040687,50,9.339517,1.096896
worker_4,2028,1788087273.050053,50,9.787151,1.098112
worker_4,2029,1788087273.059891,50,9.332785,1.099328
worker_4,2030,1788087273.069250,50,9.778418,1.097920
worker_4,2031,1788087273.079080,50,9.328091,1.097632
worker_4,2032,1788087273.088434,50,9.785336,1.099040
worker_4,2033,1788087273.098270,50,9.362129,1.098048
worker_4,2034,1788087273.107658,50,9.766216,1.098752
worker_4,2035,1788087273.117476,50,9.339434,1.098944
worker_4,2036,1788087273.126841,50,9.756679,1.097312
worker_4,2037,1788087273.136650,50,9.352563,1.098560
worker_4,2038,1788087273.146029,50,9.766686,1.097824
worker_4,2039,1788087273.155846,50,9.343683,1.102848
worker_4,2040,1788087273.165223,50,9.778354,1.096704
worker_4,2041,1788087273.175053,50,9.320507,1.097088
worker_4,2042,1788087273.184400,50,9.777539,1.097696
worker_4,2043,1788087273.194229,50,9.345859,1.097120
worker_4,2044,1788087273.203602,50,9.769567,1.101216
worker_4,2045,1788087273.213421,50,9.543918,1.098752
worker_4,2046,1788087273.223014,50,9.321147,1.097824
worker_4,2047,1788087273.232363,50,9.569445,1.098720
worker_4,2048,1788087273.241950,50,9.568546,1.097568
worker_4,2049,1788087273.251538,50,9.580399,1.096672
worker_4,2050,1788087273.261135,50,9.568611,1.098304
worker_4,2051,1788087273.270721,50,9.567121,1.099904
worker_4,2052,1788087273.280305,50,9.568473,1.097792
worker_4,2053,1788087273.289890,50,9.569213,1.101024
worker_4,2054,1788087273.299476,50,9.561482,1.098080
worker_4,2055,1788087273.309054,50,9.780040,1.095872
worker_4,2056,1788087273.318887,50,9.548453,1.098336
worker_4,2057,1788087273.328486,50,9.534593,1.096320
worker_4,2058,1788087273.338073,50,9.541963,1.096416
worker_4,2059,1788087273.347680,50,9.509103,1.097056
worker_4,2060,1788087273.357241,50,9.538843,1.098880
worker_4,2061,1788087273.366832,50,9.529352,1.097280
worker_4,2062,1788087273.376412,50,9.550741,1.098176
worker_4,2063,1788087273.386014,50,9.521981,1.098112
worker_4,2064,1788087273.395587,50,9.565787,1.100160
worker_4,2065,1788087273.405200,50,9.537704,1.095488
worker_4,2066,1788087273.414788,50,9.329193,1.100192
worker_4,2067,1788087273.424143,50,9.794216,1.098016
worker_4,2068,1788087273.433988,50,9.314813,1.098560
worker_4,2069,1788087273.443330,50,9.765928,1.098944
worker_4,2070,1788087273.453147,50,9.554223,1.099008
worker_4,2071,1788087273.462753,50,9.329609,1.098784
worker_4,2072,1788087273.472109,50,9.561259,1.101760
worker_4,2073,1788087273.481688,50,9.574101,1.098688
worker_4,2074,1788087273.491279,50,9.559834,1.098656
worker_4,2075,1788087273.500856,50,9.565120,1.096384
worker_4,2076,1788087273.510438,50,9.593705,1.098912
worker_4,2077,1788087273.520050,50,9.568149,1.097824
worker_4,2078,1788087273.529634,50,9.576649,1.099392
worker_4,2079,1788087273.539243,50,9.578686,1.102944
worker_4,2080,1788087273.548839,50,9.782142,1.097344
worker_4,2081,1788087273.558673,50,9.550315,1.097792
worker_4,2082,1788087273.568275,50,9.537843,1.096768
worker_4,2083,1788087273.577864,50,9.703559,1.097024
worker_4,2084,1788087273.587619,50,9.386935,1.096032
worker_4,2085,1788087273.597057,50,9.655288,1.096160
worker_4,2086,1788087273.606763,50,9.412583,1.097088
