label,batch,start_unix_s,operations,wall_ms,cuda_batch_ms
worker_5,0,1788087253.616630,50,2.119547,1.100256
worker_5,1,1788087253.618789,50,7.801097,1.098560
worker_5,2,1788087253.626616,50,9.443434,1.098720
worker_5,3,1788087253.636080,50,9.565315,1.097568
worker_5,4,1788087253.645663,50,9.568510,1.098464
worker_5,5,1788087253.655250,50,9.559084,1.098752
worker_5,6,1788087253.664826,50,9.570936,1.097600
worker_5,7,1788087253.674412,50,9.771854,1.096960
worker_5,8,1788087253.684248,50,9.340712,1.098944
worker_5,9,1788087253.693615,50,9.549158,1.098496
worker_5,10,1788087253.703196,50,9.756484,1.100096
worker_5,11,1788087253.713001,50,9.548436,1.098944
worker_5,12,1788087253.722596,50,9.550074,1.098464
worker_5,13,1788087253.732192,50,9.332776,1.097312
worker_5,14,1788087253.741550,50,9.549527,1.098400
worker_5,15,1788087253.751118,50,9.573009,1.100480
worker_5,16,1788087253.760708,50,9.561343,1.099136
worker_5,17,1788087253.770286,50,9.568991,1.099072
worker_5,18,1788087253.779872,50,9.565111,1.097504
worker_5,19,1788087253.789453,50,9.567306,1.097792
worker_5,20,1788087253.799037,50,9.569094,1.099520
worker_5,21,1788087253.808620,50,9.785790,1.096736
worker_5,22,1788087253.818455,50,9.539130,1.100512
worker_5,23,1788087253.828040,50,9.342397,1.097760
worker_5,24,1788087253.837408,50,9.558955,1.096448
worker_5,25,1788087253.846987,50,9.563566,1.102432
worker_5,26,1788087253.856569,50,9.570214,1.098560
worker_5,27,1788087253.866155,50,9.567204,1.097152
worker_5,28,1788087253.875738,50,9.561779,1.097760
worker_5,29,1788087253.885330,50,9.579519,1.097216
worker_5,30,1788087253.894943,50,9.522519,1.097888
worker_5,31,1788087253.904485,50,9.573750,1.097056
worker_5,32,1788087253.914078,50,9.562177,1.098432
worker_5,33,1788087253.923659,50,9.574722,1.099360
worker_5,34,1788087253.933250,50,9.568500,1.096672
worker_5,35,1788087253.942836,50,9.567612,1.100288
worker_5,36,1788087253.952420,50,9.578399,1.098336
worker_5,37,1788087253.962014,50,9.563334,1.098912
worker_5,38,1788087253.971593,50,9.572548,1.098240
worker_5,39,1788087253.981182,50,9.563528,1.097376
worker_5,40,1788087253.990763,50,9.567427,1.097760
worker_5,41,1788087254.000347,50,9.576695,1.097120
worker_5,42,1788087254.009938,50,9.776411,1.097056
worker_5,43,1788087254.019765,50,9.564825,1.096736
worker_5,44,1788087254.029379,50,9.329869,1.098720
worker_5,45,1788087254.038733,50,9.552732,1.097600
worker_5,46,1788087254.048304,50,9.557936,1.097056
worker_5,47,1788087254.057879,50,9.557148,1.097120
worker_5,48,1788087254.067453,50,9.591807,1.102528
worker_5,49,1788087254.077075,50,9.761196,1.096576
worker_5,50,1788087254.086884,50,9.540749,1.097792
worker_5,51,1788087254.096472,50,9.532176,1.098720
worker_5,52,1788087254.106051,50,9.541055,1.098496
worker_5,53,1788087254.115639,50,9.354647,1.103168
worker_5,54,1788087254.125018,50,9.560491,1.097184
worker_5,55,1788087254.134595,50,9.567666,1.097312
worker_5,56,1788087254.144179,50,9.561175,1.096832
worker_5,57,1788087254.153756,50,9.573880,1.099200
worker_5,58,1788087254.163348,50,9.578019,1.098624
worker_5,59,1788087254.172942,50,9.782419,1.096928
worker_5,60,1788087254.182774,50,9.527241,1.097568
worker_5,61,1788087254.192346,50,9.591445,1.101536
worker_5,62,1788087254.201983,50,9.502000,1.097600
worker_5,63,1788087254.211532,50,9.336591,1.099456
worker_5,64,1788087254.220893,50,9.555324,1.097600
worker_5,65,1788087254.230468,50,9.574760,1.096128
worker_5,66,1788087254.240059,50,9.565417,1.096480
worker_5,67,1788087254.249640,50,9.566315,1.097664
worker_5,68,1788087254.259236,50,9.579658,1.098272
worker_5,69,1788087254.268832,50,9.563612,1.098624
worker_5,70,1788087254.278412,50,9.814873,1.097696
worker_5,71,1788087254.288276,50,9.504602,1.097920
worker_5,72,1788087254.297827,50,9.527417,1.097920
worker_5,73,1788087254.307402,50,9.545251,1.097792
worker_5,74,1788087254.316993,50,9.341267,1.096576
worker_5,75,1788087254.326358,50,9.557759,1.099808
worker_5,76,1788087254.335936,50,9.592565,1.104704
worker_5,77,1788087254.345547,50,9.560324,1.097760
worker_5,78,1788087254.355124,50,9.589713,1.099104
worker_5,79,1788087254.364729,50,9.564279,1.097536
worker_5,80,1788087254.374309,50,9.563462,1.095808
worker_5,81,1788087254.383889,50,9.791012,1.099776
worker_5,82,1788087254.393728,50,9.524259,1.097408
worker_5,83,1788087254.403297,50,9.539916,1.097728
worker_5,84,1788087254.412885,50,9.541454,1.096608
worker_5,85,1788087254.422473,50,9.335193,1.096352
worker_5,86,1788087254.431833,50,9.564640,1.103584
worker_5,87,1788087254.441416,50,9.564991,1.097344
worker_5,88,1788087254.451010,50,9.558584,1.102112
worker_5,89,1788087254.460585,50,9.567306,1.098240
worker_5,90,1788087254.470169,50,9.571269,1.098592
worker_5,91,1788087254.479756,50,9.799818,1.098272
worker_5,92,1788087254.489608,50,9.524705,1.096288
worker_5,93,1788087254.499181,50,9.538788,1.097280
worker_5,94,1788087254.508765,50,9.539001,1.097216
worker_5,95,1788087254.518349,50,9.541677,1.098016
worker_5,96,1788087254.527936,50,9.349304,1.097792
worker_5,97,1788087254.537310,50,9.554511,1.097792
worker_5,98,1788087254.546883,50,9.558491,1.098976
worker_5,99,1788087254.556458,50,9.564704,1.097824
worker_5,100,1788087254.566040,50,9.582777,1.098624
worker_5,101,1788087254.575639,50,9.575111,1.098912
worker_5,102,1788087254.585229,50,9.785779,1.097408
worker_5,103,1788087254.595065,50,9.540417,1.097920
worker_5,104,1788087254.604654,50,9.528685,1.098272
worker_5,105,1788087254.614229,50,9.531361,1.097984
worker_5,106,1788087254.623808,50,9.547287,1.098400
worker_5,107,1788087254.633415,50,9.518648,1.095264
worker_5,108,1788087254.642983,50,9.537992,1.097568
worker_5,109,1788087254.652571,50,9.536380,1.099136
worker_5,110,1788087254.662154,50,9.332758,1.096640
worker_5,111,1788087254.671512,50,9.783743,1.097088
worker_5,112,1788087254.681342,50,9.313684,1.098496
worker_5,113,1788087254.690681,50,9.768799,1.097440
worker_5,114,1788087254.700497,50,9.324101,1.097152
worker_5,115,1788087254.709846,50,9.781633,1.099808
worker_5,116,1788087254.719674,50,9.332157,1.098528
worker_5,117,1788087254.729031,50,9.778669,1.097600
worker_5,118,1788087254.738857,50,9.321518,1.096320
worker_5,119,1788087254.748204,50,9.778447,1.097568
worker_5,120,1788087254.758032,50,9.324702,1.098784
worker_5,121,1788087254.767381,50,9.803984,1.099424
worker_5,122,1788087254.777233,50,9.327128,1.097856
worker_5,123,1788087254.786584,50,9.763771,1.097696
worker_5,124,1788087254.796394,50,9.330379,1.098784
worker_5,125,1788087254.805749,50,9.778955,1.096768
worker_5,126,1788087254.815576,50,9.326323,1.098528
worker_5,127,1788087254.824941,50,9.772326,1.097280
worker_5,128,1788087254.834764,50,9.343610,1.098496
worker_5,129,1788087254.844134,50,9.764715,1.098464
worker_5,130,1788087254.853945,50,9.335592,1.099104
worker_5,131,1788087254.863306,50,9.763483,1.101760
worker_5,132,1788087254.873116,50,9.328350,1.097824
worker_5,133,1788087254.882468,50,9.810854,1.106624
worker_5,134,1788087254.892328,50,9.311406,1.096064
worker_5,135,1788087254.901664,50,9.775890,1.098336
worker_5,136,1788087254.911488,50,9.324757,1.098784
worker_5,137,1788087254.920838,50,9.794511,1.103936
worker_5,138,1788087254.930681,50,9.316673,1.098816
worker_5,139,1788087254.940021,50,9.766696,1.097504
worker_5,140,1788087254.949836,50,9.320794,1.096800
worker_5,141,1788087254.959182,50,9.783279,1.102560
worker_5,142,1788087254.969012,50,9.313470,1.096768
worker_5,143,1788087254.978350,50,9.572278,1.097056
worker_5,144,1788087254.987941,50,9.560889,1.099264
worker_5,145,1788087254.997518,50,9.564806,1.097536
worker_5,146,1788087255.007111,50,9.546972,1.098080
worker_5,147,1788087255.016674,50,9.568788,1.097280
worker_5,148,1788087255.026261,50,9.563703,1.096192
worker_5,149,1788087255.035841,50,9.568962,1.098784
worker_5,150,1788087255.045426,50,9.571037,1.097792
worker_5,151,1788087255.055013,50,9.573019,1.098400
worker_5,152,1788087255.064605,50,9.567593,1.098816
worker_5,153,1788087255.074190,50,9.783529,1.098112
worker_5,154,1788087255.084022,50,9.536407,1.100000
worker_5,155,1788087255.093604,50,9.591149,1.096736
worker_5,156,1788087255.103336,50,9.403388,1.098784
worker_5,157,1788087255.112786,50,9.539546,1.097440
worker_5,158,1788087255.122374,50,9.530518,1.097088
worker_5,159,1788087255.131952,50,9.568602,1.099296
worker_5,160,1788087255.141567,50,9.527204,1.096800
worker_5,161,1788087255.151142,50,9.502148,1.095808
worker_5,162,1788087255.160679,50,9.576297,1.098624
worker_5,163,1788087255.170301,50,9.528723,1.097632
worker_5,164,1788087255.179877,50,9.541991,1.096448
worker_5,165,1788087255.189466,50,9.572529,1.098688
worker_5,166,1788087255.199098,50,9.532824,1.100544
worker_5,167,1788087255.208677,50,9.543640,1.096896
worker_5,168,1788087255.218266,50,9.543482,1.097504
worker_5,169,1788087255.227856,50,9.344749,1.097760
worker_5,170,1788087255.237225,50,9.761900,1.097088
worker_5,171,1788087255.247035,50,9.326092,1.098368
worker_5,172,1788087255.256387,50,9.565352,1.099680
worker_5,173,1788087255.265972,50,9.564417,1.096672
worker_5,174,1788087255.275553,50,9.565102,1.103552
worker_5,175,1788087255.285134,50,9.800576,1.097632
worker_5,176,1788087255.294981,50,9.526991,1.098368
worker_5,177,1788087255.304554,50,9.536955,1.098336
worker_5,178,1788087255.314137,50,9.535075,1.097472
worker_5,179,1788087255.323719,50,9.558714,1.095904
worker_5,180,1788087255.333324,50,9.548575,1.111200
worker_5,181,1788087255.342920,50,9.541047,1.096576
worker_5,182,1788087255.352507,50,9.531131,1.098176
worker_5,183,1788087255.362084,50,9.536742,1.096896
worker_5,184,1788087255.371666,50,9.542890,1.096032
worker_5,185,1788087255.381269,50,9.531417,1.102656
worker_5,186,1788087255.390847,50,9.331851,1.096448
worker_5,187,1788087255.400203,50,9.758206,1.099328
worker_5,188,1788087255.410010,50,9.332526,1.096640
worker_5,189,1788087255.419368,50,9.756075,1.099424
worker_5,190,1788087255.429172,50,9.345387,1.097184
worker_5,191,1788087255.438543,50,9.785429,1.096416
worker_5,192,1788087255.448376,50,9.331044,1.096800
worker_5,193,1788087255.457731,50,9.771178,1.096992
worker_5,194,1788087255.467553,50,9.322479,1.100352
worker_5,195,1788087255.476900,50,9.783344,1.097440
worker_5,196,1788087255.486734,50,9.338831,1.098272
worker_5,197,1788087255.496098,50,9.773706,1.097280
worker_5,198,1788087255.505921,50,9.317127,1.096416
worker_5,199,1788087255.515262,50,9.785012,1.099392
worker_5,200,1788087255.525095,50,9.335054,1.095712
worker_5,201,1788087255.534456,50,9.783289,1.097472
worker_5,202,1788087255.544287,50,9.303867,1.097312
worker_5,203,1788087255.553616,50,9.762428,1.096384
worker_5,204,1788087255.563426,50,9.333535,1.097824
worker_5,205,1788087255.572797,50,9.748707,1.096256
worker_5,206,1788087255.582592,50,9.327425,1.096864
worker_5,207,1788087255.591946,50,9.784938,1.110368
worker_5,208,1788087255.601779,50,9.342507,1.098752
worker_5,209,1788087255.611147,50,9.783132,1.098464
worker_5,210,1788087255.620978,50,9.326303,1.097184
worker_5,211,1788087255.630331,50,9.769419,1.097024
worker_5,212,1788087255.640146,50,9.334897,1.102464
worker_5,213,1788087255.649506,50,9.766733,1.096480
worker_5,214,1788087255.659321,50,9.330628,1.097376
worker_5,215,1788087255.668677,50,9.759364,1.096672
worker_5,216,1788087255.678484,50,9.333804,1.098560
worker_5,217,1788087255.687843,50,9.777410,1.101632
worker_5,218,1788087255.697669,50,9.333008,1.096256
worker_5,219,1788087255.707028,50,9.762085,1.096704
worker_5,220,1788087255.716838,50,9.325693,1.098240
worker_5,221,1788087255.726189,50,9.776547,1.098208
worker_5,222,1788087255.736014,50,9.340156,1.103648
worker_5,223,1788087255.745380,50,9.772113,1.097056
worker_5,224,1788087255.755219,50,9.317238,1.098272
worker_5,225,1788087255.764564,50,9.755428,1.096800
worker_5,226,1788087255.774366,50,9.336351,1.099264
worker_5,227,1788087255.783728,50,9.755039,1.096320
worker_5,228,1788087255.793532,50,9.331664,1.098880
worker_5,229,1788087255.802889,50,9.763529,1.099424
worker_5,230,1788087255.812700,50,9.341415,1.099328
worker_5,231,1788087255.822066,50,9.776688,1.096768
worker_5,232,1788087255.831892,50,9.345194,1.097376
worker_5,233,1788087255.841265,50,9.764817,1.096064
worker_5,234,1788087255.851077,50,9.343045,1.104352
worker_5,235,1788087255.860445,50,9.792344,1.098784
worker_5,236,1788087255.870287,50,9.326470,1.097088
worker_5,237,1788087255.879637,50,9.797576,1.097024
worker_5,238,1788087255.889483,50,9.302757,1.097280
worker_5,239,1788087255.898813,50,9.758780,1.096928
worker_5,240,1788087255.908621,50,9.322174,1.096416
worker_5,241,1788087255.917968,50,9.767540,1.098016
worker_5,242,1788087255.927783,50,9.345434,1.100512
worker_5,243,1788087255.937155,50,9.756428,1.096864
worker_5,244,1788087255.946972,50,9.315073,1.097472
worker_5,245,1788087255.956313,50,9.769290,1.098208
worker_5,246,1788087255.966131,50,9.329286,1.097792
worker_5,247,1788087255.975485,50,9.777346,1.101664
worker_5,248,1788087255.985312,50,9.314471,1.098016
worker_5,249,1788087255.994651,50,9.771910,1.097376
worker_5,250,1788087256.004470,50,9.347258,1.100672
worker_5,251,1788087256.013843,50,9.762595,1.097536
worker_5,252,1788087256.023653,50,9.337850,1.098496
worker_5,253,1788087256.033014,50,9.784586,1.098624
worker_5,254,1788087256.042848,50,9.329323,1.098112
worker_5,255,1788087256.052202,50,9.778170,1.099552
worker_5,256,1788087256.062027,50,9.331453,1.097280
worker_5,257,1788087256.071385,50,9.762883,1.096352
worker_5,258,1788087256.081195,50,9.340721,1.098592
worker_5,259,1788087256.090562,50,9.763707,1.096832
worker_5,260,1788087256.100373,50,9.353564,1.099296
worker_5,261,1788087256.109751,50,9.764549,1.096480
worker_5,262,1788087256.119565,50,9.325555,1.098240
worker_5,263,1788087256.128928,50,9.750734,1.096672
worker_5,264,1788087256.138729,50,9.331471,1.099456
worker_5,265,1788087256.148087,50,9.754344,1.096000
worker_5,266,1788087256.157890,50,9.332138,1.098784
worker_5,267,1788087256.167249,50,9.805891,1.099904
worker_5,268,1788087256.177103,50,9.300322,1.098304
worker_5,269,1788087256.186431,50,9.758882,1.097088
worker_5,270,1788087256.196249,50,9.317563,1.096352
worker_5,271,1788087256.205592,50,9.756947,1.096768
worker_5,272,1788087256.215395,50,9.349453,1.101632
worker_5,273,1788087256.224770,50,9.756455,1.095296
worker_5,274,1788087256.234574,50,9.348073,1.098272
worker_5,275,1788087256.243947,50,9.762966,1.097856
worker_5,276,1788087256.253757,50,9.327600,1.098176
worker_5,277,1788087256.263111,50,9.767150,1.101472
worker_5,278,1788087256.272925,50,9.329489,1.097216
worker_5,279,1788087256.282281,50,9.748873,1.096832
worker_5,280,1788087256.292077,50,9.344304,1.105920
worker_5,281,1788087256.301447,50,9.555158,1.097440
worker_5,282,1788087256.311019,50,9.570760,1.097792
worker_5,283,1788087256.320620,50,9.565631,1.098816
worker_5,284,1788087256.330203,50,9.569176,1.098464
worker_5,285,1788087256.339788,50,9.593157,1.102688
worker_5,286,1788087256.349396,50,9.579806,1.097408
worker_5,287,1788087256.358992,50,9.568630,1.096992
worker_5,288,1788087256.368576,50,9.576889,1.098688
worker_5,289,1788087256.378169,50,9.800891,1.097728
worker_5,290,1788087256.388020,50,9.537871,1.099968
worker_5,291,1788087256.397605,50,9.522047,1.097504
worker_5,292,1788087256.407172,50,9.531177,1.096256
worker_5,293,1788087256.416749,50,9.543982,1.098720
worker_5,294,1788087256.426341,50,9.525500,1.098560
worker_5,295,1788087256.435914,50,9.566889,1.097248
worker_5,296,1788087256.445527,50,9.530713,1.096320
worker_5,297,1788087256.455104,50,9.554371,1.098176
worker_5,298,1788087256.464705,50,9.542630,1.096768
worker_5,299,1788087256.474294,50,9.545213,1.099040
worker_5,300,1788087256.483888,50,9.555491,1.097216
worker_5,301,1788087256.493489,50,9.567713,1.096320
worker_5,302,1788087256.503116,50,9.288072,1.096224
worker_5,303,1788087256.512429,50,9.763012,1.098240
worker_5,304,1788087256.522242,50,9.323675,1.098048
worker_5,305,1788087256.531591,50,9.756762,1.098080
worker_5,306,1788087256.541396,50,9.337814,1.098720
worker_5,307,1788087256.550758,50,9.771605,1.097760
worker_5,308,1788087256.560577,50,9.326647,1.096064
worker_5,309,1788087256.569931,50,9.915290,1.099072
worker_5,310,1788087256.579974,50,9.277812,1.101280
worker_5,311,1788087256.589278,50,9.759809,1.097856
worker_5,312,1788087256.599087,50,9.342174,1.101376
worker_5,313,1788087256.608454,50,9.763299,1.096576
worker_5,314,1788087256.618267,50,9.330211,1.098912
worker_5,315,1788087256.627622,50,9.638798,1.097760
worker_5,316,1788087256.637309,50,9.481435,1.098048
worker_5,317,1788087256.646815,50,9.749790,1.097632
worker_5,318,1788087256.656613,50,9.202544,1.098816
worker_5,319,1788087256.665840,50,9.755780,1.097440
worker_5,320,1788087256.675644,50,9.336517,1.096576
worker_5,321,1788087256.685007,50,9.551019,1.097824
worker_5,322,1788087256.694590,50,9.761233,1.095680
worker_5,323,1788087256.704400,50,9.370610,1.100672
worker_5,324,1788087256.713795,50,9.547148,1.098080
worker_5,325,1788087256.723361,50,9.577547,1.097600
worker_5,326,1788087256.732956,50,9.554000,1.096800
worker_5,327,1788087256.742527,50,9.560046,1.098336
worker_5,328,1788087256.752103,50,9.579352,1.104960
worker_5,329,1788087256.761698,50,9.563259,1.096000
worker_5,330,1788087256.771277,50,9.564269,1.098464
worker_5,331,1788087256.780857,50,9.798550,1.097120
worker_5,332,1788087256.790707,50,9.528797,1.095680
worker_5,333,1788087256.800280,50,9.346119,1.097216
worker_5,334,1788087256.809654,50,9.553667,1.097568
worker_5,335,1788087256.819226,50,9.561677,1.098016
worker_5,336,1788087256.828804,50,9.572353,1.097280
worker_5,337,1788087256.838393,50,9.779854,1.098080
worker_5,338,1788087256.848236,50,9.550565,1.104672
worker_5,339,1788087256.857837,50,9.516056,1.097888
worker_5,340,1788087256.867399,50,9.562760,1.095552
worker_5,341,1788087256.877027,50,9.505036,1.097312
worker_5,342,1788087256.886578,50,9.572778,1.097632
worker_5,343,1788087256.896199,50,9.541527,1.113248
worker_5,344,1788087256.905786,50,9.532147,1.097824
worker_5,345,1788087256.915366,50,9.528935,1.096864
worker_5,346,1788087256.924941,50,9.546945,1.095936
worker_5,347,1788087256.934536,50,9.532156,1.096576
worker_5,348,1788087256.944112,50,9.572964,1.097312
worker_5,349,1788087256.953732,50,9.495964,1.096352
worker_5,350,1788087256.963276,50,9.570621,1.101088
worker_5,351,1788087256.972895,50,9.523621,1.096256
worker_5,352,1788087256.982466,50,9.543853,1.095808
worker_5,353,1788087256.992059,50,9.321795,1.097024
worker_5,354,1788087257.001406,50,9.775299,1.098528
worker_5,355,1788087257.011230,50,9.341360,1.106528
worker_5,356,1788087257.020600,50,9.555833,1.098752
worker_5,357,1788087257.030174,50,9.760150,1.096704
worker_5,358,1788087257.039981,50,9.347341,1.099104
worker_5,359,1788087257.049354,50,9.555899,1.100480
worker_5,360,1788087257.058928,50,9.564870,1.097024
worker_5,361,1788087257.068517,50,9.561741,1.098624
worker_5,362,1788087257.078097,50,9.562139,1.098272
worker_5,363,1788087257.087674,50,9.577630,1.097664
worker_5,364,1788087257.097269,50,9.577639,1.100416
worker_5,365,1788087257.106862,50,9.570278,1.097376
worker_5,366,1788087257.116450,50,9.778077,1.097216
worker_5,367,1788087257.126278,50,9.519454,1.096704
worker_5,368,1788087257.135844,50,9.568269,1.097248
worker_5,369,1788087257.145458,50,9.519047,1.096416
worker_5,370,1788087257.155025,50,9.328656,1.097376
worker_5,371,1788087257.164377,50,9.544547,1.098656
worker_5,372,1788087257.173939,50,9.570547,1.098336
worker_5,373,1788087257.183526,50,9.572612,1.099296
worker_5,374,1788087257.193116,50,9.565797,1.096832
worker_5,375,1788087257.202698,50,9.568297,1.097856
worker_5,376,1788087257.212281,50,9.773141,1.097184
worker_5,377,1788087257.222102,50,9.532964,1.096896
worker_5,378,1788087257.231683,50,9.536185,1.097760
worker_5,379,1788087257.241266,50,9.532214,1.097696
worker_5,380,1788087257.250876,50,9.305414,1.097280
worker_5,381,1788087257.260206,50,9.586557,1.097408
worker_5,382,1788087257.269811,50,9.557927,1.100768
worker_5,383,1788087257.279385,50,9.574315,1.097376
worker_5,384,1788087257.288974,50,9.582649,1.098528
worker_5,385,1788087257.298573,50,9.570464,1.099520
worker_5,386,1788087257.308161,50,9.783548,1.096960
worker_5,387,1788087257.317993,50,9.527048,1.098048
worker_5,388,1788087257.327565,50,9.555862,1.098464
worker_5,389,1788087257.337168,50,9.536140,1.097920
worker_5,390,1788087257.346751,50,9.341147,1.096704
worker_5,391,1788087257.356117,50,9.555288,1.097248
worker_5,392,1788087257.365691,50,9.572241,1.098848
worker_5,393,1788087257.375280,50,9.582501,1.098944
worker_5,394,1788087257.384878,50,9.567927,1.098624
worker_5,395,1788087257.394461,50,9.562909,1.097408
worker_5,396,1788087257.404039,50,9.601399,1.111104
worker_5,397,1788087257.413655,50,9.775475,1.096480
worker_5,398,1788087257.423481,50,9.567685,1.099648
worker_5,399,1788087257.433096,50,9.537963,1.096192
worker_5,400,1788087257.442692,50,9.564344,1.096640
worker_5,401,1788087257.452304,50,9.313638,1.096480
worker_5,402,1788087257.461644,50,9.556537,1.096736
worker_5,403,1788087257.471219,50,9.579722,1.097792
worker_5,404,1788087257.480814,50,9.585315,1.097792
worker_5,405,1788087257.490414,50,9.566057,1.096576
worker_5,406,1788087257.499995,50,9.588585,1.100864
worker_5,407,1788087257.509598,50,9.769474,1.096672
worker_5,408,1788087257.519416,50,9.526806,1.097696
worker_5,409,1788087257.528988,50,9.539195,1.097216
worker_5,410,1788087257.538573,50,9.549399,1.097376
worker_5,411,1788087257.548167,50,9.541408,1.097696
worker_5,412,1788087257.557754,50,9.333943,1.099200
worker_5,413,1788087257.567111,50,9.551787,1.096128
worker_5,414,1788087257.576681,50,9.719975,1.098496
worker_5,415,1788087257.586416,50,9.571796,1.099328
worker_5,416,1788087257.596004,50,9.579195,1.097536
worker_5,417,1788087257.605598,50,9.561371,1.098304
worker_5,418,1788087257.615176,50,9.808531,1.099104
worker_5,419,1788087257.625046,50,9.421889,1.097792
worker_5,420,1788087257.634515,50,9.638112,1.097824
worker_5,421,1788087257.644199,50,9.455592,1.095616
worker_5,422,1788087257.653701,50,9.473212,1.097376
worker_5,423,1788087257.663222,50,9.341841,1.099648
worker_5,424,1788087257.672590,50,9.555833,1.097888
worker_5,425,1788087257.682164,50,9.564166,1.097600
worker_5,426,1788087257.691744,50,9.579556,1.100608
worker_5,427,1788087257.701339,50,9.664907,1.097568
worker_5,428,1788087257.711020,50,9.762140,1.097824
worker_5,429,1788087257.720830,50,9.657428,1.097568
worker_5,430,1788087257.730536,50,9.341433,1.096608
worker_5,431,1788087257.739923,50,9.551601,1.097920
worker_5,432,1788087257.749522,50,9.516944,1.096416
worker_5,433,1788087257.759084,50,9.353443,1.102144
worker_5,434,1788087257.768462,50,9.570750,1.097344
worker_5,435,1788087257.778050,50,9.558379,1.095872
worker_5,436,1788087257.787624,50,9.604927,1.098208
worker_5,437,1788087257.797245,50,9.586389,1.098656
worker_5,438,1788087257.806850,50,9.563241,1.097792
worker_5,439,1788087257.816435,50,9.776307,1.097664
worker_5,440,1788087257.826261,50,9.524796,1.097056
worker_5,441,1788087257.835832,50,9.347601,1.100832
worker_5,442,1788087257.845205,50,9.562649,1.098848
worker_5,443,1788087257.854785,50,9.771965,1.098400
worker_5,444,1788087257.864605,50,9.323905,1.098624
worker_5,445,1788087257.873953,50,9.565370,1.097792
worker_5,446,1788087257.883537,50,9.570149,1.098624
worker_5,447,1788087257.893122,50,9.569584,1.097344
worker_5,448,1788087257.902708,50,9.564769,1.098240
worker_5,449,1788087257.912287,50,9.776595,1.097440
worker_5,450,1788087257.922113,50,9.522852,1.098656
worker_5,451,1788087257.931684,50,9.540686,1.099968
worker_5,452,1788087257.941270,50,9.549927,1.097952
worker_5,453,1788087257.950866,50,9.334072,1.098464
worker_5,454,1788087257.960231,50,9.550953,1.097472
worker_5,455,1788087257.969802,50,9.558158,1.096672
worker_5,456,1788087257.979377,50,9.571186,1.098912
worker_5,457,1788087257.988966,50,9.593825,1.104896
worker_5,458,1788087257.998586,50,9.575769,1.096896
worker_5,459,1788087258.008179,50,9.584084,1.096480
worker_5,460,1788087258.017780,50,9.565418,1.097664
worker_5,461,1788087258.027360,50,9.807206,1.098112
worker_5,462,1788087258.037216,50,9.521213,1.096640
worker_5,463,1788087258.046784,50,9.539555,1.098240
worker_5,464,1788087258.056450,50,9.453240,1.097824
worker_5,465,1788087258.065949,50,9.539879,1.098528
worker_5,466,1788087258.075536,50,9.533333,1.097792
worker_5,467,1788087258.085115,50,9.562704,1.098720
worker_5,468,1788087258.094724,50,9.545935,1.097376
worker_5,469,1788087258.104318,50,9.536824,1.097248
worker_5,470,1788087258.113904,50,9.534138,1.099360
worker_5,471,1788087258.123483,50,9.547638,1.097792
worker_5,472,1788087258.133079,50,9.559176,1.097024
worker_5,473,1788087258.142683,50,9.561251,1.099744
worker_5,474,1788087258.152292,50,9.522973,1.098176
worker_5,475,1788087258.161861,50,9.534501,1.097632
worker_5,476,1788087258.171443,50,9.540835,1.097216
worker_5,477,1788087258.181031,50,9.547390,1.096800
worker_5,478,1788087258.190641,50,9.315008,1.097408
worker_5,479,1788087258.199981,50,9.783845,1.104096
worker_5,480,1788087258.209815,50,9.323203,1.098560
worker_5,481,1788087258.219163,50,9.774457,1.098464
worker_5,482,1788087258.228985,50,9.331452,1.098528
worker_5,483,1788087258.238340,50,9.784929,1.098752
worker_5,484,1788087258.248175,50,9.331591,1.097216
worker_5,485,1788087258.257531,50,9.762808,1.096224
worker_5,486,1788087258.267343,50,9.325322,1.098176
worker_5,487,1788087258.276693,50,9.768344,1.097248
worker_5,488,1788087258.286508,50,9.329045,1.098912
worker_5,489,1788087258.295861,50,9.776316,1.098080
worker_5,490,1788087258.305686,50,9.325452,1.096384
worker_5,491,1788087258.315037,50,9.553805,1.098240
worker_5,492,1788087258.324609,50,9.568268,1.097760
worker_5,493,1788087258.334193,50,9.567870,1.098720
worker_5,494,1788087258.343776,50,9.590843,1.108576
worker_5,495,1788087258.353383,50,9.587185,1.098624
worker_5,496,1788087258.362988,50,9.561417,1.097760
worker_5,497,1788087258.372577,50,9.553000,1.097792
worker_5,498,1788087258.382147,50,9.585269,1.096352
worker_5,499,1788087258.391747,50,9.791428,1.097632
worker_5,500,1788087258.401585,50,9.531297,1.096704
worker_5,501,1788087258.411164,50,9.524611,1.098944
worker_5,502,1788087258.420736,50,9.552639,1.097216
worker_5,503,1788087258.430336,50,9.527713,1.099104
worker_5,504,1788087258.439911,50,9.562853,1.098656
worker_5,505,1788087258.449517,50,9.542084,1.095936
worker_5,506,1788087258.459106,50,9.536519,1.097056
worker_5,507,1788087258.468690,50,9.542611,1.097824
worker_5,508,1788087258.478280,50,9.326202,1.097216
worker_5,509,1788087258.487631,50,9.779771,1.100000
worker_5,510,1788087258.497458,50,9.322591,1.097216
worker_5,511,1788087258.506805,50,9.762992,1.095904
worker_5,512,1788087258.516615,50,9.339527,1.098912
worker_5,513,1788087258.525978,50,9.762818,1.096992
worker_5,514,1788087258.535788,50,9.343564,1.097408
worker_5,515,1788087258.545156,50,9.774818,1.097312
worker_5,516,1788087258.554980,50,9.316425,1.095776
worker_5,517,1788087258.564333,50,9.766466,1.097568
worker_5,518,1788087258.574146,50,9.423713,1.098496
worker_5,519,1788087258.583597,50,9.828947,1.099008
worker_5,520,1788087258.593472,50,9.331610,1.097248
worker_5,521,1788087258.602831,50,9.739688,1.097856
worker_5,522,1788087258.612619,50,9.352332,1.098336
worker_5,523,1788087258.621997,50,9.672956,1.097088
worker_5,524,1788087258.631717,50,9.308286,1.096448
worker_5,525,1788087258.641050,50,9.794522,1.098144
worker_5,526,1788087258.650891,50,9.397305,1.095840
worker_5,527,1788087258.660313,50,9.640862,1.097600
worker_5,528,1788087258.670002,50,9.332637,1.097568
worker_5,529,1788087258.679360,50,9.793696,1.098880
worker_5,530,1788087258.689201,50,9.336879,1.098496
worker_5,531,1788087258.698563,50,9.779141,1.096192
worker_5,532,1788087258.708389,50,9.328350,1.099072
worker_5,533,1788087258.717743,50,9.758650,1.096480
worker_5,534,1788087258.727550,50,9.349341,1.100608
worker_5,535,1788087258.736925,50,9.766021,1.098880
worker_5,536,1788087258.746749,50,9.324323,1.096064
worker_5,537,1788087258.756099,50,9.759095,1.098016
worker_5,538,1788087258.765905,50,9.335535,1.097408
worker_5,539,1788087258.775267,50,9.788790,1.098752
worker_5,540,1788087258.785105,50,9.358286,1.097344
worker_5,541,1788087258.794491,50,9.768715,1.096544
worker_5,542,1788087258.804309,50,9.341044,1.097792
worker_5,543,1788087258.813675,50,9.770168,1.097984
worker_5,544,1788087258.823494,50,9.321610,1.098912
worker_5,545,1788087258.832841,50,9.785243,1.096800
worker_5,546,1788087258.842673,50,9.326665,1.097280
worker_5,547,1788087258.852026,50,9.787734,1.101056
worker_5,548,1788087258.861862,50,9.320544,1.098272
worker_5,549,1788087258.871210,50,9.763770,1.097920
worker_5,550,1788087258.881021,50,9.329285,1.098112
worker_5,551,1788087258.890376,50,9.561361,1.097472
worker_5,552,1788087258.899956,50,9.556833,1.098848
worker_5,553,1788087258.909530,50,9.555612,1.096928
worker_5,554,1788087258.919101,50,9.568325,1.098976
worker_5,555,1788087258.928685,50,9.582381,1.098528
worker_5,556,1788087258.938302,50,9.547778,1.097824
worker_5,557,1788087258.947865,50,9.584399,1.098432
worker_5,558,1788087258.957464,50,9.568390,1.099296
worker_5,559,1788087258.967048,50,9.778465,1.096608
worker_5,560,1788087258.976877,50,9.534806,1.097440
worker_5,561,1788087258.986459,50,9.552677,1.099680
worker_5,562,1788087258.996060,50,9.533121,1.097472
worker_5,563,1788087259.005639,50,9.537306,1.098016
worker_5,564,1788087259.015225,50,9.542454,1.104480
worker_5,565,1788087259.024816,50,9.550001,1.097280
worker_5,566,1788087259.034414,50,9.528528,1.098944
worker_5,567,1788087259.043989,50,9.549213,1.098528
worker_5,568,1788087259.053583,50,9.555538,1.097568
worker_5,569,1788087259.063185,50,9.527529,1.097408
worker_5,570,1788087259.072759,50,9.527390,1.097664
worker_5,571,1788087259.082332,50,9.546556,1.097664
worker_5,572,1788087259.091926,50,9.582426,1.099264
worker_5,573,1788087259.101555,50,9.526499,1.097792
worker_5,574,1788087259.111128,50,9.323997,1.097824
worker_5,575,1788087259.120488,50,9.754621,1.098720
worker_5,576,1788087259.130291,50,9.336387,1.097312
worker_5,577,1788087259.139652,50,9.776539,1.101856
worker_5,578,1788087259.149477,50,9.322655,1.097184
worker_5,579,1788087259.158823,50,9.774428,1.096288
worker_5,580,1788087259.168646,50,9.331395,1.096640
worker_5,581,1788087259.178002,50,9.768354,1.098304
worker_5,582,1788087259.187818,50,9.341397,1.098080
worker_5,583,1788087259.197184,50,9.759512,1.098240
worker_5,584,1788087259.206992,50,9.333554,1.099264
worker_5,585,1788087259.216351,50,9.778408,1.097472
worker_5,586,1788087259.226177,50,9.329952,1.097536
worker_5,587,1788087259.235531,50,9.765399,1.096768
worker_5,588,1788087259.245344,50,9.327470,1.098368
worker_5,589,1788087259.254695,50,9.773520,1.097504
worker_5,590,1788087259.264518,50,9.317192,1.097568
worker_5,591,1788087259.273862,50,9.768187,1.097376
worker_5,592,1788087259.283680,50,9.321183,1.101184
worker_5,593,1788087259.293028,50,9.767113,1.096608
worker_5,594,1788087259.302844,50,9.334082,1.099904
worker_5,595,1788087259.312222,50,9.746094,1.096608
worker_5,596,1788087259.322016,50,9.329526,1.097600
worker_5,597,1788087259.331371,50,9.777845,1.098528
worker_5,598,1788087259.341195,50,9.328257,1.098656
worker_5,599,1788087259.350549,50,9.772021,1.097120
worker_5,600,1788087259.360368,50,9.347295,1.097792
worker_5,601,1788087259.369742,50,9.759372,1.098272
worker_5,602,1788087259.379549,50,9.338341,1.098912
worker_5,603,1788087259.388913,50,9.760761,1.096128
worker_5,604,1788087259.398722,50,9.334970,1.098432
worker_5,605,1788087259.408081,50,9.786281,1.103168
worker_5,606,1788087259.417914,50,9.340730,1.097536
worker_5,607,1788087259.427280,50,9.774836,1.097376
worker_5,608,1788087259.437103,50,9.334785,1.097824
worker_5,609,1788087259.446462,50,9.783511,1.098016
worker_5,610,1788087259.456294,50,9.339499,1.111808
worker_5,611,1788087259.465658,50,9.770160,1.096928
worker_5,612,1788087259.475477,50,9.324100,1.097408
worker_5,613,1788087259.484826,50,9.786003,1.096928
worker_5,614,1788087259.494671,50,9.304008,1.095808
worker_5,615,1788087259.503999,50,9.777743,1.096512
worker_5,616,1788087259.513824,50,9.327054,1.098752
worker_5,617,1788087259.523175,50,9.770586,1.097344
worker_5,618,1788087259.533073,50,9.258905,1.097600
worker_5,619,1788087259.542358,50,9.772373,1.097984
worker_5,620,1788087259.552179,50,9.327470,1.098816
worker_5,621,1788087259.561532,50,9.760048,1.097504
worker_5,622,1788087259.571339,50,9.447055,1.099424
worker_5,623,1788087259.580812,50,9.775781,1.097280
worker_5,624,1788087259.590636,50,9.371934,1.098944
worker_5,625,1788087259.600032,50,9.705715,1.098560
worker_5,626,1788087259.609786,50,9.398258,1.097344
worker_5,627,1788087259.619210,50,9.795631,1.100224
worker_5,628,1788087259.629052,50,9.322803,1.097408
worker_5,629,1788087259.638400,50,9.740603,1.098720
worker_5,630,1788087259.648187,50,9.210664,1.096416
worker_5,631,1788087259.657424,50,9.858837,1.096512
worker_5,632,1788087259.667330,50,9.219766,1.097280
worker_5,633,1788087259.676575,50,9.758187,1.097728
worker_5,634,1788087259.686394,50,9.333406,1.098336
worker_5,635,1788087259.695752,50,9.766420,1.098784
worker_5,636,1788087259.705568,50,9.329647,1.097248
worker_5,637,1788087259.714921,50,9.769651,1.100416
worker_5,638,1788087259.724737,50,9.343952,1.097792
worker_5,639,1788087259.734105,50,9.767901,1.097504
worker_5,640,1788087259.743921,50,9.333869,1.099840
worker_5,641,1788087259.753280,50,9.792595,1.098400
worker_5,642,1788087259.763124,50,9.335785,1.099840
worker_5,643,1788087259.772484,50,9.778871,1.095968
worker_5,644,1788087259.782311,50,9.320219,1.097152
worker_5,645,1788087259.791655,50,9.777743,1.097856
worker_5,646,1788087259.801481,50,9.343601,1.096608
worker_5,647,1788087259.810849,50,9.767538,1.098208
worker_5,648,1788087259.820665,50,9.326275,1.096384
worker_5,649,1788087259.830015,50,9.764363,1.096640
worker_5,650,1788087259.839828,50,9.335804,1.100832
worker_5,651,1788087259.849188,50,9.777771,1.098304
worker_5,652,1788087259.859014,50,9.324895,1.097312
worker_5,653,1788087259.868376,50,9.750502,1.098560
worker_5,654,1788087259.878174,50,9.349906,1.097952
worker_5,655,1788087259.887548,50,9.764381,1.098976
worker_5,656,1788087259.897360,50,9.322442,1.097632
worker_5,657,1788087259.906706,50,9.758743,1.096640
worker_5,658,1788087259.916514,50,9.328378,1.098432
worker_5,659,1788087259.925869,50,9.767734,1.095616
worker_5,660,1788087259.935686,50,9.345573,1.099744
worker_5,661,1788087259.945055,50,9.764605,1.097504
worker_5,662,1788087259.954866,50,9.329267,1.096640
worker_5,663,1788087259.964227,50,9.757019,1.097120
worker_5,664,1788087259.974032,50,9.334980,1.099008
worker_5,665,1788087259.983392,50,9.774262,1.099808
worker_5,666,1788087259.993214,50,9.332749,1.098144
worker_5,667,1788087260.002573,50,9.773410,1.097568
worker_5,668,1788087260.012394,50,9.330599,1.095744
worker_5,669,1788087260.021749,50,9.759909,1.097472
worker_5,670,1788087260.031557,50,9.351823,1.098336
worker_5,671,1788087260.040933,50,9.762160,1.096544
worker_5,672,1788087260.050743,50,9.348897,1.098016
worker_5,673,1788087260.060131,50,9.752372,1.101536
worker_5,674,1788087260.069929,50,9.344203,1.099200
worker_5,675,1788087260.079297,50,9.761622,1.098784
worker_5,676,1788087260.089106,50,9.358943,1.098368
worker_5,677,1788087260.098489,50,9.772669,1.096448
worker_5,678,1788087260.108312,50,9.338518,1.095744
worker_5,679,1788087260.117675,50,9.768206,1.099264
worker_5,680,1788087260.127491,50,9.328036,1.098624
worker_5,681,1788087260.136845,50,9.780864,1.098464
worker_5,682,1788087260.146674,50,9.323601,1.096224
worker_5,683,1788087260.156022,50,9.760697,1.098208
worker_5,684,1788087260.165830,50,9.334582,1.098272
worker_5,685,1788087260.175190,50,9.768605,1.096192
worker_5,686,1788087260.185008,50,9.346175,1.100608
worker_5,687,1788087260.194379,50,9.756928,1.096800
worker_5,688,1788087260.204184,50,9.336545,1.098336
worker_5,689,1788087260.213547,50,9.758151,1.098080
worker_5,690,1788087260.223353,50,9.333712,1.098688
worker_5,691,1788087260.232713,50,9.764633,1.098304
worker_5,692,1788087260.242527,50,9.328924,1.098464
worker_5,693,1788087260.251881,50,9.776438,1.097600
worker_5,694,1788087260.261718,50,9.319720,1.098144
worker_5,695,1788087260.271065,50,9.776642,1.101472
worker_5,696,1788087260.280889,50,9.322258,1.097600
worker_5,697,1788087260.290238,50,9.759058,1.095584
worker_5,698,1788087260.300045,50,9.341563,1.097184
worker_5,699,1788087260.309411,50,9.770966,1.097856
worker_5,700,1788087260.319231,50,9.329295,1.096384
worker_5,701,1788087260.328585,50,9.553677,1.097280
worker_5,702,1788087260.338157,50,9.782271,1.097952
worker_5,703,1788087260.347991,50,9.351332,1.100352
worker_5,704,1788087260.357377,50,9.534333,1.098048
worker_5,705,1788087260.366935,50,9.559723,1.097344
worker_5,706,1788087260.376513,50,9.564509,1.099392
worker_5,707,1788087260.386094,50,9.577074,1.098400
worker_5,708,1788087260.395687,50,9.571074,1.099840
worker_5,709,1788087260.405273,50,9.560732,1.097568
worker_5,710,1788087260.414851,50,9.572797,1.097600
worker_5,711,1788087260.424440,50,9.591074,1.097728
worker_5,712,1788087260.434065,50,9.535740,1.097632
worker_5,713,1788087260.443630,50,9.543333,1.096448
worker_5,714,1788087260.453205,50,9.550779,1.096096
worker_5,715,1788087260.462774,50,9.931615,1.103072
worker_5,716,1788087260.472748,50,9.358175,1.098144
worker_5,717,1788087260.482132,50,9.486916,1.098912
worker_5,718,1788087260.491638,50,9.640474,1.098144
worker_5,719,1788087260.501296,50,9.564491,1.097440
worker_5,720,1788087260.510876,50,9.710853,1.097984
worker_5,721,1788087260.520634,50,9.459425,1.098304
worker_5,722,1788087260.530138,50,9.339442,1.097760
worker_5,723,1788087260.539504,50,9.566175,1.097408
worker_5,724,1788087260.549088,50,9.556037,1.096992
worker_5,725,1788087260.558661,50,9.569195,1.097600
worker_5,726,1788087260.568249,50,9.781418,1.097728
worker_5,727,1788087260.578080,50,9.477148,1.099584
worker_5,728,1788087260.587582,50,9.794697,1.097472
worker_5,729,1788087260.597425,50,9.307100,1.098816
worker_5,730,1788087260.606757,50,9.783679,1.097280
worker_5,731,1788087260.616590,50,9.328563,1.097056
worker_5,732,1788087260.625943,50,9.617177,1.097280
worker_5,733,1788087260.635623,50,9.318406,1.098464
worker_5,734,1788087260.644966,50,9.788864,1.098976
worker_5,735,1788087260.654804,50,9.338582,1.097664
worker_5,736,1788087260.664168,50,9.775068,1.098560
worker_5,737,1788087260.673993,50,9.329591,1.097856
worker_5,738,1788087260.683347,50,9.761289,1.099936
worker_5,739,1788087260.693158,50,9.337998,1.098688
worker_5,740,1788087260.702520,50,9.770105,1.098016
worker_5,741,1788087260.712337,50,9.342202,1.097632
worker_5,742,1788087260.721704,50,9.765826,1.098464
worker_5,743,1788087260.731518,50,9.353286,1.096992
worker_5,744,1788087260.740895,50,9.765558,1.097248
worker_5,745,1788087260.750710,50,9.327914,1.096896
worker_5,746,1788087260.760064,50,9.786724,1.097856
worker_5,747,1788087260.769901,50,9.319850,1.098016
worker_5,748,1788087260.779247,50,9.781576,1.100640
worker_5,749,1788087260.789076,50,9.328906,1.097696
worker_5,750,1788087260.798430,50,9.762132,1.096096
worker_5,751,1788087260.808250,50,9.317655,1.097792
worker_5,752,1788087260.817593,50,9.772881,1.098240
worker_5,753,1788087260.827426,50,9.321350,1.102432
worker_5,754,1788087260.836772,50,9.782742,1.097440
worker_5,755,1788087260.846601,50,9.317055,1.096640
worker_5,756,1788087260.855944,50,9.788900,1.098080
worker_5,757,1788087260.865781,50,9.319210,1.097760
worker_5,758,1788087260.875125,50,9.784150,1.097344
worker_5,759,1788087260.884959,50,9.324397,1.099744
worker_5,760,1788087260.894307,50,9.759872,1.097088
worker_5,761,1788087260.904117,50,9.329637,1.097696
worker_5,762,1788087260.913471,50,9.771160,1.097472
worker_5,763,1788087260.923291,50,9.331202,1.097632
worker_5,764,1788087260.932647,50,9.775873,1.096256
worker_5,765,1788087260.942470,50,9.335777,1.097056
worker_5,766,1788087260.951833,50,9.771309,1.097664
worker_5,767,1788087260.961654,50,9.318147,1.098368
worker_5,768,1788087260.970998,50,9.780438,1.105824
worker_5,769,1788087260.980826,50,9.335165,1.096672
worker_5,770,1788087260.990186,50,9.769336,1.097568
worker_5,771,1788087261.000004,50,9.342582,1.097600
worker_5,772,1788087261.009459,50,9.669650,1.097824
worker_5,773,1788087261.019176,50,9.331203,1.099808
worker_5,774,1788087261.028536,50,9.763124,1.095936
worker_5,775,1788087261.038346,50,9.327647,1.096736
worker_5,776,1788087261.047699,50,9.778151,1.098528
worker_5,777,1788087261.057527,50,9.342369,1.097056
worker_5,778,1788087261.066894,50,9.769494,1.097312
worker_5,779,1788087261.076711,50,9.327110,1.096448
worker_5,780,1788087261.086064,50,9.790012,1.098496
worker_5,781,1788087261.095903,50,9.329266,1.099200
worker_5,782,1788087261.105261,50,9.804983,1.102784
worker_5,783,1788087261.115116,50,9.318036,1.097792
worker_5,784,1788087261.124459,50,9.771021,1.099008
worker_5,785,1788087261.134278,50,9.346146,1.097888
worker_5,786,1788087261.143650,50,9.758975,1.096128
worker_5,787,1788087261.153457,50,9.331970,1.098112
worker_5,788,1788087261.162815,50,9.776456,1.098816
worker_5,789,1788087261.172640,50,9.325175,1.097248
worker_5,790,1788087261.181991,50,9.764882,1.099136
worker_5,791,1788087261.191805,50,9.340517,1.097792
worker_5,792,1788087261.201181,50,9.753910,1.098400
worker_5,793,1788087261.210984,50,9.335165,1.103776
worker_5,794,1788087261.220343,50,9.794465,1.098688
worker_5,795,1788087261.230186,50,9.328545,1.097120
worker_5,796,1788087261.239540,50,9.781586,1.096544
worker_5,797,1788087261.249370,50,9.332341,1.098688
worker_5,798,1788087261.258726,50,9.766881,1.099424
worker_5,799,1788087261.268545,50,9.331813,1.098432
worker_5,800,1788087261.277900,50,9.769770,1.097376
worker_5,801,1788087261.287719,50,9.319886,1.096576
worker_5,802,1788087261.297065,50,9.767974,1.097376
worker_5,803,1788087261.306881,50,9.320127,1.097312
worker_5,804,1788087261.316235,50,9.752400,1.097824
worker_5,805,1788087261.326036,50,9.331804,1.097728
worker_5,806,1788087261.335392,50,9.778955,1.098528
worker_5,807,1788087261.345219,50,9.326266,1.096416
worker_5,808,1788087261.354569,50,9.776494,1.096992
worker_5,809,1788087261.364394,50,9.328082,1.097632
worker_5,810,1788087261.373747,50,9.763057,1.096320
worker_5,811,1788087261.383570,50,9.345767,1.098688
worker_5,812,1788087261.392941,50,9.772105,1.097632
worker_5,813,1788087261.402761,50,9.317814,1.097792
worker_5,814,1788087261.412103,50,9.789892,1.100896
worker_5,815,1788087261.421942,50,9.322193,1.097216
worker_5,816,1788087261.431288,50,9.762271,1.096672
worker_5,817,1788087261.441098,50,9.345129,1.096928
worker_5,818,1788087261.450468,50,9.780197,1.096960
worker_5,819,1788087261.460297,50,9.339980,1.110528
worker_5,820,1788087261.469662,50,9.559954,1.099136
worker_5,821,1788087261.479240,50,9.567140,1.098176
worker_5,822,1788087261.488824,50,9.573640,1.098912
worker_5,823,1788087261.498413,50,9.567843,1.097792
worker_5,824,1788087261.507999,50,9.600326,1.103520
worker_5,825,1788087261.517615,50,9.567611,1.097792
worker_5,826,1788087261.527198,50,9.565722,1.099136
worker_5,827,1788087261.536779,50,9.574213,1.100160
worker_5,828,1788087261.546370,50,9.579640,1.097504
worker_5,829,1788087261.555964,50,9.577473,1.101632
worker_5,830,1788087261.565556,50,9.777743,1.096608
worker_5,831,1788087261.575402,50,9.530816,1.098432
worker_5,832,1788087261.584982,50,9.518917,1.096064
worker_5,833,1788087261.594549,50,9.540437,1.097568
worker_5,834,1788087261.604137,50,9.517417,1.097152
worker_5,835,1788087261.613702,50,9.543593,1.098080
worker_5,836,1788087261.623294,50,9.523167,1.096800
worker_5,837,1788087261.632866,50,9.559380,1.097312
worker_5,838,1788087261.642472,50,9.527760,1.097056
worker_5,839,1788087261.652046,50,9.532954,1.097728
worker_5,840,1788087261.661626,50,9.528880,1.097344
worker_5,841,1788087261.671202,50,9.545436,1.098336
worker_5,842,1788087261.680794,50,9.548750,1.098240
worker_5,843,1788087261.690392,50,9.529028,1.098208
worker_5,844,1788087261.699967,50,9.549361,1.096672
worker_5,845,1788087261.709563,50,9.541426,1.098336
worker_5,846,1788087261.719152,50,9.552353,1.101056
worker_5,847,1788087261.728752,50,9.527454,1.097024
worker_5,848,1788087261.738328,50,9.324545,1.097632
worker_5,849,1788087261.747677,50,9.785206,1.096320
worker_5,850,1788087261.757521,50,9.350434,1.098016
worker_5,851,1788087261.766897,50,9.770641,1.096608
worker_5,852,1788087261.776714,50,9.329212,1.096192
worker_5,853,1788087261.786068,50,9.784947,1.097344
worker_5,854,1788087261.795902,50,9.338377,1.099648
worker_5,855,1788087261.805265,50,9.782363,1.098944
worker_5,856,1788087261.815097,50,9.326989,1.096256
worker_5,857,1788087261.824448,50,9.763224,1.098752
worker_5,858,1788087261.834260,50,9.363536,1.098720
worker_5,859,1788087261.843649,50,9.770327,1.099072
worker_5,860,1788087261.853468,50,9.342813,1.097088
worker_5,861,1788087261.862837,50,9.758299,1.097632
worker_5,862,1788087261.872643,50,9.330342,1.098272
worker_5,863,1788087261.881999,50,9.768104,1.097888
worker_5,864,1788087261.891818,50,9.336175,1.096992
worker_5,865,1788087261.901179,50,9.793373,1.097536
worker_5,866,1788087261.911020,50,9.315850,1.096544
worker_5,867,1788087261.920360,50,9.766724,1.098400
worker_5,868,1788087261.930177,50,9.342646,1.097792
worker_5,869,1788087261.939543,50,9.772929,1.099776
worker_5,870,1788087261.949377,50,9.310388,1.098144
worker_5,871,1788087261.958711,50,9.767298,1.096896
worker_5,872,1788087261.968526,50,9.328610,1.099296
worker_5,873,1788087261.977880,50,9.756753,1.096224
worker_5,874,1788087261.987684,50,9.349387,1.099392
worker_5,875,1788087261.997058,50,9.766335,1.100448
worker_5,876,1788087262.006874,50,9.332952,1.097344
worker_5,877,1788087262.016237,50,9.752679,1.097440
worker_5,878,1788087262.026039,50,9.331822,1.097792
worker_5,879,1788087262.035396,50,9.780429,1.098176
worker_5,880,1788087262.045227,50,9.328915,1.098752
worker_5,881,1788087262.054581,50,9.781363,1.095712
worker_5,882,1788087262.064409,50,9.332554,1.096288
worker_5,883,1788087262.073768,50,9.794520,1.096448
worker_5,884,1788087262.083610,50,9.325739,1.098368
worker_5,885,1788087262.092960,50,9.780734,1.095616
worker_5,886,1788087262.102789,50,9.330118,1.097120
worker_5,887,1788087262.112142,50,9.771585,1.097568
worker_5,888,1788087262.121960,50,9.331257,1.097344
worker_5,889,1788087262.131329,50,9.754890,1.097472
worker_5,890,1788087262.141131,50,9.347979,1.097280
worker_5,891,1788087262.150504,50,9.786493,1.097952
worker_5,892,1788087262.160339,50,9.313127,1.096224
worker_5,893,1788087262.169677,50,9.758474,1.096224
worker_5,894,1788087262.179484,50,9.356896,1.100384
worker_5,895,1788087262.188867,50,9.771196,1.099040
worker_5,896,1788087262.198687,50,9.344174,1.097408
worker_5,897,1788087262.208056,50,9.757668,1.096576
worker_5,898,1788087262.217861,50,9.332896,1.097568
worker_5,899,1788087262.227218,50,9.783873,1.100160
worker_5,900,1788087262.237052,50,9.327387,1.098208
worker_5,901,1788087262.246404,50,9.770298,1.097536
worker_5,902,1788087262.256233,50,9.318823,1.096320
worker_5,903,1788087262.265577,50,9.766122,1.098592
worker_5,904,1788087262.275390,50,9.349424,1.098080
worker_5,905,1788087262.284767,50,9.777067,1.098688
worker_5,906,1788087262.294591,50,9.334720,1.097632
worker_5,907,1788087262.303951,50,9.764835,1.095552
worker_5,908,1788087262.313763,50,9.336434,1.097792
worker_5,909,1788087262.323138,50,9.758400,1.097280
worker_5,910,1788087262.332943,50,9.322599,1.097216
worker_5,911,1788087262.342291,50,9.559351,1.098176
worker_5,912,1788087262.351868,50,9.579304,1.103808
worker_5,913,1788087262.361464,50,9.571860,1.096000
worker_5,914,1788087262.371051,50,9.571999,1.099168
worker_5,915,1788087262.380639,50,9.570602,1.098016
worker_5,916,1788087262.390224,50,9.572139,1.097664
worker_5,917,1788087262.399812,50,9.569093,1.101312
worker_5,918,1788087262.409397,50,9.560195,1.097248
worker_5,919,1788087262.418972,50,9.569130,1.098336
worker_5,920,1788087262.428559,50,9.781232,1.097504
worker_5,921,1788087262.438392,50,9.530342,1.097184
worker_5,922,1788087262.447968,50,9.542953,1.101280
worker_5,923,1788087262.457560,50,9.526009,1.098016
worker_5,924,1788087262.467132,50,9.556750,1.099424
worker_5,925,1788087262.476736,50,9.530732,1.098336
worker_5,926,1788087262.486389,50,9.482990,1.097824
worker_5,927,1788087262.495919,50,9.391721,1.100896
worker_5,928,1788087262.505370,50,9.485389,1.100704
worker_5,929,1788087262.514883,50,9.604556,1.097696
worker_5,930,1788087262.524536,50,9.481314,1.098784
worker_5,931,1788087262.534041,50,9.578298,1.098144
worker_5,932,1788087262.543637,50,9.589399,1.097856
worker_5,933,1788087262.553245,50,9.568769,1.098368
worker_5,934,1788087262.562830,50,9.577955,1.099200
worker_5,935,1788087262.572425,50,9.571612,1.098240
worker_5,936,1788087262.582012,50,9.570240,1.097248
worker_5,937,1788087262.591598,50,9.782464,1.098144
worker_5,938,1788087262.601431,50,9.533268,1.096928
worker_5,939,1788087262.611013,50,9.545390,1.097696
worker_5,940,1788087262.620608,50,9.531427,1.097056
worker_5,941,1788087262.630186,50,9.532844,1.097792
worker_5,942,1788087262.639767,50,9.560418,1.097088
worker_5,943,1788087262.649375,50,9.557492,1.097568
worker_5,944,1788087262.658981,50,9.544816,1.097664
worker_5,945,1788087262.668574,50,9.368713,1.097440
worker_5,946,1788087262.677990,50,9.484778,1.097568
worker_5,947,1788087262.687500,50,9.562186,1.097184
worker_5,948,1788087262.697093,50,9.555844,1.099200
worker_5,949,1788087262.706666,50,9.789541,1.097408
worker_5,950,1788087262.716505,50,9.532620,1.097088
worker_5,951,1788087262.726084,50,9.528381,1.097344
worker_5,952,1788087262.735658,50,9.549723,1.099424
worker_5,953,1788087262.745254,50,9.545455,1.097024
worker_5,954,1788087262.754845,50,9.557436,1.097440
worker_5,955,1788087262.764452,50,9.334517,1.098336
worker_5,956,1788087262.773811,50,9.771013,1.097536
worker_5,957,1788087262.783631,50,9.338999,1.100832
worker_5,958,1788087262.792996,50,9.768679,1.095840
worker_5,959,1788087262.802811,50,9.342194,1.095872
worker_5,960,1788087262.812179,50,9.558464,1.097920
worker_5,961,1788087262.821755,50,9.599548,1.096896
worker_5,962,1788087262.831392,50,9.752198,1.098592
worker_5,963,1788087262.841191,50,9.531103,1.097568
worker_5,964,1788087262.850767,50,9.543084,1.097504
worker_5,965,1788087262.860356,50,9.541583,1.098048
worker_5,966,1788087262.869944,50,9.535408,1.097568
worker_5,967,1788087262.879538,50,9.307703,1.095712
worker_5,968,1788087262.888871,50,9.559130,1.097312
worker_5,969,1788087262.898448,50,9.550362,1.097472
worker_5,970,1788087262.908015,50,9.566057,1.098336
worker_5,971,1788087262.917597,50,9.571279,1.098848
worker_5,972,1788087262.927184,50,9.572223,1.099392
worker_5,973,1788087262.936774,50,9.557381,1.095712
worker_5,974,1788087262.946346,50,9.793290,1.097504
worker_5,975,1788087262.956185,50,9.541983,1.107264
worker_5,976,1788087262.965775,50,9.535547,1.097056
worker_5,977,1788087262.975358,50,9.326426,1.095744
worker_5,978,1788087262.984710,50,9.558593,1.097024
worker_5,979,1788087262.994286,50,9.564066,1.099008
worker_5,980,1788087263.003866,50,9.574704,1.096928
worker_5,981,1788087263.013457,50,9.567371,1.099168
worker_5,982,1788087263.023040,50,9.791808,1.096416
worker_5,983,1788087263.032879,50,9.540464,1.098816
worker_5,984,1788087263.042466,50,9.537028,1.095776
worker_5,985,1788087263.052051,50,9.543130,1.097984
worker_5,986,1788087263.061641,50,9.538880,1.097888
worker_5,987,1788087263.071240,50,9.521444,1.096096
worker_5,988,1788087263.080809,50,9.537019,1.097888
worker_5,989,1788087263.090393,50,9.543168,1.096512
worker_5,990,1788087263.099985,50,9.559084,1.098496
worker_5,991,1788087263.109592,50,9.523945,1.096384
worker_5,992,1788087263.119161,50,9.540621,1.097472
worker_5,993,1788087263.128749,50,9.330443,1.100288
worker_5,994,1788087263.138105,50,9.763974,1.096512
worker_5,995,1788087263.147918,50,9.326101,1.105504
worker_5,996,1788087263.157271,50,9.770104,1.096736
worker_5,997,1788087263.167091,50,9.313831,1.096800
worker_5,998,1788087263.176431,50,9.762317,1.098464
worker_5,999,1788087263.186242,50,9.334036,1.097280
worker_5,1000,1788087263.195600,50,9.769188,1.100576
worker_5,1001,1788087263.205417,50,9.344767,1.098400
worker_5,1002,1788087263.214791,50,9.542500,1.098080
worker_5,1003,1788087263.224351,50,9.565204,1.098208
worker_5,1004,1788087263.233933,50,9.585278,1.097760
worker_5,1005,1788087263.243536,50,9.791335,1.098720
worker_5,1006,1788087263.253388,50,9.312914,1.096384
worker_5,1007,1788087263.262728,50,9.759196,1.098208
worker_5,1008,1788087263.272535,50,9.335979,1.097792
worker_5,1009,1788087263.281896,50,9.751900,1.098592
worker_5,1010,1788087263.291696,50,9.332397,1.097568
worker_5,1011,1788087263.301052,50,9.762484,1.097312
worker_5,1012,1788087263.310864,50,9.334414,1.098368
worker_5,1013,1788087263.320231,50,9.767724,1.098048
worker_5,1014,1788087263.330047,50,9.325803,1.098624
worker_5,1015,1788087263.339398,50,9.765631,1.099488
worker_5,1016,1788087263.349211,50,9.339164,1.098240
worker_5,1017,1788087263.358576,50,9.763530,1.097632
worker_5,1018,1788087263.368388,50,9.356054,1.102752
worker_5,1019,1788087263.377769,50,9.760372,1.098144
worker_5,1020,1788087263.387577,50,9.332221,1.098784
worker_5,1021,1788087263.396934,50,9.773761,1.098336
worker_5,1022,1788087263.406756,50,9.323406,1.098528
worker_5,1023,1788087263.416107,50,9.791631,1.100416
worker_5,1024,1788087263.425947,50,9.345498,1.097344
worker_5,1025,1788087263.435331,50,9.520147,1.099200
worker_5,1026,1788087263.444881,50,9.752798,1.096608
worker_5,1027,1788087263.454682,50,9.332201,1.099360
worker_5,1028,1788087263.464039,50,9.776548,1.097504
worker_5,1029,1788087263.473863,50,9.326061,1.097216
worker_5,1030,1788087263.483215,50,9.769512,1.098848
worker_5,1031,1788087263.493032,50,9.345211,1.097824
worker_5,1032,1788087263.502402,50,9.770760,1.097568
worker_5,1033,1788087263.512233,50,9.333256,1.098816
worker_5,1034,1788087263.521594,50,9.598713,1.097472
worker_5,1035,1788087263.531251,50,9.495286,1.100896
worker_5,1036,1788087263.540774,50,9.763919,1.097152
worker_5,1037,1788087263.550588,50,9.339600,1.097824
worker_5,1038,1788087263.559953,50,9.775975,1.099936
worker_5,1039,1788087263.569778,50,9.327090,1.099136
worker_5,1040,1788087263.579129,50,9.910790,1.097248
worker_5,1041,1788087263.589086,50,9.351683,1.098944
worker_5,1042,1788087263.598463,50,9.604407,1.097792
worker_5,1043,1788087263.608116,50,9.332174,1.097760
worker_5,1044,1788087263.617474,50,9.768131,1.097504
worker_5,1045,1788087263.627299,50,9.325887,1.099072
worker_5,1046,1788087263.636649,50,9.758743,1.096512
worker_5,1047,1788087263.646456,50,9.337675,1.097792
worker_5,1048,1788087263.655821,50,9.754734,1.096544
worker_5,1049,1788087263.665624,50,9.330026,1.096544
worker_5,1050,1788087263.674979,50,9.774224,1.097888
worker_5,1051,1788087263.684800,50,9.333979,1.097568
worker_5,1052,1788087263.694158,50,9.765288,1.098784
worker_5,1053,1788087263.703972,50,9.332645,1.096576
worker_5,1054,1788087263.713329,50,9.759538,1.096192
worker_5,1055,1788087263.723136,50,9.334388,1.099104
worker_5,1056,1788087263.732497,50,9.769141,1.097376
worker_5,1057,1788087263.742316,50,9.322599,1.097600
worker_5,1058,1788087263.751664,50,9.758354,1.099168
worker_5,1059,1788087263.761471,50,9.361314,1.099328
worker_5,1060,1788087263.770858,50,9.759002,1.098208
worker_5,1061,1788087263.780663,50,9.332583,1.097216
worker_5,1062,1788087263.790022,50,9.769373,1.095424
worker_5,1063,1788087263.799840,50,9.335295,1.098560
worker_5,1064,1788087263.809202,50,9.765623,1.096736
worker_5,1065,1788087263.819029,50,9.315452,1.099552
worker_5,1066,1788087263.828370,50,9.782494,1.097152
worker_5,1067,1788087263.838201,50,9.330100,1.097664
worker_5,1068,1788087263.847557,50,9.770531,1.095808
worker_5,1069,1788087263.857373,50,9.341212,1.098464
worker_5,1070,1788087263.866740,50,9.766253,1.097056
worker_5,1071,1788087263.876553,50,9.323822,1.098112
worker_5,1072,1788087263.885902,50,9.757105,1.096032
worker_5,1073,1788087263.895706,50,9.344499,1.102784
worker_5,1074,1788087263.905077,50,9.760651,1.097472
worker_5,1075,1788087263.914885,50,9.333193,1.097600
worker_5,1076,1788087263.924246,50,9.765855,1.097024
worker_5,1077,1788087263.934058,50,9.325591,1.097376
worker_5,1078,1788087263.943411,50,9.756687,1.096032
worker_5,1079,1788087263.953294,50,9.269397,1.097792
worker_5,1080,1788087263.962590,50,9.760650,1.097568
worker_5,1081,1788087263.972402,50,9.355564,1.100288
worker_5,1082,1788087263.981784,50,9.760251,1.098272
worker_5,1083,1788087263.991593,50,9.322063,1.095936
worker_5,1084,1788087264.000958,50,9.755187,1.096256
worker_5,1085,1788087264.010761,50,9.341795,1.097792
worker_5,1086,1788087264.020130,50,9.747790,1.097568
worker_5,1087,1788087264.029926,50,9.337165,1.098656
worker_5,1088,1788087264.039289,50,9.770614,1.097952
worker_5,1089,1788087264.049106,50,9.335665,1.095104
worker_5,1090,1788087264.058467,50,9.789966,1.097536
worker_5,1091,1788087264.068307,50,9.340784,1.098240
worker_5,1092,1788087264.077673,50,9.770603,1.096352
worker_5,1093,1788087264.087492,50,9.317729,1.097408
worker_5,1094,1788087264.096836,50,9.765586,1.096320
worker_5,1095,1788087264.106650,50,9.328071,1.097472
worker_5,1096,1788087264.116004,50,9.771613,1.096736
worker_5,1097,1788087264.125824,50,9.331980,1.097184
worker_5,1098,1788087264.135180,50,9.769983,1.098368
worker_5,1099,1788087264.144997,50,9.324082,1.097824
worker_5,1100,1788087264.154347,50,9.764586,1.098560
worker_5,1101,1788087264.164162,50,9.347758,1.104672
worker_5,1102,1788087264.173535,50,9.755734,1.096576
worker_5,1103,1788087264.183338,50,9.336758,1.095936
worker_5,1104,1788087264.192713,50,9.805577,1.097792
worker_5,1105,1788087264.202566,50,9.297229,1.096320
worker_5,1106,1788087264.211888,50,9.562075,1.103776
worker_5,1107,1788087264.221467,50,9.783337,1.095552
worker_5,1108,1788087264.231300,50,9.319591,1.097024
worker_5,1109,1788087264.240644,50,9.767530,1.097600
worker_5,1110,1788087264.250460,50,9.325157,1.096800
worker_5,1111,1788087264.259813,50,9.764040,1.099424
worker_5,1112,1788087264.269626,50,9.329943,1.097376
worker_5,1113,1788087264.278981,50,9.761242,1.097536
worker_5,1114,1788087264.288792,50,9.331859,1.096992
worker_5,1115,1788087264.298150,50,9.777743,1.098560
worker_5,1116,1788087264.307976,50,9.351239,1.100480
worker_5,1117,1788087264.317352,50,9.774124,1.096928
worker_5,1118,1788087264.327176,50,9.323489,1.098656
worker_5,1119,1788087264.336527,50,9.763096,1.097088
worker_5,1120,1788087264.346340,50,9.331814,1.097376
worker_5,1121,1788087264.355697,50,9.565760,1.101600
worker_5,1122,1788087264.365282,50,9.582371,1.097472
worker_5,1123,1788087264.374894,50,9.555362,1.097792
worker_5,1124,1788087264.384466,50,9.567177,1.099296
worker_5,1125,1788087264.394049,50,9.586705,1.097696
worker_5,1126,1788087264.403651,50,9.580623,1.097600
worker_5,1127,1788087264.413248,50,9.568418,1.098784
worker_5,1128,1788087264.422832,50,9.566704,1.097952
worker_5,1129,1788087264.432415,50,9.559556,1.097184
worker_5,1130,1788087264.441990,50,9.785262,1.095872
worker_5,1131,1788087264.451826,50,9.541538,1.101280
worker_5,1132,1788087264.461414,50,9.537585,1.096736
worker_5,1133,1788087264.470997,50,9.532918,1.097408
worker_5,1134,1788087264.480576,50,9.528787,1.097120
worker_5,1135,1788087264.490149,50,9.535566,1.097920
worker_5,1136,1788087264.499733,50,9.537076,1.096928
worker_5,1137,1788087264.509317,50,9.538510,1.098752
worker_5,1138,1788087264.518902,50,9.540843,1.097696
worker_5,1139,1788087264.528489,50,9.536427,1.098816
worker_5,1140,1788087264.538072,50,9.536621,1.098080
worker_5,1141,1788087264.547654,50,9.535482,1.097760
worker_5,1142,1788087264.557238,50,9.533168,1.098464
worker_5,1143,1788087264.566832,50,9.540205,1.098528
worker_5,1144,1788087264.576420,50,9.513714,1.104448
worker_5,1145,1788087264.585958,50,9.632575,1.097120
worker_5,1146,1788087264.595640,50,9.302961,1.096640
worker_5,1147,1788087264.604968,50,9.773780,1.097088
worker_5,1148,1788087264.614789,50,9.331100,1.097440
worker_5,1149,1788087264.624144,50,9.784994,1.099520
worker_5,1150,1788087264.633976,50,9.322758,1.096320
worker_5,1151,1788087264.643323,50,9.758104,1.096448
worker_5,1152,1788087264.653128,50,9.360036,1.099072
worker_5,1153,1788087264.662512,50,9.767077,1.096832
worker_5,1154,1788087264.672329,50,9.320360,1.098400
worker_5,1155,1788087264.681678,50,9.760836,1.098208
worker_5,1156,1788087264.691487,50,9.332397,1.097120
worker_5,1157,1788087264.700844,50,9.768605,1.096512
worker_5,1158,1788087264.710662,50,9.323527,1.097632
worker_5,1159,1788087264.720009,50,9.764780,1.096864
worker_5,1160,1788087264.729822,50,9.324925,1.096960
worker_5,1161,1788087264.739172,50,9.780688,1.098656
worker_5,1162,1788087264.749013,50,9.314536,1.097344
worker_5,1163,1788087264.758353,50,9.765438,1.098336
worker_5,1164,1788087264.768167,50,9.323202,1.099424
worker_5,1165,1788087264.777516,50,9.559454,1.098336
worker_5,1166,1788087264.787094,50,9.569871,1.102272
worker_5,1167,1788087264.796680,50,9.559787,1.097792
worker_5,1168,1788087264.806256,50,9.571390,1.097088
worker_5,1169,1788087264.815844,50,9.567778,1.098784
worker_5,1170,1788087264.825428,50,9.563547,1.095616
worker_5,1171,1788087264.835009,50,9.567103,1.096960
worker_5,1172,1788087264.844592,50,9.567751,1.098304
worker_5,1173,1788087264.854176,50,9.584510,1.098336
worker_5,1174,1788087264.863777,50,9.804132,1.103616
worker_5,1175,1788087264.873632,50,9.551852,1.098400
worker_5,1176,1788087264.883232,50,9.537435,1.103168
worker_5,1177,1788087264.892815,50,9.516103,1.095296
worker_5,1178,1788087264.902379,50,9.541306,1.097440
worker_5,1179,1788087264.911969,50,9.553352,1.097504
worker_5,1180,1788087264.921570,50,9.523010,1.098048
worker_5,1181,1788087264.931138,50,9.554778,1.099200
worker_5,1182,1788087264.940752,50,9.524546,1.097024
worker_5,1183,1788087264.950322,50,9.531612,1.097792
worker_5,1184,1788087264.959900,50,9.543593,1.098400
worker_5,1185,1788087264.969491,50,9.541121,1.098112
worker_5,1186,1788087264.979078,50,9.543482,1.100768
worker_5,1187,1788087264.988670,50,9.536796,1.098368
worker_5,1188,1788087264.998255,50,9.321756,1.096672
worker_5,1189,1788087265.007602,50,9.769825,1.098176
worker_5,1190,1788087265.017420,50,9.335118,1.097792
worker_5,1191,1788087265.026780,50,9.765992,1.098560
worker_5,1192,1788087265.036596,50,9.323858,1.097024
worker_5,1193,1788087265.045945,50,9.786214,1.097536
worker_5,1194,1788087265.055780,50,9.334767,1.097088
worker_5,1195,1788087265.065139,50,9.788623,1.097504
worker_5,1196,1788087265.074976,50,9.338887,1.098368
worker_5,1197,1788087265.084342,50,9.763261,1.095808
worker_5,1198,1788087265.094155,50,9.321489,1.097568
worker_5,1199,1788087265.103501,50,9.777585,1.097568
worker_5,1200,1788087265.113327,50,9.319257,1.097152
worker_5,1201,1788087265.122683,50,9.753428,1.097344
worker_5,1202,1788087265.132484,50,9.332044,1.096192
worker_5,1203,1788087265.141842,50,9.771019,1.097472
worker_5,1204,1788087265.151662,50,9.335562,1.097632
worker_5,1205,1788087265.161023,50,9.777632,1.097024
worker_5,1206,1788087265.170850,50,9.320526,1.097376
worker_5,1207,1788087265.180196,50,9.770473,1.097376
worker_5,1208,1788087265.190015,50,9.332961,1.097056
worker_5,1209,1788087265.199374,50,9.778567,1.101504
worker_5,1210,1788087265.209201,50,9.333294,1.098976
worker_5,1211,1788087265.218558,50,9.773974,1.097792
worker_5,1212,1788087265.228379,50,9.328507,1.098240
worker_5,1213,1788087265.237732,50,9.778752,1.098176
worker_5,1214,1788087265.247559,50,9.338193,1.101056
worker_5,1215,1788087265.256922,50,9.769279,1.097248
worker_5,1216,1788087265.266741,50,9.325618,1.096832
worker_5,1217,1788087265.276092,50,9.624455,1.097504
worker_5,1218,1788087265.285766,50,9.682769,1.095872
worker_5,1219,1788087265.295496,50,9.348193,1.097824
worker_5,1220,1788087265.304870,50,9.761548,1.097184
worker_5,1221,1788087265.314693,50,9.334082,1.097824
worker_5,1222,1788087265.324053,50,9.768651,1.096256
worker_5,1223,1788087265.333871,50,9.326239,1.098560
worker_5,1224,1788087265.343223,50,9.773957,1.098240
worker_5,1225,1788087265.353044,50,9.334369,1.099072
worker_5,1226,1788087265.362403,50,9.765909,1.097216
worker_5,1227,1788087265.372231,50,9.309877,1.095680
worker_5,1228,1788087265.381567,50,9.765391,1.097600
worker_5,1229,1788087265.391379,50,9.342156,1.100896
worker_5,1230,1788087265.400825,50,9.686733,1.099232
worker_5,1231,1788087265.410558,50,9.331295,1.099232
worker_5,1232,1788087265.419915,50,9.604714,1.097184
worker_5,1233,1788087265.429569,50,9.484806,1.096224
worker_5,1234,1788087265.439086,50,9.752733,1.103072
worker_5,1235,1788087265.448887,50,9.333628,1.098176
worker_5,1236,1788087265.458247,50,9.760669,1.095680
worker_5,1237,1788087265.468055,50,9.335981,1.096352
worker_5,1238,1788087265.477423,50,9.542834,1.097472
worker_5,1239,1788087265.486987,50,9.777122,1.101504
worker_5,1240,1788087265.496824,50,9.328489,1.097152
worker_5,1241,1788087265.506177,50,9.753002,1.097952
worker_5,1242,1788087265.515979,50,9.320583,1.095808
worker_5,1243,1788087265.525326,50,9.558482,1.098240
worker_5,1244,1788087265.534903,50,9.587260,1.099520
worker_5,1245,1788087265.544522,50,9.546529,1.096736
worker_5,1246,1788087265.554090,50,9.560649,1.097152
worker_5,1247,1788087265.563669,50,9.594325,1.097728
worker_5,1248,1788087265.573280,50,9.569297,1.098976
worker_5,1249,1788087265.582865,50,9.792974,1.100416
worker_5,1250,1788087265.592706,50,9.538398,1.100256
worker_5,1251,1788087265.602291,50,9.532111,1.096480
worker_5,1252,1788087265.611869,50,9.563677,1.097472
worker_5,1253,1788087265.621479,50,9.540103,1.099360
worker_5,1254,1788087265.631065,50,9.557807,1.104000
worker_5,1255,1788087265.640671,50,9.539158,1.096352
worker_5,1256,1788087265.650257,50,9.539343,1.095840
worker_5,1257,1788087265.659845,50,9.533621,1.097152
worker_5,1258,1788087265.669424,50,9.546723,1.096384
worker_5,1259,1788087265.679018,50,9.327405,1.098112
worker_5,1260,1788087265.688384,50,9.760715,1.098240
worker_5,1261,1788087265.698192,50,9.342869,1.096960
worker_5,1262,1788087265.707562,50,9.766493,1.105056
worker_5,1263,1788087265.717376,50,9.350906,1.097440
worker_5,1264,1788087265.726751,50,9.760706,1.096576
worker_5,1265,1788087265.736558,50,9.332498,1.098912
worker_5,1266,1788087265.745915,50,9.768290,1.096384
worker_5,1267,1788087265.755732,50,9.339518,1.098560
worker_5,1268,1788087265.765098,50,9.756122,1.097184
worker_5,1269,1788087265.774902,50,9.329137,1.096672
worker_5,1270,1788087265.784260,50,9.774725,1.096384
worker_5,1271,1788087265.794084,50,9.530742,1.096512
worker_5,1272,1788087265.803662,50,9.547084,1.097504
worker_5,1273,1788087265.813254,50,9.336572,1.097824
worker_5,1274,1788087265.822616,50,9.760419,1.098560
worker_5,1275,1788087265.832426,50,9.347147,1.100288
worker_5,1276,1788087265.841797,50,9.767771,1.097888
worker_5,1277,1788087265.851614,50,9.328832,1.097344
worker_5,1278,1788087265.860969,50,9.799179,1.097952
worker_5,1279,1788087265.870829,50,9.309591,1.098144
worker_5,1280,1788087265.880163,50,9.764780,1.098144
worker_5,1281,1788087265.889976,50,9.324749,1.097824
worker_5,1282,1788087265.899328,50,9.780466,1.096576
worker_5,1283,1788087265.909157,50,9.343962,1.096256
worker_5,1284,1788087265.918526,50,9.765789,1.096576
worker_5,1285,1788087265.928339,50,9.335988,1.101984
worker_5,1286,1788087265.937699,50,9.774243,1.097376
worker_5,1287,1788087265.947522,50,9.321842,1.096416
worker_5,1288,1788087265.956869,50,9.821586,1.098208
worker_5,1289,1788087265.966741,50,9.294805,1.098304
worker_5,1290,1788087265.976060,50,9.796994,1.095712
worker_5,1291,1788087265.985905,50,9.331386,1.097792
worker_5,1292,1788087265.995262,50,9.761965,1.098176
worker_5,1293,1788087266.005071,50,9.324886,1.097472
worker_5,1294,1788087266.014423,50,9.761669,1.098464
worker_5,1295,1788087266.024244,50,9.344045,1.098784
worker_5,1296,1788087266.033614,50,9.767279,1.098496
worker_5,1297,1788087266.043429,50,9.333295,1.097760
worker_5,1298,1788087266.052787,50,9.758225,1.097536
worker_5,1299,1788087266.062605,50,9.311323,1.098080
worker_5,1300,1788087266.071942,50,9.779910,1.107168
worker_5,1301,1788087266.081770,50,9.331749,1.098496
worker_5,1302,1788087266.091128,50,9.757670,1.096800
worker_5,1303,1788087266.100933,50,9.334351,1.097824
worker_5,1304,1788087266.110292,50,9.766882,1.096256
worker_5,1305,1788087266.120106,50,9.333082,1.097504
worker_5,1306,1788087266.129468,50,9.752281,1.098432
worker_5,1307,1788087266.139268,50,9.341027,1.101856
worker_5,1308,1788087266.148633,50,9.761096,1.097280
worker_5,1309,1788087266.158442,50,9.344544,1.097024
worker_5,1310,1788087266.167813,50,9.768039,1.101856
worker_5,1311,1788087266.177629,50,9.323953,1.097472
worker_5,1312,1788087266.186979,50,9.763557,1.097184
worker_5,1313,1788087266.196790,50,9.324804,1.098112
worker_5,1314,1788087266.206141,50,9.763596,1.096064
worker_5,1315,1788087266.215952,50,9.335786,1.100576
worker_5,1316,1788087266.225313,50,9.775271,1.098752
worker_5,1317,1788087266.235137,50,9.328518,1.098496
worker_5,1318,1788087266.244508,50,9.746809,1.098752
worker_5,1319,1788087266.254303,50,9.339361,1.098592
worker_5,1320,1788087266.263668,50,9.780031,1.097792
worker_5,1321,1788087266.273496,50,9.340555,1.098336
worker_5,1322,1788087266.282864,50,9.754780,1.097216
worker_5,1323,1788087266.292666,50,9.333110,1.097536
worker_5,1324,1788087266.302024,50,9.776744,1.098720
worker_5,1325,1788087266.311849,50,9.341008,1.099488
worker_5,1326,1788087266.321215,50,9.766605,1.097344
worker_5,1327,1788087266.331031,50,9.333370,1.098144
worker_5,1328,1788087266.340389,50,9.760762,1.096992
worker_5,1329,1788087266.350196,50,9.330360,1.097120
worker_5,1330,1788087266.359553,50,9.764827,1.097728
worker_5,1331,1788087266.369364,50,9.339768,1.099936
worker_5,1332,1788087266.378728,50,9.755938,1.098112
worker_5,1333,1788087266.388531,50,9.338480,1.098848
worker_5,1334,1788087266.397894,50,9.542917,1.097344
worker_5,1335,1788087266.407455,50,9.582918,1.099744
worker_5,1336,1788087266.417056,50,9.563741,1.098304
worker_5,1337,1788087266.426636,50,9.562047,1.096864
worker_5,1338,1788087266.436241,50,9.537797,1.096768
worker_5,1339,1788087266.445795,50,9.572010,1.099392
worker_5,1340,1788087266.455383,50,9.794799,1.101696
worker_5,1341,1788087266.465227,50,9.542481,1.098688
worker_5,1342,1788087266.474815,50,9.558880,1.097152
worker_5,1343,1788087266.484420,50,9.536769,1.098304
worker_5,1344,1788087266.494004,50,9.532205,1.097280
worker_5,1345,1788087266.503582,50,9.561603,1.097728
worker_5,1346,1788087266.513191,50,9.547334,1.097952
worker_5,1347,1788087266.522787,50,9.527546,1.097152
worker_5,1348,1788087266.532362,50,9.535306,1.096992
worker_5,1349,1788087266.541943,50,9.540944,1.099200
worker_5,1350,1788087266.551530,50,9.546916,1.096736
worker_5,1351,1788087266.561122,50,9.542000,1.097312
worker_5,1352,1788087266.570711,50,9.689261,1.095840
worker_5,1353,1788087266.580446,50,9.334785,1.096416
worker_5,1354,1788087266.589807,50,9.751345,1.096352
worker_5,1355,1788087266.599607,50,9.332276,1.098144
worker_5,1356,1788087266.608966,50,9.797586,1.096448
worker_5,1357,1788087266.618824,50,9.144247,1.098720
worker_5,1358,1788087266.627997,50,9.754928,1.098656
worker_5,1359,1788087266.637801,50,9.330054,1.098432
worker_5,1360,1788087266.647156,50,9.755112,1.101216
worker_5,1361,1788087266.656954,50,9.376665,1.097792
worker_5,1362,1788087266.666367,50,9.533407,1.095776
worker_5,1363,1788087266.675924,50,9.561463,1.097824
worker_5,1364,1788087266.685506,50,9.562685,1.098592
worker_5,1365,1788087266.695087,50,9.773363,1.104000
worker_5,1366,1788087266.704908,50,9.333507,1.097280
worker_5,1367,1788087266.714266,50,9.760232,1.096256
worker_5,1368,1788087266.724074,50,9.337748,1.095744
worker_5,1369,1788087266.733436,50,9.758150,1.097376
worker_5,1370,1788087266.743239,50,9.348786,1.104704
worker_5,1371,1788087266.752614,50,9.757344,1.097568
worker_5,1372,1788087266.762419,50,9.335257,1.098336
worker_5,1373,1788087266.771781,50,9.779539,1.097760
worker_5,1374,1788087266.781608,50,9.354702,1.099296
worker_5,1375,1788087266.790987,50,9.768695,1.098080
worker_5,1376,1788087266.800802,50,9.337331,1.097792
worker_5,1377,1788087266.810178,50,9.762872,1.096288
worker_5,1378,1788087266.819989,50,9.335795,1.098304
worker_5,1379,1788087266.829350,50,9.769547,1.097664
worker_5,1380,1788087266.839169,50,9.328553,1.098272
worker_5,1381,1788087266.848601,50,9.690817,1.096448
worker_5,1382,1788087266.858341,50,9.338156,1.097216
worker_5,1383,1788087266.867708,50,9.765437,1.097664
worker_5,1384,1788087266.877521,50,9.336099,1.097632
worker_5,1385,1788087266.886882,50,9.758418,1.098080
worker_5,1386,1788087266.896687,50,9.346378,1.097600
worker_5,1387,1788087266.906059,50,9.762761,1.097600
worker_5,1388,1788087266.915868,50,9.340489,1.099328
worker_5,1389,1788087266.925233,50,9.758362,1.096000
worker_5,1390,1788087266.935041,50,9.333471,1.098720
worker_5,1391,1788087266.944398,50,9.784956,1.096288
worker_5,1392,1788087266.954232,50,9.332850,1.098752
worker_5,1393,1788087266.963593,50,9.780252,1.098624
worker_5,1394,1788087266.973421,50,9.321174,1.097408
worker_5,1395,1788087266.982767,50,9.773067,1.100096
worker_5,1396,1788087266.992598,50,9.324155,1.096064
worker_5,1397,1788087267.001948,50,9.782187,1.097600
worker_5,1398,1788087267.011778,50,9.353786,1.100928
worker_5,1399,1788087267.021157,50,9.758751,1.096864
worker_5,1400,1788087267.030963,50,9.334266,1.096800
worker_5,1401,1788087267.040323,50,9.747223,1.096640
worker_5,1402,1788087267.050118,50,9.334564,1.097056
worker_5,1403,1788087267.059476,50,9.772964,1.097856
worker_5,1404,1788087267.069296,50,9.348239,1.097120
worker_5,1405,1788087267.078671,50,9.764743,1.097472
worker_5,1406,1788087267.088482,50,9.340508,1.098560
worker_5,1407,1788087267.097847,50,9.767780,1.097920
worker_5,1408,1788087267.107664,50,9.340128,1.097568
worker_5,1409,1788087267.117030,50,9.766400,1.098272
worker_5,1410,1788087267.126845,50,9.334202,1.098208
worker_5,1411,1788087267.136204,50,9.589028,1.098240
worker_5,1412,1788087267.145813,50,9.561566,1.097152
worker_5,1413,1788087267.155392,50,9.571861,1.097664
worker_5,1414,1788087267.164981,50,9.587695,1.097216
worker_5,1415,1788087267.174584,50,9.570463,1.097792
worker_5,1416,1788087267.184184,50,9.582898,1.097792
worker_5,1417,1788087267.193783,50,9.562482,1.097696
worker_5,1418,1788087267.203361,50,9.563833,1.099872
worker_5,1419,1788087267.212940,50,9.573185,1.098048
worker_5,1420,1788087267.222528,50,9.586547,1.098144
worker_5,1421,1788087267.232132,50,9.777160,1.099008
worker_5,1422,1788087267.241960,50,9.538871,1.095936
worker_5,1423,1788087267.251543,50,9.548769,1.096128
worker_5,1424,1788087267.261137,50,9.549491,1.097408
worker_5,1425,1788087267.270734,50,9.530334,1.097952
worker_5,1426,1788087267.280311,50,9.548537,1.105888
worker_5,1427,1788087267.289907,50,9.533696,1.097504
worker_5,1428,1788087267.299486,50,9.360415,1.099584
worker_5,1429,1788087267.308871,50,9.764845,1.096896
worker_5,1430,1788087267.318683,50,9.335934,1.097376
worker_5,1431,1788087267.328043,50,9.760670,1.097504
worker_5,1432,1788087267.337853,50,9.334222,1.095744
worker_5,1433,1788087267.347213,50,9.776956,1.100064
worker_5,1434,1788087267.357039,50,9.337331,1.101504
worker_5,1435,1788087267.366414,50,9.763465,1.097792
worker_5,1436,1788087267.376238,50,9.313629,1.098144
worker_5,1437,1788087267.385576,50,9.758845,1.096640
worker_5,1438,1788087267.395385,50,9.329527,1.097120
worker_5,1439,1788087267.404741,50,9.789188,1.097408
worker_5,1440,1788087267.414579,50,9.328758,1.097440
worker_5,1441,1788087267.423932,50,9.788253,1.106560
worker_5,1442,1788087267.433769,50,9.334962,1.097728
worker_5,1443,1788087267.443128,50,9.757992,1.097472
worker_5,1444,1788087267.452933,50,9.336980,1.097344
worker_5,1445,1788087267.462297,50,9.759835,1.097888
worker_5,1446,1788087267.472105,50,9.332119,1.096960
worker_5,1447,1788087267.481462,50,9.772724,1.098016
worker_5,1448,1788087267.491282,50,9.335786,1.101696
worker_5,1449,1788087267.500641,50,9.759613,1.096160
worker_5,1450,1788087267.510449,50,9.334646,1.096992
worker_5,1451,1788087267.519808,50,9.768614,1.099168
worker_5,1452,1788087267.529624,50,9.350879,1.098560
worker_5,1453,1788087267.539000,50,9.764373,1.098240
worker_5,1454,1788087267.548811,50,9.337766,1.098400
worker_5,1455,1788087267.558191,50,9.779225,1.098368
worker_5,1456,1788087267.568017,50,9.359082,1.102016
worker_5,1457,1788087267.577404,50,9.761706,1.097632
worker_5,1458,1788087267.587216,50,9.338378,1.097632
worker_5,1459,1788087267.596579,50,9.759058,1.098048
worker_5,1460,1788087267.606389,50,9.355379,1.098688
worker_5,1461,1788087267.615768,50,9.785197,1.097632
worker_5,1462,1788087267.625601,50,9.337906,1.096192
worker_5,1463,1788087267.634964,50,9.573260,1.096288
worker_5,1464,1788087267.644570,50,9.539473,1.097792
worker_5,1465,1788087267.654131,50,9.569112,1.097472
worker_5,1466,1788087267.663717,50,9.580214,1.098560
worker_5,1467,1788087267.673314,50,9.576316,1.099072
worker_5,1468,1788087267.682905,50,9.784995,1.096512
worker_5,1469,1788087267.692738,50,9.326462,1.096928
worker_5,1470,1788087267.702088,50,9.573297,1.100192
worker_5,1471,1788087267.711679,50,9.584001,1.097440
worker_5,1472,1788087267.721279,50,9.564260,1.098112
worker_5,1473,1788087267.730860,50,9.792253,1.101408
worker_5,1474,1788087267.740714,50,9.526455,1.097248
worker_5,1475,1788087267.750287,50,9.549982,1.095680
worker_5,1476,1788087267.759883,50,9.422471,1.104800
worker_5,1477,1788087267.769356,50,9.481731,1.097440
worker_5,1478,1788087267.778862,50,9.562417,1.096352
worker_5,1479,1788087267.788443,50,9.566232,1.098336
worker_5,1480,1788087267.798025,50,9.569075,1.099584
worker_5,1481,1788087267.807612,50,9.567324,1.096992
worker_5,1482,1788087267.817197,50,9.565732,1.096224
worker_5,1483,1788087267.826779,50,9.608595,1.097952
worker_5,1484,1788087267.836429,50,9.531316,1.097216
worker_5,1485,1788087267.845983,50,9.561418,1.097440
worker_5,1486,1788087267.855563,50,9.568094,1.096576
worker_5,1487,1788087267.865149,50,9.770966,1.097376
worker_5,1488,1788087267.874968,50,9.535788,1.096928
worker_5,1489,1788087267.884550,50,9.328285,1.097760
worker_5,1490,1788087267.893903,50,9.561825,1.099840
worker_5,1491,1788087267.903484,50,9.577001,1.099328
worker_5,1492,1788087267.913078,50,9.565214,1.099424
worker_5,1493,1788087267.922660,50,9.564325,1.096064
worker_5,1494,1788087267.932248,50,9.564418,1.098528
worker_5,1495,1788087267.941828,50,9.567121,1.097792
worker_5,1496,1788087267.951410,50,9.794085,1.099872
worker_5,1497,1788087267.961252,50,9.541066,1.098016
worker_5,1498,1788087267.970841,50,9.532353,1.097952
worker_5,1499,1788087267.980421,50,9.560686,1.102720
worker_5,1500,1788087267.990027,50,9.337555,1.098528
worker_5,1501,1788087267.999389,50,9.554547,1.102528
worker_5,1502,1788087268.008961,50,9.575065,1.097760
worker_5,1503,1788087268.018552,50,9.594623,1.098976
worker_5,1504,1788087268.028162,50,9.569195,1.098240
worker_5,1505,1788087268.037746,50,9.775724,1.097248
worker_5,1506,1788087268.047573,50,9.548593,1.096384
worker_5,1507,1788087268.057167,50,9.341147,1.097024
worker_5,1508,1788087268.066535,50,9.577029,1.098496
worker_5,1509,1788087268.076132,50,9.764697,1.096640
worker_5,1510,1788087268.085943,50,9.555149,1.096608
worker_5,1511,1788087268.095545,50,9.548770,1.097728
worker_5,1512,1788087268.105140,50,9.546241,1.095488
worker_5,1513,1788087268.114745,50,9.532648,1.097952
worker_5,1514,1788087268.124324,50,9.547881,1.104096
worker_5,1515,1788087268.133919,50,9.537196,1.098080
worker_5,1516,1788087268.143505,50,9.557741,1.101440
worker_5,1517,1788087268.153108,50,9.540750,1.096576
worker_5,1518,1788087268.162693,50,9.334785,1.096256
worker_5,1519,1788087268.172054,50,9.581697,1.112736
worker_5,1520,1788087268.181654,50,9.567288,1.098240
worker_5,1521,1788087268.191238,50,9.569343,1.099648
worker_5,1522,1788087268.200823,50,9.577482,1.098656
worker_5,1523,1788087268.210416,50,9.569566,1.097792
worker_5,1524,1788087268.220002,50,9.579686,1.097824
worker_5,1525,1788087268.229598,50,9.779844,1.097728
worker_5,1526,1788087268.239427,50,9.537833,1.097760
worker_5,1527,1788087268.249011,50,9.530657,1.097888
worker_5,1528,1788087268.258589,50,9.534398,1.096256
worker_5,1529,1788087268.268174,50,9.558380,1.108064
worker_5,1530,1788087268.277780,50,9.543816,1.097184
worker_5,1531,1788087268.287371,50,9.539464,1.097920
worker_5,1532,1788087268.297036,50,9.446055,1.097984
worker_5,1533,1788087268.306549,50,9.522936,1.097760
worker_5,1534,1788087268.316118,50,9.542825,1.098304
worker_5,1535,1788087268.325709,50,9.325684,1.097408
worker_5,1536,1788087268.335059,50,9.760429,1.097952
worker_5,1537,1788087268.344867,50,9.335749,1.098368
worker_5,1538,1788087268.354227,50,9.764048,1.098912
worker_5,1539,1788087268.364039,50,9.345035,1.103104
worker_5,1540,1788087268.373410,50,9.763307,1.098784
worker_5,1541,1788087268.383221,50,9.346174,1.104864
worker_5,1542,1788087268.392593,50,9.769243,1.098912
worker_5,1543,1788087268.402410,50,9.541112,1.097120
worker_5,1544,1788087268.411998,50,9.350286,1.096288
worker_5,1545,1788087268.421372,50,9.554649,1.096704
worker_5,1546,1788087268.430945,50,9.589435,1.097152
worker_5,1547,1788087268.440560,50,9.550259,1.096288
worker_5,1548,1788087268.450134,50,9.549158,1.095648
worker_5,1549,1788087268.459702,50,9.589390,1.098912
worker_5,1550,1788087268.469309,50,9.573806,1.097504
worker_5,1551,1788087268.478899,50,9.780336,1.097184
worker_5,1552,1788087268.488741,50,9.519103,1.095584
worker_5,1553,1788087268.498307,50,9.545344,1.097056
worker_5,1554,1788087268.507897,50,9.551473,1.096000
worker_5,1555,1788087268.517493,50,9.533398,1.098272
worker_5,1556,1788087268.527072,50,9.546999,1.098624
worker_5,1557,1788087268.536667,50,9.536324,1.098240
worker_5,1558,1788087268.546249,50,9.539842,1.097088
worker_5,1559,1788087268.555837,50,9.539029,1.098848
worker_5,1560,1788087268.565422,50,9.555315,1.097696
worker_5,1561,1788087268.575027,50,9.551196,1.098400
worker_5,1562,1788087268.584626,50,9.538936,1.099936
worker_5,1563,1788087268.594213,50,9.327480,1.098272
worker_5,1564,1788087268.603568,50,9.777001,1.097888
worker_5,1565,1788087268.613392,50,9.335767,1.098912
worker_5,1566,1788087268.622753,50,9.607779,1.097696
worker_5,1567,1788087268.632412,50,9.477500,1.097504
worker_5,1568,1788087268.641922,50,9.746669,1.096800
worker_5,1569,1788087268.651716,50,9.358443,1.097792
worker_5,1570,1788087268.661100,50,9.647223,1.098976
worker_5,1571,1788087268.670766,50,9.855688,1.097792
worker_5,1572,1788087268.680686,50,9.316489,1.098112
worker_5,1573,1788087268.690026,50,9.561223,1.097248
worker_5,1574,1788087268.699605,50,9.578296,1.095904
worker_5,1575,1788087268.709199,50,9.565149,1.097568
worker_5,1576,1788087268.718779,50,9.571667,1.098176
worker_5,1577,1788087268.728366,50,9.779789,1.096672
worker_5,1578,1788087268.738193,50,9.387434,1.097600
worker_5,1579,1788087268.747627,50,9.529463,1.096576
worker_5,1580,1788087268.757204,50,9.539741,1.096896
worker_5,1581,1788087268.766790,50,9.537593,1.096832
worker_5,1582,1788087268.776375,50,9.546222,1.099392
worker_5,1583,1788087268.785967,50,9.547675,1.096736
worker_5,1584,1788087268.795563,50,9.558992,1.097856
worker_5,1585,1788087268.805168,50,9.532139,1.096832
worker_5,1586,1788087268.814746,50,9.561066,1.098208
worker_5,1587,1788087268.824351,50,9.555991,1.103136
worker_5,1588,1788087268.833952,50,9.555241,1.096512
worker_5,1589,1788087268.843554,50,9.541101,1.097408
worker_5,1590,1788087268.853143,50,9.339517,1.096448
worker_5,1591,1788087268.862521,50,9.763845,1.096736
worker_5,1592,1788087268.872333,50,9.318619,1.098400
worker_5,1593,1788087268.881676,50,9.763715,1.097856
worker_5,1594,1788087268.891488,50,9.348184,1.097952
worker_5,1595,1788087268.900860,50,9.762484,1.098976
worker_5,1596,1788087268.910671,50,9.377185,1.097344
worker_5,1597,1788087268.920074,50,9.787466,1.109088
worker_5,1598,1788087268.929909,50,9.327665,1.096800
worker_5,1599,1788087268.939261,50,9.772151,1.102688
worker_5,1600,1788087268.949080,50,9.329480,1.097344
worker_5,1601,1788087268.958433,50,9.771651,1.099584
worker_5,1602,1788087268.968267,50,9.331609,1.097856
worker_5,1603,1788087268.977623,50,9.755382,1.097664
worker_5,1604,1788087268.987426,50,9.329470,1.098688
worker_5,1605,1788087268.996779,50,9.776714,1.096064
worker_5,1606,1788087269.006603,50,9.330314,1.095744
worker_5,1607,1788087269.015957,50,9.783076,1.097216
worker_5,1608,1788087269.025792,50,9.329573,1.097568
worker_5,1609,1788087269.035145,50,9.783355,1.098688
worker_5,1610,1788087269.044975,50,9.333008,1.096576
worker_5,1611,1788087269.054345,50,9.750918,1.096608
worker_5,1612,1788087269.064144,50,9.336220,1.098048
worker_5,1613,1788087269.073504,50,9.759724,1.096576
worker_5,1614,1788087269.083311,50,9.330222,1.096608
worker_5,1615,1788087269.092665,50,9.759400,1.096960
worker_5,1616,1788087269.102473,50,9.330674,1.098528
worker_5,1617,1788087269.111828,50,9.783540,1.101184
worker_5,1618,1788087269.121660,50,9.327249,1.098432
worker_5,1619,1788087269.131011,50,9.766198,1.096960
worker_5,1620,1788087269.140825,50,9.330231,1.098624
worker_5,1621,1788087269.150180,50,9.576890,1.096320
worker_5,1622,1788087269.159774,50,9.588632,1.095808
worker_5,1623,1788087269.169379,50,9.572687,1.097536
worker_5,1624,1788087269.178970,50,9.585677,1.098176
worker_5,1625,1788087269.188573,50,9.576779,1.097504
worker_5,1626,1788087269.198166,50,9.572779,1.098336
worker_5,1627,1788087269.207754,50,9.590547,1.096800
worker_5,1628,1788087269.217361,50,9.564093,1.096544
worker_5,1629,1788087269.226940,50,9.793512,1.098912
worker_5,1630,1788087269.236794,50,9.529566,1.096640
worker_5,1631,1788087269.246368,50,9.525288,1.097952
worker_5,1632,1788087269.255940,50,9.557418,1.095520
worker_5,1633,1788087269.265545,50,9.553057,1.095904
worker_5,1634,1788087269.275145,50,9.544399,1.098432
worker_5,1635,1788087269.284736,50,9.530917,1.097280
worker_5,1636,1788087269.294312,50,9.543157,1.097280
worker_5,1637,1788087269.303901,50,9.542695,1.097248
worker_5,1638,1788087269.313490,50,9.543437,1.096000
worker_5,1639,1788087269.323080,50,9.525759,1.097920
worker_5,1640,1788087269.332654,50,9.387361,1.098656
worker_5,1641,1788087269.342087,50,9.500760,1.097376
worker_5,1642,1788087269.351614,50,9.562177,1.099360
worker_5,1643,1788087269.361197,50,9.561038,1.097280
worker_5,1644,1788087269.370776,50,9.784058,1.099872
worker_5,1645,1788087269.380579,50,9.576575,1.096256
worker_5,1646,1788087269.390204,50,9.546306,1.097568
worker_5,1647,1788087269.399796,50,9.337869,1.096512
worker_5,1648,1788087269.409157,50,9.772558,1.097376
worker_5,1649,1788087269.418978,50,9.337063,1.098944
worker_5,1650,1788087269.428350,50,9.774966,1.096480
worker_5,1651,1788087269.438174,50,9.327851,1.097376
worker_5,1652,1788087269.447526,50,9.770307,1.096928
worker_5,1653,1788087269.457344,50,9.327573,1.097888
worker_5,1654,1788087269.466697,50,9.782280,1.098240
worker_5,1655,1788087269.476527,50,9.320231,1.098656
worker_5,1656,1788087269.485873,50,9.766697,1.096864
worker_5,1657,1788087269.495685,50,9.334202,1.097792
worker_5,1658,1788087269.505045,50,9.779855,1.097856
worker_5,1659,1788087269.514872,50,9.325203,1.096384
worker_5,1660,1788087269.524231,50,9.804272,1.097184
worker_5,1661,1788087269.534083,50,9.311841,1.098688
worker_5,1662,1788087269.543418,50,9.782789,1.096480
worker_5,1663,1788087269.553247,50,9.332739,1.098336
worker_5,1664,1788087269.562605,50,9.773725,1.098336
worker_5,1665,1788087269.572428,50,9.507084,1.100608
worker_5,1666,1788087269.581961,50,9.692780,1.098080
worker_5,1667,1788087269.591704,50,9.405843,1.097600
worker_5,1668,1788087269.601134,50,9.645678,1.097472
worker_5,1669,1788087269.610840,50,9.443019,1.097536
worker_5,1670,1788087269.620308,50,9.597224,1.097760
worker_5,1671,1788087269.629954,50,9.339600,1.097440
worker_5,1672,1788087269.639319,50,9.559269,1.100896
worker_5,1673,1788087269.648896,50,9.560399,1.097248
worker_5,1674,1788087269.658474,50,9.578455,1.097568
worker_5,1675,1788087269.668069,50,9.559944,1.097696
worker_5,1676,1788087269.677644,50,9.562797,1.097632
worker_5,1677,1788087269.687222,50,9.598270,1.097600
worker_5,1678,1788087269.696836,50,9.574714,1.099296
worker_5,1679,1788087269.706426,50,9.590343,1.097792
worker_5,1680,1788087269.716035,50,9.568334,1.098848
worker_5,1681,1788087269.725620,50,9.775845,1.097056
worker_5,1682,1788087269.735444,50,9.535194,1.096736
worker_5,1683,1788087269.745105,50,9.461638,1.097280
worker_5,1684,1788087269.754612,50,9.542436,1.096928
worker_5,1685,1788087269.764200,50,9.537480,1.095808
worker_5,1686,1788087269.773785,50,9.542695,1.098720
worker_5,1687,1788087269.783373,50,9.541223,1.096896
worker_5,1688,1788087269.792962,50,9.554111,1.097504
worker_5,1689,1788087269.802574,50,9.523158,1.097632
worker_5,1690,1788087269.812144,50,9.544223,1.096160
worker_5,1691,1788087269.821734,50,9.552853,1.104352
worker_5,1692,1788087269.831334,50,9.538194,1.098496
worker_5,1693,1788087269.840917,50,9.540657,1.096768
worker_5,1694,1788087269.850505,50,9.532852,1.095680
worker_5,1695,1788087269.860083,50,9.545991,1.097856
worker_5,1696,1788087269.869676,50,9.544658,1.096864
worker_5,1697,1788087269.879265,50,9.407629,1.109952
worker_5,1698,1788087269.888722,50,9.486388,1.096800
worker_5,1699,1788087269.898239,50,9.684899,1.098848
worker_5,1700,1788087269.907947,50,9.778232,1.099136
worker_5,1701,1788087269.917772,50,9.258561,1.095808
worker_5,1702,1788087269.927059,50,9.866883,1.097984
worker_5,1703,1788087269.936973,50,9.185553,1.098880
worker_5,1704,1788087269.946183,50,9.751844,1.096000
worker_5,1705,1788087269.955982,50,9.356748,1.096640
worker_5,1706,1788087269.965364,50,9.777789,1.095552
worker_5,1707,1788087269.975189,50,9.329868,1.098272
worker_5,1708,1788087269.984558,50,9.740889,1.098688
worker_5,1709,1788087269.994347,50,9.333970,1.096992
worker_5,1710,1788087270.003706,50,9.773955,1.103296
worker_5,1711,1788087270.013527,50,9.348062,1.097568
worker_5,1712,1788087270.022902,50,9.757530,1.096096
worker_5,1713,1788087270.032707,50,9.331183,1.097792
worker_5,1714,1788087270.042064,50,9.790493,1.096512
worker_5,1715,1788087270.051901,50,9.337295,1.098240
worker_5,1716,1788087270.061263,50,9.781622,1.096640
worker_5,1717,1788087270.071092,50,9.327267,1.096832
worker_5,1718,1788087270.080445,50,9.759131,1.096512
worker_5,1719,1788087270.090251,50,9.334933,1.097760
worker_5,1720,1788087270.099611,50,9.787419,1.103360
worker_5,1721,1788087270.109446,50,9.348683,1.097792
worker_5,1722,1788087270.118825,50,9.546767,1.097408
worker_5,1723,1788087270.128393,50,9.558602,1.098528
worker_5,1724,1788087270.137969,50,9.555787,1.096480
worker_5,1725,1788087270.147541,50,9.580084,1.097088
worker_5,1726,1788087270.157137,50,9.572131,1.097792
worker_5,1727,1788087270.166724,50,9.570204,1.099360
worker_5,1728,1788087270.176322,50,9.561769,1.098848
worker_5,1729,1788087270.185899,50,9.573982,1.097120
worker_5,1730,1788087270.195489,50,9.573000,1.098784
worker_5,1731,1788087270.205078,50,9.570297,1.099072
worker_5,1732,1788087270.214664,50,9.572102,1.098976
worker_5,1733,1788087270.224252,50,9.575787,1.097088
worker_5,1734,1788087270.233842,50,9.780632,1.096832
worker_5,1735,1788087270.243675,50,9.534686,1.097152
worker_5,1736,1788087270.253256,50,9.533260,1.096704
worker_5,1737,1788087270.262836,50,9.546529,1.096448
worker_5,1738,1788087270.272428,50,9.556343,1.097536
worker_5,1739,1788087270.282032,50,9.543213,1.096416
worker_5,1740,1788087270.291620,50,9.546768,1.099648
worker_5,1741,1788087270.301214,50,9.538203,1.097216
worker_5,1742,1788087270.310799,50,9.540371,1.097024
worker_5,1743,1788087270.320385,50,9.559019,1.104416
worker_5,1744,1788087270.329989,50,9.536399,1.097184
worker_5,1745,1788087270.339573,50,9.542316,1.095648
worker_5,1746,1788087270.349163,50,9.549556,1.097600
worker_5,1747,1788087270.358780,50,9.518009,1.098016
worker_5,1748,1788087270.368344,50,9.552851,1.096512
worker_5,1749,1788087270.377944,50,9.542279,1.096576
worker_5,1750,1788087270.387535,50,9.550630,1.096384
worker_5,1751,1788087270.397132,50,9.559177,1.097920
worker_5,1752,1788087270.406737,50,9.324044,1.097760
worker_5,1753,1788087270.416085,50,9.557177,1.097792
worker_5,1754,1788087270.425659,50,9.564454,1.098464
worker_5,1755,1788087270.435240,50,9.591205,1.097184
worker_5,1756,1788087270.444847,50,9.593991,1.098336
worker_5,1757,1788087270.454457,50,9.564408,1.096608
worker_5,1758,1788087270.464037,50,9.597917,1.112832
worker_5,1759,1788087270.473654,50,9.565398,1.096320
worker_5,1760,1788087270.483233,50,9.588197,1.099552
worker_5,1761,1788087270.492837,50,9.782669,1.097120
worker_5,1762,1788087270.502669,50,9.555223,1.096128
worker_5,1763,1788087270.512271,50,9.315646,1.096608
worker_5,1764,1788087270.521609,50,9.574093,1.098400
worker_5,1765,1788087270.531202,50,9.566121,1.101408
worker_5,1766,1788087270.540785,50,9.566223,1.098176
worker_5,1767,1788087270.550380,50,9.786670,1.097440
worker_5,1768,1788087270.560229,50,9.522676,1.097248
worker_5,1769,1788087270.569798,50,9.541742,1.096704
worker_5,1770,1788087270.579387,50,9.603150,1.101376
worker_5,1771,1788087270.589037,50,9.654937,1.097024
worker_5,1772,1788087270.598737,50,9.499592,1.097216
worker_5,1773,1788087270.608284,50,9.597899,1.096864
worker_5,1774,1788087270.617927,50,9.490723,1.096608
worker_5,1775,1788087270.627465,50,9.461796,1.096416
worker_5,1776,1788087270.636974,50,9.518769,1.096608
worker_5,1777,1788087270.646538,50,9.543677,1.098144
worker_5,1778,1788087270.656132,50,9.343082,1.099296
worker_5,1779,1788087270.665500,50,9.560093,1.096672
worker_5,1780,1788087270.675077,50,9.567779,1.098368
worker_5,1781,1788087270.684662,50,9.577065,1.098464
worker_5,1782,1788087270.694257,50,9.567816,1.096800
worker_5,1783,1788087270.703844,50,9.584121,1.101568
worker_5,1784,1788087270.713445,50,9.580473,1.097248
worker_5,1785,1788087270.723041,50,9.565149,1.097504
worker_5,1786,1788087270.732634,50,9.769715,1.097152
worker_5,1787,1788087270.742452,50,9.330434,1.098176
worker_5,1788,1788087270.751807,50,9.761216,1.097472
worker_5,1789,1788087270.761616,50,9.327332,1.097824
worker_5,1790,1788087270.770969,50,9.763577,1.098144
worker_5,1791,1788087270.780783,50,9.320296,1.096544
worker_5,1792,1788087270.790128,50,9.777456,1.097280
worker_5,1793,1788087270.799953,50,9.332536,1.098464
worker_5,1794,1788087270.809310,50,9.758253,1.097120
worker_5,1795,1788087270.819116,50,9.343860,1.106304
worker_5,1796,1788087270.828485,50,9.787225,1.098560
worker_5,1797,1788087270.838321,50,9.332545,1.097120
worker_5,1798,1788087270.847680,50,9.763614,1.096416
worker_5,1799,1788087270.857490,50,9.352517,1.098400
worker_5,1800,1788087270.866870,50,9.758587,1.096224
worker_5,1801,1788087270.876677,50,9.342074,1.099552
worker_5,1802,1788087270.886044,50,9.771669,1.096768
worker_5,1803,1788087270.895863,50,9.352648,1.099840
worker_5,1804,1788087270.905240,50,9.761614,1.097760
worker_5,1805,1788087270.915049,50,9.343119,1.098144
worker_5,1806,1788087270.924429,50,9.546816,1.098304
worker_5,1807,1788087270.933994,50,9.570344,1.099200
worker_5,1808,1788087270.943581,50,9.575992,1.099168
worker_5,1809,1788087270.953173,50,9.570539,1.098752
worker_5,1810,1788087270.962760,50,9.574519,1.098080
worker_5,1811,1788087270.972353,50,9.573612,1.097184
worker_5,1812,1788087270.981941,50,9.571918,1.098304
worker_5,1813,1788087270.991529,50,9.586113,1.097760
worker_5,1814,1788087271.001130,50,9.791216,1.096736
worker_5,1815,1788087271.010971,50,9.539769,1.097952
worker_5,1816,1788087271.020556,50,9.528010,1.096512
worker_5,1817,1788087271.030130,50,9.554195,1.097152
worker_5,1818,1788087271.039732,50,9.542455,1.099488
worker_5,1819,1788087271.049321,50,9.550335,1.097312
worker_5,1820,1788087271.058917,50,9.527863,1.097920
worker_5,1821,1788087271.068491,50,9.538695,1.096064
worker_5,1822,1788087271.078076,50,9.530843,1.097024
worker_5,1823,1788087271.087655,50,9.561102,1.103360
worker_5,1824,1788087271.097264,50,9.537797,1.095776
worker_5,1825,1788087271.106859,50,9.538769,1.096960
worker_5,1826,1788087271.116443,50,9.533011,1.100416
worker_5,1827,1788087271.126021,50,9.336305,1.097120
worker_5,1828,1788087271.135381,50,9.785660,1.101312
worker_5,1829,1788087271.145214,50,9.537010,1.096032
worker_5,1830,1788087271.154797,50,9.369851,1.096928
worker_5,1831,1788087271.164193,50,9.551019,1.097760
worker_5,1832,1788087271.173762,50,9.567686,1.098656
worker_5,1833,1788087271.183347,50,9.589696,1.099200
worker_5,1834,1788087271.193027,50,9.494805,1.099136
worker_5,1835,1788087271.202541,50,9.577038,1.096960
worker_5,1836,1788087271.212135,50,9.571882,1.098848
worker_5,1837,1788087271.221722,50,9.575057,1.097824
worker_5,1838,1788087271.231312,50,9.780957,1.096128
worker_5,1839,1788087271.241142,50,9.549677,1.099424
worker_5,1840,1788087271.250738,50,9.550945,1.096960
worker_5,1841,1788087271.260334,50,9.538398,1.095776
worker_5,1842,1788087271.269921,50,9.538389,1.095744
worker_5,1843,1788087271.279506,50,9.555408,1.097152
worker_5,1844,1788087271.289107,50,9.555630,1.095616
worker_5,1845,1788087271.298727,50,9.533213,1.097568
worker_5,1846,1788087271.308308,50,9.546222,1.097120
worker_5,1847,1788087271.317901,50,9.546519,1.097952
worker_5,1848,1788087271.327494,50,9.540167,1.099936
worker_5,1849,1788087271.337080,50,9.560251,1.097344
worker_5,1850,1788087271.346688,50,9.570353,1.095360
worker_5,1851,1788087271.356305,50,9.555944,1.097088
worker_5,1852,1788087271.365907,50,9.515750,1.098784
worker_5,1853,1788087271.375468,50,9.536055,1.096512
worker_5,1854,1788087271.385050,50,9.555269,1.096896
worker_5,1855,1788087271.394651,50,9.333471,1.096224
worker_5,1856,1788087271.404010,50,9.799484,1.104896
worker_5,1857,1788087271.413855,50,9.339629,1.097632
worker_5,1858,1788087271.423220,50,9.764873,1.096544
worker_5,1859,1788087271.433032,50,9.345295,1.096672
worker_5,1860,1788087271.442403,50,9.767605,1.096864
worker_5,1861,1788087271.452235,50,9.332757,1.097056
worker_5,1862,1788087271.461593,50,9.761937,1.098272
worker_5,1863,1788087271.471401,50,9.338184,1.096448
worker_5,1864,1788087271.480776,50,9.764225,1.098496
worker_5,1865,1788087271.490589,50,9.330184,1.098272
worker_5,1866,1788087271.499944,50,9.774104,1.097568
worker_5,1867,1788087271.509766,50,9.331424,1.099200
worker_5,1868,1788087271.519124,50,9.778781,1.098272
worker_5,1869,1788087271.528950,50,9.332082,1.097408
worker_5,1870,1788087271.538307,50,9.768705,1.097888
worker_5,1871,1788087271.548122,50,9.335952,1.097568
worker_5,1872,1788087271.557482,50,9.757964,1.097536
worker_5,1873,1788087271.567289,50,9.345044,1.096832
worker_5,1874,1788087271.576659,50,9.846661,1.098496
worker_5,1875,1788087271.586554,50,9.274081,1.097792
worker_5,1876,1788087271.595853,50,9.828641,1.103680
worker_5,1877,1788087271.605729,50,9.419481,1.098816
worker_5,1878,1788087271.615173,50,9.716585,1.096800
worker_5,1879,1788087271.624936,50,9.234729,1.096288
worker_5,1880,1788087271.634195,50,9.759123,1.096480
worker_5,1881,1788087271.644003,50,9.547028,1.105216
worker_5,1882,1788087271.653597,50,9.551019,1.096192
worker_5,1883,1788087271.663195,50,9.336721,1.096832
worker_5,1884,1788087271.672571,50,9.543851,1.097248
worker_5,1885,1788087271.682133,50,9.582177,1.098432
worker_5,1886,1788087271.691732,50,9.574241,1.100288
worker_5,1887,1788087271.701322,50,9.573825,1.096384
worker_5,1888,1788087271.710912,50,9.568167,1.097408
worker_5,1889,1788087271.720495,50,9.572908,1.100640
worker_5,1890,1788087271.730084,50,9.793845,1.097568
worker_5,1891,1788087271.739925,50,9.549500,1.099776
worker_5,1892,1788087271.749521,50,9.559797,1.099168
worker_5,1893,1788087271.759126,50,9.537158,1.097664
worker_5,1894,1788087271.768709,50,9.544185,1.097120
worker_5,1895,1788087271.778300,50,9.543445,1.097760
worker_5,1896,1788087271.787890,50,9.554750,1.100064
worker_5,1897,1788087271.797492,50,9.553334,1.099904
worker_5,1898,1788087271.807093,50,9.540250,1.098016
worker_5,1899,1788087271.816679,50,9.544426,1.097600
worker_5,1900,1788087271.826271,50,9.535426,1.097248
worker_5,1901,1788087271.835852,50,9.550194,1.099296
worker_5,1902,1788087271.845448,50,9.537759,1.096384
worker_5,1903,1788087271.855045,50,9.531546,1.097536
worker_5,1904,1788087271.864622,50,9.334757,1.098240
worker_5,1905,1788087271.873983,50,9.763132,1.097408
worker_5,1906,1788087271.883793,50,9.342461,1.096128
worker_5,1907,1788087271.893161,50,9.769003,1.097984
worker_5,1908,1788087271.902977,50,9.340091,1.105472
worker_5,1909,1788087271.912341,50,9.786392,1.098304
worker_5,1910,1788087271.922179,50,9.325730,1.097440
worker_5,1911,1788087271.931530,50,9.773901,1.098112
worker_5,1912,1788087271.941352,50,9.323239,1.097824
worker_5,1913,1788087271.950700,50,9.793030,1.098016
worker_5,1914,1788087271.960541,50,9.321368,1.098208
worker_5,1915,1788087271.969887,50,9.772826,1.097152
worker_5,1916,1788087271.979707,50,9.330767,1.096896
worker_5,1917,1788087271.989062,50,9.776771,1.095424
worker_5,1918,1788087271.998886,50,9.340822,1.098464
worker_5,1919,1788087272.008253,50,9.751688,1.096384
worker_5,1920,1788087272.018051,50,9.338971,1.097216
worker_5,1921,1788087272.027415,50,9.793011,1.098880
worker_5,1922,1788087272.037256,50,9.333025,1.097792
worker_5,1923,1788087272.046629,50,9.759483,1.098624
worker_5,1924,1788087272.056435,50,9.329489,1.097344
worker_5,1925,1788087272.065790,50,9.775660,1.097792
worker_5,1926,1788087272.075616,50,9.333823,1.099200
worker_5,1927,1788087272.084974,50,9.772335,1.095552
worker_5,1928,1788087272.094794,50,9.347453,1.097984
worker_5,1929,1788087272.104166,50,9.767760,1.096768
worker_5,1930,1788087272.113982,50,9.321693,1.097024
worker_5,1931,1788087272.123327,50,9.768901,1.097408
worker_5,1932,1788087272.133143,50,9.340526,1.096704
worker_5,1933,1788087272.142508,50,9.557047,1.098496
worker_5,1934,1788087272.152082,50,9.587370,1.096800
worker_5,1935,1788087272.161685,50,9.587945,1.100512
worker_5,1936,1788087272.171288,50,9.564833,1.096896
worker_5,1937,1788087272.180869,50,9.593537,1.097600
worker_5,1938,1788087272.190478,50,9.565740,1.097792
worker_5,1939,1788087272.200059,50,9.583185,1.097728
worker_5,1940,1788087272.209658,50,9.576305,1.101024
worker_5,1941,1788087272.219249,50,9.569019,1.095936
worker_5,1942,1788087272.228843,50,9.783178,1.098080
worker_5,1943,1788087272.238674,50,9.552463,1.098400
worker_5,1944,1788087272.248275,50,9.530777,1.103008
worker_5,1945,1788087272.257852,50,9.548352,1.098304
worker_5,1946,1788087272.267447,50,9.532684,1.097024
worker_5,1947,1788087272.277025,50,9.558574,1.096896
worker_5,1948,1788087272.286629,50,9.531555,1.097472
worker_5,1949,1788087272.296207,50,9.568379,1.097216
worker_5,1950,1788087272.305821,50,9.530602,1.097760
worker_5,1951,1788087272.315399,50,9.539963,1.097088
worker_5,1952,1788087272.324985,50,9.549686,1.097472
worker_5,1953,1788087272.334583,50,9.542138,1.098400
worker_5,1954,1788087272.344170,50,9.587537,1.102176
worker_5,1955,1788087272.353804,50,9.538471,1.096000
worker_5,1956,1788087272.363389,50,9.335841,1.097152
worker_5,1957,1788087272.372751,50,9.759983,1.097024
worker_5,1958,1788087272.382557,50,9.327424,1.097120
worker_5,1959,1788087272.391909,50,9.611658,1.097824
worker_5,1960,1788087272.401572,50,9.485768,1.097408
worker_5,1961,1788087272.411088,50,9.550204,1.103296
worker_5,1962,1788087272.420674,50,9.543714,1.096512
worker_5,1963,1788087272.430236,50,9.576565,1.098464
worker_5,1964,1788087272.439833,50,9.564241,1.099040
worker_5,1965,1788087272.449418,50,9.561019,1.098336
worker_5,1966,1788087272.458995,50,9.563000,1.097984
worker_5,1967,1788087272.468575,50,9.573705,1.096160
worker_5,1968,1788087272.478164,50,9.583010,1.097248
worker_5,1969,1788087272.487763,50,9.580880,1.098272
worker_5,1970,1788087272.497360,50,9.562316,1.098336
worker_5,1971,1788087272.506938,50,9.791309,1.099552
worker_5,1972,1788087272.516778,50,9.539546,1.097280
worker_5,1973,1788087272.526362,50,9.537361,1.096160
worker_5,1974,1788087272.535944,50,9.543649,1.096288
worker_5,1975,1788087272.545533,50,9.530649,1.098272
worker_5,1976,1788087272.555109,50,9.558334,1.107840
worker_5,1977,1788087272.564713,50,9.551945,1.098272
worker_5,1978,1788087272.574312,50,9.544566,1.098240
worker_5,1979,1788087272.583902,50,9.549888,1.097632
worker_5,1980,1788087272.593499,50,9.544103,1.097472
worker_5,1981,1788087272.603101,50,9.519704,1.097088
worker_5,1982,1788087272.612671,50,9.552334,1.097216
worker_5,1983,1788087272.622270,50,9.523121,1.096384
worker_5,1984,1788087272.631840,50,9.543751,1.097376
worker_5,1985,1788087272.641511,50,9.452769,1.098784
worker_5,1986,1788087272.651011,50,9.338397,1.098528
worker_5,1987,1788087272.660376,50,9.575724,1.098080
worker_5,1988,1788087272.669969,50,9.565446,1.097504
worker_5,1989,1788087272.679550,50,9.581131,1.096480
worker_5,1990,1788087272.689146,50,9.571399,1.097440
worker_5,1991,1788087272.698732,50,9.578631,1.102080
worker_5,1992,1788087272.708327,50,9.588455,1.098912
worker_5,1993,1788087272.717931,50,9.568381,1.098624
worker_5,1994,1788087272.727514,50,9.790512,1.097312
worker_5,1995,1788087272.737353,50,9.536307,1.097024
worker_5,1996,1788087272.746935,50,9.540918,1.099296
worker_5,1997,1788087272.756522,50,9.542953,1.097184
worker_5,1998,1788087272.766112,50,9.531926,1.097120
worker_5,1999,1788087272.775690,50,9.544528,1.099264
worker_5,2000,1788087272.785283,50,9.539335,1.096064
worker_5,2001,1788087272.794880,50,9.521334,1.098560
worker_5,2002,1788087272.804450,50,9.709345,1.097344
worker_5,2003,1788087272.814205,50,9.538454,1.098688
worker_5,2004,1788087272.823790,50,9.471759,1.098976
worker_5,2005,1788087272.833308,50,9.422926,1.096896
worker_5,2006,1788087272.842783,50,9.730244,1.098912
worker_5,2007,1788087272.852563,50,9.357629,1.098752
worker_5,2008,1788087272.861947,50,9.545122,1.098720
worker_5,2009,1788087272.871510,50,9.597012,1.098144
worker_5,2010,1788087272.881124,50,9.407128,1.098848
worker_5,2011,1788087272.890548,50,9.564316,1.096704
worker_5,2012,1788087272.900128,50,9.598611,1.101088
worker_5,2013,1788087272.909745,50,9.575019,1.098272
worker_5,2014,1788087272.919335,50,9.576455,1.097984
worker_5,2015,1788087272.928928,50,9.578630,1.097120
worker_5,2016,1788087272.938522,50,9.595787,1.099040
worker_5,2017,1788087272.948139,50,9.770141,1.098912
worker_5,2018,1788087272.957956,50,9.535834,1.096512
worker_5,2019,1788087272.967541,50,9.550538,1.098432
worker_5,2020,1788087272.977147,50,9.334481,1.096352
worker_5,2021,1788087272.986508,50,9.558334,1.098112
worker_5,2022,1788087272.996084,50,9.568113,1.097312
worker_5,2023,1788087273.005669,50,9.566704,1.097440
worker_5,2024,1788087273.015251,50,9.573705,1.099616
worker_5,2025,1788087273.024842,50,9.587603,1.096320
worker_5,2026,1788087273.034446,50,9.566880,1.098112
worker_5,2027,1788087273.044027,50,9.824226,1.106976
worker_5,2028,1788087273.053902,50,9.533177,1.096800
worker_5,2029,1788087273.063482,50,9.542417,1.097952
worker_5,2030,1788087273.073071,50,9.553094,1.097248
worker_5,2031,1788087273.082671,50,9.535074,1.097248
worker_5,2032,1788087273.092267,50,9.579325,1.116960
worker_5,2033,1788087273.101893,50,9.534964,1.097504
worker_5,2034,1788087273.111473,50,9.540196,1.095968
worker_5,2035,1788087273.121060,50,9.564435,1.097216
worker_5,2036,1788087273.130670,50,9.519592,1.096992
worker_5,2037,1788087273.140250,50,9.548992,1.101408
worker_5,2038,1788087273.149845,50,9.544686,1.098080
worker_5,2039,1788087273.159436,50,9.347248,1.097184
worker_5,2040,1788087273.168818,50,9.561277,1.099360
worker_5,2041,1788087273.178398,50,9.559769,1.096864
worker_5,2042,1788087273.187972,50,9.605380,1.096672
worker_5,2043,1788087273.197594,50,9.567945,1.098336
worker_5,2044,1788087273.207177,50,9.576426,1.098464
worker_5,2045,1788087273.216769,50,9.573167,1.099072
worker_5,2046,1788087273.226359,50,9.771697,1.097792
worker_5,2047,1788087273.236180,50,9.550815,1.097344
worker_5,2048,1788087273.245777,50,9.541362,1.097280
worker_5,2049,1788087273.255367,50,9.557954,1.099616
worker_5,2050,1788087273.264970,50,9.533964,1.097728
worker_5,2051,1788087273.274549,50,9.538907,1.097152
worker_5,2052,1788087273.284135,50,9.538268,1.098016
worker_5,2053,1788087273.293720,50,9.530861,1.096672
worker_5,2054,1788087273.303298,50,9.557269,1.104192
worker_5,2055,1788087273.312901,50,9.527130,1.096960
worker_5,2056,1788087273.322475,50,9.554556,1.098048
worker_5,2057,1788087273.332079,50,9.535629,1.097696
worker_5,2058,1788087273.341661,50,9.536443,1.096448
worker_5,2059,1788087273.351256,50,9.534342,1.102304
worker_5,2060,1788087273.360838,50,9.333711,1.099392
worker_5,2061,1788087273.370198,50,9.755854,1.099232
worker_5,2062,1788087273.380002,50,9.345341,1.101856
worker_5,2063,1788087273.389373,50,9.784864,1.098400
worker_5,2064,1788087273.399206,50,9.328887,1.098464
worker_5,2065,1788087273.408560,50,9.764187,1.097600
worker_5,2066,1788087273.418372,50,9.338609,1.096928
worker_5,2067,1788087273.427736,50,9.774345,1.104160
worker_5,2068,1788087273.437558,50,9.347619,1.097504
worker_5,2069,1788087273.446931,50,9.765770,1.099328
worker_5,2070,1788087273.456745,50,9.343267,1.098080
worker_5,2071,1788087273.466117,50,9.770382,1.097152
worker_5,2072,1788087273.475936,50,9.337183,1.099296
worker_5,2073,1788087273.485298,50,9.764576,1.095840
worker_5,2074,1788087273.495111,50,9.327924,1.098112
worker_5,2075,1788087273.504463,50,9.766984,1.097856
worker_5,2076,1788087273.514279,50,9.353776,1.099232
worker_5,2077,1788087273.523659,50,9.767114,1.099744
worker_5,2078,1788087273.533473,50,9.359776,1.096928
worker_5,2079,1788087273.542871,50,9.754262,1.098880
worker_5,2080,1788087273.552673,50,9.332618,1.099200
worker_5,2081,1788087273.562031,50,9.769576,1.097376
worker_5,2082,1788087273.571848,50,9.451926,1.099200
worker_5,2083,1788087273.581326,50,9.825150,1.096416
worker_5,2084,1788087273.591198,50,9.301739,1.097088
worker_5,2085,1788087273.600523,50,9.788818,1.097728
worker_5,2086,1788087273.610359,50,9.196886,1.096480
