label,batch,start_unix_s,operations,wall_ms,cuda_batch_ms
worker_3,0,1788087253.612471,50,5.090137,4.802656
worker_3,1,1788087253.617605,50,7.788253,1.104896
worker_3,2,1788087253.625420,50,9.441573,1.100928
worker_3,3,1788087253.634882,50,9.565000,1.096480
worker_3,4,1788087253.644467,50,9.582463,1.096928
worker_3,5,1788087253.654080,50,9.533917,1.098464
worker_3,6,1788087253.663637,50,9.563407,1.097824
worker_3,7,1788087253.673220,50,9.581889,1.098272
worker_3,8,1788087253.682833,50,9.572908,1.098880
worker_3,9,1788087253.692443,50,9.541667,1.096608
worker_3,10,1788087253.702030,50,9.517416,1.096640
worker_3,11,1788087253.711571,50,9.573851,1.098080
worker_3,12,1788087253.721164,50,9.575389,1.098176
worker_3,13,1788087253.730757,50,9.776327,1.097280
worker_3,14,1788087253.740582,50,9.325470,1.096384
worker_3,15,1788087253.749935,50,9.556297,1.096352
worker_3,16,1788087253.759510,50,9.560065,1.100416
worker_3,17,1788087253.769088,50,9.571010,1.098304
worker_3,18,1788087253.778676,50,9.564853,1.097376
worker_3,19,1788087253.788257,50,9.567501,1.097248
worker_3,20,1788087253.797840,50,9.776956,1.097824
worker_3,21,1788087253.807666,50,9.535593,1.097376
worker_3,22,1788087253.817251,50,9.553779,1.101632
worker_3,23,1788087253.826854,50,9.540064,1.097952
worker_3,24,1788087253.836450,50,9.534398,1.097280
worker_3,25,1788087253.846032,50,9.317618,1.097792
worker_3,26,1788087253.855378,50,9.563750,1.097248
worker_3,27,1788087253.864961,50,9.563879,1.100832
worker_3,28,1788087253.874542,50,9.561455,1.099296
worker_3,29,1788087253.884136,50,9.547075,1.098528
worker_3,30,1788087253.893701,50,9.774355,1.097920
worker_3,31,1788087253.903525,50,9.543908,1.096608
worker_3,32,1788087253.913120,50,9.532482,1.097152
worker_3,33,1788087253.922702,50,9.562797,1.098464
worker_3,34,1788087253.932314,50,9.314971,1.097376
worker_3,35,1788087253.941655,50,9.548816,1.098144
worker_3,36,1788087253.951223,50,9.575528,1.099360
worker_3,37,1788087253.960814,50,9.561399,1.096288
worker_3,38,1788087253.970393,50,9.576954,1.096640
worker_3,39,1788087253.979987,50,9.562722,1.097088
worker_3,40,1788087253.989570,50,9.563231,1.097056
worker_3,41,1788087253.999151,50,9.788753,1.098144
worker_3,42,1788087254.008991,50,9.529463,1.095712
worker_3,43,1788087254.018568,50,9.566185,1.096672
worker_3,44,1788087254.028182,50,9.545963,1.096768
worker_3,45,1788087254.037776,50,9.528194,1.098080
worker_3,46,1788087254.047351,50,9.317202,1.098848
worker_3,47,1788087254.056694,50,9.547278,1.097728
worker_3,48,1788087254.066261,50,9.580760,1.096288
worker_3,49,1788087254.075873,50,9.560334,1.098688
worker_3,50,1788087254.085451,50,9.569371,1.096480
worker_3,51,1788087254.095036,50,9.573973,1.097440
worker_3,52,1788087254.104632,50,9.766419,1.097952
worker_3,53,1788087254.114447,50,9.545020,1.098336
worker_3,54,1788087254.124039,50,9.550140,1.101312
worker_3,55,1788087254.133637,50,9.543158,1.098208
worker_3,56,1788087254.143226,50,9.324007,1.098912
worker_3,57,1788087254.152575,50,9.556028,1.096416
worker_3,58,1788087254.162150,50,9.577269,1.098848
worker_3,59,1788087254.171743,50,9.569556,1.102592
worker_3,60,1788087254.181331,50,9.564249,1.098880
worker_3,61,1788087254.190912,50,9.561601,1.098976
worker_3,62,1788087254.200492,50,9.583307,1.099488
worker_3,63,1788087254.210092,50,9.797456,1.095904
worker_3,64,1788087254.219941,50,9.530066,1.100544
worker_3,65,1788087254.229522,50,9.541138,1.100064
worker_3,66,1788087254.239111,50,9.532435,1.097568
worker_3,67,1788087254.248692,50,9.323025,1.098112
worker_3,68,1788087254.258052,50,9.565388,1.099008
worker_3,69,1788087254.267637,50,9.561472,1.099552
worker_3,70,1788087254.277215,50,9.577333,1.098240
worker_3,71,1788087254.286809,50,9.567000,1.098720
worker_3,72,1788087254.296393,50,9.557454,1.097632
worker_3,73,1788087254.305967,50,9.787642,1.098208
worker_3,74,1788087254.315804,50,9.545537,1.100768
worker_3,75,1788087254.325398,50,9.533462,1.097920
worker_3,76,1788087254.334984,50,9.338360,1.101568
worker_3,77,1788087254.344350,50,9.561167,1.097312
worker_3,78,1788087254.353930,50,9.582741,1.098176
worker_3,79,1788087254.363530,50,9.566408,1.098016
worker_3,80,1788087254.373113,50,9.563991,1.098624
worker_3,81,1788087254.382692,50,9.579760,1.103840
worker_3,82,1788087254.392289,50,9.561251,1.096256
worker_3,83,1788087254.401866,50,9.567427,1.097824
worker_3,84,1788087254.411451,50,9.784994,1.101280
worker_3,85,1788087254.421287,50,9.529223,1.098208
worker_3,86,1788087254.430867,50,9.562880,1.098720
worker_3,87,1788087254.440480,50,9.521352,1.097888
worker_3,88,1788087254.450064,50,9.517667,1.096480
worker_3,89,1788087254.459630,50,9.540954,1.102144
worker_3,90,1788087254.469219,50,9.535676,1.098176
worker_3,91,1788087254.478803,50,9.556129,1.098656
worker_3,92,1788087254.488410,50,9.525536,1.097568
worker_3,93,1788087254.497986,50,9.530815,1.098752
worker_3,94,1788087254.507564,50,9.544963,1.101024
worker_3,95,1788087254.517157,50,9.536213,1.097920
worker_3,96,1788087254.526742,50,9.347415,1.099296
worker_3,97,1788087254.536115,50,9.552722,1.097408
worker_3,98,1788087254.545687,50,9.556186,1.098048
worker_3,99,1788087254.555261,50,9.565797,1.097824
worker_3,100,1788087254.564843,50,9.582343,1.097056
worker_3,101,1788087254.574442,50,9.575677,1.097088
worker_3,102,1788087254.584034,50,9.599751,1.101600
worker_3,103,1788087254.593670,50,9.515240,1.099040
worker_3,104,1788087254.603210,50,9.567732,1.102176
worker_3,105,1788087254.612799,50,9.765244,1.098336
worker_3,106,1788087254.622613,50,9.541000,1.097760
worker_3,107,1788087254.632230,50,9.305285,1.099360
worker_3,108,1788087254.641567,50,9.551908,1.098560
worker_3,109,1788087254.651141,50,9.560038,1.098272
worker_3,110,1788087254.660719,50,9.567370,1.096672
worker_3,111,1788087254.670302,50,9.560685,1.097984
worker_3,112,1788087254.679880,50,9.576760,1.096960
worker_3,113,1788087254.689475,50,9.559741,1.096832
worker_3,114,1788087254.699051,50,9.790038,1.096992
worker_3,115,1788087254.708890,50,9.537871,1.100064
worker_3,116,1788087254.718477,50,9.534491,1.098656
worker_3,117,1788087254.728061,50,9.553898,1.097280
worker_3,118,1788087254.737663,50,9.319933,1.097728
worker_3,119,1788087254.747009,50,9.563483,1.098336
worker_3,120,1788087254.756592,50,9.559807,1.096896
worker_3,121,1788087254.766168,50,9.605750,1.097856
worker_3,122,1788087254.775791,50,9.569815,1.102272
worker_3,123,1788087254.785377,50,9.565973,1.099264
worker_3,124,1788087254.794960,50,9.771697,1.098336
worker_3,125,1788087254.804780,50,9.404222,1.098048
worker_3,126,1788087254.814233,50,9.474916,1.095808
worker_3,127,1788087254.823750,50,9.562853,1.098432
worker_3,128,1788087254.833336,50,9.574103,1.100960
worker_3,129,1788087254.842928,50,9.771744,1.098304
worker_3,130,1788087254.852747,50,9.335990,1.100256
worker_3,131,1788087254.862110,50,9.545056,1.100160
worker_3,132,1788087254.871675,50,9.567954,1.097856
worker_3,133,1788087254.881262,50,9.589408,1.101696
worker_3,134,1788087254.890867,50,9.571158,1.098208
worker_3,135,1788087254.900455,50,9.782983,1.101728
worker_3,136,1788087254.910288,50,9.529825,1.097984
worker_3,137,1788087254.919867,50,9.538065,1.098688
worker_3,138,1788087254.929454,50,9.553593,1.096032
worker_3,139,1788087254.939056,50,9.326961,1.097632
worker_3,140,1788087254.948410,50,9.544519,1.098048
worker_3,141,1788087254.957976,50,9.572314,1.099840
worker_3,142,1788087254.967565,50,9.560111,1.098592
worker_3,143,1788087254.977143,50,9.586436,1.097344
worker_3,144,1788087254.986746,50,9.557324,1.098432
worker_3,145,1788087254.996320,50,9.785789,1.098336
worker_3,146,1788087255.006166,50,9.507861,1.097984
worker_3,147,1788087255.015722,50,9.535601,1.100736
worker_3,148,1788087255.025309,50,9.530250,1.097920
worker_3,149,1788087255.034888,50,9.332073,1.096992
worker_3,150,1788087255.044248,50,9.551723,1.097440
worker_3,151,1788087255.053819,50,9.564167,1.098368
worker_3,152,1788087255.063400,50,9.571593,1.097472
worker_3,153,1788087255.072988,50,9.573130,1.099040
worker_3,154,1788087255.082579,50,9.571121,1.098880
worker_3,155,1788087255.092166,50,9.578648,1.101376
worker_3,156,1788087255.101850,50,9.694131,1.099008
worker_3,157,1788087255.111593,50,9.326582,1.098496
worker_3,158,1788087255.120947,50,9.555343,1.096800
worker_3,159,1788087255.130522,50,9.579519,1.098304
worker_3,160,1788087255.140120,50,9.572917,1.101856
worker_3,161,1788087255.149711,50,9.560908,1.096768
worker_3,162,1788087255.159289,50,9.562306,1.098336
worker_3,163,1788087255.168876,50,9.551056,1.096064
worker_3,164,1788087255.178447,50,9.570425,1.098560
worker_3,165,1788087255.188035,50,9.595603,1.109664
worker_3,166,1788087255.197662,50,9.759178,1.098368
worker_3,167,1788087255.207469,50,9.554527,1.098272
worker_3,168,1788087255.217073,50,9.542204,1.098240
worker_3,169,1788087255.226664,50,9.560177,1.097856
worker_3,170,1788087255.236273,50,9.313425,1.098464
worker_3,171,1788087255.245613,50,9.547602,1.097280
worker_3,172,1788087255.255180,50,9.571065,1.097792
worker_3,173,1788087255.264770,50,9.571416,1.096416
worker_3,174,1788087255.274359,50,9.557268,1.097024
worker_3,175,1788087255.283932,50,9.587908,1.112416
worker_3,176,1788087255.293537,50,9.558111,1.097696
worker_3,177,1788087255.303112,50,9.783733,1.098560
worker_3,178,1788087255.312947,50,9.535546,1.098624
worker_3,179,1788087255.322531,50,9.562046,1.098784
worker_3,180,1788087255.332144,50,9.524573,1.097088
worker_3,181,1788087255.341717,50,9.548379,1.098848
worker_3,182,1788087255.351315,50,9.534842,1.098368
worker_3,183,1788087255.360898,50,9.542917,1.097024
worker_3,184,1788087255.370490,50,9.524814,1.098048
worker_3,185,1788087255.380076,50,9.521620,1.099680
worker_3,186,1788087255.389646,50,9.538436,1.096064
worker_3,187,1788087255.399233,50,9.531612,1.096128
worker_3,188,1788087255.408813,50,9.537806,1.098368
worker_3,189,1788087255.418398,50,9.530565,1.098336
worker_3,190,1788087255.427977,50,9.558241,1.098368
worker_3,191,1788087255.437582,50,9.556214,1.098752
worker_3,192,1788087255.447187,50,9.529149,1.096416
worker_3,193,1788087255.456764,50,9.332684,1.097760
worker_3,194,1788087255.466122,50,9.756734,1.096096
worker_3,195,1788087255.475927,50,9.346971,1.098912
worker_3,196,1788087255.485303,50,9.776938,1.097344
worker_3,197,1788087255.495129,50,9.328971,1.097120
worker_3,198,1788087255.504484,50,9.759641,1.097504
worker_3,199,1788087255.514293,50,9.354906,1.097344
worker_3,200,1788087255.523674,50,9.775345,1.100928
worker_3,201,1788087255.533499,50,9.318924,1.096256
worker_3,202,1788087255.542846,50,9.607824,1.097600
worker_3,203,1788087255.552505,50,9.686427,1.096896
worker_3,204,1788087255.562241,50,9.320971,1.096992
worker_3,205,1788087255.571601,50,9.754724,1.099008
worker_3,206,1788087255.581404,50,9.319988,1.097952
worker_3,207,1788087255.590750,50,9.781603,1.100512
worker_3,208,1788087255.600583,50,9.341017,1.096768
worker_3,209,1788087255.609952,50,9.782169,1.108224
worker_3,210,1788087255.619784,50,9.321258,1.097632
worker_3,211,1788087255.629131,50,9.774010,1.096384
worker_3,212,1788087255.638954,50,9.326656,1.100288
worker_3,213,1788087255.648307,50,9.768455,1.096160
worker_3,214,1788087255.658124,50,9.330247,1.098752
worker_3,215,1788087255.667480,50,9.761298,1.097376
worker_3,216,1788087255.677291,50,9.330914,1.097760
worker_3,217,1788087255.686647,50,9.773325,1.097760
worker_3,218,1788087255.696469,50,9.336498,1.097056
worker_3,219,1788087255.705832,50,9.763540,1.096992
worker_3,220,1788087255.715647,50,9.318573,1.097792
worker_3,221,1788087255.724992,50,9.783493,1.097216
worker_3,222,1788087255.734824,50,9.324905,1.098720
worker_3,223,1788087255.744176,50,9.792623,1.099616
worker_3,224,1788087255.754030,50,9.309544,1.098336
worker_3,225,1788087255.763367,50,9.759169,1.097440
worker_3,226,1788087255.773174,50,9.328981,1.097632
worker_3,227,1788087255.782529,50,9.613530,1.097952
worker_3,228,1788087255.792194,50,9.470472,1.098240
worker_3,229,1788087255.801691,50,9.757141,1.097536
worker_3,230,1788087255.811497,50,9.344545,1.098112
worker_3,231,1788087255.820869,50,9.774335,1.098080
worker_3,232,1788087255.830694,50,9.346907,1.096768
worker_3,233,1788087255.840067,50,9.771410,1.097440
worker_3,234,1788087255.849886,50,9.323175,1.097472
worker_3,235,1788087255.859236,50,9.808772,1.102912
worker_3,236,1788087255.869096,50,9.320369,1.097504
worker_3,237,1788087255.878443,50,9.783966,1.098048
worker_3,238,1788087255.888278,50,9.311990,1.099232
worker_3,239,1788087255.897618,50,9.765326,1.095584
worker_3,240,1788087255.907433,50,9.312481,1.096672
worker_3,241,1788087255.916772,50,9.768679,1.098048
worker_3,242,1788087255.926587,50,9.340972,1.097568
worker_3,243,1788087255.935957,50,9.610279,1.098496
worker_3,244,1788087255.945631,50,9.462656,1.097728
worker_3,245,1788087255.955125,50,9.552639,1.100768
worker_3,246,1788087255.964700,50,9.560462,1.098336
worker_3,247,1788087255.974282,50,9.558093,1.097376
worker_3,248,1788087255.983863,50,9.565250,1.098048
worker_3,249,1788087255.993448,50,9.567982,1.097760
worker_3,250,1788087256.003033,50,9.568935,1.105600
worker_3,251,1788087256.012622,50,9.576760,1.097984
worker_3,252,1788087256.022215,50,9.571806,1.098880
worker_3,253,1788087256.031804,50,9.590778,1.098304
worker_3,254,1788087256.041414,50,9.562370,1.097760
worker_3,255,1788087256.050996,50,9.782910,1.100864
worker_3,256,1788087256.060827,50,9.333183,1.098304
worker_3,257,1788087256.070186,50,9.766113,1.096704
worker_3,258,1788087256.080001,50,9.337136,1.096192
worker_3,259,1788087256.089365,50,9.768391,1.097856
worker_3,260,1788087256.099182,50,9.333619,1.099072
worker_3,261,1788087256.108541,50,9.774529,1.098272
worker_3,262,1788087256.118365,50,9.327517,1.096448
worker_3,263,1788087256.127731,50,9.761132,1.096160
worker_3,264,1788087256.137542,50,9.320045,1.097408
worker_3,265,1788087256.146889,50,9.762253,1.096896
worker_3,266,1788087256.156699,50,9.325175,1.096544
worker_3,267,1788087256.166051,50,9.776225,1.097312
worker_3,268,1788087256.175875,50,9.327035,1.100448
worker_3,269,1788087256.185231,50,9.769410,1.097248
worker_3,270,1788087256.195051,50,9.318425,1.099072
worker_3,271,1788087256.204395,50,9.771744,1.096128
worker_3,272,1788087256.214216,50,9.327721,1.097088
worker_3,273,1788087256.223571,50,9.768891,1.098144
worker_3,274,1788087256.233390,50,9.334073,1.097760
worker_3,275,1788087256.242751,50,9.768012,1.098336
worker_3,276,1788087256.252567,50,9.318415,1.097120
worker_3,277,1788087256.261913,50,9.767159,1.097536
worker_3,278,1788087256.271729,50,9.327025,1.099520
worker_3,279,1788087256.281082,50,9.608546,1.097856
worker_3,280,1788087256.290741,50,9.480918,1.099360
worker_3,281,1788087256.300248,50,9.767529,1.096640
worker_3,282,1788087256.310063,50,9.334201,1.098496
worker_3,283,1788087256.319437,50,9.765474,1.098624
worker_3,284,1788087256.329253,50,9.329082,1.099552
worker_3,285,1788087256.338609,50,9.782040,1.098240
worker_3,286,1788087256.348441,50,9.345396,1.099328
worker_3,287,1788087256.357812,50,9.767408,1.100064
worker_3,288,1788087256.367628,50,9.330822,1.098592
worker_3,289,1788087256.376985,50,9.794891,1.096576
worker_3,290,1788087256.386827,50,9.325425,1.098752
worker_3,291,1788087256.396180,50,9.781613,1.098592
worker_3,292,1788087256.406009,50,9.296396,1.097792
worker_3,293,1788087256.415333,50,9.549935,1.098304
worker_3,294,1788087256.424903,50,9.551537,1.098240
worker_3,295,1788087256.434473,50,9.593593,1.096768
worker_3,296,1788087256.444082,50,9.782251,1.098976
worker_3,297,1788087256.453912,50,9.342248,1.098912
worker_3,298,1788087256.463284,50,9.759381,1.104288
worker_3,299,1788087256.473092,50,9.339571,1.098240
worker_3,300,1788087256.482458,50,9.804863,1.096864
worker_3,301,1788087256.492312,50,9.308989,1.098080
worker_3,302,1788087256.501658,50,9.755956,1.097248
worker_3,303,1788087256.511462,50,9.327517,1.098336
worker_3,304,1788087256.520819,50,9.751132,1.097888
worker_3,305,1788087256.530617,50,9.331101,1.099168
worker_3,306,1788087256.539978,50,9.554084,1.099040
worker_3,307,1788087256.549551,50,9.563029,1.098112
worker_3,308,1788087256.559132,50,9.791632,1.095648
worker_3,309,1788087256.568972,50,9.327479,1.098592
worker_3,310,1788087256.578399,50,9.864920,1.099072
worker_3,311,1788087256.588314,50,9.182154,1.105216
worker_3,312,1788087256.597522,50,9.901161,1.098176
worker_3,313,1788087256.607472,50,9.345805,1.098752
worker_3,314,1788087256.616845,50,9.760289,1.097664
worker_3,315,1788087256.626653,50,9.337305,1.099104
worker_3,316,1788087256.636017,50,9.792187,1.106624
worker_3,317,1788087256.645859,50,9.174988,1.099232
worker_3,318,1788087256.655063,50,9.762762,1.102848
worker_3,319,1788087256.664874,50,9.321379,1.097184
worker_3,320,1788087256.674223,50,9.556806,1.097824
worker_3,321,1788087256.683800,50,9.560704,1.097792
worker_3,322,1788087256.693393,50,9.760706,1.096000
worker_3,323,1788087256.703202,50,9.355387,1.100768
worker_3,324,1788087256.712586,50,9.763567,1.097440
worker_3,325,1788087256.722398,50,9.351656,1.099328
worker_3,326,1788087256.731777,50,9.743698,1.096928
worker_3,327,1788087256.741570,50,9.326360,1.097792
worker_3,328,1788087256.750922,50,9.772197,1.098944
worker_3,329,1788087256.760743,50,9.328554,1.097824
worker_3,330,1788087256.770098,50,9.781586,1.097824
worker_3,331,1788087256.779927,50,9.327285,1.097536
worker_3,332,1788087256.789280,50,9.602343,1.096320
worker_3,333,1788087256.798934,50,9.698834,1.096320
worker_3,334,1788087256.808684,50,9.325850,1.098688
worker_3,335,1788087256.818035,50,9.763067,1.097664
worker_3,336,1788087256.827847,50,9.338249,1.099040
worker_3,337,1788087256.837212,50,9.763863,1.096640
worker_3,338,1788087256.847026,50,9.333212,1.102080
worker_3,339,1788087256.856387,50,9.785151,1.098688
worker_3,340,1788087256.866220,50,9.338508,1.097792
worker_3,341,1788087256.875596,50,9.744076,1.096672
worker_3,342,1788087256.885389,50,9.334869,1.098016
worker_3,343,1788087256.894750,50,9.778002,1.101376
worker_3,344,1788087256.904577,50,9.342850,1.098304
worker_3,345,1788087256.913946,50,9.760372,1.097920
worker_3,346,1788087256.923755,50,9.332156,1.097792
worker_3,347,1788087256.933113,50,9.765112,1.098432
worker_3,348,1788087256.942928,50,9.324812,1.097376
worker_3,349,1788087256.952279,50,9.760983,1.098400
worker_3,350,1788087256.962090,50,9.339480,1.110080
worker_3,351,1788087256.971457,50,9.618704,1.096832
worker_3,352,1788087256.981125,50,9.488139,1.098176
worker_3,353,1788087256.990642,50,9.746418,1.095936
worker_3,354,1788087257.000437,50,9.342442,1.097696
worker_3,355,1788087257.009806,50,9.754621,1.097280
worker_3,356,1788087257.019611,50,9.349794,1.098432
worker_3,357,1788087257.028989,50,9.603852,1.099232
worker_3,358,1788087257.038643,50,9.486759,1.097888
worker_3,359,1788087257.048157,50,9.765391,1.096736
worker_3,360,1788087257.057971,50,9.333118,1.097792
worker_3,361,1788087257.067344,50,9.745140,1.096096
worker_3,362,1788087257.077139,50,9.328156,1.098624
worker_3,363,1788087257.086493,50,9.785438,1.098560
worker_3,364,1788087257.096327,50,9.322961,1.105792
worker_3,365,1788087257.105676,50,9.759289,1.097728
worker_3,366,1788087257.115484,50,9.337350,1.097792
worker_3,367,1788087257.124849,50,9.756058,1.098144
worker_3,368,1788087257.134654,50,9.341017,1.098144
worker_3,369,1788087257.144022,50,9.768835,1.102848
worker_3,370,1788087257.153841,50,9.314729,1.097792
worker_3,371,1788087257.163184,50,9.752540,1.098528
worker_3,372,1788087257.172985,50,9.338286,1.095776
worker_3,373,1788087257.182352,50,9.549945,1.098368
worker_3,374,1788087257.191927,50,9.558270,1.098784
worker_3,375,1788087257.201506,50,9.563501,1.098240
worker_3,376,1788087257.211087,50,9.774382,1.100736
worker_3,377,1788087257.220911,50,9.326601,1.097248
worker_3,378,1788087257.230263,50,9.553231,1.098816
worker_3,379,1788087257.239836,50,9.557879,1.098144
worker_3,380,1788087257.249424,50,9.557464,1.097632
worker_3,381,1788087257.259000,50,9.591315,1.100224
worker_3,382,1788087257.268609,50,9.563482,1.098272
worker_3,383,1788087257.278188,50,9.576075,1.097856
worker_3,384,1788087257.287781,50,9.580316,1.095648
worker_3,385,1788087257.297376,50,9.568085,1.098592
worker_3,386,1788087257.306962,50,9.791520,1.097920
worker_3,387,1788087257.316802,50,9.524175,1.096768
worker_3,388,1788087257.326375,50,9.551019,1.098272
worker_3,389,1788087257.335977,50,9.328415,1.099136
worker_3,390,1788087257.345331,50,9.564019,1.095744
worker_3,391,1788087257.354914,50,9.558732,1.099456
worker_3,392,1788087257.364490,50,9.575844,1.096672
worker_3,393,1788087257.374082,50,9.581195,1.098656
worker_3,394,1788087257.383680,50,9.569844,1.100800
worker_3,395,1788087257.393266,50,9.561492,1.097248
worker_3,396,1788087257.402844,50,9.580491,1.103680
worker_3,397,1788087257.412442,50,9.793688,1.098336
worker_3,398,1788087257.422286,50,9.572584,1.098432
worker_3,399,1788087257.431909,50,9.535333,1.098656
worker_3,400,1788087257.441506,50,9.540361,1.098944
worker_3,401,1788087257.451098,50,9.526732,1.097504
worker_3,402,1788087257.460675,50,9.538612,1.098624
worker_3,403,1788087257.470262,50,9.560085,1.096480
worker_3,404,1788087257.479869,50,9.550473,1.096032
worker_3,405,1788087257.489467,50,9.526298,1.097216
worker_3,406,1788087257.499041,50,9.564538,1.097952
worker_3,407,1788087257.508654,50,9.519037,1.097280
worker_3,408,1788087257.518221,50,9.529140,1.097376
worker_3,409,1788087257.527798,50,9.534278,1.099296
worker_3,410,1788087257.537381,50,9.341221,1.097504
worker_3,411,1788087257.546749,50,9.555251,1.099328
worker_3,412,1788087257.556323,50,9.772059,1.097568
worker_3,413,1788087257.566144,50,9.532167,1.096224
worker_3,414,1788087257.575724,50,9.669215,1.102400
worker_3,415,1788087257.585441,50,9.570649,1.096704
worker_3,416,1788087257.595058,50,9.507001,1.097408
worker_3,417,1788087257.604613,50,9.578278,1.097152
worker_3,418,1788087257.614240,50,9.542241,1.097152
worker_3,419,1788087257.623846,50,9.306581,1.096576
worker_3,420,1788087257.633179,50,9.710270,1.097120
worker_3,421,1788087257.642937,50,9.411953,1.097312
worker_3,422,1788087257.652375,50,9.613047,1.102752
worker_3,423,1788087257.662037,50,9.327980,1.097536
worker_3,424,1788087257.671391,50,9.558908,1.099872
worker_3,425,1788087257.680971,50,9.559593,1.098592
worker_3,426,1788087257.690548,50,9.782595,1.098752
worker_3,427,1788087257.700378,50,9.485054,1.098912
worker_3,428,1788087257.709889,50,9.684611,1.098528
worker_3,429,1788087257.719622,50,9.423757,1.098976
worker_3,430,1788087257.729072,50,9.610983,1.096544
worker_3,431,1788087257.738734,50,9.336443,1.096352
worker_3,432,1788087257.748096,50,9.753003,1.095552
worker_3,433,1788087257.757896,50,9.328767,1.096512
worker_3,434,1788087257.767251,50,9.795280,1.097984
worker_3,435,1788087257.777095,50,9.324628,1.098464
worker_3,436,1788087257.786446,50,9.809734,1.097920
worker_3,437,1788087257.796303,50,9.335701,1.108960
worker_3,438,1788087257.805668,50,9.763140,1.098048
worker_3,439,1788087257.815492,50,9.309423,1.096928
worker_3,440,1788087257.824829,50,9.766845,1.098336
worker_3,441,1788087257.834645,50,9.332517,1.098912
worker_3,442,1788087257.844002,50,9.776650,1.098240
worker_3,443,1788087257.853827,50,9.325064,1.096128
worker_3,444,1788087257.863178,50,9.759095,1.096800
worker_3,445,1788087257.872985,50,9.342155,1.097760
worker_3,446,1788087257.882354,50,9.770938,1.097440
worker_3,447,1788087257.892174,50,9.325267,1.104608
worker_3,448,1788087257.901525,50,9.758309,1.097312
worker_3,449,1788087257.911331,50,9.328953,1.098784
worker_3,450,1788087257.920688,50,9.543621,1.096544
worker_3,451,1788087257.930250,50,9.566075,1.097600
worker_3,452,1788087257.939834,50,9.791633,1.112352
worker_3,453,1788087257.949674,50,9.328776,1.097792
worker_3,454,1788087257.959030,50,9.766577,1.096832
worker_3,455,1788087257.968845,50,9.326249,1.098848
worker_3,456,1788087257.978196,50,9.771696,1.098496
worker_3,457,1788087257.988019,50,9.329721,1.106048
worker_3,458,1788087257.997390,50,9.791383,1.097696
worker_3,459,1788087258.007229,50,9.343990,1.099712
worker_3,460,1788087258.016600,50,9.761929,1.096704
worker_3,461,1788087258.026409,50,9.353119,1.098720
worker_3,462,1788087258.035789,50,9.753299,1.096960
worker_3,463,1788087258.045593,50,9.323739,1.099072
worker_3,464,1788087258.055017,50,9.691761,1.100064
worker_3,465,1788087258.064757,50,9.331832,1.099104
worker_3,466,1788087258.074115,50,9.757928,1.096864
worker_3,467,1788087258.083922,50,9.356721,1.098784
worker_3,468,1788087258.093305,50,9.758911,1.097568
worker_3,469,1788087258.103112,50,9.343258,1.097536
worker_3,470,1788087258.112482,50,9.757336,1.098624
worker_3,471,1788087258.122289,50,9.334749,1.097728
worker_3,472,1788087258.131650,50,9.799309,1.098976
worker_3,473,1788087258.141499,50,9.317979,1.096640
worker_3,474,1788087258.150843,50,9.782706,1.097440
worker_3,475,1788087258.160673,50,9.321619,1.098752
worker_3,476,1788087258.170021,50,9.562649,1.099424
worker_3,477,1788087258.179604,50,9.568658,1.098784
worker_3,478,1788087258.189203,50,9.770067,1.098144
worker_3,479,1788087258.199023,50,9.328600,1.098656
worker_3,480,1788087258.208380,50,9.769993,1.096064
worker_3,481,1788087258.218201,50,9.335813,1.098816
worker_3,482,1788087258.227563,50,9.770140,1.100128
worker_3,483,1788087258.237382,50,9.341841,1.097824
worker_3,484,1788087258.246750,50,9.770298,1.099488
worker_3,485,1788087258.256570,50,9.317904,1.097184
worker_3,486,1788087258.265915,50,9.769705,1.097120
worker_3,487,1788087258.275734,50,9.314813,1.099104
worker_3,488,1788087258.285078,50,9.769410,1.098048
worker_3,489,1788087258.294896,50,9.336184,1.097984
worker_3,490,1788087258.304262,50,9.762225,1.097696
worker_3,491,1788087258.314073,50,9.529324,1.098208
worker_3,492,1788087258.323651,50,9.540214,1.098880
worker_3,493,1788087258.333240,50,9.542028,1.099296
worker_3,494,1788087258.342829,50,9.547399,1.096032
worker_3,495,1788087258.352429,50,9.558508,1.103904
worker_3,496,1788087258.362036,50,9.531037,1.097824
worker_3,497,1788087258.371627,50,9.311617,1.098688
worker_3,498,1788087258.380965,50,9.784401,1.097760
worker_3,499,1788087258.390798,50,9.330146,1.098688
worker_3,500,1788087258.400154,50,9.770510,1.098688
worker_3,501,1788087258.409974,50,9.308081,1.098112
worker_3,502,1788087258.419308,50,9.568038,1.105312
worker_3,503,1788087258.428897,50,9.558427,1.097024
worker_3,504,1788087258.438475,50,9.816030,1.096416
worker_3,505,1788087258.448342,50,9.319034,1.097504
worker_3,506,1788087258.457689,50,9.762751,1.096928
worker_3,507,1788087258.467502,50,9.327905,1.099808
worker_3,508,1788087258.476857,50,9.549638,1.096288
worker_3,509,1788087258.486425,50,9.566065,1.098656
worker_3,510,1788087258.496010,50,9.569509,1.099904
worker_3,511,1788087258.505597,50,9.778309,1.099456
worker_3,512,1788087258.515424,50,9.332675,1.099520
worker_3,513,1788087258.524783,50,9.764410,1.098656
worker_3,514,1788087258.534596,50,9.337081,1.097568
worker_3,515,1788087258.543960,50,9.559722,1.097888
worker_3,516,1788087258.553541,50,9.553176,1.098144
worker_3,517,1788087258.563117,50,9.786419,1.098848
worker_3,518,1788087258.572954,50,9.417647,1.097088
worker_3,519,1788087258.582400,50,9.706447,1.099424
worker_3,520,1788087258.592155,50,9.446674,1.098720
worker_3,521,1788087258.601628,50,9.759974,1.096672
worker_3,522,1788087258.611438,50,9.334655,1.097600
worker_3,523,1788087258.620798,50,9.663760,1.099040
worker_3,524,1788087258.630512,50,9.440202,1.098144
worker_3,525,1788087258.639978,50,9.788576,1.098432
worker_3,526,1788087258.649814,50,9.170932,1.097568
worker_3,527,1788087258.659011,50,9.598103,1.098304
worker_3,528,1788087258.668659,50,9.483481,1.098592
worker_3,529,1788087258.678169,50,9.791058,1.098080
worker_3,530,1788087258.688009,50,9.330193,1.104896
worker_3,531,1788087258.697366,50,9.789225,1.098304
worker_3,532,1788087258.707204,50,9.315016,1.097696
worker_3,533,1788087258.716546,50,9.761955,1.096832
worker_3,534,1788087258.726357,50,9.339971,1.099520
worker_3,535,1788087258.735724,50,9.783271,1.097792
worker_3,536,1788087258.745569,50,9.310081,1.098848
worker_3,537,1788087258.754907,50,9.763762,1.097664
worker_3,538,1788087258.764720,50,9.324924,1.098080
worker_3,539,1788087258.774072,50,9.784234,1.097856
worker_3,540,1788087258.783907,50,9.358026,1.099520
worker_3,541,1788087258.793294,50,9.757881,1.096480
worker_3,542,1788087258.803101,50,9.343101,1.101248
worker_3,543,1788087258.812471,50,9.781049,1.097632
worker_3,544,1788087258.822301,50,9.318388,1.096640
worker_3,545,1788087258.831646,50,9.791650,1.097184
worker_3,546,1788087258.841486,50,9.316054,1.096384
worker_3,547,1788087258.850830,50,9.799355,1.098528
worker_3,548,1788087258.860679,50,9.305055,1.098048
worker_3,549,1788087258.870012,50,9.770170,1.098528
worker_3,550,1788087258.879832,50,9.319128,1.098176
worker_3,551,1788087258.889177,50,9.770114,1.096384
worker_3,552,1788087258.898995,50,9.320397,1.096640
worker_3,553,1788087258.908343,50,9.607251,1.096512
worker_3,554,1788087258.918000,50,9.474619,1.098016
worker_3,555,1788087258.927500,50,9.788030,1.098400
worker_3,556,1788087258.937352,50,9.307081,1.098400
worker_3,557,1788087258.946686,50,9.794465,1.099040
worker_3,558,1788087258.956532,50,9.306331,1.098464
worker_3,559,1788087258.965864,50,9.762789,1.096576
worker_3,560,1788087258.975676,50,9.328064,1.101760
worker_3,561,1788087258.985031,50,9.555870,1.098400
worker_3,562,1788087258.994606,50,9.798928,1.098688
worker_3,563,1788087259.004453,50,9.319534,1.097664
worker_3,564,1788087259.013797,50,9.552675,1.097248
worker_3,565,1788087259.023370,50,9.589149,1.099808
worker_3,566,1788087259.032978,50,9.560760,1.096640
worker_3,567,1788087259.042557,50,9.574870,1.097376
worker_3,568,1788087259.052148,50,9.579963,1.100768
worker_3,569,1788087259.061744,50,9.557389,1.097280
worker_3,570,1788087259.071320,50,9.779150,1.098336
worker_3,571,1788087259.081149,50,9.323915,1.097088
worker_3,572,1788087259.090503,50,9.553990,1.097344
worker_3,573,1788087259.100077,50,9.585547,1.102496
worker_3,574,1788087259.109680,50,9.569603,1.096096
worker_3,575,1788087259.119281,50,9.550945,1.096960
worker_3,576,1788087259.128848,50,9.584658,1.097760
worker_3,577,1788087259.138452,50,9.570472,1.099136
worker_3,578,1788087259.148043,50,9.760649,1.097312
worker_3,579,1788087259.157850,50,9.543991,1.096256
worker_3,580,1788087259.167442,50,9.550278,1.100512
worker_3,581,1788087259.177042,50,9.534602,1.100192
worker_3,582,1788087259.186624,50,9.550787,1.096768
worker_3,583,1788087259.196234,50,9.523649,1.095616
worker_3,584,1788087259.205806,50,9.544278,1.097568
worker_3,585,1788087259.215399,50,9.540667,1.099552
worker_3,586,1788087259.224988,50,9.535538,1.096608
worker_3,587,1788087259.234572,50,9.528130,1.097568
worker_3,588,1788087259.244147,50,9.531056,1.096384
worker_3,589,1788087259.253725,50,9.391239,1.098240
worker_3,590,1788087259.263165,50,9.473889,1.100096
worker_3,591,1788087259.272668,50,9.758355,1.097920
worker_3,592,1788087259.282476,50,9.325962,1.098144
worker_3,593,1788087259.291831,50,9.768086,1.101856
worker_3,594,1788087259.301648,50,9.332582,1.097248
worker_3,595,1788087259.311021,50,9.751272,1.098880
worker_3,596,1788087259.320820,50,9.328860,1.097568
worker_3,597,1788087259.330177,50,9.776494,1.096064
worker_3,598,1788087259.340001,50,9.326739,1.098976
worker_3,599,1788087259.349356,50,9.768596,1.096800
worker_3,600,1788087259.359174,50,9.337832,1.098624
worker_3,601,1788087259.368541,50,9.773688,1.098080
worker_3,602,1788087259.378363,50,9.325453,1.098272
worker_3,603,1788087259.387716,50,9.767651,1.096128
worker_3,604,1788087259.397533,50,9.327397,1.099552
worker_3,605,1788087259.406888,50,9.625409,1.104576
worker_3,606,1788087259.416562,50,9.498408,1.098080
worker_3,607,1788087259.426088,50,9.552890,1.097504
worker_3,608,1788087259.435661,50,9.575418,1.097504
worker_3,609,1788087259.445254,50,9.566352,1.097408
worker_3,610,1788087259.454837,50,9.801550,1.100736
worker_3,611,1788087259.464688,50,9.332823,1.099264
worker_3,612,1788087259.474049,50,9.552815,1.098560
worker_3,613,1788087259.483624,50,9.785002,1.099200
worker_3,614,1788087259.493467,50,9.315406,1.098304
worker_3,615,1788087259.502809,50,9.812677,1.097440
worker_3,616,1788087259.512669,50,9.285822,1.096544
worker_3,617,1788087259.521982,50,9.555870,1.097792
worker_3,618,1788087259.531632,50,9.497833,1.101952
worker_3,619,1788087259.541152,50,9.784428,1.098432
worker_3,620,1788087259.550986,50,9.322765,1.097728
worker_3,621,1788087259.560334,50,9.771289,1.098336
worker_3,622,1788087259.570155,50,9.474916,1.097728
worker_3,623,1788087259.579659,50,9.786382,1.100608
worker_3,624,1788087259.589494,50,9.315628,1.098976
worker_3,625,1788087259.598837,50,9.804280,1.096160
worker_3,626,1788087259.608689,50,9.298758,1.096896
worker_3,627,1788087259.618017,50,9.780178,1.098176
worker_3,628,1788087259.627846,50,9.331970,1.098144
worker_3,629,1788087259.637206,50,9.774475,1.096448
worker_3,630,1788087259.647029,50,9.253043,1.098048
worker_3,631,1788087259.656310,50,9.770956,1.097536
worker_3,632,1788087259.666129,50,9.224710,1.098304
worker_3,633,1788087259.675381,50,9.752039,1.096832
worker_3,634,1788087259.685196,50,9.336507,1.098176
worker_3,635,1788087259.694562,50,9.551453,1.100096
worker_3,636,1788087259.704132,50,9.565334,1.098432
worker_3,637,1788087259.713715,50,9.561390,1.096768
worker_3,638,1788087259.723294,50,9.792169,1.097664
worker_3,639,1788087259.733134,50,9.339442,1.097472
worker_3,640,1788087259.742499,50,9.775733,1.097760
worker_3,641,1788087259.752324,50,9.340387,1.103296
worker_3,642,1788087259.761690,50,9.777011,1.098208
worker_3,643,1788087259.771517,50,9.342693,1.099488
worker_3,644,1788087259.780885,50,9.759215,1.096448
worker_3,645,1788087259.790694,50,9.331702,1.098112
worker_3,646,1788087259.800051,50,9.574093,1.109216
worker_3,647,1788087259.809646,50,9.560556,1.098080
worker_3,648,1788087259.819223,50,9.565667,1.098272
worker_3,649,1788087259.828805,50,9.784401,1.097568
worker_3,650,1788087259.838641,50,9.321980,1.096352
worker_3,651,1788087259.847990,50,9.780614,1.098080
worker_3,652,1788087259.857820,50,9.321572,1.097792
worker_3,653,1788087259.867180,50,9.759261,1.097632
worker_3,654,1788087259.876987,50,9.339091,1.098656
worker_3,655,1788087259.886353,50,9.767826,1.098720
worker_3,656,1788087259.896170,50,9.315841,1.097344
worker_3,657,1788087259.905514,50,9.760225,1.096544
worker_3,658,1788087259.915321,50,9.325702,1.097696
worker_3,659,1788087259.924676,50,9.556102,1.098080
worker_3,660,1788087259.934250,50,9.577815,1.098528
worker_3,661,1788087259.943845,50,9.779298,1.098240
worker_3,662,1788087259.953672,50,9.327183,1.098080
worker_3,663,1788087259.963028,50,9.766789,1.098912
worker_3,664,1788087259.972842,50,9.328045,1.096608
worker_3,665,1788087259.982197,50,9.769908,1.097024
worker_3,666,1788087259.992015,50,9.335832,1.100640
worker_3,667,1788087260.001379,50,9.766493,1.096000
worker_3,668,1788087260.011194,50,9.335934,1.099456
worker_3,669,1788087260.020557,50,9.756002,1.097216
worker_3,670,1788087260.030363,50,9.349804,1.097472
worker_3,671,1788087260.039739,50,9.767086,1.100800
worker_3,672,1788087260.049555,50,9.340851,1.096480
worker_3,673,1788087260.058937,50,9.754124,1.097600
worker_3,674,1788087260.068739,50,9.335702,1.098272
worker_3,675,1788087260.078102,50,9.764383,1.096672
worker_3,676,1788087260.087915,50,9.354766,1.098368
worker_3,677,1788087260.097297,50,9.765474,1.098016
worker_3,678,1788087260.107112,50,9.333044,1.099520
worker_3,679,1788087260.116472,50,9.788900,1.097952
worker_3,680,1788087260.126310,50,9.313369,1.099072
worker_3,681,1788087260.135651,50,9.775762,1.098528
worker_3,682,1788087260.145477,50,9.325803,1.097024
worker_3,683,1788087260.154830,50,9.609844,1.098464
worker_3,684,1788087260.164492,50,9.474638,1.098272
worker_3,685,1788087260.173994,50,9.774826,1.098464
worker_3,686,1788087260.183820,50,9.334610,1.099840
worker_3,687,1788087260.193181,50,9.764345,1.097952
worker_3,688,1788087260.202995,50,9.328211,1.096576
worker_3,689,1788087260.212352,50,9.757150,1.096960
worker_3,690,1788087260.222159,50,9.329527,1.097536
worker_3,691,1788087260.231516,50,9.807558,1.097440
worker_3,692,1788087260.241372,50,9.284064,1.098624
worker_3,693,1788087260.250682,50,9.785308,1.098848
worker_3,694,1788087260.260532,50,9.312323,1.096576
worker_3,695,1788087260.269870,50,9.771214,1.098784
worker_3,696,1788087260.279691,50,9.327350,1.096192
worker_3,697,1788087260.289046,50,9.757373,1.097952
worker_3,698,1788087260.298853,50,9.331887,1.098048
worker_3,699,1788087260.308220,50,9.767780,1.097792
worker_3,700,1788087260.318038,50,9.326221,1.097760
worker_3,701,1788087260.327391,50,9.760566,1.097760
worker_3,702,1788087260.337201,50,9.336934,1.097280
worker_3,703,1788087260.346566,50,9.774096,1.097344
worker_3,704,1788087260.356390,50,9.323962,1.099392
worker_3,705,1788087260.365741,50,9.764890,1.098176
worker_3,706,1788087260.375555,50,9.328721,1.098688
worker_3,707,1788087260.384911,50,9.769512,1.096576
worker_3,708,1788087260.394731,50,9.330479,1.096800
worker_3,709,1788087260.404087,50,9.609871,1.098912
worker_3,710,1788087260.413749,50,9.478749,1.098528
worker_3,711,1788087260.423256,50,9.763503,1.099456
worker_3,712,1788087260.433070,50,9.325063,1.099168
worker_3,713,1788087260.442421,50,9.760113,1.095904
worker_3,714,1788087260.452256,50,9.306119,1.097856
worker_3,715,1788087260.461590,50,9.761318,1.098464
worker_3,716,1788087260.471401,50,9.403610,1.101120
worker_3,717,1788087260.480831,50,9.869716,1.097952
worker_3,718,1788087260.490751,50,9.332813,1.097664
worker_3,719,1788087260.500111,50,9.761919,1.097408
worker_3,720,1788087260.509921,50,9.330887,1.096672
worker_3,721,1788087260.519279,50,9.775614,1.098656
worker_3,722,1788087260.529103,50,9.174867,1.098528
worker_3,723,1788087260.538303,50,9.776678,1.097344
worker_3,724,1788087260.548130,50,9.324739,1.098432
worker_3,725,1788087260.557481,50,9.761141,1.096384
worker_3,726,1788087260.567293,50,9.332814,1.098144
worker_3,727,1788087260.576652,50,9.921948,1.097120
worker_3,728,1788087260.586625,50,9.195061,1.096672
worker_3,729,1788087260.595846,50,9.912937,1.097824
worker_3,730,1788087260.605810,50,9.304117,1.097216
worker_3,731,1788087260.615140,50,9.573565,1.097856
worker_3,732,1788087260.624736,50,9.417119,1.099392
worker_3,733,1788087260.634182,50,9.553297,1.098240
worker_3,734,1788087260.643754,50,9.590380,1.098176
worker_3,735,1788087260.653361,50,9.579261,1.097856
worker_3,736,1788087260.662957,50,9.565510,1.098592
worker_3,737,1788087260.672541,50,9.579760,1.097664
worker_3,738,1788087260.682137,50,9.564574,1.096128
worker_3,739,1788087260.691718,50,9.579103,1.097344
worker_3,740,1788087260.701314,50,9.566361,1.098176
worker_3,741,1788087260.710901,50,9.785410,1.098496
worker_3,742,1788087260.720736,50,9.536120,1.097888
worker_3,743,1788087260.730321,50,9.557500,1.096544
worker_3,744,1788087260.739928,50,9.538001,1.099552
worker_3,745,1788087260.749517,50,9.531741,1.099296
worker_3,746,1788087260.759101,50,9.348657,1.096512
worker_3,747,1788087260.768478,50,9.542658,1.096992
worker_3,748,1788087260.778040,50,9.581409,1.096640
worker_3,749,1788087260.787639,50,9.566778,1.098240
worker_3,750,1788087260.797223,50,9.566389,1.098144
worker_3,751,1788087260.806805,50,9.768642,1.097760
worker_3,752,1788087260.816622,50,9.546537,1.097216
worker_3,753,1788087260.826233,50,9.516584,1.098624
worker_3,754,1788087260.835798,50,9.556853,1.097536
worker_3,755,1788087260.845402,50,9.532733,1.095872
worker_3,756,1788087260.854984,50,9.341231,1.097536
worker_3,757,1788087260.864354,50,9.545001,1.099264
worker_3,758,1788087260.873917,50,9.583991,1.098688
worker_3,759,1788087260.883519,50,9.559603,1.098304
worker_3,760,1788087260.893095,50,9.565779,1.096448
worker_3,761,1788087260.902680,50,9.562770,1.097376
worker_3,762,1788087260.912259,50,9.785957,1.097984
worker_3,763,1788087260.922092,50,9.540871,1.099072
worker_3,764,1788087260.931682,50,9.543574,1.098176
worker_3,765,1788087260.941273,50,9.392268,1.098144
worker_3,766,1788087260.950718,50,9.483324,1.097888
worker_3,767,1788087260.960234,50,9.539805,1.098688
worker_3,768,1788087260.969795,50,9.570945,1.098176
worker_3,769,1788087260.979390,50,9.581177,1.102144
worker_3,770,1788087260.988995,50,9.553805,1.098080
worker_3,771,1788087260.998570,50,9.578629,1.098272
worker_3,772,1788087261.008260,50,9.473583,1.099008
worker_3,773,1788087261.017757,50,9.760937,1.097600
worker_3,774,1788087261.027568,50,9.546917,1.098720
worker_3,775,1788087261.037163,50,9.322924,1.097792
worker_3,776,1788087261.046519,50,9.552065,1.098432
worker_3,777,1788087261.056091,50,9.571539,1.101728
worker_3,778,1788087261.065680,50,9.569844,1.098944
worker_3,779,1788087261.075266,50,9.582658,1.095968
worker_3,780,1788087261.084874,50,9.576380,1.099232
worker_3,781,1788087261.094471,50,9.563825,1.096576
worker_3,782,1788087261.104058,50,9.593501,1.108032
worker_3,783,1788087261.113672,50,9.566473,1.098848
worker_3,784,1788087261.123256,50,9.787336,1.098848
worker_3,785,1788087261.133094,50,9.551862,1.096448
worker_3,786,1788087261.142696,50,9.369998,1.096352
worker_3,787,1788087261.152117,50,9.473472,1.096160
worker_3,788,1788087261.161619,50,9.555564,1.097472
worker_3,789,1788087261.171196,50,9.566675,1.100224
worker_3,790,1788087261.180780,50,9.567138,1.102432
worker_3,791,1788087261.190363,50,9.577481,1.096672
worker_3,792,1788087261.199966,50,9.560787,1.099456
worker_3,793,1788087261.209544,50,9.563962,1.097056
worker_3,794,1788087261.219124,50,9.602704,1.099808
worker_3,795,1788087261.228742,50,9.794873,1.096352
worker_3,796,1788087261.238588,50,9.542213,1.096928
worker_3,797,1788087261.248179,50,9.531176,1.096448
worker_3,798,1788087261.257759,50,9.533305,1.099904
worker_3,799,1788087261.267342,50,9.540899,1.102208
worker_3,800,1788087261.276932,50,9.331304,1.100352
worker_3,801,1788087261.286290,50,9.551185,1.098336
worker_3,802,1788087261.295860,50,9.561093,1.097536
worker_3,803,1788087261.305439,50,9.563111,1.098240
worker_3,804,1788087261.315022,50,9.558509,1.098560
worker_3,805,1788087261.324598,50,9.568815,1.098304
worker_3,806,1788087261.334183,50,9.791355,1.097792
worker_3,807,1788087261.344024,50,9.537954,1.104352
worker_3,808,1788087261.353613,50,9.541723,1.096096
worker_3,809,1788087261.363204,50,9.535843,1.098048
worker_3,810,1788087261.372791,50,9.534084,1.096832
worker_3,811,1788087261.382388,50,9.329823,1.097760
worker_3,812,1788087261.391747,50,9.553557,1.101856
worker_3,813,1788087261.401320,50,9.559066,1.099200
worker_3,814,1788087261.410897,50,9.567288,1.098784
worker_3,815,1788087261.420480,50,9.584334,1.099136
worker_3,816,1788087261.430080,50,9.559343,1.097600
worker_3,817,1788087261.439656,50,9.803022,1.097216
worker_3,818,1788087261.449509,50,9.535778,1.097376
worker_3,819,1788087261.459094,50,9.550861,1.097920
worker_3,820,1788087261.468694,50,9.536574,1.098112
worker_3,821,1788087261.478280,50,9.333545,1.098432
worker_3,822,1788087261.487639,50,9.562603,1.097824
worker_3,823,1788087261.497221,50,9.562797,1.097664
worker_3,824,1788087261.506802,50,9.585316,1.098080
worker_3,825,1788087261.516404,50,9.582566,1.098400
worker_3,826,1788087261.526005,50,9.562427,1.096544
worker_3,827,1788087261.535583,50,9.785910,1.101824
worker_3,828,1788087261.545416,50,9.544788,1.097632
worker_3,829,1788087261.555008,50,9.542714,1.099200
worker_3,830,1788087261.564600,50,9.534519,1.098656
worker_3,831,1788087261.574197,50,9.313850,1.098720
worker_3,832,1788087261.583539,50,9.550279,1.098400
worker_3,833,1788087261.593108,50,9.564862,1.098496
worker_3,834,1788087261.602690,50,9.561678,1.099328
worker_3,835,1788087261.612270,50,9.556677,1.096768
worker_3,836,1788087261.621845,50,9.562297,1.097408
worker_3,837,1788087261.631424,50,9.584936,1.098592
worker_3,838,1788087261.641025,50,9.770355,1.097152
worker_3,839,1788087261.650844,50,9.558992,1.098688
worker_3,840,1788087261.660454,50,9.504520,1.095904
worker_3,841,1788087261.670008,50,9.537224,1.096864
worker_3,842,1788087261.679596,50,9.339620,1.100736
worker_3,843,1788087261.688962,50,9.551742,1.098016
worker_3,844,1788087261.698534,50,9.577557,1.099136
worker_3,845,1788087261.708130,50,9.561168,1.097184
worker_3,846,1788087261.717709,50,9.566011,1.098304
worker_3,847,1788087261.727291,50,9.579769,1.100480
worker_3,848,1788087261.736890,50,9.560279,1.099040
worker_3,849,1788087261.746467,50,9.812615,1.097952
worker_3,850,1788087261.756347,50,9.523556,1.104320
worker_3,851,1788087261.765920,50,9.554102,1.099040
worker_3,852,1788087261.775522,50,9.379462,1.096640
worker_3,853,1788087261.784954,50,9.496379,1.098400
worker_3,854,1788087261.794477,50,9.561390,1.099136
worker_3,855,1788087261.804056,50,9.579704,1.096576
worker_3,856,1788087261.813653,50,9.570001,1.097504
worker_3,857,1788087261.823239,50,9.565427,1.098144
worker_3,858,1788087261.832821,50,9.600102,1.097824
worker_3,859,1788087261.842437,50,9.573473,1.098880
worker_3,860,1788087261.852026,50,9.792947,1.105024
worker_3,861,1788087261.861870,50,9.538278,1.098336
worker_3,862,1788087261.871459,50,9.526574,1.097952
worker_3,863,1788087261.881034,50,9.542888,1.098336
worker_3,864,1788087261.890627,50,9.329849,1.097792
worker_3,865,1788087261.899985,50,9.561796,1.098912
worker_3,866,1788087261.909565,50,9.570593,1.098752
worker_3,867,1788087261.919155,50,9.562843,1.098176
worker_3,868,1788087261.928737,50,9.580593,1.098528
worker_3,869,1788087261.938333,50,9.573352,1.097152
worker_3,870,1788087261.947929,50,9.556574,1.101472
worker_3,871,1788087261.957502,50,9.786891,1.096640
worker_3,872,1788087261.967340,50,9.564482,1.097792
worker_3,873,1788087261.976953,50,9.492519,1.097728
worker_3,874,1788087261.986495,50,9.542102,1.096704
worker_3,875,1788087261.996085,50,9.334739,1.098592
worker_3,876,1788087262.005444,50,9.562112,1.098400
worker_3,877,1788087262.015025,50,9.559000,1.098464
worker_3,878,1788087262.024600,50,9.567825,1.098592
worker_3,879,1788087262.034184,50,9.585880,1.097792
worker_3,880,1788087262.043788,50,9.568306,1.104224
worker_3,881,1788087262.053372,50,9.587491,1.096640
worker_3,882,1788087262.062976,50,9.776799,1.096288
worker_3,883,1788087262.072801,50,9.535722,1.096896
worker_3,884,1788087262.082387,50,9.552371,1.098208
worker_3,885,1788087262.091988,50,9.559177,1.102752
worker_3,886,1788087262.101598,50,9.528102,1.098400
worker_3,887,1788087262.111174,50,9.541666,1.096448
worker_3,888,1788087262.120765,50,9.531370,1.097152
worker_3,889,1788087262.130359,50,9.526574,1.097216
worker_3,890,1788087262.139934,50,9.550991,1.098528
worker_3,891,1788087262.149533,50,9.392840,1.096800
worker_3,892,1788087262.158978,50,9.477323,1.095744
worker_3,893,1788087262.168480,50,9.765891,1.097024
worker_3,894,1788087262.178296,50,9.347081,1.096512
worker_3,895,1788087262.187669,50,9.768113,1.100064
worker_3,896,1788087262.197488,50,9.344535,1.097376
worker_3,897,1788087262.206858,50,9.767890,1.097248
worker_3,898,1788087262.216677,50,9.319293,1.098304
worker_3,899,1788087262.226023,50,9.778446,1.098144
worker_3,900,1788087262.235853,50,9.320063,1.099584
worker_3,901,1788087262.245200,50,9.786900,1.098016
worker_3,902,1788087262.255038,50,9.320655,1.098624
worker_3,903,1788087262.264384,50,9.767714,1.095968
worker_3,904,1788087262.274201,50,9.340730,1.097504
worker_3,905,1788087262.283571,50,9.779845,1.100384
worker_3,906,1788087262.293400,50,9.327822,1.096544
worker_3,907,1788087262.302754,50,9.784900,1.096864
worker_3,908,1788087262.312588,50,9.314100,1.098496
worker_3,909,1788087262.321940,50,9.755706,1.097984
worker_3,910,1788087262.331745,50,9.322220,1.096512
worker_3,911,1788087262.341093,50,9.775363,1.096736
worker_3,912,1788087262.350918,50,9.325461,1.097344
worker_3,913,1788087262.360269,50,9.794197,1.097920
worker_3,914,1788087262.370114,50,9.317599,1.097600
worker_3,915,1788087262.379457,50,9.769910,1.103328
worker_3,916,1788087262.389276,50,9.329536,1.096832
worker_3,917,1788087262.398632,50,9.614723,1.097952
worker_3,918,1788087262.408298,50,9.466694,1.097472
worker_3,919,1788087262.417790,50,9.776058,1.096928
worker_3,920,1788087262.427617,50,9.318988,1.097792
worker_3,921,1788087262.436962,50,9.768901,1.096704
worker_3,922,1788087262.446781,50,9.320684,1.097792
worker_3,923,1788087262.456127,50,9.767761,1.097376
worker_3,924,1788087262.465946,50,9.325582,1.098080
worker_3,925,1788087262.475300,50,9.774706,1.098656
worker_3,926,1788087262.485202,50,9.266729,1.097472
worker_3,927,1788087262.494498,50,9.776446,1.098912
worker_3,928,1788087262.504339,50,9.315674,1.098880
worker_3,929,1788087262.513680,50,9.772289,1.097664
worker_3,930,1788087262.523503,50,9.316035,1.099424
worker_3,931,1788087262.532846,50,9.578816,1.098208
worker_3,932,1788087262.542444,50,9.583103,1.098112
worker_3,933,1788087262.552045,50,9.571973,1.098400
worker_3,934,1788087262.561635,50,9.778225,1.098144
worker_3,935,1788087262.571463,50,9.340656,1.099904
worker_3,936,1788087262.580831,50,9.765633,1.098880
worker_3,937,1788087262.590646,50,9.333101,1.097504
worker_3,938,1788087262.600008,50,9.758984,1.097376
worker_3,939,1788087262.609818,50,9.327258,1.098592
worker_3,940,1788087262.619172,50,9.562427,1.104416
worker_3,941,1788087262.628753,50,9.555362,1.098144
worker_3,942,1788087262.638326,50,9.808568,1.097376
worker_3,943,1788087262.648184,50,9.343721,1.105152
worker_3,944,1788087262.657556,50,9.553926,1.097824
worker_3,945,1788087262.667129,50,9.563463,1.101856
worker_3,946,1788087262.676711,50,9.561741,1.098880
worker_3,947,1788087262.686289,50,9.574881,1.098048
worker_3,948,1788087262.695887,50,9.565733,1.096864
worker_3,949,1788087262.705469,50,9.566465,1.098528
worker_3,950,1788087262.715052,50,9.800355,1.099584
worker_3,951,1788087262.724900,50,9.530825,1.096864
worker_3,952,1788087262.734481,50,9.538640,1.097856
worker_3,953,1788087262.744069,50,9.545316,1.098400
worker_3,954,1788087262.753664,50,9.538705,1.095776
worker_3,955,1788087262.763252,50,9.546167,1.097120
worker_3,956,1788087262.772848,50,9.536492,1.097472
worker_3,957,1788087262.782434,50,9.546612,1.096128
worker_3,958,1788087262.792032,50,9.543186,1.105536
worker_3,959,1788087262.801624,50,9.544093,1.098048
worker_3,960,1788087262.811218,50,9.532250,1.097728
worker_3,961,1788087262.820800,50,9.538639,1.096352
worker_3,962,1788087262.830388,50,9.349990,1.097280
worker_3,963,1788087262.839765,50,9.764124,1.100928
worker_3,964,1788087262.849578,50,9.324869,1.099232
worker_3,965,1788087262.858929,50,9.777142,1.097952
worker_3,966,1788087262.868757,50,9.318092,1.098176
worker_3,967,1788087262.878113,50,9.755003,1.098304
worker_3,968,1788087262.887917,50,9.320925,1.096224
worker_3,969,1788087262.897264,50,9.598529,1.096224
worker_3,970,1788087262.906914,50,9.475121,1.098336
worker_3,971,1788087262.916415,50,9.768622,1.098016
worker_3,972,1788087262.926232,50,9.327925,1.096608
worker_3,973,1788087262.935588,50,9.763289,1.095840
worker_3,974,1788087262.945400,50,9.320118,1.098272
worker_3,975,1788087262.954748,50,9.781456,1.101568
worker_3,976,1788087262.964581,50,9.329231,1.097888
worker_3,977,1788087262.973936,50,9.759447,1.096320
worker_3,978,1788087262.983747,50,9.330277,1.098688
worker_3,979,1788087262.993105,50,9.763216,1.097408
worker_3,980,1788087263.002918,50,9.332860,1.096256
worker_3,981,1788087263.012277,50,9.766401,1.096224
worker_3,982,1788087263.022092,50,9.335620,1.096704
worker_3,983,1788087263.031455,50,9.775198,1.098240
worker_3,984,1788087263.041281,50,9.320277,1.098304
worker_3,985,1788087263.050629,50,9.771096,1.097184
worker_3,986,1788087263.060450,50,9.326665,1.098240
worker_3,987,1788087263.069817,50,9.752558,1.098400
worker_3,988,1788087263.079621,50,9.313407,1.098944
worker_3,989,1788087263.088962,50,9.778484,1.098112
worker_3,990,1788087263.098794,50,9.346193,1.098080
worker_3,991,1788087263.108168,50,9.754215,1.097280
worker_3,992,1788087263.117971,50,9.328730,1.096512
worker_3,993,1788087263.127324,50,9.758827,1.098112
worker_3,994,1788087263.137133,50,9.330045,1.099200
worker_3,995,1788087263.146491,50,9.603381,1.098048
worker_3,996,1788087263.156147,50,9.479907,1.097792
worker_3,997,1788087263.165654,50,9.761048,1.096640
worker_3,998,1788087263.175466,50,9.328127,1.098336
worker_3,999,1788087263.184820,50,9.766409,1.097600
worker_3,1000,1788087263.194634,50,9.330990,1.099264
worker_3,1001,1788087263.203992,50,9.774076,1.097824
worker_3,1002,1788087263.213818,50,9.321794,1.096512
worker_3,1003,1788087263.223167,50,9.761149,1.096384
worker_3,1004,1788087263.232977,50,9.349582,1.097600
worker_3,1005,1788087263.242355,50,9.782790,1.096864
worker_3,1006,1788087263.252201,50,9.302952,1.098400
worker_3,1007,1788087263.261532,50,9.760419,1.097280
worker_3,1008,1788087263.271341,50,9.333285,1.103392
worker_3,1009,1788087263.280703,50,9.538565,1.096544
worker_3,1010,1788087263.290261,50,9.566648,1.098592
worker_3,1011,1788087263.299846,50,9.562306,1.095904
worker_3,1012,1788087263.309425,50,9.780929,1.096832
worker_3,1013,1788087263.319255,50,9.347369,1.100672
worker_3,1014,1788087263.328631,50,9.541695,1.098560
worker_3,1015,1788087263.338193,50,9.562769,1.096256
worker_3,1016,1788087263.347775,50,9.574204,1.098880
worker_3,1017,1788087263.357366,50,9.562454,1.097728
worker_3,1018,1788087263.366947,50,9.665650,1.100576
worker_3,1019,1788087263.376632,50,9.705890,1.097696
worker_3,1020,1788087263.386387,50,9.528184,1.098656
worker_3,1021,1788087263.395965,50,9.555648,1.098240
worker_3,1022,1788087263.405570,50,9.312349,1.096320
worker_3,1023,1788087263.414909,50,9.568119,1.099328
worker_3,1024,1788087263.424497,50,9.799381,1.096640
worker_3,1025,1788087263.434346,50,9.307128,1.098592
worker_3,1026,1788087263.443688,50,9.752501,1.100288
worker_3,1027,1788087263.453491,50,9.325821,1.097760
worker_3,1028,1788087263.462846,50,9.766715,1.097632
worker_3,1029,1788087263.472662,50,9.332017,1.097632
worker_3,1030,1788087263.482021,50,9.764843,1.097088
worker_3,1031,1788087263.491835,50,9.344044,1.096832
worker_3,1032,1788087263.501207,50,9.768530,1.097952
worker_3,1033,1788087263.511025,50,9.334118,1.099552
worker_3,1034,1788087263.520389,50,9.546713,1.096928
worker_3,1035,1788087263.529955,50,9.605194,1.098176
worker_3,1036,1788087263.539588,50,9.541555,1.098848
worker_3,1037,1788087263.549151,50,9.577592,1.098496
worker_3,1038,1788087263.558746,50,9.569065,1.097248
worker_3,1039,1788087263.568332,50,9.567231,1.098400
worker_3,1040,1788087263.577917,50,9.713937,1.098176
worker_3,1041,1788087263.587646,50,9.578380,1.098528
worker_3,1042,1788087263.597240,50,9.421814,1.096704
worker_3,1043,1788087263.606677,50,9.575121,1.097824
worker_3,1044,1788087263.616269,50,9.779066,1.098528
worker_3,1045,1788087263.626112,50,9.521213,1.098592
worker_3,1046,1788087263.635683,50,9.533241,1.100960
worker_3,1047,1788087263.645265,50,9.453537,1.098688
worker_3,1048,1788087263.654769,50,9.615630,1.096096
worker_3,1049,1788087263.664433,50,9.528527,1.096928
worker_3,1050,1788087263.674012,50,9.532842,1.096960
worker_3,1051,1788087263.683594,50,9.544621,1.099680
worker_3,1052,1788087263.693187,50,9.538575,1.097920
worker_3,1053,1788087263.702774,50,9.535852,1.099232
worker_3,1054,1788087263.712360,50,9.530389,1.097568
worker_3,1055,1788087263.721940,50,9.330952,1.097120
worker_3,1056,1788087263.731297,50,9.772401,1.100896
worker_3,1057,1788087263.741121,50,9.317860,1.095936
worker_3,1058,1788087263.750464,50,9.779031,1.097184
worker_3,1059,1788087263.760295,50,9.339119,1.113152
worker_3,1060,1788087263.769661,50,9.610178,1.096288
worker_3,1061,1788087263.779323,50,9.475296,1.100160
worker_3,1062,1788087263.788824,50,9.775623,1.098272
worker_3,1063,1788087263.798651,50,9.327516,1.098784
worker_3,1064,1788087263.808005,50,9.766650,1.096992
worker_3,1065,1788087263.817839,50,9.307174,1.097632
worker_3,1066,1788087263.827173,50,9.789781,1.100064
worker_3,1067,1788087263.837013,50,9.322683,1.098240
worker_3,1068,1788087263.846362,50,9.777391,1.096704
worker_3,1069,1788087263.856189,50,9.328175,1.099328
worker_3,1070,1788087263.865544,50,9.761549,1.095424
worker_3,1071,1788087263.875354,50,9.326767,1.104608
worker_3,1072,1788087263.884709,50,9.760317,1.097472
worker_3,1073,1788087263.894520,50,9.330545,1.098144
worker_3,1074,1788087263.903880,50,9.762864,1.099200
worker_3,1075,1788087263.913692,50,9.326249,1.097792
worker_3,1076,1788087263.923044,50,9.774734,1.098272
worker_3,1077,1788087263.932868,50,9.324379,1.095840
worker_3,1078,1788087263.942223,50,9.750002,1.096512
worker_3,1079,1788087263.952100,50,9.266341,1.096992
worker_3,1080,1788087263.961395,50,9.757753,1.096704
worker_3,1081,1788087263.971202,50,9.352860,1.104448
worker_3,1082,1788087263.980584,50,9.764900,1.096448
worker_3,1083,1788087263.990398,50,9.322017,1.096608
worker_3,1084,1788087263.999758,50,9.766883,1.097216
worker_3,1085,1788087264.009575,50,9.330323,1.098880
worker_3,1086,1788087264.018931,50,9.606418,1.096864
worker_3,1087,1788087264.028589,50,9.478130,1.097696
worker_3,1088,1788087264.038095,50,9.552194,1.099008
worker_3,1089,1788087264.047667,50,9.786067,1.097696
worker_3,1090,1788087264.057502,50,9.335609,1.097152
worker_3,1091,1788087264.066863,50,9.787623,1.104928
worker_3,1092,1788087264.076699,50,9.337184,1.098752
worker_3,1093,1788087264.086063,50,9.751511,1.096768
worker_3,1094,1788087264.095864,50,9.335212,1.100608
worker_3,1095,1788087264.105229,50,9.755151,1.098720
worker_3,1096,1788087264.115035,50,9.334980,1.098208
worker_3,1097,1788087264.124402,50,9.758512,1.097792
worker_3,1098,1788087264.134210,50,9.339684,1.098240
worker_3,1099,1788087264.143577,50,9.604113,1.096928
worker_3,1100,1788087264.153232,50,9.475787,1.096288
worker_3,1101,1788087264.162735,50,9.778346,1.098880
worker_3,1102,1788087264.172562,50,9.557574,1.097760
worker_3,1103,1788087264.182169,50,9.520740,1.098336
worker_3,1104,1788087264.191751,50,9.533722,1.098432
worker_3,1105,1788087264.201333,50,9.546935,1.099264
worker_3,1106,1788087264.210929,50,9.544213,1.096256
worker_3,1107,1788087264.220522,50,9.316462,1.096608
worker_3,1108,1788087264.229866,50,9.760863,1.097760
worker_3,1109,1788087264.239675,50,9.327739,1.101856
worker_3,1110,1788087264.249030,50,9.767410,1.097216
worker_3,1111,1788087264.258847,50,9.321406,1.099552
worker_3,1112,1788087264.268195,50,9.616816,1.097600
worker_3,1113,1788087264.277864,50,9.478648,1.097376
worker_3,1114,1788087264.287372,50,9.756419,1.098592
worker_3,1115,1788087264.297178,50,9.350934,1.097856
worker_3,1116,1788087264.306557,50,9.776077,1.096672
worker_3,1117,1788087264.316382,50,9.337332,1.099680
worker_3,1118,1788087264.325746,50,9.757206,1.096128
worker_3,1119,1788087264.335553,50,9.332378,1.096800
worker_3,1120,1788087264.344913,50,9.779049,1.098368
worker_3,1121,1788087264.354740,50,9.324442,1.095936
worker_3,1122,1788087264.364091,50,9.786604,1.100864
worker_3,1123,1788087264.373940,50,9.321277,1.098528
worker_3,1124,1788087264.383288,50,9.764272,1.096064
worker_3,1125,1788087264.393102,50,9.343315,1.097632
worker_3,1126,1788087264.402472,50,9.782624,1.099296
worker_3,1127,1788087264.412305,50,9.319202,1.099296
worker_3,1128,1788087264.421652,50,9.757337,1.096832
worker_3,1129,1788087264.431459,50,9.323230,1.098048
worker_3,1130,1788087264.440809,50,9.777791,1.097792
worker_3,1131,1788087264.450636,50,9.320851,1.098624
worker_3,1132,1788087264.459986,50,9.767077,1.098784
worker_3,1133,1788087264.469802,50,9.326878,1.097824
worker_3,1134,1788087264.479156,50,9.758652,1.098528
worker_3,1135,1788087264.488963,50,9.323462,1.098176
worker_3,1136,1788087264.498312,50,9.774780,1.096192
worker_3,1137,1788087264.508134,50,9.318840,1.104832
worker_3,1138,1788087264.517479,50,9.620151,1.098784
worker_3,1139,1788087264.527150,50,9.474056,1.098400
worker_3,1140,1788087264.536652,50,9.760809,1.097632
worker_3,1141,1788087264.546463,50,9.327174,1.096128
worker_3,1142,1788087264.555817,50,9.549741,1.097760
worker_3,1143,1788087264.565400,50,9.565297,1.098848
worker_3,1144,1788087264.574984,50,9.738289,1.103232
worker_3,1145,1788087264.584740,50,9.428167,1.098752
worker_3,1146,1788087264.594186,50,9.556899,1.098464
worker_3,1147,1788087264.603761,50,9.574418,1.097344
worker_3,1148,1788087264.613351,50,9.568205,1.098880
worker_3,1149,1788087264.622935,50,9.577011,1.097792
worker_3,1150,1788087264.632529,50,9.786419,1.099456
worker_3,1151,1788087264.642367,50,9.520964,1.098912
worker_3,1152,1788087264.651938,50,9.560334,1.101184
worker_3,1153,1788087264.661550,50,9.519788,1.097888
worker_3,1154,1788087264.671118,50,9.334360,1.096832
worker_3,1155,1788087264.680485,50,9.549981,1.097760
worker_3,1156,1788087264.690053,50,9.562955,1.098336
worker_3,1157,1788087264.699633,50,9.563815,1.100992
worker_3,1158,1788087264.709215,50,9.568603,1.098368
worker_3,1159,1788087264.718799,50,9.564982,1.096576
worker_3,1160,1788087264.728380,50,9.781687,1.098304
worker_3,1161,1788087264.738211,50,9.547426,1.097792
worker_3,1162,1788087264.747822,50,9.514657,1.098624
worker_3,1163,1788087264.757385,50,9.532805,1.096800
worker_3,1164,1788087264.766968,50,9.548425,1.098944
worker_3,1165,1788087264.776567,50,9.531638,1.096864
worker_3,1166,1788087264.786148,50,9.533149,1.096640
worker_3,1167,1788087264.795729,50,9.528779,1.096832
worker_3,1168,1788087264.805305,50,9.536222,1.097152
worker_3,1169,1788087264.814889,50,9.539991,1.098688
worker_3,1170,1788087264.824478,50,9.563565,1.099136
worker_3,1171,1788087264.834091,50,9.498620,1.097728
worker_3,1172,1788087264.843639,50,9.327831,1.097824
worker_3,1173,1788087264.852993,50,9.781697,1.096320
worker_3,1174,1788087264.862824,50,9.339962,1.097088
worker_3,1175,1788087264.872193,50,9.785679,1.104576
worker_3,1176,1788087264.882028,50,9.327202,1.095552
worker_3,1177,1788087264.891382,50,9.609103,1.100288
worker_3,1178,1788087264.901044,50,9.475860,1.097856
worker_3,1179,1788087264.910548,50,9.560462,1.097984
worker_3,1180,1788087264.920127,50,9.773251,1.097536
worker_3,1181,1788087264.929950,50,9.328720,1.097600
worker_3,1182,1788087264.939320,50,9.761511,1.098816
worker_3,1183,1788087264.949131,50,9.315414,1.096544
worker_3,1184,1788087264.958475,50,9.789789,1.097696
worker_3,1185,1788087264.968315,50,9.315536,1.098848
worker_3,1186,1788087264.977657,50,9.757798,1.098464
worker_3,1187,1788087264.987466,50,9.335341,1.100320
worker_3,1188,1788087264.996828,50,9.765511,1.096544
worker_3,1189,1788087265.006643,50,9.324239,1.098976
worker_3,1190,1788087265.015996,50,9.777502,1.098240
worker_3,1191,1788087265.025824,50,9.316257,1.099584
worker_3,1192,1788087265.035167,50,9.767474,1.097280
worker_3,1193,1788087265.044984,50,9.339980,1.097504
worker_3,1194,1788087265.054349,50,9.776928,1.096992
worker_3,1195,1788087265.064175,50,9.354137,1.115296
worker_3,1196,1788087265.073558,50,9.771010,1.098368
worker_3,1197,1788087265.083379,50,9.322848,1.097792
worker_3,1198,1788087265.092728,50,9.762984,1.098592
worker_3,1199,1788087265.102540,50,9.325610,1.098880
worker_3,1200,1788087265.111893,50,9.770743,1.098368
worker_3,1201,1788087265.121726,50,9.303378,1.097888
worker_3,1202,1788087265.131059,50,9.772724,1.096352
worker_3,1203,1788087265.140880,50,9.325100,1.098624
worker_3,1204,1788087265.150233,50,9.563685,1.098688
worker_3,1205,1788087265.159816,50,9.566324,1.100000
worker_3,1206,1788087265.169401,50,9.776984,1.098080
worker_3,1207,1788087265.179229,50,9.325229,1.097280
worker_3,1208,1788087265.188581,50,9.777456,1.098848
worker_3,1209,1788087265.198409,50,9.336999,1.097440
worker_3,1210,1788087265.207773,50,9.765204,1.100096
worker_3,1211,1788087265.217589,50,9.337266,1.097376
worker_3,1212,1788087265.226954,50,9.762168,1.098816
worker_3,1213,1788087265.236766,50,9.334359,1.098144
worker_3,1214,1788087265.246128,50,9.778659,1.098656
worker_3,1215,1788087265.255956,50,9.324129,1.099744
worker_3,1216,1788087265.265306,50,9.620796,1.097760
worker_3,1217,1788087265.274977,50,9.486472,1.099072
worker_3,1218,1788087265.284489,50,9.768614,1.098560
worker_3,1219,1788087265.294308,50,9.338869,1.097824
worker_3,1220,1788087265.303675,50,9.769974,1.100224
worker_3,1221,1788087265.313507,50,9.324100,1.098048
worker_3,1222,1788087265.322859,50,9.774215,1.098944
worker_3,1223,1788087265.332682,50,9.317480,1.098752
worker_3,1224,1788087265.342027,50,9.772788,1.098944
worker_3,1225,1788087265.351849,50,9.323175,1.097856
worker_3,1226,1788087265.361199,50,9.773882,1.098720
worker_3,1227,1788087265.371025,50,9.322063,1.099168
worker_3,1228,1788087265.380374,50,9.762539,1.097984
worker_3,1229,1788087265.390187,50,9.335823,1.098528
worker_3,1230,1788087265.399632,50,9.682825,1.100832
worker_3,1231,1788087265.409364,50,9.326267,1.098944
worker_3,1232,1788087265.418718,50,9.752448,1.096608
worker_3,1233,1788087265.428520,50,9.331638,1.098208
worker_3,1234,1788087265.437877,50,9.758873,1.096352
worker_3,1235,1788087265.447687,50,9.337508,1.099232
worker_3,1236,1788087265.457051,50,9.763216,1.096704
worker_3,1237,1788087265.466865,50,9.324729,1.096576
worker_3,1238,1788087265.476223,50,9.749576,1.098016
worker_3,1239,1788087265.486022,50,9.333073,1.097376
worker_3,1240,1788087265.495396,50,9.760577,1.099040
worker_3,1241,1788087265.505205,50,9.327386,1.100448
worker_3,1242,1788087265.514558,50,9.601649,1.097920
worker_3,1243,1788087265.524224,50,9.466176,1.098272
worker_3,1244,1788087265.533715,50,9.767596,1.097760
worker_3,1245,1788087265.543535,50,9.337673,1.098048
worker_3,1246,1788087265.552902,50,9.760817,1.097984
worker_3,1247,1788087265.562713,50,9.357702,1.098528
worker_3,1248,1788087265.572097,50,9.554945,1.096768
worker_3,1249,1788087265.581672,50,9.564482,1.098592
worker_3,1250,1788087265.591254,50,9.583705,1.098528
worker_3,1251,1788087265.600855,50,9.563631,1.098080
worker_3,1252,1788087265.610435,50,9.589909,1.098304
worker_3,1253,1788087265.620041,50,9.571361,1.098144
worker_3,1254,1788087265.629629,50,9.568638,1.098208
worker_3,1255,1788087265.639214,50,9.593086,1.101312
worker_3,1256,1788087265.648824,50,9.570352,1.099392
worker_3,1257,1788087265.658411,50,9.772659,1.097792
worker_3,1258,1788087265.668247,50,9.535964,1.099072
worker_3,1259,1788087265.677834,50,9.513612,1.096704
worker_3,1260,1788087265.687409,50,9.540640,1.097504
worker_3,1261,1788087265.696998,50,9.541631,1.099136
worker_3,1262,1788087265.706589,50,9.533038,1.096480
worker_3,1263,1788087265.716171,50,9.558732,1.103776
worker_3,1264,1788087265.725779,50,9.536546,1.097952
worker_3,1265,1788087265.735364,50,9.534713,1.096256
worker_3,1266,1788087265.744948,50,9.543018,1.097344
worker_3,1267,1788087265.754539,50,9.335943,1.097568
worker_3,1268,1788087265.763902,50,9.609899,1.097600
worker_3,1269,1788087265.773563,50,9.466740,1.097472
worker_3,1270,1788087265.783058,50,9.571242,1.105376
worker_3,1271,1788087265.792649,50,9.774966,1.100064
worker_3,1272,1788087265.802472,50,9.333480,1.098976
worker_3,1273,1788087265.811831,50,9.772059,1.097824
worker_3,1274,1788087265.821653,50,9.318481,1.097760
worker_3,1275,1788087265.831000,50,9.788281,1.098208
worker_3,1276,1788087265.840837,50,9.326563,1.098048
worker_3,1277,1788087265.850190,50,9.769520,1.096000
worker_3,1278,1788087265.860010,50,9.349314,1.097216
worker_3,1279,1788087265.869399,50,9.753465,1.097120
worker_3,1280,1788087265.879202,50,9.324776,1.098880
worker_3,1281,1788087265.888555,50,9.754113,1.096224
worker_3,1282,1788087265.898360,50,9.347785,1.096960
worker_3,1283,1788087265.907734,50,9.781799,1.098080
worker_3,1284,1788087265.917565,50,9.325517,1.097792
worker_3,1285,1788087265.926918,50,9.772466,1.097920
worker_3,1286,1788087265.936740,50,9.327129,1.097504
worker_3,1287,1788087265.946095,50,9.764688,1.098176
worker_3,1288,1788087265.955909,50,9.349120,1.098784
worker_3,1289,1788087265.965285,50,9.767530,1.096640
worker_3,1290,1788087265.975103,50,9.340564,1.107648
worker_3,1291,1788087265.984469,50,9.781049,1.098720
worker_3,1292,1788087265.994300,50,9.326008,1.096352
worker_3,1293,1788087266.003654,50,9.601195,1.096128
worker_3,1294,1788087266.013309,50,9.473314,1.096512
worker_3,1295,1788087266.022810,50,9.572427,1.100736
worker_3,1296,1788087266.032407,50,9.774410,1.096640
worker_3,1297,1788087266.042230,50,9.334619,1.097024
worker_3,1298,1788087266.051590,50,9.760031,1.096576
worker_3,1299,1788087266.061412,50,9.309646,1.096448
worker_3,1300,1788087266.070749,50,9.775234,1.102784
worker_3,1301,1788087266.080575,50,9.329250,1.098336
worker_3,1302,1788087266.089931,50,9.764474,1.098624
worker_3,1303,1788087266.099744,50,9.325924,1.097632
worker_3,1304,1788087266.109098,50,9.774168,1.098144
worker_3,1305,1788087266.118922,50,9.323461,1.096768
worker_3,1306,1788087266.128273,50,9.598724,1.097440
worker_3,1307,1788087266.137924,50,9.484872,1.099584
worker_3,1308,1788087266.147441,50,9.765364,1.102368
worker_3,1309,1788087266.157255,50,9.333499,1.099040
worker_3,1310,1788087266.166615,50,9.764336,1.095904
worker_3,1311,1788087266.176432,50,9.323869,1.097760
worker_3,1312,1788087266.185782,50,9.763364,1.096576
worker_3,1313,1788087266.195595,50,9.321638,1.097760
worker_3,1314,1788087266.204944,50,9.774808,1.095648
worker_3,1315,1788087266.214769,50,9.320072,1.098304
worker_3,1316,1788087266.224115,50,9.778641,1.103744
worker_3,1317,1788087266.233943,50,9.324388,1.095520
worker_3,1318,1788087266.243312,50,9.753632,1.097216
worker_3,1319,1788087266.253116,50,9.327692,1.097792
worker_3,1320,1788087266.262470,50,9.628279,1.096320
worker_3,1321,1788087266.272151,50,9.491974,1.104448
worker_3,1322,1788087266.281674,50,9.754188,1.096832
worker_3,1323,1788087266.291479,50,9.322776,1.097824
worker_3,1324,1788087266.300828,50,9.772328,1.098464
worker_3,1325,1788087266.310651,50,9.340443,1.096576
worker_3,1326,1788087266.320018,50,9.768855,1.098304
worker_3,1327,1788087266.329836,50,9.330694,1.097760
worker_3,1328,1788087266.339194,50,9.760587,1.098944
worker_3,1329,1788087266.349004,50,9.328896,1.096704
worker_3,1330,1788087266.358360,50,9.762234,1.099296
worker_3,1331,1788087266.368171,50,9.334018,1.097856
worker_3,1332,1788087266.377532,50,9.607974,1.097952
worker_3,1333,1788087266.387189,50,9.480417,1.103072
worker_3,1334,1788087266.396698,50,9.748363,1.098880
worker_3,1335,1788087266.406495,50,9.350879,1.097376
worker_3,1336,1788087266.415874,50,9.755900,1.100288
worker_3,1337,1788087266.425679,50,9.358211,1.096448
worker_3,1338,1788087266.435081,50,9.711355,1.098048
worker_3,1339,1788087266.444843,50,9.329555,1.097728
worker_3,1340,1788087266.454199,50,9.772197,1.098400
worker_3,1341,1788087266.464020,50,9.338943,1.108128
worker_3,1342,1788087266.473386,50,9.794929,1.097728
worker_3,1343,1788087266.483229,50,9.320794,1.097696
worker_3,1344,1788087266.492578,50,9.773169,1.098624
worker_3,1345,1788087266.502400,50,9.343378,1.097728
worker_3,1346,1788087266.511771,50,9.753334,1.101088
worker_3,1347,1788087266.521574,50,9.343258,1.099776
worker_3,1348,1788087266.530944,50,9.757734,1.096640
worker_3,1349,1788087266.540752,50,9.331313,1.098656
worker_3,1350,1788087266.550109,50,9.776039,1.097536
worker_3,1351,1788087266.559934,50,9.320461,1.098368
worker_3,1352,1788087266.569282,50,9.766345,1.096224
worker_3,1353,1788087266.579097,50,9.487760,1.096896
worker_3,1354,1788087266.588612,50,9.544954,1.097024
worker_3,1355,1788087266.598176,50,9.557750,1.095904
worker_3,1356,1788087266.607752,50,9.479749,1.096192
worker_3,1357,1788087266.617262,50,9.504157,1.099008
worker_3,1358,1788087266.626785,50,9.563928,1.097792
worker_3,1359,1788087266.636366,50,9.561582,1.098976
worker_3,1360,1788087266.645944,50,9.572296,1.097696
worker_3,1361,1788087266.655533,50,9.576335,1.099072
worker_3,1362,1788087266.665127,50,9.573611,1.098432
worker_3,1363,1788087266.674716,50,9.569130,1.098592
worker_3,1364,1788087266.684301,50,9.775113,1.096864
worker_3,1365,1788087266.694126,50,9.528269,1.097312
worker_3,1366,1788087266.703705,50,9.544695,1.100160
worker_3,1367,1788087266.713299,50,9.533149,1.097408
worker_3,1368,1788087266.722880,50,9.540000,1.099168
worker_3,1369,1788087266.732468,50,9.531482,1.099328
worker_3,1370,1788087266.742048,50,9.531695,1.095456
worker_3,1371,1788087266.751629,50,9.558158,1.100608
worker_3,1372,1788087266.761235,50,9.518063,1.098400
worker_3,1373,1788087266.770802,50,9.565463,1.098048
worker_3,1374,1788087266.780416,50,9.347998,1.100576
worker_3,1375,1788087266.789792,50,9.766752,1.098016
worker_3,1376,1788087266.799607,50,9.333554,1.098752
worker_3,1377,1788087266.808981,50,9.762918,1.097856
worker_3,1378,1788087266.818795,50,9.333192,1.097760
worker_3,1379,1788087266.828153,50,9.766195,1.099552
worker_3,1380,1788087266.837968,50,9.332378,1.098304
worker_3,1381,1788087266.847406,50,9.688205,1.098944
worker_3,1382,1788087266.857144,50,9.330886,1.098752
worker_3,1383,1788087266.866502,50,9.785705,1.096864
worker_3,1384,1788087266.876336,50,9.327552,1.098144
worker_3,1385,1788087266.885693,50,9.547741,1.097632
worker_3,1386,1788087266.895262,50,9.626084,1.096832
worker_3,1387,1788087266.904937,50,9.486304,1.098528
worker_3,1388,1788087266.914451,50,9.557287,1.098048
worker_3,1389,1788087266.924031,50,9.557926,1.096352
worker_3,1390,1788087266.933609,50,9.567083,1.099168
worker_3,1391,1788087266.943194,50,9.793891,1.098816
worker_3,1392,1788087266.953035,50,9.332368,1.097504
worker_3,1393,1788087266.962395,50,9.566267,1.098272
worker_3,1394,1788087266.971980,50,9.561851,1.096544
worker_3,1395,1788087266.981560,50,9.576333,1.097152
worker_3,1396,1788087266.991170,50,9.553222,1.097696
worker_3,1397,1788087267.000743,50,9.587546,1.097760
worker_3,1398,1788087267.010347,50,9.786937,1.096352
worker_3,1399,1788087267.020183,50,9.332545,1.099008
worker_3,1400,1788087267.029541,50,9.757716,1.097536
worker_3,1401,1788087267.039349,50,9.323822,1.097440
worker_3,1402,1788087267.048701,50,9.759177,1.098560
worker_3,1403,1788087267.058511,50,9.338674,1.096160
worker_3,1404,1788087267.067877,50,9.771429,1.099200
worker_3,1405,1788087267.077700,50,9.330692,1.097632
worker_3,1406,1788087267.087059,50,9.771113,1.099296
worker_3,1407,1788087267.096879,50,9.338045,1.099296
worker_3,1408,1788087267.106244,50,9.766114,1.098304
worker_3,1409,1788087267.116060,50,9.336480,1.103456
worker_3,1410,1788087267.125425,50,9.609030,1.095872
worker_3,1411,1788087267.135084,50,9.518897,1.106112
worker_3,1412,1788087267.144632,50,9.754612,1.098912
worker_3,1413,1788087267.154437,50,9.335906,1.098720
worker_3,1414,1788087267.163800,50,9.789382,1.097120
worker_3,1415,1788087267.173639,50,9.325128,1.098176
worker_3,1416,1788087267.183009,50,9.769475,1.098784
worker_3,1417,1788087267.192827,50,9.326989,1.098432
worker_3,1418,1788087267.202179,50,9.752039,1.096832
worker_3,1419,1788087267.211981,50,9.339980,1.098624
worker_3,1420,1788087267.221348,50,9.776057,1.098784
worker_3,1421,1788087267.231174,50,9.331961,1.098272
worker_3,1422,1788087267.240533,50,9.768392,1.096096
worker_3,1423,1788087267.250352,50,9.334878,1.096096
worker_3,1424,1788087267.259715,50,9.757456,1.098304
worker_3,1425,1788087267.269522,50,9.327434,1.097760
worker_3,1426,1788087267.278875,50,9.789161,1.106304
worker_3,1427,1788087267.288713,50,9.323230,1.097760
worker_3,1428,1788087267.298062,50,9.787067,1.097440
worker_3,1429,1788087267.307897,50,9.337489,1.100032
worker_3,1430,1788087267.317261,50,9.764642,1.096672
worker_3,1431,1788087267.327074,50,9.329804,1.096800
worker_3,1432,1788087267.336432,50,9.759900,1.097088
worker_3,1433,1788087267.346241,50,9.346860,1.097632
worker_3,1434,1788087267.355616,50,9.768920,1.099552
worker_3,1435,1788087267.365445,50,9.325147,1.096256
worker_3,1436,1788087267.374795,50,9.612094,1.098656
worker_3,1437,1788087267.384454,50,9.479287,1.098624
worker_3,1438,1788087267.393960,50,9.758327,1.096768
worker_3,1439,1788087267.403767,50,9.362972,1.098880
worker_3,1440,1788087267.413154,50,9.756335,1.098912
worker_3,1441,1788087267.422959,50,9.358555,1.103328
worker_3,1442,1788087267.432344,50,9.762604,1.096832
worker_3,1443,1788087267.442154,50,9.334212,1.099104
worker_3,1444,1788087267.451512,50,9.764345,1.098656
worker_3,1445,1788087267.461325,50,9.329194,1.098016
worker_3,1446,1788087267.470678,50,9.765466,1.096704
worker_3,1447,1788087267.480490,50,9.339221,1.097504
worker_3,1448,1788087267.489856,50,9.758623,1.098464
worker_3,1449,1788087267.499662,50,9.333166,1.098048
worker_3,1450,1788087267.509020,50,9.767734,1.097248
worker_3,1451,1788087267.518836,50,9.332146,1.097120
worker_3,1452,1788087267.528193,50,9.782603,1.098336
worker_3,1453,1788087267.538022,50,9.339804,1.097824
worker_3,1454,1788087267.547387,50,9.762234,1.096704
worker_3,1455,1788087267.557209,50,9.350490,1.096480
worker_3,1456,1788087267.566587,50,9.791929,1.096768
worker_3,1457,1788087267.576431,50,9.329248,1.100512
worker_3,1458,1788087267.585786,50,9.772077,1.096736
worker_3,1459,1788087267.595604,50,9.333768,1.099456
worker_3,1460,1788087267.604964,50,9.782790,1.097952
worker_3,1461,1788087267.614795,50,9.357305,1.098176
worker_3,1462,1788087267.624178,50,9.560194,1.097696
worker_3,1463,1788087267.633757,50,9.564426,1.099200
worker_3,1464,1788087267.643340,50,9.565139,1.097856
worker_3,1465,1788087267.652920,50,9.579270,1.097568
worker_3,1466,1788087267.662515,50,9.577797,1.099008
worker_3,1467,1788087267.672109,50,9.578760,1.108544
worker_3,1468,1788087267.681703,50,9.578010,1.097632
worker_3,1469,1788087267.691298,50,9.566047,1.101568
worker_3,1470,1788087267.700880,50,9.582538,1.099840
worker_3,1471,1788087267.710478,50,9.804994,1.096544
worker_3,1472,1788087267.720331,50,9.521463,1.097376
worker_3,1473,1788087267.729898,50,9.541917,1.098816
worker_3,1474,1788087267.739500,50,9.541168,1.097248
worker_3,1475,1788087267.749086,50,9.557695,1.096416
worker_3,1476,1788087267.758692,50,9.571704,1.096576
worker_3,1477,1788087267.768311,50,9.533278,1.099872
worker_3,1478,1788087267.777893,50,9.541990,1.097216
worker_3,1479,1788087267.787482,50,9.533250,1.099360
worker_3,1480,1788087267.797061,50,9.335915,1.097120
worker_3,1481,1788087267.806423,50,9.767826,1.097472
worker_3,1482,1788087267.816249,50,9.323184,1.098272
worker_3,1483,1788087267.825598,50,9.753161,1.098688
worker_3,1484,1788087267.835399,50,9.359656,1.098656
worker_3,1485,1788087267.844784,50,9.762484,1.097920
worker_3,1486,1788087267.854594,50,9.344083,1.097120
worker_3,1487,1788087267.863963,50,9.767632,1.098240
worker_3,1488,1788087267.873777,50,9.327416,1.097056
worker_3,1489,1788087267.883131,50,9.751271,1.097088
worker_3,1490,1788087267.892928,50,9.339453,1.098112
worker_3,1491,1788087267.902292,50,9.776696,1.096448
worker_3,1492,1788087267.912114,50,9.334379,1.100224
worker_3,1493,1788087267.921474,50,9.760585,1.097280
worker_3,1494,1788087267.931293,50,9.322370,1.097536
worker_3,1495,1788087267.940640,50,9.770299,1.099392
worker_3,1496,1788087267.950457,50,9.349897,1.097280
worker_3,1497,1788087267.959837,50,9.544306,1.099296
worker_3,1498,1788087267.969401,50,9.568010,1.096352
worker_3,1499,1788087267.978988,50,9.567510,1.107328
worker_3,1500,1788087267.988574,50,9.587632,1.096352
worker_3,1501,1788087267.998177,50,9.562751,1.097600
worker_3,1502,1788087268.007756,50,9.579677,1.105536
worker_3,1503,1788087268.017352,50,9.596010,1.099168
worker_3,1504,1788087268.026964,50,9.570797,1.098272
worker_3,1505,1788087268.036550,50,9.568631,1.098240
worker_3,1506,1788087268.046136,50,9.787512,1.098592
worker_3,1507,1788087268.055973,50,9.548787,1.102080
worker_3,1508,1788087268.065569,50,9.551250,1.097664
worker_3,1509,1788087268.075167,50,9.540834,1.097152
worker_3,1510,1788087268.084753,50,9.335841,1.099232
worker_3,1511,1788087268.094116,50,9.561390,1.097280
worker_3,1512,1788087268.103695,50,9.568779,1.103232
worker_3,1513,1788087268.113292,50,9.575426,1.096992
worker_3,1514,1788087268.122883,50,9.571454,1.102656
worker_3,1515,1788087268.132473,50,9.580575,1.095520
worker_3,1516,1788087268.142071,50,9.572362,1.098944
worker_3,1517,1788087268.151659,50,9.800466,1.097632
worker_3,1518,1788087268.161507,50,9.534362,1.097184
worker_3,1519,1788087268.171088,50,9.556862,1.100128
worker_3,1520,1788087268.180692,50,9.338637,1.097632
worker_3,1521,1788087268.190056,50,9.553481,1.098976
worker_3,1522,1788087268.199628,50,9.574706,1.095712
worker_3,1523,1788087268.209220,50,9.565907,1.099264
worker_3,1524,1788087268.218802,50,9.572390,1.099328
worker_3,1525,1788087268.228392,50,9.574130,1.099232
worker_3,1526,1788087268.237982,50,9.570473,1.097376
worker_3,1527,1788087268.247567,50,9.784253,1.098560
worker_3,1528,1788087268.257401,50,9.528492,1.097920
worker_3,1529,1788087268.266981,50,9.555816,1.104192
worker_3,1530,1788087268.276588,50,9.329461,1.097088
worker_3,1531,1788087268.285944,50,9.552435,1.096256
worker_3,1532,1788087268.295593,50,9.481455,1.098080
worker_3,1533,1788087268.305109,50,9.553500,1.099392
worker_3,1534,1788087268.314682,50,9.573110,1.097728
worker_3,1535,1788087268.324270,50,9.565954,1.098336
worker_3,1536,1788087268.333853,50,9.561177,1.097568
worker_3,1537,1788087268.343430,50,9.570241,1.096480
worker_3,1538,1788087268.353017,50,9.775892,1.095968
worker_3,1539,1788087268.362840,50,9.545269,1.098944
worker_3,1540,1788087268.372433,50,9.538112,1.098048
worker_3,1541,1788087268.382018,50,9.541760,1.096512
worker_3,1542,1788087268.391605,50,9.555566,1.099936
worker_3,1543,1788087268.401206,50,9.545213,1.098048
worker_3,1544,1788087268.410798,50,9.555185,1.096288
worker_3,1545,1788087268.420398,50,9.536630,1.097088
worker_3,1546,1788087268.429981,50,9.536537,1.098240
worker_3,1547,1788087268.439564,50,9.553751,1.097568
worker_3,1548,1788087268.449164,50,9.526880,1.097408
worker_3,1549,1788087268.458737,50,9.557352,1.096800
worker_3,1550,1788087268.468340,50,9.545955,1.103488
worker_3,1551,1788087268.477931,50,9.545251,1.097472
worker_3,1552,1788087268.487535,50,9.526602,1.097728
worker_3,1553,1788087268.497107,50,9.541770,1.098560
worker_3,1554,1788087268.506694,50,9.356221,1.097344
worker_3,1555,1788087268.516075,50,9.751688,1.096320
worker_3,1556,1788087268.525874,50,9.341490,1.097440
worker_3,1557,1788087268.535242,50,9.760799,1.098432
worker_3,1558,1788087268.545049,50,9.337749,1.098080
worker_3,1559,1788087268.554412,50,9.776437,1.097120
worker_3,1560,1788087268.564258,50,9.308303,1.098528
worker_3,1561,1788087268.573591,50,9.767928,1.099296
worker_3,1562,1788087268.583407,50,9.345156,1.099264
worker_3,1563,1788087268.592778,50,9.769818,1.098464
worker_3,1564,1788087268.602598,50,9.339369,1.098496
worker_3,1565,1788087268.611964,50,9.562862,1.101920
worker_3,1566,1788087268.621546,50,9.615178,1.097920
worker_3,1567,1788087268.631211,50,9.675307,1.096992
worker_3,1568,1788087268.640935,50,9.338721,1.098304
worker_3,1569,1788087268.650298,50,9.776502,1.098656
worker_3,1570,1788087268.660123,50,9.480916,1.100544
worker_3,1571,1788087268.669628,50,9.564352,1.097472
worker_3,1572,1788087268.679225,50,9.571555,1.097152
worker_3,1573,1788087268.688814,50,9.575482,1.099424
worker_3,1574,1788087268.698405,50,9.572889,1.097536
worker_3,1575,1788087268.707995,50,9.572870,1.099040
worker_3,1576,1788087268.717584,50,9.548574,1.097760
worker_3,1577,1788087268.727147,50,9.790622,1.097792
worker_3,1578,1788087268.736984,50,9.396906,1.096704
worker_3,1579,1788087268.746427,50,9.535592,1.097728
worker_3,1580,1788087268.756010,50,9.537388,1.098528
worker_3,1581,1788087268.765594,50,9.539110,1.097984
worker_3,1582,1788087268.775179,50,9.540278,1.098496
worker_3,1583,1788087268.784765,50,9.553927,1.097632
worker_3,1584,1788087268.794365,50,9.555935,1.103456
worker_3,1585,1788087268.803969,50,9.532926,1.098336
worker_3,1586,1788087268.813548,50,9.354248,1.096896
worker_3,1587,1788087268.822927,50,9.765122,1.097408
worker_3,1588,1788087268.832738,50,9.367490,1.095712
worker_3,1589,1788087268.842132,50,9.758335,1.096544
worker_3,1590,1788087268.851936,50,9.351544,1.096448
worker_3,1591,1788087268.861326,50,9.745752,1.097056
worker_3,1592,1788087268.871117,50,9.336545,1.097760
worker_3,1593,1788087268.880480,50,9.545705,1.096384
worker_3,1594,1788087268.890043,50,9.591882,1.098912
worker_3,1595,1788087268.899651,50,9.562695,1.097504
worker_3,1596,1788087268.909232,50,9.830132,1.101280
worker_3,1597,1788087268.919110,50,9.332943,1.104064
worker_3,1598,1788087268.928468,50,9.780438,1.097376
worker_3,1599,1788087268.938295,50,9.332396,1.098144
worker_3,1600,1788087268.947654,50,9.766715,1.097760
worker_3,1601,1788087268.957468,50,9.334350,1.096672
worker_3,1602,1788087268.966829,50,9.779178,1.098624
worker_3,1603,1788087268.976656,50,9.322231,1.098176
worker_3,1604,1788087268.986004,50,9.761198,1.097568
worker_3,1605,1788087268.995811,50,9.336916,1.098432
worker_3,1606,1788087269.005174,50,9.558945,1.097792
worker_3,1607,1788087269.014751,50,9.793040,1.099136
worker_3,1608,1788087269.024595,50,9.532259,1.098112
worker_3,1609,1788087269.034173,50,9.553796,1.097056
worker_3,1610,1788087269.043773,50,9.540946,1.099360
worker_3,1611,1788087269.053373,50,9.523593,1.096224
worker_3,1612,1788087269.062942,50,9.340452,1.098176
worker_3,1613,1788087269.072307,50,9.757160,1.097760
worker_3,1614,1788087269.082112,50,9.333129,1.098624
worker_3,1615,1788087269.091469,50,9.754910,1.097696
worker_3,1616,1788087269.101272,50,9.332860,1.096864
worker_3,1617,1788087269.110629,50,9.774531,1.098144
worker_3,1618,1788087269.120452,50,9.335286,1.097760
worker_3,1619,1788087269.129813,50,9.554398,1.098624
worker_3,1620,1788087269.139385,50,9.567222,1.101696
worker_3,1621,1788087269.148968,50,9.805577,1.098112
worker_3,1622,1788087269.158821,50,9.351064,1.098720
worker_3,1623,1788087269.168196,50,9.785059,1.098496
worker_3,1624,1788087269.178032,50,9.320554,1.098368
worker_3,1625,1788087269.187377,50,9.788781,1.100288
worker_3,1626,1788087269.197212,50,9.335221,1.098208
worker_3,1627,1788087269.206570,50,9.788197,1.097920
worker_3,1628,1788087269.216405,50,9.332046,1.098336
worker_3,1629,1788087269.225761,50,9.769531,1.097664
worker_3,1630,1788087269.235589,50,9.329953,1.101920
worker_3,1631,1788087269.244944,50,9.753484,1.096928
worker_3,1632,1788087269.254744,50,9.361649,1.098272
worker_3,1633,1788087269.264134,50,9.764253,1.103552
worker_3,1634,1788087269.273948,50,9.332508,1.097440
worker_3,1635,1788087269.283306,50,9.767457,1.096512
worker_3,1636,1788087269.293120,50,9.331888,1.098432
worker_3,1637,1788087269.302477,50,9.783661,1.098656
worker_3,1638,1788087269.312309,50,9.319906,1.101664
worker_3,1639,1788087269.321655,50,9.753364,1.096160
worker_3,1640,1788087269.331457,50,9.336962,1.097664
worker_3,1641,1788087269.340821,50,9.768577,1.096352
worker_3,1642,1788087269.350636,50,9.342314,1.097120
worker_3,1643,1788087269.360003,50,9.762197,1.097344
worker_3,1644,1788087269.369812,50,9.336749,1.097760
worker_3,1645,1788087269.379174,50,9.571242,1.098432
worker_3,1646,1788087269.388764,50,9.569982,1.097728
worker_3,1647,1788087269.398351,50,9.787161,1.097536
worker_3,1648,1788087269.408183,50,9.336694,1.098528
worker_3,1649,1788087269.417546,50,9.766835,1.097920
worker_3,1650,1788087269.427375,50,9.344156,1.098880
worker_3,1651,1788087269.436745,50,9.761318,1.096704
worker_3,1652,1788087269.446553,50,9.333026,1.098752
worker_3,1653,1788087269.455910,50,9.764475,1.096544
worker_3,1654,1788087269.465723,50,9.335360,1.098208
worker_3,1655,1788087269.475084,50,9.771354,1.101472
worker_3,1656,1788087269.484902,50,9.329220,1.098592
worker_3,1657,1788087269.494256,50,9.763641,1.097728
worker_3,1658,1788087269.504065,50,9.352101,1.098848
worker_3,1659,1788087269.513442,50,9.759233,1.096800
worker_3,1660,1788087269.523250,50,9.353248,1.100384
worker_3,1661,1788087269.532631,50,9.766447,1.096544
worker_3,1662,1788087269.542443,50,9.350388,1.098784
worker_3,1663,1788087269.551820,50,9.760197,1.098144
worker_3,1664,1788087269.561627,50,9.344572,1.098816
worker_3,1665,1788087269.570997,50,9.959698,1.099552
worker_3,1666,1788087269.581003,50,9.235369,1.096224
worker_3,1667,1788087269.590264,50,9.861327,1.098208
worker_3,1668,1788087269.600174,50,9.177765,1.106496
worker_3,1669,1788087269.609390,50,9.910929,1.098720
worker_3,1670,1788087269.619349,50,9.161422,1.097280
worker_3,1671,1788087269.628536,50,9.607733,1.096576
worker_3,1672,1788087269.638193,50,9.689668,1.098784
worker_3,1673,1788087269.647929,50,9.336804,1.097024
worker_3,1674,1788087269.657291,50,9.770947,1.099168
worker_3,1675,1788087269.667109,50,9.328378,1.098368
worker_3,1676,1788087269.676461,50,9.550445,1.098400
worker_3,1677,1788087269.686029,50,9.594991,1.099136
worker_3,1678,1788087269.695641,50,9.569825,1.101472
worker_3,1679,1788087269.705227,50,9.591835,1.097024
worker_3,1680,1788087269.714836,50,9.564251,1.097856
worker_3,1681,1788087269.724416,50,9.574241,1.098848
worker_3,1682,1788087269.734007,50,9.571398,1.097632
worker_3,1683,1788087269.743664,50,9.499722,1.100928
worker_3,1684,1788087269.753182,50,9.778234,1.096192
worker_3,1685,1788087269.763008,50,9.538575,1.096736
worker_3,1686,1788087269.772594,50,9.552444,1.097344
worker_3,1687,1788087269.782193,50,9.521842,1.099136
worker_3,1688,1788087269.791761,50,9.555269,1.097536
worker_3,1689,1788087269.801374,50,9.524693,1.097568
worker_3,1690,1788087269.810946,50,9.546018,1.097312
worker_3,1691,1788087269.820538,50,9.544334,1.096224
worker_3,1692,1788087269.830128,50,9.542500,1.097536
worker_3,1693,1788087269.839716,50,9.545464,1.098016
worker_3,1694,1788087269.849307,50,9.535880,1.096832
worker_3,1695,1788087269.858890,50,9.535186,1.097248
worker_3,1696,1788087269.868472,50,9.553047,1.098048
worker_3,1697,1788087269.878071,50,9.332609,1.098368
worker_3,1698,1788087269.887429,50,9.573148,1.098240
worker_3,1699,1788087269.897023,50,9.607102,1.097504
worker_3,1700,1788087269.906647,50,9.881087,1.098112
worker_3,1701,1788087269.916576,50,9.334906,1.102912
worker_3,1702,1788087269.925937,50,9.776447,1.098144
worker_3,1703,1788087269.935759,50,9.200403,1.103168
worker_3,1704,1788087269.944984,50,9.755919,1.096032
worker_3,1705,1788087269.954787,50,9.353572,1.098016
worker_3,1706,1788087269.964165,50,9.771797,1.099744
worker_3,1707,1788087269.973984,50,9.336998,1.097824
worker_3,1708,1788087269.983360,50,9.736075,1.096288
worker_3,1709,1788087269.993140,50,9.343322,1.098976
worker_3,1710,1788087270.002508,50,9.779271,1.097024
worker_3,1711,1788087270.012334,50,9.341008,1.103072
worker_3,1712,1788087270.021700,50,9.764344,1.097280
worker_3,1713,1788087270.031510,50,9.328858,1.097216
worker_3,1714,1788087270.040864,50,9.791391,1.098464
worker_3,1715,1788087270.050703,50,9.338201,1.097248
worker_3,1716,1788087270.060066,50,9.778540,1.105440
worker_3,1717,1788087270.069891,50,9.332489,1.099488
worker_3,1718,1788087270.079248,50,9.758104,1.096928
worker_3,1719,1788087270.089052,50,9.335979,1.097440
worker_3,1720,1788087270.098412,50,9.777058,1.096992
worker_3,1721,1788087270.108249,50,9.337609,1.105056
worker_3,1722,1788087270.117612,50,9.764797,1.099296
worker_3,1723,1788087270.127424,50,9.334072,1.097760
worker_3,1724,1788087270.136783,50,9.547713,1.098784
worker_3,1725,1788087270.146349,50,9.576936,1.099008
worker_3,1726,1788087270.155942,50,9.569000,1.098656
worker_3,1727,1788087270.165528,50,9.773613,1.097280
worker_3,1728,1788087270.175363,50,9.327860,1.099104
worker_3,1729,1788087270.184716,50,9.769744,1.097760
worker_3,1730,1788087270.194534,50,9.335248,1.098208
worker_3,1731,1788087270.203893,50,9.767465,1.097792
worker_3,1732,1788087270.213707,50,9.332637,1.098848
worker_3,1733,1788087270.223064,50,9.775780,1.104832
worker_3,1734,1788087270.232887,50,9.332461,1.097760
worker_3,1735,1788087270.242246,50,9.766891,1.097952
worker_3,1736,1788087270.252059,50,9.329794,1.098816
worker_3,1737,1788087270.261415,50,9.558556,1.099712
worker_3,1738,1788087270.270993,50,9.783428,1.103168
worker_3,1739,1788087270.280825,50,9.342740,1.096864
worker_3,1740,1788087270.290193,50,9.764151,1.098592
worker_3,1741,1788087270.300004,50,9.340619,1.096800
worker_3,1742,1788087270.309370,50,9.774799,1.098560
worker_3,1743,1788087270.319193,50,9.331109,1.097824
worker_3,1744,1788087270.328547,50,9.777530,1.096896
worker_3,1745,1788087270.338372,50,9.335702,1.097152
worker_3,1746,1788087270.347732,50,9.775558,1.097248
worker_3,1747,1788087270.357567,50,9.323369,1.098368
worker_3,1748,1788087270.366915,50,9.790428,1.096608
worker_3,1749,1788087270.376752,50,9.324064,1.098784
worker_3,1750,1788087270.386101,50,9.579463,1.099008
worker_3,1751,1788087270.395699,50,9.578621,1.101088
worker_3,1752,1788087270.405293,50,9.565316,1.098368
worker_3,1753,1788087270.414874,50,9.788401,1.097504
worker_3,1754,1788087270.424709,50,9.521408,1.097312
worker_3,1755,1788087270.434278,50,9.563621,1.098208
worker_3,1756,1788087270.443886,50,9.568963,1.097792
worker_3,1757,1788087270.453501,50,9.528992,1.097408
worker_3,1758,1788087270.463074,50,9.577853,1.102880
worker_3,1759,1788087270.472703,50,9.321675,1.099296
worker_3,1760,1788087270.482047,50,9.783428,1.098496
worker_3,1761,1788087270.491877,50,9.330674,1.097600
worker_3,1762,1788087270.501233,50,9.787253,1.107968
worker_3,1763,1788087270.511066,50,9.324564,1.098272
worker_3,1764,1788087270.520415,50,9.777605,1.096512
worker_3,1765,1788087270.530239,50,9.332814,1.097152
worker_3,1766,1788087270.539596,50,9.765031,1.098368
worker_3,1767,1788087270.549421,50,9.341240,1.102912
worker_3,1768,1788087270.558786,50,9.765493,1.096128
worker_3,1769,1788087270.568598,50,9.341804,1.099104
worker_3,1770,1788087270.577966,50,9.908949,1.098784
worker_3,1771,1788087270.587923,50,9.362036,1.099520
worker_3,1772,1788087270.597310,50,9.655242,1.097888
worker_3,1773,1788087270.607012,50,9.464926,1.097120
worker_3,1774,1788087270.616501,50,9.628214,1.098592
worker_3,1775,1788087270.626178,50,9.496046,1.097824
worker_3,1776,1788087270.635699,50,9.452824,1.097056
worker_3,1777,1788087270.645200,50,9.682011,1.098720
worker_3,1778,1788087270.654932,50,9.346638,1.100832
worker_3,1779,1788087270.664305,50,9.763373,1.097216
worker_3,1780,1788087270.674114,50,9.338850,1.098656
worker_3,1781,1788087270.683478,50,9.763169,1.097792
worker_3,1782,1788087270.693287,50,9.543481,1.097056
worker_3,1783,1788087270.702876,50,9.358360,1.097024
worker_3,1784,1788087270.712261,50,9.573426,1.098240
worker_3,1785,1788087270.721855,50,9.557361,1.095616
worker_3,1786,1788087270.731445,50,9.555298,1.097632
worker_3,1787,1788087270.741021,50,9.560639,1.097248
worker_3,1788,1788087270.750599,50,9.566048,1.098272
worker_3,1789,1788087270.760184,50,9.557167,1.097632
worker_3,1790,1788087270.769758,50,9.564491,1.096544
worker_3,1791,1788087270.779341,50,9.560953,1.097184
worker_3,1792,1788087270.788921,50,9.789206,1.096512
worker_3,1793,1788087270.798758,50,9.326462,1.098400
worker_3,1794,1788087270.808111,50,9.759382,1.098112
worker_3,1795,1788087270.817917,50,9.337665,1.098016
worker_3,1796,1788087270.827280,50,9.793586,1.098304
worker_3,1797,1788087270.837122,50,9.337934,1.101312
worker_3,1798,1788087270.846485,50,9.774780,1.098976
worker_3,1799,1788087270.856306,50,9.340342,1.113024
worker_3,1800,1788087270.865672,50,9.756585,1.098304
worker_3,1801,1788087270.875476,50,9.343508,1.098848
worker_3,1802,1788087270.884845,50,9.774512,1.097472
worker_3,1803,1788087270.894666,50,9.348101,1.098112
worker_3,1804,1788087270.904039,50,9.764401,1.097024
worker_3,1805,1788087270.913850,50,9.347361,1.097184
worker_3,1806,1788087270.923234,50,9.748613,1.106016
worker_3,1807,1788087270.933027,50,9.341360,1.097792
worker_3,1808,1788087270.942394,50,9.771198,1.097312
worker_3,1809,1788087270.952223,50,9.328351,1.097664
worker_3,1810,1788087270.961577,50,9.768707,1.098656
worker_3,1811,1788087270.971395,50,9.341564,1.099360
worker_3,1812,1788087270.980762,50,9.762309,1.097792
worker_3,1813,1788087270.990571,50,9.350592,1.096576
worker_3,1814,1788087270.999945,50,9.624010,1.107712
worker_3,1815,1788087271.009616,50,9.485389,1.098720
worker_3,1816,1788087271.019127,50,9.757522,1.097408
worker_3,1817,1788087271.028931,50,9.349425,1.098688
worker_3,1818,1788087271.038305,50,9.769364,1.098112
worker_3,1819,1788087271.048120,50,9.335563,1.102432
worker_3,1820,1788087271.057480,50,9.766642,1.098112
worker_3,1821,1788087271.067293,50,9.338036,1.098208
worker_3,1822,1788087271.076658,50,9.750299,1.096224
worker_3,1823,1788087271.086456,50,9.354008,1.098080
worker_3,1824,1788087271.095835,50,9.773216,1.105632
worker_3,1825,1788087271.105664,50,9.326433,1.098176
worker_3,1826,1788087271.115016,50,9.760632,1.099360
worker_3,1827,1788087271.124823,50,9.335979,1.098912
worker_3,1828,1788087271.134186,50,9.779837,1.096896
worker_3,1829,1788087271.144012,50,9.340296,1.105120
worker_3,1830,1788087271.153378,50,9.587760,1.098176
worker_3,1831,1788087271.162986,50,9.559705,1.097216
worker_3,1832,1788087271.172563,50,9.569900,1.097792
worker_3,1833,1788087271.182149,50,9.586816,1.098624
worker_3,1834,1788087271.191825,50,9.498575,1.099840
worker_3,1835,1788087271.201340,50,9.580122,1.097824
worker_3,1836,1788087271.210937,50,9.570112,1.098976
worker_3,1837,1788087271.220524,50,9.576279,1.098240
worker_3,1838,1788087271.230116,50,9.785428,1.096928
worker_3,1839,1788087271.239948,50,9.542187,1.097216
worker_3,1840,1788087271.249537,50,9.552658,1.097760
worker_3,1841,1788087271.259136,50,9.336721,1.096800
worker_3,1842,1788087271.268500,50,9.548630,1.096224
worker_3,1843,1788087271.278067,50,9.573936,1.099616
worker_3,1844,1788087271.287657,50,9.598770,1.097024
worker_3,1845,1788087271.297285,50,9.553130,1.098208
worker_3,1846,1788087271.306855,50,9.587464,1.101376
worker_3,1847,1788087271.316458,50,9.581807,1.098816
worker_3,1848,1788087271.326056,50,9.568186,1.096224
worker_3,1849,1788087271.335639,50,9.803151,1.097184
worker_3,1850,1788087271.345492,50,9.557213,1.098592
worker_3,1851,1788087271.355096,50,9.537649,1.097184
worker_3,1852,1788087271.364680,50,9.541251,1.097216
worker_3,1853,1788087271.374267,50,9.533973,1.096288
worker_3,1854,1788087271.383846,50,9.562130,1.097344
worker_3,1855,1788087271.393454,50,9.543205,1.098592
worker_3,1856,1788087271.403042,50,9.564714,1.100960
worker_3,1857,1788087271.412652,50,9.550622,1.098976
worker_3,1858,1788087271.422248,50,9.540473,1.097952
worker_3,1859,1788087271.431835,50,9.345518,1.097760
worker_3,1860,1788087271.441206,50,9.558445,1.098144
worker_3,1861,1788087271.450782,50,9.575019,1.098432
worker_3,1862,1788087271.460375,50,9.573889,1.097728
worker_3,1863,1788087271.469965,50,9.784595,1.098816
worker_3,1864,1788087271.479810,50,9.528334,1.096512
worker_3,1865,1788087271.489385,50,9.535788,1.097632
worker_3,1866,1788087271.498968,50,9.550918,1.096960
worker_3,1867,1788087271.508565,50,9.532555,1.097888
worker_3,1868,1788087271.518144,50,9.557575,1.098016
worker_3,1869,1788087271.527747,50,9.547103,1.104064
worker_3,1870,1788087271.537339,50,9.537898,1.098464
worker_3,1871,1788087271.546921,50,9.539010,1.097216
worker_3,1872,1788087271.556506,50,9.332369,1.096576
worker_3,1873,1788087271.565863,50,9.761308,1.099008
worker_3,1874,1788087271.575673,50,9.496805,1.102816
worker_3,1875,1788087271.585196,50,9.647140,1.097024
worker_3,1876,1788087271.594891,50,9.464675,1.098304
worker_3,1877,1788087271.604381,50,9.771270,1.096192
worker_3,1878,1788087271.614200,50,9.349999,1.097792
worker_3,1879,1788087271.623574,50,9.609315,1.098592
worker_3,1880,1788087271.633231,50,9.324831,1.096992
worker_3,1881,1788087271.642581,50,9.556471,1.099840
worker_3,1882,1788087271.652157,50,9.588824,1.099008
worker_3,1883,1788087271.661761,50,9.775743,1.096512
worker_3,1884,1788087271.671597,50,9.324952,1.098400
worker_3,1885,1788087271.680947,50,9.774650,1.097248
worker_3,1886,1788087271.690769,50,9.342572,1.097472
worker_3,1887,1788087271.700136,50,9.768956,1.097600
worker_3,1888,1788087271.709952,50,9.336239,1.097152
worker_3,1889,1788087271.719313,50,9.555529,1.098592
worker_3,1890,1788087271.728887,50,9.581361,1.096320
worker_3,1891,1788087271.738484,50,9.579778,1.097056
worker_3,1892,1788087271.748080,50,9.582482,1.103552
worker_3,1893,1788087271.757678,50,9.580594,1.095712
worker_3,1894,1788087271.767275,50,9.568537,1.098752
worker_3,1895,1788087271.776859,50,9.578075,1.097408
worker_3,1896,1788087271.786453,50,9.583519,1.098400
worker_3,1897,1788087271.796053,50,9.585723,1.105792
worker_3,1898,1788087271.805656,50,9.778613,1.097312
worker_3,1899,1788087271.815483,50,9.537592,1.097472
worker_3,1900,1788087271.825069,50,9.540158,1.098144
worker_3,1901,1788087271.834653,50,9.552528,1.097856
worker_3,1902,1788087271.844265,50,9.525009,1.098048
worker_3,1903,1788087271.853848,50,9.561899,1.097376
worker_3,1904,1788087271.863459,50,9.503620,1.096640
worker_3,1905,1788087271.873010,50,9.387879,1.101120
worker_3,1906,1788087271.882446,50,9.694909,1.097248
worker_3,1907,1788087271.892188,50,9.333517,1.096224
worker_3,1908,1788087271.901546,50,9.763853,1.098944
worker_3,1909,1788087271.911356,50,9.368109,1.098816
worker_3,1910,1788087271.920753,50,9.755825,1.098304
worker_3,1911,1788087271.930555,50,9.337388,1.100384
worker_3,1912,1788087271.939917,50,9.759752,1.096320
worker_3,1913,1788087271.949724,50,9.340406,1.098784
worker_3,1914,1788087271.959090,50,9.777012,1.099392
worker_3,1915,1788087271.968913,50,9.337971,1.098240
worker_3,1916,1788087271.978276,50,9.767604,1.096448
worker_3,1917,1788087271.988091,50,9.338952,1.098528
worker_3,1918,1788087271.997455,50,9.614622,1.096320
worker_3,1919,1788087272.007115,50,9.489221,1.097792
worker_3,1920,1788087272.016630,50,9.762863,1.098912
worker_3,1921,1788087272.026440,50,9.353174,1.099808
worker_3,1922,1788087272.035820,50,9.780734,1.099744
worker_3,1923,1788087272.045660,50,9.317378,1.097792
worker_3,1924,1788087272.055004,50,9.770308,1.097696
worker_3,1925,1788087272.064821,50,9.334248,1.098496
worker_3,1926,1788087272.074183,50,9.776020,1.095904
worker_3,1927,1788087272.084007,50,9.330887,1.102336
worker_3,1928,1788087272.093364,50,9.789512,1.098944
worker_3,1929,1788087272.103201,50,9.325591,1.098816
worker_3,1930,1788087272.112552,50,9.758827,1.097056
worker_3,1931,1788087272.122358,50,9.330841,1.097216
worker_3,1932,1788087272.131714,50,9.776102,1.096320
worker_3,1933,1788087272.141537,50,9.334628,1.098272
worker_3,1934,1788087272.150897,50,9.790178,1.096544
worker_3,1935,1788087272.160732,50,9.331609,1.099072
worker_3,1936,1788087272.170089,50,9.773548,1.097632
worker_3,1937,1788087272.179907,50,9.362683,1.098880
worker_3,1938,1788087272.189295,50,9.758084,1.096160
worker_3,1939,1788087272.199099,50,9.352581,1.096864
worker_3,1940,1788087272.208477,50,9.760530,1.095936
worker_3,1941,1788087272.218285,50,9.342637,1.097792
worker_3,1942,1788087272.227667,50,9.757501,1.096672
worker_3,1943,1788087272.237470,50,9.329738,1.095232
worker_3,1944,1788087272.246826,50,9.629722,1.098112
worker_3,1945,1788087272.256502,50,9.491323,1.098912
worker_3,1946,1788087272.266019,50,9.766446,1.097824
worker_3,1947,1788087272.275832,50,9.344424,1.096256
worker_3,1948,1788087272.285201,50,9.760622,1.097792
worker_3,1949,1788087272.295008,50,9.345146,1.098112
worker_3,1950,1788087272.304380,50,9.772325,1.098368
worker_3,1951,1788087272.314200,50,9.335090,1.098880
worker_3,1952,1788087272.323561,50,9.773687,1.095328
worker_3,1953,1788087272.333383,50,9.343517,1.099008
worker_3,1954,1788087272.342751,50,9.803966,1.101280
worker_3,1955,1788087272.352602,50,9.342554,1.097248
worker_3,1956,1788087272.361971,50,9.759178,1.096992
worker_3,1957,1788087272.371778,50,9.324572,1.098656
worker_3,1958,1788087272.381128,50,9.764021,1.097248
worker_3,1959,1788087272.390939,50,9.329165,1.097088
worker_3,1960,1788087272.400293,50,9.767475,1.096736
worker_3,1961,1788087272.410107,50,9.330138,1.096800
worker_3,1962,1788087272.419477,50,9.753594,1.098080
worker_3,1963,1788087272.429278,50,9.338526,1.099040
worker_3,1964,1788087272.438642,50,9.769381,1.097920
worker_3,1965,1788087272.448458,50,9.326962,1.097216
worker_3,1966,1788087272.457810,50,9.763049,1.097760
worker_3,1967,1788087272.467620,50,9.338313,1.099008
worker_3,1968,1788087272.476984,50,9.773567,1.096384
worker_3,1969,1788087272.486804,50,9.341166,1.096608
worker_3,1970,1788087272.496168,50,9.608204,1.098784
worker_3,1971,1788087272.505824,50,9.488824,1.099200
worker_3,1972,1788087272.515338,50,9.568242,1.100608
worker_3,1973,1788087272.524925,50,9.777614,1.097536
worker_3,1974,1788087272.534748,50,9.337425,1.098720
worker_3,1975,1788087272.544110,50,9.755549,1.097184
worker_3,1976,1788087272.553912,50,9.340268,1.097856
worker_3,1977,1788087272.563278,50,9.789437,1.097440
worker_3,1978,1788087272.573115,50,9.333054,1.098816
worker_3,1979,1788087272.582474,50,9.790244,1.097120
worker_3,1980,1788087272.592312,50,9.322869,1.097664
worker_3,1981,1788087272.601678,50,9.737761,1.097888
worker_3,1982,1788087272.611465,50,9.343158,1.098720
worker_3,1983,1788087272.620834,50,9.603112,1.096800
worker_3,1984,1788087272.630486,50,9.495852,1.096768
worker_3,1985,1788087272.640085,50,9.677567,1.098144
worker_3,1986,1788087272.649810,50,9.342962,1.098240
worker_3,1987,1788087272.659179,50,9.780345,1.102528
worker_3,1988,1788087272.669007,50,9.335758,1.100256
worker_3,1989,1788087272.678367,50,9.774307,1.096544
worker_3,1990,1788087272.688187,50,9.337165,1.097824
worker_3,1991,1788087272.697548,50,9.764984,1.097600
worker_3,1992,1788087272.707358,50,9.362999,1.100864
worker_3,1993,1788087272.716745,50,9.779142,1.099392
worker_3,1994,1788087272.726570,50,9.325924,1.098688
worker_3,1995,1788087272.735921,50,9.559363,1.102560
worker_3,1996,1788087272.745498,50,9.562909,1.098752
worker_3,1997,1788087272.755077,50,9.576122,1.099296
worker_3,1998,1788087272.764669,50,9.563094,1.098432
worker_3,1999,1788087272.774248,50,9.582121,1.099168
worker_3,2000,1788087272.783847,50,9.560492,1.097344
worker_3,2001,1788087272.793434,50,9.557751,1.099392
worker_3,2002,1788087272.803008,50,9.746929,1.108384
worker_3,2003,1788087272.812771,50,9.562186,1.097216
worker_3,2004,1788087272.822350,50,9.571159,1.097760
worker_3,2005,1788087272.831938,50,9.801781,1.101792
worker_3,2006,1788087272.841791,50,9.531362,1.097664
worker_3,2007,1788087272.851370,50,9.568019,1.101280
worker_3,2008,1788087272.860984,50,9.541399,1.096832
worker_3,2009,1788087272.870571,50,9.561696,1.096224
worker_3,2010,1788087272.880179,50,9.361147,1.096832
worker_3,2011,1788087272.889586,50,9.539204,1.097600
worker_3,2012,1788087272.899171,50,9.556806,1.100864
worker_3,2013,1788087272.908773,50,9.564686,1.097600
worker_3,2014,1788087272.918383,50,9.532611,1.097472
worker_3,2015,1788087272.927960,50,9.555871,1.097632
worker_3,2016,1788087272.937561,50,9.560640,1.097120
worker_3,2017,1788087272.947169,50,9.334656,1.098048
worker_3,2018,1788087272.956528,50,9.764568,1.097056
worker_3,2019,1788087272.966339,50,9.349656,1.098240
worker_3,2020,1788087272.975726,50,9.758928,1.109216
worker_3,2021,1788087272.985533,50,9.338498,1.097568
worker_3,2022,1788087272.994896,50,9.769022,1.098464
worker_3,2023,1788087273.004711,50,9.335460,1.097760
worker_3,2024,1788087273.014072,50,9.760290,1.096576
worker_3,2025,1788087273.023880,50,9.358156,1.099168
worker_3,2026,1788087273.033263,50,9.758568,1.097312
worker_3,2027,1788087273.043068,50,9.360554,1.100480
worker_3,2028,1788087273.052454,50,9.572251,1.097888
worker_3,2029,1788087273.062044,50,9.571130,1.097664
worker_3,2030,1788087273.071633,50,9.577677,1.097760
worker_3,2031,1788087273.081228,50,9.782910,1.098272
worker_3,2032,1788087273.091060,50,9.360748,1.104448
worker_3,2033,1788087273.100447,50,9.793549,1.097920
worker_3,2034,1788087273.110288,50,9.330360,1.097632
worker_3,2035,1788087273.119644,50,9.766058,1.096672
worker_3,2036,1788087273.129455,50,9.335489,1.098752
worker_3,2037,1788087273.138818,50,9.795345,1.097856
worker_3,2038,1788087273.148661,50,9.330905,1.097472
worker_3,2039,1788087273.158018,50,9.779271,1.097504
worker_3,2040,1788087273.167857,50,9.328498,1.097440
worker_3,2041,1788087273.177211,50,9.766179,1.097856
worker_3,2042,1788087273.187024,50,9.348554,1.099424
worker_3,2043,1788087273.196397,50,9.775271,1.097568
worker_3,2044,1788087273.206220,50,9.338545,1.097792
worker_3,2045,1788087273.215583,50,9.777308,1.097440
worker_3,2046,1788087273.225406,50,9.326526,1.098368
worker_3,2047,1788087273.234758,50,9.774234,1.098720
worker_3,2048,1788087273.244579,50,9.340608,1.098624
worker_3,2049,1788087273.253947,50,9.623260,1.096768
worker_3,2050,1788087273.263619,50,9.485194,1.098720
worker_3,2051,1788087273.273130,50,9.764224,1.097888
worker_3,2052,1788087273.282941,50,9.333174,1.098848
worker_3,2053,1788087273.292300,50,9.772808,1.096992
worker_3,2054,1788087273.302119,50,9.317460,1.099008
worker_3,2055,1788087273.311461,50,9.780187,1.100960
worker_3,2056,1788087273.321290,50,9.332601,1.099136
worker_3,2057,1788087273.330649,50,9.777289,1.099072
worker_3,2058,1788087273.340475,50,9.317989,1.097760
worker_3,2059,1788087273.349831,50,9.751447,1.098720
worker_3,2060,1788087273.359630,50,9.343619,1.098272
worker_3,2061,1788087273.369001,50,9.751187,1.096704
worker_3,2062,1788087273.378799,50,9.345906,1.097056
worker_3,2063,1788087273.388172,50,9.571315,1.097920
worker_3,2064,1788087273.397763,50,9.568093,1.097216
worker_3,2065,1788087273.407346,50,9.787929,1.099360
worker_3,2066,1788087273.417180,50,9.333804,1.098240
worker_3,2067,1788087273.426539,50,9.768150,1.096352
worker_3,2068,1788087273.436354,50,9.351748,1.099808
worker_3,2069,1788087273.445729,50,9.764854,1.097920
worker_3,2070,1788087273.455542,50,9.346879,1.101152
worker_3,2071,1788087273.464916,50,9.768225,1.098592
worker_3,2072,1788087273.474731,50,9.343175,1.098304
worker_3,2073,1788087273.484099,50,9.767576,1.098464
worker_3,2074,1788087273.493914,50,9.326942,1.097792
worker_3,2075,1788087273.503267,50,9.755502,1.098752
worker_3,2076,1788087273.513068,50,9.364184,1.097760
worker_3,2077,1788087273.522460,50,9.786438,1.098400
worker_3,2078,1788087273.532294,50,9.342888,1.105568
worker_3,2079,1788087273.541662,50,9.762420,1.097472
worker_3,2080,1788087273.551471,50,9.334063,1.097600
worker_3,2081,1788087273.560830,50,9.779929,1.097536
worker_3,2082,1788087273.570657,50,9.488740,1.096352
worker_3,2083,1788087273.580172,50,9.793086,1.099840
worker_3,2084,1788087273.590012,50,9.318166,1.098976
worker_3,2085,1788087273.599355,50,9.713335,1.101408
worker_3,2086,1788087273.609113,50,9.246970,1.097888
