label,batch,start_unix_s,operations,wall_ms,cuda_batch_ms
worker_6,0,1788087253.612661,50,3.815616,3.521792
worker_6,1,1788087253.616518,50,7.708411,1.098880
worker_6,2,1788087253.624274,50,9.412656,1.098016
worker_6,3,1788087253.633726,50,9.551323,1.097888
worker_6,4,1788087253.643315,50,9.543869,1.097984
worker_6,5,1788087253.652892,50,9.540435,1.100000
worker_6,6,1788087253.662465,50,9.562870,1.098304
worker_6,7,1788087253.672064,50,9.545741,1.097696
worker_6,8,1788087253.681647,50,9.560371,1.098432
worker_6,9,1788087253.691240,50,9.556555,1.100832
worker_6,10,1788087253.700843,50,9.526953,1.098432
worker_6,11,1788087253.710406,50,9.562389,1.098912
worker_6,12,1788087253.720006,50,9.557491,1.103264
worker_6,13,1788087253.729597,50,9.554546,1.097856
worker_6,14,1788087253.739187,50,9.544362,1.098240
worker_6,15,1788087253.748769,50,9.550399,1.098272
worker_6,16,1788087253.758354,50,9.541019,1.096864
worker_6,17,1788087253.767929,50,9.559454,1.098336
worker_6,18,1788087253.777523,50,9.717103,1.096608
worker_6,19,1788087253.787279,50,9.388322,1.098720
worker_6,20,1788087253.796710,50,9.520111,1.097728
worker_6,21,1788087253.806263,50,9.551593,1.098560
worker_6,22,1788087253.815849,50,9.546685,1.096544
worker_6,23,1788087253.825432,50,9.573259,1.097856
worker_6,24,1788087253.835038,50,9.554925,1.097952
worker_6,25,1788087253.844629,50,9.540648,1.097440
worker_6,26,1788087253.854205,50,9.565899,1.096352
worker_6,27,1788087253.863808,50,9.541102,1.099392
worker_6,28,1788087253.873381,50,9.715363,1.098400
worker_6,29,1788087253.883151,50,9.374453,1.096320
worker_6,30,1788087253.892568,50,9.521991,1.097760
worker_6,31,1788087253.902123,50,9.559092,1.096928
worker_6,32,1788087253.911719,50,9.550009,1.101696
worker_6,33,1788087253.921306,50,9.553788,1.097152
worker_6,34,1788087253.930895,50,9.555094,1.098912
worker_6,35,1788087253.940487,50,9.542843,1.097312
worker_6,36,1788087253.950063,50,9.558249,1.098144
worker_6,37,1788087253.959653,50,9.557537,1.098464
worker_6,38,1788087253.969247,50,9.552259,1.097344
worker_6,39,1788087253.978835,50,9.545037,1.097920
worker_6,40,1788087253.988416,50,9.717262,1.097600
worker_6,41,1788087253.998174,50,9.399119,1.099040
worker_6,42,1788087254.007614,50,9.516769,1.099264
worker_6,43,1788087254.017163,50,9.579806,1.097280
worker_6,44,1788087254.026779,50,9.549676,1.097952
worker_6,45,1788087254.036360,50,9.554630,1.097952
worker_6,46,1788087254.045949,50,9.537287,1.096928
worker_6,47,1788087254.055519,50,9.549010,1.097856
worker_6,48,1788087254.065104,50,9.567298,1.097952
worker_6,49,1788087254.074721,50,9.707076,1.097472
worker_6,50,1788087254.084470,50,9.382156,1.098400
worker_6,51,1788087254.093889,50,9.539760,1.098560
worker_6,52,1788087254.103465,50,9.549204,1.097952
worker_6,53,1788087254.113050,50,9.559991,1.097472
worker_6,54,1788087254.122642,50,9.555223,1.096224
worker_6,55,1788087254.132238,50,9.555231,1.099200
worker_6,56,1788087254.141828,50,9.542926,1.098176
worker_6,57,1788087254.151407,50,9.548990,1.097632
worker_6,58,1788087254.160990,50,9.568584,1.099616
worker_6,59,1788087254.170591,50,9.544314,1.098592
worker_6,60,1788087254.180168,50,9.725085,1.097440
worker_6,61,1788087254.189934,50,9.558306,1.097408
worker_6,62,1788087254.199538,50,9.361693,1.096416
worker_6,63,1788087254.208937,50,9.560482,1.097632
worker_6,64,1788087254.218533,50,9.541314,1.097312
worker_6,65,1788087254.228113,50,9.556814,1.098432
worker_6,66,1788087254.237706,50,9.550964,1.099520
worker_6,67,1788087254.247293,50,9.538788,1.099488
worker_6,68,1788087254.256876,50,9.564491,1.097792
worker_6,69,1788087254.266477,50,9.546778,1.097824
worker_6,70,1788087254.276057,50,9.564519,1.100512
worker_6,71,1788087254.285655,50,9.545889,1.096384
worker_6,72,1788087254.295233,50,9.716696,1.097888
worker_6,73,1788087254.304991,50,9.559278,1.097376
worker_6,74,1788087254.314595,50,9.383998,1.097344
worker_6,75,1788087254.324023,50,9.521546,1.097472
worker_6,76,1788087254.333583,50,9.548501,1.098528
worker_6,77,1788087254.343167,50,9.568380,1.098592
worker_6,78,1788087254.352769,50,9.567306,1.096480
worker_6,79,1788087254.362367,50,9.553658,1.097696
worker_6,80,1788087254.371956,50,9.549121,1.097888
worker_6,81,1788087254.381538,50,9.557066,1.098912
worker_6,82,1788087254.391130,50,9.549751,1.098912
worker_6,83,1788087254.400713,50,9.727706,1.097440
worker_6,84,1788087254.410486,50,9.378304,1.098688
worker_6,85,1788087254.419907,50,9.526611,1.097536
worker_6,86,1788087254.429467,50,9.550527,1.097856
worker_6,87,1788087254.439052,50,9.557472,1.097536
worker_6,88,1788087254.448658,50,9.531509,1.096544
worker_6,89,1788087254.458224,50,9.550574,1.097376
worker_6,90,1788087254.467809,50,9.555149,1.105088
worker_6,91,1788087254.477396,50,9.579760,1.098272
worker_6,92,1788087254.487012,50,9.542259,1.097856
worker_6,93,1788087254.496587,50,9.550640,1.099200
worker_6,94,1788087254.506174,50,9.719299,1.097088
worker_6,95,1788087254.515935,50,9.382101,1.103776
worker_6,96,1788087254.525353,50,9.553833,1.098784
worker_6,97,1788087254.534938,50,9.553102,1.097408
worker_6,98,1788087254.544527,50,9.541102,1.096896
worker_6,99,1788087254.554101,50,9.554214,1.098400
worker_6,100,1788087254.563688,50,9.563621,1.097600
worker_6,101,1788087254.573287,50,9.559195,1.098336
worker_6,102,1788087254.582881,50,9.559038,1.098368
worker_6,103,1788087254.592475,50,9.527177,1.097216
worker_6,104,1788087254.602042,50,9.552631,1.097920
worker_6,105,1788087254.611632,50,9.732844,1.099168
worker_6,106,1788087254.621410,50,9.384304,1.097728
worker_6,107,1788087254.630849,50,9.506334,1.097248
worker_6,108,1788087254.640394,50,9.548824,1.097888
worker_6,109,1788087254.649978,50,9.549425,1.098912
worker_6,110,1788087254.659562,50,9.554111,1.097664
worker_6,111,1788087254.669152,50,9.537000,1.097952
worker_6,112,1788087254.678723,50,9.558538,1.098816
worker_6,113,1788087254.688318,50,9.548251,1.097568
worker_6,114,1788087254.697903,50,9.549390,1.095136
worker_6,115,1788087254.707488,50,9.716104,1.098304
worker_6,116,1788087254.717244,50,9.404535,1.096992
worker_6,117,1788087254.726693,50,9.542158,1.096960
worker_6,118,1788087254.736270,50,9.533075,1.096128
worker_6,119,1788087254.745838,50,9.557158,1.098848
worker_6,120,1788087254.755428,50,9.553288,1.097152
worker_6,121,1788087254.765019,50,9.580446,1.099424
worker_6,122,1788087254.774636,50,9.548538,1.097536
worker_6,123,1788087254.784230,50,9.539057,1.098656
worker_6,124,1788087254.793803,50,9.545955,1.096544
worker_6,125,1788087254.803384,50,9.567761,1.102016
worker_6,126,1788087254.812987,50,9.725252,1.097856
worker_6,127,1788087254.822772,50,9.360128,1.097920
worker_6,128,1788087254.832167,50,9.563306,1.099392
worker_6,129,1788087254.841768,50,9.544797,1.097344
worker_6,130,1788087254.851348,50,9.551362,1.097408
worker_6,131,1788087254.860934,50,9.541629,1.096416
worker_6,132,1788087254.870507,50,9.564028,1.097568
worker_6,133,1788087254.880108,50,9.560306,1.098304
worker_6,134,1788087254.889700,50,9.561222,1.097600
worker_6,135,1788087254.899298,50,9.549528,1.102208
worker_6,136,1788087254.908884,50,9.550935,1.096000
worker_6,137,1788087254.918471,50,9.544010,1.098240
worker_6,138,1788087254.928051,50,9.572260,1.098336
worker_6,139,1788087254.937658,50,9.544740,1.097696
worker_6,140,1788087254.947237,50,9.541684,1.096480
worker_6,141,1788087254.956814,50,9.555740,1.097856
worker_6,142,1788087254.966405,50,9.545073,1.096128
worker_6,143,1788087254.975981,50,9.572667,1.105312
worker_6,144,1788087254.985589,50,9.539036,1.097920
worker_6,145,1788087254.995159,50,9.553925,1.098240
worker_6,146,1788087255.004758,50,9.525860,1.097376
worker_6,147,1788087255.014318,50,9.554528,1.099712
worker_6,148,1788087255.023910,50,9.544713,1.097568
worker_6,149,1788087255.033493,50,9.544084,1.098304
worker_6,150,1788087255.043072,50,9.555399,1.104544
worker_6,151,1788087255.052664,50,9.543992,1.097792
worker_6,152,1788087255.062243,50,9.556612,1.096864
worker_6,153,1788087255.071836,50,9.544851,1.097344
worker_6,154,1788087255.081414,50,9.559973,1.097248
worker_6,155,1788087255.091008,50,9.555574,1.099296
worker_6,156,1788087255.100693,50,9.460305,1.097920
worker_6,157,1788087255.110192,50,9.545231,1.098816
worker_6,158,1788087255.119772,50,9.556056,1.097568
worker_6,159,1788087255.129365,50,9.561472,1.100000
worker_6,160,1788087255.138961,50,9.555564,1.099232
worker_6,161,1788087255.148553,50,9.546657,1.098720
worker_6,162,1788087255.158135,50,9.552195,1.095392
worker_6,163,1788087255.167723,50,9.712196,1.097568
worker_6,164,1788087255.177476,50,9.548593,1.097504
worker_6,165,1788087255.187069,50,9.367665,1.101920
worker_6,166,1788087255.196489,50,9.543861,1.097120
worker_6,167,1788087255.206067,50,9.572954,1.098112
worker_6,168,1788087255.215675,50,9.553888,1.100672
worker_6,169,1788087255.225267,50,9.555981,1.097152
worker_6,170,1788087255.234857,50,9.547167,1.098624
worker_6,171,1788087255.244439,50,9.547287,1.098944
worker_6,172,1788087255.254020,50,9.553555,1.099136
worker_6,173,1788087255.263609,50,9.555491,1.097600
worker_6,174,1788087255.273195,50,9.545566,1.096160
worker_6,175,1788087255.282776,50,9.556686,1.102176
worker_6,176,1788087255.292366,50,9.554723,1.097216
worker_6,177,1788087255.301955,50,9.555862,1.097568
worker_6,178,1788087255.311545,50,9.547501,1.096160
worker_6,179,1788087255.321127,50,9.566131,1.097632
worker_6,180,1788087255.330731,50,9.545390,1.095744
worker_6,181,1788087255.340310,50,9.558464,1.097952
worker_6,182,1788087255.349905,50,9.550547,1.097312
worker_6,183,1788087255.359492,50,9.545537,1.097472
worker_6,184,1788087255.369073,50,9.553140,1.097184
worker_6,185,1788087255.378670,50,9.557334,1.097792
worker_6,186,1788087255.388264,50,9.542742,1.097344
worker_6,187,1788087255.397843,50,9.538742,1.097696
worker_6,188,1788087255.407416,50,9.774512,1.097728
worker_6,189,1788087255.417236,50,9.329268,1.098816
worker_6,190,1788087255.426607,50,9.531972,1.098624
worker_6,191,1788087255.436172,50,9.565140,1.101024
worker_6,192,1788087255.445771,50,9.558306,1.095392
worker_6,193,1788087255.455361,50,9.556944,1.099520
worker_6,194,1788087255.464952,50,9.542593,1.097344
worker_6,195,1788087255.474526,50,9.565251,1.097024
worker_6,196,1788087255.484127,50,9.563418,1.104032
worker_6,197,1788087255.493726,50,9.554001,1.097472
worker_6,198,1788087255.503314,50,9.721316,1.098176
worker_6,199,1788087255.513074,50,9.416407,1.097536
worker_6,200,1788087255.522535,50,9.513824,1.098784
worker_6,201,1788087255.532083,50,9.561528,1.100000
worker_6,202,1788087255.541679,50,9.536610,1.097248
worker_6,203,1788087255.551249,50,9.549749,1.099200
worker_6,204,1788087255.560834,50,9.549509,1.102240
worker_6,205,1788087255.570432,50,9.528851,1.099552
worker_6,206,1788087255.579995,50,9.552019,1.097856
worker_6,207,1788087255.589583,50,9.540195,1.098464
worker_6,208,1788087255.599158,50,9.585603,1.099072
worker_6,209,1788087255.608780,50,9.751826,1.104768
worker_6,210,1788087255.618582,50,9.536992,1.099040
worker_6,211,1788087255.628166,50,9.357469,1.099264
worker_6,212,1788087255.637560,50,9.537306,1.097696
worker_6,213,1788087255.647135,50,9.556065,1.098304
worker_6,214,1788087255.656725,50,9.548926,1.097760
worker_6,215,1788087255.666311,50,9.545602,1.098016
worker_6,216,1788087255.675890,50,9.548936,1.098656
worker_6,217,1788087255.685475,50,9.552084,1.097472
worker_6,218,1788087255.695061,50,9.571824,1.104384
worker_6,219,1788087255.704668,50,9.538407,1.097248
worker_6,220,1788087255.714243,50,9.543268,1.097312
worker_6,221,1788087255.723822,50,9.564009,1.098400
worker_6,222,1788087255.733421,50,9.552602,1.099552
worker_6,223,1788087255.743009,50,9.556714,1.099744
worker_6,224,1788087255.752612,50,9.554112,1.098720
worker_6,225,1788087255.762202,50,9.539750,1.097856
worker_6,226,1788087255.771776,50,9.546528,1.098080
worker_6,227,1788087255.781355,50,9.550594,1.096960
worker_6,228,1788087255.790941,50,9.715844,1.098528
worker_6,229,1788087255.800698,50,9.373600,1.097952
worker_6,230,1788087255.810107,50,9.558546,1.097536
worker_6,231,1788087255.819700,50,9.552000,1.102048
worker_6,232,1788087255.829289,50,9.573426,1.099840
worker_6,233,1788087255.838899,50,9.548250,1.098560
worker_6,234,1788087255.848483,50,9.545398,1.096928
worker_6,235,1788087255.858060,50,9.586149,1.098720
worker_6,236,1788087255.867679,50,9.558806,1.099680
worker_6,237,1788087255.877272,50,9.552788,1.098176
worker_6,238,1788087255.886859,50,9.722150,1.099328
worker_6,239,1788087255.896623,50,9.374620,1.097216
worker_6,240,1788087255.906034,50,9.530824,1.097728
worker_6,241,1788087255.915599,50,9.556453,1.097056
worker_6,242,1788087255.925190,50,9.558815,1.099584
worker_6,243,1788087255.934784,50,9.545527,1.098496
worker_6,244,1788087255.944373,50,9.536407,1.099840
worker_6,245,1788087255.953945,50,9.543806,1.097792
worker_6,246,1788087255.963523,50,9.558492,1.098400
worker_6,247,1788087255.973116,50,9.545751,1.100160
worker_6,248,1788087255.982696,50,9.565205,1.098592
worker_6,249,1788087255.992298,50,9.549955,1.099040
worker_6,250,1788087256.001884,50,9.539204,1.097952
worker_6,251,1788087256.011456,50,9.571214,1.099200
worker_6,252,1788087256.021062,50,9.547862,1.098592
worker_6,253,1788087256.030643,50,9.582094,1.097888
worker_6,254,1788087256.040259,50,9.543277,1.097152
worker_6,255,1788087256.049839,50,9.543769,1.098400
worker_6,256,1788087256.059417,50,9.563844,1.101280
worker_6,257,1788087256.069012,50,9.557742,1.098816
worker_6,258,1788087256.078605,50,9.558899,1.098016
worker_6,259,1788087256.088201,50,9.541445,1.098784
worker_6,260,1788087256.097776,50,9.557121,1.096832
worker_6,261,1788087256.107367,50,9.561482,1.097472
worker_6,262,1788087256.116963,50,9.551075,1.097760
worker_6,263,1788087256.126558,50,9.550399,1.099136
worker_6,264,1788087256.136145,50,9.537594,1.096448
worker_6,265,1788087256.145717,50,9.550612,1.099200
worker_6,266,1788087256.155301,50,9.546501,1.098400
worker_6,267,1788087256.164881,50,9.724752,1.097728
worker_6,268,1788087256.174647,50,9.558722,1.097696
worker_6,269,1788087256.184265,50,9.345694,1.100928
worker_6,270,1788087256.193649,50,9.539860,1.097120
worker_6,271,1788087256.203223,50,9.550722,1.097600
worker_6,272,1788087256.212807,50,9.559483,1.098112
worker_6,273,1788087256.222402,50,9.543964,1.097280
worker_6,274,1788087256.231982,50,9.563251,1.110176
worker_6,275,1788087256.241582,50,9.540648,1.097952
worker_6,276,1788087256.251158,50,9.549102,1.097504
worker_6,277,1788087256.260743,50,9.545916,1.097824
worker_6,278,1788087256.270325,50,9.549371,1.097024
worker_6,279,1788087256.279910,50,9.546649,1.097376
worker_6,280,1788087256.289492,50,9.539648,1.095904
worker_6,281,1788087256.299062,50,9.749216,1.103424
worker_6,282,1788087256.308851,50,9.366693,1.097920
worker_6,283,1788087256.318264,50,9.547814,1.098656
worker_6,284,1788087256.327854,50,9.546528,1.097888
worker_6,285,1788087256.337436,50,9.562102,1.099872
worker_6,286,1788087256.347032,50,9.573684,1.106400
worker_6,287,1788087256.356641,50,9.545140,1.097664
worker_6,288,1788087256.366222,50,9.558649,1.098880
worker_6,289,1788087256.375816,50,9.570823,1.097408
worker_6,290,1788087256.385422,50,9.547740,1.097632
worker_6,291,1788087256.395001,50,9.726483,1.096640
worker_6,292,1788087256.404768,50,9.363239,1.097568
worker_6,293,1788087256.414170,50,9.538814,1.097952
worker_6,294,1788087256.423745,50,9.535185,1.098400
worker_6,295,1788087256.433316,50,9.579575,1.099136
worker_6,296,1788087256.442934,50,9.544120,1.097504
worker_6,297,1788087256.452513,50,9.563028,1.099104
worker_6,298,1788087256.462112,50,9.541130,1.098272
worker_6,299,1788087256.471689,50,9.560815,1.097760
worker_6,300,1788087256.481284,50,9.579102,1.101152
worker_6,301,1788087256.490898,50,9.724121,1.097920
worker_6,302,1788087256.500674,50,9.357212,1.097088
worker_6,303,1788087256.510067,50,9.542148,1.096352
worker_6,304,1788087256.519649,50,9.540436,1.096672
worker_6,305,1788087256.529224,50,9.548306,1.097824
worker_6,306,1788087256.538809,50,9.546862,1.097024
worker_6,307,1788087256.548388,50,9.551880,1.097824
worker_6,308,1788087256.557975,50,9.554806,1.097504
worker_6,309,1788087256.567565,50,9.551770,1.099200
worker_6,310,1788087256.577234,50,9.631631,1.098528
worker_6,311,1788087256.586901,50,9.693992,1.100448
worker_6,312,1788087256.596636,50,9.404545,1.098368
worker_6,313,1788087256.606074,50,9.532658,1.097280
worker_6,314,1788087256.615642,50,9.580464,1.097472
worker_6,315,1788087256.625258,50,9.475009,1.097952
worker_6,316,1788087256.634767,50,9.489380,1.098464
worker_6,317,1788087256.644289,50,9.714418,1.095904
worker_6,318,1788087256.654037,50,9.417804,1.096896
worker_6,319,1788087256.663488,50,9.526464,1.100576
worker_6,320,1788087256.673048,50,9.556844,1.098784
worker_6,321,1788087256.682640,50,9.543296,1.097440
worker_6,322,1788087256.692238,50,9.536769,1.097792
worker_6,323,1788087256.701809,50,9.555038,1.098240
worker_6,324,1788087256.711396,50,9.575316,1.098432
worker_6,325,1788087256.721007,50,9.557862,1.097728
worker_6,326,1788087256.730599,50,9.543510,1.095520
worker_6,327,1788087256.740180,50,9.538028,1.097280
worker_6,328,1788087256.749753,50,9.551853,1.097952
worker_6,329,1788087256.759335,50,9.557871,1.099904
worker_6,330,1788087256.768927,50,9.538731,1.096864
worker_6,331,1788087256.778497,50,9.579139,1.097312
worker_6,332,1788087256.788112,50,9.538000,1.098656
worker_6,333,1788087256.797687,50,9.561843,1.099200
worker_6,334,1788087256.807283,50,9.544000,1.099008
worker_6,335,1788087256.816858,50,9.560417,1.097280
worker_6,336,1788087256.826454,50,9.551112,1.097984
worker_6,337,1788087256.836038,50,9.551704,1.099264
worker_6,338,1788087256.845624,50,9.549305,1.097696
worker_6,339,1788087256.855209,50,9.560629,1.097440
worker_6,340,1788087256.864806,50,9.574898,1.097952
worker_6,341,1788087256.874428,50,9.526648,1.097952
worker_6,342,1788087256.883993,50,9.551797,1.097408
worker_6,343,1788087256.893578,50,9.551221,1.097984
worker_6,344,1788087256.903166,50,9.574686,1.098368
worker_6,345,1788087256.912778,50,9.542888,1.099648
worker_6,346,1788087256.922359,50,9.548888,1.097600
worker_6,347,1788087256.931943,50,9.543296,1.098720
worker_6,348,1788087256.941523,50,9.549592,1.099968
worker_6,349,1788087256.951105,50,9.551242,1.096800
worker_6,350,1788087256.960696,50,9.548917,1.097568
worker_6,351,1788087256.970286,50,9.560361,1.098976
worker_6,352,1788087256.979882,50,9.553314,1.106144
worker_6,353,1788087256.989475,50,9.528018,1.096832
worker_6,354,1788087256.999038,50,9.741003,1.099072
worker_6,355,1788087257.008820,50,9.357600,1.097824
worker_6,356,1788087257.018211,50,9.571658,1.097920
worker_6,357,1788087257.027819,50,9.539638,1.096896
worker_6,358,1788087257.037396,50,9.553258,1.097536
worker_6,359,1788087257.046982,50,9.548074,1.097952
worker_6,360,1788087257.056565,50,9.560250,1.097696
worker_6,361,1788087257.066174,50,9.533824,1.099104
worker_6,362,1788087257.075741,50,9.546195,1.098720
worker_6,363,1788087257.085321,50,9.555649,1.099200
worker_6,364,1788087257.094908,50,9.735743,1.103712
worker_6,365,1788087257.104683,50,9.371397,1.097120
worker_6,366,1788087257.114090,50,9.553982,1.100384
worker_6,367,1788087257.123681,50,9.537685,1.096832
worker_6,368,1788087257.133255,50,9.559547,1.099648
worker_6,369,1788087257.142848,50,9.548214,1.098208
worker_6,370,1788087257.152436,50,9.540936,1.096096
worker_6,371,1788087257.162014,50,9.539649,1.097952
worker_6,372,1788087257.171592,50,9.550316,1.097536
worker_6,373,1788087257.181177,50,9.549130,1.099360
worker_6,374,1788087257.190763,50,9.546759,1.099392
worker_6,375,1788087257.200346,50,9.543908,1.096960
worker_6,376,1788087257.209921,50,9.548741,1.097536
worker_6,377,1788087257.219505,50,9.553232,1.097952
worker_6,378,1788087257.229093,50,9.546963,1.096640
worker_6,379,1788087257.238673,50,9.551102,1.096640
worker_6,380,1788087257.248268,50,9.537213,1.099200
worker_6,381,1788087257.257840,50,9.559260,1.096992
worker_6,382,1788087257.267431,50,9.565824,1.096000
worker_6,383,1788087257.277034,50,9.554046,1.097600
worker_6,384,1788087257.286619,50,9.569546,1.100480
worker_6,385,1788087257.296235,50,9.531852,1.095936
worker_6,386,1788087257.305804,50,9.559944,1.097056
worker_6,387,1788087257.315397,50,9.547575,1.098368
worker_6,388,1788087257.324979,50,9.562075,1.098720
worker_6,389,1788087257.334576,50,9.544268,1.096608
worker_6,390,1788087257.344153,50,9.570352,1.100000
worker_6,391,1788087257.353760,50,9.535546,1.097600
worker_6,392,1788087257.363329,50,9.564835,1.097536
worker_6,393,1788087257.372929,50,9.559685,1.097728
worker_6,394,1788087257.382523,50,9.547370,1.097472
worker_6,395,1788087257.392100,50,9.554843,1.097856
worker_6,396,1788087257.401687,50,9.547297,1.098240
worker_6,397,1788087257.411269,50,9.579083,1.095776
worker_6,398,1788087257.420882,50,9.581880,1.098880
worker_6,399,1788087257.430500,50,9.550964,1.097632
worker_6,400,1788087257.440093,50,9.564612,1.105952
worker_6,401,1788087257.449695,50,9.548093,1.098176
worker_6,402,1788087257.459279,50,9.549242,1.098720
worker_6,403,1788087257.468863,50,9.569427,1.097248
worker_6,404,1788087257.478467,50,9.561177,1.098976
worker_6,405,1788087257.488063,50,9.546945,1.097824
worker_6,406,1788087257.497644,50,9.553177,1.097600
worker_6,407,1788087257.507233,50,9.557168,1.098240
worker_6,408,1788087257.516825,50,9.545936,1.097600
worker_6,409,1788087257.526405,50,9.539409,1.098336
worker_6,410,1788087257.535980,50,9.563853,1.108544
worker_6,411,1788087257.545581,50,9.546621,1.097792
worker_6,412,1788087257.555164,50,9.542464,1.097536
worker_6,413,1788087257.564740,50,9.554325,1.097600
worker_6,414,1788087257.574329,50,9.579917,1.097376
worker_6,415,1788087257.583944,50,9.662289,1.097728
worker_6,416,1788087257.593639,50,9.436657,1.096896
worker_6,417,1788087257.603114,50,9.681752,1.096992
worker_6,418,1788087257.612833,50,9.550186,1.097632
worker_6,419,1788087257.622430,50,9.539510,1.098400
worker_6,420,1788087257.632004,50,9.515796,1.097888
worker_6,421,1788087257.641557,50,9.608871,1.097248
worker_6,422,1788087257.651199,50,9.471879,1.100256
worker_6,423,1788087257.660710,50,9.478416,1.097952
worker_6,424,1788087257.670224,50,9.548111,1.099072
worker_6,425,1788087257.679806,50,9.551880,1.099136
worker_6,426,1788087257.689391,50,9.551334,1.098912
worker_6,427,1788087257.698975,50,9.921651,1.099200
worker_6,428,1788087257.708937,50,9.237886,1.099328
worker_6,429,1788087257.718212,50,9.653983,1.098240
worker_6,430,1788087257.727900,50,9.398581,1.105248
worker_6,431,1788087257.737334,50,9.559649,1.097440
worker_6,432,1788087257.746929,50,9.536241,1.096928
worker_6,433,1788087257.756500,50,9.544833,1.098816
worker_6,434,1788087257.766079,50,9.585084,1.098912
worker_6,435,1788087257.775701,50,9.540175,1.097344
worker_6,436,1788087257.785279,50,9.577667,1.100000
worker_6,437,1788087257.794892,50,9.734779,1.100480
worker_6,438,1788087257.804669,50,9.377452,1.099168
worker_6,439,1788087257.814095,50,9.530880,1.097120
worker_6,440,1788087257.823662,50,9.545870,1.098144
worker_6,441,1788087257.833242,50,9.555177,1.097984
worker_6,442,1788087257.842829,50,9.562833,1.099456
worker_6,443,1788087257.852430,50,9.546787,1.097664
worker_6,444,1788087257.862014,50,9.542195,1.097472
worker_6,445,1788087257.871591,50,9.558880,1.098688
worker_6,446,1788087257.881187,50,9.548639,1.098944
worker_6,447,1788087257.890773,50,9.719891,1.099136
worker_6,448,1788087257.900535,50,9.364991,1.097632
worker_6,449,1788087257.909936,50,9.544844,1.097472
worker_6,450,1788087257.919516,50,9.541620,1.098208
worker_6,451,1788087257.929093,50,9.548907,1.097408
worker_6,452,1788087257.938675,50,9.555657,1.097504
worker_6,453,1788087257.948267,50,9.555518,1.097440
worker_6,454,1788087257.957857,50,9.555418,1.095552
worker_6,455,1788087257.967447,50,9.546935,1.097952
worker_6,456,1788087257.977029,50,9.545417,1.097408
worker_6,457,1788087257.986608,50,9.550870,1.096992
worker_6,458,1788087257.996208,50,9.581963,1.097824
worker_6,459,1788087258.005825,50,9.563055,1.098272
worker_6,460,1788087258.015420,50,9.558038,1.097952
worker_6,461,1788087258.025013,50,9.573659,1.099040
worker_6,462,1788087258.034622,50,9.537140,1.097120
worker_6,463,1788087258.044194,50,9.544714,1.097536
worker_6,464,1788087258.053861,50,9.462239,1.097632
worker_6,465,1788087258.063360,50,9.544528,1.098368
worker_6,466,1788087258.072940,50,9.551343,1.097952
worker_6,467,1788087258.082526,50,9.570723,1.097792
worker_6,468,1788087258.092132,50,9.543464,1.097248
worker_6,469,1788087258.101710,50,9.565010,1.097632
worker_6,470,1788087258.111308,50,9.544233,1.099008
worker_6,471,1788087258.120886,50,9.556612,1.098816
worker_6,472,1788087258.130479,50,9.581704,1.098176
worker_6,473,1788087258.140095,50,9.545862,1.096864
worker_6,474,1788087258.149676,50,9.558927,1.099232
worker_6,475,1788087258.159270,50,9.548732,1.099456
worker_6,476,1788087258.168856,50,9.553232,1.098272
worker_6,477,1788087258.178445,50,9.557112,1.097600
worker_6,478,1788087258.188049,50,9.533510,1.098368
worker_6,479,1788087258.197620,50,9.551872,1.097600
worker_6,480,1788087258.207208,50,9.551093,1.097952
worker_6,481,1788087258.216794,50,9.562593,1.096800
worker_6,482,1788087258.226393,50,9.544279,1.098976
worker_6,483,1788087258.235973,50,9.572520,1.108192
worker_6,484,1788087258.245580,50,9.548066,1.097728
worker_6,485,1788087258.255163,50,9.545343,1.097152
worker_6,486,1788087258.264740,50,9.554890,1.098528
worker_6,487,1788087258.274330,50,9.539473,1.099200
worker_6,488,1788087258.283908,50,9.550075,1.097536
worker_6,489,1788087258.293493,50,9.557612,1.099232
worker_6,490,1788087258.303086,50,9.552112,1.101824
worker_6,491,1788087258.312673,50,9.546472,1.097568
worker_6,492,1788087258.322254,50,9.550565,1.097920
worker_6,493,1788087258.331841,50,9.548667,1.097376
worker_6,494,1788087258.341423,50,9.562584,1.097952
worker_6,495,1788087258.351022,50,9.559741,1.102688
worker_6,496,1788087258.360617,50,9.565695,1.099328
worker_6,497,1788087258.370227,50,9.533713,1.097728
worker_6,498,1788087258.379794,50,9.566528,1.097888
worker_6,499,1788087258.389395,50,9.554194,1.097184
worker_6,500,1788087258.398984,50,9.544436,1.098944
worker_6,501,1788087258.408563,50,9.542214,1.096960
worker_6,502,1788087258.418142,50,9.553390,1.099296
worker_6,503,1788087258.427736,50,9.551463,1.099072
worker_6,504,1788087258.437324,50,9.573704,1.099008
worker_6,505,1788087258.446934,50,9.551324,1.098304
worker_6,506,1788087258.456521,50,9.716113,1.097952
worker_6,507,1788087258.466277,50,9.557630,1.097280
worker_6,508,1788087258.475882,50,9.355369,1.097376
worker_6,509,1788087258.485276,50,9.538491,1.099104
worker_6,510,1788087258.494850,50,9.552954,1.097984
worker_6,511,1788087258.504438,50,9.719067,1.097728
worker_6,512,1788087258.514198,50,9.397980,1.099872
worker_6,513,1788087258.523639,50,9.525102,1.100288
worker_6,514,1788087258.533198,50,9.556029,1.098816
worker_6,515,1788087258.542790,50,9.550528,1.097792
worker_6,516,1788087258.552375,50,9.547417,1.097728
worker_6,517,1788087258.561971,50,9.544047,1.097760
worker_6,518,1788087258.571551,50,9.701177,1.099584
worker_6,519,1788087258.581288,50,9.414184,1.096608
worker_6,520,1788087258.590737,50,9.858151,1.097824
worker_6,521,1788087258.600636,50,9.403175,1.095904
worker_6,522,1788087258.610084,50,9.508389,1.097152
worker_6,523,1788087258.619627,50,9.421629,1.099744
worker_6,524,1788087258.629083,50,9.685845,1.097568
worker_6,525,1788087258.638803,50,9.555797,1.097952
worker_6,526,1788087258.648394,50,9.561982,1.097984
worker_6,527,1788087258.657995,50,9.378796,1.097760
worker_6,528,1788087258.667415,50,9.544677,1.098112
worker_6,529,1788087258.676994,50,9.573029,1.098720
worker_6,530,1788087258.686603,50,9.548797,1.097952
worker_6,531,1788087258.696186,50,9.562936,1.101472
worker_6,532,1788087258.705782,50,9.553325,1.095712
worker_6,533,1788087258.715366,50,9.558436,1.099008
worker_6,534,1788087258.724960,50,9.555899,1.097312
worker_6,535,1788087258.734551,50,9.549899,1.097760
worker_6,536,1788087258.744146,50,9.548445,1.103552
worker_6,537,1788087258.753727,50,9.548630,1.099168
worker_6,538,1788087258.763311,50,9.552011,1.099232
worker_6,539,1788087258.772896,50,9.571001,1.096992
worker_6,540,1788087258.782503,50,9.581204,1.095616
worker_6,541,1788087258.792121,50,9.543814,1.098528
worker_6,542,1788087258.801698,50,9.557760,1.097280
worker_6,543,1788087258.811290,50,9.570825,1.099936
worker_6,544,1788087258.820895,50,9.545527,1.097696
worker_6,545,1788087258.830477,50,9.573084,1.098944
worker_6,546,1788087258.840083,50,9.548936,1.097728
worker_6,547,1788087258.849668,50,9.550029,1.097792
worker_6,548,1788087258.859251,50,9.558436,1.100224
worker_6,549,1788087258.868845,50,9.542464,1.099104
worker_6,550,1788087258.878420,50,9.722400,1.097216
worker_6,551,1788087258.888184,50,9.386639,1.098880
worker_6,552,1788087258.897607,50,9.532380,1.097280
worker_6,553,1788087258.907173,50,9.542916,1.097024
worker_6,554,1788087258.916751,50,9.542981,1.097056
worker_6,555,1788087258.926326,50,9.565760,1.097376
worker_6,556,1788087258.935942,50,9.539768,1.097728
worker_6,557,1788087258.945517,50,9.563418,1.097440
worker_6,558,1788087258.955118,50,9.540490,1.100352
worker_6,559,1788087258.964691,50,9.549964,1.096992
worker_6,560,1788087258.974276,50,9.542991,1.097472
worker_6,561,1788087258.983853,50,9.557926,1.099712
worker_6,562,1788087258.993446,50,9.567556,1.098240
worker_6,563,1788087259.003049,50,9.541649,1.097376
worker_6,564,1788087259.012624,50,9.549223,1.097408
worker_6,565,1788087259.022208,50,9.576778,1.099200
worker_6,566,1788087259.031822,50,9.547842,1.096320
worker_6,567,1788087259.041404,50,9.554527,1.097536
worker_6,568,1788087259.050994,50,9.548527,1.099360
worker_6,569,1788087259.060582,50,9.542008,1.095584
worker_6,570,1788087259.070157,50,9.549935,1.097248
worker_6,571,1788087259.079744,50,9.549916,1.097472
worker_6,572,1788087259.089329,50,9.553767,1.097984
worker_6,573,1788087259.098918,50,9.557056,1.099296
worker_6,574,1788087259.108506,50,9.575583,1.097120
worker_6,575,1788087259.118129,50,9.531008,1.096608
worker_6,576,1788087259.127694,50,9.734631,1.096224
worker_6,577,1788087259.137469,50,9.556750,1.096160
worker_6,578,1788087259.147071,50,9.523343,1.097472
worker_6,579,1788087259.156635,50,9.375554,1.097728
worker_6,580,1788087259.166047,50,9.552601,1.097856
worker_6,581,1788087259.175635,50,9.550082,1.099712
worker_6,582,1788087259.185219,50,9.563073,1.097984
worker_6,583,1788087259.194816,50,9.549472,1.097984
worker_6,584,1788087259.204399,50,9.548491,1.099040
worker_6,585,1788087259.213981,50,9.563158,1.097248
worker_6,586,1788087259.223578,50,9.554177,1.099584
worker_6,587,1788087259.233168,50,9.546722,1.099104
worker_6,588,1788087259.242749,50,9.728862,1.097952
worker_6,589,1788087259.252518,50,9.362508,1.096640
worker_6,590,1788087259.261918,50,9.541768,1.097920
worker_6,591,1788087259.271497,50,9.546435,1.102976
worker_6,592,1788087259.281079,50,9.539490,1.097248
worker_6,593,1788087259.290653,50,9.550482,1.098240
worker_6,594,1788087259.300250,50,9.549703,1.098528
worker_6,595,1788087259.309844,50,9.543713,1.098784
worker_6,596,1788087259.319422,50,9.545703,1.097664
worker_6,597,1788087259.329002,50,9.570093,1.097376
worker_6,598,1788087259.338609,50,9.541565,1.097984
worker_6,599,1788087259.348187,50,9.556353,1.098656
worker_6,600,1788087259.357779,50,9.555704,1.096896
worker_6,601,1788087259.367372,50,9.550668,1.099328
worker_6,602,1788087259.376961,50,9.547250,1.096256
worker_6,603,1788087259.386547,50,9.546862,1.098208
worker_6,604,1788087259.396127,50,9.551445,1.099360
worker_6,605,1788087259.405715,50,9.556751,1.099200
worker_6,606,1788087259.415305,50,9.570723,1.099328
worker_6,607,1788087259.424909,50,9.556603,1.098432
worker_6,608,1788087259.434502,50,9.561344,1.098272
worker_6,609,1788087259.444100,50,9.550130,1.097312
worker_6,610,1788087259.453684,50,9.548778,1.096608
worker_6,611,1788087259.463269,50,9.573973,1.099648
worker_6,612,1788087259.472879,50,9.542279,1.098464
worker_6,613,1788087259.482454,50,9.573696,1.098080
worker_6,614,1788087259.492075,50,9.530787,1.097952
worker_6,615,1788087259.501644,50,9.548955,1.097088
worker_6,616,1788087259.511228,50,9.547538,1.099680
worker_6,617,1788087259.520811,50,9.553455,1.101280
worker_6,618,1788087259.530483,50,9.471009,1.098016
worker_6,619,1788087259.539992,50,9.558676,1.105120
worker_6,620,1788087259.549587,50,9.540657,1.097248
worker_6,621,1788087259.559162,50,9.548685,1.097632
worker_6,622,1788087259.568745,50,9.552861,1.099872
worker_6,623,1788087259.578333,50,9.706048,1.098976
worker_6,624,1788087259.588073,50,9.554110,1.097952
worker_6,625,1788087259.597661,50,9.555694,1.097408
worker_6,626,1788087259.607250,50,9.559860,1.097536
worker_6,627,1788087259.616847,50,9.543870,1.098592
worker_6,628,1788087259.626427,50,9.567732,1.096352
worker_6,629,1788087259.636027,50,9.548936,1.097216
worker_6,630,1788087259.645612,50,9.432803,1.098304
worker_6,631,1788087259.655077,50,9.680519,1.098592
worker_6,632,1788087259.664796,50,9.378128,1.098016
worker_6,633,1788087259.674211,50,9.549936,1.096928
worker_6,634,1788087259.683808,50,9.543074,1.099456
worker_6,635,1788087259.693387,50,9.550732,1.097216
worker_6,636,1788087259.702972,50,9.721594,1.097920
worker_6,637,1788087259.712734,50,9.371063,1.097536
worker_6,638,1788087259.722141,50,9.563824,1.098496
worker_6,639,1788087259.731740,50,9.558240,1.098144
worker_6,640,1788087259.741332,50,9.540712,1.098144
worker_6,641,1788087259.750906,50,9.567306,1.099616
worker_6,642,1788087259.760509,50,9.567463,1.098592
worker_6,643,1788087259.770110,50,9.565714,1.096096
worker_6,644,1788087259.779706,50,9.552870,1.097952
worker_6,645,1788087259.789294,50,9.553971,1.098272
worker_6,646,1788087259.798882,50,9.735297,1.101824
worker_6,647,1788087259.808658,50,9.373942,1.099008
worker_6,648,1788087259.818067,50,9.549741,1.098176
worker_6,649,1788087259.827654,50,9.544852,1.097248
worker_6,650,1788087259.837235,50,9.549518,1.097344
worker_6,651,1788087259.846816,50,9.560833,1.099232
worker_6,652,1788087259.856414,50,9.730641,1.097856
worker_6,653,1788087259.866196,50,9.365230,1.097536
worker_6,654,1788087259.875606,50,9.543593,1.096992
worker_6,655,1788087259.885187,50,9.537119,1.097568
worker_6,656,1788087259.894755,50,9.556064,1.097696
worker_6,657,1788087259.904345,50,9.540351,1.098720
worker_6,658,1788087259.913922,50,9.542796,1.097248
worker_6,659,1788087259.923500,50,9.555712,1.098496
worker_6,660,1788087259.933091,50,9.560435,1.099232
worker_6,661,1788087259.942687,50,9.552703,1.099040
worker_6,662,1788087259.952275,50,9.542888,1.097440
worker_6,663,1788087259.961852,50,9.546323,1.098944
worker_6,664,1788087259.971431,50,9.556120,1.097984
worker_6,665,1788087259.981019,50,9.562231,1.098368
worker_6,666,1788087259.990612,50,9.553305,1.097216
worker_6,667,1788087260.000201,50,9.554954,1.103072
worker_6,668,1788087260.009788,50,9.559797,1.097792
worker_6,669,1788087260.019384,50,9.547307,1.099616
worker_6,670,1788087260.028966,50,9.567325,1.097952
worker_6,671,1788087260.038568,50,9.543501,1.097920
worker_6,672,1788087260.048150,50,9.565325,1.099264
worker_6,673,1788087260.057763,50,9.528973,1.095520
worker_6,674,1788087260.067326,50,9.567714,1.097184
worker_6,675,1788087260.076928,50,9.547982,1.098464
worker_6,676,1788087260.086515,50,9.573362,1.097952
worker_6,677,1788087260.096124,50,9.544926,1.097504
worker_6,678,1788087260.105702,50,9.562723,1.099712
worker_6,679,1788087260.115299,50,9.558102,1.101216
worker_6,680,1788087260.124890,50,9.550862,1.096352
worker_6,681,1788087260.134478,50,9.562908,1.096864
worker_6,682,1788087260.144077,50,9.550750,1.097280
worker_6,683,1788087260.153663,50,9.540953,1.097216
worker_6,684,1788087260.163240,50,9.549334,1.102912
worker_6,685,1788087260.172825,50,9.552066,1.097920
worker_6,686,1788087260.182412,50,9.563038,1.097824
worker_6,687,1788087260.192010,50,9.549935,1.098176
worker_6,688,1788087260.201595,50,9.552240,1.098176
worker_6,689,1788087260.211183,50,9.543824,1.100000
worker_6,690,1788087260.220764,50,9.549797,1.099296
worker_6,691,1788087260.230349,50,9.547667,1.097088
worker_6,692,1788087260.239935,50,9.543269,1.098304
worker_6,693,1788087260.249513,50,9.563047,1.097440
worker_6,694,1788087260.259124,50,9.541602,1.098656
worker_6,695,1788087260.268702,50,9.549036,1.098976
worker_6,696,1788087260.278288,50,9.549417,1.098784
worker_6,697,1788087260.287873,50,9.545564,1.097472
worker_6,698,1788087260.297455,50,9.551231,1.097472
worker_6,699,1788087260.307045,50,9.730483,1.100640
worker_6,700,1788087260.316817,50,9.365610,1.097440
worker_6,701,1788087260.326216,50,9.547556,1.096928
worker_6,702,1788087260.335799,50,9.559399,1.098432
worker_6,703,1788087260.345391,50,9.553546,1.097952
worker_6,704,1788087260.354979,50,9.552259,1.097760
worker_6,705,1788087260.364566,50,9.556287,1.097056
worker_6,706,1788087260.374157,50,9.544982,1.097280
worker_6,707,1788087260.383734,50,9.565417,1.097952
worker_6,708,1788087260.393333,50,9.550398,1.098016
worker_6,709,1788087260.402918,50,9.563204,1.097344
worker_6,710,1788087260.412525,50,9.525538,1.099104
worker_6,711,1788087260.422086,50,9.539740,1.097952
worker_6,712,1788087260.431659,50,9.551351,1.099904
worker_6,713,1788087260.441245,50,9.552213,1.097952
worker_6,714,1788087260.450845,50,9.538638,1.098784
worker_6,715,1788087260.460417,50,9.544536,1.097728
worker_6,716,1788087260.469995,50,9.723603,1.096960
worker_6,717,1788087260.479749,50,9.505685,1.103072
worker_6,718,1788087260.489290,50,9.609695,1.097248
worker_6,719,1788087260.498932,50,9.467083,1.099232
worker_6,720,1788087260.508442,50,9.639650,1.099264
worker_6,721,1788087260.518119,50,9.458324,1.104864
worker_6,722,1788087260.527612,50,9.488583,1.096896
worker_6,723,1788087260.537135,50,9.562602,1.096672
worker_6,724,1788087260.546731,50,9.548870,1.097824
worker_6,725,1788087260.556315,50,9.541695,1.098496
worker_6,726,1788087260.565894,50,9.551973,1.095520
worker_6,727,1788087260.575479,50,9.704131,1.097120
worker_6,728,1788087260.585217,50,9.415647,1.099648
worker_6,729,1788087260.594666,50,9.694474,1.095776
worker_6,730,1788087260.604390,50,9.478777,1.099808
worker_6,731,1788087260.613903,50,9.624991,1.097280
worker_6,732,1788087260.623560,50,9.485953,1.103520
worker_6,733,1788087260.633089,50,9.469278,1.096768
worker_6,734,1788087260.642591,50,9.581000,1.099072
worker_6,735,1788087260.652205,50,9.555603,1.097376
worker_6,736,1788087260.661794,50,9.548695,1.097952
worker_6,737,1788087260.671374,50,9.571575,1.104736
worker_6,738,1788087260.680978,50,9.550047,1.097600
worker_6,739,1788087260.690559,50,9.561565,1.098464
worker_6,740,1788087260.700154,50,9.552796,1.098688
worker_6,741,1788087260.709741,50,9.747327,1.097952
worker_6,742,1788087260.719535,50,9.353952,1.096576
worker_6,743,1788087260.728924,50,9.568232,1.099712
worker_6,744,1788087260.738527,50,9.545111,1.099040
worker_6,745,1788087260.748102,50,9.564640,1.098304
worker_6,746,1788087260.757706,50,9.567112,1.106528
worker_6,747,1788087260.767306,50,9.542668,1.097952
worker_6,748,1788087260.776884,50,9.560195,1.096672
worker_6,749,1788087260.786474,50,9.558196,1.097536
worker_6,750,1788087260.796067,50,9.546927,1.097760
worker_6,751,1788087260.805650,50,9.541705,1.098304
worker_6,752,1788087260.815225,50,9.556881,1.096544
worker_6,753,1788087260.824825,50,9.536834,1.097696
worker_6,754,1788087260.834394,50,9.571936,1.097344
worker_6,755,1788087260.844000,50,9.547343,1.098176
worker_6,756,1788087260.853583,50,9.563445,1.097152
worker_6,757,1788087260.863182,50,9.539936,1.097472
worker_6,758,1788087260.872757,50,9.565427,1.097312
worker_6,759,1788087260.882353,50,9.548843,1.097728
worker_6,760,1788087260.891934,50,9.551963,1.097760
worker_6,761,1788087260.901523,50,9.541510,1.097216
worker_6,762,1788087260.911099,50,9.563085,1.102144
worker_6,763,1788087260.920697,50,9.547482,1.096992
worker_6,764,1788087260.930280,50,9.559057,1.097248
worker_6,765,1788087260.939871,50,9.744216,1.099584
worker_6,766,1788087260.949663,50,9.542668,1.098528
worker_6,767,1788087260.959253,50,9.346249,1.096352
worker_6,768,1788087260.968636,50,9.542575,1.097792
worker_6,769,1788087260.978210,50,9.571408,1.097376
worker_6,770,1788087260.987817,50,9.545593,1.101568
worker_6,771,1788087260.997395,50,9.573659,1.097920
worker_6,772,1788087261.007098,50,9.452296,1.097472
worker_6,773,1788087261.016585,50,9.541714,1.098560
worker_6,774,1788087261.026162,50,9.555047,1.097632
worker_6,775,1788087261.035751,50,9.549899,1.098656
worker_6,776,1788087261.045335,50,9.556390,1.097504
worker_6,777,1788087261.054927,50,9.729577,1.098528
worker_6,778,1788087261.064697,50,9.381128,1.098976
worker_6,779,1788087261.074114,50,9.552176,1.097728
worker_6,780,1788087261.083702,50,9.568399,1.098848
worker_6,781,1788087261.093304,50,9.550010,1.097952
worker_6,782,1788087261.102888,50,9.570343,1.110016
worker_6,783,1788087261.112494,50,9.562167,1.097088
worker_6,784,1788087261.122090,50,9.550325,1.096160
worker_6,785,1788087261.131671,50,9.582204,1.097408
worker_6,786,1788087261.141289,50,9.544269,1.097568
worker_6,787,1788087261.150867,50,9.567121,1.098656
worker_6,788,1788087261.160476,50,9.522656,1.098720
worker_6,789,1788087261.170034,50,9.552297,1.098688
worker_6,790,1788087261.179619,50,9.551528,1.100416
worker_6,791,1788087261.189204,50,9.563167,1.097248
worker_6,792,1788087261.198814,50,9.534888,1.097472
worker_6,793,1788087261.208383,50,9.548176,1.097920
worker_6,794,1788087261.217965,50,9.581491,1.099424
worker_6,795,1788087261.227579,50,9.561314,1.103136
worker_6,796,1788087261.237174,50,9.567352,1.097568
worker_6,797,1788087261.246777,50,9.730001,1.098592
worker_6,798,1788087261.256547,50,9.364120,1.097920
worker_6,799,1788087261.265951,50,9.542870,1.097184
worker_6,800,1788087261.275530,50,9.549584,1.101568
worker_6,801,1788087261.285114,50,9.547436,1.097056
worker_6,802,1788087261.294695,50,9.555945,1.097568
worker_6,803,1788087261.304288,50,9.535371,1.097344
worker_6,804,1788087261.313859,50,9.543777,1.097952
worker_6,805,1788087261.323437,50,9.553842,1.098336
worker_6,806,1788087261.333026,50,9.559509,1.098784
worker_6,807,1788087261.342621,50,9.542917,1.098496
worker_6,808,1788087261.352196,50,9.569195,1.099840
worker_6,809,1788087261.361799,50,9.545315,1.097664
worker_6,810,1788087261.371378,50,9.553408,1.097920
worker_6,811,1788087261.380980,50,9.558538,1.100000
worker_6,812,1788087261.390578,50,9.540584,1.097920
worker_6,813,1788087261.400155,50,9.545871,1.097760
worker_6,814,1788087261.409736,50,9.551955,1.097216
worker_6,815,1788087261.419322,50,9.565936,1.100032
worker_6,816,1788087261.428923,50,9.536214,1.097472
worker_6,817,1788087261.438491,50,9.573214,1.098784
worker_6,818,1788087261.448097,50,9.558196,1.097344
worker_6,819,1788087261.457689,50,9.554964,1.097568
worker_6,820,1788087261.467281,50,9.566390,1.100000
worker_6,821,1788087261.476882,50,9.552259,1.098848
worker_6,822,1788087261.486468,50,9.557009,1.097664
worker_6,823,1788087261.496061,50,9.547732,1.099072
worker_6,824,1788087261.505645,50,9.567834,1.097312
worker_6,825,1788087261.515248,50,9.565816,1.101984
worker_6,826,1788087261.524848,50,9.543325,1.098080
worker_6,827,1788087261.534425,50,9.548900,1.098912
worker_6,828,1788087261.544008,50,9.569807,1.099200
worker_6,829,1788087261.553612,50,9.736410,1.098528
worker_6,830,1788087261.563395,50,9.541204,1.096320
worker_6,831,1788087261.572994,50,9.340693,1.098880
worker_6,832,1788087261.582373,50,9.542409,1.098976
worker_6,833,1788087261.591950,50,9.549974,1.100032
worker_6,834,1788087261.601536,50,9.537557,1.097280
worker_6,835,1788087261.611108,50,9.543094,1.101600
worker_6,836,1788087261.620686,50,9.548113,1.099136
worker_6,837,1788087261.630270,50,9.560261,1.100800
worker_6,838,1788087261.639864,50,9.552445,1.097664
worker_6,839,1788087261.649451,50,9.544955,1.098368
worker_6,840,1788087261.659032,50,9.720567,1.099424
worker_6,841,1788087261.668794,50,9.365407,1.097952
worker_6,842,1788087261.678197,50,9.554029,1.098496
worker_6,843,1788087261.687785,50,9.554538,1.101440
worker_6,844,1788087261.697374,50,9.557112,1.098912
worker_6,845,1788087261.706964,50,9.555622,1.097312
worker_6,846,1788087261.716554,50,9.548390,1.098208
worker_6,847,1788087261.726137,50,9.553714,1.097344
worker_6,848,1788087261.735729,50,9.546492,1.099296
worker_6,849,1788087261.745309,50,9.572399,1.099904
worker_6,850,1788087261.754926,50,9.728437,1.102336
worker_6,851,1788087261.764696,50,9.399119,1.098656
worker_6,852,1788087261.774130,50,9.540898,1.097696
worker_6,853,1788087261.783707,50,9.562352,1.097824
worker_6,854,1788087261.793300,50,9.555436,1.098400
worker_6,855,1788087261.802890,50,9.562612,1.101632
worker_6,856,1788087261.812486,50,9.564622,1.098112
worker_6,857,1788087261.822086,50,9.540083,1.098496
worker_6,858,1788087261.831660,50,9.586927,1.095456
worker_6,859,1788087261.841283,50,9.552112,1.097792
worker_6,860,1788087261.850869,50,9.757077,1.100256
worker_6,861,1788087261.860669,50,9.348295,1.097760
worker_6,862,1788087261.870055,50,9.542381,1.097952
worker_6,863,1788087261.879633,50,9.552694,1.098272
worker_6,864,1788087261.889221,50,9.553519,1.097696
worker_6,865,1788087261.898808,50,9.551982,1.097920
worker_6,866,1788087261.908397,50,9.563362,1.097568
worker_6,867,1788087261.917993,50,9.550749,1.099392
worker_6,868,1788087261.927578,50,9.564619,1.098048
worker_6,869,1788087261.937176,50,9.559954,1.097792
worker_6,870,1788087261.946784,50,9.532397,1.098624
worker_6,871,1788087261.956353,50,9.542490,1.097952
worker_6,872,1788087261.965928,50,9.547833,1.097440
worker_6,873,1788087261.975509,50,9.547592,1.096448
worker_6,874,1788087261.985093,50,9.563797,1.097920
worker_6,875,1788087261.994691,50,9.559731,1.097568
worker_6,876,1788087262.004287,50,9.543824,1.098496
worker_6,877,1788087262.013865,50,9.543703,1.095616
worker_6,878,1788087262.023443,50,9.547759,1.098848
worker_6,879,1788087262.033028,50,9.566843,1.097312
worker_6,880,1788087262.042629,50,9.548722,1.097056
worker_6,881,1788087262.052226,50,9.564658,1.096736
worker_6,882,1788087262.061826,50,9.543407,1.098912
worker_6,883,1788087262.071405,50,9.552556,1.097536
worker_6,884,1788087262.080993,50,9.563907,1.097440
worker_6,885,1788087262.090589,50,9.572935,1.097024
worker_6,886,1788087262.100199,50,9.544695,1.099520
worker_6,887,1788087262.109778,50,9.553028,1.097344
worker_6,888,1788087262.119364,50,9.553964,1.103008
worker_6,889,1788087262.128967,50,9.538554,1.099552
worker_6,890,1788087262.138541,50,9.559240,1.098304
worker_6,891,1788087262.148135,50,9.556592,1.100672
worker_6,892,1788087262.157727,50,9.553240,1.097376
worker_6,893,1788087262.167315,50,9.541499,1.096704
worker_6,894,1788087262.176892,50,9.571945,1.097888
worker_6,895,1788087262.186498,50,9.544870,1.097664
worker_6,896,1788087262.196080,50,9.574009,1.110496
worker_6,897,1788087262.205690,50,9.541972,1.097984
worker_6,898,1788087262.215269,50,9.549408,1.098368
worker_6,899,1788087262.224853,50,9.556945,1.097952
worker_6,900,1788087262.234448,50,9.545352,1.097920
worker_6,901,1788087262.244029,50,9.568278,1.099712
worker_6,902,1788087262.253636,50,9.540343,1.095840
worker_6,903,1788087262.263210,50,9.551973,1.097920
worker_6,904,1788087262.272799,50,9.562231,1.097536
worker_6,905,1788087262.282395,50,9.563555,1.097568
worker_6,906,1788087262.291995,50,9.557925,1.097664
worker_6,907,1788087262.301591,50,9.545185,1.097792
worker_6,908,1788087262.311172,50,9.552787,1.101984
worker_6,909,1788087262.320770,50,9.537684,1.097984
worker_6,910,1788087262.330340,50,9.557203,1.097408
worker_6,911,1788087262.339935,50,9.549991,1.098784
worker_6,912,1788087262.349524,50,9.549556,1.098752
worker_6,913,1788087262.359111,50,9.561028,1.107424
worker_6,914,1788087262.368706,50,9.550426,1.097600
worker_6,915,1788087262.378293,50,9.543065,1.098944
worker_6,916,1788087262.387872,50,9.556371,1.101600
worker_6,917,1788087262.397464,50,9.538130,1.096416
worker_6,918,1788087262.407036,50,9.727779,1.098464
worker_6,919,1788087262.416804,50,9.365591,1.098560
worker_6,920,1788087262.426209,50,9.549371,1.097280
worker_6,921,1788087262.435793,50,9.549566,1.098400
worker_6,922,1788087262.445375,50,9.548751,1.097792
worker_6,923,1788087262.454960,50,9.549565,1.097920
worker_6,924,1788087262.464544,50,9.547251,1.098208
worker_6,925,1788087262.474128,50,9.552278,1.097824
worker_6,926,1788087262.483800,50,9.485684,1.098304
worker_6,927,1788087262.493320,50,9.558408,1.098336
worker_6,928,1788087262.502924,50,9.713141,1.099712
worker_6,929,1788087262.512678,50,9.384887,1.096864
worker_6,930,1788087262.522100,50,9.538167,1.098272
worker_6,931,1788087262.531673,50,9.575427,1.096992
worker_6,932,1788087262.541284,50,9.568056,1.100224
worker_6,933,1788087262.550883,50,9.561131,1.097952
worker_6,934,1788087262.560478,50,9.547723,1.098944
worker_6,935,1788087262.570060,50,9.561159,1.099968
worker_6,936,1788087262.579654,50,9.552279,1.096864
worker_6,937,1788087262.589239,50,9.559908,1.098016
worker_6,938,1788087262.598834,50,9.719067,1.096256
worker_6,939,1788087262.608594,50,9.375685,1.099200
worker_6,940,1788087262.618008,50,9.543056,1.096416
worker_6,941,1788087262.627582,50,9.552547,1.099040
worker_6,942,1788087262.637169,50,9.574871,1.098080
worker_6,943,1788087262.646778,50,9.557224,1.103904
worker_6,944,1788087262.656371,50,9.564028,1.097664
worker_6,945,1788087262.665972,50,9.539500,1.097760
worker_6,946,1788087262.675546,50,9.550233,1.099488
worker_6,947,1788087262.685131,50,9.558955,1.098400
worker_6,948,1788087262.694733,50,9.545815,1.097472
worker_6,949,1788087262.704313,50,9.724169,1.097504
worker_6,950,1788087262.714077,50,9.565279,1.097824
worker_6,951,1788087262.723690,50,9.347804,1.100000
worker_6,952,1788087262.733076,50,9.549870,1.097280
worker_6,953,1788087262.742659,50,9.569306,1.097920
worker_6,954,1788087262.752261,50,9.561464,1.097856
worker_6,955,1788087262.761857,50,9.550150,1.098240
worker_6,956,1788087262.771442,50,9.556269,1.098368
worker_6,957,1788087262.781031,50,9.557353,1.100000
worker_6,958,1788087262.790623,50,9.549205,1.097792
worker_6,959,1788087262.800206,50,9.574112,1.098176
worker_6,960,1788087262.809815,50,9.543492,1.097536
worker_6,961,1788087262.819392,50,9.559307,1.097888
worker_6,962,1788087262.828988,50,9.568640,1.096352
worker_6,963,1788087262.838589,50,9.553602,1.097856
worker_6,964,1788087262.848178,50,9.544121,1.099008
worker_6,965,1788087262.857757,50,9.556223,1.097472
worker_6,966,1788087262.867349,50,9.545547,1.098592
worker_6,967,1788087262.876940,50,9.536843,1.098272
worker_6,968,1788087262.886514,50,9.545231,1.096224
worker_6,969,1788087262.896094,50,9.535816,1.097248
worker_6,970,1788087262.905665,50,9.544602,1.097728
worker_6,971,1788087262.915242,50,9.551834,1.097568
worker_6,972,1788087262.924829,50,9.553140,1.096992
worker_6,973,1788087262.934421,50,9.543500,1.099296
worker_6,974,1788087262.943998,50,9.544176,1.097216
worker_6,975,1788087262.953576,50,9.559455,1.099296
worker_6,976,1788087262.963173,50,9.557714,1.099232
worker_6,977,1788087262.972765,50,9.547594,1.098976
worker_6,978,1788087262.982349,50,9.547574,1.097568
worker_6,979,1788087262.991932,50,9.549065,1.097952
worker_6,980,1788087263.001517,50,9.551306,1.098688
worker_6,981,1788087263.011101,50,9.553092,1.098400
worker_6,982,1788087263.020690,50,9.560278,1.097280
worker_6,983,1788087263.030286,50,9.542464,1.097952
worker_6,984,1788087263.039863,50,9.564667,1.099136
worker_6,985,1788087263.049463,50,9.553436,1.097664
worker_6,986,1788087263.059052,50,9.542621,1.097088
worker_6,987,1788087263.068634,50,9.551010,1.097696
worker_6,988,1788087263.078222,50,9.531658,1.097536
worker_6,989,1788087263.087788,50,9.570436,1.097792
worker_6,990,1788087263.097394,50,9.566316,1.097696
worker_6,991,1788087263.106998,50,9.711419,1.098432
worker_6,992,1788087263.116749,50,9.374629,1.097280
worker_6,993,1788087263.126166,50,9.537334,1.097952
worker_6,994,1788087263.135739,50,9.543778,1.098688
worker_6,995,1788087263.145319,50,9.536417,1.097952
worker_6,996,1788087263.154890,50,9.553713,1.097888
worker_6,997,1788087263.164478,50,9.549343,1.099968
worker_6,998,1788087263.174060,50,9.553519,1.098496
worker_6,999,1788087263.183648,50,9.549232,1.098304
worker_6,1000,1788087263.193231,50,9.550945,1.098272
worker_6,1001,1788087263.202815,50,9.739187,1.097888
worker_6,1002,1788087263.212599,50,9.366822,1.096384
worker_6,1003,1788087263.222004,50,9.542065,1.097536
worker_6,1004,1788087263.231582,50,9.565426,1.097344
worker_6,1005,1788087263.241181,50,9.564768,1.097792
worker_6,1006,1788087263.250787,50,9.537463,1.098240
worker_6,1007,1788087263.260362,50,9.541425,1.098208
worker_6,1008,1788087263.269939,50,9.548991,1.099008
worker_6,1009,1788087263.279525,50,9.541203,1.097696
worker_6,1010,1788087263.289101,50,9.548972,1.098880
worker_6,1011,1788087263.298685,50,9.559695,1.097920
worker_6,1012,1788087263.308280,50,9.541797,1.097024
worker_6,1013,1788087263.317861,50,9.550500,1.097664
worker_6,1014,1788087263.327448,50,9.547897,1.097856
worker_6,1015,1788087263.337031,50,9.554834,1.096832
worker_6,1016,1788087263.346621,50,9.552825,1.098848
worker_6,1017,1788087263.356209,50,9.546954,1.097952
worker_6,1018,1788087263.365793,50,9.556288,1.098752
worker_6,1019,1788087263.375383,50,9.563149,1.099744
worker_6,1020,1788087263.384982,50,9.548138,1.097504
worker_6,1021,1788087263.394566,50,9.556879,1.097504
worker_6,1022,1788087263.404160,50,9.544194,1.097024
worker_6,1023,1788087263.413740,50,9.558379,1.097536
worker_6,1024,1788087263.423330,50,9.566972,1.100704
worker_6,1025,1788087263.432933,50,9.539027,1.097280
worker_6,1026,1788087263.442518,50,9.536907,1.098912
worker_6,1027,1788087263.452089,50,9.550823,1.097568
worker_6,1028,1788087263.461679,50,9.549073,1.097568
worker_6,1029,1788087263.471263,50,9.552684,1.101184
worker_6,1030,1788087263.480853,50,9.550165,1.096384
worker_6,1031,1788087263.490437,50,9.565953,1.098016
worker_6,1032,1788087263.500040,50,9.548054,1.097856
worker_6,1033,1788087263.509622,50,9.553018,1.098592
worker_6,1034,1788087263.519207,50,9.554769,1.096224
worker_6,1035,1788087263.528795,50,9.570361,1.097888
worker_6,1036,1788087263.538401,50,9.551473,1.099072
worker_6,1037,1788087263.547988,50,9.565481,1.108928
worker_6,1038,1788087263.557588,50,9.561861,1.099264
worker_6,1039,1788087263.567184,50,9.547334,1.096576
worker_6,1040,1788087263.576766,50,9.862864,1.097952
worker_6,1041,1788087263.586669,50,9.569463,1.098848
worker_6,1042,1788087263.596285,50,9.388740,1.097728
worker_6,1043,1788087263.605720,50,9.358266,1.098016
worker_6,1044,1788087263.615116,50,9.548268,1.103040
worker_6,1045,1788087263.624715,50,9.699242,1.096960
worker_6,1046,1788087263.634454,50,9.395898,1.099840
worker_6,1047,1788087263.643894,50,9.526138,1.107648
worker_6,1048,1788087263.653456,50,9.543925,1.098528
worker_6,1049,1788087263.663033,50,9.547268,1.095808
worker_6,1050,1788087263.672617,50,9.551212,1.099296
worker_6,1051,1788087263.682204,50,9.551175,1.097568
worker_6,1052,1788087263.691792,50,9.549009,1.102880
worker_6,1053,1788087263.701376,50,9.552593,1.097888
worker_6,1054,1788087263.710967,50,9.710038,1.097600
worker_6,1055,1788087263.720719,50,9.376138,1.098752
worker_6,1056,1788087263.730130,50,9.550907,1.097024
worker_6,1057,1788087263.739716,50,9.549732,1.097952
worker_6,1058,1788087263.749303,50,9.541019,1.097856
worker_6,1059,1788087263.758879,50,9.558492,1.104128
worker_6,1060,1788087263.768472,50,9.562843,1.097472
worker_6,1061,1788087263.778070,50,9.547056,1.097728
worker_6,1062,1788087263.787653,50,9.554084,1.100864
worker_6,1063,1788087263.797244,50,9.551288,1.098816
worker_6,1064,1788087263.806829,50,9.730087,1.099040
worker_6,1065,1788087263.816618,50,9.351841,1.098368
worker_6,1066,1788087263.826008,50,9.554788,1.098304
worker_6,1067,1788087263.835601,50,9.555214,1.096928
worker_6,1068,1788087263.845193,50,9.557834,1.097600
worker_6,1069,1788087263.854783,50,9.547621,1.097856
worker_6,1070,1788087263.864362,50,9.554657,1.099264
worker_6,1071,1788087263.873951,50,9.538713,1.097376
worker_6,1072,1788087263.883521,50,9.555620,1.096704
worker_6,1073,1788087263.893111,50,9.559639,1.098144
worker_6,1074,1788087263.902706,50,9.728669,1.098176
worker_6,1075,1788087263.912476,50,9.359118,1.097408
worker_6,1076,1788087263.921870,50,9.556694,1.098400
worker_6,1077,1788087263.931458,50,9.553444,1.100000
worker_6,1078,1788087263.941049,50,9.541176,1.097856
worker_6,1079,1788087263.950714,50,9.476269,1.097696
worker_6,1080,1788087263.960236,50,9.530705,1.096352
worker_6,1081,1788087263.969805,50,9.554270,1.098624
worker_6,1082,1788087263.979394,50,9.571278,1.100928
worker_6,1083,1788087263.989003,50,9.540890,1.098144
worker_6,1084,1788087263.998588,50,9.543992,1.097472
worker_6,1085,1788087264.008168,50,9.560556,1.103648
worker_6,1086,1788087264.017762,50,9.543862,1.096064
worker_6,1087,1788087264.027344,50,9.546139,1.099584
worker_6,1088,1788087264.036927,50,9.543741,1.097536
worker_6,1089,1788087264.046506,50,9.560084,1.097056
worker_6,1090,1788087264.056100,50,9.559176,1.098752
worker_6,1091,1788087264.065696,50,9.557157,1.098848
worker_6,1092,1788087264.075289,50,9.571362,1.099872
worker_6,1093,1788087264.084896,50,9.542824,1.097696
worker_6,1094,1788087264.094478,50,9.540585,1.100704
worker_6,1095,1788087264.104057,50,9.539769,1.097824
worker_6,1096,1788087264.113629,50,9.558742,1.098880
worker_6,1097,1788087264.123222,50,9.560130,1.097728
worker_6,1098,1788087264.132819,50,9.554621,1.102368
worker_6,1099,1788087264.142412,50,9.538111,1.097536
worker_6,1100,1788087264.151990,50,9.544964,1.099680
worker_6,1101,1788087264.161571,50,9.550835,1.096832
worker_6,1102,1788087264.171160,50,9.551556,1.098272
worker_6,1103,1788087264.180747,50,9.548196,1.098688
worker_6,1104,1788087264.190338,50,9.556435,1.097600
worker_6,1105,1788087264.199929,50,9.556510,1.097344
worker_6,1106,1788087264.209521,50,9.555444,1.097952
worker_6,1107,1788087264.219112,50,9.548352,1.102688
worker_6,1108,1788087264.228693,50,9.551510,1.098112
worker_6,1109,1788087264.238277,50,9.539435,1.097376
worker_6,1110,1788087264.247848,50,9.562482,1.099808
worker_6,1111,1788087264.257449,50,9.536963,1.097248
worker_6,1112,1788087264.267020,50,9.556991,1.101152
worker_6,1113,1788087264.276615,50,9.552001,1.097984
worker_6,1114,1788087264.286202,50,9.545418,1.097440
worker_6,1115,1788087264.295784,50,9.565297,1.098240
worker_6,1116,1788087264.305384,50,9.563566,1.097824
worker_6,1117,1788087264.314981,50,9.732873,1.100928
worker_6,1118,1788087264.324755,50,9.368240,1.097600
worker_6,1119,1788087264.334159,50,9.545899,1.097920
worker_6,1120,1788087264.343741,50,9.553695,1.097824
worker_6,1121,1788087264.353330,50,9.558769,1.098336
worker_6,1122,1788087264.362924,50,9.549872,1.097920
worker_6,1123,1788087264.372525,50,9.549731,1.100000
worker_6,1124,1788087264.382108,50,9.555120,1.097344
worker_6,1125,1788087264.391698,50,9.563742,1.098976
worker_6,1126,1788087264.401294,50,9.564677,1.097696
worker_6,1127,1788087264.410894,50,9.719521,1.098496
worker_6,1128,1788087264.420654,50,9.374119,1.097344
worker_6,1129,1788087264.430068,50,9.535668,1.097088
worker_6,1130,1788087264.439639,50,9.553696,1.097280
worker_6,1131,1788087264.449229,50,9.548140,1.096512
worker_6,1132,1788087264.458812,50,9.552752,1.099072
worker_6,1133,1788087264.468405,50,9.544557,1.097632
worker_6,1134,1788087264.477987,50,9.538974,1.096640
worker_6,1135,1788087264.487559,50,9.547751,1.098752
worker_6,1136,1788087264.497140,50,9.552288,1.097024
worker_6,1137,1788087264.506730,50,9.730365,1.097152
worker_6,1138,1788087264.516500,50,9.365286,1.097216
worker_6,1139,1788087264.525903,50,9.542186,1.098144
worker_6,1140,1788087264.535479,50,9.549223,1.097952
worker_6,1141,1788087264.545061,50,9.549575,1.097920
worker_6,1142,1788087264.554644,50,9.549640,1.097408
worker_6,1143,1788087264.564248,50,9.542603,1.100096
worker_6,1144,1788087264.573827,50,9.709392,1.099232
worker_6,1145,1788087264.583571,50,9.463537,1.102368
worker_6,1146,1788087264.593070,50,9.496973,1.098336
worker_6,1147,1788087264.602599,50,9.556214,1.098176
worker_6,1148,1788087264.612186,50,9.555453,1.097856
worker_6,1149,1788087264.621776,50,9.561242,1.097376
worker_6,1150,1788087264.631371,50,9.556084,1.097920
worker_6,1151,1788087264.640963,50,9.540566,1.098496
worker_6,1152,1788087264.650537,50,9.565445,1.098176
worker_6,1153,1788087264.660139,50,9.547325,1.097792
worker_6,1154,1788087264.669718,50,9.560214,1.098400
worker_6,1155,1788087264.679317,50,9.543139,1.101408
worker_6,1156,1788087264.688894,50,9.550455,1.096352
worker_6,1157,1788087264.698480,50,9.535315,1.097984
worker_6,1158,1788087264.708048,50,9.560723,1.097568
worker_6,1159,1788087264.717643,50,9.546418,1.098240
worker_6,1160,1788087264.727223,50,9.547732,1.097760
worker_6,1161,1788087264.736800,50,9.567964,1.100736
worker_6,1162,1788087264.746415,50,9.535889,1.098368
worker_6,1163,1788087264.755984,50,9.555565,1.097920
worker_6,1164,1788087264.765575,50,9.541842,1.097216
worker_6,1165,1788087264.775154,50,9.549814,1.098336
worker_6,1166,1788087264.784741,50,9.545056,1.097920
worker_6,1167,1788087264.794319,50,9.548351,1.097920
worker_6,1168,1788087264.803902,50,9.554592,1.099072
worker_6,1169,1788087264.813491,50,9.546703,1.098048
worker_6,1170,1788087264.823072,50,9.548592,1.097504
worker_6,1171,1788087264.832655,50,9.549388,1.098976
worker_6,1172,1788087264.842240,50,9.547593,1.097856
worker_6,1173,1788087264.851821,50,9.568315,1.099328
worker_6,1174,1788087264.861424,50,9.557861,1.097120
worker_6,1175,1788087264.871017,50,9.743529,1.106432
worker_6,1176,1788087264.880803,50,9.375387,1.097696
worker_6,1177,1788087264.890219,50,9.533232,1.097024
worker_6,1178,1788087264.899789,50,9.550760,1.101408
worker_6,1179,1788087264.909374,50,9.557010,1.097952
worker_6,1180,1788087264.918966,50,9.545630,1.097376
worker_6,1181,1788087264.928546,50,9.553185,1.098464
worker_6,1182,1788087264.938140,50,9.546657,1.097184
worker_6,1183,1788087264.947718,50,9.550240,1.099104
worker_6,1184,1788087264.957304,50,9.554472,1.097280
worker_6,1185,1788087264.966892,50,9.734761,1.097728
worker_6,1186,1788087264.976668,50,9.360406,1.096096
worker_6,1187,1788087264.986068,50,9.549453,1.098272
worker_6,1188,1788087264.995654,50,9.544009,1.099136
worker_6,1189,1788087265.005233,50,9.551203,1.098656
worker_6,1190,1788087265.014817,50,9.553064,1.098528
worker_6,1191,1788087265.024409,50,9.547760,1.097920
worker_6,1192,1788087265.033991,50,9.552278,1.097632
worker_6,1193,1788087265.043578,50,9.569296,1.097952
worker_6,1194,1788087265.053182,50,9.554268,1.097728
worker_6,1195,1788087265.062770,50,9.747308,1.103296
worker_6,1196,1788087265.072558,50,9.381850,1.098368
worker_6,1197,1788087265.081977,50,9.544323,1.099808
worker_6,1198,1788087265.091557,50,9.541963,1.097600
worker_6,1199,1788087265.101134,50,9.549231,1.097952
worker_6,1200,1788087265.110717,50,9.553193,1.099008
worker_6,1201,1788087265.120316,50,9.535268,1.097312
worker_6,1202,1788087265.129887,50,9.555416,1.096448
worker_6,1203,1788087265.139476,50,9.546379,1.097440
worker_6,1204,1788087265.149055,50,9.564630,1.097376
worker_6,1205,1788087265.158656,50,9.544481,1.098304
worker_6,1206,1788087265.168247,50,9.551222,1.099712
worker_6,1207,1788087265.177835,50,9.544907,1.098304
worker_6,1208,1788087265.187417,50,9.731918,1.100320
worker_6,1209,1788087265.197190,50,9.560972,1.097824
worker_6,1210,1788087265.206797,50,9.531834,1.099456
worker_6,1211,1788087265.216370,50,9.377202,1.101120
worker_6,1212,1788087265.225784,50,9.546453,1.097792
worker_6,1213,1788087265.235367,50,9.554676,1.097856
worker_6,1214,1788087265.244957,50,9.555500,1.097952
worker_6,1215,1788087265.254547,50,9.553619,1.097952
worker_6,1216,1788087265.264134,50,9.552055,1.101888
worker_6,1217,1788087265.273721,50,9.562381,1.098432
worker_6,1218,1788087265.283318,50,9.547621,1.099520
worker_6,1219,1788087265.292897,50,9.565788,1.098400
worker_6,1220,1788087265.302493,50,9.552093,1.096288
worker_6,1221,1788087265.312091,50,9.558371,1.113408
worker_6,1222,1788087265.321685,50,9.553009,1.099424
worker_6,1223,1788087265.331272,50,9.548111,1.096896
worker_6,1224,1788087265.340855,50,9.550879,1.097280
worker_6,1225,1788087265.350441,50,9.552270,1.097984
worker_6,1226,1788087265.360030,50,9.556851,1.096448
worker_6,1227,1788087265.369624,50,9.539962,1.097792
worker_6,1228,1788087265.379199,50,9.549185,1.097952
worker_6,1229,1788087265.388785,50,9.550242,1.096896
worker_6,1230,1788087265.398448,50,9.479547,1.097408
worker_6,1231,1788087265.407964,50,9.545834,1.100896
worker_6,1232,1788087265.417545,50,9.543454,1.098560
worker_6,1233,1788087265.427122,50,9.550640,1.099520
worker_6,1234,1788087265.436710,50,9.547399,1.096832
worker_6,1235,1788087265.446295,50,9.542704,1.098304
worker_6,1236,1788087265.455870,50,9.562908,1.102464
worker_6,1237,1788087265.465468,50,9.539278,1.099744
worker_6,1238,1788087265.475039,50,9.549482,1.096800
worker_6,1239,1788087265.484622,50,9.554529,1.097760
worker_6,1240,1788087265.494226,50,9.545510,1.097376
worker_6,1241,1788087265.503806,50,9.541102,1.097920
worker_6,1242,1788087265.513382,50,9.543825,1.097920
worker_6,1243,1788087265.522962,50,9.716159,1.098432
worker_6,1244,1788087265.532718,50,9.382795,1.099136
worker_6,1245,1788087265.542138,50,9.552288,1.096032
worker_6,1246,1788087265.551723,50,9.555982,1.099040
worker_6,1247,1788087265.561314,50,9.574066,1.097536
worker_6,1248,1788087265.570923,50,9.550825,1.100000
worker_6,1249,1788087265.580509,50,9.551241,1.098816
worker_6,1250,1788087265.590093,50,9.568093,1.098848
worker_6,1251,1788087265.599696,50,9.546908,1.099936
worker_6,1252,1788087265.609277,50,9.570936,1.100000
worker_6,1253,1788087265.618882,50,9.725087,1.099520
worker_6,1254,1788087265.628648,50,9.377703,1.099712
worker_6,1255,1788087265.638062,50,9.572047,1.096576
worker_6,1256,1788087265.647670,50,9.543288,1.099552
worker_6,1257,1788087265.657246,50,9.551379,1.097568
worker_6,1258,1788087265.666832,50,9.555731,1.098784
worker_6,1259,1788087265.676425,50,9.543416,1.097632
worker_6,1260,1788087265.686014,50,9.551140,1.097792
worker_6,1261,1788087265.695602,50,9.557362,1.097664
worker_6,1262,1788087265.705197,50,9.545973,1.096512
worker_6,1263,1788087265.714778,50,9.730317,1.101184
worker_6,1264,1788087265.724552,50,9.384165,1.097504
worker_6,1265,1788087265.733973,50,9.543379,1.100000
worker_6,1266,1788087265.743555,50,9.553500,1.097440
worker_6,1267,1788087265.753143,50,9.553648,1.098432
worker_6,1268,1788087265.762732,50,9.542083,1.096512
worker_6,1269,1788087265.772310,50,9.544528,1.097344
worker_6,1270,1788087265.781892,50,9.549463,1.097152
worker_6,1271,1788087265.791475,50,9.559815,1.100576
worker_6,1272,1788087265.801071,50,9.552316,1.096608
worker_6,1273,1788087265.810657,50,9.551454,1.098624
worker_6,1274,1788087265.820253,50,9.537676,1.097824
worker_6,1275,1788087265.829823,50,9.567399,1.100128
worker_6,1276,1788087265.839423,50,9.565659,1.100160
worker_6,1277,1788087265.849024,50,9.542418,1.097408
worker_6,1278,1788087265.858600,50,9.578788,1.097088
worker_6,1279,1788087265.868232,50,9.527916,1.097600
worker_6,1280,1788087265.877796,50,9.554083,1.097536
worker_6,1281,1788087265.887386,50,9.544611,1.098528
worker_6,1282,1788087265.896968,50,9.563203,1.097952
worker_6,1283,1788087265.906567,50,9.555908,1.098560
worker_6,1284,1788087265.916160,50,9.552269,1.099520
worker_6,1285,1788087265.925749,50,9.545381,1.097600
worker_6,1286,1788087265.935331,50,9.558991,1.105792
worker_6,1287,1788087265.944927,50,9.544649,1.097920
worker_6,1288,1788087265.954508,50,9.568140,1.096544
worker_6,1289,1788087265.964111,50,9.549037,1.098016
worker_6,1290,1788087265.973697,50,9.549871,1.096320
worker_6,1291,1788087265.983282,50,9.578390,1.097952
worker_6,1292,1788087265.992897,50,9.542954,1.102464
worker_6,1293,1788087266.002476,50,9.547195,1.097504
worker_6,1294,1788087266.012062,50,9.541510,1.097824
worker_6,1295,1788087266.021640,50,9.553195,1.097472
worker_6,1296,1788087266.031227,50,9.572427,1.099808
worker_6,1297,1788087266.040835,50,9.550130,1.100032
worker_6,1298,1788087266.050421,50,9.549787,1.097248
worker_6,1299,1788087266.060016,50,9.526268,1.097376
worker_6,1300,1788087266.069577,50,9.550186,1.098528
worker_6,1301,1788087266.079163,50,9.562621,1.099648
worker_6,1302,1788087266.088762,50,9.539482,1.097888
worker_6,1303,1788087266.098338,50,9.547056,1.096256
worker_6,1304,1788087266.107916,50,9.561501,1.097696
worker_6,1305,1788087266.117513,50,9.551973,1.098720
worker_6,1306,1788087266.127100,50,9.538500,1.097376
worker_6,1307,1788087266.136674,50,9.548640,1.097664
worker_6,1308,1788087266.146258,50,9.553343,1.097472
worker_6,1309,1788087266.155848,50,9.560121,1.103168
worker_6,1310,1788087266.165444,50,9.542344,1.097248
worker_6,1311,1788087266.175022,50,9.726308,1.097568
worker_6,1312,1788087266.184788,50,9.368639,1.098112
worker_6,1313,1788087266.194192,50,9.542381,1.097312
worker_6,1314,1788087266.203767,50,9.559038,1.098944
worker_6,1315,1788087266.213362,50,9.544529,1.098368
worker_6,1316,1788087266.222942,50,9.550325,1.097568
worker_6,1317,1788087266.232530,50,9.560446,1.096320
worker_6,1318,1788087266.242136,50,9.534826,1.097440
worker_6,1319,1788087266.251706,50,9.553510,1.097216
worker_6,1320,1788087266.261292,50,9.572964,1.100704
worker_6,1321,1788087266.270900,50,9.540908,1.102016
worker_6,1322,1788087266.280477,50,9.560454,1.097568
worker_6,1323,1788087266.290071,50,9.548463,1.098400
worker_6,1324,1788087266.299654,50,9.560565,1.098944
worker_6,1325,1788087266.309248,50,9.562223,1.099584
worker_6,1326,1788087266.318846,50,9.577057,1.099200
worker_6,1327,1788087266.328464,50,9.523881,1.097984
worker_6,1328,1788087266.338027,50,9.542770,1.099168
worker_6,1329,1788087266.347603,50,9.552816,1.099648
worker_6,1330,1788087266.357195,50,9.543103,1.099040
worker_6,1331,1788087266.366771,50,9.556039,1.097536
worker_6,1332,1788087266.376363,50,9.542168,1.099040
worker_6,1333,1788087266.385939,50,9.547334,1.097408
worker_6,1334,1788087266.395522,50,9.544621,1.097600
worker_6,1335,1788087266.405099,50,9.568148,1.098720
worker_6,1336,1788087266.414701,50,9.546212,1.098528
worker_6,1337,1788087266.424281,50,9.733132,1.098112
worker_6,1338,1788087266.434073,50,9.341204,1.097952
worker_6,1339,1788087266.443452,50,9.543880,1.097632
worker_6,1340,1788087266.453028,50,9.554935,1.098912
worker_6,1341,1788087266.462618,50,9.550334,1.097056
worker_6,1342,1788087266.472202,50,9.590501,1.105600
worker_6,1343,1788087266.481825,50,9.546093,1.097408
worker_6,1344,1788087266.491407,50,9.550038,1.098592
worker_6,1345,1788087266.500992,50,9.573899,1.097920
worker_6,1346,1788087266.510601,50,9.546370,1.098176
worker_6,1347,1788087266.520184,50,9.546841,1.097952
worker_6,1348,1788087266.529768,50,9.554518,1.097472
worker_6,1349,1788087266.539357,50,9.543435,1.097120
worker_6,1350,1788087266.548939,50,9.552853,1.097984
worker_6,1351,1788087266.558527,50,9.549797,1.096192
worker_6,1352,1788087266.568110,50,9.543259,1.096896
worker_6,1353,1788087266.577686,50,9.723075,1.097952
worker_6,1354,1788087266.587443,50,9.535130,1.097952
worker_6,1355,1788087266.597014,50,9.558334,1.097760
worker_6,1356,1788087266.606607,50,9.438582,1.097344
worker_6,1357,1788087266.616088,50,9.504379,1.100448
worker_6,1358,1788087266.625627,50,9.580704,1.097920
worker_6,1359,1788087266.635254,50,9.504898,1.099072
worker_6,1360,1788087266.644796,50,9.535194,1.097824
worker_6,1361,1788087266.654357,50,9.554066,1.098752
worker_6,1362,1788087266.663932,50,9.774937,1.100864
worker_6,1363,1788087266.673753,50,9.336286,1.099360
worker_6,1364,1788087266.683114,50,9.556769,1.097856
worker_6,1365,1788087266.692689,50,9.560972,1.099584
worker_6,1366,1788087266.702268,50,9.573722,1.098976
worker_6,1367,1788087266.711859,50,9.561194,1.099392
worker_6,1368,1788087266.721438,50,9.782428,1.097728
worker_6,1369,1788087266.731269,50,9.383304,1.098400
worker_6,1370,1788087266.740700,50,9.496426,1.097600
worker_6,1371,1788087266.750231,50,9.608444,1.097472
worker_6,1372,1788087266.759867,50,9.493314,1.099328
worker_6,1373,1788087266.769385,50,9.573130,1.097408
worker_6,1374,1788087266.778978,50,9.578555,1.100480
worker_6,1375,1788087266.788575,50,9.571389,1.099744
worker_6,1376,1788087266.798163,50,9.574963,1.099392
worker_6,1377,1788087266.807767,50,9.568036,1.099264
worker_6,1378,1788087266.817353,50,9.570713,1.098880
worker_6,1379,1788087266.826940,50,9.782696,1.102272
worker_6,1380,1788087266.836773,50,9.531869,1.098080
worker_6,1381,1788087266.846432,50,9.471249,1.098144
worker_6,1382,1788087266.855953,50,9.524519,1.100960
worker_6,1383,1788087266.865525,50,9.548250,1.096736
worker_6,1384,1788087266.875121,50,9.539306,1.097920
worker_6,1385,1788087266.884705,50,9.538555,1.098880
worker_6,1386,1788087266.894291,50,9.547121,1.098560
worker_6,1387,1788087266.903884,50,9.529833,1.099904
worker_6,1388,1788087266.913461,50,9.551751,1.097920
worker_6,1389,1788087266.923060,50,9.338062,1.097120
worker_6,1390,1788087266.932423,50,9.754251,1.097792
worker_6,1391,1788087266.942225,50,9.359452,1.098400
worker_6,1392,1788087266.951610,50,9.771909,1.101920
worker_6,1393,1788087266.961429,50,9.544111,1.097728
worker_6,1394,1788087266.971021,50,9.328998,1.098976
worker_6,1395,1788087266.980377,50,9.754428,1.099232
worker_6,1396,1788087266.990194,50,9.334850,1.097792
worker_6,1397,1788087266.999557,50,9.630872,1.098304
worker_6,1398,1788087267.009235,50,9.500509,1.098656
worker_6,1399,1788087267.018761,50,9.756103,1.098112
worker_6,1400,1788087267.028566,50,9.334184,1.096576
worker_6,1401,1788087267.037926,50,9.748771,1.096384
worker_6,1402,1788087267.047723,50,9.334601,1.099840
worker_6,1403,1788087267.057082,50,9.766964,1.099264
worker_6,1404,1788087267.066896,50,9.349517,1.097792
worker_6,1405,1788087267.076273,50,9.756197,1.097696
worker_6,1406,1788087267.086077,50,9.349433,1.098816
worker_6,1407,1788087267.095451,50,9.763734,1.099264
worker_6,1408,1788087267.105264,50,9.345711,1.098944
worker_6,1409,1788087267.114637,50,9.746242,1.095584
worker_6,1410,1788087267.124432,50,9.349824,1.098592
worker_6,1411,1788087267.133807,50,9.782853,1.099424
worker_6,1412,1788087267.143638,50,9.345017,1.097632
worker_6,1413,1788087267.153009,50,9.769308,1.097984
worker_6,1414,1788087267.162827,50,9.351082,1.098720
worker_6,1415,1788087267.172204,50,9.767364,1.099328
worker_6,1416,1788087267.182032,50,9.332147,1.099104
worker_6,1417,1788087267.191388,50,9.769104,1.099808
worker_6,1418,1788087267.201205,50,9.342137,1.097440
worker_6,1419,1788087267.210582,50,9.538158,1.097600
worker_6,1420,1788087267.220142,50,9.577695,1.101248
worker_6,1421,1788087267.229737,50,9.572214,1.097824
worker_6,1422,1788087267.239326,50,9.783697,1.098144
worker_6,1423,1788087267.249157,50,9.572315,1.097728
worker_6,1424,1788087267.258777,50,9.339619,1.098432
worker_6,1425,1788087267.268164,50,9.492676,1.097440
worker_6,1426,1788087267.277684,50,9.553426,1.098176
worker_6,1427,1788087267.287258,50,9.579159,1.098144
worker_6,1428,1788087267.296855,50,9.592269,1.097568
worker_6,1429,1788087267.306463,50,9.778133,1.097664
worker_6,1430,1788087267.316292,50,9.533918,1.099232
worker_6,1431,1788087267.325873,50,9.533890,1.098016
worker_6,1432,1788087267.335455,50,9.385324,1.097344
worker_6,1433,1788087267.344887,50,9.504806,1.096896
worker_6,1434,1788087267.354418,50,9.556325,1.099584
worker_6,1435,1788087267.364011,50,9.768965,1.104960
worker_6,1436,1788087267.373826,50,9.380295,1.097408
worker_6,1437,1788087267.383255,50,9.479648,1.097664
worker_6,1438,1788087267.392760,50,9.557594,1.098880
worker_6,1439,1788087267.402336,50,9.588213,1.099584
worker_6,1440,1788087267.411941,50,9.565955,1.097568
worker_6,1441,1788087267.421525,50,9.589519,1.099296
worker_6,1442,1788087267.431138,50,9.575697,1.100992
worker_6,1443,1788087267.440737,50,9.550028,1.098720
worker_6,1444,1788087267.450304,50,9.569027,1.099040
worker_6,1445,1788087267.459892,50,9.560964,1.098208
worker_6,1446,1788087267.469470,50,9.776900,1.097728
worker_6,1447,1788087267.479296,50,9.537982,1.102080
worker_6,1448,1788087267.488882,50,9.536556,1.098016
worker_6,1449,1788087267.498465,50,9.576242,1.095840
worker_6,1450,1788087267.508088,50,9.499417,1.099488
worker_6,1451,1788087267.517634,50,9.538019,1.097984
worker_6,1452,1788087267.527218,50,9.557889,1.104416
worker_6,1453,1788087267.536822,50,9.344138,1.098464
worker_6,1454,1788087267.546192,50,9.760939,1.098048
worker_6,1455,1788087267.556015,50,9.347657,1.099296
worker_6,1456,1788087267.565388,50,9.785392,1.097632
worker_6,1457,1788087267.575223,50,9.337147,1.098976
worker_6,1458,1788087267.584585,50,9.772845,1.098240
worker_6,1459,1788087267.594408,50,9.330739,1.098784
worker_6,1460,1788087267.603765,50,9.778966,1.098624
worker_6,1461,1788087267.613592,50,9.363471,1.097824
worker_6,1462,1788087267.622980,50,9.616695,1.097568
worker_6,1463,1788087267.632648,50,9.482611,1.098112
worker_6,1464,1788087267.642156,50,9.759994,1.099712
worker_6,1465,1788087267.651964,50,9.343129,1.098016
worker_6,1466,1788087267.661331,50,9.775225,1.099104
worker_6,1467,1788087267.671154,50,9.331674,1.098688
worker_6,1468,1788087267.680510,50,9.782345,1.098016
worker_6,1469,1788087267.690339,50,9.328665,1.097056
worker_6,1470,1788087267.699693,50,9.776456,1.098880
worker_6,1471,1788087267.709517,50,9.355425,1.097920
worker_6,1472,1788087267.718898,50,9.756475,1.095872
worker_6,1473,1788087267.728703,50,9.338527,1.098240
worker_6,1474,1788087267.738078,50,9.769262,1.097184
worker_6,1475,1788087267.747895,50,9.348749,1.098784
worker_6,1476,1788087267.757268,50,9.788215,1.100224
worker_6,1477,1788087267.767105,50,9.333110,1.097312
worker_6,1478,1788087267.776463,50,9.767697,1.097376
worker_6,1479,1788087267.786279,50,9.334601,1.097792
worker_6,1480,1788087267.795639,50,9.763948,1.099488
worker_6,1481,1788087267.805451,50,9.337295,1.097856
worker_6,1482,1788087267.814815,50,9.756512,1.097536
worker_6,1483,1788087267.824620,50,9.333694,1.097312
worker_6,1484,1788087267.833980,50,9.779798,1.097504
worker_6,1485,1788087267.843807,50,9.338331,1.098880
worker_6,1486,1788087267.853170,50,9.765761,1.097728
worker_6,1487,1788087267.862985,50,9.334434,1.099264
worker_6,1488,1788087267.872344,50,9.615324,1.099744
worker_6,1489,1788087267.882011,50,9.471093,1.097824
worker_6,1490,1788087267.891508,50,9.766475,1.097792
worker_6,1491,1788087267.901322,50,9.347018,1.098464
worker_6,1492,1788087267.910695,50,9.797401,1.097248
worker_6,1493,1788087267.920541,50,9.292340,1.098176
worker_6,1494,1788087267.929870,50,9.750743,1.098592
worker_6,1495,1788087267.939670,50,9.334656,1.099232
worker_6,1496,1788087267.949028,50,9.783205,1.099296
worker_6,1497,1788087267.958861,50,9.326351,1.097280
worker_6,1498,1788087267.968220,50,9.761937,1.098272
worker_6,1499,1788087267.978030,50,9.322796,1.097792
worker_6,1500,1788087267.987378,50,9.796938,1.098368
worker_6,1501,1788087267.997223,50,9.325897,1.097888
worker_6,1502,1788087268.006573,50,9.559621,1.099616
worker_6,1503,1788087268.016151,50,9.595918,1.099328
worker_6,1504,1788087268.025764,50,9.569445,1.097824
worker_6,1505,1788087268.035350,50,9.775353,1.096672
worker_6,1506,1788087268.045175,50,9.347989,1.098944
worker_6,1507,1788087268.054548,50,9.762586,1.098496
worker_6,1508,1788087268.064358,50,9.361666,1.100128
worker_6,1509,1788087268.073747,50,9.755558,1.097408
worker_6,1510,1788087268.083550,50,9.340045,1.098304
worker_6,1511,1788087268.092916,50,9.768539,1.096384
worker_6,1512,1788087268.102733,50,9.333406,1.098912
worker_6,1513,1788087268.112104,50,9.762752,1.104000
worker_6,1514,1788087268.121915,50,9.339026,1.099072
worker_6,1515,1788087268.131281,50,9.577807,1.102528
worker_6,1516,1788087268.140878,50,9.565908,1.097824
worker_6,1517,1788087268.150460,50,9.585519,1.097792
worker_6,1518,1788087268.160062,50,9.794261,1.099168
worker_6,1519,1788087268.169908,50,9.316471,1.098272
worker_6,1520,1788087268.179248,50,9.784373,1.099744
worker_6,1521,1788087268.189082,50,9.334295,1.098400
worker_6,1522,1788087268.198442,50,9.783938,1.099104
worker_6,1523,1788087268.208273,50,9.319359,1.096736
worker_6,1524,1788087268.217616,50,9.768605,1.098688
worker_6,1525,1788087268.227432,50,9.340553,1.099328
worker_6,1526,1788087268.236796,50,9.766048,1.097824
worker_6,1527,1788087268.246609,50,9.331323,1.096064
worker_6,1528,1788087268.255965,50,9.554306,1.097536
worker_6,1529,1788087268.265540,50,9.571028,1.097248
worker_6,1530,1788087268.275127,50,9.801901,1.098496
worker_6,1531,1788087268.284979,50,9.325211,1.098528
worker_6,1532,1788087268.294414,50,9.666455,1.097280
worker_6,1533,1788087268.304141,50,9.329332,1.098368
worker_6,1534,1788087268.313496,50,9.768429,1.097920
worker_6,1535,1788087268.323312,50,9.330915,1.099424
worker_6,1536,1788087268.332667,50,9.756771,1.097632
worker_6,1537,1788087268.342472,50,9.335305,1.097216
worker_6,1538,1788087268.351833,50,9.761900,1.095968
worker_6,1539,1788087268.361643,50,9.338516,1.099680
worker_6,1540,1788087268.371010,50,9.614205,1.099488
worker_6,1541,1788087268.380672,50,9.488260,1.099168
worker_6,1542,1788087268.390185,50,9.570890,1.098336
worker_6,1543,1788087268.399774,50,9.779281,1.101280
worker_6,1544,1788087268.409601,50,9.354008,1.097888
worker_6,1545,1788087268.418983,50,9.752503,1.099488
worker_6,1546,1788087268.428782,50,9.337155,1.099360
worker_6,1547,1788087268.438144,50,9.772817,1.098912
worker_6,1548,1788087268.447967,50,9.326647,1.098944
worker_6,1549,1788087268.457320,50,9.773418,1.099264
worker_6,1550,1788087268.467142,50,9.338712,1.098496
worker_6,1551,1788087268.476505,50,9.772753,1.098112
worker_6,1552,1788087268.486341,50,9.324314,1.099712
worker_6,1553,1788087268.495691,50,9.614298,1.097600
worker_6,1554,1788087268.505356,50,9.499102,1.102176
worker_6,1555,1788087268.514880,50,9.546139,1.098432
worker_6,1556,1788087268.524445,50,9.774679,1.097280
worker_6,1557,1788087268.534268,50,9.333684,1.097632
worker_6,1558,1788087268.543628,50,9.761575,1.097824
worker_6,1559,1788087268.553438,50,9.339545,1.097632
worker_6,1560,1788087268.562803,50,9.766725,1.097504
worker_6,1561,1788087268.572617,50,9.339165,1.098752
worker_6,1562,1788087268.581982,50,9.779855,1.097472
worker_6,1563,1788087268.591810,50,9.332239,1.099872
worker_6,1564,1788087268.601170,50,9.769170,1.098368
worker_6,1565,1788087268.610987,50,9.334359,1.101408
worker_6,1566,1788087268.620347,50,9.557148,1.097856
worker_6,1567,1788087268.629922,50,9.558380,1.097792
worker_6,1568,1788087268.639496,50,9.573509,1.096608
worker_6,1569,1788087268.649086,50,9.588760,1.097440
worker_6,1570,1788087268.658694,50,9.876114,1.098752
worker_6,1571,1788087268.668591,50,9.405166,1.098496
worker_6,1572,1788087268.678028,50,9.522259,1.097632
worker_6,1573,1788087268.687567,50,9.624529,1.097760
worker_6,1574,1788087268.697207,50,9.572028,1.099008
worker_6,1575,1788087268.706795,50,9.578195,1.097824
worker_6,1576,1788087268.716390,50,9.562843,1.097824
worker_6,1577,1788087268.725969,50,9.781558,1.098272
worker_6,1578,1788087268.735799,50,9.384944,1.100480
worker_6,1579,1788087268.745232,50,9.384666,1.096096
worker_6,1580,1788087268.754667,50,9.478647,1.099296
worker_6,1581,1788087268.764170,50,9.760613,1.099104
worker_6,1582,1788087268.773978,50,9.338924,1.097888
worker_6,1583,1788087268.783343,50,9.777299,1.097952
worker_6,1584,1788087268.793168,50,9.347276,1.097632
worker_6,1585,1788087268.802543,50,9.761613,1.097408
worker_6,1586,1788087268.812352,50,9.351674,1.098208
worker_6,1587,1788087268.821727,50,9.762901,1.098272
worker_6,1588,1788087268.831538,50,9.372304,1.097120
worker_6,1589,1788087268.840937,50,9.755048,1.097472
worker_6,1590,1788087268.850741,50,9.348832,1.097024
worker_6,1591,1788087268.860127,50,9.745363,1.097440
worker_6,1592,1788087268.869921,50,9.334137,1.096352
worker_6,1593,1788087268.879283,50,9.749270,1.099104
worker_6,1594,1788087268.889080,50,9.361721,1.099008
worker_6,1595,1788087268.898468,50,9.770994,1.097376
worker_6,1596,1788087268.908287,50,9.361555,1.111520
worker_6,1597,1788087268.917675,50,9.764215,1.098592
worker_6,1598,1788087268.927489,50,9.354776,1.097568
worker_6,1599,1788087268.936870,50,9.762281,1.097504
worker_6,1600,1788087268.946682,50,9.331887,1.098624
worker_6,1601,1788087268.956039,50,9.767169,1.096384
worker_6,1602,1788087268.965857,50,9.332823,1.097824
worker_6,1603,1788087268.975216,50,9.765605,1.097440
worker_6,1604,1788087268.985029,50,9.331859,1.099648
worker_6,1605,1788087268.994388,50,9.614751,1.097792
worker_6,1606,1788087269.004054,50,9.486797,1.107168
worker_6,1607,1788087269.013566,50,9.775058,1.099328
worker_6,1608,1788087269.023391,50,9.334545,1.096608
worker_6,1609,1788087269.032751,50,9.780475,1.096640
worker_6,1610,1788087269.042581,50,9.329591,1.099296
worker_6,1611,1788087269.051946,50,9.753846,1.101536
worker_6,1612,1788087269.061748,50,9.339054,1.097920
worker_6,1613,1788087269.071113,50,9.754586,1.097120
worker_6,1614,1788087269.080914,50,9.333554,1.098944
worker_6,1615,1788087269.090273,50,9.753696,1.097440
worker_6,1616,1788087269.100075,50,9.333545,1.099104
worker_6,1617,1788087269.109435,50,9.770548,1.099008
worker_6,1618,1788087269.119255,50,9.336694,1.099168
worker_6,1619,1788087269.128619,50,9.550973,1.096672
worker_6,1620,1788087269.138189,50,9.561714,1.097824
worker_6,1621,1788087269.147765,50,9.807902,1.097984
worker_6,1622,1788087269.157623,50,9.351249,1.099008
worker_6,1623,1788087269.167000,50,9.767280,1.099392
worker_6,1624,1788087269.176818,50,9.337305,1.097760
worker_6,1625,1788087269.186180,50,9.781800,1.098432
worker_6,1626,1788087269.196011,50,9.338851,1.104448
worker_6,1627,1788087269.205373,50,9.782198,1.099168
worker_6,1628,1788087269.215202,50,9.334359,1.097792
worker_6,1629,1788087269.224561,50,9.767854,1.099552
worker_6,1630,1788087269.234387,50,9.335749,1.097600
worker_6,1631,1788087269.243752,50,9.552381,1.099200
worker_6,1632,1788087269.253325,50,9.583658,1.098976
worker_6,1633,1788087269.262934,50,9.649669,1.102240
worker_6,1634,1788087269.272608,50,9.472185,1.099296
worker_6,1635,1788087269.282099,50,9.771679,1.097440
worker_6,1636,1788087269.291921,50,9.330869,1.097824
worker_6,1637,1788087269.301278,50,9.770474,1.097568
worker_6,1638,1788087269.311097,50,9.337925,1.099712
worker_6,1639,1788087269.320459,50,9.756235,1.097824
worker_6,1640,1788087269.330265,50,9.332666,1.098272
worker_6,1641,1788087269.339624,50,9.765096,1.097952
worker_6,1642,1788087269.349438,50,9.343814,1.097472
worker_6,1643,1788087269.358806,50,9.759328,1.097216
worker_6,1644,1788087269.368614,50,9.338129,1.098944
worker_6,1645,1788087269.377978,50,9.570824,1.099072
worker_6,1646,1788087269.387567,50,9.568778,1.103680
worker_6,1647,1788087269.397152,50,9.794493,1.097024
worker_6,1648,1788087269.406995,50,9.326360,1.098208
worker_6,1649,1788087269.416347,50,9.768633,1.097952
worker_6,1650,1788087269.426176,50,9.344869,1.098496
worker_6,1651,1788087269.435545,50,9.770271,1.102272
worker_6,1652,1788087269.445364,50,9.322600,1.097824
worker_6,1653,1788087269.454713,50,9.760900,1.097728
worker_6,1654,1788087269.464522,50,9.337166,1.097792
worker_6,1655,1788087269.473884,50,9.765910,1.097888
worker_6,1656,1788087269.483698,50,9.332425,1.097472
worker_6,1657,1788087269.493057,50,9.768262,1.096416
worker_6,1658,1788087269.502874,50,9.353277,1.098112
worker_6,1659,1788087269.512252,50,9.757965,1.097536
worker_6,1660,1788087269.522059,50,9.344546,1.097792
worker_6,1661,1788087269.531429,50,9.768974,1.100096
worker_6,1662,1788087269.541245,50,9.349425,1.097856
worker_6,1663,1788087269.550619,50,9.762678,1.098912
worker_6,1664,1788087269.560431,50,9.341962,1.099392
worker_6,1665,1788087269.569799,50,9.945181,1.097440
worker_6,1666,1788087269.579792,50,9.230581,1.101280
worker_6,1667,1788087269.589048,50,9.843162,1.098624
worker_6,1668,1788087269.598940,50,9.354952,1.096896
worker_6,1669,1788087269.608335,50,9.618604,1.097856
worker_6,1670,1788087269.618001,50,9.443342,1.097408
worker_6,1671,1788087269.627470,50,9.476555,1.098080
worker_6,1672,1788087269.636997,50,9.484027,1.098848
worker_6,1673,1788087269.646507,50,9.556750,1.097216
worker_6,1674,1788087269.656082,50,9.575380,1.098496
worker_6,1675,1788087269.665675,50,9.559843,1.097120
worker_6,1676,1788087269.675251,50,9.768938,1.097632
worker_6,1677,1788087269.685069,50,9.362555,1.097280
worker_6,1678,1788087269.694456,50,9.772132,1.097952
worker_6,1679,1788087269.704276,50,9.351952,1.109248
worker_6,1680,1788087269.713654,50,9.752826,1.099520
worker_6,1681,1788087269.723453,50,9.343378,1.097664
worker_6,1682,1788087269.732821,50,9.760289,1.098048
worker_6,1683,1788087269.742709,50,9.255997,1.099424
worker_6,1684,1788087269.751991,50,9.622056,1.101216
worker_6,1685,1788087269.761663,50,9.480370,1.099168
worker_6,1686,1788087269.771171,50,9.553964,1.099872
worker_6,1687,1788087269.780743,50,9.772677,1.097536
worker_6,1688,1788087269.790565,50,9.352202,1.097984
worker_6,1689,1788087269.799960,50,9.739706,1.096512
worker_6,1690,1788087269.809748,50,9.343387,1.097920
worker_6,1691,1788087269.819118,50,9.765141,1.099456
worker_6,1692,1788087269.828931,50,9.339369,1.097792
worker_6,1693,1788087269.838296,50,9.761242,1.096512
worker_6,1694,1788087269.848106,50,9.338137,1.100256
worker_6,1695,1788087269.857471,50,9.760899,1.098688
worker_6,1696,1788087269.867280,50,9.341887,1.099872
worker_6,1697,1788087269.876648,50,9.610593,1.098880
worker_6,1698,1788087269.886308,50,9.698696,1.099328
worker_6,1699,1788087269.896056,50,9.395962,1.101152
worker_6,1700,1788087269.905478,50,9.847771,1.099392
worker_6,1701,1788087269.915375,50,9.331267,1.099040
worker_6,1702,1788087269.924729,50,9.793946,1.097792
worker_6,1703,1788087269.934574,50,9.183311,1.099296
worker_6,1704,1788087269.943780,50,9.761306,1.097504
worker_6,1705,1788087269.953591,50,9.353396,1.099616
worker_6,1706,1788087269.962969,50,9.765243,1.099776
worker_6,1707,1788087269.972782,50,9.341711,1.097760
worker_6,1708,1788087269.982167,50,9.736575,1.098400
worker_6,1709,1788087269.991953,50,9.333720,1.097888
worker_6,1710,1788087270.001312,50,9.766789,1.096832
worker_6,1711,1788087270.011126,50,9.339832,1.098144
worker_6,1712,1788087270.020489,50,9.778446,1.097792
worker_6,1713,1788087270.030315,50,9.326674,1.099296
worker_6,1714,1788087270.039666,50,9.794058,1.098880
worker_6,1715,1788087270.049509,50,9.337128,1.098176
worker_6,1716,1788087270.058871,50,9.774640,1.104000
worker_6,1717,1788087270.068695,50,9.331980,1.097568
worker_6,1718,1788087270.078051,50,9.756390,1.097600
worker_6,1719,1788087270.087855,50,9.336739,1.098080
worker_6,1720,1788087270.097217,50,9.772613,1.099040
worker_6,1721,1788087270.107037,50,9.345433,1.098752
worker_6,1722,1788087270.116409,50,9.769557,1.099680
worker_6,1723,1788087270.126228,50,9.335639,1.099552
worker_6,1724,1788087270.135592,50,9.541111,1.100128
worker_6,1725,1788087270.145154,50,9.574908,1.096960
worker_6,1726,1788087270.154746,50,9.566889,1.099552
worker_6,1727,1788087270.164329,50,9.566139,1.097408
worker_6,1728,1788087270.173922,50,9.566853,1.100320
worker_6,1729,1788087270.183505,50,9.572371,1.098720
worker_6,1730,1788087270.193094,50,9.570936,1.098528
worker_6,1731,1788087270.202681,50,9.573630,1.098592
worker_6,1732,1788087270.212269,50,9.568010,1.098944
worker_6,1733,1788087270.221852,50,9.791780,1.098144
worker_6,1734,1788087270.231693,50,9.531045,1.098816
worker_6,1735,1788087270.241273,50,9.539269,1.098208
worker_6,1736,1788087270.250859,50,9.387239,1.097664
worker_6,1737,1788087270.260296,50,9.484888,1.102656
worker_6,1738,1788087270.269807,50,9.549409,1.099136
worker_6,1739,1788087270.279376,50,9.593011,1.099488
worker_6,1740,1788087270.288985,50,9.565760,1.099456
worker_6,1741,1788087270.298567,50,9.577899,1.099328
worker_6,1742,1788087270.308161,50,9.572778,1.098848
worker_6,1743,1788087270.317750,50,9.570454,1.099136
worker_6,1744,1788087270.327336,50,9.801503,1.098368
worker_6,1745,1788087270.337188,50,9.529927,1.099328
worker_6,1746,1788087270.346768,50,9.544260,1.097376
worker_6,1747,1788087270.356373,50,9.527473,1.098144
worker_6,1748,1788087270.365948,50,9.547334,1.097920
worker_6,1749,1788087270.375543,50,9.336110,1.097728
worker_6,1750,1788087270.384903,50,9.578621,1.099488
worker_6,1751,1788087270.394500,50,9.577250,1.099712
worker_6,1752,1788087270.404093,50,9.569407,1.097248
worker_6,1753,1788087270.413679,50,9.568001,1.097408
worker_6,1754,1788087270.423263,50,9.785956,1.102848
worker_6,1755,1788087270.433097,50,9.553667,1.095808
worker_6,1756,1788087270.442696,50,9.564306,1.097568
worker_6,1757,1788087270.452307,50,9.533316,1.097824
worker_6,1758,1788087270.461886,50,9.325804,1.097472
worker_6,1759,1788087270.471239,50,9.583287,1.098304
worker_6,1760,1788087270.480840,50,9.586251,1.098656
worker_6,1761,1788087270.490443,50,9.565094,1.098784
worker_6,1762,1788087270.500024,50,9.575917,1.098752
worker_6,1763,1788087270.509616,50,9.572149,1.098528
worker_6,1764,1788087270.519203,50,9.587325,1.098432
worker_6,1765,1788087270.528805,50,9.773762,1.097888
worker_6,1766,1788087270.538631,50,9.531990,1.098336
worker_6,1767,1788087270.548240,50,9.553816,1.107136
worker_6,1768,1788087270.557840,50,9.513029,1.098304
worker_6,1769,1788087270.567401,50,9.539056,1.101504
worker_6,1770,1788087270.576989,50,9.691761,1.097248
worker_6,1771,1788087270.586727,50,9.408017,1.097760
worker_6,1772,1788087270.596183,50,9.714243,1.104800
worker_6,1773,1788087270.605943,50,9.398880,1.098528
worker_6,1774,1788087270.615387,50,9.681178,1.097792
worker_6,1775,1788087270.625115,50,9.574381,1.099008
worker_6,1776,1788087270.634735,50,9.219859,1.098496
worker_6,1777,1788087270.644005,50,9.476861,1.097440
worker_6,1778,1788087270.653506,50,9.566000,1.096672
worker_6,1779,1788087270.663090,50,9.779392,1.106784
worker_6,1780,1788087270.672917,50,9.336545,1.098144
worker_6,1781,1788087270.682280,50,9.759752,1.097984
worker_6,1782,1788087270.692088,50,9.344620,1.098976
worker_6,1783,1788087270.701458,50,9.772993,1.097792
worker_6,1784,1788087270.711278,50,9.353444,1.097888
worker_6,1785,1788087270.720658,50,9.757465,1.099072
worker_6,1786,1788087270.730474,50,9.332842,1.097792
worker_6,1787,1788087270.739832,50,9.754825,1.097344
worker_6,1788,1788087270.749634,50,9.337416,1.097792
worker_6,1789,1788087270.758998,50,9.600964,1.097216
worker_6,1790,1788087270.768649,50,9.480241,1.097152
worker_6,1791,1788087270.778156,50,9.550686,1.099456
worker_6,1792,1788087270.787727,50,9.783484,1.096704
worker_6,1793,1788087270.797559,50,9.330027,1.096160
worker_6,1794,1788087270.806913,50,9.755188,1.097280
worker_6,1795,1788087270.816717,50,9.339536,1.097088
worker_6,1796,1788087270.826082,50,9.789946,1.097792
worker_6,1797,1788087270.835922,50,9.337194,1.099104
worker_6,1798,1788087270.845283,50,9.764735,1.097248
worker_6,1799,1788087270.855095,50,9.337981,1.103392
worker_6,1800,1788087270.864459,50,9.799058,1.098272
worker_6,1801,1788087270.874308,50,9.314035,1.099072
worker_6,1802,1788087270.883647,50,9.623917,1.099296
worker_6,1803,1788087270.893322,50,9.494409,1.098848
worker_6,1804,1788087270.902841,50,9.769865,1.097760
worker_6,1805,1788087270.912659,50,9.539344,1.098688
worker_6,1806,1788087270.922257,50,9.524538,1.098752
worker_6,1807,1788087270.931828,50,9.548834,1.096864
worker_6,1808,1788087270.941424,50,9.547149,1.097632
worker_6,1809,1788087270.951017,50,9.335924,1.098560
worker_6,1810,1788087270.960379,50,9.768420,1.097920
worker_6,1811,1788087270.970199,50,9.340583,1.098304
worker_6,1812,1788087270.979566,50,9.764096,1.101056
worker_6,1813,1788087270.989378,50,9.347629,1.098176
worker_6,1814,1788087270.998750,50,9.613327,1.103200
worker_6,1815,1788087271.008416,50,9.486870,1.099008
worker_6,1816,1788087271.017928,50,9.764078,1.096640
worker_6,1817,1788087271.027741,50,9.339379,1.097632
worker_6,1818,1788087271.037106,50,9.771115,1.097728
worker_6,1819,1788087271.046926,50,9.332009,1.097664
worker_6,1820,1788087271.056284,50,9.757827,1.098496
worker_6,1821,1788087271.066090,50,9.343869,1.097824
worker_6,1822,1788087271.075461,50,9.748557,1.098752
worker_6,1823,1788087271.085258,50,9.354342,1.096448
worker_6,1824,1788087271.094639,50,9.785976,1.097920
worker_6,1825,1788087271.104488,50,9.306092,1.098016
worker_6,1826,1788087271.113820,50,9.754623,1.097888
worker_6,1827,1788087271.123624,50,9.337693,1.097888
worker_6,1828,1788087271.132987,50,9.791568,1.097888
worker_6,1829,1788087271.142827,50,9.321693,1.099232
worker_6,1830,1788087271.152174,50,9.796717,1.111744
worker_6,1831,1788087271.162022,50,9.333462,1.096544
worker_6,1832,1788087271.171380,50,9.764281,1.098560
worker_6,1833,1788087271.181194,50,9.351647,1.097760
worker_6,1834,1788087271.190647,50,9.687993,1.098592
worker_6,1835,1788087271.200384,50,9.345749,1.102080
worker_6,1836,1788087271.209756,50,9.762151,1.097888
worker_6,1837,1788087271.219566,50,9.340583,1.099360
worker_6,1838,1788087271.228932,50,9.765901,1.098784
worker_6,1839,1788087271.238748,50,9.342777,1.099264
worker_6,1840,1788087271.248116,50,9.626724,1.097632
worker_6,1841,1788087271.257793,50,9.482880,1.098592
worker_6,1842,1788087271.267303,50,9.756242,1.099264
worker_6,1843,1788087271.277110,50,9.337860,1.098688
worker_6,1844,1788087271.286474,50,9.801753,1.098848
worker_6,1845,1788087271.296337,50,9.309555,1.099072
worker_6,1846,1788087271.305674,50,9.769522,1.097504
worker_6,1847,1788087271.315490,50,9.354453,1.106016
worker_6,1848,1788087271.324871,50,9.769975,1.098592
worker_6,1849,1788087271.334688,50,9.352906,1.097792
worker_6,1850,1788087271.344067,50,9.793161,1.098656
worker_6,1851,1788087271.353908,50,9.324313,1.096032
worker_6,1852,1788087271.363258,50,9.762539,1.098720
worker_6,1853,1788087271.373070,50,9.336777,1.098304
worker_6,1854,1788087271.382433,50,9.773429,1.098336
worker_6,1855,1788087271.392265,50,9.327240,1.096608
worker_6,1856,1788087271.401618,50,9.779522,1.100000
worker_6,1857,1788087271.411444,50,9.353962,1.099616
worker_6,1858,1788087271.420824,50,9.797169,1.097440
worker_6,1859,1788087271.430670,50,9.311888,1.096512
worker_6,1860,1788087271.440007,50,9.765272,1.098144
worker_6,1861,1788087271.449820,50,9.342795,1.098016
worker_6,1862,1788087271.459188,50,9.763096,1.099456
worker_6,1863,1788087271.468998,50,9.345240,1.098656
worker_6,1864,1788087271.478380,50,9.760002,1.096288
worker_6,1865,1788087271.488188,50,9.337129,1.098624
worker_6,1866,1788087271.497551,50,9.620927,1.097216
worker_6,1867,1788087271.507221,50,9.477610,1.098400
worker_6,1868,1788087271.516725,50,9.803020,1.098912
worker_6,1869,1788087271.526577,50,9.303452,1.097856
worker_6,1870,1788087271.535904,50,9.773744,1.100832
worker_6,1871,1788087271.545726,50,9.335535,1.098336
worker_6,1872,1788087271.555087,50,9.748586,1.096928
worker_6,1873,1788087271.564884,50,9.340258,1.097856
worker_6,1874,1788087271.574251,50,9.915772,1.099360
worker_6,1875,1788087271.584226,50,9.253646,1.103232
worker_6,1876,1788087271.593506,50,9.846891,1.098752
worker_6,1877,1788087271.603400,50,9.360757,1.104928
worker_6,1878,1788087271.612785,50,9.754178,1.098784
worker_6,1879,1788087271.622586,50,9.192071,1.099744
worker_6,1880,1788087271.631804,50,9.606435,1.101600
worker_6,1881,1788087271.641460,50,9.482453,1.097856
worker_6,1882,1788087271.650969,50,9.575278,1.108736
worker_6,1883,1788087271.660562,50,9.776187,1.097664
worker_6,1884,1788087271.670400,50,9.323609,1.099520
worker_6,1885,1788087271.679750,50,9.769899,1.097792
worker_6,1886,1788087271.689567,50,9.346943,1.097760
worker_6,1887,1788087271.698939,50,9.768243,1.097440
worker_6,1888,1788087271.708755,50,9.336470,1.098240
worker_6,1889,1788087271.718116,50,9.756975,1.099232
worker_6,1890,1788087271.727921,50,9.357795,1.098816
worker_6,1891,1788087271.737303,50,9.770799,1.099264
worker_6,1892,1788087271.747121,50,9.339795,1.106848
worker_6,1893,1788087271.756486,50,9.632798,1.097760
worker_6,1894,1788087271.766168,50,9.483528,1.098880
worker_6,1895,1788087271.775676,50,9.566102,1.097536
worker_6,1896,1788087271.785260,50,9.780307,1.098656
worker_6,1897,1788087271.795089,50,9.348545,1.101728
worker_6,1898,1788087271.804463,50,9.773354,1.097536
worker_6,1899,1788087271.814285,50,9.331498,1.096320
worker_6,1900,1788087271.823644,50,9.771595,1.099968
worker_6,1901,1788087271.833463,50,9.338137,1.099296
worker_6,1902,1788087271.842827,50,9.774872,1.098080
worker_6,1903,1788087271.852666,50,9.307886,1.097792
worker_6,1904,1788087271.861998,50,9.798577,1.097792
worker_6,1905,1788087271.871847,50,9.298211,1.100544
worker_6,1906,1788087271.881171,50,9.774707,1.097888
worker_6,1907,1788087271.890995,50,9.330989,1.096992
worker_6,1908,1788087271.900351,50,9.757103,1.097248
worker_6,1909,1788087271.910155,50,9.370499,1.096288
worker_6,1910,1788087271.919554,50,9.763076,1.099456
worker_6,1911,1788087271.929367,50,9.325823,1.097696
worker_6,1912,1788087271.938718,50,9.763012,1.099296
worker_6,1913,1788087271.948529,50,9.337322,1.099168
worker_6,1914,1788087271.957891,50,9.781058,1.099936
worker_6,1915,1788087271.967720,50,9.333451,1.099904
worker_6,1916,1788087271.977078,50,9.763464,1.099648
worker_6,1917,1788087271.986890,50,9.350064,1.098432
worker_6,1918,1788087271.996269,50,9.606668,1.099104
worker_6,1919,1788087272.005923,50,9.485073,1.097536
worker_6,1920,1788087272.015433,50,9.766586,1.097952
worker_6,1921,1788087272.025249,50,9.343323,1.095648
worker_6,1922,1788087272.034616,50,9.771196,1.098848
worker_6,1923,1788087272.044450,50,9.329110,1.099232
worker_6,1924,1788087272.053805,50,9.759418,1.097536
worker_6,1925,1788087272.063612,50,9.345165,1.097408
worker_6,1926,1788087272.072985,50,9.769780,1.097152
worker_6,1927,1788087272.082803,50,9.333535,1.099200
worker_6,1928,1788087272.092164,50,9.783233,1.100480
worker_6,1929,1788087272.101995,50,9.333535,1.099392
worker_6,1930,1788087272.111355,50,9.774011,1.097600
worker_6,1931,1788087272.121175,50,9.315637,1.097760
worker_6,1932,1788087272.130517,50,9.776492,1.097376
worker_6,1933,1788087272.140342,50,9.333859,1.097728
worker_6,1934,1788087272.149701,50,9.786409,1.099360
worker_6,1935,1788087272.159534,50,9.331275,1.099936
worker_6,1936,1788087272.168890,50,9.775678,1.097344
worker_6,1937,1788087272.178713,50,9.358766,1.098208
worker_6,1938,1788087272.188096,50,9.759705,1.097824
worker_6,1939,1788087272.197904,50,9.351305,1.099424
worker_6,1940,1788087272.207282,50,9.758334,1.101216
worker_6,1941,1788087272.217088,50,9.341822,1.097184
worker_6,1942,1788087272.226468,50,9.777289,1.100320
worker_6,1943,1788087272.236293,50,9.312470,1.096864
worker_6,1944,1788087272.245632,50,9.614335,1.099232
worker_6,1945,1788087272.255295,50,9.498805,1.101024
worker_6,1946,1788087272.264820,50,9.771130,1.098304
worker_6,1947,1788087272.274641,50,9.337220,1.098144
worker_6,1948,1788087272.284003,50,9.761214,1.099072
worker_6,1949,1788087272.293813,50,9.343118,1.098880
worker_6,1950,1788087272.303184,50,9.775409,1.100192
worker_6,1951,1788087272.313008,50,9.328738,1.097600
worker_6,1952,1788087272.322362,50,9.773603,1.096384
worker_6,1953,1788087272.332185,50,9.344192,1.098848
worker_6,1954,1788087272.341555,50,9.781567,1.096512
worker_6,1955,1788087272.351383,50,9.364915,1.100320
worker_6,1956,1788087272.360774,50,9.749871,1.097024
worker_6,1957,1788087272.370571,50,9.333850,1.098176
worker_6,1958,1788087272.379932,50,9.758363,1.099872
worker_6,1959,1788087272.389739,50,9.334786,1.098880
worker_6,1960,1788087272.399099,50,9.757724,1.097440
worker_6,1961,1788087272.408903,50,9.338526,1.099232
worker_6,1962,1788087272.418276,50,9.749725,1.097856
worker_6,1963,1788087272.428073,50,9.344582,1.101120
worker_6,1964,1788087272.437443,50,9.756706,1.097632
worker_6,1965,1788087272.447248,50,9.340583,1.102464
worker_6,1966,1788087272.456615,50,9.757141,1.097216
worker_6,1967,1788087272.466421,50,9.338804,1.099648
worker_6,1968,1788087272.475785,50,9.777002,1.098336
worker_6,1969,1788087272.485609,50,9.339462,1.098464
worker_6,1970,1788087272.494971,50,9.611983,1.097600
worker_6,1971,1788087272.504632,50,9.481009,1.098432
worker_6,1972,1788087272.514137,50,9.567214,1.098368
worker_6,1973,1788087272.523721,50,9.819439,1.101376
worker_6,1974,1788087272.533590,50,9.297823,1.097536
worker_6,1975,1788087272.542912,50,9.753891,1.097728
worker_6,1976,1788087272.552715,50,9.339610,1.098656
worker_6,1977,1788087272.562081,50,9.784391,1.098688
worker_6,1978,1788087272.571913,50,9.336156,1.099392
worker_6,1979,1788087272.581276,50,9.778789,1.100512
worker_6,1980,1788087272.591103,50,9.334221,1.098464
worker_6,1981,1788087272.600476,50,9.744252,1.099008
worker_6,1982,1788087272.610269,50,9.340434,1.099712
worker_6,1983,1788087272.619635,50,9.604891,1.097760
worker_6,1984,1788087272.629292,50,9.492861,1.099264
worker_6,1985,1788087272.638893,50,9.674604,1.097152
worker_6,1986,1788087272.648617,50,9.335952,1.097664
worker_6,1987,1788087272.657978,50,9.778048,1.099168
worker_6,1988,1788087272.667804,50,9.338379,1.101760
worker_6,1989,1788087272.677169,50,9.779586,1.097152
worker_6,1990,1788087272.686996,50,9.330907,1.098976
worker_6,1991,1788087272.696352,50,9.768420,1.098208
worker_6,1992,1788087272.706168,50,9.354147,1.098400
worker_6,1993,1788087272.715548,50,9.769735,1.102304
worker_6,1994,1788087272.725364,50,9.333268,1.099072
worker_6,1995,1788087272.734722,50,9.774809,1.100128
worker_6,1996,1788087272.744547,50,9.321267,1.097760
worker_6,1997,1788087272.753894,50,9.765661,1.097632
worker_6,1998,1788087272.763708,50,9.333711,1.097728
worker_6,1999,1788087272.773066,50,9.773918,1.095840
worker_6,2000,1788087272.782887,50,9.340231,1.098368
worker_6,2001,1788087272.792268,50,9.729474,1.098880
worker_6,2002,1788087272.802045,50,9.492102,1.099296
worker_6,2003,1788087272.811563,50,9.783040,1.097472
worker_6,2004,1788087272.821394,50,9.327897,1.099296
worker_6,2005,1788087272.830747,50,9.793734,1.098176
worker_6,2006,1788087272.840594,50,9.301148,1.097824
worker_6,2007,1788087272.849922,50,9.790531,1.099008
worker_6,2008,1788087272.859761,50,9.228369,1.097248
worker_6,2009,1788087272.869015,50,9.888874,1.098528
worker_6,2010,1788087272.878953,50,9.188089,1.099840
worker_6,2011,1788087272.888165,50,9.555408,1.098240
worker_6,2012,1788087272.897739,50,9.570038,1.097664
worker_6,2013,1788087272.907326,50,9.597640,1.099584
worker_6,2014,1788087272.916940,50,9.780308,1.098752
worker_6,2015,1788087272.926768,50,9.347888,1.098144
worker_6,2016,1788087272.936143,50,9.780752,1.101440
worker_6,2017,1788087272.945973,50,9.334656,1.097888
worker_6,2018,1788087272.955333,50,9.758335,1.097856
worker_6,2019,1788087272.965141,50,9.350758,1.098944
worker_6,2020,1788087272.974530,50,9.752337,1.097440
worker_6,2021,1788087272.984332,50,9.342657,1.104096
worker_6,2022,1788087272.993699,50,9.763845,1.097664
worker_6,2023,1788087273.003512,50,9.334360,1.099296
worker_6,2024,1788087273.012872,50,9.761420,1.098592
worker_6,2025,1788087273.022683,50,9.357582,1.097312
worker_6,2026,1788087273.032064,50,9.758854,1.097280
worker_6,2027,1788087273.041870,50,9.352165,1.099072
worker_6,2028,1788087273.051249,50,9.783975,1.098336
worker_6,2029,1788087273.061081,50,9.342897,1.098368
worker_6,2030,1788087273.070451,50,9.779697,1.097120
worker_6,2031,1788087273.080280,50,9.327036,1.097824
worker_6,2032,1788087273.089633,50,9.780271,1.099168
worker_6,2033,1788087273.099462,50,9.369887,1.100928
worker_6,2034,1788087273.108858,50,9.760817,1.099136
worker_6,2035,1788087273.118667,50,9.342592,1.097184
worker_6,2036,1788087273.128034,50,9.606686,1.098752
worker_6,2037,1788087273.137692,50,9.505287,1.096800
worker_6,2038,1788087273.147224,50,9.775160,1.099872
worker_6,2039,1788087273.157048,50,9.341554,1.099200
worker_6,2040,1788087273.166428,50,9.758186,1.097632
worker_6,2041,1788087273.176244,50,9.325999,1.097792
worker_6,2042,1788087273.185595,50,9.775964,1.097440
worker_6,2043,1788087273.195419,50,9.354591,1.099840
worker_6,2044,1788087273.204798,50,9.763317,1.099648
worker_6,2045,1788087273.214609,50,9.342740,1.095776
worker_6,2046,1788087273.223976,50,9.761724,1.098656
worker_6,2047,1788087273.233786,50,9.348045,1.097856
worker_6,2048,1788087273.243160,50,9.757373,1.096320
worker_6,2049,1788087273.252967,50,9.352878,1.099008
worker_6,2050,1788087273.262345,50,9.767002,1.098656
worker_6,2051,1788087273.272160,50,9.327508,1.099872
worker_6,2052,1788087273.281512,50,9.770531,1.097888
worker_6,2053,1788087273.291330,50,9.329146,1.096960
worker_6,2054,1788087273.300684,50,9.760344,1.097248
worker_6,2055,1788087273.310491,50,9.336536,1.097792
worker_6,2056,1788087273.319856,50,9.766428,1.099360
worker_6,2057,1788087273.329669,50,9.346563,1.097568
worker_6,2058,1788087273.339041,50,9.793724,1.096416
worker_6,2059,1788087273.348895,50,9.289340,1.098368
worker_6,2060,1788087273.358210,50,9.761557,1.099264
worker_6,2061,1788087273.368022,50,9.335609,1.098016
worker_6,2062,1788087273.377384,50,9.763160,1.097056
worker_6,2063,1788087273.387195,50,9.347702,1.105344
worker_6,2064,1788087273.396569,50,9.770261,1.098176
worker_6,2065,1788087273.406386,50,9.340470,1.098240
worker_6,2066,1788087273.415751,50,9.770742,1.098304
worker_6,2067,1788087273.425571,50,9.337470,1.097600
worker_6,2068,1788087273.434934,50,9.780021,1.100064
worker_6,2069,1788087273.444762,50,9.328368,1.097824
worker_6,2070,1788087273.454116,50,9.772687,1.096864
worker_6,2071,1788087273.463937,50,9.345138,1.099584
worker_6,2072,1788087273.473307,50,9.772067,1.099232
worker_6,2073,1788087273.483128,50,9.336434,1.098432
worker_6,2074,1788087273.492490,50,9.753836,1.098112
worker_6,2075,1788087273.502291,50,9.336304,1.098976
worker_6,2076,1788087273.511653,50,9.578363,1.099872
worker_6,2077,1788087273.521252,50,9.563899,1.098816
worker_6,2078,1788087273.530833,50,9.823410,1.101376
worker_6,2079,1788087273.540721,50,9.303016,1.098368
worker_6,2080,1788087273.550049,50,9.756086,1.098880
worker_6,2081,1788087273.559853,50,9.346341,1.099104
worker_6,2082,1788087273.569224,50,9.776677,1.099136
worker_6,2083,1788087273.579050,50,9.496277,1.098880
worker_6,2084,1788087273.588572,50,9.776382,1.097728
worker_6,2085,1788087273.598395,50,9.313155,1.097856
worker_6,2086,1788087273.607733,50,9.627455,1.097632
