label,batch,start_unix_s,operations,wall_ms,cuda_batch_ms
worker_2,0,1788087067.570495,50,8.080791,7.883680
worker_2,1,1788087067.578623,50,7.619149,7.550528
worker_2,2,1788087067.586270,50,7.883169,7.824768
worker_2,3,1788087067.594173,50,7.841623,7.780064
worker_2,4,1788087067.602039,50,8.157894,7.873312
worker_2,5,1788087067.610249,50,8.286479,7.943392
worker_2,6,1788087067.618584,50,8.245385,7.901568
worker_2,7,1788087067.626878,50,7.918965,7.788864
worker_2,8,1788087067.634822,50,7.802030,7.746304
worker_2,9,1788087067.642644,50,7.895400,7.846400
worker_2,10,1788087067.650570,50,7.704250,7.651968
worker_2,11,1788087067.658294,50,7.731307,7.681888
worker_2,12,1788087067.666044,50,7.791891,7.741408
worker_2,13,1788087067.673852,50,7.691474,7.641152
worker_2,14,1788087067.681561,50,7.777400,7.729760
worker_2,15,1788087067.689355,50,7.937123,7.675360
worker_2,16,1788087067.697344,50,7.884420,7.696704
worker_2,17,1788087067.705281,50,7.975114,7.722848
worker_2,18,1788087067.713287,50,7.539342,7.470432
worker_2,19,1788087067.720848,50,7.604019,7.426496
worker_2,20,1788087067.728469,50,6.799382,6.627584
worker_2,21,1788087067.735283,50,7.567741,7.407872
worker_2,22,1788087067.742866,50,7.594297,7.388608
worker_2,23,1788087067.750477,50,7.657186,7.444704
worker_2,24,1788087067.758151,50,7.412796,7.223616
worker_2,25,1788087067.765581,50,7.475416,7.263392
worker_2,26,1788087067.773073,50,7.420322,7.213824
worker_2,27,1788087067.780509,50,7.835419,7.624608
worker_2,28,1788087067.788360,50,7.424286,7.243648
worker_2,29,1788087067.795813,50,7.922308,7.512256
worker_2,30,1788087067.803785,50,8.021606,7.654176
worker_2,31,1788087067.811852,50,8.191403,7.862752
worker_2,32,1788087067.820091,50,8.179375,7.837472
worker_2,33,1788087067.828318,50,8.301968,7.970560
worker_2,34,1788087067.836666,50,8.102921,7.773504
worker_2,35,1788087067.844815,50,8.090662,7.964192
worker_2,36,1788087067.852932,50,7.927531,7.661504
worker_2,37,1788087067.860907,50,8.241830,7.913984
worker_2,38,1788087067.869196,50,8.009828,7.682304
worker_2,39,1788087067.877253,50,8.281617,7.950560
worker_2,40,1788087067.885581,50,8.107042,7.777120
worker_2,41,1788087067.893735,50,8.312238,7.982368
worker_2,42,1788087067.902096,50,8.068523,7.737568
worker_2,43,1788087067.910211,50,8.102181,7.773600
worker_2,44,1788087067.918360,50,7.984883,7.860192
worker_2,45,1788087067.926371,50,7.958531,7.696960
worker_2,46,1788087067.934378,50,8.022847,7.896864
worker_2,47,1788087067.942425,50,8.123069,7.860352
worker_2,48,1788087067.950596,50,8.000810,7.875872
worker_2,49,1788087067.958637,50,8.078624,7.810880
worker_2,50,1788087067.966763,50,8.023097,7.900000
worker_2,51,1788087067.974810,50,8.102023,7.840704
worker_2,52,1788087067.982961,50,8.089180,7.965920
worker_2,53,1788087067.991076,50,8.145181,7.881920
worker_2,54,1788087067.999269,50,7.925114,7.801312
worker_2,55,1788087068.007219,50,7.577769,7.311488
worker_2,56,1788087068.014845,50,7.577806,7.454208
worker_2,57,1788087068.022447,50,7.783085,7.522144
worker_2,58,1788087068.030281,50,7.797585,7.673664
worker_2,59,1788087068.038103,50,7.969337,7.705056
worker_2,60,1788087068.046123,50,7.861317,7.735552
worker_2,61,1788087068.054010,50,7.962365,7.698560
worker_2,62,1788087068.062022,50,7.987754,7.864256
worker_2,63,1788087068.070036,50,7.961559,7.699616
worker_2,64,1788087068.078048,50,8.066245,7.941728
worker_2,65,1788087068.086140,50,8.110467,7.844448
worker_2,66,1788087068.094298,50,8.050763,7.924608
worker_2,67,1788087068.102375,50,7.968105,7.702784
worker_2,68,1788087068.110404,50,7.893531,7.763808
worker_2,69,1788087068.118323,50,7.742908,7.474400
worker_2,70,1788087068.126115,50,7.743437,7.617024
worker_2,71,1788087068.133886,50,8.016448,7.753376
worker_2,72,1788087068.141953,50,7.912856,7.788544
worker_2,73,1788087068.149892,50,7.957263,7.693248
worker_2,74,1788087068.157900,50,7.861197,7.734720
worker_2,75,1788087068.165787,50,7.891271,7.625952
worker_2,76,1788087068.173730,50,7.978753,7.847488
worker_2,77,1788087068.181736,50,7.986846,7.721440
worker_2,78,1788087068.189771,50,8.019939,7.898624
worker_2,79,1788087068.197816,50,7.755973,7.489568
worker_2,80,1788087068.205622,50,8.102662,7.976576
worker_2,81,1788087068.213751,50,7.925391,7.661728
worker_2,82,1788087068.221725,50,8.043614,7.914880
worker_2,83,1788087068.229794,50,8.009569,7.746656
worker_2,84,1788087068.237853,50,8.084041,7.963136
worker_2,85,1788087068.245963,50,7.927152,7.661344
worker_2,86,1788087068.253937,50,8.268914,7.941504
worker_2,87,1788087068.262253,50,7.979041,7.651168
worker_2,88,1788087068.270290,50,8.067651,7.939872
worker_2,89,1788087068.278384,50,7.835900,7.782656
worker_2,90,1788087068.286241,50,7.855937,7.807872
worker_2,91,1788087068.294115,50,7.723927,7.677376
worker_2,92,1788087068.301857,50,7.727945,7.682784
worker_2,93,1788087068.309604,50,7.540962,7.491456
worker_2,94,1788087068.317161,50,7.682464,7.634048
worker_2,95,1788087068.324860,50,7.680926,7.634880
worker_2,96,1788087068.332556,50,7.877485,7.821312
worker_2,97,1788087068.340457,50,7.666583,7.603520
worker_2,98,1788087068.348141,50,7.916429,7.869568
worker_2,99,1788087068.356074,50,7.892817,7.636512
worker_2,100,1788087068.364015,50,8.326764,7.995808
worker_2,101,1788087068.372389,50,8.068514,7.736896
worker_2,102,1788087068.380503,50,8.342581,8.014240
worker_2,103,1788087068.388892,50,8.193976,7.866272
worker_2,104,1788087068.397133,50,8.111014,7.782560
worker_2,105,1788087068.405293,50,7.788919,7.459936
worker_2,106,1788087068.413129,50,8.153126,7.820256
worker_2,107,1788087068.421346,50,7.910754,7.574880
worker_2,108,1788087068.429308,50,8.242163,7.912864
worker_2,109,1788087068.437602,50,8.190828,7.859808
worker_2,110,1788087068.445840,50,8.232940,7.907328
worker_2,111,1788087068.454122,50,8.116542,7.784288
worker_2,112,1788087068.462285,50,8.258468,7.924960
worker_2,113,1788087068.470589,50,7.920891,7.794464
worker_2,114,1788087068.478536,50,8.151524,7.879040
worker_2,115,1788087068.486736,50,7.892568,7.766336
worker_2,116,1788087068.494654,50,7.968448,7.702176
worker_2,117,1788087068.502671,50,7.778104,7.643872
worker_2,118,1788087068.510473,50,7.840048,7.780896
worker_2,119,1788087068.518332,50,7.977133,7.715360
worker_2,120,1788087068.526360,50,7.917549,7.791584
worker_2,121,1788087068.534305,50,7.785158,7.519616
worker_2,122,1788087068.542140,50,8.049170,7.884800
worker_2,123,1788087068.550235,50,7.888113,7.788544
worker_2,124,1788087068.558149,50,7.867048,7.808608
worker_2,125,1788087068.566036,50,7.663640,7.612288
worker_2,126,1788087068.573717,50,7.896965,7.850560
worker_2,127,1788087068.581644,50,7.896698,7.848832
worker_2,128,1788087068.589561,50,8.126236,7.859648
worker_2,129,1788087068.597739,50,8.090921,7.965664
worker_2,130,1788087068.605856,50,8.158412,7.871168
worker_2,131,1788087068.614063,50,8.119300,7.991680
worker_2,132,1788087068.622208,50,8.160348,7.880960
worker_2,133,1788087068.630417,50,8.086097,7.958528
worker_2,134,1788087068.638528,50,7.928290,7.662144
worker_2,135,1788087068.646505,50,7.915744,7.791008
worker_2,136,1788087068.654447,50,8.149522,7.874080
worker_2,137,1788087068.662644,50,8.071930,7.945408
worker_2,138,1788087068.670740,50,8.122504,7.843040
worker_2,139,1788087068.678910,50,8.104930,7.972704
worker_2,140,1788087068.687041,50,8.055327,7.780320
worker_2,141,1788087068.695143,50,7.943918,7.821280
worker_2,142,1788087068.703114,50,7.916687,7.648352
worker_2,143,1788087068.711079,50,7.629306,7.504992
worker_2,144,1788087068.718734,50,7.879789,7.609152
worker_2,145,1788087068.726663,50,7.767827,7.638048
worker_2,146,1788087068.734468,50,8.137060,7.865696
worker_2,147,1788087068.742656,50,7.938039,7.811808
worker_2,148,1788087068.750622,50,7.895141,7.842720
worker_2,149,1788087068.758538,50,8.123079,7.868448
worker_2,150,1788087068.766710,50,8.301432,7.969024
worker_2,151,1788087068.775060,50,7.962096,7.838208
worker_2,152,1788087068.783049,50,8.153247,7.891840
worker_2,153,1788087068.791251,50,7.803706,7.678912
worker_2,154,1788087068.799080,50,7.802455,7.749824
worker_2,155,1788087068.806902,50,7.670102,7.622848
worker_2,156,1788087068.814673,50,7.710159,7.654080
worker_2,157,1788087068.822405,50,7.717935,7.670176
worker_2,158,1788087068.830140,50,7.686426,7.641120
worker_2,159,1788087068.837843,50,7.924623,7.868224
worker_2,160,1788087068.845785,50,7.545129,7.496224
worker_2,161,1788087068.853346,50,7.947013,7.902528
worker_2,162,1788087068.861309,50,7.705344,7.660384
worker_2,163,1788087068.869030,50,7.952216,7.904032
worker_2,164,1788087068.877000,50,7.705714,7.650304
worker_2,165,1788087068.884721,50,7.918818,7.870464
worker_2,166,1788087068.892668,50,7.898800,7.633216
worker_2,167,1788087068.900617,50,8.198644,7.851296
worker_2,168,1788087068.908864,50,8.001430,7.648032
worker_2,169,1788087068.916912,50,8.145404,7.805792
worker_2,170,1788087068.925104,50,7.973466,7.629856
worker_2,171,1788087068.933123,50,8.176996,7.849120
worker_2,172,1788087068.941350,50,8.192302,7.864288
worker_2,173,1788087068.949590,50,8.234394,7.904960
worker_2,174,1788087068.957872,50,8.419211,7.960256
worker_2,175,1788087068.966337,50,8.270886,7.851232
worker_2,176,1788087068.974654,50,8.264006,7.801120
worker_2,177,1788087068.982965,50,8.338358,7.877472
worker_2,178,1788087068.991350,50,8.327988,7.845344
worker_2,179,1788087068.999725,50,8.346562,7.870336
worker_2,180,1788087069.008119,50,8.276728,7.918624
worker_2,181,1788087069.016441,50,8.229385,7.896480
worker_2,182,1788087069.024717,50,7.926271,7.596960
worker_2,183,1788087069.032691,50,7.895113,7.557088
worker_2,184,1788087069.040636,50,7.933613,7.598560
worker_2,185,1788087069.048629,50,7.824401,7.691072
worker_2,186,1788087069.056479,50,7.795316,7.517728
worker_2,187,1788087069.064325,50,7.761705,7.633312
worker_2,188,1788087069.072115,50,7.732983,7.465888
worker_2,189,1788087069.079898,50,7.769336,7.642720
worker_2,190,1788087069.087695,50,8.084227,7.820672
worker_2,191,1788087069.095829,50,7.770558,7.637536
worker_2,192,1788087069.103625,50,8.128828,7.853664
worker_2,193,1788087069.111804,50,7.942467,7.817856
worker_2,194,1788087069.119773,50,8.006273,7.729376
worker_2,195,1788087069.127829,50,7.759964,7.635808
worker_2,196,1788087069.135616,50,8.097967,7.832384
worker_2,197,1788087069.143762,50,7.320451,7.196160
worker_2,198,1788087069.151107,50,8.151449,7.888608
worker_2,199,1788087069.159306,50,7.330036,7.205216
worker_2,200,1788087069.166661,50,7.906142,7.852224
worker_2,201,1788087069.174588,50,7.082292,6.823264
worker_2,202,1788087069.181720,50,8.067253,7.941216
worker_2,203,1788087069.189812,50,7.290210,7.025600
worker_2,204,1788087069.197151,50,7.991549,7.868672
worker_2,205,1788087069.205186,50,7.080801,6.803488
worker_2,206,1788087069.212316,50,8.072495,7.944928
worker_2,207,1788087069.220412,50,6.844031,6.580288
worker_2,208,1788087069.227304,50,8.025726,7.900160
worker_2,209,1788087069.235355,50,7.016782,6.964096
worker_2,210,1788087069.242390,50,7.872465,7.824896
worker_2,211,1788087069.250279,50,7.598575,7.553376
worker_2,212,1788087069.257893,50,7.869835,7.826272
worker_2,213,1788087069.265779,50,7.803020,7.759040
worker_2,214,1788087069.273597,50,7.828687,7.783872
worker_2,215,1788087069.281442,50,7.877474,7.833408
worker_2,216,1788087069.289335,50,7.824122,7.778752
worker_2,217,1788087069.297174,50,7.836604,7.791968
worker_2,218,1788087069.305026,50,7.767677,7.720384
worker_2,219,1788087069.312809,50,7.863345,7.812192
worker_2,220,1788087069.320690,50,7.906022,7.845408
worker_2,221,1788087069.328613,50,7.899058,7.845824
worker_2,222,1788087069.336531,50,7.884985,7.822720
worker_2,223,1788087069.344436,50,7.899659,7.830400
worker_2,224,1788087069.352358,50,7.875659,7.823712
worker_2,225,1788087069.360251,50,8.302404,7.881408
worker_2,226,1788087069.368607,50,8.222606,7.883712
worker_2,227,1788087069.376877,50,8.301830,7.971904
worker_2,228,1788087069.385224,50,8.338924,8.008640
worker_2,229,1788087069.393610,50,8.349858,8.014592
worker_2,230,1788087069.402006,50,8.225755,7.895936
worker_2,231,1788087069.410278,50,8.102301,7.773376
worker_2,232,1788087069.418429,50,8.022994,7.846208
worker_2,233,1788087069.426487,50,7.850585,7.739424
worker_2,234,1788087069.434366,50,7.830076,7.767040
worker_2,235,1788087069.442216,50,7.878335,7.828640
worker_2,236,1788087069.450113,50,7.667148,7.621504
worker_2,237,1788087069.457796,50,7.558879,7.512128
worker_2,238,1788087069.465371,50,7.849400,7.589344
worker_2,239,1788087069.473271,50,8.096920,7.747136
worker_2,240,1788087069.481416,50,7.692324,7.564608
worker_2,241,1788087069.489133,50,7.869078,7.591904
worker_2,242,1788087069.497051,50,7.859234,7.724224
worker_2,243,1788087069.504936,50,7.791114,7.522336
worker_2,244,1788087069.512786,50,7.563723,7.438080
worker_2,245,1788087069.520376,50,7.774066,7.503616
worker_2,246,1788087069.528200,50,7.943224,7.794720
worker_2,247,1788087069.536170,50,7.924328,7.655072
worker_2,248,1788087069.544144,50,8.129885,7.989568
worker_2,249,1788087069.552300,50,7.957725,7.680992
worker_2,250,1788087069.560307,50,8.713815,8.004000
worker_2,251,1788087069.569068,50,7.878901,7.746400
worker_2,252,1788087069.576989,50,7.963559,7.877952
worker_2,253,1788087069.584978,50,7.800603,7.747104
worker_2,254,1788087069.592799,50,7.917484,7.858496
worker_2,255,1788087069.600741,50,7.706381,7.634176
worker_2,256,1788087069.608467,50,7.917807,7.861504
worker_2,257,1788087069.616407,50,7.797299,7.528128
worker_2,258,1788087069.624265,50,8.082532,7.739168
worker_2,259,1788087069.632396,50,7.918484,7.573600
worker_2,260,1788087069.640362,50,8.049504,7.706560
worker_2,261,1788087069.648461,50,7.863966,7.734304
worker_2,262,1788087069.656352,50,7.704555,7.648416
worker_2,263,1788087069.664092,50,7.623047,7.570144
worker_2,264,1788087069.671736,50,7.629583,7.581920
worker_2,265,1788087069.679382,50,7.596491,7.549216
worker_2,266,1788087069.686994,50,7.858836,7.720736
worker_2,267,1788087069.694883,50,7.648733,7.546816
worker_2,268,1788087069.702568,50,7.878984,7.784992
worker_2,269,1788087069.710473,50,7.655399,7.596384
worker_2,270,1788087069.718149,50,7.825298,7.772640
worker_2,271,1788087069.725992,50,7.806066,7.740416
worker_2,272,1788087069.733815,50,7.870011,7.821856
worker_2,273,1788087069.741701,50,7.881308,7.833600
worker_2,274,1788087069.749600,50,7.870641,7.821824
worker_2,275,1788087069.757487,50,7.983578,7.938272
worker_2,276,1788087069.765485,50,7.890216,7.843136
worker_2,277,1788087069.773391,50,7.907743,7.860288
worker_2,278,1788087069.781315,50,7.919504,7.872256
worker_2,279,1788087069.789249,50,7.873632,7.826752
worker_2,280,1788087069.797138,50,7.702686,7.650176
worker_2,281,1788087069.804858,50,7.772391,7.722336
worker_2,282,1788087069.812647,50,7.996726,7.730144
worker_2,283,1788087069.820709,50,8.111884,7.763808
worker_2,284,1788087069.828873,50,8.342016,7.992224
worker_2,285,1788087069.837265,50,8.314997,7.970272
worker_2,286,1788087069.845626,50,8.117532,7.991168
worker_2,287,1788087069.853767,50,7.686214,7.616352
worker_2,288,1788087069.861472,50,7.906937,7.857792
worker_2,289,1788087069.869396,50,7.980226,7.930336
worker_2,290,1788087069.877392,50,7.727862,7.678208
worker_2,291,1788087069.885138,50,7.920882,7.873600
worker_2,292,1788087069.893075,50,7.876373,7.823488
worker_2,293,1788087069.900970,50,7.892531,7.842720
worker_2,294,1788087069.908880,50,7.692065,7.641152
worker_2,295,1788087069.916589,50,7.947150,7.682048
worker_2,296,1788087069.924588,50,8.127105,7.780320
worker_2,297,1788087069.932765,50,8.275413,7.930208
worker_2,298,1788087069.941087,50,7.892531,7.770112
worker_2,299,1788087069.949008,50,7.839659,7.782816
worker_2,300,1788087069.956868,50,7.899160,7.851456
worker_2,301,1788087069.964784,50,7.533509,7.476128
worker_2,302,1788087069.972348,50,7.574313,7.520480
worker_2,303,1788087069.979941,50,7.517185,7.462240
worker_2,304,1788087069.987477,50,7.866668,7.819424
worker_2,305,1788087069.995361,50,7.761418,7.703744
worker_2,306,1788087070.003143,50,7.922790,7.864768
worker_2,307,1788087070.011083,50,8.070837,7.813920
worker_2,308,1788087070.019201,50,8.266219,7.938848
worker_2,309,1788087070.027516,50,8.109115,7.772288
worker_2,310,1788087070.035760,50,8.082448,7.958048
worker_2,311,1788087070.043870,50,7.785390,7.728064
worker_2,312,1788087070.051674,50,7.713334,7.663488
worker_2,313,1788087070.059405,50,7.673909,7.627904
worker_2,314,1788087070.067096,50,7.641037,7.594528
worker_2,315,1788087070.074754,50,7.683306,7.635072
worker_2,316,1788087070.082453,50,7.799594,7.754688
worker_2,317,1788087070.090264,50,7.927734,7.883584
worker_2,318,1788087070.098210,50,7.844567,7.790272
worker_2,319,1788087070.106074,50,7.974040,7.904672
worker_2,320,1788087070.114066,50,8.095106,7.820672
worker_2,321,1788087070.122211,50,8.388525,8.040032
worker_2,322,1788087070.130662,50,7.826058,7.698880
worker_2,323,1788087070.138513,50,7.715983,7.663104
worker_2,324,1788087070.146249,50,7.793354,7.745792
worker_2,325,1788087070.154059,50,7.683335,7.636640
worker_2,326,1788087070.161760,50,7.698186,7.652192
worker_2,327,1788087070.169473,50,7.631407,7.582784
worker_2,328,1788087070.177121,50,7.686084,7.639936
worker_2,329,1788087070.184823,50,7.520675,7.472256
worker_2,330,1788087070.192360,50,7.468064,7.422176
worker_2,331,1788087070.199843,50,7.652584,7.598112
worker_2,332,1788087070.207515,50,7.793845,7.742560
worker_2,333,1788087070.215325,50,7.949771,7.673600
worker_2,334,1788087070.223326,50,8.114356,7.788512
worker_2,335,1788087070.231475,50,8.025356,7.693536
worker_2,336,1788087070.239550,50,7.964504,7.833216
worker_2,337,1788087070.247544,50,7.703797,7.647168
worker_2,338,1788087070.255268,50,7.800392,7.751936
worker_2,339,1788087070.263087,50,7.736520,7.690304
worker_2,340,1788087070.270841,50,7.610843,7.564672
worker_2,341,1788087070.278480,50,7.600667,7.549824
worker_2,342,1788087070.286098,50,7.863502,7.816416
worker_2,343,1788087070.293977,50,7.356925,7.309728
worker_2,344,1788087070.301348,50,7.575658,7.520928
worker_2,345,1788087070.308939,50,7.436785,7.390144
worker_2,346,1788087070.316391,50,8.020440,7.754144
worker_2,347,1788087070.324465,50,8.090116,7.746016
worker_2,348,1788087070.332605,50,8.287682,7.902880
worker_2,349,1788087070.340942,50,8.333923,7.990688
worker_2,350,1788087070.349325,50,8.241794,7.912416
worker_2,351,1788087070.357616,50,8.187061,8.044736
worker_2,352,1788087070.365831,50,8.021383,7.968512
worker_2,353,1788087070.373873,50,7.861233,7.811616
worker_2,354,1788087070.381753,50,7.862660,7.815712
worker_2,355,1788087070.389633,50,7.992476,7.946432
worker_2,356,1788087070.397641,50,7.908920,7.861024
worker_2,357,1788087070.405564,50,7.867021,7.819392
worker_2,358,1788087070.413447,50,8.104477,7.830336
worker_2,359,1788087070.421604,50,8.097468,7.740544
worker_2,360,1788087070.429754,50,7.887067,7.553632
worker_2,361,1788087070.437702,50,7.985689,7.648256
worker_2,362,1788087070.445737,50,8.073338,7.728640
worker_2,363,1788087070.453860,50,7.948817,7.817152
worker_2,364,1788087070.461837,50,7.534694,7.476640
worker_2,365,1788087070.469391,50,7.729520,7.682656
worker_2,366,1788087070.477137,50,7.682066,7.636256
worker_2,367,1788087070.484836,50,7.882928,7.821024
worker_2,368,1788087070.492735,50,7.940827,7.887936
worker_2,369,1788087070.500693,50,7.821780,7.771168
worker_2,370,1788087070.508532,50,7.774834,7.727264
worker_2,371,1788087070.516323,50,7.825919,7.563072
worker_2,372,1788087070.524200,50,8.025143,7.663808
worker_2,373,1788087070.532272,50,8.259164,7.750272
worker_2,374,1788087070.540580,50,8.158301,7.645536
worker_2,375,1788087070.548787,50,7.870539,7.598016
worker_2,376,1788087070.556684,50,7.747835,7.536544
worker_2,377,1788087070.564451,50,7.526870,7.476416
worker_2,378,1788087070.571996,50,7.653102,7.608064
worker_2,379,1788087070.579665,50,7.545148,7.498784
worker_2,380,1788087070.587241,50,7.716899,7.667392
worker_2,381,1788087070.594976,50,7.686047,7.637536
worker_2,382,1788087070.602677,50,7.660177,7.612800
worker_2,383,1788087070.610353,50,7.731520,7.677088
worker_2,384,1788087070.618102,50,8.031153,7.766976
worker_2,385,1788087070.626184,50,8.071097,7.736352
worker_2,386,1788087070.634306,50,8.128903,7.783424
worker_2,387,1788087070.642482,50,8.129902,7.795296
worker_2,388,1788087070.650659,50,7.978633,7.637152
worker_2,389,1788087070.658684,50,8.135282,7.798688
worker_2,390,1788087070.666869,50,8.184143,7.851904
worker_2,391,1788087070.675102,50,7.783418,7.634816
worker_2,392,1788087070.682912,50,8.002734,7.637152
worker_2,393,1788087070.690966,50,7.572834,7.298816
worker_2,394,1788087070.698564,50,7.842511,7.429408
worker_2,395,1788087070.706455,50,7.813808,7.688480
worker_2,396,1788087070.714299,50,7.902623,7.631616
worker_2,397,1788087070.722250,50,7.934327,7.807712
worker_2,398,1788087070.730215,50,7.989827,7.719456
worker_2,399,1788087070.738253,50,7.848992,7.705312
worker_2,400,1788087070.746140,50,7.903530,7.636096
worker_2,401,1788087070.754094,50,8.115810,7.989088
worker_2,402,1788087070.762239,50,8.036791,7.765600
worker_2,403,1788087070.770325,50,8.083597,7.957312
worker_2,404,1788087070.778438,50,7.920096,7.650944
worker_2,405,1788087070.786407,50,8.121847,7.995360
worker_2,406,1788087070.794556,50,8.021818,7.752512
worker_2,407,1788087070.802627,50,8.074208,7.949152
worker_2,408,1788087070.810729,50,8.038457,7.773312
worker_2,409,1788087070.818817,50,8.045531,7.923072
worker_2,410,1788087070.826889,50,7.957697,7.691168
worker_2,411,1788087070.834893,50,8.082161,7.955840
worker_2,412,1788087070.843001,50,7.995715,7.725536
worker_2,413,1788087070.851047,50,7.973512,7.840960
worker_2,414,1788087070.859049,50,7.646444,7.378112
worker_2,415,1788087070.866745,50,7.913253,7.783904
worker_2,416,1788087070.874687,50,7.699648,7.642752
worker_2,417,1788087070.882407,50,8.122903,7.862304
worker_2,418,1788087070.890583,50,8.222979,7.889376
worker_2,419,1788087070.898868,50,8.090310,7.958848
worker_2,420,1788087070.906987,50,7.986329,7.719648
worker_2,421,1788087070.915023,50,8.084051,7.958336
worker_2,422,1788087070.923133,50,7.723779,7.671008
worker_2,423,1788087070.930877,50,8.150098,7.891200
worker_2,424,1788087070.939075,50,7.799973,7.673568
worker_2,425,1788087070.946901,50,7.882595,7.825248
worker_2,426,1788087070.954803,50,7.572787,7.524928
worker_2,427,1788087070.962393,50,7.720723,7.674208
worker_2,428,1788087070.970130,50,7.754538,7.708064
worker_2,429,1788087070.977902,50,7.683825,7.637344
worker_2,430,1788087070.985602,50,7.810797,7.765792
worker_2,431,1788087070.993430,50,7.566426,7.521504
worker_2,432,1788087071.001011,50,7.824465,7.779744
worker_2,433,1788087071.008852,50,7.726779,7.679072
worker_2,434,1788087071.016594,50,7.690649,7.643488
worker_2,435,1788087071.024301,50,7.809334,7.762176
worker_2,436,1788087071.032126,50,7.686307,7.639392
worker_2,437,1788087071.039829,50,8.027595,7.771328
worker_2,438,1788087071.047910,50,8.286886,7.952256
worker_2,439,1788087071.056270,50,8.040486,7.708512
worker_2,440,1788087071.064360,50,8.251190,7.914944
worker_2,441,1788087071.072661,50,7.708983,7.374848
worker_2,442,1788087071.080420,50,7.943318,7.609472
worker_2,443,1788087071.088412,50,7.186005,6.858144
worker_2,444,1788087071.095646,50,7.966374,7.635072
worker_2,445,1788087071.103662,50,8.009188,7.676128
worker_2,446,1788087071.111720,50,7.830678,7.496800
worker_2,447,1788087071.119598,50,7.826706,7.489920
worker_2,448,1788087071.127471,50,7.701593,7.573824
worker_2,449,1788087071.135200,50,7.791558,7.524672
worker_2,450,1788087071.143041,50,7.828261,7.698720
worker_2,451,1788087071.150897,50,7.785233,7.513536
worker_2,452,1788087071.158731,50,7.780409,7.652128
worker_2,453,1788087071.166539,50,7.641213,7.584992
worker_2,454,1788087071.174201,50,7.597889,7.251968
worker_2,455,1788087071.181848,50,7.648306,7.365088
worker_2,456,1788087071.189523,50,7.978059,7.574880
worker_2,457,1788087071.197550,50,7.923494,7.798560
worker_2,458,1788087071.205513,50,8.035717,7.772352
worker_2,459,1788087071.213597,50,7.959707,7.834592
worker_2,460,1788087071.221582,50,8.107291,7.838144
worker_2,461,1788087071.229738,50,8.037763,7.913024
worker_2,462,1788087071.237800,50,7.878901,7.608928
worker_2,463,1788087071.245726,50,8.059070,7.923104
worker_2,464,1788087071.253886,50,7.981550,7.708000
worker_2,465,1788087071.261916,50,8.082680,7.957504
worker_2,466,1788087071.270026,50,8.182347,7.912928
worker_2,467,1788087071.278257,50,8.095587,7.968672
worker_2,468,1788087071.286380,50,8.140477,7.869152
worker_2,469,1788087071.294569,50,8.137365,8.006080
worker_2,470,1788087071.302735,50,8.137838,7.864512
worker_2,471,1788087071.310922,50,7.949985,7.823424
worker_2,472,1788087071.318899,50,8.000549,7.729952
worker_2,473,1788087071.326950,50,7.682565,7.556512
worker_2,474,1788087071.334659,50,7.823482,7.554272
worker_2,475,1788087071.342532,50,7.730815,7.604544
worker_2,476,1788087071.350289,50,7.659065,7.390048
worker_2,477,1788087071.357999,50,7.758169,7.628544
worker_2,478,1788087071.365799,50,7.825567,7.551968
worker_2,479,1788087071.373674,50,7.881631,7.748512
worker_2,480,1788087071.381583,50,7.832733,7.565408
worker_2,481,1788087071.389464,50,7.969938,7.840384
worker_2,482,1788087071.397461,50,7.980910,7.709952
worker_2,483,1788087071.405491,50,8.102458,7.976704
worker_2,484,1788087071.413611,50,8.122383,7.851296
worker_2,485,1788087071.421783,50,8.058049,7.931584
worker_2,486,1788087071.429868,50,8.147254,7.876192
worker_2,487,1788087071.438065,50,8.106170,7.978528
worker_2,488,1788087071.446197,50,8.120717,7.843840
worker_2,489,1788087071.454366,50,8.185884,8.055744
worker_2,490,1788087071.462580,50,8.030106,7.759328
worker_2,491,1788087071.470659,50,8.066791,7.940224
worker_2,492,1788087071.478753,50,8.109561,7.840224
worker_2,493,1788087071.486912,50,8.213283,8.086944
worker_2,494,1788087071.495150,50,7.997058,7.716352
worker_2,495,1788087071.503197,50,7.806196,7.679424
worker_2,496,1788087071.511030,50,7.952511,7.683488
worker_2,497,1788087071.519044,50,8.116328,7.992416
worker_2,498,1788087071.527187,50,8.103513,7.831104
worker_2,499,1788087071.535340,50,8.245468,7.957952
worker_2,500,1788087071.543612,50,8.086375,7.636512
worker_2,501,1788087071.551749,50,7.856928,7.685536
worker_2,502,1788087071.559632,50,7.925929,7.455104
worker_2,503,1788087071.567608,50,7.982364,7.707520
worker_2,504,1788087071.575618,50,8.012586,7.614528
worker_2,505,1788087071.583679,50,7.716492,7.584160
worker_2,506,1788087071.591422,50,7.992680,7.723232
worker_2,507,1788087071.599463,50,7.658704,7.530112
worker_2,508,1788087071.607147,50,7.960698,7.696640
worker_2,509,1788087071.615155,50,7.886558,7.764000
worker_2,510,1788087071.623070,50,7.919318,7.634848
worker_2,511,1788087071.631039,50,8.077255,7.949024
worker_2,512,1788087071.639143,50,8.157996,7.888544
worker_2,513,1788087071.647349,50,8.116107,7.994752
worker_2,514,1788087071.655490,50,8.160829,7.888064
worker_2,515,1788087071.663701,50,8.119615,7.990048
worker_2,516,1788087071.671847,50,8.206292,7.789760
worker_2,517,1788087071.680115,50,8.057327,7.781664
worker_2,518,1788087071.688198,50,8.173079,7.745536
worker_2,519,1788087071.696422,50,7.864716,7.593120
worker_2,520,1788087071.704313,50,7.982985,7.557984
worker_2,521,1788087071.712345,50,7.632010,7.493472
worker_2,522,1788087071.720004,50,7.764696,7.348128
worker_2,523,1788087071.727817,50,7.933827,7.805472
worker_2,524,1788087071.735778,50,8.000957,7.727488
worker_2,525,1788087071.743829,50,7.924030,7.800448
worker_2,526,1788087071.751782,50,7.841965,7.559584
worker_2,527,1788087071.759673,50,7.976318,7.858720
worker_2,528,1788087071.767676,50,8.052948,7.785088
worker_2,529,1788087071.775776,50,7.836474,7.713120
worker_2,530,1788087071.783638,50,7.879373,7.614624
worker_2,531,1788087071.791567,50,7.923837,7.800800
worker_2,532,1788087071.799517,50,8.017263,7.748960
worker_2,533,1788087071.807584,50,7.938410,7.810464
worker_2,534,1788087071.815551,50,7.967837,7.696160
worker_2,535,1788087071.823568,50,7.881169,7.753568
worker_2,536,1788087071.831491,50,8.127236,7.859584
worker_2,537,1788087071.839665,50,8.106708,7.983264
worker_2,538,1788087071.847798,50,8.233895,7.966176
worker_2,539,1788087071.856080,50,8.084290,7.957536
worker_2,540,1788087071.864195,50,8.095486,7.819008
worker_2,541,1788087071.872339,50,7.867113,7.733024
worker_2,542,1788087071.880242,50,7.953216,7.658720
worker_2,543,1788087071.888263,50,7.978337,7.850528
worker_2,544,1788087071.896269,50,8.031255,7.751520
worker_2,545,1788087071.904349,50,7.614612,7.476416
worker_2,546,1788087071.911991,50,7.860687,7.591200
worker_2,547,1788087071.919902,50,7.744464,7.618592
worker_2,548,1788087071.927673,50,7.818335,7.547680
worker_2,549,1788087071.935542,50,7.717575,7.593472
worker_2,550,1788087071.943286,50,7.969827,7.704128
worker_2,551,1788087071.951306,50,7.890328,7.765984
worker_2,552,1788087071.959224,50,8.109365,7.840256
worker_2,553,1788087071.967382,50,8.019069,7.894272
worker_2,554,1788087071.975427,50,7.931782,7.878784
worker_2,555,1788087071.983377,50,7.730687,7.681760
worker_2,556,1788087071.991140,50,7.927642,7.879328
worker_2,557,1788087071.999086,50,7.525749,7.479712
worker_2,558,1788087072.006627,50,7.653899,7.599904
worker_2,559,1788087072.014296,50,7.681732,7.636512
worker_2,560,1788087072.021993,50,7.697167,7.650496
worker_2,561,1788087072.029706,50,7.642426,7.595872
worker_2,562,1788087072.037364,50,7.917790,7.869280
worker_2,563,1788087072.045298,50,7.827131,7.780576
worker_2,564,1788087072.053140,50,7.986688,7.939296
worker_2,565,1788087072.061142,50,8.088421,7.824768
worker_2,566,1788087072.069282,50,8.289116,7.955648
worker_2,567,1788087072.077619,50,8.248357,7.915360
worker_2,568,1788087072.085916,50,8.315996,7.983776
worker_2,569,1788087072.094281,50,8.217209,7.887168
worker_2,570,1788087072.102546,50,7.988660,7.646816
worker_2,571,1788087072.110584,50,7.898086,7.561760
worker_2,572,1788087072.118534,50,7.961272,7.626272
worker_2,573,1788087072.126544,50,7.947911,7.607712
worker_2,574,1788087072.134540,50,8.093384,7.746496
worker_2,575,1788087072.142693,50,8.048049,7.712160
worker_2,576,1788087072.150788,50,8.068744,7.736864
worker_2,577,1788087072.158903,50,8.147412,7.812928
worker_2,578,1788087072.167097,50,7.933170,7.806944
worker_2,579,1788087072.175055,50,8.133578,7.870720
worker_2,580,1788087072.183238,50,8.114245,7.990816
worker_2,581,1788087072.191378,50,8.138885,7.878752
worker_2,582,1788087072.199566,50,7.869067,7.746784
worker_2,583,1788087072.207463,50,7.872122,7.608224
worker_2,584,1788087072.215384,50,7.966327,7.837792
worker_2,585,1788087072.223378,50,7.871724,7.612128
worker_2,586,1788087072.231298,50,7.953058,7.823968
worker_2,587,1788087072.239279,50,8.047902,7.782848
worker_2,588,1788087072.247375,50,8.093338,7.967520
worker_2,589,1788087072.255495,50,8.063449,7.800416
worker_2,590,1788087072.263605,50,8.116098,7.971936
worker_2,591,1788087072.271747,50,7.901484,7.638368
worker_2,592,1788087072.279697,50,8.148625,8.021568
worker_2,593,1788087072.287872,50,7.980429,7.712224
worker_2,594,1788087072.295901,50,7.985994,7.855936
worker_2,595,1788087072.303926,50,7.913753,7.647040
worker_2,596,1788087072.311889,50,8.058763,7.931424
worker_2,597,1788087072.319978,50,8.002670,7.728672
worker_2,598,1788087072.328031,50,7.746483,7.625472
worker_2,599,1788087072.335803,50,8.004077,7.737184
worker_2,600,1788087072.343858,50,7.968438,7.842528
worker_2,601,1788087072.351853,50,8.138440,7.866688
worker_2,602,1788087072.360042,50,7.957494,7.828128
worker_2,603,1788087072.368025,50,8.143338,7.873088
worker_2,604,1788087072.376230,50,7.871558,7.740896
worker_2,605,1788087072.384130,50,8.190838,7.920832
worker_2,606,1788087072.392370,50,8.110052,7.950432
worker_2,607,1788087072.400507,50,7.925900,7.655072
worker_2,608,1788087072.408483,50,7.884863,7.757280
worker_2,609,1788087072.416393,50,7.920327,7.649696
worker_2,610,1788087072.424361,50,8.085115,7.941152
worker_2,611,1788087072.432474,50,8.234043,7.965664
worker_2,612,1788087072.440757,50,8.089782,7.963328
worker_2,613,1788087072.448874,50,8.103764,7.834848
worker_2,614,1788087072.457038,50,8.026347,7.898912
worker_2,615,1788087072.465091,50,8.130292,7.864960
worker_2,616,1788087072.473270,50,8.072013,7.948416
worker_2,617,1788087072.481369,50,7.961206,7.692032
worker_2,618,1788087072.489468,50,7.961003,7.832640
worker_2,619,1788087072.497461,50,7.737029,7.464704
worker_2,620,1788087072.505248,50,7.848520,7.722656
worker_2,621,1788087072.513124,50,7.834566,7.561344
worker_2,622,1788087072.521008,50,7.867094,7.640800
worker_2,623,1788087072.528923,50,7.771475,7.666048
worker_2,624,1788087072.536720,50,7.622982,7.542816
worker_2,625,1788087072.544375,50,7.742316,7.665824
worker_2,626,1788087072.552138,50,7.829891,7.784160
worker_2,627,1788087072.559984,50,7.965577,7.919136
worker_2,628,1788087072.567966,50,7.911067,7.852480
worker_2,629,1788087072.575897,50,7.933920,7.880992
worker_2,630,1788087072.583848,50,7.751909,7.681472
worker_2,631,1788087072.591632,50,7.894678,7.811552
worker_2,632,1788087072.599549,50,7.909771,7.859616
worker_2,633,1788087072.607479,50,7.854557,7.801696
worker_2,634,1788087072.615366,50,7.969948,7.918944
worker_2,635,1788087072.623358,50,8.025040,7.973056
worker_2,636,1788087072.631401,50,7.805317,7.755872
worker_2,637,1788087072.639225,50,7.951800,7.888096
worker_2,638,1788087072.647199,50,7.846623,7.777184
worker_2,639,1788087072.655067,50,7.910540,7.862240
worker_2,640,1788087072.662995,50,7.924169,7.862944
worker_2,641,1788087072.670942,50,7.927474,7.856160
worker_2,642,1788087072.678888,50,7.852279,7.658784
worker_2,643,1788087072.686756,50,7.810575,7.703872
worker_2,644,1788087072.694580,50,7.824049,7.639424
worker_2,645,1788087072.702417,50,7.789343,7.742496
worker_2,646,1788087072.710223,50,7.914974,7.706400
worker_2,647,1788087072.718154,50,7.858113,7.702752
worker_2,648,1788087072.726033,50,7.954715,7.798688
worker_2,649,1788087072.734007,50,7.395934,7.340256
worker_2,650,1788087072.741421,50,7.853187,7.804096
worker_2,651,1788087072.749292,50,7.853447,7.804960
worker_2,652,1788087072.757163,50,7.821067,7.767456
worker_2,653,1788087072.765011,50,7.938586,7.883648
worker_2,654,1788087072.772968,50,7.905678,7.829856
worker_2,655,1788087072.780892,50,8.000253,7.946240
worker_2,656,1788087072.788916,50,7.849095,7.790624
worker_2,657,1788087072.796784,50,7.863418,7.808320
worker_2,658,1788087072.804668,50,7.516675,7.463424
worker_2,659,1788087072.812200,50,7.809456,7.750400
worker_2,660,1788087072.820027,50,7.771391,7.722944
worker_2,661,1788087072.827815,50,7.874983,7.827712
worker_2,662,1788087072.835707,50,7.866335,7.819008
worker_2,663,1788087072.843590,50,7.864937,7.818304
worker_2,664,1788087072.851472,50,7.994651,7.947488
worker_2,665,1788087072.859482,50,7.641519,7.589696
worker_2,666,1788087072.867142,50,7.905021,7.850944
worker_2,667,1788087072.875066,50,7.910919,7.861632
worker_2,668,1788087072.882994,50,7.916077,7.864160
worker_2,669,1788087072.890931,50,7.733362,7.672096
worker_2,670,1788087072.898684,50,7.629695,7.577312
worker_2,671,1788087072.906335,50,7.725769,7.669056
worker_2,672,1788087072.914080,50,7.702917,7.650912
worker_2,673,1788087072.921812,50,7.574278,7.510720
worker_2,674,1788087072.929406,50,7.678177,7.623904
worker_2,675,1788087072.937102,50,7.610399,7.543488
worker_2,676,1788087072.944733,50,7.742529,7.673664
worker_2,677,1788087072.952496,50,7.752779,7.696256
worker_2,678,1788087072.960265,50,7.742863,7.685728
worker_2,679,1788087072.968030,50,7.752019,7.685728
worker_2,680,1788087072.975802,50,7.901003,7.842496
worker_2,681,1788087072.983725,50,7.830548,7.774560
worker_2,682,1788087072.991577,50,7.714778,7.663872
worker_2,683,1788087072.999310,50,7.646019,7.598304
worker_2,684,1788087073.006974,50,7.669713,7.611040
worker_2,685,1788087073.014667,50,7.457665,7.404640
worker_2,686,1788087073.022142,50,7.714576,7.665152
worker_2,687,1788087073.029874,50,7.691019,7.641312
worker_2,688,1788087073.037582,50,7.907328,7.861184
worker_2,689,1788087073.045506,50,7.835622,7.784672
worker_2,690,1788087073.053358,50,7.850872,7.804768
worker_2,691,1788087073.061226,50,7.909169,7.857440
worker_2,692,1788087073.069151,50,7.743372,7.687552
worker_2,693,1788087073.076916,50,7.939919,7.884896
worker_2,694,1788087073.084890,50,7.711694,7.659872
worker_2,695,1788087073.092620,50,7.891476,7.843200
worker_2,696,1788087073.100528,50,7.698918,7.649600
worker_2,697,1788087073.108243,50,7.914161,7.861056
worker_2,698,1788087073.116178,50,7.813038,7.758784
worker_2,699,1788087073.124009,50,7.618306,7.567808
worker_2,700,1788087073.131647,50,7.541379,7.491840
worker_2,701,1788087073.139205,50,7.819437,7.765984
worker_2,702,1788087073.147047,50,7.818243,7.755936
worker_2,703,1788087073.154888,50,7.897428,7.841280
worker_2,704,1788087073.162803,50,7.974243,7.915264
worker_2,705,1788087073.170801,50,8.032957,7.819936
worker_2,706,1788087073.178855,50,7.743798,7.523008
worker_2,707,1788087073.186618,50,7.821817,7.609920
worker_2,708,1788087073.194458,50,7.710640,7.502400
worker_2,709,1788087073.202186,50,7.522722,7.313536
worker_2,710,1788087073.209732,50,7.713640,7.512960
worker_2,711,1788087073.217463,50,7.694417,7.631776
worker_2,712,1788087073.225175,50,7.687519,7.508576
worker_2,713,1788087073.232879,50,7.801382,7.608992
worker_2,714,1788087073.240710,50,7.805946,7.748544
worker_2,715,1788087073.248536,50,7.838873,7.778240
worker_2,716,1788087073.256397,50,7.858271,7.774464
worker_2,717,1788087073.264277,50,7.874243,7.805312
worker_2,718,1788087073.272178,50,7.723287,7.652064
worker_2,719,1788087073.279923,50,7.698454,7.628416
worker_2,720,1788087073.287645,50,7.836058,7.772352
worker_2,721,1788087073.295500,50,7.948467,7.889472
worker_2,722,1788087073.303473,50,7.665334,7.603008
worker_2,723,1788087073.311160,50,7.622880,7.565280
worker_2,724,1788087073.318801,50,7.627723,7.576896
worker_2,725,1788087073.326448,50,7.775900,7.717440
worker_2,726,1788087073.334256,50,7.772215,7.707296
worker_2,727,1788087073.342048,50,7.864623,7.805792
worker_2,728,1788087073.349934,50,7.703631,7.642528
worker_2,729,1788087073.357655,50,7.913724,7.861472
worker_2,730,1788087073.365587,50,7.722048,7.672128
worker_2,731,1788087073.373326,50,7.957346,7.902368
worker_2,732,1788087073.381300,50,7.675205,7.626592
worker_2,733,1788087073.389004,50,7.952133,7.893696
worker_2,734,1788087073.396976,50,7.711038,7.658400
worker_2,735,1788087073.404704,50,7.862863,7.814592
worker_2,736,1788087073.412585,50,7.950753,7.903008
worker_2,737,1788087073.420553,50,7.761529,7.712192
worker_2,738,1788087073.428336,50,7.746325,7.691552
worker_2,739,1788087073.436102,50,7.887308,7.832192
worker_2,740,1788087073.444009,50,7.907216,7.859232
worker_2,741,1788087073.451933,50,7.945346,7.897376
worker_2,742,1788087073.459896,50,7.905577,7.852672
worker_2,743,1788087073.467822,50,7.933799,7.874080
worker_2,744,1788087073.475775,50,7.945474,7.890880
worker_2,745,1788087073.483740,50,7.961744,7.903424
worker_2,746,1788087073.491721,50,8.038014,7.986080
worker_2,747,1788087073.499777,50,7.734335,7.683936
worker_2,748,1788087073.507528,50,7.712445,7.664640
worker_2,749,1788087073.515257,50,7.896002,7.838400
worker_2,750,1788087073.523168,50,7.877345,7.832416
worker_2,751,1788087073.531061,50,7.930559,7.884928
worker_2,752,1788087073.539007,50,7.916067,7.868960
worker_2,753,1788087073.546946,50,7.908326,7.860512
worker_2,754,1788087073.554870,50,7.520702,7.475136
worker_2,755,1788087073.562406,50,7.737602,7.693472
worker_2,756,1788087073.570159,50,7.949761,7.894080
worker_2,757,1788087073.578126,50,7.784937,7.734112
worker_2,758,1788087073.585926,50,7.921568,7.875456
worker_2,759,1788087073.593863,50,7.914576,7.868032
worker_2,760,1788087073.601794,50,7.688260,7.640608
worker_2,761,1788087073.609498,50,7.707464,7.657216
worker_2,762,1788087073.617220,50,7.917512,7.870432
worker_2,763,1788087073.625153,50,7.714964,7.671200
worker_2,764,1788087073.632884,50,7.686926,7.640608
worker_2,765,1788087073.640586,50,7.706649,7.645248
worker_2,766,1788087073.648312,50,7.788233,7.734144
worker_2,767,1788087073.656119,50,7.916549,7.867328
worker_2,768,1788087073.664052,50,7.818158,7.772448
worker_2,769,1788087073.671886,50,7.882734,7.830624
worker_2,770,1788087073.679785,50,7.943846,7.892928
worker_2,771,1788087073.687746,50,7.827188,7.781408
worker_2,772,1788087073.695671,50,7.861753,7.807744
worker_2,773,1788087073.703551,50,7.672658,7.627008
worker_2,774,1788087073.711241,50,7.550482,7.502880
worker_2,775,1788087073.718807,50,7.595603,7.549344
worker_2,776,1788087073.726418,50,7.724871,7.677376
worker_2,777,1788087073.734158,50,7.732992,7.685888
worker_2,778,1788087073.741906,50,7.735492,7.689472
worker_2,779,1788087073.749657,50,7.679028,7.631328
worker_2,780,1788087073.757352,50,7.726639,7.677920
worker_2,781,1788087073.765096,50,7.680796,7.625952
worker_2,782,1788087073.772793,50,7.928077,7.872928
worker_2,783,1788087073.780737,50,7.734362,7.675424
worker_2,784,1788087073.788488,50,7.804734,7.755712
worker_2,785,1788087073.796309,50,7.895613,7.850304
worker_2,786,1788087073.804231,50,7.635787,7.588416
worker_2,787,1788087073.811883,50,7.689666,7.641920
worker_2,788,1788087073.819589,50,7.774345,7.726976
worker_2,789,1788087073.827380,50,7.857169,7.812512
worker_2,790,1788087073.835253,50,7.738344,7.693920
worker_2,791,1788087073.843007,50,7.782733,7.734688
worker_2,792,1788087073.850814,50,7.690315,7.643200
worker_2,793,1788087073.858520,50,7.925289,7.878528
worker_2,794,1788087073.866460,50,7.896623,7.851200
worker_2,795,1788087073.874372,50,7.907965,7.858176
worker_2,796,1788087073.882298,50,7.865615,7.814336
worker_2,797,1788087073.890185,50,7.897141,7.832512
worker_2,798,1788087073.898100,50,7.932151,7.884256
worker_2,799,1788087073.906048,50,7.906800,7.858560
worker_2,800,1788087073.913970,50,7.868956,7.821472
worker_2,801,1788087073.921855,50,7.691094,7.645472
worker_2,802,1788087073.929563,50,7.698140,7.652512
worker_2,803,1788087073.937276,50,7.727307,7.679520
worker_2,804,1788087073.945022,50,7.731659,7.684832
worker_2,805,1788087073.952770,50,7.884558,7.822944
worker_2,806,1788087073.960670,50,7.889437,7.837568
worker_2,807,1788087073.968575,50,7.914614,7.863456
worker_2,808,1788087073.976506,50,7.962040,7.898208
worker_2,809,1788087073.984483,50,7.903161,7.853408
worker_2,810,1788087073.992402,50,7.896318,7.843328
worker_2,811,1788087074.000321,50,7.966845,7.855552
worker_2,812,1788087074.008333,50,8.121087,7.806048
worker_2,813,1788087074.016504,50,7.917947,7.754880
worker_2,814,1788087074.024463,50,7.801085,7.690432
worker_2,815,1788087074.032300,50,7.770132,7.653024
worker_2,816,1788087074.040111,50,7.807067,7.680576
worker_2,817,1788087074.047961,50,7.931003,7.805408
worker_2,818,1788087074.055931,50,7.880280,7.759744
worker_2,819,1788087074.063852,50,7.885244,7.759872
worker_2,820,1788087074.071780,50,7.919614,7.799392
worker_2,821,1788087074.079736,50,7.945512,7.839296
worker_2,822,1788087074.087722,50,7.961003,7.852544
worker_2,823,1788087074.095718,50,7.806399,7.702624
worker_2,824,1788087074.103559,50,7.930660,7.655648
worker_2,825,1788087074.111532,50,7.984447,7.865504
worker_2,826,1788087074.119553,50,7.809704,7.703680
worker_2,827,1788087074.127399,50,7.891974,7.788128
worker_2,828,1788087074.135327,50,7.704844,7.599264
worker_2,829,1788087074.143069,50,7.987642,7.869504
worker_2,830,1788087074.151093,50,7.775029,7.665792
worker_2,831,1788087074.158916,50,7.943475,7.837376
worker_2,832,1788087074.166896,50,7.722103,7.616672
worker_2,833,1788087074.174653,50,7.950531,7.847552
worker_2,834,1788087074.182639,50,7.772797,7.668480
worker_2,835,1788087074.190446,50,7.950929,7.845888
worker_2,836,1788087074.198434,50,7.799733,7.695008
worker_2,837,1788087074.206270,50,8.164309,7.880992
worker_2,838,1788087074.214481,50,7.874242,7.732128
worker_2,839,1788087074.222392,50,7.917928,7.817248
worker_2,840,1788087074.230345,50,7.836789,7.734560
worker_2,841,1788087074.238219,50,7.954716,7.851328
worker_2,842,1788087074.246209,50,7.467118,7.364416
worker_2,843,1788087074.253712,50,7.932299,7.826560
worker_2,844,1788087074.261680,50,7.145228,7.043488
worker_2,845,1788087074.268860,50,7.938188,7.823712
worker_2,846,1788087074.276833,50,7.767011,7.660864
worker_2,847,1788087074.284637,50,7.988449,7.879968
worker_2,848,1788087074.292664,50,7.778409,7.669888
worker_2,849,1788087074.300481,50,7.944021,7.832768
worker_2,850,1788087074.308471,50,7.926271,7.816288
worker_2,851,1788087074.316437,50,7.913049,7.802592
worker_2,852,1788087074.324386,50,7.863780,7.749664
worker_2,853,1788087074.332287,50,7.861289,7.756736
worker_2,854,1788087074.340186,50,8.001504,7.881344
worker_2,855,1788087074.348237,50,7.950077,7.843360
worker_2,856,1788087074.356238,50,8.024375,7.914944
worker_2,857,1788087074.364298,50,7.962031,7.851744
worker_2,858,1788087074.372296,50,7.975976,7.870336
worker_2,859,1788087074.380310,50,7.947123,7.825120
worker_2,860,1788087074.388293,50,7.944920,7.828160
worker_2,861,1788087074.396275,50,7.975985,7.840448
worker_2,862,1788087074.404286,50,7.837910,7.725696
worker_2,863,1788087074.412159,50,7.800668,7.692320
worker_2,864,1788087074.419997,50,7.776854,7.673696
worker_2,865,1788087074.427811,50,7.688825,7.586368
worker_2,866,1788087074.435536,50,7.591195,7.490240
worker_2,867,1788087074.443161,50,7.471694,7.368512
worker_2,868,1788087074.450667,50,7.957392,7.848896
worker_2,869,1788087074.458662,50,7.966772,7.859360
worker_2,870,1788087074.466683,50,7.901178,7.797376
worker_2,871,1788087074.474618,50,8.002142,7.899904
worker_2,872,1788087074.482657,50,7.999401,7.896512
worker_2,873,1788087074.490693,50,7.944604,7.841728
worker_2,874,1788087074.498675,50,8.070431,7.967136
worker_2,875,1788087074.506780,50,8.040568,7.936576
worker_2,876,1788087074.514859,50,7.956855,7.849408
worker_2,877,1788087074.522854,50,8.070699,7.950272
worker_2,878,1788087074.530961,50,7.880419,7.774624
worker_2,879,1788087074.538878,50,7.855141,7.600288
worker_2,880,1788087074.546767,50,7.294682,7.039648
worker_2,881,1788087074.554098,50,7.005606,6.891616
worker_2,882,1788087074.561139,50,7.330932,7.229280
worker_2,883,1788087074.568504,50,7.784603,7.683584
worker_2,884,1788087074.576323,50,7.766353,7.659456
worker_2,885,1788087074.584122,50,7.763603,7.663552
worker_2,886,1788087074.591921,50,7.832974,7.731136
worker_2,887,1788087074.599787,50,7.910355,7.803680
worker_2,888,1788087074.607734,50,8.093782,7.812416
worker_2,889,1788087074.615885,50,7.996179,7.842752
worker_2,890,1788087074.623920,50,7.813252,7.705184
worker_2,891,1788087074.631773,50,7.910799,7.806336
worker_2,892,1788087074.639721,50,7.897789,7.789856
worker_2,893,1788087074.647656,50,7.909217,7.791040
worker_2,894,1788087074.655603,50,7.910557,7.807328
worker_2,895,1788087074.663550,50,7.749001,7.644960
worker_2,896,1788087074.671336,50,7.983160,7.874848
worker_2,897,1788087074.679356,50,7.768928,7.664256
worker_2,898,1788087074.687162,50,7.942392,7.835520
worker_2,899,1788087074.695140,50,7.969318,7.862688
worker_2,900,1788087074.703147,50,7.996337,7.890240
worker_2,901,1788087074.711181,50,7.988383,7.883296
worker_2,902,1788087074.719208,50,7.959679,7.858656
worker_2,903,1788087074.727203,50,8.050910,7.952416
worker_2,904,1788087074.735288,50,7.870900,7.770848
worker_2,905,1788087074.743195,50,7.997892,7.893920
worker_2,906,1788087074.751230,50,7.997355,7.897216
worker_2,907,1788087074.759264,50,7.940141,7.835648
worker_2,908,1788087074.767241,50,7.950346,7.849984
worker_2,909,1788087074.775234,50,7.936104,7.828192
worker_2,910,1788087074.783207,50,7.763752,7.658560
worker_2,911,1788087074.791006,50,7.770483,7.663168
worker_2,912,1788087074.798815,50,7.757575,7.644608
worker_2,913,1788087074.806608,50,7.906124,7.800864
worker_2,914,1788087074.814551,50,7.936058,7.831904
worker_2,915,1788087074.822523,50,7.831067,7.727968
worker_2,916,1788087074.830391,50,7.801974,7.700896
worker_2,917,1788087074.838227,50,7.769640,7.667296
worker_2,918,1788087074.846032,50,7.819325,7.714336
worker_2,919,1788087074.853889,50,7.818575,7.714432
worker_2,920,1788087074.861746,50,7.980142,7.880128
worker_2,921,1788087074.869763,50,7.902067,7.799456
worker_2,922,1788087074.877701,50,7.906484,7.808000
worker_2,923,1788087074.885646,50,7.984549,7.884480
worker_2,924,1788087074.893666,50,7.929892,7.823808
worker_2,925,1788087074.901635,50,7.991484,7.882464
worker_2,926,1788087074.909733,50,8.037068,7.922176
worker_2,927,1788087074.917808,50,7.942596,7.834912
worker_2,928,1788087074.925799,50,7.974438,7.863840
worker_2,929,1788087074.933811,50,7.962458,7.854112
worker_2,930,1788087074.941809,50,7.930244,7.828096
worker_2,931,1788087074.949780,50,7.905150,7.799200
worker_2,932,1788087074.957720,50,7.753890,7.650752
worker_2,933,1788087074.965508,50,7.744769,7.639040
worker_2,934,1788087074.973288,50,7.767465,7.663520
worker_2,935,1788087074.981091,50,7.457730,7.352896
worker_2,936,1788087074.988583,50,7.353942,7.251840
worker_2,937,1788087074.995972,50,7.793724,7.688704
worker_2,938,1788087075.003802,50,7.811945,7.707584
worker_2,939,1788087075.011648,50,7.855178,7.753952
worker_2,940,1788087075.019539,50,8.128439,7.852864
worker_2,941,1788087075.027710,50,7.788918,7.663552
worker_2,942,1788087075.035537,50,8.101384,7.824640
worker_2,943,1788087075.043680,50,7.902272,7.777504
worker_2,944,1788087075.051621,50,8.117588,7.836224
worker_2,945,1788087075.059780,50,7.908142,7.781856
worker_2,946,1788087075.067727,50,8.105588,7.831456
worker_2,947,1788087075.075878,50,7.990300,7.865280
worker_2,948,1788087075.083923,50,8.146144,7.873632
worker_2,949,1788087075.092111,50,7.848334,7.723232
worker_2,950,1788087075.099999,50,8.229810,7.940416
worker_2,951,1788087075.108272,50,7.869049,7.744832
worker_2,952,1788087075.116180,50,8.110171,7.821024
worker_2,953,1788087075.124331,50,7.876308,7.752128
worker_2,954,1788087075.132260,50,8.128089,7.852768
worker_2,955,1788087075.140429,50,7.970846,7.848576
worker_2,956,1788087075.148442,50,8.112079,7.833248
worker_2,957,1788087075.156596,50,7.916650,7.817024
worker_2,958,1788087075.164542,50,8.029708,7.759552
worker_2,959,1788087075.172621,50,7.520406,7.397248
worker_2,960,1788087075.180168,50,8.120050,7.856512
worker_2,961,1788087075.188336,50,8.062476,7.932288
worker_2,962,1788087075.196425,50,8.102513,7.685248
worker_2,963,1788087075.204577,50,7.548565,7.274816
worker_2,964,1788087075.212153,50,7.893651,7.478304
worker_2,965,1788087075.220096,50,7.995707,7.721664
worker_2,966,1788087075.228120,50,7.594334,7.178176
worker_2,967,1788087075.235773,50,7.728871,7.458496
worker_2,968,1788087075.243529,50,7.705954,7.590528
worker_2,969,1788087075.251285,50,7.615334,7.492608
worker_2,970,1788087075.258925,50,7.966263,7.705280
worker_2,971,1788087075.266942,50,7.851974,7.726880
worker_2,972,1788087075.274820,50,8.016142,7.751744
worker_2,973,1788087075.282885,50,7.819779,7.695616
worker_2,974,1788087075.290729,50,7.797558,7.742336
worker_2,975,1788087075.298546,50,8.016977,7.761184
worker_2,976,1788087075.306612,50,8.118995,7.782336
worker_2,977,1788087075.314780,50,7.871938,7.747008
worker_2,978,1788087075.322679,50,7.764909,7.708832
worker_2,979,1788087075.330464,50,7.810659,7.547296
worker_2,980,1788087075.338328,50,8.017540,7.880224
worker_2,981,1788087075.346372,50,7.808872,7.538240
worker_2,982,1788087075.354229,50,8.043190,7.917504
worker_2,983,1788087075.362298,50,7.858743,7.594560
worker_2,984,1788087075.370207,50,8.008586,7.880416
worker_2,985,1788087075.378242,50,7.866373,7.599840
worker_2,986,1788087075.386159,50,7.955040,7.824064
worker_2,987,1788087075.394162,50,7.804641,7.538400
worker_2,988,1788087075.402017,50,8.000412,7.852160
worker_2,989,1788087075.410042,50,7.839030,7.577600
worker_2,990,1788087075.417933,50,7.979632,7.850752
worker_2,991,1788087075.425939,50,7.826104,7.559744
worker_2,992,1788087075.433814,50,8.031354,7.901248
worker_2,993,1788087075.441875,50,7.857299,7.586240
worker_2,994,1788087075.449782,50,7.982864,7.854592
worker_2,995,1788087075.457793,50,8.072236,7.804960
worker_2,996,1788087075.465917,50,8.013262,7.882976
worker_2,997,1788087075.473957,50,8.008661,7.747008
worker_2,998,1788087075.482015,50,7.963068,7.838656
worker_2,999,1788087075.490006,50,8.045893,7.785056
worker_2,1000,1788087075.498101,50,7.960827,7.839200
worker_2,1001,1788087075.506090,50,8.036550,7.771264
worker_2,1002,1788087075.514180,50,8.032356,7.905568
worker_2,1003,1788087075.522240,50,8.005152,7.741344
worker_2,1004,1788087075.530294,50,8.057328,7.925632
worker_2,1005,1788087075.538377,50,7.910401,7.623712
worker_2,1006,1788087075.546349,50,8.041763,7.919104
worker_2,1007,1788087075.554417,50,8.099180,7.834912
worker_2,1008,1788087075.562564,50,7.920372,7.795232
worker_2,1009,1788087075.570510,50,7.831853,7.571968
worker_2,1010,1788087075.578389,50,7.811316,7.688288
worker_2,1011,1788087075.586224,50,7.883985,7.616992
worker_2,1012,1788087075.594158,50,7.844345,7.711520
worker_2,1013,1788087075.602028,50,7.489397,7.219264
worker_2,1014,1788087075.609568,50,7.576259,7.438656
worker_2,1015,1788087075.617168,50,7.649593,7.531264
worker_2,1016,1788087075.624870,50,8.001763,7.863264
worker_2,1017,1788087075.632898,50,7.824928,7.552544
worker_2,1018,1788087075.640775,50,8.012318,7.873280
worker_2,1019,1788087075.648814,50,7.863882,7.595360
worker_2,1020,1788087075.656729,50,8.067726,7.921632
worker_2,1021,1788087075.664821,50,7.858243,7.592000
worker_2,1022,1788087075.672729,50,7.992300,7.842752
worker_2,1023,1788087075.680755,50,7.708177,7.579680
worker_2,1024,1788087075.688515,50,8.168663,7.803552
worker_2,1025,1788087075.696723,50,7.971429,7.641728
worker_2,1026,1788087075.704743,50,8.019559,7.849024
worker_2,1027,1788087075.712805,50,8.192293,7.863488
worker_2,1028,1788087075.721045,50,7.762732,7.637664
worker_2,1029,1788087075.728833,50,7.808900,7.752032
worker_2,1030,1788087075.736660,50,7.648973,7.601600
worker_2,1031,1788087075.744325,50,7.805539,7.692128
worker_2,1032,1788087075.752174,50,7.849984,7.725632
worker_2,1033,1788087075.760044,50,7.857938,7.809920
worker_2,1034,1788087075.767926,50,7.872706,7.822208
worker_2,1035,1788087075.775817,50,7.868206,7.820544
worker_2,1036,1788087075.783703,50,7.950206,7.890912
worker_2,1037,1788087075.791671,50,7.865410,7.819200
worker_2,1038,1788087075.799552,50,7.872928,7.829216
worker_2,1039,1788087075.807442,50,7.921735,7.874528
worker_2,1040,1788087075.815379,50,7.925429,7.867616
worker_2,1041,1788087075.823324,50,7.831048,7.740736
worker_2,1042,1788087075.831195,50,7.891882,7.788224
worker_2,1043,1788087075.839119,50,8.204060,7.933920
worker_2,1044,1788087075.847366,50,7.910059,7.792512
worker_2,1045,1788087075.855322,50,8.021189,7.926624
worker_2,1046,1788087075.863380,50,7.952308,7.847296
worker_2,1047,1788087075.871368,50,8.001300,7.898496
worker_2,1048,1788087075.879406,50,7.985596,7.878560
worker_2,1049,1788087075.887427,50,7.935855,7.837248
worker_2,1050,1788087075.895398,50,7.919753,7.820128
worker_2,1051,1788087075.903353,50,7.925114,7.821632
worker_2,1052,1788087075.911311,50,8.035855,7.930144
worker_2,1053,1788087075.919383,50,7.969493,7.865440
worker_2,1054,1788087075.927389,50,8.043439,7.940224
worker_2,1055,1788087075.935468,50,8.089810,7.988448
worker_2,1056,1788087075.943594,50,7.957892,7.851648
worker_2,1057,1788087075.951590,50,7.955086,7.850368
worker_2,1058,1788087075.959581,50,7.983143,7.878592
worker_2,1059,1788087075.967601,50,7.787113,7.683744
worker_2,1060,1788087075.975423,50,7.776492,7.674784
worker_2,1061,1788087075.983238,50,7.765307,7.663808
worker_2,1062,1788087075.991039,50,7.771047,7.669440
worker_2,1063,1788087075.998846,50,7.829197,7.728288
worker_2,1064,1788087076.006713,50,8.101199,7.827136
worker_2,1065,1788087076.014869,50,7.983115,7.862144
worker_2,1066,1788087076.022888,50,8.063671,7.790080
worker_2,1067,1788087076.030993,50,7.809549,7.712352
worker_2,1068,1788087076.038828,50,7.963179,7.684992
worker_2,1069,1788087076.046838,50,8.086569,7.963968
worker_2,1070,1788087076.054951,50,7.995003,7.732416
worker_2,1071,1788087076.062994,50,8.035505,7.911968
worker_2,1072,1788087076.071054,50,8.114569,7.851296
worker_2,1073,1788087076.079217,50,8.083458,7.962624
worker_2,1074,1788087076.087328,50,8.086366,7.820768
worker_2,1075,1788087076.095463,50,8.118209,7.988992
worker_2,1076,1788087076.103606,50,8.147728,7.884736
worker_2,1077,1788087076.111801,50,8.071291,7.948800
worker_2,1078,1788087076.119897,50,7.945763,7.830816
worker_2,1079,1788087076.127972,50,8.117596,7.990176
worker_2,1080,1788087076.136117,50,7.896429,7.838976
worker_2,1081,1788087076.144033,50,8.071708,7.801856
worker_2,1082,1788087076.152154,50,8.066772,7.916704
worker_2,1083,1788087076.160248,50,7.633732,7.576800
worker_2,1084,1788087076.167916,50,7.786751,7.721184
worker_2,1085,1788087076.175720,50,7.729400,7.679840
worker_2,1086,1788087076.183468,50,7.806844,7.759904
worker_2,1087,1788087076.191293,50,8.098310,7.828544
worker_2,1088,1788087076.199442,50,8.292191,7.967328
worker_2,1089,1788087076.207782,50,8.267366,7.943008
worker_2,1090,1788087076.216097,50,8.184782,7.846144
worker_2,1091,1788087076.224330,50,8.173106,7.687232
worker_2,1092,1788087076.232550,50,8.059726,7.681216
worker_2,1093,1788087076.240657,50,8.128745,7.779072
worker_2,1094,1788087076.248832,50,8.029004,7.906688
worker_2,1095,1788087076.256886,50,8.074254,7.809088
worker_2,1096,1788087076.265007,50,8.055216,7.931840
worker_2,1097,1788087076.273088,50,8.133347,7.866144
worker_2,1098,1788087076.281270,50,8.039763,7.916480
worker_2,1099,1788087076.289335,50,8.139338,7.874720
worker_2,1100,1788087076.297523,50,8.095865,7.955872
worker_2,1101,1788087076.305645,50,8.149644,7.882976
worker_2,1102,1788087076.313843,50,8.090244,7.967904
worker_2,1103,1788087076.321958,50,7.614880,7.561600
worker_2,1104,1788087076.329604,50,7.232349,7.180608
worker_2,1105,1788087076.336854,50,7.768668,7.721952
worker_2,1106,1788087076.344640,50,7.731409,7.685664
worker_2,1107,1788087076.352388,50,7.738242,7.692384
worker_2,1108,1788087076.360143,50,7.898919,7.852896
worker_2,1109,1788087076.368060,50,7.785197,7.739616
worker_2,1110,1788087076.375863,50,7.730594,7.684992
worker_2,1111,1788087076.383612,50,7.632426,7.584768
worker_2,1112,1788087076.391262,50,7.859567,7.813280
worker_2,1113,1788087076.399138,50,7.543435,7.497632
worker_2,1114,1788087076.406698,50,8.004364,7.754784
worker_2,1115,1788087076.414750,50,8.180848,7.854880
worker_2,1116,1788087076.422979,50,8.274470,7.930784
worker_2,1117,1788087076.431303,50,8.165329,8.040640
worker_2,1118,1788087076.439495,50,8.015577,7.962528
worker_2,1119,1788087076.447532,50,7.864540,7.817728
worker_2,1120,1788087076.455416,50,7.865679,7.820448
worker_2,1121,1788087076.463299,50,7.889641,7.844640
worker_2,1122,1788087076.471204,50,7.817390,7.771168
worker_2,1123,1788087076.479052,50,7.667464,7.621632
worker_2,1124,1788087076.486736,50,7.768864,7.722368
worker_2,1125,1788087076.494521,50,7.708760,7.661984
worker_2,1126,1788087076.502246,50,7.739333,7.694432
worker_2,1127,1788087076.510002,50,7.983901,7.724736
worker_2,1128,1788087076.518034,50,8.317507,7.994624
worker_2,1129,1788087076.526399,50,8.286849,7.958560
worker_2,1130,1788087076.534733,50,8.312784,7.883456
worker_2,1131,1788087076.543095,50,8.242766,7.739232
worker_2,1132,1788087076.551384,50,8.300775,7.782560
worker_2,1133,1788087076.559733,50,8.296118,7.787552
worker_2,1134,1788087076.568077,50,8.171393,7.783200
worker_2,1135,1788087076.576294,50,7.850781,7.621632
worker_2,1136,1788087076.584171,50,7.871549,7.483008
worker_2,1137,1788087076.592090,50,7.849539,7.569952
worker_2,1138,1788087076.599965,50,7.952633,7.529632
worker_2,1139,1788087076.607968,50,7.960957,7.685280
worker_2,1140,1788087076.615957,50,7.877762,7.614880
worker_2,1141,1788087076.623886,50,7.978957,7.855168
worker_2,1142,1788087076.631892,50,8.039875,7.777248
worker_2,1143,1788087076.639996,50,7.877115,7.745024
worker_2,1144,1788087076.647900,50,8.121782,7.855424
worker_2,1145,1788087076.656070,50,8.213126,8.085216
worker_2,1146,1788087076.664309,50,8.091866,7.824352
worker_2,1147,1788087076.672452,50,8.067875,7.937504
worker_2,1148,1788087076.680545,50,8.165663,7.860736
worker_2,1149,1788087076.688759,50,8.087357,7.962816
worker_2,1150,1788087076.696872,50,8.155078,7.892896
worker_2,1151,1788087076.705075,50,7.930622,7.806080
worker_2,1152,1788087076.713031,50,7.846910,7.569312
worker_2,1153,1788087076.720927,50,7.931948,7.804384
worker_2,1154,1788087076.728884,50,7.932892,7.653216
worker_2,1155,1788087076.736868,50,7.963994,7.836256
worker_2,1156,1788087076.744860,50,7.960689,7.696032
worker_2,1157,1788087076.752871,50,7.955002,7.829248
worker_2,1158,1788087076.760850,50,7.699760,7.643872
worker_2,1159,1788087076.768570,50,7.801918,7.751136
worker_2,1160,1788087076.776389,50,7.809149,7.550944
worker_2,1161,1788087076.784263,50,7.970743,7.841152
worker_2,1162,1788087076.792274,50,8.036097,7.770848
worker_2,1163,1788087076.800359,50,7.926447,7.800768
worker_2,1164,1788087076.808312,50,8.136522,7.857920
worker_2,1165,1788087076.816497,50,7.915419,7.784032
worker_2,1166,1788087076.824441,50,8.081957,7.806784
worker_2,1167,1788087076.832573,50,7.878826,7.737984
worker_2,1168,1788087076.840477,50,8.088125,7.821088
worker_2,1169,1788087076.848616,50,7.792613,7.665664
worker_2,1170,1788087076.856433,50,8.116994,7.849760
worker_2,1171,1788087076.864604,50,7.914012,7.784864
worker_2,1172,1788087076.872545,50,8.188320,7.871808
worker_2,1173,1788087076.880783,50,7.884659,7.759360
worker_2,1174,1788087076.888693,50,8.228273,7.957056
worker_2,1175,1788087076.896971,50,7.861307,7.731712
worker_2,1176,1788087076.904858,50,7.965707,7.684864
worker_2,1177,1788087076.912874,50,7.860836,7.736416
worker_2,1178,1788087076.920761,50,7.928993,7.666464
worker_2,1179,1788087076.928739,50,8.039301,7.912896
worker_2,1180,1788087076.936803,50,8.117569,7.854432
worker_2,1181,1788087076.944970,50,8.072282,7.946240
worker_2,1182,1788087076.953081,50,8.125718,7.832640
worker_2,1183,1788087076.961255,50,8.167634,8.045344
worker_2,1184,1788087076.969450,50,8.242052,7.967168
worker_2,1185,1788087076.977741,50,8.002299,7.877056
worker_2,1186,1788087076.985768,50,8.122717,7.846848
worker_2,1187,1788087076.993940,50,7.897068,7.768960
worker_2,1188,1788087077.001863,50,7.895169,7.781408
worker_2,1189,1788087077.009809,50,7.881104,7.755072
worker_2,1190,1788087077.017718,50,7.913346,7.649120
worker_2,1191,1788087077.025681,50,8.095894,7.958272
worker_2,1192,1788087077.033803,50,8.118273,7.851232
worker_2,1193,1788087077.041971,50,8.045866,7.921376
worker_2,1194,1788087077.050043,50,8.100652,7.835648
worker_2,1195,1788087077.058193,50,8.125865,8.003648
worker_2,1196,1788087077.066344,50,8.095117,7.833440
worker_2,1197,1788087077.074487,50,8.129302,8.008864
worker_2,1198,1788087077.082643,50,8.217227,7.947776
worker_2,1199,1788087077.090909,50,7.894605,7.770432
worker_2,1200,1788087077.098831,50,8.034809,7.751008
worker_2,1201,1788087077.106926,50,7.972013,7.844928
worker_2,1202,1788087077.114925,50,7.558954,7.502368
worker_2,1203,1788087077.122504,50,7.798121,7.751168
worker_2,1204,1788087077.130319,50,7.679981,7.631456
worker_2,1205,1788087077.138017,50,7.712575,7.666976
worker_2,1206,1788087077.145748,50,7.875827,7.830720
worker_2,1207,1788087077.153643,50,7.995707,7.950560
worker_2,1208,1788087077.161655,50,7.824855,7.778400
worker_2,1209,1788087077.169497,50,7.913697,7.867264
worker_2,1210,1788087077.177428,50,7.942402,7.897760
worker_2,1211,1788087077.185386,50,7.902697,7.856672
worker_2,1212,1788087077.193305,50,7.844984,7.792800
worker_2,1213,1788087077.201168,50,7.898115,7.849792
worker_2,1214,1788087077.209085,50,7.822225,7.773024
worker_2,1215,1788087077.216923,50,8.025653,7.977728
worker_2,1216,1788087077.224966,50,7.830585,7.784032
worker_2,1217,1788087077.232814,50,7.892697,7.833248
worker_2,1218,1788087077.240725,50,8.198904,7.937600
worker_2,1219,1788087077.248974,50,8.083708,7.748544
worker_2,1220,1788087077.257103,50,8.070570,7.735616
worker_2,1221,1788087077.265233,50,7.825901,7.698080
worker_2,1222,1788087077.273086,50,7.787706,7.734720
worker_2,1223,1788087077.280893,50,7.819095,7.770016
worker_2,1224,1788087077.288731,50,7.692510,7.645536
worker_2,1225,1788087077.296441,50,7.691880,7.646336
worker_2,1226,1788087077.304150,50,7.990930,7.732992
worker_2,1227,1788087077.312195,50,8.123578,7.779232
worker_2,1228,1788087077.320366,50,8.107884,7.770144
worker_2,1229,1788087077.328520,50,8.011874,7.681408
worker_2,1230,1788087077.336671,50,8.313395,7.984224
worker_2,1231,1788087077.345031,50,8.071616,7.743168
worker_2,1232,1788087077.353150,50,8.252913,7.924160
worker_2,1233,1788087077.361451,50,8.092273,7.762112
worker_2,1234,1788087077.369591,50,8.249331,7.920128
worker_2,1235,1788087077.377886,50,8.359637,8.033056
worker_2,1236,1788087077.386292,50,8.286645,7.964000
worker_2,1237,1788087077.394626,50,8.359163,8.034816
worker_2,1238,1788087077.403033,50,8.081403,7.957216
worker_2,1239,1788087077.411140,50,8.141422,7.881376
worker_2,1240,1788087077.419344,50,8.079995,7.950560
worker_2,1241,1788087077.427449,50,8.137385,7.877312
worker_2,1242,1788087077.435635,50,8.047902,7.924416
worker_2,1243,1788087077.443709,50,8.152024,7.874464
worker_2,1244,1788087077.451909,50,8.098254,7.974944
worker_2,1245,1788087077.460035,50,8.137505,7.874080
worker_2,1246,1788087077.468234,50,8.086347,7.961344
worker_2,1247,1788087077.476346,50,7.973087,7.709088
worker_2,1248,1788087077.484368,50,7.877021,7.753760
worker_2,1249,1788087077.492270,50,7.814650,7.544288
worker_2,1250,1788087077.500133,50,7.894160,7.752576
worker_2,1251,1788087077.508055,50,7.890382,7.833152
worker_2,1252,1788087077.515965,50,7.873317,7.826592
worker_2,1253,1788087077.523856,50,7.933503,7.886208
worker_2,1254,1788087077.531806,50,8.123079,7.864096
worker_2,1255,1788087077.539982,50,8.021504,7.895840
worker_2,1256,1788087077.548030,50,7.932854,7.880320
worker_2,1257,1788087077.555983,50,7.939289,7.890336
worker_2,1258,1788087077.563941,50,7.916855,7.868384
worker_2,1259,1788087077.571875,50,7.856659,7.795360
worker_2,1260,1788087077.579755,50,8.067336,7.801312
worker_2,1261,1788087077.587873,50,8.331978,7.991680
worker_2,1262,1788087077.596264,50,8.314035,7.961984
worker_2,1263,1788087077.604625,50,8.141633,7.796192
worker_2,1264,1788087077.612815,50,8.149855,7.821504
worker_2,1265,1788087077.621012,50,7.909428,7.731680
worker_2,1266,1788087077.628970,50,7.884659,7.760320
worker_2,1267,1788087077.636881,50,7.926012,7.660832
worker_2,1268,1788087077.644856,50,7.897596,7.771552
worker_2,1269,1788087077.652780,50,7.978456,7.713184
worker_2,1270,1788087077.660809,50,7.893669,7.768672
worker_2,1271,1788087077.668729,50,8.079578,7.812864
worker_2,1272,1788087077.676857,50,7.723677,7.602528
worker_2,1273,1788087077.684606,50,8.078847,7.809280
worker_2,1274,1788087077.692735,50,7.849113,7.728256
worker_2,1275,1788087077.700609,50,8.021161,7.742720
worker_2,1276,1788087077.708679,50,8.034457,7.908384
worker_2,1277,1788087077.716740,50,8.036708,7.769472
worker_2,1278,1788087077.724827,50,8.003929,7.877408
worker_2,1279,1788087077.732872,50,7.990855,7.726464
worker_2,1280,1788087077.740913,50,8.059013,7.931456
worker_2,1281,1788087077.748998,50,8.127052,7.861184
worker_2,1282,1788087077.757174,50,7.923188,7.797056
worker_2,1283,1788087077.765124,50,8.146541,7.877472
worker_2,1284,1788087077.773319,50,8.126320,8.002912
worker_2,1285,1788087077.781474,50,8.105412,7.841696
worker_2,1286,1788087077.789627,50,8.092282,7.967296
worker_2,1287,1788087077.797746,50,8.120301,7.845728
worker_2,1288,1788087077.805916,50,8.186867,8.058336
worker_2,1289,1788087077.814128,50,8.159097,7.882432
worker_2,1290,1788087077.822336,50,8.079709,7.952384
worker_2,1291,1788087077.830442,50,8.166356,7.874208
worker_2,1292,1788087077.838658,50,8.099708,7.974560
worker_2,1293,1788087077.846783,50,8.110644,7.843168
worker_2,1294,1788087077.854943,50,8.014207,7.889472
worker_2,1295,1788087077.862982,50,8.057901,7.794976
worker_2,1296,1788087077.871089,50,7.792964,7.668640
worker_2,1297,1788087077.878907,50,7.947355,7.850912
worker_2,1298,1788087077.886890,50,7.859243,7.758976
worker_2,1299,1788087077.894800,50,7.988596,7.884672
worker_2,1300,1788087077.902823,50,8.031059,7.757792
worker_2,1301,1788087077.910894,50,7.867530,7.746016
worker_2,1302,1788087077.918801,50,8.076791,7.805504
worker_2,1303,1788087077.926920,50,7.783873,7.661472
worker_2,1304,1788087077.934740,50,7.988633,7.708704
worker_2,1305,1788087077.942770,50,7.698324,7.595616
worker_2,1306,1788087077.950497,50,7.657861,7.598656
worker_2,1307,1788087077.958176,50,8.005884,7.713248
worker_2,1308,1788087077.966233,50,7.873261,7.742720
worker_2,1309,1788087077.974134,50,7.912300,7.646208
worker_2,1310,1788087077.982096,50,8.079977,7.955168
worker_2,1311,1788087077.990201,50,8.102736,7.840224
worker_2,1312,1788087077.998353,50,7.993328,7.869920
worker_2,1313,1788087078.006372,50,7.980707,7.926528
worker_2,1314,1788087078.014372,50,7.851178,7.804000
worker_2,1315,1788087078.022240,50,7.729890,7.681248
worker_2,1316,1788087078.029987,50,7.664465,7.397216
worker_2,1317,1788087078.037703,50,7.596899,7.465056
worker_2,1318,1788087078.045341,50,7.736762,7.471424
worker_2,1319,1788087078.053128,50,7.833882,7.712480
worker_2,1320,1788087078.060988,50,8.003383,7.742976
worker_2,1321,1788087078.069041,50,7.989475,7.866144
worker_2,1322,1788087078.077058,50,8.083523,7.818720
worker_2,1323,1788087078.085189,50,8.009457,7.874976
worker_2,1324,1788087078.093224,50,7.932873,7.658656
worker_2,1325,1788087078.101206,50,7.759464,7.636416
worker_2,1326,1788087078.108990,50,7.926198,7.667040
worker_2,1327,1788087078.116964,50,7.861104,7.740224
worker_2,1328,1788087078.124850,50,7.971466,7.710464
worker_2,1329,1788087078.132870,50,7.865113,7.741792
worker_2,1330,1788087078.140760,50,7.927633,7.661376
worker_2,1331,1788087078.148737,50,7.781882,7.658816
worker_2,1332,1788087078.156544,50,7.748890,7.480320
worker_2,1333,1788087078.164341,50,7.881595,7.739872
worker_2,1334,1788087078.172248,50,7.958809,7.693568
worker_2,1335,1788087078.180268,50,7.950677,7.819712
worker_2,1336,1788087078.188243,50,8.151078,7.884576
worker_2,1337,1788087078.196445,50,8.052568,7.914208
worker_2,1338,1788087078.204535,50,8.138246,7.836288
worker_2,1339,1788087078.212721,50,8.137041,7.993568
worker_2,1340,1788087078.220883,50,8.108097,7.845280
worker_2,1341,1788087078.229040,50,7.940401,7.814688
worker_2,1342,1788087078.237006,50,7.889946,7.619680
worker_2,1343,1788087078.244945,50,7.703473,7.583712
worker_2,1344,1788087078.252673,50,7.795760,7.526688
worker_2,1345,1788087078.260516,50,7.966911,7.840544
worker_2,1346,1788087078.268510,50,7.994003,7.730944
worker_2,1347,1788087078.276553,50,7.987466,7.864640
worker_2,1348,1788087078.284565,50,8.005105,7.743712
worker_2,1349,1788087078.292620,50,7.947133,7.823136
worker_2,1350,1788087078.300592,50,7.925346,7.662272
worker_2,1351,1788087078.308567,50,7.998910,7.873728
worker_2,1352,1788087078.316591,50,7.956308,7.687552
worker_2,1353,1788087078.324596,50,7.982550,7.856992
worker_2,1354,1788087078.332607,50,8.047541,7.782656
worker_2,1355,1788087078.340703,50,7.823169,7.679424
worker_2,1356,1788087078.348552,50,8.051948,7.787328
worker_2,1357,1788087078.356665,50,7.944864,7.815040
worker_2,1358,1788087078.364639,50,8.101170,7.831808
worker_2,1359,1788087078.372788,50,7.936845,7.813504
worker_2,1360,1788087078.380751,50,7.966929,7.909408
worker_2,1361,1788087078.388738,50,7.616881,7.567680
worker_2,1362,1788087078.396372,50,8.129189,7.872128
worker_2,1363,1788087078.404553,50,7.838289,7.714656
worker_2,1364,1788087078.412418,50,8.146125,7.882432
worker_2,1365,1788087078.420615,50,7.806530,7.683456
worker_2,1366,1788087078.428448,50,8.179172,7.913024
worker_2,1367,1788087078.436679,50,7.760103,7.635520
worker_2,1368,1788087078.444464,50,8.018634,7.740704
worker_2,1369,1788087078.452534,50,7.540019,7.416480
worker_2,1370,1788087078.460101,50,8.094291,7.830880
worker_2,1371,1788087078.468256,50,7.891206,7.752064
worker_2,1372,1788087078.476173,50,8.124930,7.843328
worker_2,1373,1788087078.484347,50,7.897160,7.769408
worker_2,1374,1788087078.492269,50,7.991419,7.871776
worker_2,1375,1788087078.500310,50,7.922031,7.789760
worker_2,1376,1788087078.508256,50,8.081820,7.819968
worker_2,1377,1788087078.516398,50,7.955560,7.834432
worker_2,1378,1788087078.524381,50,7.972420,7.702816
worker_2,1379,1788087078.532403,50,8.013421,7.889440
worker_2,1380,1788087078.540442,50,7.936391,7.673088
worker_2,1381,1788087078.548527,50,7.996587,7.875264
worker_2,1382,1788087078.556549,50,8.179476,7.918368
worker_2,1383,1788087078.564777,50,8.170671,8.049920
worker_2,1384,1788087078.572973,50,8.095866,7.833536
worker_2,1385,1788087078.581118,50,8.042236,7.917248
worker_2,1386,1788087078.589186,50,8.144237,7.879776
worker_2,1387,1788087078.597378,50,8.180357,8.057120
worker_2,1388,1788087078.605584,50,8.243663,7.979584
worker_2,1389,1788087078.613876,50,8.002707,7.880288
worker_2,1390,1788087078.621905,50,7.913485,7.796832
worker_2,1391,1788087078.629869,50,7.859336,7.732928
worker_2,1392,1788087078.637755,50,7.982374,7.718112
worker_2,1393,1788087078.645787,50,7.890966,7.768096
worker_2,1394,1788087078.653702,50,7.921096,7.659712
worker_2,1395,1788087078.661673,50,7.935198,7.811840
worker_2,1396,1788087078.669649,50,7.935772,7.671808
worker_2,1397,1788087078.677634,50,7.872226,7.750144
worker_2,1398,1788087078.685533,50,7.917067,7.653376
worker_2,1399,1788087078.693500,50,7.736261,7.614816
worker_2,1400,1788087078.701262,50,7.958541,7.695232
worker_2,1401,1788087078.709270,50,7.978355,7.852832
worker_2,1402,1788087078.717274,50,7.697768,7.642880
worker_2,1403,1788087078.724992,50,7.952761,7.889056
worker_2,1404,1788087078.732962,50,7.680186,7.630272
worker_2,1405,1788087078.740661,50,7.946549,7.883584
worker_2,1406,1788087078.748626,50,7.683084,7.635552
worker_2,1407,1788087078.756325,50,8.088477,7.829952
worker_2,1408,1788087078.764465,50,7.993976,7.661024
worker_2,1409,1788087078.772503,50,8.252191,7.922208
worker_2,1410,1788087078.780802,50,8.090578,7.761920
worker_2,1411,1788087078.788939,50,8.270533,7.938560
worker_2,1412,1788087078.797256,50,8.116134,7.787520
worker_2,1413,1788087078.805420,50,8.297061,7.966208
worker_2,1414,1788087078.813765,50,8.098235,7.764256
worker_2,1415,1788087078.821910,50,8.082958,7.900480
worker_2,1416,1788087078.830055,50,8.153773,7.817344
worker_2,1417,1788087078.838256,50,8.299090,7.971488
worker_2,1418,1788087078.846602,50,7.877975,7.754624
worker_2,1419,1788087078.854508,50,7.874799,7.804672
worker_2,1420,1788087078.862405,50,7.676511,7.629280
worker_2,1421,1788087078.870101,50,7.908512,7.862560
worker_2,1422,1788087078.878028,50,7.687640,7.641408
worker_2,1423,1788087078.885733,50,7.884798,7.783936
worker_2,1424,1788087078.893663,50,8.047717,7.715488
worker_2,1425,1788087078.901759,50,7.994401,7.871520
worker_2,1426,1788087078.909780,50,7.877271,7.817696
worker_2,1427,1788087078.917676,50,7.790798,7.741472
worker_2,1428,1788087078.925485,50,7.766650,7.708960
worker_2,1429,1788087078.933276,50,7.899281,7.840960
worker_2,1430,1788087078.941198,50,7.921307,7.869472
worker_2,1431,1788087078.949138,50,7.918689,7.870720
worker_2,1432,1788087078.957073,50,7.819909,7.774016
worker_2,1433,1788087078.964913,50,7.996087,7.949984
worker_2,1434,1788087078.972926,50,7.867687,7.822912
worker_2,1435,1788087078.980814,50,7.879733,7.824064
worker_2,1436,1788087078.988710,50,7.989911,7.943776
worker_2,1437,1788087078.996716,50,7.840400,7.794208
worker_2,1438,1788087079.004572,50,7.886058,7.828000
worker_2,1439,1788087079.012475,50,7.895994,7.828384
worker_2,1440,1788087079.020397,50,7.905040,7.837248
worker_2,1441,1788087079.028321,50,8.207755,7.933856
worker_2,1442,1788087079.036578,50,8.076578,7.729504
worker_2,1443,1788087079.044703,50,8.134023,7.773376
worker_2,1444,1788087079.052886,50,7.856761,7.721824
worker_2,1445,1788087079.060769,50,7.358017,7.301024
worker_2,1446,1788087079.068146,50,7.771918,7.724128
worker_2,1447,1788087079.075935,50,7.378052,7.331936
worker_2,1448,1788087079.083330,50,7.880530,7.833760
worker_2,1449,1788087079.091226,50,7.553046,7.506656
worker_2,1450,1788087079.098795,50,7.880622,7.833696
worker_2,1451,1788087079.106694,50,7.385535,7.337664
worker_2,1452,1788087079.114097,50,7.904651,7.857600
worker_2,1453,1788087079.122020,50,7.618111,7.572512
worker_2,1454,1788087079.129653,50,8.080235,7.822400
worker_2,1455,1788087079.137797,50,8.120088,7.784640
worker_2,1456,1788087079.145964,50,8.292470,7.965376
worker_2,1457,1788087079.154305,50,7.950809,7.616416
worker_2,1458,1788087079.162304,50,8.244616,7.906784
worker_2,1459,1788087079.170596,50,8.117550,7.993152
worker_2,1460,1788087079.178740,50,8.099791,7.832224
worker_2,1461,1788087079.186887,50,8.041949,7.918880
worker_2,1462,1788087079.194954,50,7.945734,7.893120
worker_2,1463,1788087079.202919,50,7.918446,7.871712
worker_2,1464,1788087079.210854,50,7.919280,7.873632
worker_2,1465,1788087079.218790,50,7.866374,7.820768
worker_2,1466,1788087079.226672,50,7.879521,7.833984
worker_2,1467,1788087079.234568,50,8.003698,7.956864
worker_2,1468,1788087079.242588,50,7.874207,7.825024
worker_2,1469,1788087079.250478,50,7.907928,7.860736
worker_2,1470,1788087079.258402,50,7.910956,7.862560
worker_2,1471,1788087079.266329,50,7.905809,7.859072
worker_2,1472,1788087079.274252,50,7.920995,7.875008
worker_2,1473,1788087079.282190,50,7.906040,7.860064
worker_2,1474,1788087079.290120,50,7.720594,7.674368
worker_2,1475,1788087079.297856,50,7.793807,7.747552
worker_2,1476,1788087079.305666,50,7.680576,7.632608
worker_2,1477,1788087079.313364,50,7.712195,7.664000
worker_2,1478,1788087079.321092,50,8.119559,7.855936
worker_2,1479,1788087079.329264,50,8.289794,7.948032
worker_2,1480,1788087079.337601,50,8.258394,7.921760
worker_2,1481,1788087079.345906,50,8.249014,7.921120
worker_2,1482,1788087079.354203,50,8.057106,7.934400
worker_2,1483,1788087079.362285,50,7.895548,7.843264
worker_2,1484,1788087079.370199,50,7.801215,7.753408
worker_2,1485,1788087079.378018,50,7.636566,7.590752
worker_2,1486,1788087079.385673,50,7.939752,7.891424
worker_2,1487,1788087079.393629,50,7.649029,7.601344
worker_2,1488,1788087079.401294,50,7.748733,7.703616
worker_2,1489,1788087079.409060,50,7.940244,7.687648
worker_2,1490,1788087079.417049,50,8.073021,7.749184
worker_2,1491,1788087079.425169,50,7.952198,7.622592
worker_2,1492,1788087079.433168,50,7.871511,7.540768
worker_2,1493,1788087079.441087,50,7.972772,7.634848
worker_2,1494,1788087079.449117,50,7.718705,7.589952
worker_2,1495,1788087079.456862,50,7.614214,7.557888
worker_2,1496,1788087079.464497,50,7.682991,7.634208
worker_2,1497,1788087079.472198,50,7.891900,7.835040
worker_2,1498,1788087079.480108,50,7.978401,7.923392
worker_2,1499,1788087079.488103,50,7.830021,7.782752
worker_2,1500,1788087079.495950,50,7.890707,7.843776
worker_2,1501,1788087079.503857,50,7.979253,7.934048
worker_2,1502,1788087079.511854,50,8.038143,7.777760
worker_2,1503,1788087079.519943,50,8.402535,8.070464
worker_2,1504,1788087079.528394,50,8.328802,7.949120
worker_2,1505,1788087079.536770,50,8.377330,7.900032
worker_2,1506,1788087079.545192,50,8.076059,7.806368
worker_2,1507,1788087079.553292,50,7.782799,7.674080
worker_2,1508,1788087079.561093,50,7.985855,7.784192
worker_2,1509,1788087079.569097,50,7.675074,7.486400
worker_2,1510,1788087079.576788,50,7.710187,7.567040
worker_2,1511,1788087079.584515,50,7.348265,7.156768
worker_2,1512,1788087079.591882,50,7.789492,7.719008
worker_2,1513,1788087079.599701,50,7.498139,7.437440
worker_2,1514,1788087079.607217,50,7.856511,7.659200
worker_2,1515,1788087079.615091,50,8.163735,7.757408
worker_2,1516,1788087079.623307,50,8.301080,7.821216
worker_2,1517,1788087079.631654,50,8.007911,7.478720
worker_2,1518,1788087079.639710,50,8.036272,7.704512
worker_2,1519,1788087079.647792,50,7.963642,7.638688
worker_2,1520,1788087079.655803,50,7.874521,7.544096
worker_2,1521,1788087079.663725,50,7.758195,7.635232
worker_2,1522,1788087079.671510,50,7.709083,7.654112
worker_2,1523,1788087079.679239,50,7.805058,7.754528
worker_2,1524,1788087079.687062,50,7.567194,7.520128
worker_2,1525,1788087079.694646,50,7.706436,7.659168
worker_2,1526,1788087079.702368,50,8.127357,7.870976
worker_2,1527,1788087079.710546,50,8.307793,7.977952
worker_2,1528,1788087079.718899,50,8.326451,7.995360
worker_2,1529,1788087079.727275,50,8.175218,7.851840
worker_2,1530,1788087079.735497,50,8.106421,7.765728
worker_2,1531,1788087079.743649,50,8.179487,7.849536
worker_2,1532,1788087079.751980,50,8.311561,7.974432
worker_2,1533,1788087079.760353,50,8.114190,7.925760
worker_2,1534,1788087079.768516,50,8.041550,7.921792
worker_2,1535,1788087079.776582,50,7.910688,7.648736
worker_2,1536,1788087079.784543,50,7.903196,7.778112
worker_2,1537,1788087079.792472,50,7.928919,7.663936
worker_2,1538,1788087079.800449,50,7.881688,7.759968
worker_2,1539,1788087079.808358,50,7.869337,7.583552
worker_2,1540,1788087079.816278,50,8.060727,7.934400
worker_2,1541,1788087079.824366,50,7.948642,7.679744
worker_2,1542,1788087079.832365,50,7.856670,7.722080
worker_2,1543,1788087079.840248,50,7.952003,7.679552
worker_2,1544,1788087079.848261,50,7.745649,7.613120
worker_2,1545,1788087079.856033,50,7.947188,7.666752
worker_2,1546,1788087079.864032,50,7.949910,7.804320
worker_2,1547,1788087079.872010,50,8.094541,7.818240
worker_2,1548,1788087079.880153,50,7.940040,7.794432
worker_2,1549,1788087079.888121,50,7.902086,7.782336
worker_2,1550,1788087079.896074,50,8.085152,7.959872
worker_2,1551,1788087079.904185,50,7.845086,7.790656
worker_2,1552,1788087079.912063,50,7.882095,7.616928
worker_2,1553,1788087079.919996,50,7.768687,7.637696
worker_2,1554,1788087079.927789,50,7.880484,7.616192
worker_2,1555,1788087079.935720,50,7.718566,7.584608
worker_2,1556,1788087079.943465,50,8.000717,7.732192
worker_2,1557,1788087079.951516,50,7.682426,7.555584
worker_2,1558,1788087079.959224,50,8.104718,7.835296
worker_2,1559,1788087079.967380,50,7.821549,7.699104
worker_2,1560,1788087079.975226,50,8.153968,7.886240
worker_2,1561,1788087079.983428,50,7.907559,7.782240
worker_2,1562,1788087079.991360,50,8.090939,7.814336
worker_2,1563,1788087079.999500,50,7.897197,7.772896
worker_2,1564,1788087080.007425,50,7.920105,7.805792
worker_2,1565,1788087080.015393,50,7.984838,7.861408
worker_2,1566,1788087080.023406,50,8.205135,7.932384
worker_2,1567,1788087080.031659,50,7.750612,7.622336
worker_2,1568,1788087080.039435,50,7.917855,7.650240
worker_2,1569,1788087080.047401,50,7.299331,7.177024
worker_2,1570,1788087080.054726,50,7.516500,7.464256
worker_2,1571,1788087080.062260,50,7.028458,6.770496
worker_2,1572,1788087080.069351,50,8.047420,7.917696
worker_2,1573,1788087080.077425,50,7.848604,7.587040
worker_2,1574,1788087080.085321,50,7.984207,7.860992
worker_2,1575,1788087080.093331,50,8.113698,7.852032
worker_2,1576,1788087080.101494,50,8.089051,7.965024
worker_2,1577,1788087080.109608,50,8.118745,7.853376
worker_2,1578,1788087080.117776,50,8.206395,8.066432
worker_2,1579,1788087080.126008,50,8.245062,7.974240
worker_2,1580,1788087080.134301,50,7.852706,7.728128
worker_2,1581,1788087080.142180,50,7.836826,7.563296
worker_2,1582,1788087080.150065,50,7.512295,7.384704
worker_2,1583,1788087080.157602,50,7.835327,7.571840
worker_2,1584,1788087080.165489,50,7.701603,7.576608
worker_2,1585,1788087080.173219,50,7.934920,7.665024
worker_2,1586,1788087080.181203,50,7.856669,7.732576
worker_2,1587,1788087080.189086,50,7.891873,7.627616
worker_2,1588,1788087080.197027,50,7.923688,7.799136
worker_2,1589,1788087080.204976,50,7.963735,7.700928
worker_2,1590,1788087080.212989,50,8.024569,7.899520
worker_2,1591,1788087080.221056,50,7.988327,7.714816
worker_2,1592,1788087080.229094,50,7.924753,7.794848
worker_2,1593,1788087080.237046,50,7.751547,7.477920
worker_2,1594,1788087080.244847,50,7.824307,7.683520
worker_2,1595,1788087080.252696,50,7.769280,7.505888
worker_2,1596,1788087080.260517,50,7.951058,7.812320
worker_2,1597,1788087080.268496,50,7.494758,7.439936
worker_2,1598,1788087080.276011,50,7.739400,7.691456
worker_2,1599,1788087080.283769,50,7.692491,7.647776
worker_2,1600,1788087080.291477,50,8.125235,7.868832
worker_2,1601,1788087080.299653,50,7.820002,7.697632
worker_2,1602,1788087080.307499,50,8.105337,7.842944
worker_2,1603,1788087080.315653,50,7.953568,7.826784
worker_2,1604,1788087080.323631,50,8.095486,7.826528
worker_2,1605,1788087080.331775,50,7.946392,7.822816
worker_2,1606,1788087080.339746,50,8.102985,7.834464
worker_2,1607,1788087080.347899,50,7.896198,7.769888
worker_2,1608,1788087080.355824,50,8.106144,7.833440
worker_2,1609,1788087080.363980,50,7.936873,7.811296
worker_2,1610,1788087080.371943,50,7.928151,7.647712
worker_2,1611,1788087080.379932,50,7.701344,7.574752
worker_2,1612,1788087080.387660,50,7.918151,7.653856
worker_2,1613,1788087080.395629,50,7.772511,7.645888
worker_2,1614,1788087080.403427,50,7.941586,7.675264
worker_2,1615,1788087080.411417,50,7.808279,7.681152
worker_2,1616,1788087080.419252,50,7.752474,7.485344
worker_2,1617,1788087080.427053,50,7.978309,7.854816
worker_2,1618,1788087080.435057,50,7.748704,7.477632
worker_2,1619,1788087080.442858,50,7.932715,7.796640
worker_2,1620,1788087080.450817,50,7.895668,7.838816
worker_2,1621,1788087080.458731,50,7.937845,7.671584
worker_2,1622,1788087080.466718,50,8.262440,7.928672
worker_2,1623,1788087080.475029,50,7.863086,7.742496
worker_2,1624,1788087080.482921,50,8.155986,7.889568
worker_2,1625,1788087080.491125,50,7.900891,7.776352
worker_2,1626,1788087080.499052,50,7.893465,7.822848
worker_2,1627,1788087080.506965,50,7.864253,7.753536
worker_2,1628,1788087080.514880,50,8.113421,7.987872
worker_2,1629,1788087080.523020,50,8.107884,7.843584
worker_2,1630,1788087080.531190,50,8.079708,7.950944
worker_2,1631,1788087080.539295,50,8.161496,7.748352
worker_2,1632,1788087080.547504,50,7.726352,7.559424
worker_2,1633,1788087080.555256,50,7.924909,7.563872
worker_2,1634,1788087080.563229,50,7.728353,7.508416
worker_2,1635,1788087080.570985,50,7.355545,6.939136
worker_2,1636,1788087080.578389,50,7.399435,7.215392
worker_2,1637,1788087080.585815,50,7.482046,7.276928
worker_2,1638,1788087080.593316,50,7.760593,7.482464
worker_2,1639,1788087080.601129,50,7.804382,7.529952
worker_2,1640,1788087080.608961,50,7.805382,7.486752
worker_2,1641,1788087080.616817,50,7.964707,7.690816
worker_2,1642,1788087080.624808,50,7.707768,7.279136
worker_2,1643,1788087080.632563,50,7.932401,7.785920
worker_2,1644,1788087080.640520,50,7.823771,7.710592
worker_2,1645,1788087080.648394,50,8.006948,7.883136
worker_2,1646,1788087080.656427,50,7.767826,7.707072
worker_2,1647,1788087080.664227,50,8.066438,7.807360
worker_2,1648,1788087080.672345,50,7.705937,7.582240
worker_2,1649,1788087080.680075,50,7.905086,7.642016
worker_2,1650,1788087080.688041,50,7.704529,7.574880
worker_2,1651,1788087080.695773,50,7.938846,7.676608
worker_2,1652,1788087080.703760,50,7.809696,7.684224
worker_2,1653,1788087080.711593,50,7.278044,7.015744
worker_2,1654,1788087080.718918,50,7.731871,7.606560
worker_2,1655,1788087080.726675,50,8.039707,7.781632
worker_2,1656,1788087080.734762,50,8.043254,7.918816
worker_2,1657,1788087080.742830,50,7.782066,7.520512
worker_2,1658,1788087080.750661,50,8.027457,7.885248
worker_2,1659,1788087080.758713,50,7.610075,7.557184
worker_2,1660,1788087080.766343,50,7.745474,7.636800
worker_2,1661,1788087080.774137,50,7.862872,7.740288
worker_2,1662,1788087080.782026,50,7.926077,7.659040
worker_2,1663,1788087080.790001,50,7.946540,7.824736
worker_2,1664,1788087080.797973,50,8.013540,7.749664
worker_2,1665,1788087080.806035,50,7.853428,7.729408
worker_2,1666,1788087080.813915,50,7.873558,7.602752
worker_2,1667,1788087080.821838,50,7.849808,7.721504
worker_2,1668,1788087080.829714,50,7.937235,7.659648
worker_2,1669,1788087080.837716,50,8.039542,7.914080
worker_2,1670,1788087080.845780,50,8.101653,7.837024
worker_2,1671,1788087080.853930,50,7.880549,7.757760
worker_2,1672,1788087080.861838,50,8.108709,7.841152
worker_2,1673,1788087080.869995,50,7.936985,7.813152
worker_2,1674,1788087080.877958,50,8.182329,7.903584
worker_2,1675,1788087080.886187,50,7.914577,7.787392
worker_2,1676,1788087080.894128,50,8.029735,7.914976
worker_2,1677,1788087080.902207,50,8.038430,7.917728
worker_2,1678,1788087080.910270,50,7.938614,7.886944
worker_2,1679,1788087080.918227,50,8.125245,7.864384
worker_2,1680,1788087080.926403,50,7.980771,7.851424
worker_2,1681,1788087080.934409,50,7.905919,7.640768
worker_2,1682,1788087080.942363,50,7.873123,7.720896
worker_2,1683,1788087080.950346,50,8.081920,7.813088
worker_2,1684,1788087080.958476,50,8.071430,7.948896
worker_2,1685,1788087080.966572,50,7.936836,7.881984
worker_2,1686,1788087080.974527,50,7.807567,7.758368
worker_2,1687,1788087080.982351,50,7.885567,7.836160
worker_2,1688,1788087080.990252,50,7.688723,7.642080
worker_2,1689,1788087080.997970,50,7.803854,7.540896
worker_2,1690,1788087081.005824,50,7.927947,7.593248
worker_2,1691,1788087081.013801,50,7.955521,7.616896
worker_2,1692,1788087081.021805,50,7.832863,7.494464
worker_2,1693,1788087081.029686,50,8.006679,7.669888
worker_2,1694,1788087081.037741,50,7.929799,7.805824
worker_2,1695,1788087081.045698,50,8.138717,7.867744
worker_2,1696,1788087081.053887,50,7.905243,7.780576
worker_2,1697,1788087081.061819,50,8.136449,7.868480
worker_2,1698,1788087081.070004,50,7.983642,7.860608
worker_2,1699,1788087081.078015,50,7.826447,7.560128
worker_2,1700,1788087081.085890,50,7.765891,7.637472
worker_2,1701,1788087081.093680,50,7.716019,7.447520
worker_2,1702,1788087081.101446,50,7.772038,7.646272
worker_2,1703,1788087081.109244,50,7.924558,7.658400
worker_2,1704,1788087081.117218,50,7.750057,7.625888
worker_2,1705,1788087081.124995,50,8.016689,7.747008
worker_2,1706,1788087081.133059,50,7.707297,7.585152
worker_2,1707,1788087081.140793,50,7.757373,7.642208
worker_2,1708,1788087081.148614,50,7.672806,7.548480
worker_2,1709,1788087081.156313,50,7.725928,7.669248
worker_2,1710,1788087081.164058,50,7.487175,7.437856
worker_2,1711,1788087081.171562,50,7.854391,7.808384
worker_2,1712,1788087081.179434,50,7.552639,7.506816
worker_2,1713,1788087081.187004,50,7.838659,7.787872
worker_2,1714,1788087081.194858,50,7.720094,7.674752
worker_2,1715,1788087081.202596,50,7.978199,7.718688
worker_2,1716,1788087081.210628,50,7.930651,7.596448
worker_2,1717,1788087081.218607,50,7.721344,7.596480
worker_2,1718,1788087081.226354,50,7.865846,7.598272
worker_2,1719,1788087081.234267,50,7.689232,7.565728
worker_2,1720,1788087081.241984,50,7.936355,7.661824
worker_2,1721,1788087081.249971,50,8.118319,7.988928
worker_2,1722,1788087081.258116,50,8.098115,7.828832
worker_2,1723,1788087081.266266,50,8.040560,7.916160
worker_2,1724,1788087081.274333,50,8.149515,7.880704
worker_2,1725,1788087081.282530,50,8.165857,8.042336
worker_2,1726,1788087081.290721,50,8.100384,7.834400
worker_2,1727,1788087081.298870,50,8.176700,8.055616
worker_2,1728,1788087081.307084,50,8.212672,7.946848
worker_2,1729,1788087081.315345,50,7.914087,7.790144
worker_2,1730,1788087081.323284,50,7.906114,7.638496
worker_2,1731,1788087081.331239,50,8.018162,7.889856
worker_2,1732,1788087081.339283,50,7.921641,7.655744
worker_2,1733,1788087081.347251,50,7.909669,7.784992
worker_2,1734,1788087081.355187,50,7.962447,7.689920
worker_2,1735,1788087081.363199,50,7.826558,7.698624
worker_2,1736,1788087081.371052,50,7.858049,7.595680
worker_2,1737,1788087081.378959,50,7.711038,7.587872
worker_2,1738,1788087081.386696,50,7.577324,7.522976
worker_2,1739,1788087081.394293,50,7.761705,7.504096
worker_2,1740,1788087081.402105,50,7.642649,7.518624
worker_2,1741,1788087081.409774,50,7.876993,7.614080
worker_2,1742,1788087081.417700,50,7.860076,7.734784
worker_2,1743,1788087081.425585,50,7.780530,7.514848
worker_2,1744,1788087081.433414,50,7.905790,7.783232
worker_2,1745,1788087081.441345,50,7.960374,7.699680
worker_2,1746,1788087081.449356,50,8.000727,7.876128
worker_2,1747,1788087081.457397,50,7.836919,7.574752
worker_2,1748,1788087081.465283,50,8.064846,7.941376
worker_2,1749,1788087081.473372,50,8.076690,7.775488
worker_2,1750,1788087081.481496,50,8.034374,7.908704
worker_2,1751,1788087081.489555,50,8.083606,7.820896
worker_2,1752,1788087081.497685,50,8.048143,7.919008
worker_2,1753,1788087081.505759,50,8.123550,7.848544
worker_2,1754,1788087081.513929,50,7.795956,7.668096
worker_2,1755,1788087081.521749,50,8.091912,7.828160
worker_2,1756,1788087081.529889,50,7.849141,7.724288
worker_2,1757,1788087081.537762,50,8.009152,7.737408
worker_2,1758,1788087081.545819,50,7.918744,7.791392
worker_2,1759,1788087081.553764,50,8.005273,7.726112
worker_2,1760,1788087081.561816,50,7.746307,7.572768
worker_2,1761,1788087081.569586,50,8.042190,7.630720
worker_2,1762,1788087081.577676,50,7.572574,7.307872
worker_2,1763,1788087081.585273,50,8.076717,7.667936
worker_2,1764,1788087081.593399,50,7.518962,7.244384
worker_2,1765,1788087081.600942,50,7.987096,7.571968
worker_2,1766,1788087081.608977,50,7.685964,7.445760
worker_2,1767,1788087081.616710,50,8.043476,7.623840
worker_2,1768,1788087081.624802,50,8.085680,7.815040
worker_2,1769,1788087081.632912,50,8.052467,7.748896
worker_2,1770,1788087081.641012,50,8.124809,7.860416
worker_2,1771,1788087081.649162,50,7.763779,7.650496
worker_2,1772,1788087081.656976,50,8.101143,7.980352
worker_2,1773,1788087081.665102,50,7.958104,7.691264
worker_2,1774,1788087081.673110,50,8.142486,8.020288
worker_2,1775,1788087081.681280,50,7.957115,7.690560
worker_2,1776,1788087081.689287,50,8.022588,7.897632
worker_2,1777,1788087081.697336,50,7.735946,7.473024
worker_2,1778,1788087081.705121,50,7.858114,7.734528
worker_2,1779,1788087081.713005,50,7.774695,7.506816
worker_2,1780,1788087081.720829,50,7.977550,7.850432
worker_2,1781,1788087081.728833,50,7.846512,7.562208
worker_2,1782,1788087081.736730,50,7.780511,7.657184
worker_2,1783,1788087081.744535,50,7.697417,7.415936
worker_2,1784,1788087081.752283,50,7.916595,7.787680
worker_2,1785,1788087081.760231,50,7.729964,7.452064
worker_2,1786,1788087081.768021,50,7.973466,7.844928
worker_2,1787,1788087081.776021,50,7.860983,7.744384
worker_2,1788,1788087081.783932,50,7.902734,7.779232
worker_2,1789,1788087081.791862,50,7.633371,7.579808
worker_2,1790,1788087081.799516,50,7.980966,7.722944
worker_2,1791,1788087081.807549,50,7.893679,7.764768
worker_2,1792,1788087081.815471,50,7.920012,7.650720
worker_2,1793,1788087081.823440,50,7.844798,7.719488
worker_2,1794,1788087081.831312,50,7.919559,7.650912
worker_2,1795,1788087081.839280,50,7.935096,7.810208
worker_2,1796,1788087081.847240,50,7.787678,7.735840
worker_2,1797,1788087081.855047,50,7.710908,7.661952
worker_2,1798,1788087081.862775,50,7.622102,7.573856
worker_2,1799,1788087081.870414,50,7.767799,7.717184
worker_2,1800,1788087081.878201,50,7.883206,7.628736
worker_2,1801,1788087081.886133,50,7.885280,7.541376
worker_2,1802,1788087081.894067,50,8.306237,7.975680
worker_2,1803,1788087081.902422,50,7.728983,7.600224
worker_2,1804,1788087081.910179,50,7.867956,7.810720
worker_2,1805,1788087081.918067,50,7.726686,7.678560
worker_2,1806,1788087081.925822,50,8.072550,7.809728
worker_2,1807,1788087081.933944,50,7.781297,7.655232
worker_2,1808,1788087081.941751,50,8.099421,7.829952
worker_2,1809,1788087081.949900,50,7.906624,7.782048
worker_2,1810,1788087081.957832,50,7.937754,7.667712
worker_2,1811,1788087081.965822,50,7.764308,7.634368
worker_2,1812,1788087081.973613,50,7.911383,7.644640
worker_2,1813,1788087081.981575,50,7.725446,7.599520
worker_2,1814,1788087081.989328,50,7.835113,7.567168
worker_2,1815,1788087081.997215,50,7.960521,7.834880
worker_2,1816,1788087082.005202,50,8.043531,7.778336
worker_2,1817,1788087082.013296,50,7.891891,7.749088
worker_2,1818,1788087082.021214,50,7.521619,7.252512
worker_2,1819,1788087082.028784,50,7.916800,7.791008
worker_2,1820,1788087082.036727,50,7.663483,7.606624
worker_2,1821,1788087082.044409,50,7.667269,7.616864
worker_2,1822,1788087082.052094,50,7.891670,7.844096
worker_2,1823,1788087082.060006,50,7.931105,7.673120
worker_2,1824,1788087082.067988,50,8.074337,7.946624
worker_2,1825,1788087082.076105,50,7.904687,7.637440
worker_2,1826,1788087082.084058,50,7.841169,7.712832
worker_2,1827,1788087082.091928,50,7.694233,7.586752
worker_2,1828,1788087082.099659,50,7.968855,7.831072
worker_2,1829,1788087082.107664,50,7.924475,7.845920
worker_2,1830,1788087082.115611,50,7.932328,7.879712
worker_2,1831,1788087082.123566,50,7.938735,7.890464
worker_2,1832,1788087082.131523,50,7.863938,7.816288
worker_2,1833,1788087082.139406,50,7.823799,7.763616
worker_2,1834,1788087082.147329,50,7.875938,7.820928
worker_2,1835,1788087082.155224,50,7.711723,7.664768
worker_2,1836,1788087082.162954,50,7.761196,7.714848
worker_2,1837,1788087082.170732,50,7.641603,7.596864
worker_2,1838,1788087082.178391,50,7.775770,7.510816
worker_2,1839,1788087082.186218,50,8.106032,7.769376
worker_2,1840,1788087082.194374,50,7.968836,7.700832
worker_2,1841,1788087082.202368,50,8.059865,7.655424
worker_2,1842,1788087082.210479,50,7.973717,7.732512
worker_2,1843,1788087082.218481,50,7.843049,7.412128
worker_2,1844,1788087082.226372,50,7.623093,7.347104
worker_2,1845,1788087082.234034,50,8.166358,7.735200
worker_2,1846,1788087082.242249,50,7.784632,7.657472
worker_2,1847,1788087082.250060,50,8.101477,7.837600
worker_2,1848,1788087082.258214,50,7.901956,7.778464
worker_2,1849,1788087082.266142,50,8.101079,7.822336
worker_2,1850,1788087082.274294,50,7.893650,7.770368
worker_2,1851,1788087082.282216,50,8.005771,7.745536
worker_2,1852,1788087082.290271,50,7.913622,7.790944
worker_2,1853,1788087082.298212,50,8.105875,7.844160
worker_2,1854,1788087082.306367,50,7.938874,7.815552
worker_2,1855,1788087082.314333,50,7.927586,7.744032
worker_2,1856,1788087082.322279,50,7.692844,7.515360
worker_2,1857,1788087082.329990,50,7.928568,7.742624
worker_2,1858,1788087082.337937,50,7.541249,7.488608
worker_2,1859,1788087082.345496,50,7.672185,7.626592
worker_2,1860,1788087082.353185,50,7.973179,7.716256
worker_2,1861,1788087082.361208,50,8.189838,7.861600
worker_2,1862,1788087082.369445,50,8.231375,7.904416
worker_2,1863,1788087082.377723,50,8.033383,7.705184
worker_2,1864,1788087082.385814,50,8.081412,7.754944
worker_2,1865,1788087082.393942,50,8.242969,7.897024
worker_2,1866,1788087082.402232,50,8.102707,7.921856
worker_2,1867,1788087082.410382,50,8.280080,7.951840
worker_2,1868,1788087082.418710,50,8.056680,7.931264
worker_2,1869,1788087082.426791,50,8.138959,7.878976
worker_2,1870,1788087082.434978,50,7.935447,7.812224
worker_2,1871,1788087082.442938,50,7.641833,7.378784
worker_2,1872,1788087082.450628,50,8.027771,7.905280
worker_2,1873,1788087082.458681,50,7.943355,7.890080
worker_2,1874,1788087082.466645,50,7.784603,7.526624
worker_2,1875,1788087082.474481,50,7.784890,7.661344
worker_2,1876,1788087082.482289,50,7.931965,7.667584
worker_2,1877,1788087082.490269,50,7.986725,7.865152
worker_2,1878,1788087082.498281,50,8.047393,7.783072
worker_2,1879,1788087082.506378,50,7.899151,7.775392
worker_2,1880,1788087082.514303,50,7.881956,7.620832
worker_2,1881,1788087082.522232,50,7.979708,7.837536
worker_2,1882,1788087082.530239,50,7.892919,7.627616
worker_2,1883,1788087082.538180,50,7.695714,7.422624
worker_2,1884,1788087082.545915,50,7.708436,7.403488
worker_2,1885,1788087082.553673,50,7.856289,7.581664
worker_2,1886,1788087082.561557,50,8.172080,7.761472
worker_2,1887,1788087082.569777,50,8.000160,7.847456
worker_2,1888,1788087082.577802,50,8.036012,7.689536
worker_2,1889,1788087082.585886,50,7.980097,7.708768
worker_2,1890,1788087082.593891,50,7.588750,7.240704
worker_2,1891,1788087082.601528,50,7.959457,7.690816
worker_2,1892,1788087082.609512,50,7.906439,7.511968
worker_2,1893,1788087082.617466,50,8.011439,7.735840
worker_2,1894,1788087082.625502,50,8.025532,7.699040
worker_2,1895,1788087082.633576,50,7.807326,7.563680
worker_2,1896,1788087082.641407,50,7.921262,7.500320
worker_2,1897,1788087082.649378,50,7.845280,7.704320
worker_2,1898,1788087082.657251,50,7.942846,7.824960
worker_2,1899,1788087082.665245,50,8.121939,7.998048
worker_2,1900,1788087082.673393,50,8.147561,7.887456
worker_2,1901,1788087082.681588,50,8.090977,7.968384
worker_2,1902,1788087082.689706,50,8.156930,7.895616
worker_2,1903,1788087082.697925,50,8.129968,7.997984
worker_2,1904,1788087082.706082,50,8.107569,7.838944
worker_2,1905,1788087082.714239,50,8.196644,8.071936
worker_2,1906,1788087082.722461,50,8.012736,7.743808
worker_2,1907,1788087082.730523,50,7.944040,7.817856
worker_2,1908,1788087082.738495,50,7.211607,6.941024
worker_2,1909,1788087082.745756,50,7.453388,7.326976
worker_2,1910,1788087082.753237,50,7.791484,7.526624
worker_2,1911,1788087082.761076,50,7.982355,7.856576
worker_2,1912,1788087082.769084,50,8.144560,7.879744
worker_2,1913,1788087082.777278,50,8.275645,7.985760
worker_2,1914,1788087082.785579,50,7.974633,7.856192
worker_2,1915,1788087082.793603,50,8.051921,7.926528
worker_2,1916,1788087082.801679,50,7.948614,7.896480
worker_2,1917,1788087082.809647,50,8.124413,7.860320
worker_2,1918,1788087082.817822,50,8.116070,7.991680
worker_2,1919,1788087082.825962,50,8.155384,7.892640
worker_2,1920,1788087082.834166,50,8.068495,7.946848
worker_2,1921,1788087082.842258,50,7.978809,7.709600
worker_2,1922,1788087082.850288,50,7.323950,7.193760
worker_2,1923,1788087082.857654,50,7.345618,7.077696
worker_2,1924,1788087082.865049,50,7.128099,6.995744
worker_2,1925,1788087082.872203,50,7.306451,7.020608
worker_2,1926,1788087082.879560,50,7.325321,7.190656
worker_2,1927,1788087082.886917,50,7.567925,7.300192
worker_2,1928,1788087082.894533,50,7.593463,7.469920
worker_2,1929,1788087082.902153,50,7.706779,7.525696
worker_2,1930,1788087082.909907,50,7.611398,7.488672
worker_2,1931,1788087082.917543,50,7.870328,7.599552
worker_2,1932,1788087082.925462,50,7.779927,7.655808
worker_2,1933,1788087082.933265,50,7.876632,7.617408
worker_2,1934,1788087082.941189,50,7.849474,7.723136
worker_2,1935,1788087082.949065,50,7.943799,7.672032
worker_2,1936,1788087082.957056,50,8.111893,7.989472
worker_2,1937,1788087082.965194,50,6.698549,6.435712
worker_2,1938,1788087082.971939,50,7.629769,7.507424
worker_2,1939,1788087082.979596,50,7.624205,7.360416
worker_2,1940,1788087082.987267,50,7.938161,7.813824
worker_2,1941,1788087082.995233,50,7.749399,7.483584
worker_2,1942,1788087083.003047,50,7.931346,7.798816
worker_2,1943,1788087083.011004,50,7.619556,7.353792
worker_2,1944,1788087083.018674,50,7.905132,7.772704
worker_2,1945,1788087083.026606,50,7.412582,7.357504
worker_2,1946,1788087083.034037,50,7.735889,7.621760
worker_2,1947,1788087083.041825,50,7.251710,7.115456
worker_2,1948,1788087083.049100,50,7.864697,7.600000
worker_2,1949,1788087083.057015,50,6.675270,6.548608
worker_2,1950,1788087083.063715,50,7.761751,7.498624
worker_2,1951,1788087083.071526,50,7.816623,7.690368
worker_2,1952,1788087083.079370,50,7.923484,7.658080
worker_2,1953,1788087083.087344,50,7.824178,7.698464
worker_2,1954,1788087083.095193,50,8.115968,7.855200
worker_2,1955,1788087083.103358,50,7.936253,7.811488
worker_2,1956,1788087083.111318,50,8.002883,7.741088
worker_2,1957,1788087083.119369,50,7.341989,7.216000
worker_2,1958,1788087083.126735,50,8.105244,7.839552
worker_2,1959,1788087083.134888,50,7.816176,7.691872
worker_2,1960,1788087083.142730,50,8.190635,7.922080
worker_2,1961,1788087083.150969,50,7.957475,7.835680
worker_2,1962,1788087083.158973,50,7.966049,7.851360
worker_2,1963,1788087083.166990,50,7.996744,7.869376
worker_2,1964,1788087083.175012,50,8.133199,7.866880
worker_2,1965,1788087083.183194,50,7.957356,7.829184
worker_2,1966,1788087083.191177,50,7.914335,7.647840
worker_2,1967,1788087083.199141,50,7.915336,7.784000
worker_2,1968,1788087083.207082,50,7.942087,7.680672
worker_2,1969,1788087083.215074,50,7.903595,7.779776
worker_2,1970,1788087083.223002,50,8.147746,7.882112
worker_2,1971,1788087083.231199,50,7.730973,7.606304
worker_2,1972,1788087083.238955,50,7.940939,7.675840
worker_2,1973,1788087083.246943,50,7.662066,7.536000
worker_2,1974,1788087083.254630,50,7.744547,7.691392
worker_2,1975,1788087083.262395,50,7.886615,7.629152
worker_2,1976,1788087083.270332,50,8.022133,7.893888
worker_2,1977,1788087083.278381,50,8.053550,7.792736
worker_2,1978,1788087083.286483,50,7.735084,7.611648
worker_2,1979,1788087083.294244,50,7.712704,7.660544
worker_2,1980,1788087083.301976,50,7.827511,7.778432
worker_2,1981,1788087083.309834,50,8.055995,7.790944
worker_2,1982,1788087083.317944,50,7.882169,7.752928
worker_2,1983,1788087083.325853,50,7.953532,7.672992
worker_2,1984,1788087083.333856,50,7.994605,7.867232
worker_2,1985,1788087083.341962,50,7.881095,7.605824
worker_2,1986,1788087083.349891,50,7.855975,7.733440
worker_2,1987,1788087083.357773,50,7.657067,7.392864
worker_2,1988,1788087083.365478,50,7.446545,7.325248
worker_2,1989,1788087083.372949,50,7.781317,7.518272
worker_2,1990,1788087083.380777,50,7.738205,7.616224
worker_2,1991,1788087083.388541,50,7.199173,6.925024
worker_2,1992,1788087083.395793,50,7.825531,7.673920
worker_2,1993,1788087083.403649,50,7.599566,7.324064
worker_2,1994,1788087083.411299,50,7.781927,7.644960
worker_2,1995,1788087083.419110,50,7.524147,7.464640
worker_2,1996,1788087083.426655,50,7.575213,7.528992
worker_2,1997,1788087083.434249,50,7.726769,7.682048
worker_2,1998,1788087083.441997,50,7.901836,7.641024
worker_2,1999,1788087083.449951,50,7.972901,7.843712
worker_2,2000,1788087083.457953,50,7.921596,7.656448
worker_2,2001,1788087083.465936,50,7.939290,7.810816
worker_2,2002,1788087083.473903,50,7.766362,7.495904
worker_2,2003,1788087083.481721,50,7.968670,7.842400
worker_2,2004,1788087083.489717,50,7.787419,7.520384
worker_2,2005,1788087083.497555,50,9.735157,7.813632
worker_2,2006,1788087083.507330,50,8.002393,7.715712
worker_2,2007,1788087083.515379,50,8.084809,7.963840
worker_2,2008,1788087083.523489,50,7.951465,7.676064
worker_2,2009,1788087083.531489,50,8.093199,7.971424
worker_2,2010,1788087083.539607,50,8.011625,7.751808
worker_2,2011,1788087083.547668,50,8.094755,7.969600
worker_2,2012,1788087083.555789,50,7.914402,7.651264
worker_2,2013,1788087083.563753,50,8.024716,7.901376
worker_2,2014,1788087083.571805,50,7.967003,7.695680
worker_2,2015,1788087083.579821,50,8.085893,7.960192
worker_2,2016,1788087083.587934,50,7.967096,7.697696
worker_2,2017,1788087083.595953,50,8.092133,7.963488
worker_2,2018,1788087083.604073,50,7.972198,7.708416
worker_2,2019,1788087083.612095,50,7.848632,7.724256
worker_2,2020,1788087083.619986,50,7.012291,6.957120
worker_2,2021,1788087083.627018,50,7.550491,7.502848
worker_2,2022,1788087083.634585,50,7.581787,7.536256
worker_2,2023,1788087083.642184,50,7.687056,7.641184
worker_2,2024,1788087083.649887,50,7.547898,7.496896
worker_2,2025,1788087083.657453,50,7.776604,7.731712
worker_2,2026,1788087083.665247,50,7.752918,7.706176
worker_2,2027,1788087083.673016,50,7.758705,7.711712
worker_2,2028,1788087083.680792,50,7.322543,7.276192
worker_2,2029,1788087083.688129,50,7.736649,7.689216
worker_2,2030,1788087083.695883,50,7.513943,7.465824
worker_2,2031,1788087083.703414,50,7.784419,7.737248
worker_2,2032,1788087083.711216,50,7.974059,7.718496
worker_2,2033,1788087083.719241,50,8.244597,7.916608
worker_2,2034,1788087083.727533,50,8.065828,7.735776
worker_2,2035,1788087083.735646,50,8.409693,8.064736
worker_2,2036,1788087083.744105,50,7.986716,7.658624
worker_2,2037,1788087083.752140,50,8.087873,7.731392
worker_2,2038,1788087083.760275,50,7.876039,7.541024
worker_2,2039,1788087083.768198,50,8.112180,7.765920
worker_2,2040,1788087083.776369,50,7.903511,7.545376
worker_2,2041,1788087083.784321,50,7.623408,7.432672
worker_2,2042,1788087083.791993,50,6.994625,6.862016
worker_2,2043,1788087083.799012,50,7.977374,7.713536
worker_2,2044,1788087083.807040,50,7.853085,7.729536
worker_2,2045,1788087083.814920,50,7.860215,7.596672
worker_2,2046,1788087083.822829,50,7.851622,7.727072
worker_2,2047,1788087083.830709,50,7.613231,7.556992
worker_2,2048,1788087083.838340,50,8.039337,7.764128
worker_2,2049,1788087083.846432,50,7.624648,7.499168
worker_2,2050,1788087083.854083,50,8.123884,7.841568
worker_2,2051,1788087083.862257,50,7.817603,7.689376
worker_2,2052,1788087083.870102,50,8.130708,7.844896
worker_2,2053,1788087083.878283,50,7.568056,7.444288
worker_2,2054,1788087083.885876,50,7.771872,7.504800
worker_2,2055,1788087083.893698,50,7.001727,6.873504
worker_2,2056,1788087083.900725,50,7.958744,7.678720
worker_2,2057,1788087083.908735,50,7.249452,7.125440
worker_2,2058,1788087083.916010,50,7.944160,7.826592
worker_2,2059,1788087083.924017,50,8.019457,7.891040
worker_2,2060,1788087083.932064,50,7.786659,7.729664
worker_2,2061,1788087083.939872,50,8.133337,7.866496
worker_2,2062,1788087083.948055,50,7.850734,7.722432
worker_2,2063,1788087083.955931,50,8.165839,7.890368
worker_2,2064,1788087083.964145,50,7.922409,7.781728
worker_2,2065,1788087083.972093,50,8.090227,7.827968
worker_2,2066,1788087083.980246,50,7.977050,7.845088
worker_2,2067,1788087083.988249,50,7.973856,7.696096
worker_2,2068,1788087083.996274,50,7.564888,7.430496
worker_2,2069,1788087084.003865,50,7.705455,7.440192
worker_2,2070,1788087084.011620,50,7.584667,7.456064
worker_2,2071,1788087084.019230,50,7.823188,7.559200
worker_2,2072,1788087084.027102,50,7.793688,7.655008
worker_2,2073,1788087084.034924,50,8.044440,7.781216
worker_2,2074,1788087084.043018,50,7.939494,7.815264
worker_2,2075,1788087084.050983,50,7.720157,7.665664
worker_2,2076,1788087084.058723,50,7.606111,7.559520
worker_2,2077,1788087084.066349,50,7.740983,7.691616
worker_2,2078,1788087084.074108,50,7.949753,7.683840
worker_2,2079,1788087084.082125,50,7.942207,7.815136
worker_2,2080,1788087084.090093,50,7.760992,7.476320
worker_2,2081,1788087084.097908,50,7.724158,7.585024
worker_2,2082,1788087084.105657,50,7.803770,7.543008
worker_2,2083,1788087084.113514,50,7.762168,7.636832
worker_2,2084,1788087084.121301,50,7.918974,7.653440
worker_2,2085,1788087084.129272,50,7.867938,7.743840
worker_2,2086,1788087084.137168,50,7.997735,7.732512
worker_2,2087,1788087084.145216,50,8.011087,7.889216
worker_2,2088,1788087084.153252,50,7.960143,7.679040
worker_2,2089,1788087084.161260,50,7.910994,7.786976
worker_2,2090,1788087084.169195,50,8.054717,7.791552
worker_2,2091,1788087084.177298,50,7.897401,7.773248
worker_2,2092,1788087084.185221,50,7.956837,7.681088
worker_2,2093,1788087084.193230,50,7.927707,7.801568
worker_2,2094,1788087084.201184,50,7.759215,7.496448
worker_2,2095,1788087084.208992,50,7.888809,7.761920
worker_2,2096,1788087084.216907,50,7.866965,7.612320
worker_2,2097,1788087084.224823,50,7.800725,7.673088
worker_2,2098,1788087084.232661,50,7.997041,7.720480
worker_2,2099,1788087084.240707,50,8.079366,7.953472
worker_2,2100,1788087084.248812,50,7.488278,7.222880
worker_2,2101,1788087084.256350,50,7.820391,7.694784
worker_2,2102,1788087084.264196,50,7.816206,7.537408
worker_2,2103,1788087084.272061,50,7.896077,7.770112
worker_2,2104,1788087084.279982,50,7.777621,7.498944
worker_2,2105,1788087084.287808,50,7.794307,7.669120
worker_2,2106,1788087084.295630,50,7.664306,7.609024
worker_2,2107,1788087084.303314,50,7.729381,7.682208
worker_2,2108,1788087084.311062,50,7.892355,7.845984
worker_2,2109,1788087084.318970,50,8.128117,7.872544
worker_2,2110,1788087084.327151,50,8.126820,8.001568
worker_2,2111,1788087084.335302,50,8.120884,7.859104
worker_2,2112,1788087084.343472,50,8.068718,7.945440
worker_2,2113,1788087084.351567,50,8.104856,7.837728
worker_2,2114,1788087084.359720,50,8.075217,7.951168
worker_2,2115,1788087084.367822,50,8.158172,7.888416
worker_2,2116,1788087084.376028,50,8.125356,7.998304
worker_2,2117,1788087084.384179,50,7.705168,7.443040
worker_2,2118,1788087084.391945,50,7.669639,7.536832
worker_2,2119,1788087084.399641,50,7.182755,6.917920
worker_2,2120,1788087084.406873,50,7.258822,7.114528
worker_2,2121,1788087084.414156,50,7.505018,7.233888
worker_2,2122,1788087084.421713,50,7.846566,7.552864
worker_2,2123,1788087084.429587,50,7.545953,7.138208
worker_2,2124,1788087084.437184,50,7.860429,7.586944
worker_2,2125,1788087084.445073,50,8.033625,7.716896
worker_2,2126,1788087084.453156,50,7.968188,7.732288
worker_2,2127,1788087084.461149,50,7.901179,7.605664
worker_2,2128,1788087084.469098,50,8.000124,7.766176
worker_2,2129,1788087084.477123,50,7.891910,7.520064
worker_2,2130,1788087084.485064,50,7.975216,7.742176
worker_2,2131,1788087084.493064,50,7.982114,7.644320
worker_2,2132,1788087084.501094,50,7.575213,7.451648
worker_2,2133,1788087084.508696,50,7.987642,7.723616
worker_2,2134,1788087084.516732,50,7.459943,7.338112
worker_2,2135,1788087084.524228,50,7.945974,7.676736
worker_2,2136,1788087084.532323,50,7.766381,7.624224
worker_2,2137,1788087084.540124,50,7.740983,7.473792
worker_2,2138,1788087084.547913,50,7.855918,7.733248
worker_2,2139,1788087084.555796,50,7.730604,7.547840
worker_2,2140,1788087084.563544,50,7.777982,7.598848
worker_2,2141,1788087084.571342,50,7.732260,7.550816
worker_2,2142,1788087084.579092,50,7.615788,7.437024
worker_2,2143,1788087084.586723,50,7.452656,7.358880
worker_2,2144,1788087084.594191,50,7.695926,7.307072
worker_2,2145,1788087084.601938,50,7.810723,7.474112
worker_2,2146,1788087084.609796,50,7.249377,6.755168
worker_2,2147,1788087084.617092,50,8.049578,7.572384
worker_2,2148,1788087084.625191,50,7.885280,7.495264
worker_2,2149,1788087084.633126,50,8.205922,7.702336
worker_2,2150,1788087084.641383,50,7.931363,7.538464
worker_2,2151,1788087084.649364,50,8.030958,7.703776
worker_2,2152,1788087084.657444,50,8.090309,7.738720
worker_2,2153,1788087084.665581,50,8.111782,7.782144
worker_2,2154,1788087084.673741,50,8.204080,7.877088
worker_2,2155,1788087084.681992,50,7.969364,7.642528
worker_2,2156,1788087084.690010,50,7.850994,7.717664
worker_2,2157,1788087084.697905,50,7.811234,7.493568
worker_2,2158,1788087084.705767,50,8.139209,7.864032
worker_2,2159,1788087084.713934,50,8.012550,7.598944
worker_2,2160,1788087084.721996,50,8.006799,7.737504
worker_2,2161,1788087084.730028,50,7.516769,7.141312
worker_2,2162,1788087084.737592,50,7.428443,7.157536
worker_2,2163,1788087084.745046,50,7.255367,6.922272
worker_2,2164,1788087084.752351,50,7.738992,7.461920
worker_2,2165,1788087084.760115,50,7.644834,7.221120
worker_2,2166,1788087084.767811,50,7.900021,7.622880
worker_2,2167,1788087084.775737,50,7.803660,7.394656
worker_2,2168,1788087084.783592,50,7.820215,7.533664
worker_2,2169,1788087084.791437,50,7.599221,7.240960
worker_2,2170,1788087084.799087,50,7.756927,7.632960
worker_2,2171,1788087084.806871,50,7.993708,7.938176
worker_2,2172,1788087084.814885,50,7.788418,7.740096
worker_2,2173,1788087084.822692,50,7.734141,7.687040
worker_2,2174,1788087084.830443,50,8.071393,7.812064
worker_2,2175,1788087084.838566,50,8.024393,7.896064
worker_2,2176,1788087084.846634,50,8.083411,7.816224
worker_2,2177,1788087084.854766,50,7.937780,7.813856
worker_2,2178,1788087084.862729,50,8.090476,7.827072
worker_2,2179,1788087084.870870,50,7.980420,7.855872
worker_2,2180,1788087084.878879,50,8.150662,7.885920
worker_2,2181,1788087084.887080,50,7.692899,7.566112
worker_2,2182,1788087084.894798,50,7.326692,7.204640
worker_2,2183,1788087084.902177,50,7.436101,7.299040
worker_2,2184,1788087084.909639,50,7.658833,7.367008
worker_2,2185,1788087084.917350,50,7.806484,7.667808
worker_2,2186,1788087084.925185,50,7.715259,7.427840
worker_2,2187,1788087084.932951,50,7.681361,7.548064
worker_2,2188,1788087084.940662,50,8.096903,7.828512
worker_2,2189,1788087084.948809,50,7.985382,7.859840
worker_2,2190,1788087084.956820,50,8.145811,7.884192
worker_2,2191,1788087084.965015,50,7.944411,7.820544
worker_2,2192,1788087084.972985,50,8.158830,7.897440
worker_2,2193,1788087084.981191,50,7.894226,7.770560
worker_2,2194,1788087084.989110,50,8.006355,7.740224
worker_2,2195,1788087084.997165,50,7.683769,7.557344
worker_2,2196,1788087085.004888,50,7.972697,7.705888
worker_2,2197,1788087085.012909,50,7.750623,7.626368
worker_2,2198,1788087085.020685,50,8.085801,7.821696
worker_2,2199,1788087085.028817,50,6.943616,6.820736
worker_2,2200,1788087085.035788,50,7.876715,7.613376
worker_2,2201,1788087085.043712,50,7.940087,7.817312
worker_2,2202,1788087085.051677,50,7.992882,7.731232
worker_2,2203,1788087085.059713,50,7.909956,7.787360
worker_2,2204,1788087085.067648,50,7.799742,7.741952
worker_2,2205,1788087085.075467,50,7.497249,7.448800
worker_2,2206,1788087085.082981,50,7.678816,7.631392
worker_2,2207,1788087085.090676,50,7.556194,7.509248
worker_2,2208,1788087085.098248,50,8.096087,7.834848
worker_2,2209,1788087085.106396,50,7.719177,7.378752
worker_2,2210,1788087085.114162,50,8.195625,7.867104
worker_2,2211,1788087085.122404,50,7.725659,7.602496
worker_2,2212,1788087085.130159,50,8.139328,7.873440
worker_2,2213,1788087085.138346,50,7.953235,7.828640
worker_2,2214,1788087085.146326,50,7.746565,7.478336
worker_2,2215,1788087085.154133,50,7.911131,7.781408
worker_2,2216,1788087085.162071,50,7.716705,7.656416
worker_2,2217,1788087085.169808,50,7.728121,7.674720
worker_2,2218,1788087085.177554,50,7.660288,7.614400
worker_2,2219,1788087085.185230,50,7.902863,7.851424
worker_2,2220,1788087085.193150,50,8.005263,7.746752
worker_2,2221,1788087085.201206,50,8.082986,7.950912
worker_2,2222,1788087085.209317,50,7.755178,7.633184
worker_2,2223,1788087085.217121,50,8.197635,7.869344
worker_2,2224,1788087085.225365,50,8.044429,7.920000
worker_2,2225,1788087085.233436,50,7.910299,7.650272
worker_2,2226,1788087085.241394,50,8.112495,7.987232
worker_2,2227,1788087085.249534,50,7.959040,7.694368
worker_2,2228,1788087085.257544,50,8.084514,7.958624
worker_2,2229,1788087085.265654,50,7.787418,7.681856
worker_2,2230,1788087085.273477,50,8.025060,7.920128
worker_2,2231,1788087085.281531,50,7.845225,7.785312
worker_2,2232,1788087085.289395,50,7.959087,7.884640
worker_2,2233,1788087085.297377,50,7.875614,7.827872
worker_2,2234,1788087085.305271,50,7.851428,7.592832
worker_2,2235,1788087085.313186,50,7.888485,7.760032
worker_2,2236,1788087085.321100,50,7.887225,7.624608
worker_2,2237,1788087085.329038,50,8.040782,7.912352
worker_2,2238,1788087085.337104,50,8.158338,7.888800
worker_2,2239,1788087085.345311,50,8.108921,7.971968
worker_2,2240,1788087085.353457,50,8.209413,7.916288
worker_2,2241,1788087085.361713,50,8.026504,7.901888
worker_2,2242,1788087085.369767,50,8.148385,7.877440
worker_2,2243,1788087085.377964,50,8.109717,7.985952
worker_2,2244,1788087085.386101,50,8.040662,7.768992
worker_2,2245,1788087085.394190,50,7.777400,7.651200
worker_2,2246,1788087085.401993,50,7.980078,7.713440
worker_2,2247,1788087085.410022,50,7.964827,7.841440
worker_2,2248,1788087085.418013,50,7.639528,7.522464
worker_2,2249,1788087085.425704,50,7.972688,7.847264
worker_2,2250,1788087085.433704,50,7.703806,7.645472
worker_2,2251,1788087085.441431,50,7.851771,7.583968
worker_2,2252,1788087085.449330,50,7.646539,7.309696
worker_2,2253,1788087085.457024,50,7.802734,7.676960
worker_2,2254,1788087085.464865,50,8.014875,7.612896
worker_2,2255,1788087085.472928,50,7.911410,7.766624
worker_2,2256,1788087085.480865,50,8.060245,7.647712
worker_2,2257,1788087085.488973,50,7.978809,7.714912
worker_2,2258,1788087085.496978,50,7.796475,7.518912
worker_2,2259,1788087085.504823,50,8.006809,7.883072
worker_2,2260,1788087085.512856,50,7.744447,7.475392
worker_2,2261,1788087085.520651,50,7.843308,7.713696
worker_2,2262,1788087085.528522,50,7.625566,7.356256
worker_2,2263,1788087085.536196,50,7.766918,7.489632
worker_2,2264,1788087085.543991,50,7.270933,6.862784
worker_2,2265,1788087085.551312,50,7.984929,7.858944
worker_2,2266,1788087085.559325,50,7.621083,7.561440
worker_2,2267,1788087085.566966,50,7.733002,7.685120
worker_2,2268,1788087085.574717,50,7.676696,7.417696
worker_2,2269,1788087085.582446,50,8.110450,7.981856
worker_2,2270,1788087085.590583,50,7.593722,7.325536
worker_2,2271,1788087085.598227,50,7.981309,7.842592
worker_2,2272,1788087085.606234,50,7.598334,7.327488
worker_2,2273,1788087085.613883,50,7.931707,7.795424
worker_2,2274,1788087085.621847,50,7.921161,7.653440
worker_2,2275,1788087085.629817,50,7.849844,7.726720
worker_2,2276,1788087085.637696,50,7.940523,7.665120
worker_2,2277,1788087085.645687,50,7.924550,7.799552
worker_2,2278,1788087085.653639,50,7.994883,7.728128
worker_2,2279,1788087085.661683,50,7.878086,7.739776
worker_2,2280,1788087085.669588,50,7.923401,7.654688
worker_2,2281,1788087085.677560,50,7.847160,7.723840
worker_2,2282,1788087085.685433,50,7.664380,7.611776
worker_2,2283,1788087085.693116,50,7.500963,7.448704
worker_2,2284,1788087085.700635,50,8.087199,7.819584
worker_2,2285,1788087085.708774,50,7.795225,7.663232
worker_2,2286,1788087085.716595,50,8.039662,7.631424
worker_2,2287,1788087085.724771,50,7.900132,7.641632
worker_2,2288,1788087085.732700,50,7.996012,7.583872
worker_2,2289,1788087085.740743,50,8.106967,7.837120
worker_2,2290,1788087085.748875,50,7.981438,7.647648
worker_2,2291,1788087085.756907,50,7.922465,7.655648
worker_2,2292,1788087085.764856,50,7.749307,7.327456
worker_2,2293,1788087085.772666,50,7.922215,7.651488
worker_2,2294,1788087085.780616,50,7.886105,7.569696
worker_2,2295,1788087085.788552,50,7.827511,7.554048
worker_2,2296,1788087085.796407,50,7.730473,7.431648
worker_2,2297,1788087085.804188,50,7.655565,7.372160
worker_2,2298,1788087085.811869,50,7.565221,7.447360
worker_2,2299,1788087085.819485,50,7.760186,7.630496
worker_2,2300,1788087085.827272,50,7.752844,7.692096
worker_2,2301,1788087085.835045,50,7.888807,7.628960
worker_2,2302,1788087085.842984,50,7.880679,7.752960
worker_2,2303,1788087085.850891,50,7.857289,7.591424
worker_2,2304,1788087085.858798,50,7.894845,7.771424
worker_2,2305,1788087085.866718,50,8.011124,7.740416
worker_2,2306,1788087085.874778,50,7.910124,7.781184
worker_2,2307,1788087085.882716,50,7.924818,7.512384
worker_2,2308,1788087085.890688,50,8.010217,7.788864
worker_2,2309,1788087085.898724,50,7.914855,7.505984
worker_2,2310,1788087085.906687,50,7.957012,7.690816
worker_2,2311,1788087085.914670,50,7.612361,7.399904
worker_2,2312,1788087085.922302,50,7.877030,7.543936
worker_2,2313,1788087085.930239,50,7.822483,7.597792
worker_2,2314,1788087085.938090,50,7.998799,7.583456
worker_2,2315,1788087085.946139,50,7.984143,7.863104
worker_2,2316,1788087085.954150,50,7.713167,7.659040
worker_2,2317,1788087085.961882,50,7.871206,7.822368
worker_2,2318,1788087085.969770,50,7.977504,7.720864
worker_2,2319,1788087085.977801,50,8.164487,8.041728
worker_2,2320,1788087085.985990,50,7.859604,7.598656
worker_2,2321,1788087085.993897,50,7.745714,7.622208
worker_2,2322,1788087086.001669,50,7.990457,7.718432
worker_2,2323,1788087086.009710,50,7.621454,7.490880
worker_2,2324,1788087086.017357,50,8.108292,7.844672
worker_2,2325,1788087086.025515,50,7.719251,7.595168
worker_2,2326,1788087086.033261,50,8.140690,7.874176
worker_2,2327,1788087086.041453,50,7.711547,7.568640
worker_2,2328,1788087086.049192,50,8.148172,7.877600
worker_2,2329,1788087086.057389,50,7.684010,7.557280
worker_2,2330,1788087086.065099,50,7.993133,7.878400
worker_2,2331,1788087086.073143,50,7.768798,7.647840
worker_2,2332,1788087086.080952,50,8.118884,7.855200
worker_2,2333,1788087086.089120,50,7.706770,7.582432
worker_2,2334,1788087086.096854,50,7.932559,7.668704
worker_2,2335,1788087086.104836,50,7.833150,7.709824
worker_2,2336,1788087086.112694,50,7.965002,7.702688
worker_2,2337,1788087086.120707,50,7.614065,7.488480
worker_2,2338,1788087086.128344,50,8.024625,7.757920
worker_2,2339,1788087086.136419,50,7.802827,7.667296
worker_2,2340,1788087086.144248,50,8.069162,7.806176
worker_2,2341,1788087086.152365,50,8.018929,7.897248
worker_2,2342,1788087086.160410,50,7.746900,7.482720
worker_2,2343,1788087086.168205,50,7.931827,7.784480
worker_2,2344,1788087086.176162,50,7.260691,6.992608
worker_2,2345,1788087086.183472,50,7.705454,7.580480
worker_2,2346,1788087086.191203,50,5.441694,5.326816
worker_2,2347,1788087086.196695,50,7.219320,7.095872
worker_2,2348,1788087086.203939,50,7.135627,7.083328
worker_2,2349,1788087086.211092,50,7.401887,7.147072
worker_2,2350,1788087086.218544,50,8.025199,7.898880
worker_2,2351,1788087086.226596,50,7.897800,7.632000
worker_2,2352,1788087086.234554,50,7.806410,7.682016
worker_2,2353,1788087086.242388,50,7.984828,7.713728
worker_2,2354,1788087086.250422,50,7.842243,7.716928
worker_2,2355,1788087086.258293,50,7.788910,7.526816
worker_2,2356,1788087086.266132,50,7.845178,7.720864
worker_2,2357,1788087086.274006,50,8.095254,7.826240
worker_2,2358,1788087086.282151,50,7.677436,7.553152
worker_2,2359,1788087086.289854,50,8.090458,7.809088
worker_2,2360,1788087086.297992,50,7.875697,7.752352
worker_2,2361,1788087086.305893,50,8.003421,7.738112
worker_2,2362,1788087086.313949,50,7.714538,7.585728
worker_2,2363,1788087086.321692,50,7.785401,7.513312
worker_2,2364,1788087086.329525,50,8.154061,8.030816
worker_2,2365,1788087086.337705,50,7.900698,7.848576
worker_2,2366,1788087086.345625,50,7.883650,7.835840
worker_2,2367,1788087086.353525,50,7.818012,7.771264
worker_2,2368,1788087086.361360,50,7.874067,7.825440
worker_2,2369,1788087086.369250,50,7.900511,7.641536
worker_2,2370,1788087086.377202,50,8.117643,7.787648
worker_2,2371,1788087086.385379,50,7.911558,7.579072
worker_2,2372,1788087086.393336,50,7.926244,7.593184
worker_2,2373,1788087086.401309,50,7.893225,7.567968
worker_2,2374,1788087086.409248,50,7.957040,7.635200
worker_2,2375,1788087086.417252,50,8.094940,7.758272
worker_2,2376,1788087086.425393,50,8.071116,7.745952
worker_2,2377,1788087086.433511,50,7.413109,7.092384
worker_2,2378,1788087086.440971,50,7.210126,7.084992
worker_2,2379,1788087086.448208,50,8.017337,7.733088
worker_2,2380,1788087086.456277,50,7.890863,7.764672
worker_2,2381,1788087086.464194,50,7.801687,7.524768
worker_2,2382,1788087086.472044,50,7.703075,7.578688
worker_2,2383,1788087086.479774,50,8.018282,7.760704
worker_2,2384,1788087086.487841,50,7.804705,7.681024
worker_2,2385,1788087086.495671,50,7.846928,7.581120
worker_2,2386,1788087086.503568,50,7.828084,7.700960
worker_2,2387,1788087086.511422,50,8.009345,7.745184
worker_2,2388,1788087086.519480,50,7.883687,7.760160
worker_2,2389,1788087086.527393,50,8.110670,7.838624
worker_2,2390,1788087086.535552,50,7.933513,7.648032
worker_2,2391,1788087086.543524,50,8.079939,7.621152
worker_2,2392,1788087086.551653,50,7.864077,7.592320
worker_2,2393,1788087086.559543,50,7.805863,7.524608
worker_2,2394,1788087086.567399,50,7.635464,7.359744
worker_2,2395,1788087086.575063,50,7.663815,7.543200
worker_2,2396,1788087086.582777,50,7.999512,7.746496
worker_2,2397,1788087086.590803,50,7.892716,7.708480
worker_2,2398,1788087086.598716,50,7.788093,7.399232
worker_2,2399,1788087086.606555,50,8.041402,7.787008
worker_2,2400,1788087086.614625,50,7.767538,7.360576
worker_2,2401,1788087086.622442,50,8.007624,7.821472
worker_2,2402,1788087086.630477,50,7.236765,6.828928
worker_2,2403,1788087086.637763,50,8.130995,7.857952
worker_2,2404,1788087086.645922,50,7.749955,7.340000
worker_2,2405,1788087086.653721,50,8.034587,7.910368
worker_2,2406,1788087086.661783,50,7.928217,7.662176
worker_2,2407,1788087086.669759,50,7.811631,7.666272
worker_2,2408,1788087086.677598,50,7.919271,7.653984
worker_2,2409,1788087086.685566,50,7.879985,7.757216
worker_2,2410,1788087086.693489,50,7.977883,7.704160
worker_2,2411,1788087086.701516,50,7.926503,7.795072
worker_2,2412,1788087086.709470,50,7.668066,7.397120
worker_2,2413,1788087086.717188,50,6.707827,6.578816
worker_2,2414,1788087086.723921,50,7.957244,7.686976
worker_2,2415,1788087086.731929,50,6.539251,6.404192
worker_2,2416,1788087086.738494,50,8.101134,7.838816
worker_2,2417,1788087086.746644,50,7.140571,7.016928
worker_2,2418,1788087086.753810,50,8.138802,7.880192
worker_2,2419,1788087086.761997,50,7.339248,7.215552
worker_2,2420,1788087086.769363,50,8.138126,7.871840
worker_2,2421,1788087086.777550,50,7.333795,7.212032
worker_2,2422,1788087086.784910,50,8.158709,7.893856
worker_2,2423,1788087086.793116,50,7.520509,7.381120
worker_2,2424,1788087086.800665,50,8.114542,7.849472
worker_2,2425,1788087086.808829,50,7.692009,7.568288
worker_2,2426,1788087086.816547,50,8.004495,7.740640
worker_2,2427,1788087086.824600,50,7.596139,7.465888
worker_2,2428,1788087086.832233,50,8.095690,7.831136
worker_2,2429,1788087086.840378,50,7.690714,7.566816
worker_2,2430,1788087086.848110,50,8.087394,7.824704
worker_2,2431,1788087086.856257,50,7.785984,7.660224
worker_2,2432,1788087086.864070,50,8.100430,7.830816
worker_2,2433,1788087086.872233,50,7.731771,7.602816
worker_2,2434,1788087086.879992,50,7.919772,7.863424
worker_2,2435,1788087086.887934,50,7.692121,7.309920
worker_2,2436,1788087086.895677,50,7.947337,7.806880
worker_2,2437,1788087086.903651,50,7.477712,7.090624
worker_2,2438,1788087086.911261,50,7.963133,7.711040
worker_2,2439,1788087086.919252,50,7.822807,7.511264
worker_2,2440,1788087086.927124,50,7.977244,7.726432
worker_2,2441,1788087086.935128,50,7.536797,7.183904
worker_2,2442,1788087086.942713,50,8.087930,7.835488
worker_2,2443,1788087086.950827,50,7.699204,7.585088
worker_2,2444,1788087086.958545,50,8.075291,7.683584
worker_2,2445,1788087086.966669,50,7.978966,7.795392
worker_2,2446,1788087086.974696,50,7.630593,7.360928
worker_2,2447,1788087086.982367,50,7.578417,7.347776
worker_2,2448,1788087086.989969,50,7.757243,7.559072
worker_2,2449,1788087086.997760,50,7.647991,7.452352
worker_2,2450,1788087087.005426,50,7.922318,7.726752
worker_2,2451,1788087087.013366,50,7.681594,7.533984
worker_2,2452,1788087087.021067,50,7.769484,7.701920
worker_2,2453,1788087087.028853,50,7.778853,7.488192
worker_2,2454,1788087087.036685,50,7.516963,7.367712
worker_2,2455,1788087087.044238,50,7.796011,7.446528
worker_2,2456,1788087087.052085,50,7.892133,7.608672
worker_2,2457,1788087087.060005,50,8.051153,7.634464
worker_2,2458,1788087087.068105,50,7.889550,7.618240
worker_2,2459,1788087087.076021,50,7.878326,7.513632
worker_2,2460,1788087087.083948,50,7.867077,7.595456
worker_2,2461,1788087087.091841,50,7.707528,7.345824
worker_2,2462,1788087087.099599,50,7.774057,7.645568
worker_2,2463,1788087087.107399,50,7.653862,7.595008
worker_2,2464,1788087087.115073,50,7.802567,7.755296
worker_2,2465,1788087087.122894,50,7.922438,7.876992
worker_2,2466,1788087087.130834,50,7.947012,7.687488
worker_2,2467,1788087087.138832,50,8.071828,7.946752
worker_2,2468,1788087087.146930,50,7.956901,7.695680
worker_2,2469,1788087087.154947,50,8.073254,7.950400
worker_2,2470,1788087087.163049,50,7.952447,7.686816
worker_2,2471,1788087087.171050,50,8.091356,7.970112
worker_2,2472,1788087087.179168,50,7.967271,7.704992
worker_2,2473,1788087087.187183,50,8.123328,7.999168
worker_2,2474,1788087087.195332,50,7.630731,7.366304
worker_2,2475,1788087087.203012,50,7.947883,7.823264
worker_2,2476,1788087087.210987,50,7.565740,7.297216
worker_2,2477,1788087087.218601,50,7.661371,7.529504
worker_2,2478,1788087087.226290,50,7.393767,7.338912
worker_2,2479,1788087087.233703,50,7.976671,7.709920
worker_2,2480,1788087087.241733,50,7.657186,7.530240
worker_2,2481,1788087087.249415,50,8.001133,7.729696
worker_2,2482,1788087087.257465,50,7.835938,7.708992
worker_2,2483,1788087087.265329,50,7.800965,7.744768
worker_2,2484,1788087087.273150,50,7.696695,7.648736
worker_2,2485,1788087087.280864,50,7.659806,7.614432
worker_2,2486,1788087087.288542,50,7.870789,7.825376
worker_2,2487,1788087087.296428,50,7.593490,7.545792
worker_2,2488,1788087087.304043,50,7.730186,7.685248
worker_2,2489,1788087087.311790,50,7.497305,7.452032
worker_2,2490,1788087087.319304,50,7.693806,7.648928
worker_2,2491,1788087087.327014,50,7.686120,7.640288
worker_2,2492,1788087087.334718,50,7.917234,7.870880
worker_2,2493,1788087087.342654,50,7.724862,7.678112
worker_2,2494,1788087087.350395,50,7.951161,7.904544
worker_2,2495,1788087087.358363,50,7.919131,7.654880
worker_2,2496,1788087087.366333,50,8.329969,7.988832
worker_2,2497,1788087087.374712,50,7.851114,7.525632
worker_2,2498,1788087087.382612,50,8.089217,7.763808
worker_2,2499,1788087087.390749,50,7.061486,6.732384
worker_2,2500,1788087087.397856,50,7.916059,7.584864
worker_2,2501,1788087087.405820,50,7.903030,7.568640
worker_2,2502,1788087087.413775,50,8.134570,7.804032
worker_2,2503,1788087087.421960,50,7.666084,7.539552
worker_2,2504,1788087087.429655,50,7.916679,7.648992
worker_2,2505,1788087087.437623,50,7.750594,7.622752
worker_2,2506,1788087087.445401,50,7.964595,7.695552
worker_2,2507,1788087087.453416,50,7.724574,7.599040
worker_2,2508,1788087087.461184,50,7.942467,7.679136
worker_2,2509,1788087087.469177,50,7.719946,7.596576
worker_2,2510,1788087087.476926,50,8.095366,7.826176
worker_2,2511,1788087087.485069,50,7.818604,7.695776
worker_2,2512,1788087087.492913,50,8.100162,7.828864
worker_2,2513,1788087087.501062,50,7.830632,7.709696
worker_2,2514,1788087087.508919,50,7.880225,7.615104
worker_2,2515,1788087087.516848,50,7.719455,7.596480
worker_2,2516,1788087087.524595,50,7.997384,7.730016
worker_2,2517,1788087087.532641,50,7.869595,7.602528
worker_2,2518,1788087087.540536,50,8.028218,7.603424
worker_2,2519,1788087087.548613,50,7.788446,7.660640
worker_2,2520,1788087087.556429,50,8.084515,7.635232
worker_2,2521,1788087087.564562,50,7.416924,7.196256
