label,batch,start_unix_s,operations,wall_ms,cuda_batch_ms
worker_1,0,1788087067.570642,50,8.093652,7.924672
worker_1,1,1788087067.578779,50,7.767613,7.701760
worker_1,2,1788087067.586575,50,7.890678,7.826432
worker_1,3,1788087067.594490,50,8.014411,7.959104
worker_1,4,1788087067.602524,50,7.764270,7.715104
worker_1,5,1788087067.610308,50,7.844141,7.796192
worker_1,6,1788087067.618169,50,7.694954,7.647296
worker_1,7,1788087067.625880,50,7.764650,7.718944
worker_1,8,1788087067.633661,50,7.680028,7.633728
worker_1,9,1788087067.641358,50,7.764760,7.719424
worker_1,10,1788087067.649147,50,7.551194,7.505024
worker_1,11,1788087067.656715,50,7.734186,7.687456
worker_1,12,1788087067.664465,50,7.631509,7.584320
worker_1,13,1788087067.672112,50,7.808669,7.760480
worker_1,14,1788087067.679936,50,7.704103,7.657152
worker_1,15,1788087067.687656,50,7.817464,7.764640
worker_1,16,1788087067.695493,50,7.400489,7.344832
worker_1,17,1788087067.702912,50,7.544749,7.487520
worker_1,18,1788087067.710475,50,7.742779,7.557856
worker_1,19,1788087067.718238,50,7.674186,7.612896
worker_1,20,1788087067.725931,50,7.858317,7.723840
worker_1,21,1788087067.733806,50,7.843132,7.648704
worker_1,22,1788087067.741664,50,7.709317,7.504224
worker_1,23,1788087067.749388,50,7.376091,7.148864
worker_1,24,1788087067.756781,50,7.445758,7.235616
worker_1,25,1788087067.764247,50,7.718427,7.506592
worker_1,26,1788087067.771982,50,7.745964,7.527680
worker_1,27,1788087067.779745,50,7.842900,7.705824
worker_1,28,1788087067.787605,50,7.735806,7.521632
worker_1,29,1788087067.795369,50,8.127569,7.760064
worker_1,30,1788087067.803544,50,8.033319,7.632832
worker_1,31,1788087067.811624,50,8.108828,7.787616
worker_1,32,1788087067.819780,50,7.476378,7.153248
worker_1,33,1788087067.827303,50,7.862438,7.742688
worker_1,34,1788087067.835191,50,7.701686,7.647936
worker_1,35,1788087067.842910,50,7.554360,7.507328
worker_1,36,1788087067.850481,50,7.873687,7.826400
worker_1,37,1788087067.858370,50,7.617195,7.569824
worker_1,38,1788087067.866003,50,7.939261,7.684992
worker_1,39,1788087067.873990,50,7.720612,7.597376
worker_1,40,1788087067.881737,50,7.705547,7.646368
worker_1,41,1788087067.889463,50,7.512074,7.464288
worker_1,42,1788087067.896991,50,7.920169,7.654048
worker_1,43,1788087067.904960,50,8.170634,7.847840
worker_1,44,1788087067.913177,50,8.112717,7.789152
worker_1,45,1788087067.921337,50,8.249015,7.928256
worker_1,46,1788087067.929633,50,7.901826,7.782720
worker_1,47,1788087067.937561,50,7.865234,7.808576
worker_1,48,1788087067.945445,50,7.669444,7.620960
worker_1,49,1788087067.953147,50,7.921328,7.874240
worker_1,50,1788087067.961086,50,7.752604,7.706496
worker_1,51,1788087067.968855,50,7.898077,7.850112
worker_1,52,1788087067.976770,50,7.744909,7.696544
worker_1,53,1788087067.984531,50,7.855586,7.802016
worker_1,54,1788087067.992402,50,7.984161,7.727136
worker_1,55,1788087068.000435,50,8.140070,7.808128
worker_1,56,1788087068.008624,50,7.890688,7.561472
worker_1,57,1788087068.016563,50,8.148597,7.817408
worker_1,58,1788087068.024757,50,7.948984,7.598496
worker_1,59,1788087068.032753,50,7.912650,7.785600
worker_1,60,1788087068.040692,50,7.694344,7.636416
worker_1,61,1788087068.048405,50,7.778790,7.727808
worker_1,62,1788087068.056201,50,7.508768,7.451424
worker_1,63,1788087068.063727,50,7.732613,7.687680
worker_1,64,1788087068.071477,50,7.626407,7.580896
worker_1,65,1788087068.079121,50,7.858446,7.809024
worker_1,66,1788087068.086996,50,7.764038,7.717344
worker_1,67,1788087068.094777,50,8.164209,7.911328
worker_1,68,1788087068.103002,50,8.139626,7.810784
worker_1,69,1788087068.111187,50,8.336154,8.007360
worker_1,70,1788087068.119569,50,8.008652,7.683808
worker_1,71,1788087068.127625,50,7.890420,7.763776
worker_1,72,1788087068.135543,50,7.538018,7.483584
worker_1,73,1788087068.143099,50,7.781419,7.734208
worker_1,74,1788087068.150897,50,7.508971,7.461504
worker_1,75,1788087068.158422,50,7.721788,7.675584
worker_1,76,1788087068.166162,50,7.611287,7.566560
worker_1,77,1788087068.173791,50,7.639612,7.591392
worker_1,78,1788087068.181446,50,7.638370,7.592320
worker_1,79,1788087068.189101,50,7.630157,7.581568
worker_1,80,1788087068.196747,50,7.901882,7.645408
worker_1,81,1788087068.204698,50,7.857363,7.728032
worker_1,82,1788087068.212583,50,7.740317,7.682208
worker_1,83,1788087068.220341,50,7.691518,7.641728
worker_1,84,1788087068.228052,50,7.732621,7.683808
worker_1,85,1788087068.235801,50,7.728436,7.663680
worker_1,86,1788087068.243546,50,7.727288,7.678496
worker_1,87,1788087068.251290,50,7.558425,7.512896
worker_1,88,1788087068.258872,50,7.630963,7.583424
worker_1,89,1788087068.266519,50,7.625806,7.581440
worker_1,90,1788087068.274160,50,7.872891,7.825728
worker_1,91,1788087068.282049,50,7.679796,7.634176
worker_1,92,1788087068.289748,50,7.886022,7.840192
worker_1,93,1788087068.297652,50,7.870076,7.613696
worker_1,94,1788087068.305570,50,8.288988,7.965184
worker_1,95,1788087068.313905,50,8.105985,7.779712
worker_1,96,1788087068.322059,50,8.282154,7.955616
worker_1,97,1788087068.330388,50,8.174357,8.053024
worker_1,98,1788087068.338588,50,7.837334,7.782176
worker_1,99,1788087068.346444,50,7.610564,7.563584
worker_1,100,1788087068.354071,50,7.868197,7.822048
worker_1,101,1788087068.361956,50,7.621297,7.572832
worker_1,102,1788087068.369593,50,7.722353,7.675264
worker_1,103,1788087068.377330,50,7.595657,7.549600
worker_1,104,1788087068.384942,50,7.757363,7.699488
worker_1,105,1788087068.392715,50,7.665389,7.399680
worker_1,106,1788087068.400430,50,8.064198,7.729056
worker_1,107,1788087068.408552,50,7.893984,7.560864
worker_1,108,1788087068.416495,50,8.075365,7.743552
worker_1,109,1788087068.424619,50,7.799020,7.673088
worker_1,110,1788087068.432447,50,7.665870,7.611328
worker_1,111,1788087068.440132,50,7.590287,7.541600
worker_1,112,1788087068.447739,50,7.596815,7.550624
worker_1,113,1788087068.455351,50,7.554713,7.510080
worker_1,114,1788087068.462921,50,7.784243,7.739968
worker_1,115,1788087068.470721,50,7.664297,7.617472
worker_1,116,1788087068.478401,50,7.872799,7.826464
worker_1,117,1788087068.486288,50,7.549962,7.504928
worker_1,118,1788087068.493853,50,8.043374,7.785856
worker_1,119,1788087068.501945,50,8.096985,7.763424
worker_1,120,1788087068.510090,50,8.201875,7.871040
worker_1,121,1788087068.518339,50,8.164337,7.831488
worker_1,122,1788087068.526550,50,8.243413,7.920192
worker_1,123,1788087068.534838,50,7.653473,7.530304
worker_1,124,1788087068.542517,50,7.859401,7.805056
worker_1,125,1788087068.550394,50,7.797557,7.750240
worker_1,126,1788087068.558209,50,7.841029,7.795872
worker_1,127,1788087068.566078,50,7.654805,7.605184
worker_1,128,1788087068.573751,50,7.902020,7.854016
worker_1,129,1788087068.581673,50,7.909307,7.861248
worker_1,130,1788087068.589598,50,7.947290,7.901984
worker_1,131,1788087068.597561,50,7.807668,7.754720
worker_1,132,1788087068.605387,50,7.906039,7.850720
worker_1,133,1788087068.613310,50,7.718983,7.671776
worker_1,134,1788087068.621046,50,7.870298,7.821888
worker_1,135,1788087068.628932,50,7.705047,7.655488
worker_1,136,1788087068.636652,50,8.081587,7.805568
worker_1,137,1788087068.644783,50,8.002883,7.662592
worker_1,138,1788087068.652835,50,8.049337,7.923584
worker_1,139,1788087068.660909,50,7.612954,7.554912
worker_1,140,1788087068.668541,50,7.901900,7.839136
worker_1,141,1788087068.676460,50,7.766770,7.706784
worker_1,142,1788087068.684243,50,7.844280,7.794528
worker_1,143,1788087068.692103,50,7.910039,7.653184
worker_1,144,1788087068.700057,50,8.244940,7.920320
worker_1,145,1788087068.708349,50,8.061254,7.732992
worker_1,146,1788087068.716469,50,8.093272,7.759168
worker_1,147,1788087068.724608,50,8.111699,7.776640
worker_1,148,1788087068.732768,50,7.891761,7.771136
worker_1,149,1788087068.740684,50,7.720834,7.668512
worker_1,150,1788087068.748423,50,7.773158,7.726720
worker_1,151,1788087068.756224,50,7.864307,7.819328
worker_1,152,1788087068.764106,50,6.992948,6.948224
worker_1,153,1788087068.771114,50,7.714853,7.668096
worker_1,154,1788087068.778845,50,7.727548,7.680896
worker_1,155,1788087068.786588,50,7.688501,7.642848
worker_1,156,1788087068.794390,50,7.958105,7.692416
worker_1,157,1788087068.802396,50,8.239709,7.912448
worker_1,158,1788087068.810684,50,7.830280,7.499744
worker_1,159,1788087068.818561,50,8.223635,7.905024
worker_1,160,1788087068.826826,50,7.971587,7.868640
worker_1,161,1788087068.834822,50,7.933651,7.880800
worker_1,162,1788087068.842774,50,7.671529,7.624832
worker_1,163,1788087068.850463,50,7.830465,7.785888
worker_1,164,1788087068.858310,50,7.783150,7.736352
worker_1,165,1788087068.866108,50,7.868799,7.824288
worker_1,166,1788087068.874007,50,7.768158,7.718304
worker_1,167,1788087068.881790,50,7.860724,7.815456
worker_1,168,1788087068.889667,50,7.725539,7.679584
worker_1,169,1788087068.897407,50,7.945364,7.683776
worker_1,170,1788087068.905401,50,7.885761,7.558912
worker_1,171,1788087068.913334,50,7.957207,7.619712
worker_1,172,1788087068.921340,50,7.973216,7.633728
worker_1,173,1788087068.929361,50,8.060764,7.723776
worker_1,174,1788087068.937469,50,7.916197,7.767904
worker_1,175,1788087068.945426,50,7.782558,7.699136
worker_1,176,1788087068.953233,50,7.669278,7.619232
worker_1,177,1788087068.960921,50,7.766400,7.587520
worker_1,178,1788087068.968706,50,7.841076,7.654944
worker_1,179,1788087068.976564,50,7.687445,7.502400
worker_1,180,1788087068.984270,50,7.734751,7.551488
worker_1,181,1788087068.992022,50,7.910318,7.714368
worker_1,182,1788087068.999949,50,7.917439,7.837216
worker_1,183,1788087069.007884,50,7.324886,7.130272
worker_1,184,1788087069.015224,50,7.619769,7.504768
worker_1,185,1788087069.022882,50,7.900031,7.629408
worker_1,186,1788087069.030828,50,7.966855,7.631520
worker_1,187,1788087069.038841,50,8.016374,7.683584
worker_1,188,1788087069.046906,50,7.925253,7.590240
worker_1,189,1788087069.054877,50,8.033004,7.703776
worker_1,190,1788087069.062958,50,8.022605,7.690880
worker_1,191,1788087069.071029,50,8.060440,7.727456
worker_1,192,1788087069.079137,50,8.050930,7.718976
worker_1,193,1788087069.087235,50,8.246182,7.916000
worker_1,194,1788087069.095531,50,7.813279,7.481216
worker_1,195,1788087069.103391,50,8.247727,7.908064
worker_1,196,1788087069.111687,50,8.074892,7.741216
worker_1,197,1788087069.119808,50,8.234968,7.893600
worker_1,198,1788087069.128089,50,7.920614,7.794048
worker_1,199,1788087069.136034,50,7.978938,7.720864
worker_1,200,1788087069.144059,50,8.005912,7.881408
worker_1,201,1788087069.152091,50,7.964031,7.700384
worker_1,202,1788087069.160103,50,7.952855,7.825568
worker_1,203,1788087069.168082,50,8.235570,7.965632
worker_1,204,1788087069.176365,50,7.720538,7.595456
worker_1,205,1788087069.184126,50,8.166014,7.886976
worker_1,206,1788087069.192339,50,7.937679,7.816832
worker_1,207,1788087069.200301,50,8.087143,7.819616
worker_1,208,1788087069.208436,50,7.816038,7.691584
worker_1,209,1788087069.216278,50,8.137598,7.869920
worker_1,210,1788087069.224466,50,7.856243,7.718976
worker_1,211,1788087069.232347,50,8.074884,7.805184
worker_1,212,1788087069.240472,50,8.040975,7.920384
worker_1,213,1788087069.248538,50,8.121311,7.834656
worker_1,214,1788087069.256708,50,8.039310,7.916128
worker_1,215,1788087069.264772,50,8.183605,7.920224
worker_1,216,1788087069.273003,50,8.118143,7.995136
worker_1,217,1788087069.281146,50,8.228588,7.968384
worker_1,218,1788087069.289423,50,8.057595,7.931808
worker_1,219,1788087069.297506,50,8.147819,7.880320
worker_1,220,1788087069.305702,50,8.083170,7.960352
worker_1,221,1788087069.313810,50,7.921854,7.869312
worker_1,222,1788087069.321751,50,7.909253,7.859712
worker_1,223,1788087069.329677,50,7.868964,7.822880
worker_1,224,1788087069.337585,50,7.925605,7.875744
worker_1,225,1788087069.345527,50,7.896104,7.850816
worker_1,226,1788087069.353440,50,7.976845,7.798144
worker_1,227,1788087069.361433,50,7.650277,7.604928
worker_1,228,1788087069.369099,50,7.785464,7.739904
worker_1,229,1788087069.376902,50,7.795964,7.748608
worker_1,230,1788087069.384714,50,7.736973,7.687936
worker_1,231,1788087069.392468,50,7.754816,7.692928
worker_1,232,1788087069.400243,50,7.691380,7.640768
worker_1,233,1788087069.407952,50,7.897697,7.630720
worker_1,234,1788087069.415902,50,7.701705,7.551744
worker_1,235,1788087069.423630,50,7.858484,7.762944
worker_1,236,1788087069.431520,50,7.804104,7.728384
worker_1,237,1788087069.439347,50,7.794316,7.743104
worker_1,238,1788087069.447161,50,7.976160,7.712576
worker_1,239,1788087069.455185,50,8.157524,7.827296
worker_1,240,1788087069.463390,50,8.205875,7.867712
worker_1,241,1788087069.471642,50,7.704335,7.358240
worker_1,242,1788087069.479395,50,7.582862,7.236832
worker_1,243,1788087069.487026,50,8.200745,7.861152
worker_1,244,1788087069.495288,50,7.969642,7.624640
worker_1,245,1788087069.503304,50,8.232699,7.892416
worker_1,246,1788087069.511585,50,7.970281,7.622880
worker_1,247,1788087069.519603,50,8.192597,7.834528
worker_1,248,1788087069.527845,50,7.590343,7.464608
worker_1,249,1788087069.535461,50,8.118838,7.833824
worker_1,250,1788087069.543625,50,7.624741,7.499136
worker_1,251,1788087069.551275,50,8.057967,7.790720
worker_1,252,1788087069.559379,50,6.972051,6.847520
worker_1,253,1788087069.566376,50,6.750779,6.692000
worker_1,254,1788087069.573148,50,7.694427,7.643488
worker_1,255,1788087069.580861,50,7.538214,7.491552
worker_1,256,1788087069.588415,50,7.921772,7.868928
worker_1,257,1788087069.596354,50,7.667296,7.620032
worker_1,258,1788087069.604038,50,7.831224,7.785152
worker_1,259,1788087069.611885,50,7.989744,7.729984
worker_1,260,1788087069.619924,50,8.143412,7.801344
worker_1,261,1788087069.628116,50,7.919216,7.582496
worker_1,262,1788087069.636083,50,8.087366,7.737568
worker_1,263,1788087069.644241,50,7.266377,6.934560
worker_1,264,1788087069.651556,50,8.246607,7.910176
worker_1,265,1788087069.659850,50,8.147597,7.818880
worker_1,266,1788087069.668042,50,8.295357,7.962592
worker_1,267,1788087069.676384,50,8.092838,7.744960
worker_1,268,1788087069.684522,50,8.312210,7.980320
worker_1,269,1788087069.692882,50,8.010940,7.679584
worker_1,270,1788087069.700940,50,8.241320,7.910176
worker_1,271,1788087069.709231,50,8.241570,7.901280
worker_1,272,1788087069.717520,50,8.405267,8.060640
worker_1,273,1788087069.725971,50,8.100717,7.970752
worker_1,274,1788087069.734095,50,7.904873,7.854048
worker_1,275,1788087069.742017,50,7.872993,7.825568
worker_1,276,1788087069.749907,50,7.993606,7.950272
worker_1,277,1788087069.757915,50,7.874743,7.828352
worker_1,278,1788087069.765806,50,7.922957,7.863040
worker_1,279,1788087069.773745,50,7.903345,7.857088
worker_1,280,1788087069.781664,50,7.921994,7.878016
worker_1,281,1788087069.789601,50,8.094356,7.829024
worker_1,282,1788087069.797743,50,8.219024,8.028512
worker_1,283,1788087069.806019,50,8.072736,7.952512
worker_1,284,1788087069.814120,50,7.715779,7.633600
worker_1,285,1788087069.821866,50,7.804066,7.725696
worker_1,286,1788087069.829693,50,7.791955,7.735936
worker_1,287,1788087069.837502,50,7.929272,7.883648
worker_1,288,1788087069.845448,50,7.705011,7.654880
worker_1,289,1788087069.853169,50,7.872058,7.827840
worker_1,290,1788087069.861057,50,7.687622,7.644256
worker_1,291,1788087069.868761,50,7.863900,7.819680
worker_1,292,1788087069.876642,50,7.688640,7.643808
worker_1,293,1788087069.884347,50,7.879863,7.837120
worker_1,294,1788087069.892242,50,7.794993,7.737632
worker_1,295,1788087069.900054,50,7.862817,7.815552
worker_1,296,1788087069.907934,50,7.690806,7.644576
worker_1,297,1788087069.915641,50,7.930197,7.821600
worker_1,298,1788087069.923620,50,7.743056,7.620864
worker_1,299,1788087069.931388,50,7.700759,7.643392
worker_1,300,1788087069.939108,50,7.577175,7.529440
worker_1,301,1788087069.946702,50,7.851326,7.805088
worker_1,302,1788087069.954582,50,7.901540,7.854336
worker_1,303,1788087069.962500,50,7.945632,7.683360
worker_1,304,1788087069.970495,50,7.854150,7.728992
worker_1,305,1788087069.978374,50,8.060698,7.795200
worker_1,306,1788087069.986482,50,8.080522,7.957728
worker_1,307,1788087069.994589,50,8.170615,7.900160
worker_1,308,1788087070.002805,50,8.062558,7.937440
worker_1,309,1788087070.010895,50,8.105735,7.838944
worker_1,310,1788087070.019130,50,7.975772,7.846080
worker_1,311,1788087070.027133,50,7.967049,7.687264
worker_1,312,1788087070.035146,50,7.755511,7.626624
worker_1,313,1788087070.042927,50,8.122801,7.854080
worker_1,314,1788087070.051096,50,7.963548,7.839648
worker_1,315,1788087070.059084,50,7.962659,7.696768
worker_1,316,1788087070.067093,50,7.924566,7.801056
worker_1,317,1788087070.075042,50,7.823112,7.770560
worker_1,318,1788087070.082884,50,7.764474,7.716416
worker_1,319,1788087070.090665,50,7.877567,7.833024
worker_1,320,1788087070.098558,50,7.871900,7.827072
worker_1,321,1788087070.106447,50,7.949021,7.905248
worker_1,322,1788087070.114423,50,7.814094,7.768896
worker_1,323,1788087070.122253,50,7.843900,7.800960
worker_1,324,1788087070.130112,50,7.543009,7.497824
worker_1,325,1788087070.137671,50,7.769418,7.726496
worker_1,326,1788087070.145456,50,7.683326,7.629440
worker_1,327,1788087070.153155,50,7.802418,7.754400
worker_1,328,1788087070.160973,50,7.699168,7.654880
worker_1,329,1788087070.168687,50,7.909289,7.648896
worker_1,330,1788087070.176645,50,8.067866,7.736704
worker_1,331,1788087070.184758,50,7.969911,7.639456
worker_1,332,1788087070.192774,50,7.926698,7.596064
worker_1,333,1788087070.200746,50,8.257960,7.928512
worker_1,334,1788087070.209052,50,8.300349,7.952160
worker_1,335,1788087070.217400,50,8.139783,7.793024
worker_1,336,1788087070.225586,50,8.178255,7.839328
worker_1,337,1788087070.233812,50,8.181690,7.846464
worker_1,338,1788087070.242041,50,8.282210,7.954400
worker_1,339,1788087070.250371,50,8.285914,7.957312
worker_1,340,1788087070.258704,50,8.255609,7.926560
worker_1,341,1788087070.267019,50,8.288246,7.958912
worker_1,342,1788087070.275354,50,8.369941,8.031200
worker_1,343,1788087070.283769,50,8.121171,7.999904
worker_1,344,1788087070.291915,50,8.101949,7.840256
worker_1,345,1788087070.300064,50,8.007216,7.879296
worker_1,346,1788087070.308097,50,8.029642,7.760672
worker_1,347,1788087070.316174,50,7.942577,7.809152
worker_1,348,1788087070.324141,50,7.292174,7.016704
worker_1,349,1788087070.331481,50,7.865762,7.737632
worker_1,350,1788087070.339375,50,7.754353,7.698016
worker_1,351,1788087070.347149,50,7.797807,7.751488
worker_1,352,1788087070.354963,50,7.688010,7.640384
worker_1,353,1788087070.362669,50,7.861789,7.817120
worker_1,354,1788087070.370549,50,7.869799,7.823904
worker_1,355,1788087070.378435,50,7.986014,7.941920
worker_1,356,1788087070.386436,50,7.876419,7.831776
worker_1,357,1788087070.394328,50,7.870863,7.826528
worker_1,358,1788087070.402214,50,7.909133,7.839552
worker_1,359,1788087070.410140,50,7.866169,7.818976
worker_1,360,1788087070.418023,50,7.684445,7.638656
worker_1,361,1788087070.425727,50,7.714603,7.448480
worker_1,362,1788087070.433491,50,8.027716,7.693024
worker_1,363,1788087070.441566,50,7.891947,7.547648
worker_1,364,1788087070.449505,50,8.174598,7.833696
worker_1,365,1788087070.457727,50,8.264626,7.930912
worker_1,366,1788087070.466038,50,8.282756,7.944544
worker_1,367,1788087070.474367,50,8.338007,7.997856
worker_1,368,1788087070.482750,50,8.079921,7.952000
worker_1,369,1788087070.490856,50,7.953911,7.902016
worker_1,370,1788087070.498829,50,7.910753,7.864928
worker_1,371,1788087070.506756,50,7.697213,7.650336
worker_1,372,1788087070.514469,50,7.687482,7.640064
worker_1,373,1788087070.522172,50,7.570787,7.524448
worker_1,374,1788087070.529761,50,7.607093,7.544448
worker_1,375,1788087070.537384,50,7.468361,7.404800
worker_1,376,1788087070.544868,50,7.457563,7.252352
worker_1,377,1788087070.552343,50,7.693195,7.495776
worker_1,378,1788087070.560052,50,7.927290,7.667296
worker_1,379,1788087070.568029,50,8.100365,7.770432
worker_1,380,1788087070.576187,50,8.217209,7.873088
worker_1,381,1788087070.584450,50,8.154755,7.819680
worker_1,382,1788087070.592653,50,8.232376,7.900544
worker_1,383,1788087070.600933,50,7.949180,7.609856
worker_1,384,1788087070.608929,50,8.318876,7.993600
worker_1,385,1788087070.617297,50,8.260969,7.929152
worker_1,386,1788087070.625607,50,7.456499,7.115616
worker_1,387,1788087070.633111,50,8.002577,7.655648
worker_1,388,1788087070.641160,50,7.099356,6.709632
worker_1,389,1788087070.648306,50,7.862984,7.739520
worker_1,390,1788087070.656196,50,7.674824,7.370144
worker_1,391,1788087070.663918,50,7.870993,7.741728
worker_1,392,1788087070.671817,50,7.940975,7.525088
worker_1,393,1788087070.679806,50,8.012717,7.868512
worker_1,394,1788087070.687845,50,7.856261,7.445728
worker_1,395,1788087070.695747,50,8.156635,7.889344
worker_1,396,1788087070.703929,50,7.703195,7.316704
worker_1,397,1788087070.711679,50,8.094892,7.968352
worker_1,398,1788087070.719797,50,7.818261,7.555616
worker_1,399,1788087070.727662,50,8.027837,7.905248
worker_1,400,1788087070.735729,50,7.809177,7.543360
worker_1,401,1788087070.743587,50,8.115041,7.989376
worker_1,402,1788087070.751732,50,7.521445,7.463680
worker_1,403,1788087070.759274,50,7.858177,7.811488
worker_1,404,1788087070.767149,50,7.625426,7.579616
worker_1,405,1788087070.774791,50,7.909142,7.863456
worker_1,406,1788087070.782716,50,7.541804,7.486272
worker_1,407,1788087070.790274,50,7.876705,7.831552
worker_1,408,1788087070.798167,50,7.524416,7.478528
worker_1,409,1788087070.805707,50,7.868456,7.823168
worker_1,410,1788087070.813591,50,7.503953,7.459200
worker_1,411,1788087070.821110,50,7.910189,7.864000
worker_1,412,1788087070.829036,50,7.463507,7.417568
worker_1,413,1788087070.836516,50,7.867549,7.822016
worker_1,414,1788087070.844398,50,7.711639,7.451744
worker_1,415,1788087070.852159,50,8.321071,7.972544
worker_1,416,1788087070.860529,50,7.772001,7.427808
worker_1,417,1788087070.868349,50,8.044596,7.915104
worker_1,418,1788087070.876422,50,7.817483,7.756160
worker_1,419,1788087070.884271,50,7.717381,7.669696
worker_1,420,1788087070.892004,50,7.507686,7.462656
worker_1,421,1788087070.899528,50,7.888873,7.844000
worker_1,422,1788087070.907433,50,7.642232,7.583616
worker_1,423,1788087070.915091,50,7.820789,7.771072
worker_1,424,1788087070.922930,50,7.732816,7.685120
worker_1,425,1788087070.930678,50,7.866206,7.819584
worker_1,426,1788087070.938560,50,7.795436,7.536160
worker_1,427,1788087070.946405,50,8.283654,7.951552
worker_1,428,1788087070.954734,50,8.126783,7.800704
worker_1,429,1788087070.962907,50,8.320626,7.991904
worker_1,430,1788087070.971275,50,8.277088,7.948704
worker_1,431,1788087070.979599,50,8.245599,7.917632
worker_1,432,1788087070.987890,50,8.266424,7.938816
worker_1,433,1788087070.996203,50,8.336108,7.988128
worker_1,434,1788087071.004588,50,8.291635,7.956640
worker_1,435,1788087071.012925,50,8.321792,7.990656
worker_1,436,1788087071.021294,50,8.293127,7.963008
worker_1,437,1788087071.029632,50,8.255840,7.924288
worker_1,438,1788087071.037935,50,8.255644,7.928032
worker_1,439,1788087071.046252,50,7.893077,7.768608
worker_1,440,1788087071.054172,50,7.960355,7.697600
worker_1,441,1788087071.062179,50,7.859318,7.738720
worker_1,442,1788087071.070063,50,7.874549,7.613184
worker_1,443,1788087071.077986,50,7.819140,7.692992
worker_1,444,1788087071.085831,50,7.867123,7.605696
worker_1,445,1788087071.093745,50,7.938948,7.814624
worker_1,446,1788087071.101710,50,7.845854,7.580000
worker_1,447,1788087071.109604,50,7.872910,7.749888
worker_1,448,1788087071.117502,50,7.669797,7.402464
worker_1,449,1788087071.125217,50,7.881522,7.756960
worker_1,450,1788087071.133122,50,8.019652,7.752832
worker_1,451,1788087071.141189,50,7.873530,7.752288
worker_1,452,1788087071.149086,50,8.018809,7.756992
worker_1,453,1788087071.157153,50,7.915021,7.785568
worker_1,454,1788087071.165093,50,7.977800,7.713920
worker_1,455,1788087071.173119,50,8.233598,7.965536
worker_1,456,1788087071.181378,50,7.662899,7.335168
worker_1,457,1788087071.189090,50,7.953521,7.677760
worker_1,458,1788087071.197081,50,7.053338,6.785216
worker_1,459,1788087071.204181,50,8.036337,7.885504
worker_1,460,1788087071.212243,50,7.370629,7.107264
worker_1,461,1788087071.219661,50,8.048541,7.925344
worker_1,462,1788087071.227735,50,7.829743,7.775136
worker_1,463,1788087071.235584,50,7.865475,7.820256
worker_1,464,1788087071.243553,50,7.419582,7.366688
worker_1,465,1788087071.250992,50,7.824187,7.777504
worker_1,466,1788087071.258834,50,7.525119,7.480064
worker_1,467,1788087071.266375,50,7.877715,7.832704
worker_1,468,1788087071.274270,50,7.648574,7.601312
worker_1,469,1788087071.281934,50,7.882233,7.819616
worker_1,470,1788087071.289834,50,7.720779,7.673568
worker_1,471,1788087071.297573,50,7.876882,7.828064
worker_1,472,1788087071.305467,50,7.728389,7.680320
worker_1,473,1788087071.313211,50,7.778659,7.733088
worker_1,474,1788087071.321006,50,7.761511,7.501696
worker_1,475,1788087071.328818,50,8.148235,7.817184
worker_1,476,1788087071.337016,50,7.900391,7.563936
worker_1,477,1788087071.344964,50,8.068550,7.741888
worker_1,478,1788087071.353091,50,7.940298,7.609280
worker_1,479,1788087071.361077,50,8.161505,7.829920
worker_1,480,1788087071.369287,50,7.968706,7.636800
worker_1,481,1788087071.377303,50,8.251506,7.920192
worker_1,482,1788087071.385599,50,7.918326,7.588384
worker_1,483,1788087071.393565,50,8.056541,7.935328
worker_1,484,1788087071.401646,50,7.417082,7.365216
worker_1,485,1788087071.409081,50,7.867521,7.812640
worker_1,486,1788087071.416975,50,7.747344,7.674336
worker_1,487,1788087071.424742,50,7.893752,7.837952
worker_1,488,1788087071.432656,50,7.680251,7.630336
worker_1,489,1788087071.440353,50,7.906752,7.855200
worker_1,490,1788087071.448277,50,7.791549,7.743936
worker_1,491,1788087071.456084,50,8.091300,7.832512
worker_1,492,1788087071.464239,50,7.864151,7.737280
worker_1,493,1788087071.472130,50,7.885799,7.831744
worker_1,494,1788087071.480034,50,7.807705,7.762432
worker_1,495,1788087071.487859,50,7.883975,7.835488
worker_1,496,1788087071.495762,50,7.626546,7.580480
worker_1,497,1788087071.503421,50,7.691889,7.641952
worker_1,498,1788087071.511129,50,7.719715,7.673408
worker_1,499,1788087071.518866,50,7.696028,7.649696
worker_1,500,1788087071.526579,50,7.868965,7.821728
worker_1,501,1788087071.534465,50,7.832585,7.614752
worker_1,502,1788087071.542315,50,7.782744,7.573600
worker_1,503,1788087071.550114,50,8.015466,7.573696
worker_1,504,1788087071.558179,50,8.289302,7.774656
worker_1,505,1788087071.566516,50,8.093060,7.690880
worker_1,506,1788087071.574656,50,8.170311,7.789984
worker_1,507,1788087071.582871,50,7.685751,7.212352
worker_1,508,1788087071.590603,50,8.313747,7.985920
worker_1,509,1788087071.598963,50,7.791112,7.459136
worker_1,510,1788087071.606799,50,8.117015,7.791360
worker_1,511,1788087071.614961,50,7.943688,7.612736
worker_1,512,1788087071.622952,50,7.948328,7.826176
worker_1,513,1788087071.630925,50,7.712576,7.661024
worker_1,514,1788087071.638657,50,7.919910,7.873920
worker_1,515,1788087071.646593,50,7.607658,7.562848
worker_1,516,1788087071.654219,50,7.953957,7.907648
worker_1,517,1788087071.662197,50,7.729233,7.679808
worker_1,518,1788087071.669943,50,7.909095,7.863424
worker_1,519,1788087071.677868,50,7.673993,7.482784
worker_1,520,1788087071.685559,50,7.888391,7.692192
worker_1,521,1788087071.693465,50,7.746353,7.548672
worker_1,522,1788087071.701228,50,7.616231,7.454464
worker_1,523,1788087071.708860,50,7.731826,7.322816
worker_1,524,1788087071.716641,50,8.156468,7.717728
worker_1,525,1788087071.724844,50,7.709612,7.374720
worker_1,526,1788087071.732601,50,8.289460,7.954656
worker_1,527,1788087071.740938,50,8.095533,7.763680
worker_1,528,1788087071.749081,50,8.285766,7.956224
worker_1,529,1788087071.757413,50,8.033476,7.700224
worker_1,530,1788087071.765492,50,8.258042,7.927360
worker_1,531,1788087071.773796,50,8.046735,7.715488
worker_1,532,1788087071.781889,50,8.360766,8.032960
worker_1,533,1788087071.790296,50,8.048921,7.708256
worker_1,534,1788087071.798392,50,7.954392,7.832960
worker_1,535,1788087071.806370,50,7.526241,7.474592
worker_1,536,1788087071.813926,50,7.800751,7.753664
worker_1,537,1788087071.821745,50,7.449897,7.404416
worker_1,538,1788087071.829210,50,7.865752,7.819744
worker_1,539,1788087071.837092,50,7.719696,7.674848
worker_1,540,1788087071.844830,50,7.876549,7.822656
worker_1,541,1788087071.852722,50,7.779391,7.731744
worker_1,542,1788087071.860517,50,7.884039,7.839680
worker_1,543,1788087071.868416,50,7.911198,7.654336
worker_1,544,1788087071.876374,50,8.256738,7.930272
worker_1,545,1788087071.884678,50,8.043328,7.715360
worker_1,546,1788087071.892768,50,8.304275,7.974784
worker_1,547,1788087071.901119,50,7.836965,7.504896
worker_1,548,1788087071.909003,50,8.068930,7.739776
worker_1,549,1788087071.917119,50,7.999828,7.642560
worker_1,550,1788087071.925166,50,8.059985,7.731680
worker_1,551,1788087071.933273,50,8.003837,7.672640
worker_1,552,1788087071.941324,50,8.260664,7.930688
worker_1,553,1788087071.949632,50,7.946596,7.618240
worker_1,554,1788087071.957627,50,8.044754,7.923008
worker_1,555,1788087071.965698,50,7.926809,7.661952
worker_1,556,1788087071.973684,50,8.075486,7.942400
worker_1,557,1788087071.981785,50,8.124255,7.854560
worker_1,558,1788087071.989958,50,8.021577,7.898912
worker_1,559,1788087071.998004,50,7.976216,7.715584
worker_1,560,1788087072.006028,50,8.191746,7.865312
worker_1,561,1788087072.014265,50,8.121885,7.791296
worker_1,562,1788087072.022432,50,8.294015,7.964928
worker_1,563,1788087072.030773,50,8.114810,7.993376
worker_1,564,1788087072.038914,50,8.066337,8.012768
worker_1,565,1788087072.047000,50,7.978198,7.918880
worker_1,566,1788087072.054996,50,7.860131,7.813728
worker_1,567,1788087072.062872,50,7.694437,7.648032
worker_1,568,1788087072.070583,50,7.807056,7.759328
worker_1,569,1788087072.078405,50,7.740289,7.692384
worker_1,570,1788087072.086161,50,7.938243,7.891776
worker_1,571,1788087072.094115,50,7.966522,7.705280
worker_1,572,1788087072.102133,50,7.879086,7.539648
worker_1,573,1788087072.110060,50,7.852410,7.512320
worker_1,574,1788087072.117960,50,8.003123,7.667488
worker_1,575,1788087072.126025,50,7.937354,7.601376
worker_1,576,1788087072.134009,50,8.134384,7.797312
worker_1,577,1788087072.142191,50,8.014254,7.683328
worker_1,578,1788087072.150252,50,8.067939,7.734912
worker_1,579,1788087072.158366,50,8.190124,7.860672
worker_1,580,1788087072.166603,50,8.138531,7.809600
worker_1,581,1788087072.174787,50,8.287783,7.944512
worker_1,582,1788087072.183121,50,8.035411,7.915552
worker_1,583,1788087072.191183,50,8.143143,7.877856
worker_1,584,1788087072.199374,50,7.904003,7.781344
worker_1,585,1788087072.207302,50,7.845873,7.578880
worker_1,586,1788087072.215197,50,7.763964,7.638400
worker_1,587,1788087072.222987,50,8.001336,7.735552
worker_1,588,1788087072.231037,50,7.866623,7.736864
worker_1,589,1788087072.238930,50,8.134467,7.866368
worker_1,590,1788087072.247114,50,7.966318,7.841312
worker_1,591,1788087072.255107,50,8.120226,7.842368
worker_1,592,1788087072.263275,50,7.781946,7.656320
worker_1,593,1788087072.271081,50,8.158237,7.890080
worker_1,594,1788087072.279286,50,7.858160,7.730304
worker_1,595,1788087072.287184,50,8.093967,7.826592
worker_1,596,1788087072.295326,50,7.832834,7.710784
worker_1,597,1788087072.303182,50,7.696640,7.417600
worker_1,598,1788087072.310926,50,7.091162,6.967616
worker_1,599,1788087072.318043,50,7.704241,7.652032
worker_1,600,1788087072.325765,50,7.761077,7.499040
worker_1,601,1788087072.333576,50,7.894743,7.770400
worker_1,602,1788087072.341496,50,7.919892,7.652288
worker_1,603,1788087072.349466,50,8.026069,7.899520
worker_1,604,1788087072.357519,50,7.867354,7.602688
worker_1,605,1788087072.365433,50,8.163792,8.041184
worker_1,606,1788087072.373623,50,7.956421,7.691936
worker_1,607,1788087072.381628,50,8.084347,7.960128
worker_1,608,1788087072.389738,50,7.713529,7.660128
worker_1,609,1788087072.397470,50,7.935762,7.890016
worker_1,610,1788087072.405423,50,7.366758,7.322208
worker_1,611,1788087072.412805,50,7.729094,7.683584
worker_1,612,1788087072.420553,50,7.620186,7.575840
worker_1,613,1788087072.428189,50,7.912771,7.836288
worker_1,614,1788087072.436126,50,7.674741,7.628384
worker_1,615,1788087072.443817,50,7.903680,7.858432
worker_1,616,1788087072.451739,50,7.694473,7.646912
worker_1,617,1788087072.459450,50,7.862623,7.815776
worker_1,618,1788087072.467405,50,7.715880,7.661600
worker_1,619,1788087072.475139,50,8.016346,7.759392
worker_1,620,1788087072.483205,50,8.068578,7.741408
worker_1,621,1788087072.491320,50,8.233951,7.904704
worker_1,622,1788087072.499602,50,7.899975,7.569696
worker_1,623,1788087072.507550,50,8.116847,7.785120
worker_1,624,1788087072.515713,50,8.022615,7.685152
worker_1,625,1788087072.523784,50,7.977014,7.648768
worker_1,626,1788087072.531809,50,8.177922,7.852256
worker_1,627,1788087072.540033,50,8.073763,7.732000
worker_1,628,1788087072.548154,50,8.124163,7.980480
worker_1,629,1788087072.556307,50,7.978753,7.904832
worker_1,630,1788087072.564307,50,7.895660,7.843264
worker_1,631,1788087072.572230,50,7.976031,7.924800
worker_1,632,1788087072.580231,50,7.873215,7.807904
worker_1,633,1788087072.588126,50,7.781334,7.708384
worker_1,634,1788087072.595940,50,7.854910,7.798400
worker_1,635,1788087072.603816,50,7.893012,7.844128
worker_1,636,1788087072.611726,50,7.863632,7.817664
worker_1,637,1788087072.619606,50,7.826409,7.781376
worker_1,638,1788087072.627449,50,7.861909,7.817184
worker_1,639,1788087072.635327,50,7.852650,7.807872
worker_1,640,1788087072.643196,50,7.962818,7.905056
worker_1,641,1788087072.651185,50,7.967410,7.900448
worker_1,642,1788087072.659174,50,7.905734,7.858432
worker_1,643,1788087072.667098,50,7.925873,7.880704
worker_1,644,1788087072.675040,50,7.968069,7.777184
worker_1,645,1788087072.683025,50,7.880955,7.685568
worker_1,646,1788087072.690922,50,7.937744,7.743712
worker_1,647,1788087072.698877,50,7.911863,7.701632
worker_1,648,1788087072.706805,50,7.921242,7.714816
worker_1,649,1788087072.714742,50,7.762011,7.655200
worker_1,650,1788087072.722523,50,7.988540,7.778048
worker_1,651,1788087072.730527,50,8.240366,7.800224
worker_1,652,1788087072.738820,50,8.053836,7.928608
worker_1,653,1788087072.746903,50,8.143524,7.862400
worker_1,654,1788087072.755093,50,7.997216,7.873408
worker_1,655,1788087072.763115,50,7.896086,7.842304
worker_1,656,1788087072.771030,50,7.899503,7.853344
worker_1,657,1788087072.778946,50,7.875974,7.828672
worker_1,658,1788087072.786842,50,7.865215,7.819840
worker_1,659,1788087072.794723,50,7.707537,7.663072
worker_1,660,1788087072.802447,50,7.954614,7.907232
worker_1,661,1788087072.810418,50,7.764205,7.702048
worker_1,662,1788087072.818198,50,7.767714,7.723040
worker_1,663,1788087072.825983,50,7.694019,7.651232
worker_1,664,1788087072.833693,50,7.877058,7.830336
worker_1,665,1788087072.841585,50,7.981123,7.934304
worker_1,666,1788087072.849582,50,7.877845,7.830688
worker_1,667,1788087072.857476,50,8.033355,7.774464
worker_1,668,1788087072.865558,50,8.037910,7.910208
worker_1,669,1788087072.873621,50,7.943752,7.888288
worker_1,670,1788087072.881584,50,7.905383,7.856800
worker_1,671,1788087072.889508,50,8.167358,7.909312
worker_1,672,1788087072.897722,50,8.255507,7.927392
worker_1,673,1788087072.906040,50,7.850391,7.518080
worker_1,674,1788087072.913936,50,8.138894,7.802528
worker_1,675,1788087072.922122,50,8.172394,7.839392
worker_1,676,1788087072.930340,50,8.210755,7.881472
worker_1,677,1788087072.938597,50,8.400442,8.024864
worker_1,678,1788087072.947043,50,8.306673,7.974464
worker_1,679,1788087072.955397,50,8.303497,7.972256
worker_1,680,1788087072.963746,50,8.275358,7.944192
worker_1,681,1788087072.972069,50,8.167209,8.042688
worker_1,682,1788087072.980263,50,8.093736,7.826464
worker_1,683,1788087072.988405,50,8.378071,8.043840
worker_1,684,1788087072.996834,50,8.305412,7.977696
worker_1,685,1788087073.005186,50,7.838549,7.717216
worker_1,686,1788087073.013049,50,7.893798,7.629184
worker_1,687,1788087073.020992,50,7.887327,7.765056
worker_1,688,1788087073.028904,50,8.111051,7.845344
worker_1,689,1788087073.037064,50,8.082450,7.957024
worker_1,690,1788087073.045172,50,8.111809,7.843744
worker_1,691,1788087073.053333,50,8.075809,7.952384
worker_1,692,1788087073.061435,50,8.118634,7.837024
worker_1,693,1788087073.069600,50,8.111810,7.983968
worker_1,694,1788087073.077755,50,8.139773,7.868096
worker_1,695,1788087073.085943,50,8.202014,8.072992
worker_1,696,1788087073.094170,50,8.272922,7.991648
worker_1,697,1788087073.102491,50,8.097467,7.973056
worker_1,698,1788087073.110613,50,8.111606,7.844512
worker_1,699,1788087073.118773,50,8.172328,8.049312
worker_1,700,1788087073.126970,50,7.903363,7.631616
worker_1,701,1788087073.134922,50,8.011902,7.882848
worker_1,702,1788087073.142960,50,8.095523,7.821568
worker_1,703,1788087073.151103,50,8.062012,7.934208
worker_1,704,1788087073.159191,50,7.903678,7.850144
worker_1,705,1788087073.167114,50,7.948494,7.902176
worker_1,706,1788087073.175081,50,7.894178,7.682368
worker_1,707,1788087073.182991,50,7.848362,7.681024
worker_1,708,1788087073.190855,50,7.811751,7.682336
worker_1,709,1788087073.198684,50,7.921623,7.756544
worker_1,710,1788087073.206623,50,7.751140,7.557216
worker_1,711,1788087073.214391,50,7.821511,7.623744
worker_1,712,1788087073.222229,50,7.757354,7.544096
worker_1,713,1788087073.230001,50,7.667065,7.473792
worker_1,714,1788087073.237705,50,7.876309,7.698976
worker_1,715,1788087073.245596,50,8.088616,7.827552
worker_1,716,1788087073.253734,50,8.246099,7.916832
worker_1,717,1788087073.262027,50,8.229190,7.900704
worker_1,718,1788087073.270303,50,8.236423,7.909216
worker_1,719,1788087073.278586,50,8.224015,7.897440
worker_1,720,1788087073.286857,50,8.265968,7.938656
worker_1,721,1788087073.295168,50,8.293450,7.962144
worker_1,722,1788087073.303508,50,8.105495,7.778752
worker_1,723,1788087073.311659,50,8.075857,7.745824
worker_1,724,1788087073.319781,50,8.076143,7.745152
worker_1,725,1788087073.327903,50,8.235839,7.905760
worker_1,726,1788087073.336189,50,8.113977,7.972416
worker_1,727,1788087073.344327,50,8.102782,7.833536
worker_1,728,1788087073.352477,50,8.089708,7.962720
worker_1,729,1788087073.360591,50,8.125819,7.854240
worker_1,730,1788087073.368770,50,8.055199,7.933088
worker_1,731,1788087073.376849,50,8.110181,7.843008
worker_1,732,1788087073.385008,50,8.120162,7.993344
worker_1,733,1788087073.393168,50,8.089744,7.825152
worker_1,734,1788087073.401304,50,8.080680,7.959136
worker_1,735,1788087073.409409,50,7.899188,7.846848
worker_1,736,1788087073.417327,50,8.108254,7.846144
worker_1,737,1788087073.425482,50,8.239645,7.908224
worker_1,738,1788087073.433769,50,8.021106,7.898400
worker_1,739,1788087073.441814,50,7.984781,7.927200
worker_1,740,1788087073.449817,50,7.896419,7.851136
worker_1,741,1788087073.457729,50,7.858957,7.806880
worker_1,742,1788087073.465604,50,7.865437,7.821120
worker_1,743,1788087073.473484,50,7.911548,7.865312
worker_1,744,1788087073.481413,50,7.804827,7.755168
worker_1,745,1788087073.489233,50,7.894770,7.848192
worker_1,746,1788087073.497143,50,8.080522,7.825216
worker_1,747,1788087073.505274,50,8.202134,7.872448
worker_1,748,1788087073.513524,50,8.063476,7.941472
worker_1,749,1788087073.521612,50,7.946068,7.893504
worker_1,750,1788087073.529575,50,7.881901,7.833536
worker_1,751,1788087073.537475,50,7.918835,7.868832
worker_1,752,1788087073.545408,50,7.911253,7.865664
worker_1,753,1788087073.553350,50,8.103828,7.842144
worker_1,754,1788087073.561502,50,8.293673,7.966112
worker_1,755,1788087073.569842,50,8.272829,7.945568
worker_1,756,1788087073.578161,50,8.106939,7.972576
worker_1,757,1788087073.586293,50,7.908855,7.856576
worker_1,758,1788087073.594220,50,7.908363,7.862752
worker_1,759,1788087073.602144,50,7.769382,7.722912
worker_1,760,1788087073.609928,50,7.607815,7.558720
worker_1,761,1788087073.617552,50,7.775779,7.729312
worker_1,762,1788087073.625343,50,8.167254,7.908640
worker_1,763,1788087073.633559,50,8.231376,7.896352
worker_1,764,1788087073.641838,50,8.228811,7.900896
worker_1,765,1788087073.650113,50,8.031670,7.908704
worker_1,766,1788087073.658173,50,7.913225,7.840480
worker_1,767,1788087073.666119,50,8.077948,8.008960
worker_1,768,1788087073.674217,50,7.821762,7.770848
worker_1,769,1788087073.682055,50,7.827169,7.779840
worker_1,770,1788087073.689901,50,7.907753,7.860064
worker_1,771,1788087073.697824,50,7.769843,7.723040
worker_1,772,1788087073.705687,50,7.974327,7.706304
worker_1,773,1788087073.713707,50,8.185774,7.859264
worker_1,774,1788087073.721941,50,8.266357,7.928960
worker_1,775,1788087073.730254,50,8.279044,7.949920
worker_1,776,1788087073.738580,50,8.379368,8.048320
worker_1,777,1788087073.747007,50,8.289164,7.954432
worker_1,778,1788087073.755343,50,8.282840,7.951488
worker_1,779,1788087073.763672,50,8.379248,8.040672
worker_1,780,1788087073.772098,50,8.110069,7.984640
worker_1,781,1788087073.780239,50,8.105606,7.839776
worker_1,782,1788087073.788394,50,8.217589,8.081024
worker_1,783,1788087073.796638,50,8.263551,7.986240
worker_1,784,1788087073.804949,50,7.947261,7.826176
worker_1,785,1788087073.812921,50,7.986707,7.710400
worker_1,786,1788087073.820954,50,8.069625,7.941312
worker_1,787,1788087073.829048,50,8.147126,7.880416
worker_1,788,1788087073.837245,50,8.337904,7.991488
worker_1,789,1788087073.845630,50,8.295449,7.967840
worker_1,790,1788087073.853970,50,8.015281,7.896896
worker_1,791,1788087073.862010,50,7.983865,7.930784
worker_1,792,1788087073.870025,50,7.843095,7.795872
worker_1,793,1788087073.877886,50,7.860057,7.813568
worker_1,794,1788087073.885764,50,7.939485,7.895424
worker_1,795,1788087073.893715,50,7.893623,7.847840
worker_1,796,1788087073.901627,50,7.916521,7.868512
worker_1,797,1788087073.909559,50,7.862715,7.816192
worker_1,798,1788087073.917437,50,8.095014,7.829824
worker_1,799,1788087073.925582,50,8.291627,7.953920
worker_1,800,1788087073.933920,50,8.249950,7.917632
worker_1,801,1788087073.942217,50,8.327997,7.994816
worker_1,802,1788087073.950592,50,8.092643,7.970176
worker_1,803,1788087073.958712,50,7.893892,7.840640
worker_1,804,1788087073.966625,50,7.953679,7.880448
worker_1,805,1788087073.974598,50,7.874651,7.828288
worker_1,806,1788087073.982490,50,7.912855,7.867776
worker_1,807,1788087073.990418,50,7.906947,7.858176
worker_1,808,1788087073.998341,50,7.913873,7.866304
worker_1,809,1788087074.006270,50,7.687983,7.639584
worker_1,810,1788087074.013973,50,7.851947,7.590944
worker_1,811,1788087074.021885,50,8.183579,7.851968
worker_1,812,1788087074.030118,50,8.169810,7.843616
worker_1,813,1788087074.038335,50,8.217338,7.885280
worker_1,814,1788087074.046599,50,8.115884,7.780448
worker_1,815,1788087074.054763,50,8.229671,7.897728
worker_1,816,1788087074.063040,50,8.150893,7.820160
worker_1,817,1788087074.071238,50,8.189088,7.860704
worker_1,818,1788087074.079474,50,8.155180,7.828224
worker_1,819,1788087074.087676,50,8.265459,7.940800
worker_1,820,1788087074.095990,50,8.231533,7.877536
worker_1,821,1788087074.104270,50,7.873225,7.742112
worker_1,822,1788087074.112171,50,7.961725,7.685248
worker_1,823,1788087074.120180,50,7.967419,7.825696
worker_1,824,1788087074.128173,50,7.961124,7.695040
worker_1,825,1788087074.136184,50,7.956364,7.810944
worker_1,826,1788087074.144168,50,8.004864,7.739488
worker_1,827,1788087074.152242,50,7.972355,7.837888
worker_1,828,1788087074.160240,50,8.023800,7.743136
worker_1,829,1788087074.168313,50,8.026938,7.890944
worker_1,830,1788087074.176364,50,7.989319,7.716800
worker_1,831,1788087074.184414,50,7.974688,7.849248
worker_1,832,1788087074.192415,50,8.012448,7.741344
worker_1,833,1788087074.200479,50,7.897206,7.772800
worker_1,834,1788087074.208402,50,7.783408,7.514912
worker_1,835,1788087074.216244,50,7.904530,7.772864
worker_1,836,1788087074.224175,50,8.008819,7.729760
worker_1,837,1788087074.232245,50,7.923114,7.793760
worker_1,838,1788087074.240195,50,8.096115,7.807520
worker_1,839,1788087074.248341,50,7.963290,7.826880
worker_1,840,1788087074.256330,50,8.013410,7.744064
worker_1,841,1788087074.264391,50,7.952261,7.825280
worker_1,842,1788087074.272368,50,8.039216,7.765120
worker_1,843,1788087074.280460,50,7.928400,7.802848
worker_1,844,1788087074.288414,50,7.969477,7.701568
worker_1,845,1788087074.296431,50,7.985938,7.857216
worker_1,846,1788087074.304444,50,7.824038,7.769920
worker_1,847,1788087074.312288,50,7.768669,7.719168
worker_1,848,1788087074.320077,50,7.863318,7.813184
worker_1,849,1788087074.327957,50,7.883261,7.837856
worker_1,850,1788087074.335869,50,7.805002,7.757696
worker_1,851,1788087074.343690,50,7.827521,7.783008
worker_1,852,1788087074.351533,50,7.775956,7.725088
worker_1,853,1788087074.359326,50,7.738733,7.694368
worker_1,854,1788087074.367080,50,7.771483,7.727104
worker_1,855,1788087074.374866,50,7.777345,7.729216
worker_1,856,1788087074.382660,50,7.714992,7.668000
worker_1,857,1788087074.390391,50,7.609991,7.563968
worker_1,858,1788087074.398017,50,7.896465,7.633728
worker_1,859,1788087074.405963,50,8.183041,7.842432
worker_1,860,1788087074.414194,50,8.188959,7.854784
worker_1,861,1788087074.422432,50,8.237422,7.904672
worker_1,862,1788087074.430716,50,8.154615,7.820672
worker_1,863,1788087074.438918,50,8.129505,7.796672
worker_1,864,1788087074.447097,50,8.035346,7.915488
worker_1,865,1788087074.455158,50,7.851288,7.796672
worker_1,866,1788087074.463028,50,7.865762,7.818208
worker_1,867,1788087074.470911,50,7.748825,7.703200
worker_1,868,1788087074.478677,50,7.822345,7.761248
worker_1,869,1788087074.486516,50,7.773695,7.726976
worker_1,870,1788087074.494313,50,7.755576,7.710240
worker_1,871,1788087074.502083,50,7.790150,7.743776
worker_1,872,1788087074.509890,50,7.774845,7.726848
worker_1,873,1788087074.517681,50,7.784427,7.737536
worker_1,874,1788087074.525480,50,7.983791,7.719328
worker_1,875,1788087074.533514,50,8.279645,7.850496
worker_1,876,1788087074.541843,50,8.152765,7.653088
worker_1,877,1788087074.550044,50,8.183820,7.689504
worker_1,878,1788087074.558275,50,8.176283,7.837440
worker_1,879,1788087074.566499,50,8.158737,7.822432
worker_1,880,1788087074.574705,50,8.218515,7.884704
worker_1,881,1788087074.582970,50,8.183181,7.848896
worker_1,882,1788087074.591199,50,8.166357,7.837472
worker_1,883,1788087074.599413,50,8.117505,7.786752
worker_1,884,1788087074.607580,50,8.175431,7.830528
worker_1,885,1788087074.615801,50,7.891373,7.770016
worker_1,886,1788087074.623719,50,7.890345,7.624576
worker_1,887,1788087074.631659,50,7.925855,7.801344
worker_1,888,1788087074.639609,50,8.035254,7.769152
worker_1,889,1788087074.647703,50,8.078495,7.949696
worker_1,890,1788087074.655806,50,8.046364,7.781760
worker_1,891,1788087074.663901,50,7.989577,7.863552
worker_1,892,1788087074.671916,50,8.048569,7.781344
worker_1,893,1788087074.680013,50,7.985281,7.860864
worker_1,894,1788087074.688024,50,7.820826,7.769088
worker_1,895,1788087074.695864,50,7.795011,7.750336
worker_1,896,1788087074.703675,50,7.789549,7.736352
worker_1,897,1788087074.711480,50,7.816196,7.771200
worker_1,898,1788087074.719313,50,7.865169,7.818880
worker_1,899,1788087074.727194,50,7.765335,7.720416
worker_1,900,1788087074.734977,50,7.846604,7.794176
worker_1,901,1788087074.742839,50,7.820466,7.775680
worker_1,902,1788087074.750676,50,7.779519,7.735264
worker_1,903,1788087074.758470,50,7.724379,7.676960
worker_1,904,1788087074.766210,50,7.657565,7.611392
worker_1,905,1788087074.773882,50,7.727010,7.681280
worker_1,906,1788087074.781625,50,8.027476,7.766944
worker_1,907,1788087074.789702,50,8.224301,7.880160
worker_1,908,1788087074.797972,50,8.178004,7.846080
worker_1,909,1788087074.806216,50,8.211737,7.877888
worker_1,910,1788087074.814474,50,8.273311,7.945536
worker_1,911,1788087074.822795,50,8.203913,7.875616
worker_1,912,1788087074.831045,50,8.150421,7.822400
worker_1,913,1788087074.839242,50,8.162615,7.827424
worker_1,914,1788087074.847451,50,8.152300,7.820416
worker_1,915,1788087074.855651,50,7.962568,7.839552
worker_1,916,1788087074.863640,50,7.788872,7.722144
worker_1,917,1788087074.871449,50,7.714361,7.667360
worker_1,918,1788087074.879181,50,7.851586,7.805600
worker_1,919,1788087074.887050,50,7.802955,7.758272
worker_1,920,1788087074.894870,50,7.746390,7.700096
worker_1,921,1788087074.902632,50,7.771697,7.727232
worker_1,922,1788087074.910419,50,7.772696,7.729216
worker_1,923,1788087074.918207,50,7.786872,7.739232
worker_1,924,1788087074.926009,50,7.851659,7.804928
worker_1,925,1788087074.933876,50,7.826011,7.779712
worker_1,926,1788087074.941790,50,7.983262,7.716128
worker_1,927,1788087074.949822,50,8.241043,7.911360
worker_1,928,1788087074.958124,50,8.116532,7.784672
worker_1,929,1788087074.966288,50,8.128097,7.785792
worker_1,930,1788087074.974464,50,8.232968,7.896128
worker_1,931,1788087074.982744,50,8.179533,7.847040
worker_1,932,1788087074.990971,50,8.228681,7.902656
worker_1,933,1788087074.999246,50,8.238515,7.907296
worker_1,934,1788087075.007533,50,8.160709,7.827872
worker_1,935,1788087075.015740,50,7.948272,7.823232
worker_1,936,1788087075.023714,50,7.957216,7.693056
worker_1,937,1788087075.031719,50,7.907846,7.780160
worker_1,938,1788087075.039653,50,7.752816,7.489888
worker_1,939,1788087075.047456,50,7.991578,7.867456
worker_1,940,1788087075.055475,50,7.876734,7.608736
worker_1,941,1788087075.063398,50,7.998346,7.868960
worker_1,942,1788087075.071426,50,7.683751,7.627744
worker_1,943,1788087075.079129,50,7.774168,7.727776
worker_1,944,1788087075.086921,50,7.650019,7.599744
worker_1,945,1788087075.094588,50,7.783566,7.739904
worker_1,946,1788087075.102388,50,7.649528,7.605216
worker_1,947,1788087075.110054,50,7.821446,7.772832
worker_1,948,1788087075.117895,50,7.630724,7.585152
worker_1,949,1788087075.125542,50,7.806149,7.760544
worker_1,950,1788087075.133365,50,7.751177,7.706016
worker_1,951,1788087075.141131,50,7.697908,7.650272
worker_1,952,1788087075.148844,50,7.817788,7.770816
worker_1,953,1788087075.156678,50,7.778512,7.690592
worker_1,954,1788087075.164494,50,8.029004,7.906688
worker_1,955,1788087075.172565,50,7.448777,7.324352
worker_1,956,1788087075.180048,50,7.934475,7.840096
worker_1,957,1788087075.188017,50,7.697427,7.596064
worker_1,958,1788087075.195751,50,8.336581,7.919072
worker_1,959,1788087075.204128,50,7.371657,7.126432
worker_1,960,1788087075.211525,50,7.816335,7.504480
worker_1,961,1788087075.219390,50,7.429720,7.266752
worker_1,962,1788087075.226857,50,8.152172,7.731424
worker_1,963,1788087075.235050,50,7.762604,7.518528
worker_1,964,1788087075.242838,50,7.681658,7.606528
worker_1,965,1788087075.250537,50,7.933929,7.673888
worker_1,966,1788087075.258520,50,7.977521,7.843328
worker_1,967,1788087075.266535,50,7.824836,7.558048
worker_1,968,1788087075.274410,50,7.986818,7.858144
worker_1,969,1788087075.282420,50,7.887577,7.621728
worker_1,970,1788087075.290357,50,7.979837,7.848288
worker_1,971,1788087075.298364,50,8.010559,7.746432
worker_1,972,1788087075.306422,50,7.475962,7.356064
worker_1,973,1788087075.313924,50,7.549899,7.278336
worker_1,974,1788087075.321523,50,7.946652,7.813856
worker_1,975,1788087075.329495,50,8.020449,7.751936
worker_1,976,1788087075.337565,50,7.517907,7.383488
worker_1,977,1788087075.345107,50,7.961548,7.693120
worker_1,978,1788087075.353120,50,7.424350,7.286400
worker_1,979,1788087075.360571,50,7.893606,7.623008
worker_1,980,1788087075.368513,50,7.452500,7.316736
worker_1,981,1788087075.375992,50,8.012439,7.742944
worker_1,982,1788087075.384053,50,7.713473,7.574144
worker_1,983,1788087075.391793,50,7.995910,7.720896
worker_1,984,1788087075.399837,50,7.808465,7.672256
worker_1,985,1788087075.407672,50,8.033623,7.766048
worker_1,986,1788087075.415754,50,7.804353,7.667264
worker_1,987,1788087075.423601,50,7.987717,7.716480
worker_1,988,1788087075.431638,50,7.805345,7.670080
worker_1,989,1788087075.439468,50,8.022772,7.755232
worker_1,990,1788087075.447542,50,7.818705,7.685952
worker_1,991,1788087075.455386,50,7.814779,7.762144
worker_1,992,1788087075.463220,50,7.639639,7.592800
worker_1,993,1788087075.470877,50,7.769085,7.722912
worker_1,994,1788087075.478663,50,7.681714,7.635360
worker_1,995,1788087075.486361,50,7.783206,7.736256
worker_1,996,1788087075.494164,50,7.471165,7.424640
worker_1,997,1788087075.501652,50,7.781639,7.734464
worker_1,998,1788087075.509451,50,7.312099,7.266752
worker_1,999,1788087075.516779,50,7.772280,7.726240
worker_1,1000,1788087075.524570,50,7.301322,7.254432
worker_1,1001,1788087075.531887,50,7.667148,7.620512
worker_1,1002,1788087075.539572,50,7.213710,7.166848
worker_1,1003,1788087075.546804,50,7.763640,7.719040
worker_1,1004,1788087075.554584,50,8.039383,7.775424
worker_1,1005,1788087075.562674,50,8.214033,7.880800
worker_1,1006,1788087075.570956,50,8.000762,7.666176
worker_1,1007,1788087075.579005,50,8.189024,7.848832
worker_1,1008,1788087075.587241,50,8.024725,7.690016
worker_1,1009,1788087075.595314,50,8.192616,7.850816
worker_1,1010,1788087075.603558,50,8.057180,7.726304
worker_1,1011,1788087075.611663,50,8.159532,7.808224
worker_1,1012,1788087075.619869,50,7.808186,7.685216
worker_1,1013,1788087075.627703,50,8.000310,7.730560
worker_1,1014,1788087075.635750,50,7.806168,7.681248
worker_1,1015,1788087075.643584,50,7.988615,7.723136
worker_1,1016,1788087075.651619,50,7.772863,7.649664
worker_1,1017,1788087075.659417,50,8.014299,7.748640
worker_1,1018,1788087075.667483,50,7.829863,7.704096
worker_1,1019,1788087075.675340,50,7.952994,7.682176
worker_1,1020,1788087075.683342,50,7.823178,7.694112
worker_1,1021,1788087075.691192,50,7.885902,7.611296
worker_1,1022,1788087075.699130,50,7.627658,7.495424
worker_1,1023,1788087075.706784,50,7.430037,7.375808
worker_1,1024,1788087075.714232,50,7.582473,7.323296
worker_1,1025,1788087075.721864,50,7.965457,7.838496
worker_1,1026,1788087075.729859,50,8.048023,7.772064
worker_1,1027,1788087075.737955,50,7.957383,7.817408
worker_1,1028,1788087075.745941,50,7.618750,7.507008
worker_1,1029,1788087075.753599,50,7.968152,7.849696
worker_1,1030,1788087075.761596,50,7.879715,7.821440
worker_1,1031,1788087075.769496,50,7.878004,7.830112
worker_1,1032,1788087075.777391,50,7.986893,7.939328
worker_1,1033,1788087075.785394,50,7.867743,7.822656
worker_1,1034,1788087075.793281,50,7.875057,7.832608
worker_1,1035,1788087075.801172,50,7.994438,7.948224
worker_1,1036,1788087075.809183,50,7.915272,7.867008
worker_1,1037,1788087075.817115,50,7.867882,7.821856
worker_1,1038,1788087075.824998,50,7.768751,7.725504
worker_1,1039,1788087075.832782,50,7.777669,7.732960
worker_1,1040,1788087075.840575,50,7.665473,7.619744
worker_1,1041,1788087075.848256,50,7.733085,7.688640
worker_1,1042,1788087075.856006,50,7.773621,7.728352
worker_1,1043,1788087075.863796,50,7.777261,7.719520
worker_1,1044,1788087075.871589,50,7.872280,7.826144
worker_1,1045,1788087075.879484,50,7.758844,7.712736
worker_1,1046,1788087075.887259,50,7.764178,7.719968
worker_1,1047,1788087075.895040,50,7.785538,7.740832
worker_1,1048,1788087075.902841,50,7.778651,7.734560
worker_1,1049,1788087075.910636,50,7.781844,7.733376
worker_1,1050,1788087075.918433,50,7.792325,7.745280
worker_1,1051,1788087075.926241,50,7.784955,7.739648
worker_1,1052,1788087075.934043,50,7.791797,7.746368
worker_1,1053,1788087075.941850,50,7.815391,7.769472
worker_1,1054,1788087075.949683,50,7.661167,7.613216
worker_1,1055,1788087075.957360,50,7.765853,7.718496
worker_1,1056,1788087075.965141,50,8.028458,7.745792
worker_1,1057,1788087075.973222,50,8.265432,7.915296
worker_1,1058,1788087075.981536,50,8.274978,7.923104
worker_1,1059,1788087075.989859,50,8.223839,7.825984
worker_1,1060,1788087075.998132,50,8.239996,7.897536
worker_1,1061,1788087076.006419,50,8.251405,7.921024
worker_1,1062,1788087076.014719,50,8.170469,7.794816
worker_1,1063,1788087076.022935,50,8.217256,7.892672
worker_1,1064,1788087076.031198,50,8.111874,7.783296
worker_1,1065,1788087076.039368,50,7.935965,7.812928
worker_1,1066,1788087076.047328,50,8.116393,7.850208
worker_1,1067,1788087076.055493,50,7.928967,7.805920
worker_1,1068,1788087076.063447,50,7.928013,7.875840
worker_1,1069,1788087076.071394,50,7.870188,7.822016
worker_1,1070,1788087076.079281,50,7.706788,7.659296
worker_1,1071,1788087076.087004,50,7.883392,7.838688
worker_1,1072,1788087076.094902,50,7.732658,7.688416
worker_1,1073,1788087076.102652,50,7.950938,7.905120
worker_1,1074,1788087076.110620,50,7.681269,7.636864
worker_1,1075,1788087076.118317,50,7.888698,7.830240
worker_1,1076,1788087076.126221,50,7.769723,7.726176
worker_1,1077,1788087076.134006,50,7.883513,7.835136
worker_1,1078,1788087076.141906,50,7.901807,7.856128
worker_1,1079,1788087076.149899,50,7.792825,7.739904
worker_1,1080,1788087076.157710,50,8.062421,7.804384
worker_1,1081,1788087076.165824,50,8.298033,7.965888
worker_1,1082,1788087076.174168,50,8.293580,7.965856
worker_1,1083,1788087076.182510,50,8.255821,7.921984
worker_1,1084,1788087076.190827,50,8.402590,8.064000
worker_1,1085,1788087076.199276,50,8.243839,7.903808
worker_1,1086,1788087076.207567,50,8.181922,7.852064
worker_1,1087,1788087076.215796,50,8.022051,7.690720
worker_1,1088,1788087076.223865,50,8.142837,7.666976
worker_1,1089,1788087076.232053,50,7.832058,7.349312
worker_1,1090,1788087076.239931,50,7.869808,7.601248
worker_1,1091,1788087076.247825,50,7.745751,7.670080
worker_1,1092,1788087076.255591,50,7.900012,7.853344
worker_1,1093,1788087076.263509,50,7.699333,7.653600
worker_1,1094,1788087076.271225,50,7.901761,7.857568
worker_1,1095,1788087076.279143,50,7.801761,7.756352
worker_1,1096,1788087076.286961,50,7.859696,7.815616
worker_1,1097,1788087076.294837,50,7.788669,7.740128
worker_1,1098,1788087076.302641,50,7.875640,7.830112
worker_1,1099,1788087076.310532,50,7.765956,7.718976
worker_1,1100,1788087076.318315,50,8.146948,7.888064
worker_1,1101,1788087076.326512,50,8.233820,7.905568
worker_1,1102,1788087076.334792,50,8.250155,7.920480
worker_1,1103,1788087076.343090,50,8.301302,7.969792
worker_1,1104,1788087076.351450,50,8.322432,7.987360
worker_1,1105,1788087076.359819,50,8.240921,7.912640
worker_1,1106,1788087076.368106,50,8.302812,7.973984
worker_1,1107,1788087076.376456,50,8.327663,7.983360
worker_1,1108,1788087076.384830,50,8.243423,7.913760
worker_1,1109,1788087076.393121,50,8.269423,7.941728
worker_1,1110,1788087076.401438,50,8.294256,7.965024
worker_1,1111,1788087076.409780,50,8.049171,7.721696
worker_1,1112,1788087076.417877,50,7.856234,7.735424
worker_1,1113,1788087076.425758,50,7.748465,7.694752
worker_1,1114,1788087076.433524,50,7.874493,7.828096
worker_1,1115,1788087076.441416,50,7.865817,7.819680
worker_1,1116,1788087076.449297,50,7.870577,7.824800
worker_1,1117,1788087076.457183,50,7.996744,7.950880
worker_1,1118,1788087076.465195,50,8.101022,7.839488
worker_1,1119,1788087076.473346,50,8.284803,7.955744
worker_1,1120,1788087076.481678,50,8.252256,7.919712
worker_1,1121,1788087076.489977,50,8.217125,7.887488
worker_1,1122,1788087076.498241,50,8.258553,7.932032
worker_1,1123,1788087076.506557,50,8.329295,7.984608
worker_1,1124,1788087076.514933,50,7.815512,7.692032
worker_1,1125,1788087076.522774,50,7.715752,7.664864
worker_1,1126,1788087076.530508,50,7.809427,7.764064
worker_1,1127,1788087076.538334,50,7.791399,7.587648
worker_1,1128,1788087076.546144,50,7.686974,7.480992
worker_1,1129,1788087076.553847,50,7.463129,7.253984
worker_1,1130,1788087076.561324,50,7.665686,7.458848
worker_1,1131,1788087076.569006,50,7.955391,7.533472
worker_1,1132,1788087076.577010,50,8.323997,7.802176
worker_1,1133,1788087076.585380,50,8.161626,7.670016
worker_1,1134,1788087076.593590,50,8.195523,7.768576
worker_1,1135,1788087076.601832,50,8.092792,7.613248
worker_1,1136,1788087076.609973,50,8.059282,7.729376
worker_1,1137,1788087076.618079,50,8.095282,7.767712
worker_1,1138,1788087076.626220,50,8.252811,7.924320
worker_1,1139,1788087076.634519,50,8.102264,7.764224
worker_1,1140,1788087076.642668,50,8.053356,7.929728
worker_1,1141,1788087076.650747,50,7.725288,7.674368
worker_1,1142,1788087076.658491,50,7.864224,7.816640
worker_1,1143,1788087076.666389,50,7.765288,7.719008
worker_1,1144,1788087076.674171,50,7.876669,7.823040
worker_1,1145,1788087076.682065,50,7.756438,7.710240
worker_1,1146,1788087076.689837,50,7.866002,7.820320
worker_1,1147,1788087076.697718,50,7.995013,7.732640
worker_1,1148,1788087076.705762,50,8.272283,7.942912
worker_1,1149,1788087076.714081,50,8.142995,7.816704
worker_1,1150,1788087076.722272,50,8.249774,7.923392
worker_1,1151,1788087076.730568,50,8.060569,7.738624
worker_1,1152,1788087076.738675,50,8.246423,7.917888
worker_1,1153,1788087076.746970,50,7.982355,7.656736
worker_1,1154,1788087076.754999,50,8.280301,7.949824
worker_1,1155,1788087076.763329,50,8.411563,8.065760
worker_1,1156,1788087076.771789,50,8.300543,7.974080
worker_1,1157,1788087076.780136,50,8.117004,7.765600
worker_1,1158,1788087076.788299,50,8.298117,7.967136
worker_1,1159,1788087076.796643,50,8.086522,7.750464
worker_1,1160,1788087076.804777,50,8.162375,8.036128
worker_1,1161,1788087076.812966,50,7.961087,7.691296
worker_1,1162,1788087076.820989,50,8.118764,7.991360
worker_1,1163,1788087076.829134,50,7.930956,7.666496
worker_1,1164,1788087076.837114,50,8.051725,7.930112
worker_1,1165,1788087076.845190,50,7.938799,7.660160
worker_1,1166,1788087076.853176,50,8.120680,7.999264
worker_1,1167,1788087076.861321,50,7.974438,7.712064
worker_1,1168,1788087076.869345,50,8.086458,7.962784
worker_1,1169,1788087076.877457,50,7.943300,7.679392
worker_1,1170,1788087076.885448,50,8.038384,7.913248
worker_1,1171,1788087076.893513,50,7.956929,7.681376
worker_1,1172,1788087076.901518,50,8.329099,7.997696
worker_1,1173,1788087076.909894,50,8.194106,7.865568
worker_1,1174,1788087076.918135,50,8.256867,7.930208
worker_1,1175,1788087076.926440,50,7.861974,7.741632
worker_1,1176,1788087076.934327,50,7.899781,7.847200
worker_1,1177,1788087076.942246,50,7.752890,7.706592
worker_1,1178,1788087076.950016,50,7.952679,7.908384
worker_1,1179,1788087076.957985,50,7.642527,7.598112
worker_1,1180,1788087076.965644,50,7.929095,7.882400
worker_1,1181,1788087076.973590,50,7.612638,7.566176
worker_1,1182,1788087076.981232,50,7.901456,7.853920
worker_1,1183,1788087076.989151,50,7.858604,7.598464
worker_1,1184,1788087076.997058,50,8.379645,8.008800
worker_1,1185,1788087077.005484,50,8.110273,7.781536
worker_1,1186,1788087077.013641,50,8.275219,7.943552
worker_1,1187,1788087077.021966,50,7.974725,7.834624
worker_1,1188,1788087077.029966,50,7.927476,7.874624
worker_1,1189,1788087077.037912,50,7.791548,7.743968
worker_1,1190,1788087077.045720,50,7.872114,7.827712
worker_1,1191,1788087077.053609,50,7.689732,7.644512
worker_1,1192,1788087077.061315,50,7.872586,7.825920
worker_1,1193,1788087077.069203,50,7.680370,7.633472
worker_1,1194,1788087077.076899,50,7.910401,7.864896
worker_1,1195,1788087077.084826,50,7.902282,7.643648
worker_1,1196,1788087077.092779,50,8.283812,7.953600
worker_1,1197,1788087077.101112,50,8.119922,7.787712
worker_1,1198,1788087077.109279,50,8.225737,7.900736
worker_1,1199,1788087077.117552,50,8.297776,7.969472
worker_1,1200,1788087077.125897,50,8.229996,7.904128
worker_1,1201,1788087077.134186,50,8.392469,8.061856
worker_1,1202,1788087077.142626,50,8.083421,7.960064
worker_1,1203,1788087077.150734,50,7.898567,7.846592
worker_1,1204,1788087077.158652,50,7.873401,7.828320
worker_1,1205,1788087077.166542,50,7.990115,7.946368
worker_1,1206,1788087077.174548,50,7.873623,7.829248
worker_1,1207,1788087077.182440,50,7.853354,7.808832
worker_1,1208,1788087077.190310,50,7.983800,7.937088
worker_1,1209,1788087077.198310,50,7.878224,7.830976
worker_1,1210,1788087077.206204,50,7.865826,7.820992
worker_1,1211,1788087077.214086,50,7.870753,7.825408
worker_1,1212,1788087077.221974,50,7.868345,7.822368
worker_1,1213,1788087077.229859,50,7.993958,7.950496
worker_1,1214,1788087077.237868,50,7.884178,7.839392
worker_1,1215,1788087077.245768,50,7.850465,7.588960
worker_1,1216,1788087077.253666,50,8.094809,7.755968
worker_1,1217,1788087077.261809,50,8.029838,7.692576
worker_1,1218,1788087077.269886,50,8.275034,7.934080
worker_1,1219,1788087077.278208,50,8.256099,7.924320
worker_1,1220,1788087077.286511,50,8.416286,8.078528
worker_1,1221,1788087077.294987,50,8.283858,7.949472
worker_1,1222,1788087077.303317,50,8.295341,7.964992
worker_1,1223,1788087077.311659,50,8.090079,7.761248
worker_1,1224,1788087077.319796,50,8.063597,7.737440
worker_1,1225,1788087077.327907,50,8.060597,7.735104
worker_1,1226,1788087077.336014,50,7.945550,7.827424
worker_1,1227,1788087077.343986,50,8.040188,7.776800
worker_1,1228,1788087077.352074,50,7.946309,7.820512
worker_1,1229,1788087077.360044,50,7.914188,7.653792
worker_1,1230,1788087077.368092,50,7.859345,7.729312
worker_1,1231,1788087077.375977,50,7.700631,7.644896
worker_1,1232,1788087077.383697,50,7.712260,7.665280
worker_1,1233,1788087077.391426,50,7.725696,7.680864
worker_1,1234,1788087077.399169,50,7.717140,7.654656
worker_1,1235,1788087077.406903,50,7.863984,7.819360
worker_1,1236,1788087077.414783,50,7.690354,7.646432
worker_1,1237,1788087077.422490,50,7.956031,7.911456
worker_1,1238,1788087077.430463,50,7.678908,7.634752
worker_1,1239,1788087077.438158,50,7.911567,7.867616
worker_1,1240,1788087077.446094,50,7.703982,7.657248
worker_1,1241,1788087077.453814,50,7.870697,7.825408
worker_1,1242,1788087077.461700,50,7.662575,7.617472
worker_1,1243,1788087077.469378,50,8.128663,7.873120
worker_1,1244,1788087077.477555,50,8.109133,7.782272
worker_1,1245,1788087077.485712,50,8.249441,7.908928
worker_1,1246,1788087077.494009,50,8.217609,7.880544
worker_1,1247,1788087077.502275,50,7.994624,7.873728
worker_1,1248,1788087077.510296,50,7.972068,7.918848
worker_1,1249,1788087077.518286,50,7.872233,7.825312
worker_1,1250,1788087077.526175,50,7.868289,7.822848
worker_1,1251,1788087077.534060,50,7.788799,7.742720
worker_1,1252,1788087077.541863,50,7.904892,7.858432
worker_1,1253,1788087077.549784,50,7.863345,7.818880
worker_1,1254,1788087077.557664,50,7.888558,7.832640
worker_1,1255,1788087077.565572,50,7.931948,7.879552
worker_1,1256,1788087077.573521,50,7.908087,7.857760
worker_1,1257,1788087077.581445,50,7.470527,7.421888
worker_1,1258,1788087077.588932,50,7.695528,7.647712
worker_1,1259,1788087077.596642,50,8.103041,7.823552
worker_1,1260,1788087077.604806,50,8.250042,7.908640
worker_1,1261,1788087077.613101,50,8.206801,7.878656
worker_1,1262,1788087077.621356,50,8.097513,7.763296
worker_1,1263,1788087077.629502,50,8.266117,7.934752
worker_1,1264,1788087077.637815,50,8.068606,7.741440
worker_1,1265,1788087077.645930,50,8.289505,7.963680
worker_1,1266,1788087077.654265,50,8.115060,7.772448
worker_1,1267,1788087077.662426,50,8.247034,7.919872
worker_1,1268,1788087077.670719,50,8.070801,7.744704
worker_1,1269,1788087077.678837,50,8.193958,7.863712
worker_1,1270,1788087077.687077,50,8.103319,7.773696
worker_1,1271,1788087077.695228,50,8.216534,7.881568
worker_1,1272,1788087077.703491,50,8.021707,7.896736
worker_1,1273,1788087077.711541,50,8.049466,7.783552
worker_1,1274,1788087077.719639,50,7.872057,7.748672
worker_1,1275,1788087077.727536,50,8.038920,7.769088
worker_1,1276,1788087077.735624,50,7.868391,7.743584
worker_1,1277,1788087077.743519,50,7.889002,7.831904
worker_1,1278,1788087077.751428,50,7.916022,7.656704
worker_1,1279,1788087077.759409,50,8.088171,7.959264
worker_1,1280,1788087077.767524,50,7.759232,7.701408
worker_1,1281,1788087077.775303,50,7.909734,7.861728
worker_1,1282,1788087077.783234,50,7.687640,7.638464
worker_1,1283,1788087077.790938,50,7.913142,7.868704
worker_1,1284,1788087077.798869,50,7.803929,7.758080
worker_1,1285,1788087077.806689,50,7.876827,7.830848
worker_1,1286,1788087077.814582,50,7.830160,7.783488
worker_1,1287,1788087077.822428,50,7.942670,7.896928
worker_1,1288,1788087077.830387,50,7.878521,7.829984
worker_1,1289,1788087077.838281,50,7.728334,7.681152
worker_1,1290,1788087077.846025,50,7.866660,7.819296
worker_1,1291,1788087077.853907,50,7.919967,7.646656
worker_1,1292,1788087077.861877,50,8.280099,7.945280
worker_1,1293,1788087077.870204,50,8.043069,7.718752
worker_1,1294,1788087077.878296,50,7.989272,7.866560
worker_1,1295,1788087077.886311,50,7.787557,7.731680
worker_1,1296,1788087077.894117,50,7.825178,7.779168
worker_1,1297,1788087077.901960,50,7.805169,7.757856
worker_1,1298,1788087077.909781,50,7.664576,7.605120
worker_1,1299,1788087077.917468,50,7.765715,7.717440
worker_1,1300,1788087077.925250,50,7.892309,7.626752
worker_1,1301,1788087077.933192,50,8.237820,7.899456
worker_1,1302,1788087077.941476,50,7.843557,7.506432
worker_1,1303,1788087077.949368,50,8.114717,7.777696
worker_1,1304,1788087077.957531,50,7.885558,7.763520
worker_1,1305,1788087077.965443,50,7.552389,7.500128
worker_1,1306,1788087077.973017,50,7.723094,7.666592
worker_1,1307,1788087077.980758,50,7.702150,7.640896
worker_1,1308,1788087077.988476,50,7.855798,7.803936
worker_1,1309,1788087077.996349,50,7.799549,7.750400
worker_1,1310,1788087078.004165,50,7.893002,7.844064
worker_1,1311,1788087078.012074,50,7.821364,7.774656
worker_1,1312,1788087078.019912,50,8.122089,7.865408
worker_1,1313,1788087078.028082,50,8.183746,7.835072
worker_1,1314,1788087078.036315,50,7.847594,7.492704
worker_1,1315,1788087078.044225,50,8.095032,7.756704
worker_1,1316,1788087078.052366,50,7.922438,7.588672
worker_1,1317,1788087078.060335,50,8.283089,7.948928
worker_1,1318,1788087078.068680,50,8.173319,7.840416
worker_1,1319,1788087078.076902,50,8.353404,8.028544
worker_1,1320,1788087078.085301,50,8.273662,7.935424
worker_1,1321,1788087078.093622,50,8.077087,7.747040
worker_1,1322,1788087078.101747,50,8.245228,7.919808
worker_1,1323,1788087078.110040,50,8.069264,7.741216
worker_1,1324,1788087078.118155,50,8.258090,7.929664
worker_1,1325,1788087078.126460,50,8.006549,7.677120
worker_1,1326,1788087078.134513,50,8.016179,7.683488
worker_1,1327,1788087078.142577,50,7.241636,6.911648
worker_1,1328,1788087078.149865,50,8.119014,7.781632
worker_1,1329,1788087078.158031,50,8.098189,7.768224
worker_1,1330,1788087078.166177,50,8.299450,7.945408
worker_1,1331,1788087078.174523,50,8.012346,7.682912
worker_1,1332,1788087078.182583,50,8.086226,7.962944
worker_1,1333,1788087078.190697,50,7.794946,7.742560
worker_1,1334,1788087078.198510,50,7.883252,7.837120
worker_1,1335,1788087078.206412,50,7.727362,7.681824
worker_1,1336,1788087078.214155,50,7.883900,7.835424
worker_1,1337,1788087078.222055,50,7.731278,7.683136
worker_1,1338,1788087078.229817,50,7.670111,7.623616
worker_1,1339,1788087078.237504,50,7.815529,7.552320
worker_1,1340,1788087078.245368,50,8.111468,7.778848
worker_1,1341,1788087078.253527,50,8.132578,7.802496
worker_1,1342,1788087078.261708,50,8.235329,7.906816
worker_1,1343,1788087078.269991,50,7.992308,7.665120
worker_1,1344,1788087078.278030,50,8.334608,8.005120
worker_1,1345,1788087078.286412,50,8.027105,7.697280
worker_1,1346,1788087078.294486,50,8.383237,8.037440
worker_1,1347,1788087078.302918,50,8.064957,7.736256
worker_1,1348,1788087078.311030,50,8.296710,7.967264
worker_1,1349,1788087078.319375,50,8.069911,7.741536
worker_1,1350,1788087078.327492,50,8.119754,7.995040
worker_1,1351,1788087078.335640,50,7.866067,7.601664
worker_1,1352,1788087078.343554,50,8.162570,8.035776
worker_1,1353,1788087078.351743,50,7.922742,7.651520
worker_1,1354,1788087078.359715,50,8.126930,8.003680
worker_1,1355,1788087078.367867,50,7.920818,7.657664
worker_1,1356,1788087078.375836,50,8.033912,7.907840
worker_1,1357,1788087078.383915,50,8.155116,7.889376
worker_1,1358,1788087078.392119,50,8.108459,7.973280
worker_1,1359,1788087078.400255,50,7.975892,7.687168
worker_1,1360,1788087078.408280,50,8.056662,7.928448
worker_1,1361,1788087078.416363,50,8.031161,7.765472
worker_1,1362,1788087078.424442,50,8.090032,7.947168
worker_1,1363,1788087078.432559,50,7.429258,7.161024
worker_1,1364,1788087078.440036,50,7.879919,7.754432
worker_1,1365,1788087078.447942,50,7.781539,7.518016
worker_1,1366,1788087078.455772,50,8.070847,7.945376
worker_1,1367,1788087078.463869,50,8.044977,7.779264
worker_1,1368,1788087078.471962,50,8.035273,7.911680
worker_1,1369,1788087078.480023,50,7.724585,7.459456
worker_1,1370,1788087078.487795,50,7.979235,7.855104
worker_1,1371,1788087078.495800,50,8.017207,7.751456
worker_1,1372,1788087078.503864,50,8.065976,7.939616
worker_1,1373,1788087078.511955,50,7.950410,7.687552
worker_1,1374,1788087078.519953,50,8.071504,7.947232
worker_1,1375,1788087078.528051,50,7.644585,7.592480
worker_1,1376,1788087078.535715,50,7.698612,7.651936
worker_1,1377,1788087078.543450,50,7.558907,7.512128
worker_1,1378,1788087078.551029,50,7.695908,7.644288
worker_1,1379,1788087078.558742,50,7.725307,7.678368
worker_1,1380,1788087078.566484,50,7.876613,7.832640
worker_1,1381,1788087078.574459,50,7.748288,7.696160
worker_1,1382,1788087078.582229,50,7.945983,7.898816
worker_1,1383,1788087078.590192,50,7.768659,7.720000
worker_1,1384,1788087078.597976,50,7.893530,7.846688
worker_1,1385,1788087078.605885,50,7.887743,7.842240
worker_1,1386,1788087078.613789,50,7.735002,7.686400
worker_1,1387,1788087078.621541,50,8.086588,7.824064
worker_1,1388,1788087078.629677,50,7.915003,7.581248
worker_1,1389,1788087078.637640,50,8.175839,7.848480
worker_1,1390,1788087078.645862,50,8.101449,7.776640
worker_1,1391,1788087078.654011,50,8.109402,7.781760
worker_1,1392,1788087078.662167,50,8.309599,7.976384
worker_1,1393,1788087078.670523,50,8.102338,7.774432
worker_1,1394,1788087078.678674,50,8.375850,8.031040
worker_1,1395,1788087078.687097,50,8.183005,7.853312
worker_1,1396,1788087078.695338,50,8.318571,7.988224
worker_1,1397,1788087078.703704,50,8.101282,7.771840
worker_1,1398,1788087078.711853,50,8.237229,7.909568
worker_1,1399,1788087078.720137,50,8.023050,7.882080
worker_1,1400,1788087078.728187,50,8.200950,7.932672
worker_1,1401,1788087078.736436,50,8.084152,7.960000
worker_1,1402,1788087078.744547,50,8.139986,7.863488
worker_1,1403,1788087078.752735,50,8.116598,7.992704
worker_1,1404,1788087078.760877,50,7.979512,7.713024
worker_1,1405,1788087078.768906,50,7.937993,7.808032
worker_1,1406,1788087078.776870,50,7.772964,7.490656
worker_1,1407,1788087078.784692,50,7.846327,7.720576
worker_1,1408,1788087078.792564,50,7.901206,7.630432
worker_1,1409,1788087078.800513,50,7.864623,7.737984
worker_1,1410,1788087078.808401,50,8.014438,7.724352
worker_1,1411,1788087078.816464,50,7.882846,7.754304
worker_1,1412,1788087078.824373,50,7.914457,7.633472
worker_1,1413,1788087078.832337,50,7.824373,7.689152
worker_1,1414,1788087078.840189,50,7.991097,7.724864
worker_1,1415,1788087078.848240,50,7.996642,7.872928
worker_1,1416,1788087078.856266,50,8.105264,7.839008
worker_1,1417,1788087078.864420,50,8.036171,7.909056
worker_1,1418,1788087078.872483,50,8.175218,7.878944
worker_1,1419,1788087078.880708,50,8.131579,8.008064
worker_1,1420,1788087078.888864,50,8.128059,7.822752
worker_1,1421,1788087078.897040,50,7.983012,7.860416
worker_1,1422,1788087078.905050,50,8.149440,7.878816
worker_1,1423,1788087078.913247,50,7.975679,7.858976
worker_1,1424,1788087078.921240,50,7.802872,7.719616
worker_1,1425,1788087078.929085,50,7.995040,7.900096
worker_1,1426,1788087078.937105,50,7.843390,7.776864
worker_1,1427,1788087078.944968,50,7.944235,7.891520
worker_1,1428,1788087078.952933,50,8.019846,7.968896
worker_1,1429,1788087078.960971,50,7.871780,7.824832
worker_1,1430,1788087078.968862,50,7.885437,7.835808
worker_1,1431,1788087078.976764,50,7.944243,7.893760
worker_1,1432,1788087078.984724,50,7.863327,7.816960
worker_1,1433,1788087078.992604,50,7.875742,7.829952
worker_1,1434,1788087079.000496,50,7.987818,7.942272
worker_1,1435,1788087079.008523,50,8.011327,7.966624
worker_1,1436,1788087079.016546,50,7.812428,7.772960
worker_1,1437,1788087079.024370,50,7.856585,7.817696
worker_1,1438,1788087079.032237,50,7.484888,7.445728
worker_1,1439,1788087079.039734,50,7.640731,7.599520
worker_1,1440,1788087079.047388,50,7.719862,7.672000
worker_1,1441,1788087079.055125,50,7.967031,7.688544
worker_1,1442,1788087079.063146,50,7.911623,7.772320
worker_1,1443,1788087079.071084,50,7.942568,7.667808
worker_1,1444,1788087079.079075,50,7.886706,7.761248
worker_1,1445,1788087079.086989,50,8.201237,7.893088
worker_1,1446,1788087079.095237,50,7.908253,7.784896
worker_1,1447,1788087079.103172,50,8.198570,7.889248
worker_1,1448,1788087079.111420,50,7.878114,7.750816
worker_1,1449,1788087079.119324,50,8.098384,7.827552
worker_1,1450,1788087079.127471,50,7.894817,7.768736
worker_1,1451,1788087079.135391,50,7.992484,7.730336
worker_1,1452,1788087079.143431,50,7.903632,7.778592
worker_1,1453,1788087079.151362,50,8.050976,7.777536
worker_1,1454,1788087079.159461,50,7.886317,7.758304
worker_1,1455,1788087079.167388,50,7.732141,7.678720
worker_1,1456,1788087079.175140,50,7.864344,7.816352
worker_1,1457,1788087079.183026,50,7.793047,7.746752
worker_1,1458,1788087079.190836,50,7.910632,7.863776
worker_1,1459,1788087079.198763,50,7.927142,7.880928
worker_1,1460,1788087079.206707,50,7.920040,7.875616
worker_1,1461,1788087079.214643,50,7.915299,7.873632
worker_1,1462,1788087079.222574,50,7.871447,7.824512
worker_1,1463,1788087079.230461,50,7.877465,7.831776
worker_1,1464,1788087079.238354,50,8.006106,7.957184
worker_1,1465,1788087079.246376,50,7.813798,7.767264
worker_1,1466,1788087079.254205,50,7.915160,7.868576
worker_1,1467,1788087079.262136,50,7.908030,7.861376
worker_1,1468,1788087079.270061,50,7.916495,7.866144
worker_1,1469,1788087079.277994,50,7.912762,7.866624
worker_1,1470,1788087079.285923,50,8.130652,7.868352
worker_1,1471,1788087079.294105,50,8.328673,7.994912
worker_1,1472,1788087079.302480,50,8.378128,8.047936
worker_1,1473,1788087079.310910,50,8.274072,7.943648
worker_1,1474,1788087079.319245,50,8.104671,7.978624
worker_1,1475,1788087079.327376,50,7.703676,7.647584
worker_1,1476,1788087079.335099,50,7.807844,7.762304
worker_1,1477,1788087079.342923,50,7.666761,7.621248
worker_1,1478,1788087079.350606,50,7.814308,7.767136
worker_1,1479,1788087079.358438,50,7.914244,7.869504
worker_1,1480,1788087079.366369,50,7.686009,7.639296
worker_1,1481,1788087079.374072,50,7.688343,7.642496
worker_1,1482,1788087079.381777,50,7.931910,7.885408
worker_1,1483,1788087079.389725,50,8.044884,7.775904
worker_1,1484,1788087079.397820,50,8.428082,8.097536
worker_1,1485,1788087079.406295,50,8.292320,7.963360
worker_1,1486,1788087079.414634,50,8.189163,7.863072
worker_1,1487,1788087079.422869,50,8.195375,7.868736
worker_1,1488,1788087079.431111,50,7.949792,7.622496
worker_1,1489,1788087079.439110,50,7.998652,7.627680
worker_1,1490,1788087079.447155,50,8.024957,7.685408
worker_1,1491,1788087079.455228,50,8.104876,7.771936
worker_1,1492,1788087079.463381,50,8.248997,7.916224
worker_1,1493,1788087079.471679,50,8.072837,7.948608
worker_1,1494,1788087079.479791,50,7.865872,7.811648
worker_1,1495,1788087079.487675,50,7.944652,7.897472
worker_1,1496,1788087079.495637,50,7.890873,7.845248
worker_1,1497,1788087079.503544,50,7.861123,7.814592
worker_1,1498,1788087079.511422,50,7.944660,7.897344
worker_1,1499,1788087079.519382,50,7.685954,7.639200
worker_1,1500,1788087079.527086,50,7.763556,7.717408
worker_1,1501,1788087079.534865,50,7.854058,7.722880
worker_1,1502,1788087079.542735,50,7.352952,7.160096
worker_1,1503,1788087079.550106,50,7.831984,7.634816
worker_1,1504,1788087079.557954,50,8.017364,7.821056
worker_1,1505,1788087079.565992,50,8.045503,7.638848
worker_1,1506,1788087079.574086,50,7.689620,7.301888
worker_1,1507,1788087079.581822,50,7.846048,7.362016
worker_1,1508,1788087079.589716,50,7.829261,7.690752
worker_1,1509,1788087079.597573,50,7.723631,7.523232
worker_1,1510,1788087079.605315,50,7.911697,7.716704
worker_1,1511,1788087079.613244,50,7.916678,7.720800
worker_1,1512,1788087079.621176,50,7.719714,7.540256
worker_1,1513,1788087079.628926,50,7.154403,6.952704
worker_1,1514,1788087079.636096,50,7.339942,7.289376
worker_1,1515,1788087079.643455,50,7.712686,7.454752
worker_1,1516,1788087079.651215,50,8.039263,7.709376
worker_1,1517,1788087079.659302,50,7.961364,7.629888
worker_1,1518,1788087079.667312,50,8.246357,7.916512
worker_1,1519,1788087079.675606,50,8.279793,7.950592
worker_1,1520,1788087079.683934,50,8.249866,7.921184
worker_1,1521,1788087079.692247,50,8.283737,7.938560
worker_1,1522,1788087079.700579,50,8.097393,7.975424
worker_1,1523,1788087079.708702,50,7.766391,7.715648
worker_1,1524,1788087079.716486,50,7.613352,7.567680
worker_1,1525,1788087079.724117,50,7.722233,7.678304
worker_1,1526,1788087079.731855,50,7.504897,7.458688
worker_1,1527,1788087079.739377,50,7.572463,7.527424
worker_1,1528,1788087079.746964,50,7.508166,7.461568
worker_1,1529,1788087079.754489,50,7.763188,7.715904
worker_1,1530,1788087079.762268,50,7.772955,7.727264
worker_1,1531,1788087079.770057,50,8.076939,7.818304
worker_1,1532,1788087079.778277,50,8.117209,7.784224
worker_1,1533,1788087079.786458,50,8.281284,7.951648
worker_1,1534,1788087079.794785,50,7.965688,7.633536
worker_1,1535,1788087079.802796,50,8.260422,7.922432
worker_1,1536,1788087079.811103,50,7.835900,7.711200
worker_1,1537,1788087079.818964,50,8.122411,7.821760
worker_1,1538,1788087079.827137,50,7.903503,7.778080
worker_1,1539,1788087079.835065,50,7.783252,7.724864
worker_1,1540,1788087079.842870,50,7.729510,7.456064
worker_1,1541,1788087079.850651,50,7.934327,7.802048
worker_1,1542,1788087079.858613,50,7.743798,7.460672
worker_1,1543,1788087079.866404,50,8.058763,7.929632
worker_1,1544,1788087079.874490,50,7.957800,7.685056
worker_1,1545,1788087079.882497,50,8.034476,7.910816
worker_1,1546,1788087079.890559,50,8.010857,7.744448
worker_1,1547,1788087079.898620,50,8.055430,7.931840
worker_1,1548,1788087079.906702,50,8.189144,7.924928
worker_1,1549,1788087079.914940,50,7.934902,7.801344
worker_1,1550,1788087079.922909,50,7.611517,7.540320
worker_1,1551,1788087079.930544,50,7.707881,7.443936
worker_1,1552,1788087079.938314,50,7.881123,7.749728
worker_1,1553,1788087079.946224,50,7.735567,7.459040
worker_1,1554,1788087079.954009,50,7.913772,7.786624
worker_1,1555,1788087079.961952,50,7.913161,7.644288
worker_1,1556,1788087079.969915,50,8.153125,8.029856
worker_1,1557,1788087079.978094,50,7.979216,7.709280
worker_1,1558,1788087079.986122,50,8.077958,7.955424
worker_1,1559,1788087079.994226,50,7.968346,7.704896
worker_1,1560,1788087080.002242,50,8.153274,8.029664
worker_1,1561,1788087080.010420,50,8.014244,7.748160
worker_1,1562,1788087080.018483,50,8.096764,7.971936
worker_1,1563,1788087080.026605,50,7.677473,7.411360
worker_1,1564,1788087080.034331,50,7.963707,7.840160
worker_1,1565,1788087080.042320,50,7.920883,7.659712
worker_1,1566,1788087080.050289,50,7.991004,7.864896
worker_1,1567,1788087080.058310,50,8.098301,7.834112
worker_1,1568,1788087080.066457,50,7.849087,7.725952
worker_1,1569,1788087080.074333,50,8.055310,7.776864
worker_1,1570,1788087080.082436,50,8.151403,7.816320
worker_1,1571,1788087080.090634,50,8.094393,7.972576
worker_1,1572,1788087080.098769,50,7.808483,7.754080
worker_1,1573,1788087080.106597,50,7.924643,7.879456
worker_1,1574,1788087080.114540,50,7.694779,7.649856
worker_1,1575,1788087080.122251,50,7.877141,7.830880
worker_1,1576,1788087080.130143,50,7.471850,7.423584
worker_1,1577,1788087080.137632,50,7.857225,7.808864
worker_1,1578,1788087080.145505,50,7.579425,7.531520
worker_1,1579,1788087080.153100,50,7.553500,7.277344
worker_1,1580,1788087080.160705,50,7.872957,7.535968
worker_1,1581,1788087080.168627,50,8.098578,7.764160
worker_1,1582,1788087080.176773,50,8.144171,7.800640
worker_1,1583,1788087080.184964,50,8.323516,7.998528
worker_1,1584,1788087080.193336,50,8.165533,7.830784
worker_1,1585,1788087080.201549,50,8.301987,7.955840
worker_1,1586,1788087080.209897,50,8.065181,7.736928
worker_1,1587,1788087080.218010,50,8.296081,7.962592
worker_1,1588,1788087080.226353,50,8.102431,7.763552
worker_1,1589,1788087080.234501,50,8.117180,7.773344
worker_1,1590,1788087080.242666,50,7.918881,7.577568
worker_1,1591,1788087080.250644,50,8.074550,7.736288
worker_1,1592,1788087080.258765,50,7.598064,7.473408
worker_1,1593,1788087080.266389,50,7.949661,7.686656
worker_1,1594,1788087080.274388,50,7.913687,7.790400
worker_1,1595,1788087080.282327,50,8.113050,7.846112
worker_1,1596,1788087080.290491,50,8.087199,7.964192
worker_1,1597,1788087080.298605,50,8.070690,7.805888
worker_1,1598,1788087080.306725,50,8.048133,7.924640
worker_1,1599,1788087080.314799,50,8.012114,7.750592
worker_1,1600,1788087080.322860,50,8.036097,7.910688
worker_1,1601,1788087080.330921,50,8.008421,7.727680
worker_1,1602,1788087080.338978,50,8.033235,7.909600
worker_1,1603,1788087080.347037,50,8.010383,7.740448
worker_1,1604,1788087080.355097,50,8.072939,7.944960
worker_1,1605,1788087080.363197,50,7.966605,7.701248
worker_1,1606,1788087080.371213,50,7.982031,7.858528
worker_1,1607,1788087080.379220,50,7.820817,7.555872
worker_1,1608,1788087080.387092,50,7.980457,7.850496
worker_1,1609,1788087080.395100,50,7.819417,7.549824
worker_1,1610,1788087080.402967,50,7.809612,7.686176
worker_1,1611,1788087080.410818,50,7.421841,7.365568
worker_1,1612,1788087080.418259,50,7.936178,7.677504
worker_1,1613,1788087080.426245,50,7.765622,7.639584
worker_1,1614,1788087080.434034,50,7.937141,7.659168
worker_1,1615,1788087080.442022,50,7.750956,7.615552
worker_1,1616,1788087080.449800,50,7.892363,7.832256
worker_1,1617,1788087080.457713,50,7.750825,7.692416
worker_1,1618,1788087080.465480,50,7.716576,7.670912
worker_1,1619,1788087080.473214,50,7.580129,7.533248
worker_1,1620,1788087080.480810,50,7.885613,7.840544
worker_1,1621,1788087080.488713,50,7.516110,7.469856
worker_1,1622,1788087080.496245,50,7.900225,7.856160
worker_1,1623,1788087080.504161,50,7.811419,7.766176
worker_1,1624,1788087080.511990,50,7.726418,7.682112
worker_1,1625,1788087080.519732,50,7.918753,7.871584
worker_1,1626,1788087080.527667,50,7.767103,7.720448
worker_1,1627,1788087080.535450,50,8.009476,7.876288
worker_1,1628,1788087080.543475,50,7.882327,7.472128
worker_1,1629,1788087080.551408,50,8.275108,7.787520
worker_1,1630,1788087080.559748,50,8.004948,7.518240
worker_1,1631,1788087080.567800,50,8.113986,7.636288
worker_1,1632,1788087080.575959,50,7.933401,7.473824
worker_1,1633,1788087080.583941,50,8.161393,7.648608
worker_1,1634,1788087080.592149,50,7.841271,7.548288
worker_1,1635,1788087080.600016,50,7.469277,7.338048
worker_1,1636,1788087080.607504,50,7.538231,7.326592
worker_1,1637,1788087080.615060,50,7.722870,7.527520
worker_1,1638,1788087080.622800,50,7.788790,7.663776
worker_1,1639,1788087080.630605,50,7.560861,7.450976
worker_1,1640,1788087080.638183,50,7.873030,7.824992
worker_1,1641,1788087080.646071,50,7.683057,7.636192
worker_1,1642,1788087080.653769,50,7.882836,7.835808
worker_1,1643,1788087080.661669,50,7.777798,7.733472
worker_1,1644,1788087080.669461,50,7.932124,7.675360
worker_1,1645,1788087080.677443,50,8.092717,7.758208
worker_1,1646,1788087080.685583,50,8.057921,7.727040
worker_1,1647,1788087080.693689,50,8.195580,7.861376
worker_1,1648,1788087080.701934,50,8.086645,7.755168
worker_1,1649,1788087080.710067,50,8.265062,7.918784
worker_1,1650,1788087080.718391,50,7.879188,7.548512
worker_1,1651,1788087080.726316,50,8.305284,7.979808
worker_1,1652,1788087080.734669,50,8.196830,7.866016
worker_1,1653,1788087080.742911,50,7.844761,7.519712
worker_1,1654,1788087080.750802,50,8.251598,7.922976
worker_1,1655,1788087080.759101,50,8.095550,7.767520
worker_1,1656,1788087080.767242,50,7.949011,7.826560
worker_1,1657,1788087080.775220,50,8.007818,7.737888
worker_1,1658,1788087080.783277,50,7.978096,7.852256
worker_1,1659,1788087080.791282,50,7.972059,7.705024
worker_1,1660,1788087080.799305,50,7.948697,7.824096
worker_1,1661,1788087080.807281,50,7.990827,7.721344
worker_1,1662,1788087080.815320,50,7.928855,7.804032
worker_1,1663,1788087080.823275,50,7.880215,7.611840
worker_1,1664,1788087080.831205,50,7.891734,7.766880
worker_1,1665,1788087080.839122,50,7.927217,7.858784
worker_1,1666,1788087080.847069,50,7.798326,7.750720
worker_1,1667,1788087080.854885,50,7.744816,7.698688
worker_1,1668,1788087080.862645,50,7.697529,7.649504
worker_1,1669,1788087080.870365,50,7.720010,7.673184
worker_1,1670,1788087080.878102,50,7.906837,7.862400
worker_1,1671,1788087080.886024,50,7.600620,7.556064
worker_1,1672,1788087080.893641,50,7.858724,7.812704
worker_1,1673,1788087080.901516,50,7.787114,7.740128
worker_1,1674,1788087080.909319,50,7.915975,7.865248
worker_1,1675,1788087080.917250,50,7.913456,7.863104
worker_1,1676,1788087080.925178,50,7.902540,7.641728
worker_1,1677,1788087080.933131,50,8.271923,7.940800
worker_1,1678,1788087080.941449,50,8.109236,7.773696
worker_1,1679,1788087080.949607,50,8.044485,7.918848
worker_1,1680,1788087080.957679,50,7.741566,7.684832
worker_1,1681,1788087080.965440,50,7.896762,7.832800
worker_1,1682,1788087080.973354,50,7.951225,7.902272
worker_1,1683,1788087080.981406,50,7.931808,7.872736
worker_1,1684,1788087080.989357,50,7.802881,7.755296
worker_1,1685,1788087080.997176,50,7.963577,7.701952
worker_1,1686,1788087081.005187,50,7.952067,7.614336
worker_1,1687,1788087081.013188,50,7.919984,7.587584
worker_1,1688,1788087081.021156,50,7.842271,7.498240
worker_1,1689,1788087081.029062,50,7.902345,7.562144
worker_1,1690,1788087081.037014,50,8.143782,7.803584
worker_1,1691,1788087081.045207,50,8.299405,7.951520
worker_1,1692,1788087081.053555,50,8.067995,7.728768
worker_1,1693,1788087081.061670,50,8.408516,8.076160
worker_1,1694,1788087081.070125,50,8.265098,7.936224
worker_1,1695,1788087081.078437,50,7.938438,7.604640
worker_1,1696,1788087081.086423,50,8.151615,7.807776
worker_1,1697,1788087081.094622,50,8.004179,7.659008
worker_1,1698,1788087081.102672,50,7.953808,7.834208
worker_1,1699,1788087081.110651,50,7.708844,7.445376
worker_1,1700,1788087081.118407,50,7.893567,7.769408
worker_1,1701,1788087081.126328,50,7.765279,7.497664
worker_1,1702,1788087081.134142,50,7.884799,7.754656
worker_1,1703,1788087081.142052,50,7.794836,7.526976
worker_1,1704,1788087081.149895,50,7.884873,7.757728
worker_1,1705,1788087081.157807,50,7.975827,7.703392
worker_1,1706,1788087081.165833,50,7.762817,7.639456
worker_1,1707,1788087081.173621,50,8.181135,7.911488
worker_1,1708,1788087081.181865,50,7.926966,7.798272
worker_1,1709,1788087081.189817,50,7.807632,7.539808
worker_1,1710,1788087081.197672,50,7.885558,7.761344
worker_1,1711,1788087081.205584,50,7.742427,7.473664
worker_1,1712,1788087081.213375,50,8.048986,7.717088
worker_1,1713,1788087081.221471,50,8.077976,7.742528
worker_1,1714,1788087081.229596,50,7.967558,7.637536
worker_1,1715,1788087081.237612,50,7.946532,7.823200
worker_1,1716,1788087081.245585,50,7.799881,7.745248
worker_1,1717,1788087081.253405,50,7.864901,7.817312
worker_1,1718,1788087081.261286,50,7.803353,7.758112
worker_1,1719,1788087081.269107,50,7.871410,7.826496
worker_1,1720,1788087081.276994,50,7.742418,7.693056
worker_1,1721,1788087081.284754,50,7.857604,7.796960
worker_1,1722,1788087081.292628,50,7.614927,7.567360
worker_1,1723,1788087081.300259,50,7.881550,7.835968
worker_1,1724,1788087081.308156,50,7.905151,7.645824
worker_1,1725,1788087081.316112,50,8.345071,8.005280
worker_1,1726,1788087081.324505,50,8.085310,7.742848
worker_1,1727,1788087081.332638,50,8.285997,7.938400
worker_1,1728,1788087081.340983,50,8.013486,7.683328
worker_1,1729,1788087081.349044,50,8.246237,7.910016
worker_1,1730,1788087081.357336,50,8.039412,7.700064
worker_1,1731,1788087081.365422,50,8.082097,7.723360
worker_1,1732,1788087081.373553,50,7.893058,7.556832
worker_1,1733,1788087081.381493,50,8.149932,7.817888
worker_1,1734,1788087081.389693,50,8.061096,7.730336
worker_1,1735,1788087081.397802,50,7.872623,7.542112
worker_1,1736,1788087081.405724,50,8.058477,7.726016
worker_1,1737,1788087081.413831,50,7.776353,7.652160
worker_1,1738,1788087081.421635,50,8.001995,7.728000
worker_1,1739,1788087081.429687,50,7.831224,7.706624
worker_1,1740,1788087081.437545,50,7.932096,7.663680
worker_1,1741,1788087081.445527,50,7.511971,7.388544
worker_1,1742,1788087081.453066,50,7.893113,7.590880
worker_1,1743,1788087081.461009,50,7.254691,7.127680
worker_1,1744,1788087081.468288,50,7.660630,7.602240
worker_1,1745,1788087081.475968,50,7.598510,7.552416
worker_1,1746,1788087081.483583,50,7.592656,7.546112
worker_1,1747,1788087081.491199,50,7.602148,7.556000
worker_1,1748,1788087081.498818,50,7.520304,7.471904
worker_1,1749,1788087081.506354,50,7.671825,7.628032
worker_1,1750,1788087081.514040,50,7.652890,7.605312
worker_1,1751,1788087081.521708,50,7.810400,7.764448
worker_1,1752,1788087081.529536,50,7.784623,7.739168
worker_1,1753,1788087081.537335,50,7.793956,7.600544
worker_1,1754,1788087081.545144,50,7.549740,7.496192
worker_1,1755,1788087081.552710,50,7.782641,7.588640
worker_1,1756,1788087081.560508,50,7.878743,7.464128
worker_1,1757,1788087081.568438,50,8.084569,7.603904
worker_1,1758,1788087081.576570,50,7.971855,7.494208
worker_1,1759,1788087081.584591,50,7.736826,7.249888
worker_1,1760,1788087081.592376,50,8.106792,7.632992
worker_1,1761,1788087081.600530,50,7.765353,7.273152
worker_1,1762,1788087081.608342,50,7.832753,7.409344
worker_1,1763,1788087081.616234,50,7.404304,7.134272
worker_1,1764,1788087081.623663,50,7.120135,7.063232
worker_1,1765,1788087081.630801,50,6.969829,6.767040
worker_1,1766,1788087081.637787,50,6.939522,6.839392
worker_1,1767,1788087081.644759,50,7.244480,7.059040
worker_1,1768,1788087081.652020,50,7.603704,7.556160
worker_1,1769,1788087081.659641,50,7.731946,7.684192
worker_1,1770,1788087081.667390,50,7.502379,7.455776
worker_1,1771,1788087081.674909,50,7.594870,7.548480
worker_1,1772,1788087081.682519,50,7.643982,7.598848
worker_1,1773,1788087081.690178,50,7.973948,7.719168
worker_1,1774,1788087081.698202,50,8.060031,7.731840
worker_1,1775,1788087081.706311,50,8.138931,7.810496
worker_1,1776,1788087081.714498,50,8.096913,7.751456
worker_1,1777,1788087081.722642,50,8.075420,7.747264
worker_1,1778,1788087081.730765,50,8.061032,7.732288
worker_1,1779,1788087081.738874,50,8.089699,7.760896
worker_1,1780,1788087081.747010,50,8.103708,7.773504
worker_1,1781,1788087081.755161,50,8.087097,7.759136
worker_1,1782,1788087081.763294,50,8.113088,7.785024
worker_1,1783,1788087081.771455,50,7.825150,7.699456
worker_1,1784,1788087081.779305,50,7.974855,7.705216
worker_1,1785,1788087081.787330,50,7.817364,7.692032
worker_1,1786,1788087081.795186,50,8.111041,7.841824
worker_1,1787,1788087081.803343,50,7.750623,7.626784
worker_1,1788,1788087081.811120,50,8.141236,7.875264
worker_1,1789,1788087081.819313,50,7.725251,7.599968
worker_1,1790,1788087081.827063,50,8.133087,7.867520
worker_1,1791,1788087081.835247,50,7.679482,7.553312
worker_1,1792,1788087081.842953,50,8.091448,7.818976
worker_1,1793,1788087081.851094,50,7.895661,7.772352
worker_1,1794,1788087081.859016,50,7.871558,7.605184
worker_1,1795,1788087081.866935,50,7.854150,7.730144
worker_1,1796,1788087081.874814,50,7.746436,7.691360
worker_1,1797,1788087081.882578,50,7.842678,7.580032
worker_1,1798,1788087081.890469,50,7.903530,7.777664
worker_1,1799,1788087081.898401,50,7.770586,7.505632
worker_1,1800,1788087081.906219,50,8.094217,7.966048
worker_1,1801,1788087081.914341,50,8.142995,7.875520
worker_1,1802,1788087081.922533,50,8.166773,8.040320
worker_1,1803,1788087081.930727,50,8.036143,7.769216
worker_1,1804,1788087081.938811,50,8.075680,7.950336
worker_1,1805,1788087081.946913,50,7.926576,7.657952
worker_1,1806,1788087081.954901,50,7.982383,7.852448
worker_1,1807,1788087081.962908,50,7.863892,7.600352
worker_1,1808,1788087081.970821,50,7.975892,7.835744
worker_1,1809,1788087081.978824,50,7.867068,7.597312
worker_1,1810,1788087081.986740,50,7.814724,7.689760
worker_1,1811,1788087081.994582,50,7.587296,7.531424
worker_1,1812,1788087082.002188,50,7.729057,7.683072
worker_1,1813,1788087082.009934,50,7.617287,7.571072
worker_1,1814,1788087082.017568,50,7.932706,7.757888
worker_1,1815,1788087082.025517,50,7.545649,7.493120
worker_1,1816,1788087082.033075,50,7.699797,7.641344
worker_1,1817,1788087082.040802,50,7.804373,7.731616
worker_1,1818,1788087082.048630,50,7.774306,7.704864
worker_1,1819,1788087082.056428,50,7.978095,7.919392
worker_1,1820,1788087082.064429,50,7.575325,7.508064
worker_1,1821,1788087082.072024,50,7.857512,7.807520
worker_1,1822,1788087082.079902,50,7.622463,7.353024
worker_1,1823,1788087082.087574,50,8.289359,7.930560
worker_1,1824,1788087082.095912,50,7.644667,7.498144
worker_1,1825,1788087082.103586,50,7.595732,7.484960
worker_1,1826,1788087082.111214,50,7.951920,7.879552
worker_1,1827,1788087082.119188,50,7.893178,7.844128
worker_1,1828,1788087082.127097,50,7.825326,7.778336
worker_1,1829,1788087082.134939,50,7.915856,7.865632
worker_1,1830,1788087082.142872,50,7.904401,7.860288
worker_1,1831,1788087082.150794,50,8.143560,7.870368
worker_1,1832,1788087082.158988,50,8.269840,7.925920
worker_1,1833,1788087082.167304,50,8.243579,7.905408
worker_1,1834,1788087082.175684,50,8.314600,7.975616
worker_1,1835,1788087082.184046,50,7.985170,7.654752
worker_1,1836,1788087082.192079,50,8.167495,7.710848
worker_1,1837,1788087082.200284,50,7.949318,7.702592
worker_1,1838,1788087082.208259,50,7.773724,7.486752
worker_1,1839,1788087082.216082,50,8.303506,7.832480
worker_1,1840,1788087082.224433,50,8.063681,7.566432
worker_1,1841,1788087082.232545,50,8.060152,7.786976
worker_1,1842,1788087082.240632,50,7.788317,7.518304
worker_1,1843,1788087082.248470,50,8.046273,7.922272
worker_1,1844,1788087082.256541,50,8.033734,7.768192
worker_1,1845,1788087082.264638,50,8.136022,8.006560
worker_1,1846,1788087082.272801,50,8.034958,7.763584
worker_1,1847,1788087082.280886,50,8.033458,7.910880
worker_1,1848,1788087082.288946,50,8.048032,7.782112
worker_1,1849,1788087082.297043,50,8.087718,7.963104
worker_1,1850,1788087082.305157,50,8.002253,7.733344
worker_1,1851,1788087082.313209,50,8.161189,7.906528
worker_1,1852,1788087082.321396,50,8.065662,7.670784
worker_1,1853,1788087082.329510,50,8.057170,7.797984
worker_1,1854,1788087082.337592,50,7.795770,7.482592
worker_1,1855,1788087082.345436,50,7.894353,7.771680
worker_1,1856,1788087082.353356,50,8.027188,7.756064
worker_1,1857,1788087082.361430,50,8.030475,7.905664
worker_1,1858,1788087082.369488,50,7.669861,7.615648
worker_1,1859,1788087082.377176,50,7.903734,7.645696
worker_1,1860,1788087082.385128,50,8.061985,7.732768
worker_1,1861,1788087082.393236,50,7.972763,7.850496
worker_1,1862,1788087082.401234,50,7.712204,7.658976
worker_1,1863,1788087082.408963,50,7.764325,7.717408
worker_1,1864,1788087082.416754,50,7.678334,7.630624
worker_1,1865,1788087082.424448,50,7.913031,7.867104
worker_1,1866,1788087082.432379,50,7.580195,7.533696
worker_1,1867,1788087082.439976,50,7.866669,7.816768
worker_1,1868,1788087082.447860,50,7.417055,7.369120
worker_1,1869,1788087082.455293,50,7.829391,7.782112
worker_1,1870,1788087082.463139,50,8.131216,7.872288
worker_1,1871,1788087082.471321,50,8.140476,7.810816
worker_1,1872,1788087082.479508,50,8.367997,8.026208
worker_1,1873,1788087082.487923,50,8.073374,7.743936
worker_1,1874,1788087082.496042,50,8.305219,7.975744
worker_1,1875,1788087082.504394,50,8.105134,7.774080
worker_1,1876,1788087082.512546,50,8.250533,7.914592
worker_1,1877,1788087082.520844,50,8.103634,7.772800
worker_1,1878,1788087082.528996,50,8.212803,7.890304
worker_1,1879,1788087082.537257,50,7.831836,7.355456
worker_1,1880,1788087082.545137,50,7.948281,7.590688
worker_1,1881,1788087082.553134,50,8.075847,7.594144
worker_1,1882,1788087082.561257,50,8.245506,7.767072
worker_1,1883,1788087082.569551,50,7.727946,7.459936
worker_1,1884,1788087082.577317,50,8.021032,7.601856
worker_1,1885,1788087082.585386,50,7.484203,7.192512
worker_1,1886,1788087082.592897,50,7.976531,7.558112
worker_1,1887,1788087082.600921,50,7.591556,7.437504
worker_1,1888,1788087082.608537,50,8.043809,7.765344
worker_1,1889,1788087082.616628,50,7.928133,7.663168
worker_1,1890,1788087082.624582,50,7.808567,7.649312
worker_1,1891,1788087082.632412,50,7.710483,7.623744
worker_1,1892,1788087082.640139,50,7.755066,7.562048
worker_1,1893,1788087082.647910,50,7.400898,7.351680
worker_1,1894,1788087082.655328,50,7.762844,7.717760
worker_1,1895,1788087082.663106,50,7.738409,7.693216
worker_1,1896,1788087082.670861,50,7.948855,7.904416
worker_1,1897,1788087082.678827,50,7.693501,7.649856
worker_1,1898,1788087082.686538,50,7.964798,7.919744
worker_1,1899,1788087082.694519,50,7.743038,7.696896
worker_1,1900,1788087082.702277,50,7.913188,7.868000
worker_1,1901,1788087082.710206,50,7.693038,7.647296
worker_1,1902,1788087082.717915,50,8.088579,7.829888
worker_1,1903,1788087082.726065,50,8.133070,7.795520
worker_1,1904,1788087082.734246,50,8.288025,7.943840
worker_1,1905,1788087082.742582,50,7.996310,7.661408
worker_1,1906,1788087082.750625,50,8.193098,7.863616
worker_1,1907,1788087082.758865,50,8.094830,7.769120
worker_1,1908,1788087082.767007,50,8.084977,7.962528
worker_1,1909,1788087082.775117,50,7.684094,7.629728
worker_1,1910,1788087082.782824,50,7.715437,7.667264
worker_1,1911,1788087082.790556,50,7.765687,7.719008
worker_1,1912,1788087082.798339,50,7.931928,7.887040
worker_1,1913,1788087082.806287,50,7.914873,7.868544
worker_1,1914,1788087082.814216,50,7.728798,7.684352
worker_1,1915,1788087082.821961,50,7.949438,7.897952
worker_1,1916,1788087082.829927,50,7.692297,7.644160
worker_1,1917,1788087082.837636,50,7.689103,7.639360
worker_1,1918,1788087082.845341,50,7.941892,7.685056
worker_1,1919,1788087082.853332,50,8.223894,7.897056
worker_1,1920,1788087082.861602,50,8.025587,7.689472
worker_1,1921,1788087082.869675,50,8.119820,7.784928
worker_1,1922,1788087082.877841,50,8.020153,7.692192
worker_1,1923,1788087082.885921,50,8.214172,7.888448
worker_1,1924,1788087082.894181,50,7.818122,7.488320
worker_1,1925,1788087082.902047,50,8.031218,7.701312
worker_1,1926,1788087082.910125,50,7.949725,7.619392
worker_1,1927,1788087082.918121,50,8.007245,7.681568
worker_1,1928,1788087082.926175,50,8.142181,7.818752
worker_1,1929,1788087082.934364,50,7.634278,7.302944
worker_1,1930,1788087082.942044,50,7.945429,7.619488
worker_1,1931,1788087082.950036,50,7.214043,7.089184
worker_1,1932,1788087082.957274,50,8.177874,7.917120
worker_1,1933,1788087082.965497,50,7.709584,7.590048
worker_1,1934,1788087082.973231,50,7.914744,7.650336
worker_1,1935,1788087082.981194,50,7.754790,7.632160
worker_1,1936,1788087082.988974,50,8.007365,7.726656
worker_1,1937,1788087082.997030,50,7.729140,7.600000
worker_1,1938,1788087083.004784,50,7.686233,7.421856
worker_1,1939,1788087083.012520,50,7.400840,7.273600
worker_1,1940,1788087083.019945,50,7.916299,7.646688
worker_1,1941,1788087083.027909,50,7.783317,7.654496
worker_1,1942,1788087083.035733,50,7.939901,7.673792
worker_1,1943,1788087083.043723,50,7.821614,7.690656
worker_1,1944,1788087083.051570,50,7.977346,7.710400
worker_1,1945,1788087083.059596,50,7.853530,7.729536
worker_1,1946,1788087083.067475,50,7.766344,7.504256
worker_1,1947,1788087083.075290,50,7.814094,7.692960
worker_1,1948,1788087083.083130,50,8.011772,7.748672
worker_1,1949,1788087083.091190,50,8.074273,7.949472
worker_1,1950,1788087083.099289,50,8.018032,7.753536
worker_1,1951,1788087083.107355,50,7.849874,7.725568
worker_1,1952,1788087083.115232,50,7.917706,7.638464
worker_1,1953,1788087083.123199,50,8.035883,7.911808
worker_1,1954,1788087083.131261,50,7.766556,7.713664
worker_1,1955,1788087083.139049,50,7.743454,7.694944
worker_1,1956,1788087083.146809,50,7.726176,7.680896
worker_1,1957,1788087083.154553,50,7.705852,7.659776
worker_1,1958,1788087083.162275,50,7.706620,7.660768
worker_1,1959,1788087083.169998,50,7.814920,7.770304
worker_1,1960,1788087083.177831,50,7.729640,7.681632
worker_1,1961,1788087083.185577,50,7.691640,7.642528
worker_1,1962,1788087083.193303,50,7.534554,7.485920
worker_1,1963,1788087083.200855,50,7.651741,7.603040
worker_1,1964,1788087083.208523,50,7.526907,7.478848
worker_1,1965,1788087083.216066,50,7.681612,7.635456
worker_1,1966,1788087083.223764,50,7.741696,7.693600
worker_1,1967,1788087083.231522,50,7.758983,7.499776
worker_1,1968,1788087083.239331,50,8.134376,7.799456
worker_1,1969,1788087083.247513,50,7.921447,7.592576
worker_1,1970,1788087083.255482,50,8.243552,7.912960
worker_1,1971,1788087083.263772,50,8.052819,7.725024
worker_1,1972,1788087083.271873,50,8.261941,7.929920
worker_1,1973,1788087083.280182,50,8.124015,7.775232
worker_1,1974,1788087083.288354,50,8.350785,8.001664
worker_1,1975,1788087083.296752,50,8.325858,7.987520
worker_1,1976,1788087083.305125,50,8.241886,7.907680
worker_1,1977,1788087083.313415,50,8.115709,7.780768
worker_1,1978,1788087083.321578,50,8.328256,7.995776
worker_1,1979,1788087083.329953,50,8.115968,7.781248
worker_1,1980,1788087083.338117,50,8.194792,7.862400
worker_1,1981,1788087083.346371,50,7.942596,7.610400
worker_1,1982,1788087083.354363,50,8.145802,7.820800
worker_1,1983,1788087083.362556,50,7.968096,7.639360
worker_1,1984,1788087083.370571,50,7.775215,7.646592
worker_1,1985,1788087083.378448,50,7.078182,7.011520
worker_1,1986,1788087083.385548,50,7.730445,7.458592
worker_1,1987,1788087083.393330,50,6.956161,6.815200
worker_1,1988,1788087083.400313,50,7.793752,7.516448
worker_1,1989,1788087083.408157,50,7.557472,7.403584
worker_1,1990,1788087083.415739,50,7.867363,7.601472
worker_1,1991,1788087083.423654,50,7.889521,7.766176
worker_1,1992,1788087083.431571,50,7.929698,7.657120
worker_1,1993,1788087083.439550,50,8.090217,7.964064
worker_1,1994,1788087083.447668,50,7.754066,7.467232
worker_1,1995,1788087083.455472,50,8.060495,7.934528
worker_1,1996,1788087083.463559,50,7.793502,7.529664
worker_1,1997,1788087083.471402,50,7.848355,7.723584
worker_1,1998,1788087083.479278,50,7.336026,7.282080
worker_1,1999,1788087083.486634,50,7.683306,7.635072
worker_1,2000,1788087083.494334,50,7.400981,7.355072
worker_1,2001,1788087083.501759,50,5.713864,5.665344
worker_1,2002,1788087083.507490,50,7.710585,7.662112
worker_1,2003,1788087083.515218,50,7.733705,7.684832
worker_1,2004,1788087083.522969,50,7.754881,7.709600
worker_1,2005,1788087083.530739,50,7.699566,7.653984
worker_1,2006,1788087083.538455,50,7.816363,7.770080
worker_1,2007,1788087083.546287,50,7.695585,7.649024
worker_1,2008,1788087083.554000,50,7.771826,7.715072
worker_1,2009,1788087083.561788,50,7.749140,7.698496
worker_1,2010,1788087083.569556,50,7.670399,7.618912
worker_1,2011,1788087083.577245,50,7.773039,7.726336
worker_1,2012,1788087083.585036,50,7.701585,7.645472
worker_1,2013,1788087083.592754,50,7.743640,7.693088
worker_1,2014,1788087083.600513,50,7.676204,7.628608
worker_1,2015,1788087083.608207,50,7.742595,7.672672
worker_1,2016,1788087083.615966,50,7.791853,7.528640
worker_1,2017,1788087083.623813,50,8.216376,7.869312
worker_1,2018,1788087083.632079,50,8.174588,7.829376
worker_1,2019,1788087083.640302,50,8.326182,7.974400
worker_1,2020,1788087083.648695,50,8.150292,7.812480
worker_1,2021,1788087083.656894,50,8.285024,7.948064
worker_1,2022,1788087083.665227,50,8.137624,7.810432
worker_1,2023,1788087083.673411,50,8.246015,7.916320
worker_1,2024,1788087083.681702,50,7.793594,7.673280
worker_1,2025,1788087083.689522,50,7.763928,7.708256
worker_1,2026,1788087083.697305,50,7.624417,7.576480
worker_1,2027,1788087083.704947,50,7.781141,7.735104
worker_1,2028,1788087083.712744,50,7.593436,7.545248
worker_1,2029,1788087083.720354,50,7.682936,7.635232
worker_1,2030,1788087083.728053,50,7.680500,7.630720
worker_1,2031,1788087083.735750,50,7.809993,7.748512
worker_1,2032,1788087083.743578,50,7.832408,7.572096
worker_1,2033,1788087083.751461,50,8.149791,7.816128
worker_1,2034,1788087083.759660,50,7.885613,7.552544
worker_1,2035,1788087083.767593,50,8.117319,7.781120
worker_1,2036,1788087083.775761,50,7.891336,7.550528
worker_1,2037,1788087083.783703,50,7.750262,7.409760
worker_1,2038,1788087083.791502,50,7.158681,6.821632
worker_1,2039,1788087083.798707,50,8.133376,7.797216
worker_1,2040,1788087083.806903,50,8.040522,7.710624
worker_1,2041,1788087083.814990,50,8.132115,7.806560
worker_1,2042,1788087083.823169,50,8.274089,7.930304
worker_1,2043,1788087083.831491,50,7.931113,7.809152
worker_1,2044,1788087083.839447,50,7.875873,7.608768
worker_1,2045,1788087083.847371,50,7.864122,7.737664
worker_1,2046,1788087083.855261,50,7.967892,7.701408
worker_1,2047,1788087083.863277,50,7.896429,7.755968
worker_1,2048,1788087083.871199,50,7.972253,7.702432
worker_1,2049,1788087083.879221,50,7.920448,7.799584
worker_1,2050,1788087083.887167,50,7.840114,7.568416
worker_1,2051,1788087083.895055,50,7.618139,7.488800
worker_1,2052,1788087083.902703,50,7.602093,7.541312
worker_1,2053,1788087083.910325,50,7.071033,7.018752
worker_1,2054,1788087083.917413,50,7.767446,7.717440
worker_1,2055,1788087083.925196,50,7.772937,7.727072
worker_1,2056,1788087083.932985,50,7.686659,7.641536
worker_1,2057,1788087083.940688,50,7.705992,7.658880
worker_1,2058,1788087083.948410,50,7.647686,7.603200
worker_1,2059,1788087083.956088,50,7.904263,7.858752
worker_1,2060,1788087083.964009,50,7.549722,7.502208
worker_1,2061,1788087083.971578,50,7.884836,7.837056
worker_1,2062,1788087083.979480,50,7.513556,7.463296
worker_1,2063,1788087083.987009,50,7.697472,7.639648
worker_1,2064,1788087083.994724,50,7.560397,7.302176
worker_1,2065,1788087084.002336,50,8.165301,7.825632
worker_1,2066,1788087084.010552,50,7.814336,7.475776
worker_1,2067,1788087084.018414,50,8.144838,7.814112
worker_1,2068,1788087084.026609,50,7.921799,7.590688
worker_1,2069,1788087084.034579,50,8.242284,7.906784
worker_1,2070,1788087084.042870,50,8.135561,7.807232
worker_1,2071,1788087084.051052,50,8.344006,7.965248
worker_1,2072,1788087084.059443,50,8.225996,7.889600
worker_1,2073,1788087084.067716,50,8.253533,7.906272
worker_1,2074,1788087084.076016,50,7.913318,7.785728
worker_1,2075,1788087084.083955,50,7.601269,7.333120
worker_1,2076,1788087084.091606,50,7.570629,7.444352
worker_1,2077,1788087084.099203,50,7.746492,7.482880
worker_1,2078,1788087084.106998,50,7.788558,7.665504
worker_1,2079,1788087084.114828,50,7.944818,7.677600
worker_1,2080,1788087084.122822,50,8.025800,7.900640
worker_1,2081,1788087084.130873,50,7.926300,7.660160
worker_1,2082,1788087084.138849,50,7.802928,7.680064
worker_1,2083,1788087084.146677,50,7.859297,7.592608
worker_1,2084,1788087084.154585,50,7.941300,7.817760
worker_1,2085,1788087084.162552,50,7.751603,7.699520
worker_1,2086,1788087084.170322,50,7.883985,7.625184
worker_1,2087,1788087084.178255,50,8.155996,8.031488
worker_1,2088,1788087084.186439,50,7.480730,7.428192
worker_1,2089,1788087084.193940,50,7.735798,7.678464
worker_1,2090,1788087084.201695,50,7.492415,7.445824
worker_1,2091,1788087084.209205,50,7.710603,7.662880
worker_1,2092,1788087084.216932,50,7.720066,7.671360
worker_1,2093,1788087084.224670,50,7.746205,7.482848
worker_1,2094,1788087084.232466,50,8.099867,7.767840
worker_1,2095,1788087084.240613,50,8.214246,7.851200
worker_1,2096,1788087084.248874,50,8.148060,7.825376
worker_1,2097,1788087084.257069,50,8.180783,7.852576
worker_1,2098,1788087084.265307,50,8.135616,7.807904
worker_1,2099,1788087084.273490,50,8.099051,7.766048
worker_1,2100,1788087084.281637,50,8.068393,7.733728
worker_1,2101,1788087084.289755,50,8.099672,7.757440
worker_1,2102,1788087084.297906,50,8.197015,7.861632
worker_1,2103,1788087084.306152,50,8.037762,7.915968
worker_1,2104,1788087084.314215,50,7.886753,7.832992
worker_1,2105,1788087084.322122,50,7.616297,7.570176
worker_1,2106,1788087084.329756,50,7.926587,7.880832
worker_1,2107,1788087084.337699,50,7.691242,7.645632
worker_1,2108,1788087084.345407,50,7.895160,7.850400
worker_1,2109,1788087084.353319,50,7.684992,7.638592
worker_1,2110,1788087084.361021,50,7.951058,7.903456
worker_1,2111,1788087084.368989,50,7.726021,7.667936
worker_1,2112,1788087084.376731,50,8.139568,7.879264
worker_1,2113,1788087084.384922,50,7.919975,7.589280
worker_1,2114,1788087084.392888,50,8.021115,7.698528
worker_1,2115,1788087084.400955,50,7.886928,7.545856
worker_1,2116,1788087084.408892,50,8.075773,7.724672
worker_1,2117,1788087084.417016,50,7.535842,7.410944
worker_1,2118,1788087084.424588,50,7.731557,7.531584
worker_1,2119,1788087084.432340,50,6.870846,6.676960
worker_1,2120,1788087084.439229,50,6.987041,6.886720
worker_1,2121,1788087084.446232,50,7.122848,6.929728
worker_1,2122,1788087084.453372,50,7.749353,7.665440
worker_1,2123,1788087084.461137,50,7.707482,7.505056
worker_1,2124,1788087084.468860,50,5.756789,5.562016
worker_1,2125,1788087084.474631,50,7.382943,7.185696
worker_1,2126,1788087084.482031,50,5.893929,5.484512
worker_1,2127,1788087084.487973,50,6.947329,6.589760
worker_1,2128,1788087084.494968,50,6.580140,6.098720
worker_1,2129,1788087084.501593,50,8.015801,7.681408
worker_1,2130,1788087084.509656,50,7.524369,7.200288
worker_1,2131,1788087084.517226,50,8.067439,7.737408
worker_1,2132,1788087084.525341,50,7.260599,7.136768
worker_1,2133,1788087084.532630,50,7.908207,7.786560
worker_1,2134,1788087084.540558,50,7.553380,7.504128
worker_1,2135,1788087084.548128,50,7.674222,7.628224
worker_1,2136,1788087084.555912,50,7.810169,7.626080
worker_1,2137,1788087084.563752,50,7.764511,7.582752
worker_1,2138,1788087084.571536,50,7.734278,7.555264
worker_1,2139,1788087084.579287,50,7.900845,7.508096
worker_1,2140,1788087084.587236,50,8.090958,7.751392
worker_1,2141,1788087084.595374,50,7.874900,7.516384
worker_1,2142,1788087084.603298,50,7.960392,7.478112
worker_1,2143,1788087084.611307,50,7.964642,7.676768
worker_1,2144,1788087084.619298,50,7.573305,7.372256
worker_1,2145,1788087084.626891,50,7.398063,7.337568
worker_1,2146,1788087084.634307,50,7.548028,7.355904
worker_1,2147,1788087084.641871,50,7.527240,7.473952
worker_1,2148,1788087084.649415,50,7.612862,7.566656
worker_1,2149,1788087084.657043,50,7.457101,7.411040
worker_1,2150,1788087084.664518,50,7.546259,7.497728
worker_1,2151,1788087084.672079,50,7.725603,7.680096
worker_1,2152,1788087084.679821,50,7.725936,7.468032
worker_1,2153,1788087084.687594,50,7.469647,7.140512
worker_1,2154,1788087084.695112,50,7.888808,7.627712
worker_1,2155,1788087084.703035,50,7.798799,7.630912
worker_1,2156,1788087084.710857,50,7.703176,7.500064
worker_1,2157,1788087084.718591,50,7.722696,7.524896
worker_1,2158,1788087084.726334,50,7.865743,7.674400
worker_1,2159,1788087084.734216,50,7.870391,7.461312
worker_1,2160,1788087084.742133,50,8.040633,7.775584
worker_1,2161,1788087084.750199,50,7.567472,7.352480
worker_1,2162,1788087084.757792,50,7.505620,7.291904
worker_1,2163,1788087084.765318,50,7.286822,7.092768
worker_1,2164,1788087084.772622,50,7.671213,7.500448
worker_1,2165,1788087084.780313,50,7.512038,7.102656
worker_1,2166,1788087084.787875,50,8.201987,7.713536
worker_1,2167,1788087084.796129,50,7.179164,6.823968
worker_1,2168,1788087084.803357,50,7.810724,7.683456
worker_1,2169,1788087084.811200,50,7.728002,7.668064
worker_1,2170,1788087084.818948,50,7.696575,7.648064
worker_1,2171,1788087084.826661,50,7.900216,7.851744
worker_1,2172,1788087084.834579,50,7.632620,7.585760
worker_1,2173,1788087084.842227,50,7.865410,7.819168
worker_1,2174,1788087084.850109,50,7.510601,7.459296
worker_1,2175,1788087084.857637,50,7.932225,7.872832
worker_1,2176,1788087084.865593,50,7.569945,7.517952
worker_1,2177,1788087084.873180,50,7.871678,7.825088
worker_1,2178,1788087084.881067,50,7.766863,7.499936
worker_1,2179,1788087084.888884,50,8.203839,7.880128
worker_1,2180,1788087084.897136,50,7.870456,7.536608
worker_1,2181,1788087084.905055,50,8.177691,7.843744
worker_1,2182,1788087084.913282,50,7.542333,7.416160
worker_1,2183,1788087084.920851,50,7.889447,7.824128
worker_1,2184,1788087084.928766,50,7.456119,7.385088
worker_1,2185,1788087084.936242,50,7.687982,7.632864
worker_1,2186,1788087084.943952,50,7.500341,7.452128
worker_1,2187,1788087084.951469,50,7.879596,7.831232
worker_1,2188,1788087084.959369,50,7.544518,7.497856
worker_1,2189,1788087084.966930,50,7.876828,7.830912
worker_1,2190,1788087084.974823,50,7.558685,7.504800
worker_1,2191,1788087084.982399,50,8.110357,7.833024
worker_1,2192,1788087084.990557,50,7.922948,7.595552
worker_1,2193,1788087084.998526,50,8.254478,7.922080
worker_1,2194,1788087085.006828,50,7.937364,7.607232
worker_1,2195,1788087085.014811,50,8.030985,7.906688
worker_1,2196,1788087085.022879,50,6.817197,6.757920
worker_1,2197,1788087085.029714,50,7.892039,7.838976
worker_1,2198,1788087085.037623,50,7.576380,7.528928
worker_1,2199,1788087085.045216,50,7.684713,7.637536
worker_1,2200,1788087085.052919,50,7.593121,7.544736
worker_1,2201,1788087085.060530,50,7.667907,7.619872
worker_1,2202,1788087085.068226,50,7.645102,7.596384
worker_1,2203,1788087085.075887,50,7.546583,7.500928
worker_1,2204,1788087085.083449,50,7.726585,7.675808
worker_1,2205,1788087085.091192,50,7.550601,7.500864
worker_1,2206,1788087085.098761,50,8.000041,7.741504
worker_1,2207,1788087085.106809,50,7.596472,7.451872
worker_1,2208,1788087085.114431,50,7.876604,7.819232
worker_1,2209,1788087085.122327,50,7.452582,7.399744
worker_1,2210,1788087085.129798,50,7.860094,7.812608
worker_1,2211,1788087085.137674,50,7.638778,7.590112
worker_1,2212,1788087085.145331,50,7.937170,7.673600
worker_1,2213,1788087085.153316,50,7.705372,7.580448
worker_1,2214,1788087085.161050,50,7.755048,7.697120
worker_1,2215,1788087085.168836,50,7.713436,7.662496
worker_1,2216,1788087085.176567,50,7.682094,7.628128
worker_1,2217,1788087085.184269,50,7.890021,7.833472
worker_1,2218,1788087085.192177,50,7.666547,7.615456
worker_1,2219,1788087085.199860,50,7.736223,7.682112
worker_1,2220,1788087085.207608,50,7.620482,7.581184
worker_1,2221,1788087085.215242,50,7.814364,7.771648
worker_1,2222,1788087085.223073,50,7.763843,7.718528
worker_1,2223,1788087085.230855,50,7.827133,7.779808
worker_1,2224,1788087085.238698,50,7.540758,7.493184
worker_1,2225,1788087085.246255,50,7.863559,7.813600
worker_1,2226,1788087085.254137,50,7.623325,7.575200
worker_1,2227,1788087085.261777,50,7.878382,7.809600
worker_1,2228,1788087085.269684,50,7.725335,7.645536
worker_1,2229,1788087085.277431,50,7.855252,7.789728
worker_1,2230,1788087085.285309,50,8.015634,7.960064
worker_1,2231,1788087085.293344,50,7.846577,7.795744
worker_1,2232,1788087085.301209,50,8.046208,7.782816
worker_1,2233,1788087085.309306,50,8.205792,7.876192
worker_1,2234,1788087085.317559,50,8.334201,8.004800
worker_1,2235,1788087085.325953,50,7.974616,7.852384
worker_1,2236,1788087085.333955,50,7.939096,7.883072
worker_1,2237,1788087085.341913,50,7.715705,7.664544
worker_1,2238,1788087085.349643,50,7.818493,7.782016
worker_1,2239,1788087085.357474,50,7.642722,7.599008
worker_1,2240,1788087085.365133,50,7.873225,7.827328
worker_1,2241,1788087085.373023,50,7.724399,7.678848
worker_1,2242,1788087085.380763,50,8.079763,7.807008
worker_1,2243,1788087085.388892,50,8.107189,7.768416
worker_1,2244,1788087085.397048,50,8.333591,7.988160
worker_1,2245,1788087085.405429,50,8.056347,7.726720
worker_1,2246,1788087085.413532,50,8.101514,7.765568
worker_1,2247,1788087085.421681,50,7.765909,7.639232
worker_1,2248,1788087085.429473,50,7.794308,7.737952
worker_1,2249,1788087085.437287,50,7.635641,7.589664
worker_1,2250,1788087085.444941,50,7.081736,7.037280
worker_1,2251,1788087085.452038,50,7.632677,7.587008
worker_1,2252,1788087085.459689,50,7.847141,7.800288
worker_1,2253,1788087085.467551,50,7.517685,7.359072
worker_1,2254,1788087085.475097,50,7.836057,7.705088
worker_1,2255,1788087085.482949,50,7.766714,7.490656
worker_1,2256,1788087085.490765,50,7.832631,7.570464
worker_1,2257,1788087085.498624,50,7.736760,7.684608
worker_1,2258,1788087085.506380,50,7.720696,7.671520
worker_1,2259,1788087085.514118,50,7.615213,7.567200
worker_1,2260,1788087085.521752,50,7.715066,7.667232
worker_1,2261,1788087085.529483,50,7.698603,7.441952
worker_1,2262,1788087085.537231,50,7.998364,7.728416
worker_1,2263,1788087085.545254,50,7.311498,7.249280
worker_1,2264,1788087085.552585,50,7.687863,7.639968
worker_1,2265,1788087085.560289,50,7.597084,7.550720
worker_1,2266,1788087085.567902,50,7.780965,7.734688
worker_1,2267,1788087085.575698,50,7.241292,7.196352
worker_1,2268,1788087085.582956,50,8.118829,7.859040
worker_1,2269,1788087085.591126,50,7.693509,7.358016
worker_1,2270,1788087085.598867,50,8.325470,7.995424
worker_1,2271,1788087085.607240,50,7.696298,7.369088
worker_1,2272,1788087085.614983,50,8.089005,7.965632
worker_1,2273,1788087085.623101,50,7.653417,7.597312
worker_1,2274,1788087085.630780,50,7.700732,7.654048
worker_1,2275,1788087085.638498,50,7.567259,7.518656
worker_1,2276,1788087085.646080,50,7.681408,7.636896
worker_1,2277,1788087085.653780,50,7.758955,7.713984
worker_1,2278,1788087085.661556,50,7.529926,7.483264
worker_1,2279,1788087085.669101,50,7.730520,7.683680
worker_1,2280,1788087085.676849,50,7.539797,7.494272
worker_1,2281,1788087085.684403,50,7.991930,7.725184
worker_1,2282,1788087085.692447,50,7.932013,7.594720
worker_1,2283,1788087085.700428,50,8.270977,7.909696
worker_1,2284,1788087085.708752,50,7.902355,7.550048
worker_1,2285,1788087085.716703,50,8.288312,7.825184
worker_1,2286,1788087085.725038,50,8.022736,7.776320
worker_1,2287,1788087085.733165,50,7.606270,7.536928
worker_1,2288,1788087085.740794,50,7.783520,7.734656
worker_1,2289,1788087085.748594,50,7.311156,7.117952
worker_1,2290,1788087085.755921,50,6.673344,6.476832
worker_1,2291,1788087085.762610,50,6.632187,6.433376
worker_1,2292,1788087085.769258,50,6.854207,6.654560
worker_1,2293,1788087085.776138,50,7.059755,6.847776
worker_1,2294,1788087085.783216,50,7.145866,7.070048
worker_1,2295,1788087085.790381,50,7.355285,6.946144
worker_1,2296,1788087085.797785,50,7.782585,7.301440
worker_1,2297,1788087085.805618,50,7.813095,7.331552
worker_1,2298,1788087085.813481,50,8.068059,7.732416
worker_1,2299,1788087085.821598,50,7.898141,7.772512
worker_1,2300,1788087085.829522,50,7.808621,7.752544
worker_1,2301,1788087085.837350,50,7.715278,7.668576
worker_1,2302,1788087085.845083,50,7.743011,7.689728
worker_1,2303,1788087085.852844,50,7.552925,7.507072
worker_1,2304,1788087085.860413,50,7.687612,7.641952
worker_1,2305,1788087085.868116,50,7.604185,7.425312
worker_1,2306,1788087085.875738,50,7.864855,7.713248
worker_1,2307,1788087085.883621,50,7.534527,7.332704
worker_1,2308,1788087085.891174,50,7.768140,7.680672
worker_1,2309,1788087085.898961,50,7.696112,7.506464
worker_1,2310,1788087085.906674,50,7.774482,7.581888
worker_1,2311,1788087085.914464,50,7.561592,7.278336
worker_1,2312,1788087085.922076,50,8.106930,7.620832
worker_1,2313,1788087085.930245,50,7.821187,7.630912
worker_1,2314,1788087085.938092,50,7.774196,7.662336
worker_1,2315,1788087085.945884,50,7.408888,7.362272
worker_1,2316,1788087085.953311,50,7.814667,7.723680
worker_1,2317,1788087085.961166,50,8.083940,7.987200
worker_1,2318,1788087085.969273,50,7.758316,7.691872
worker_1,2319,1788087085.977053,50,7.685555,7.635424
worker_1,2320,1788087085.984756,50,7.931901,7.646080
worker_1,2321,1788087085.992738,50,7.916345,7.565760
worker_1,2322,1788087086.000704,50,8.276729,7.932736
worker_1,2323,1788087086.009032,50,7.423008,7.081600
worker_1,2324,1788087086.016504,50,8.103357,7.957184
worker_1,2325,1788087086.024637,50,7.249950,7.197024
worker_1,2326,1788087086.031906,50,7.867372,7.817728
worker_1,2327,1788087086.039795,50,7.379860,7.333664
worker_1,2328,1788087086.047191,50,7.878235,7.833376
worker_1,2329,1788087086.055086,50,7.415850,7.368320
worker_1,2330,1788087086.062517,50,7.875967,7.828544
worker_1,2331,1788087086.070410,50,7.462055,7.414592
worker_1,2332,1788087086.077901,50,7.837863,7.790336
worker_1,2333,1788087086.085755,50,7.793947,7.535264
worker_1,2334,1788087086.093601,50,8.315247,7.966080
worker_1,2335,1788087086.101968,50,7.858632,7.525760
worker_1,2336,1788087086.109874,50,8.253849,7.925024
worker_1,2337,1788087086.118179,50,7.918254,7.591904
worker_1,2338,1788087086.126146,50,7.873207,7.747424
worker_1,2339,1788087086.134050,50,7.132348,7.074272
worker_1,2340,1788087086.141202,50,7.586750,7.539456
worker_1,2341,1788087086.148806,50,6.910911,6.866368
worker_1,2342,1788087086.155733,50,7.585509,7.539392
worker_1,2343,1788087086.163335,50,7.548806,7.501568
worker_1,2344,1788087086.170902,50,7.058014,7.013120
worker_1,2345,1788087086.177976,50,7.437026,7.388768
worker_1,2346,1788087086.185428,50,8.127108,7.864544
worker_1,2347,1788087086.193607,50,8.172006,7.839744
worker_1,2348,1788087086.201826,50,8.295024,7.968000
worker_1,2349,1788087086.210169,50,8.080384,7.746368
worker_1,2350,1788087086.218299,50,8.209598,7.857664
worker_1,2351,1788087086.226558,50,7.883363,7.759776
worker_1,2352,1788087086.234478,50,7.566787,7.512320
worker_1,2353,1788087086.242064,50,7.779716,7.733920
worker_1,2354,1788087086.249860,50,7.459906,7.413280
worker_1,2355,1788087086.257336,50,7.824863,7.775200
worker_1,2356,1788087086.265179,50,7.440481,7.394976
worker_1,2357,1788087086.272635,50,7.718798,7.672096
worker_1,2358,1788087086.280371,50,7.589908,7.543328
worker_1,2359,1788087086.287976,50,7.725482,7.669280
worker_1,2360,1788087086.295722,50,7.620824,7.568160
worker_1,2361,1788087086.303363,50,8.079430,7.818368
worker_1,2362,1788087086.311495,50,7.878113,7.544704
worker_1,2363,1788087086.319424,50,8.311368,7.981984
worker_1,2364,1788087086.327786,50,7.880030,7.753984
worker_1,2365,1788087086.335693,50,7.978411,7.921376
worker_1,2366,1788087086.343691,50,8.033466,7.973536
worker_1,2367,1788087086.351743,50,7.866263,7.822432
worker_1,2368,1788087086.359625,50,7.873993,7.829024
worker_1,2369,1788087086.367516,50,7.784947,7.736480
worker_1,2370,1788087086.375318,50,7.770353,7.722880
worker_1,2371,1788087086.383113,50,7.753547,7.487680
worker_1,2372,1788087086.390916,50,7.991374,7.658848
worker_1,2373,1788087086.398954,50,7.986262,7.651040
worker_1,2374,1788087086.406990,50,7.829058,7.495968
worker_1,2375,1788087086.414867,50,7.747853,7.624160
worker_1,2376,1788087086.422641,50,7.653538,7.598752
worker_1,2377,1788087086.430314,50,7.465555,7.415904
worker_1,2378,1788087086.437797,50,6.682001,6.636640
worker_1,2379,1788087086.444497,50,6.871762,6.825376
worker_1,2380,1788087086.451386,50,6.051469,6.006336
worker_1,2381,1788087086.457453,50,7.528083,7.479648
worker_1,2382,1788087086.464997,50,7.382452,7.318272
worker_1,2383,1788087086.472395,50,7.542906,7.495904
worker_1,2384,1788087086.479954,50,7.752928,7.704960
worker_1,2385,1788087086.487723,50,7.249016,6.987008
worker_1,2386,1788087086.495021,50,8.119171,7.786208
worker_1,2387,1788087086.503189,50,7.335748,6.995680
worker_1,2388,1788087086.510572,50,8.287840,7.957312
worker_1,2389,1788087086.518909,50,6.962753,6.835712
worker_1,2390,1788087086.525897,50,7.894743,7.838176
worker_1,2391,1788087086.533828,50,6.971948,6.769600
worker_1,2392,1788087086.540817,50,7.754223,7.630304
worker_1,2393,1788087086.548589,50,6.528017,6.477184
worker_1,2394,1788087086.555133,50,7.788881,7.711200
worker_1,2395,1788087086.562942,50,7.252404,7.053568
worker_1,2396,1788087086.570211,50,7.714326,7.504992
worker_1,2397,1788087086.577941,50,7.517639,7.471840
worker_1,2398,1788087086.585475,50,7.804947,7.607968
worker_1,2399,1788087086.593299,50,7.684602,7.498112
worker_1,2400,1788087086.601001,50,7.547027,7.362464
worker_1,2401,1788087086.608565,50,7.638297,7.460480
worker_1,2402,1788087086.616231,50,7.602453,7.406400
worker_1,2403,1788087086.623849,50,7.967577,7.560928
worker_1,2404,1788087086.631867,50,7.688427,7.414368
worker_1,2405,1788087086.639582,50,7.810364,7.609120
worker_1,2406,1788087086.647411,50,7.436166,7.388320
worker_1,2407,1788087086.654864,50,7.867391,7.822080
worker_1,2408,1788087086.662748,50,7.583879,7.537984
worker_1,2409,1788087086.670347,50,7.763910,7.717600
worker_1,2410,1788087086.678137,50,7.627556,7.582080
worker_1,2411,1788087086.685780,50,7.709585,7.654400
worker_1,2412,1788087086.693511,50,7.994475,7.720672
worker_1,2413,1788087086.701559,50,8.208524,7.867392
worker_1,2414,1788087086.709816,50,7.997161,7.658080
worker_1,2415,1788087086.717864,50,8.242320,7.908864
worker_1,2416,1788087086.726154,50,7.443962,7.318976
worker_1,2417,1788087086.733624,50,7.763705,7.710944
worker_1,2418,1788087086.741410,50,7.670899,7.624608
worker_1,2419,1788087086.749098,50,6.891874,6.844192
worker_1,2420,1788087086.756007,50,7.719242,7.670176
worker_1,2421,1788087086.763743,50,7.161746,7.113888
worker_1,2422,1788087086.770922,50,7.718881,7.674272
worker_1,2423,1788087086.778656,50,7.165829,7.119680
worker_1,2424,1788087086.785838,50,7.745687,7.694400
worker_1,2425,1788087086.793601,50,7.227081,7.174336
worker_1,2426,1788087086.800845,50,7.881531,7.834112
worker_1,2427,1788087086.808744,50,7.338581,7.291456
worker_1,2428,1788087086.816098,50,8.081745,7.817440
worker_1,2429,1788087086.824250,50,7.768613,7.434016
worker_1,2430,1788087086.832080,50,8.123709,7.987264
worker_1,2431,1788087086.840241,50,7.353397,7.299040
worker_1,2432,1788087086.847612,50,7.863188,7.815680
worker_1,2433,1788087086.855496,50,7.321415,7.275200
worker_1,2434,1788087086.862833,50,7.862873,7.814912
worker_1,2435,1788087086.870716,50,7.307932,7.260224
worker_1,2436,1788087086.878040,50,7.868753,7.822656
worker_1,2437,1788087086.885924,50,7.652917,7.477504
worker_1,2438,1788087086.893685,50,7.721335,7.537344
worker_1,2439,1788087086.901428,50,7.572750,7.457120
worker_1,2440,1788087086.909019,50,7.657268,7.481664
worker_1,2441,1788087086.916695,50,7.614380,7.556672
worker_1,2442,1788087086.924324,50,7.563195,7.389536
worker_1,2443,1788087086.931906,50,7.776418,7.648608
worker_1,2444,1788087086.939699,50,7.486739,7.323008
worker_1,2445,1788087086.947201,50,7.811697,7.641184
worker_1,2446,1788087086.955030,50,7.721983,7.528096
worker_1,2447,1788087086.962769,50,7.589723,7.536288
worker_1,2448,1788087086.970374,50,7.953818,7.612192
worker_1,2449,1788087086.978373,50,8.042921,7.811488
worker_1,2450,1788087086.986440,50,7.761269,7.549952
worker_1,2451,1788087086.994222,50,7.922567,7.720704
worker_1,2452,1788087087.002164,50,7.776344,7.579488
worker_1,2453,1788087087.009958,50,7.876224,7.678720
worker_1,2454,1788087087.017853,50,7.693335,7.499360
worker_1,2455,1788087087.025564,50,7.948364,7.738528
worker_1,2456,1788087087.033528,50,7.415165,7.279968
worker_1,2457,1788087087.040960,50,7.891207,7.702656
worker_1,2458,1788087087.048869,50,7.216664,7.009088
worker_1,2459,1788087087.056102,50,7.601630,7.400896
worker_1,2460,1788087087.063721,50,7.546324,7.351680
worker_1,2461,1788087087.071283,50,7.614056,7.416192
worker_1,2462,1788087087.078916,50,7.587334,7.375680
worker_1,2463,1788087087.086519,50,7.867854,7.455328
worker_1,2464,1788087087.094441,50,7.834178,7.486976
worker_1,2465,1788087087.102326,50,8.165385,7.820864
worker_1,2466,1788087087.110542,50,8.231756,7.900192
worker_1,2467,1788087087.118822,50,8.063671,7.940512
worker_1,2468,1788087087.126914,50,7.878022,7.821472
worker_1,2469,1788087087.134823,50,7.545665,7.496224
worker_1,2470,1788087087.142389,50,7.900021,7.854176
worker_1,2471,1788087087.150305,50,7.540666,7.496416
worker_1,2472,1788087087.157862,50,7.906216,7.860896
worker_1,2473,1788087087.165785,50,7.579592,7.533760
worker_1,2474,1788087087.173380,50,7.883140,7.835616
worker_1,2475,1788087087.181279,50,7.588759,7.542848
worker_1,2476,1788087087.188884,50,8.090357,7.828064
worker_1,2477,1788087087.197023,50,7.968846,7.639424
worker_1,2478,1788087087.205040,50,8.160569,7.821376
worker_1,2479,1788087087.213248,50,7.770334,7.435872
worker_1,2480,1788087087.221066,50,8.145365,7.811424
worker_1,2481,1788087087.229261,50,7.779658,7.656032
worker_1,2482,1788087087.237065,50,7.673418,7.615552
worker_1,2483,1788087087.244758,50,7.612463,7.563232
worker_1,2484,1788087087.252389,50,7.586213,7.536704
worker_1,2485,1788087087.259993,50,7.511112,7.464960
worker_1,2486,1788087087.267520,50,7.702806,7.654880
worker_1,2487,1788087087.275240,50,7.390674,7.345600
worker_1,2488,1788087087.282661,50,7.709593,7.662016
worker_1,2489,1788087087.290387,50,7.899873,7.642432
worker_1,2490,1788087087.298338,50,8.342415,8.008096
worker_1,2491,1788087087.306730,50,8.187079,7.852704
worker_1,2492,1788087087.314965,50,8.281690,7.948224
worker_1,2493,1788087087.323296,50,7.902261,7.779360
worker_1,2494,1788087087.331224,50,7.901187,7.848960
worker_1,2495,1788087087.339145,50,7.685362,7.639296
worker_1,2496,1788087087.346848,50,7.867113,7.821600
worker_1,2497,1788087087.354731,50,7.697132,7.650560
worker_1,2498,1788087087.362445,50,7.692260,7.644864
worker_1,2499,1788087087.370154,50,7.598853,7.552096
worker_1,2500,1788087087.377770,50,7.549823,7.505440
worker_1,2501,1788087087.385337,50,7.782058,7.524768
worker_1,2502,1788087087.393171,50,7.929346,7.599680
worker_1,2503,1788087087.401148,50,7.634122,7.511648
worker_1,2504,1788087087.408808,50,7.604103,7.542688
worker_1,2505,1788087087.416431,50,7.525195,7.476736
worker_1,2506,1788087087.423972,50,7.579971,7.532544
worker_1,2507,1788087087.431570,50,7.541453,7.494752
worker_1,2508,1788087087.439141,50,7.523981,7.476544
worker_1,2509,1788087087.446682,50,7.558278,7.510528
worker_1,2510,1788087087.454256,50,7.506231,7.456896
worker_1,2511,1788087087.461777,50,7.597158,7.551616
worker_1,2512,1788087087.469392,50,7.619343,7.571904
worker_1,2513,1788087087.477028,50,7.902282,7.854688
worker_1,2514,1788087087.484950,50,7.882104,7.619360
worker_1,2515,1788087087.492884,50,8.281219,7.951168
worker_1,2516,1788087087.501212,50,8.121246,7.789728
worker_1,2517,1788087087.509381,50,8.036190,7.700544
worker_1,2518,1788087087.517464,50,8.090402,7.759936
worker_1,2519,1788087087.525600,50,8.064402,7.738048
worker_1,2520,1788087087.533713,50,7.966596,7.694112
worker_1,2521,1788087087.541709,50,7.794539,7.595360
worker_1,2522,1788087087.549523,50,7.892587,7.680608
worker_1,2523,1788087087.557435,50,7.634473,7.515968
worker_1,2524,1788087087.565085,50,7.077875,6.886400
