label,batch,start_unix_s,operations,wall_ms,cuda_batch_ms
worker_2,0,1788086882.470388,50,4.614992,4.303136
worker_2,1,1788086882.475071,50,4.758558,1.096320
worker_2,2,1788086882.479885,50,4.549787,1.096064
worker_2,3,1788086882.484478,50,4.736973,1.098592
worker_2,4,1788086882.489255,50,4.752187,1.097344
worker_2,5,1788086882.494046,50,4.763835,1.096576
worker_2,6,1788086882.498847,50,4.930588,1.097024
worker_2,7,1788086882.503822,50,4.768733,1.097568
worker_2,8,1788086882.508635,50,4.566159,1.095488
worker_2,9,1788086882.513240,50,4.775048,1.098496
worker_2,10,1788086882.518075,50,4.716733,1.097760
worker_2,11,1788086882.522834,50,4.746390,1.096288
worker_2,12,1788086882.527617,50,4.756539,1.099936
worker_2,13,1788086882.532411,50,4.767086,1.097600
worker_2,14,1788086882.537215,50,4.747399,1.096416
worker_2,15,1788086882.541996,50,4.756568,1.096832
worker_2,16,1788086882.546790,50,4.752807,1.097280
worker_2,17,1788086882.551578,50,4.764326,1.104000
worker_2,18,1788086882.556379,50,4.769789,1.096832
worker_2,19,1788086882.561184,50,4.754075,1.097600
worker_2,20,1788086882.565978,50,4.756826,1.097024
worker_2,21,1788086882.570769,50,4.752938,1.097344
worker_2,22,1788086882.575558,50,4.757373,1.098016
worker_2,23,1788086882.580353,50,4.752122,1.097792
worker_2,24,1788086882.585142,50,4.760391,1.098368
worker_2,25,1788086882.589939,50,4.749307,1.096512
worker_2,26,1788086882.594720,50,4.747928,1.098240
worker_2,27,1788086882.599490,50,4.763289,1.096480
worker_2,28,1788086882.604270,50,4.777559,1.100512
worker_2,29,1788086882.609077,50,4.762650,1.098304
worker_2,30,1788086882.613857,50,4.775058,1.098720
worker_2,31,1788086882.618648,50,4.773595,1.096416
worker_2,32,1788086882.623439,50,4.800131,1.098624
worker_2,33,1788086882.628262,50,4.760576,1.099200
worker_2,34,1788086882.633040,50,4.774965,1.096704
worker_2,35,1788086882.637831,50,4.777502,1.097504
worker_2,36,1788086882.642625,50,4.779770,1.095744
worker_2,37,1788086882.647419,50,4.780197,1.097760
worker_2,38,1788086882.652225,50,4.776947,1.096000
worker_2,39,1788086882.657017,50,4.784984,1.096704
worker_2,40,1788086882.661819,50,4.777160,1.098400
worker_2,41,1788086882.666613,50,4.781234,1.096864
worker_2,42,1788086882.671410,50,4.778373,1.096384
worker_2,43,1788086882.676205,50,4.785651,1.100128
worker_2,44,1788086882.681006,50,4.786085,1.096416
worker_2,45,1788086882.685807,50,4.994865,1.097120
worker_2,46,1788086882.690850,50,4.747002,1.098720
worker_2,47,1788086882.695643,50,4.750020,1.097696
worker_2,48,1788086882.700439,50,4.753511,1.098176
worker_2,49,1788086882.705240,50,4.757724,1.096832
worker_2,50,1788086882.710042,50,4.735964,1.097376
worker_2,51,1788086882.714824,50,4.746279,1.099200
worker_2,52,1788086882.719617,50,4.567732,1.096576
worker_2,53,1788086882.724230,50,4.879234,1.095616
worker_2,54,1788086882.729145,50,4.772577,1.096928
worker_2,55,1788086882.733955,50,4.737140,1.096640
worker_2,56,1788086882.738729,50,4.754807,1.095680
worker_2,57,1788086882.743522,50,4.583463,1.095744
worker_2,58,1788086882.748125,50,4.771096,1.098272
worker_2,59,1788086882.752915,50,4.771151,1.097696
worker_2,60,1788086882.757703,50,4.987587,1.098624
worker_2,61,1788086882.762738,50,4.533342,1.096032
worker_2,62,1788086882.767297,50,4.766519,1.098592
worker_2,63,1788086882.772083,50,4.771188,1.101664
worker_2,64,1788086882.776872,50,4.801344,1.104352
worker_2,65,1788086882.781691,50,4.781595,1.098496
worker_2,66,1788086882.786489,50,4.986846,1.097408
worker_2,67,1788086882.791524,50,4.575565,1.095808
worker_2,68,1788086882.796149,50,4.720696,1.096000
worker_2,69,1788086882.800898,50,4.750723,1.097856
worker_2,70,1788086882.805671,50,4.767456,1.096160
worker_2,71,1788086882.810457,50,4.770539,1.096288
worker_2,72,1788086882.815245,50,4.772595,1.096960
worker_2,73,1788086882.820034,50,4.771928,1.097600
worker_2,74,1788086882.824822,50,4.776790,1.098656
worker_2,75,1788086882.829615,50,4.775576,1.096640
worker_2,76,1788086882.834411,50,4.771845,1.096224
worker_2,77,1788086882.839202,50,4.768215,1.095360
worker_2,78,1788086882.843988,50,4.779223,1.097632
worker_2,79,1788086882.848783,50,4.779911,1.099264
worker_2,80,1788086882.853579,50,4.775965,1.097344
worker_2,81,1788086882.858370,50,4.778465,1.096416
worker_2,82,1788086882.863164,50,4.808475,1.097952
worker_2,83,1788086882.868002,50,4.756382,1.095968
worker_2,84,1788086882.872783,50,4.970365,1.097856
worker_2,85,1788086882.877801,50,4.534723,1.097472
worker_2,86,1788086882.882362,50,4.936457,1.098464
worker_2,87,1788086882.887332,50,4.640760,1.096448
worker_2,88,1788086882.892033,50,4.688519,1.098848
worker_2,89,1788086882.896760,50,4.739603,1.104544
worker_2,90,1788086882.901524,50,4.760577,1.096896
worker_2,91,1788086882.906302,50,4.774132,1.096064
worker_2,92,1788086882.911095,50,4.766085,1.098912
worker_2,93,1788086882.915880,50,4.773067,1.098592
worker_2,94,1788086882.920669,50,4.779891,1.098880
worker_2,95,1788086882.925464,50,4.990606,1.096640
worker_2,96,1788086882.930503,50,4.534194,1.097728
worker_2,97,1788086882.935061,50,4.977272,1.098336
worker_2,98,1788086882.940085,50,4.544825,1.098304
worker_2,99,1788086882.944654,50,4.990263,1.103648
worker_2,100,1788086882.949691,50,4.537074,1.096704
worker_2,101,1788086882.954254,50,4.983708,1.098048
worker_2,102,1788086882.959285,50,4.537129,1.099488
worker_2,103,1788086882.963846,50,4.768900,1.098144
worker_2,104,1788086882.968633,50,4.770400,1.097056
worker_2,105,1788086882.973419,50,4.993503,1.097280
worker_2,106,1788086882.978462,50,4.533862,1.097344
worker_2,107,1788086882.983032,50,4.954911,1.098432
worker_2,108,1788086882.988036,50,4.538407,1.098272
worker_2,109,1788086882.992602,50,4.977939,1.102944
worker_2,110,1788086882.997630,50,4.541352,1.097536
worker_2,111,1788086883.002196,50,4.976078,1.098720
worker_2,112,1788086883.007220,50,4.543204,1.097088
worker_2,113,1788086883.011789,50,4.767464,1.099200
worker_2,114,1788086883.016575,50,4.776827,1.101600
worker_2,115,1788086883.021369,50,4.986226,1.097824
worker_2,116,1788086883.026403,50,4.561852,1.096800
worker_2,117,1788086883.030990,50,4.977058,1.097536
worker_2,118,1788086883.036013,50,4.544092,1.097472
worker_2,119,1788086883.040583,50,4.984319,1.102272
worker_2,120,1788086883.045615,50,4.532418,1.097792
worker_2,121,1788086883.050174,50,5.001597,1.097600
worker_2,122,1788086883.055222,50,4.534796,1.097792
worker_2,123,1788086883.059782,50,4.764206,1.098624
worker_2,124,1788086883.064565,50,4.784484,1.105376
worker_2,125,1788086883.069368,50,4.979679,1.096512
worker_2,126,1788086883.074397,50,4.562362,1.097120
worker_2,127,1788086883.078997,50,4.962355,1.096352
worker_2,128,1788086883.084010,50,4.533648,1.096896
worker_2,129,1788086883.088570,50,4.976625,1.102528
worker_2,130,1788086883.093594,50,4.535982,1.096896
worker_2,131,1788086883.098156,50,4.972716,1.097568
worker_2,132,1788086883.103178,50,4.540454,1.099008
worker_2,133,1788086883.107743,50,4.766289,1.100224
worker_2,134,1788086883.112528,50,4.782781,1.098368
worker_2,135,1788086883.117328,50,4.773011,1.098176
worker_2,136,1788086883.122116,50,4.778650,1.097376
worker_2,137,1788086883.126910,50,4.992634,1.099328
worker_2,138,1788086883.131952,50,4.543963,1.099840
worker_2,139,1788086883.136523,50,4.981865,1.096224
worker_2,140,1788086883.141552,50,4.540926,1.096768
worker_2,141,1788086883.146118,50,4.762779,1.097888
worker_2,142,1788086883.150899,50,4.991643,1.097472
worker_2,143,1788086883.155939,50,4.534898,1.099296
worker_2,144,1788086883.160502,50,4.983476,1.095936
worker_2,145,1788086883.165534,50,4.544768,1.097152
worker_2,146,1788086883.170115,50,4.748882,1.097760
worker_2,147,1788086883.174883,50,4.773095,1.097088
worker_2,148,1788086883.179675,50,4.777077,1.095712
worker_2,149,1788086883.184470,50,4.795669,1.098304
worker_2,150,1788086883.189281,50,4.781557,1.097248
worker_2,151,1788086883.194080,50,4.773419,1.098304
worker_2,152,1788086883.198870,50,4.773122,1.096448
worker_2,153,1788086883.203658,50,4.791178,1.102304
worker_2,154,1788086883.208465,50,4.784706,1.096320
worker_2,155,1788086883.213266,50,4.782715,1.098272
worker_2,156,1788086883.218154,50,4.692918,1.097984
worker_2,157,1788086883.222867,50,4.774956,1.097920
worker_2,158,1788086883.227660,50,4.770465,1.097760
worker_2,159,1788086883.232447,50,4.773048,1.098048
worker_2,160,1788086883.237236,50,4.775289,1.098144
worker_2,161,1788086883.242028,50,4.823762,1.101408
worker_2,162,1788086883.246869,50,4.770891,1.096256
worker_2,163,1788086883.251656,50,4.776197,1.095968
worker_2,164,1788086883.256448,50,4.782725,1.099104
worker_2,165,1788086883.261247,50,4.776956,1.096512
worker_2,166,1788086883.266052,50,4.800456,1.099648
worker_2,167,1788086883.270873,50,4.763158,1.097504
worker_2,168,1788086883.275656,50,4.774456,1.099392
worker_2,169,1788086883.280447,50,4.777678,1.097728
worker_2,170,1788086883.285241,50,4.775678,1.097696
worker_2,171,1788086883.290032,50,4.796280,1.096544
worker_2,172,1788086883.294844,50,4.995208,1.097920
worker_2,173,1788086883.299891,50,4.747845,1.097888
worker_2,174,1788086883.304685,50,4.749512,1.100416
worker_2,175,1788086883.309480,50,4.743937,1.096512
worker_2,176,1788086883.314270,50,4.770975,1.097568
worker_2,177,1788086883.319086,50,4.748706,1.096576
worker_2,178,1788086883.323881,50,4.543130,1.098112
worker_2,179,1788086883.328448,50,4.974310,1.099328
worker_2,180,1788086883.333470,50,4.542472,1.097216
worker_2,181,1788086883.338038,50,4.996670,1.097568
worker_2,182,1788086883.343082,50,4.542056,1.098144
worker_2,183,1788086883.347649,50,4.768484,1.097344
worker_2,184,1788086883.352436,50,4.774289,1.099296
worker_2,185,1788086883.357242,50,4.760909,1.097824
worker_2,186,1788086883.362019,50,4.768289,1.096416
worker_2,187,1788086883.366803,50,4.773743,1.097792
worker_2,188,1788086883.371593,50,4.779048,1.096256
worker_2,189,1788086883.376388,50,4.773928,1.096576
worker_2,190,1788086883.381178,50,4.779873,1.098240
worker_2,191,1788086883.385974,50,4.785104,1.099808
worker_2,192,1788086883.390774,50,4.777670,1.097632
worker_2,193,1788086883.395568,50,4.773029,1.096608
worker_2,194,1788086883.400357,50,4.778641,1.100128
worker_2,195,1788086883.405151,50,4.777568,1.097696
worker_2,196,1788086883.409946,50,4.775799,1.098016
worker_2,197,1788086883.414737,50,4.783261,1.099616
worker_2,198,1788086883.419535,50,4.784678,1.096992
worker_2,199,1788086883.424336,50,4.779131,1.097600
worker_2,200,1788086883.429130,50,4.776447,1.098080
worker_2,201,1788086883.433924,50,4.806762,1.098112
worker_2,202,1788086883.438745,50,4.785123,1.097792
worker_2,203,1788086883.443553,50,4.763289,1.099008
worker_2,204,1788086883.448335,50,4.768817,1.096576
worker_2,205,1788086883.453138,50,4.758835,1.097440
worker_2,206,1788086883.457913,50,4.776077,1.098848
worker_2,207,1788086883.462706,50,4.772168,1.097376
worker_2,208,1788086883.467494,50,4.780373,1.104448
worker_2,209,1788086883.472290,50,4.773363,1.096064
worker_2,210,1788086883.477079,50,4.785085,1.097856
worker_2,211,1788086883.481883,50,4.774465,1.097056
worker_2,212,1788086883.486675,50,4.985134,1.096192
worker_2,213,1788086883.491711,50,4.559639,1.095648
worker_2,214,1788086883.496295,50,4.954364,1.101696
worker_2,215,1788086883.501298,50,4.746742,1.096576
worker_2,216,1788086883.506092,50,4.537778,1.097536
worker_2,217,1788086883.510654,50,4.768381,1.099616
worker_2,218,1788086883.515440,50,4.785252,1.097344
worker_2,219,1788086883.520242,50,4.766706,1.097792
worker_2,220,1788086883.525026,50,4.777447,1.096224
worker_2,221,1788086883.529819,50,4.783594,1.097792
worker_2,222,1788086883.534618,50,4.776085,1.097472
worker_2,223,1788086883.539409,50,4.788196,1.096448
worker_2,224,1788086883.544227,50,4.987171,1.098656
worker_2,225,1788086883.549264,50,4.732455,1.096960
worker_2,226,1788086883.554044,50,4.758030,1.098208
worker_2,227,1788086883.558847,50,4.541787,1.097280
worker_2,228,1788086883.563416,50,4.773299,1.096864
worker_2,229,1788086883.568209,50,4.769298,1.096512
worker_2,230,1788086883.572995,50,4.794743,1.098688
worker_2,231,1788086883.577806,50,4.777733,1.098688
worker_2,232,1788086883.582602,50,4.773956,1.098112
worker_2,233,1788086883.587393,50,4.776521,1.096096
worker_2,234,1788086883.592185,50,4.779668,1.100000
worker_2,235,1788086883.596979,50,4.778567,1.098592
worker_2,236,1788086883.601774,50,4.792872,1.099232
worker_2,237,1788086883.606582,50,4.778400,1.098400
worker_2,238,1788086883.611375,50,4.789262,1.098016
worker_2,239,1788086883.616179,50,4.783437,1.100768
worker_2,240,1788086883.620977,50,4.779632,1.096672
worker_2,241,1788086883.625772,50,4.779984,1.096352
worker_2,242,1788086883.630568,50,4.774308,1.096224
worker_2,243,1788086883.635356,50,4.805613,1.095712
worker_2,244,1788086883.640193,50,4.760031,1.099424
worker_2,245,1788086883.644969,50,4.777548,1.096640
worker_2,246,1788086883.649761,50,4.783521,1.096544
worker_2,247,1788086883.654560,50,4.775604,1.096192
worker_2,248,1788086883.659353,50,4.800123,1.096608
worker_2,249,1788086883.664169,50,4.777326,1.099840
worker_2,250,1788086883.668962,50,4.781567,1.098016
worker_2,251,1788086883.673757,50,4.779798,1.096000
worker_2,252,1788086883.678552,50,4.779104,1.095776
worker_2,253,1788086883.683346,50,4.792085,1.097792
worker_2,254,1788086883.688153,50,4.784011,1.101408
worker_2,255,1788086883.692951,50,4.780233,1.096224
worker_2,256,1788086883.697747,50,4.777947,1.096832
worker_2,257,1788086883.702540,50,4.785289,1.097984
worker_2,258,1788086883.707341,50,4.788965,1.097600
worker_2,259,1788086883.712146,50,4.781622,1.103392
worker_2,260,1788086883.716943,50,4.779113,1.097824
worker_2,261,1788086883.721737,50,4.783965,1.098144
worker_2,262,1788086883.726539,50,4.770558,1.098304
worker_2,263,1788086883.731334,50,4.769057,1.096384
worker_2,264,1788086883.736123,50,4.770280,1.096832
worker_2,265,1788086883.740912,50,4.778530,1.104256
worker_2,266,1788086883.745707,50,4.774909,1.097024
worker_2,267,1788086883.750497,50,4.778992,1.097056
worker_2,268,1788086883.755292,50,4.778808,1.098976
worker_2,269,1788086883.760087,50,4.790198,1.097344
worker_2,270,1788086883.764892,50,4.786512,1.105312
worker_2,271,1788086883.769695,50,4.784613,1.097728
worker_2,272,1788086883.774495,50,4.783762,1.096640
worker_2,273,1788086883.779296,50,4.775502,1.097664
worker_2,274,1788086883.784087,50,5.004244,1.098048
worker_2,275,1788086883.789138,50,4.750631,1.098240
worker_2,276,1788086883.793935,50,4.754565,1.097632
worker_2,277,1788086883.798736,50,4.540240,1.099104
worker_2,278,1788086883.803301,50,4.778253,1.097376
worker_2,279,1788086883.808098,50,4.772669,1.097696
worker_2,280,1788086883.812886,50,4.776928,1.099616
worker_2,281,1788086883.817679,50,4.775743,1.098400
worker_2,282,1788086883.822470,50,4.774289,1.097824
worker_2,283,1788086883.827266,50,4.769326,1.097696
worker_2,284,1788086883.832053,50,4.784530,1.101312
worker_2,285,1788086883.836852,50,4.783140,1.099040
worker_2,286,1788086883.841650,50,4.776985,1.097248
worker_2,287,1788086883.846442,50,4.784002,1.097344
worker_2,288,1788086883.851243,50,4.779011,1.097536
worker_2,289,1788086883.856037,50,4.783577,1.100992
worker_2,290,1788086883.860836,50,4.773742,1.097344
worker_2,291,1788086883.865625,50,4.784548,1.097600
worker_2,292,1788086883.870425,50,4.774659,1.098208
worker_2,293,1788086883.875215,50,4.785242,1.096896
worker_2,294,1788086883.880021,50,4.769530,1.100832
worker_2,295,1788086883.884809,50,4.772067,1.095872
worker_2,296,1788086883.889601,50,4.774483,1.100032
worker_2,297,1788086883.894392,50,4.779401,1.097600
worker_2,298,1788086883.899188,50,4.783918,1.098112
worker_2,299,1788086883.903987,50,4.783891,1.101600
worker_2,300,1788086883.908786,50,4.777002,1.095712
worker_2,301,1788086883.913578,50,4.781882,1.099328
worker_2,302,1788086883.918383,50,4.769298,1.098848
worker_2,303,1788086883.923168,50,4.785632,1.097824
worker_2,304,1788086883.927970,50,4.782946,1.101824
worker_2,305,1788086883.932768,50,4.775734,1.096608
worker_2,306,1788086883.937559,50,4.793475,1.102176
worker_2,307,1788086883.942368,50,4.780631,1.096736
worker_2,308,1788086883.947164,50,4.786715,1.097472
worker_2,309,1788086883.951968,50,4.776983,1.099296
worker_2,310,1788086883.956844,50,4.692687,1.098944
worker_2,311,1788086883.961555,50,4.772400,1.097472
worker_2,312,1788086883.966344,50,4.780632,1.095744
worker_2,313,1788086883.971143,50,4.769614,1.097152
worker_2,314,1788086883.975930,50,4.775224,1.098176
worker_2,315,1788086883.980725,50,4.785289,1.105952
worker_2,316,1788086883.985526,50,4.774428,1.097824
worker_2,317,1788086883.990315,50,4.779668,1.099264
worker_2,318,1788086883.995111,50,4.800911,1.098048
worker_2,319,1788086883.999927,50,4.780743,1.099296
worker_2,320,1788086884.004722,50,4.786104,1.099840
worker_2,321,1788086884.009527,50,4.773226,1.097504
worker_2,322,1788086884.014338,50,4.757983,1.099200
worker_2,323,1788086884.019113,50,4.803474,1.096512
worker_2,324,1788086884.023932,50,4.785067,1.099840
worker_2,325,1788086884.028732,50,4.779085,1.097312
worker_2,326,1788086884.033527,50,4.780067,1.096576
worker_2,327,1788086884.038322,50,4.777929,1.097824
worker_2,328,1788086884.043116,50,4.806632,1.097248
worker_2,329,1788086884.047938,50,4.779705,1.100992
worker_2,330,1788086884.052733,50,4.778790,1.097792
worker_2,331,1788086884.057528,50,4.777909,1.096800
worker_2,332,1788086884.062321,50,4.777465,1.096288
worker_2,333,1788086884.067113,50,4.800651,1.096416
worker_2,334,1788086884.071931,50,4.780743,1.100576
worker_2,335,1788086884.076726,50,4.778974,1.099584
worker_2,336,1788086884.081519,50,4.781244,1.096480
worker_2,337,1788086884.086317,50,4.772594,1.096928
worker_2,338,1788086884.091105,50,4.773965,1.096736
worker_2,339,1788086884.095894,50,4.790947,1.096608
worker_2,340,1788086884.100708,50,4.766566,1.100832
worker_2,341,1788086884.105505,50,4.973143,1.097152
worker_2,342,1788086884.110528,50,4.739474,1.096416
worker_2,343,1788086884.115313,50,4.747752,1.097056
worker_2,344,1788086884.120107,50,4.747077,1.096864
worker_2,345,1788086884.124901,50,4.547046,1.096544
worker_2,346,1788086884.129472,50,4.764743,1.097792
worker_2,347,1788086884.134256,50,4.777409,1.096896
worker_2,348,1788086884.139049,50,4.777965,1.096640
worker_2,349,1788086884.143844,50,4.773687,1.096448
worker_2,350,1788086884.148636,50,4.779400,1.101248
worker_2,351,1788086884.153432,50,4.772929,1.098336
worker_2,352,1788086884.158222,50,4.776373,1.095776
worker_2,353,1788086884.163016,50,4.773882,1.095936
worker_2,354,1788086884.167806,50,4.774808,1.096608
worker_2,355,1788086884.172596,50,4.785780,1.099392
worker_2,356,1788086884.177398,50,4.776548,1.097824
worker_2,357,1788086884.182189,50,4.778659,1.098112
worker_2,358,1788086884.186983,50,4.776002,1.097856
worker_2,359,1788086884.191775,50,4.778290,1.096480
worker_2,360,1788086884.196568,50,4.786947,1.104864
worker_2,361,1788086884.201380,50,4.768854,1.096320
worker_2,362,1788086884.206165,50,4.794068,1.097504
worker_2,363,1788086884.210974,50,4.784706,1.096992
worker_2,364,1788086884.215778,50,4.778910,1.099456
worker_2,365,1788086884.220574,50,4.797438,1.101568
worker_2,366,1788086884.225389,50,4.767808,1.095808
worker_2,367,1788086884.230173,50,4.770938,1.095648
worker_2,368,1788086884.234960,50,4.777614,1.097600
worker_2,369,1788086884.239753,50,4.785992,1.097312
worker_2,370,1788086884.244558,50,4.767771,1.095904
worker_2,371,1788086884.249342,50,4.777160,1.097760
worker_2,372,1788086884.254135,50,4.795253,1.095712
worker_2,373,1788086884.258947,50,4.776668,1.097664
worker_2,374,1788086884.263741,50,4.779974,1.098752
worker_2,375,1788086884.268537,50,4.800706,1.098144
worker_2,376,1788086884.273357,50,4.769798,1.096768
worker_2,377,1788086884.278144,50,4.777029,1.096800
worker_2,378,1788086884.282937,50,4.990439,1.097376
worker_2,379,1788086884.287976,50,4.748464,1.096992
worker_2,380,1788086884.292784,50,4.740872,1.099008
worker_2,381,1788086884.297571,50,4.536362,1.096352
worker_2,382,1788086884.302134,50,4.976160,1.097152
worker_2,383,1788086884.307158,50,4.536769,1.097856
worker_2,384,1788086884.311718,50,4.768993,1.100896
worker_2,385,1788086884.316506,50,4.783076,1.097792
worker_2,386,1788086884.321308,50,4.986939,1.097568
worker_2,387,1788086884.326346,50,4.531121,1.097632
worker_2,388,1788086884.330902,50,4.976661,1.096704
worker_2,389,1788086884.335926,50,4.540694,1.097568
worker_2,390,1788086884.340492,50,4.822901,1.099616
worker_2,391,1788086884.345364,50,4.685769,1.097376
worker_2,392,1788086884.350075,50,4.770233,1.096480
worker_2,393,1788086884.354863,50,4.772400,1.097728
worker_2,394,1788086884.359653,50,4.927281,1.096224
worker_2,395,1788086884.364597,50,4.727585,1.096640
worker_2,396,1788086884.369341,50,4.828197,1.097760
worker_2,397,1788086884.374186,50,4.794446,1.097376
worker_2,398,1788086884.378996,50,4.702825,1.096992
worker_2,399,1788086884.383721,50,4.842715,1.096736
worker_2,400,1788086884.388593,50,4.760557,1.096768
worker_2,401,1788086884.393372,50,4.779640,1.097728
worker_2,402,1788086884.398170,50,4.754854,1.097376
worker_2,403,1788086884.402941,50,4.790873,1.095744
worker_2,404,1788086884.407748,50,4.774965,1.097536
worker_2,405,1788086884.412538,50,4.776798,1.095680
worker_2,406,1788086884.417331,50,4.779956,1.097792
worker_2,407,1788086884.422126,50,4.733705,1.097472
worker_2,408,1788086884.426874,50,4.826631,1.095840
worker_2,409,1788086884.431716,50,4.639130,1.099168
worker_2,410,1788086884.436370,50,4.778667,1.097600
worker_2,411,1788086884.441163,50,4.787224,1.098816
worker_2,412,1788086884.445965,50,4.823253,1.096960
worker_2,413,1788086884.450808,50,4.737232,1.097792
worker_2,414,1788086884.455567,50,4.770780,1.098912
worker_2,415,1788086884.460356,50,4.996929,1.099392
worker_2,416,1788086884.465402,50,4.740400,1.096896
worker_2,417,1788086884.470189,50,4.535583,1.097568
worker_2,418,1788086884.474751,50,4.968004,1.096672
worker_2,419,1788086884.479782,50,4.529657,1.097632
worker_2,420,1788086884.484339,50,4.964115,1.096896
worker_2,421,1788086884.489350,50,4.544306,1.096160
worker_2,422,1788086884.493921,50,4.964161,1.097952
worker_2,423,1788086884.498933,50,4.545889,1.097792
worker_2,424,1788086884.503505,50,4.774308,1.100736
worker_2,425,1788086884.508298,50,4.773141,1.096832
worker_2,426,1788086884.513088,50,4.988986,1.097376
worker_2,427,1788086884.518127,50,4.549825,1.096288
worker_2,428,1788086884.522703,50,4.974114,1.096832
worker_2,429,1788086884.527723,50,4.546917,1.096960
worker_2,430,1788086884.532297,50,4.975865,1.099232
worker_2,431,1788086884.537320,50,4.543685,1.096160
worker_2,432,1788086884.541889,50,4.978309,1.097888
worker_2,433,1788086884.546915,50,4.540315,1.095680
worker_2,434,1788086884.551480,50,4.766890,1.098144
worker_2,435,1788086884.556265,50,4.770873,1.096928
worker_2,436,1788086884.561053,50,4.998374,1.097696
worker_2,437,1788086884.566098,50,4.530565,1.096736
worker_2,438,1788086884.570654,50,4.978198,1.097504
worker_2,439,1788086884.575693,50,4.530398,1.097056
worker_2,440,1788086884.580248,50,4.759345,1.096416
worker_2,441,1788086884.585025,50,4.771196,1.097152
worker_2,442,1788086884.589815,50,4.830409,1.097920
worker_2,443,1788086884.594696,50,4.690983,1.097472
worker_2,444,1788086884.599411,50,4.764206,1.097056
worker_2,445,1788086884.604193,50,4.790105,1.099168
worker_2,446,1788086884.609001,50,4.775882,1.097440
worker_2,447,1788086884.613793,50,4.774928,1.097536
worker_2,448,1788086884.618583,50,4.993671,1.097472
worker_2,449,1788086884.623626,50,4.543639,1.097664
worker_2,450,1788086884.628194,50,4.772465,1.098208
worker_2,451,1788086884.632985,50,4.785901,1.103872
worker_2,452,1788086884.637788,50,4.776696,1.097376
worker_2,453,1788086884.642581,50,4.779104,1.097216
worker_2,454,1788086884.647376,50,4.776909,1.099104
worker_2,455,1788086884.652169,50,4.794003,1.096224
worker_2,456,1788086884.656986,50,4.762345,1.096384
worker_2,457,1788086884.661770,50,4.776262,1.097792
worker_2,458,1788086884.666574,50,4.764355,1.097856
worker_2,459,1788086884.671357,50,4.793354,1.098144
worker_2,460,1788086884.676168,50,4.768076,1.097440
worker_2,461,1788086884.680954,50,4.790549,1.098112
worker_2,462,1788086884.685761,50,4.780326,1.097568
worker_2,463,1788086884.690558,50,4.775132,1.096864
worker_2,464,1788086884.695425,50,4.703141,1.097408
worker_2,465,1788086884.700148,50,4.777094,1.104960
worker_2,466,1788086884.704942,50,4.775086,1.096544
worker_2,467,1788086884.709734,50,4.783891,1.099168
worker_2,468,1788086884.714532,50,4.775372,1.097344
worker_2,469,1788086884.719324,50,4.771354,1.095776
worker_2,470,1788086884.724112,50,4.776965,1.101120
worker_2,471,1788086884.728906,50,4.772437,1.096128
worker_2,472,1788086884.733696,50,4.773650,1.095904
worker_2,473,1788086884.738486,50,4.781585,1.097792
worker_2,474,1788086884.743284,50,4.801270,1.096576
worker_2,475,1788086884.748100,50,4.775873,1.097184
worker_2,476,1788086884.752891,50,4.793585,1.097728
worker_2,477,1788086884.757700,50,4.781261,1.097440
worker_2,478,1788086884.762503,50,4.772113,1.097792
worker_2,479,1788086884.767292,50,4.775151,1.096928
worker_2,480,1788086884.772084,50,4.773835,1.098528
worker_2,481,1788086884.776873,50,4.997393,1.096160
worker_2,482,1788086884.781921,50,4.730937,1.099968
worker_2,483,1788086884.786701,50,4.745288,1.096480
worker_2,484,1788086884.791494,50,4.557898,1.097088
worker_2,485,1788086884.796080,50,4.968986,1.095936
worker_2,486,1788086884.801096,50,4.553648,1.104768
worker_2,487,1788086884.805675,50,4.980578,1.098240
worker_2,488,1788086884.810704,50,4.532492,1.097088
worker_2,489,1788086884.815262,50,4.760946,1.097152
worker_2,490,1788086884.820041,50,4.773520,1.097312
worker_2,491,1788086884.824834,50,4.788576,1.104160
worker_2,492,1788086884.829639,50,4.776743,1.097536
worker_2,493,1788086884.834431,50,4.848113,1.097952
worker_2,494,1788086884.839329,50,4.683307,1.098400
worker_2,495,1788086884.844038,50,4.763012,1.095520
worker_2,496,1788086884.848820,50,4.779661,1.096672
worker_2,497,1788086884.853629,50,4.971059,1.096256
worker_2,498,1788086884.858649,50,4.543194,1.096448
worker_2,499,1788086884.863217,50,4.766743,1.096256
worker_2,500,1788086884.868001,50,4.781455,1.097792
worker_2,501,1788086884.872800,50,4.778113,1.099424
worker_2,502,1788086884.877595,50,4.777020,1.097792
worker_2,503,1788086884.882390,50,4.986467,1.097216
worker_2,504,1788086884.887427,50,4.535982,1.096480
worker_2,505,1788086884.891986,50,4.763901,1.098624
worker_2,506,1788086884.896770,50,4.772744,1.099264
worker_2,507,1788086884.901560,50,4.989994,1.098432
worker_2,508,1788086884.906600,50,4.539324,1.097536
worker_2,509,1788086884.911165,50,4.769141,1.098784
worker_2,510,1788086884.915952,50,4.774206,1.097152
worker_2,511,1788086884.920743,50,4.780428,1.100096
worker_2,512,1788086884.925541,50,4.778271,1.098208
worker_2,513,1788086884.930336,50,4.982014,1.097376
worker_2,514,1788086884.935367,50,4.536806,1.098048
worker_2,515,1788086884.939929,50,4.759058,1.097664
worker_2,516,1788086884.944710,50,4.773447,1.102144
worker_2,517,1788086884.949508,50,4.980105,1.096896
worker_2,518,1788086884.954536,50,4.539130,1.097280
worker_2,519,1788086884.959099,50,4.822095,1.095680
worker_2,520,1788086884.963971,50,4.702992,1.103456
worker_2,521,1788086884.968705,50,4.747798,1.097568
worker_2,522,1788086884.973474,50,4.770910,1.098112
worker_2,523,1788086884.978262,50,4.985208,1.098016
worker_2,524,1788086884.983294,50,4.543594,1.096064
worker_2,525,1788086884.987863,50,4.771474,1.098656
worker_2,526,1788086884.992653,50,4.766261,1.096896
worker_2,527,1788086884.997436,50,4.990883,1.097664
worker_2,528,1788086885.002478,50,4.535121,1.096352
worker_2,529,1788086885.007038,50,4.765409,1.097248
worker_2,530,1788086885.011822,50,4.780363,1.103520
worker_2,531,1788086885.016621,50,4.773419,1.099520
worker_2,532,1788086885.021410,50,4.779751,1.097696
worker_2,533,1788086885.026206,50,4.774576,1.098048
worker_2,534,1788086885.030998,50,4.782168,1.095776
worker_2,535,1788086885.035796,50,4.775769,1.099008
worker_2,536,1788086885.040601,50,4.763539,1.096320
worker_2,537,1788086885.045381,50,4.776521,1.097536
worker_2,538,1788086885.050173,50,4.777215,1.096832
worker_2,539,1788086885.054965,50,4.779891,1.097152
worker_2,540,1788086885.059764,50,4.782039,1.101120
worker_2,541,1788086885.064562,50,4.781150,1.097152
worker_2,542,1788086885.069358,50,4.776797,1.096480
worker_2,543,1788086885.074150,50,4.795252,1.096000
worker_2,544,1788086885.078962,50,4.773947,1.098944
worker_2,545,1788086885.083751,50,4.780325,1.097312
worker_2,546,1788086885.088554,50,4.785225,1.095552
worker_2,547,1788086885.093359,50,4.768094,1.097376
worker_2,548,1788086885.098145,50,4.774872,1.097792
worker_2,549,1788086885.102935,50,4.783446,1.098304
worker_2,550,1788086885.107734,50,4.777734,1.098208
worker_2,551,1788086885.112528,50,4.778289,1.097824
worker_2,552,1788086885.117321,50,4.781168,1.098112
worker_2,553,1788086885.122118,50,4.772335,1.098144
worker_2,554,1788086885.126906,50,4.778789,1.098240
worker_2,555,1788086885.131700,50,4.991197,1.096768
worker_2,556,1788086885.136755,50,4.738641,1.096608
worker_2,557,1788086885.141542,50,4.745706,1.097856
worker_2,558,1788086885.146336,50,4.745882,1.096608
worker_2,559,1788086885.151127,50,4.558732,1.096224
worker_2,560,1788086885.155723,50,4.744937,1.101600
worker_2,561,1788086885.160495,50,4.766465,1.097792
worker_2,562,1788086885.165281,50,4.772798,1.096256
worker_2,563,1788086885.170070,50,4.772141,1.096352
worker_2,564,1788086885.174859,50,4.778761,1.095424
worker_2,565,1788086885.179655,50,4.781446,1.102336
worker_2,566,1788086885.184452,50,4.787881,1.097184
worker_2,567,1788086885.189256,50,4.775372,1.098272
worker_2,568,1788086885.194046,50,4.777733,1.097696
worker_2,569,1788086885.198839,50,4.779336,1.097824
worker_2,570,1788086885.203635,50,4.791150,1.102336
worker_2,571,1788086885.208445,50,4.779159,1.096512
worker_2,572,1788086885.213246,50,4.767456,1.097856
worker_2,573,1788086885.218031,50,4.772391,1.096992
worker_2,574,1788086885.222821,50,4.774956,1.098240
worker_2,575,1788086885.227620,50,4.770835,1.099168
worker_2,576,1788086885.232409,50,4.781964,1.097760
worker_2,577,1788086885.237207,50,4.778113,1.096416
worker_2,578,1788086885.242003,50,4.771770,1.096416
worker_2,579,1788086885.246792,50,4.776318,1.096512
worker_2,580,1788086885.251584,50,4.793983,1.098080
worker_2,581,1788086885.256410,50,4.757029,1.098144
worker_2,582,1788086885.261189,50,4.772003,1.095808
worker_2,583,1788086885.265985,50,4.759539,1.098176
worker_2,584,1788086885.270763,50,4.769030,1.096800
worker_2,585,1788086885.275550,50,4.781650,1.101408
worker_2,586,1788086885.280349,50,4.780262,1.096192
worker_2,587,1788086885.285145,50,4.775419,1.096032
worker_2,588,1788086885.289936,50,4.775965,1.096352
worker_2,589,1788086885.294728,50,4.779669,1.098816
worker_2,590,1788086885.299523,50,4.787381,1.103168
worker_2,591,1788086885.304327,50,4.782863,1.095840
worker_2,592,1788086885.309127,50,4.770965,1.096512
worker_2,593,1788086885.313914,50,4.770807,1.096480
worker_2,594,1788086885.318700,50,4.777974,1.097984
worker_2,595,1788086885.323503,50,4.767484,1.100832
worker_2,596,1788086885.328287,50,4.782068,1.098176
worker_2,597,1788086885.333087,50,4.777548,1.097792
worker_2,598,1788086885.337881,50,4.771872,1.097856
worker_2,599,1788086885.342671,50,4.773058,1.096064
worker_2,600,1788086885.347460,50,4.771428,1.096224
worker_2,601,1788086885.352247,50,4.773705,1.096768
worker_2,602,1788086885.357037,50,4.791382,1.096544
worker_2,603,1788086885.361847,50,4.771095,1.097312
worker_2,604,1788086885.366637,50,4.771437,1.096704
worker_2,605,1788086885.371424,50,4.771937,1.096192
worker_2,606,1788086885.376219,50,4.778474,1.098112
worker_2,607,1788086885.381013,50,4.787687,1.098528
worker_2,608,1788086885.385817,50,4.780243,1.096704
worker_2,609,1788086885.390615,50,4.768826,1.096544
worker_2,610,1788086885.395401,50,4.773668,1.097216
worker_2,611,1788086885.400192,50,4.780262,1.097152
worker_2,612,1788086885.404989,50,4.781558,1.101216
worker_2,613,1788086885.409786,50,4.771095,1.097184
worker_2,614,1788086885.414582,50,4.766049,1.096288
worker_2,615,1788086885.419364,50,4.773557,1.097888
worker_2,616,1788086885.424153,50,4.784299,1.097824
worker_2,617,1788086885.428953,50,4.793752,1.097568
worker_2,618,1788086885.433845,50,4.686974,1.096480
worker_2,619,1788086885.438554,50,4.763836,1.098464
worker_2,620,1788086885.443338,50,4.766122,1.096544
worker_2,621,1788086885.448121,50,4.773428,1.097824
worker_2,622,1788086885.452911,50,4.777215,1.097184
worker_2,623,1788086885.457704,50,4.774798,1.098016
worker_2,624,1788086885.462495,50,4.992755,1.096000
worker_2,625,1788086885.467539,50,4.532130,1.096256
worker_2,626,1788086885.472098,50,4.759817,1.097824
worker_2,627,1788086885.476877,50,4.788252,1.102592
worker_2,628,1788086885.481683,50,4.774337,1.096224
worker_2,629,1788086885.486475,50,4.772928,1.096416
worker_2,630,1788086885.491265,50,4.997523,1.096480
worker_2,631,1788086885.496314,50,4.525500,1.095680
worker_2,632,1788086885.500865,50,4.984624,1.097472
worker_2,633,1788086885.505898,50,4.536972,1.098208
worker_2,634,1788086885.510470,50,4.963588,1.095552
worker_2,635,1788086885.515483,50,4.533585,1.097760
worker_2,636,1788086885.520041,50,4.768085,1.098272
worker_2,637,1788086885.524828,50,4.796854,1.110336
worker_2,638,1788086885.529642,50,4.985346,1.096256
worker_2,639,1788086885.534677,50,4.539343,1.097664
worker_2,640,1788086885.539242,50,4.764141,1.097984
worker_2,641,1788086885.544024,50,4.775742,1.096288
worker_2,642,1788086885.548817,50,4.779401,1.097536
worker_2,643,1788086885.553612,50,4.776234,1.097696
worker_2,644,1788086885.558405,50,5.029235,1.098208
worker_2,645,1788086885.563484,50,4.498703,1.098528
worker_2,646,1788086885.568007,50,4.770807,1.096800
worker_2,647,1788086885.572796,50,4.774224,1.097824
worker_2,648,1788086885.577588,50,4.991366,1.098816
worker_2,649,1788086885.582629,50,4.531833,1.097376
worker_2,650,1788086885.587187,50,4.763280,1.098656
worker_2,651,1788086885.591969,50,4.772539,1.098144
worker_2,652,1788086885.596759,50,4.773594,1.097984
worker_2,653,1788086885.601555,50,4.769224,1.097600
worker_2,654,1788086885.606342,50,4.773816,1.098432
worker_2,655,1788086885.611132,50,4.988541,1.096992
worker_2,656,1788086885.616169,50,4.537732,1.096608
worker_2,657,1788086885.620731,50,5.007041,1.114304
worker_2,658,1788086885.625789,50,4.533334,1.096864
worker_2,659,1788086885.630352,50,4.968299,1.097184
worker_2,660,1788086885.635369,50,4.534500,1.096736
worker_2,661,1788086885.639929,50,4.761835,1.096032
worker_2,662,1788086885.644709,50,4.772085,1.101632
worker_2,663,1788086885.649498,50,4.989160,1.096064
worker_2,664,1788086885.654538,50,4.534963,1.096896
worker_2,665,1788086885.659099,50,4.762688,1.096960
worker_2,666,1788086885.663881,50,4.776983,1.097248
worker_2,667,1788086885.668674,50,4.779529,1.105920
worker_2,668,1788086885.673469,50,4.778104,1.097792
worker_2,669,1788086885.678262,50,4.782354,1.096256
worker_2,670,1788086885.683063,50,4.775511,1.098208
worker_2,671,1788086885.687854,50,4.776159,1.097600
worker_2,672,1788086885.692645,50,4.779919,1.096352
worker_2,673,1788086885.697458,50,4.759187,1.097760
worker_2,674,1788086885.702233,50,4.777363,1.097216
worker_2,675,1788086885.707026,50,4.774363,1.096352
worker_2,676,1788086885.711817,50,4.789771,1.105248
worker_2,677,1788086885.716622,50,4.773937,1.098016
worker_2,678,1788086885.721411,50,4.777826,1.097728
worker_2,679,1788086885.726206,50,4.773085,1.096256
worker_2,680,1788086885.730995,50,4.772891,1.097088
worker_2,681,1788086885.735783,50,4.781048,1.099200
worker_2,682,1788086885.740583,50,4.779289,1.098208
worker_2,683,1788086885.745379,50,4.771743,1.095584
worker_2,684,1788086885.750170,50,4.803104,1.097472
worker_2,685,1788086885.754990,50,4.777631,1.096992
worker_2,686,1788086885.759784,50,4.775744,1.096384
worker_2,687,1788086885.764576,50,4.996383,1.102656
worker_2,688,1788086885.769624,50,4.737742,1.096160
worker_2,689,1788086885.774412,50,4.741242,1.098272
worker_2,690,1788086885.779204,50,4.531862,1.096512
worker_2,691,1788086885.783762,50,4.776085,1.101824
worker_2,692,1788086885.788557,50,4.769669,1.096032
worker_2,693,1788086885.793345,50,4.984346,1.097888
worker_2,694,1788086885.798395,50,4.534648,1.098912
worker_2,695,1788086885.802956,50,4.976541,1.098368
worker_2,696,1788086885.807982,50,4.534436,1.097504
worker_2,697,1788086885.812545,50,4.969818,1.098976
worker_2,698,1788086885.817563,50,4.532759,1.096928
worker_2,699,1788086885.822123,50,4.972837,1.096064
worker_2,700,1788086885.827145,50,4.539371,1.098208
worker_2,701,1788086885.831710,50,4.756169,1.096064
worker_2,702,1788086885.836485,50,4.768326,1.097216
worker_2,703,1788086885.841271,50,4.772298,1.096256
worker_2,704,1788086885.846061,50,4.803475,1.095968
worker_2,705,1788086885.850881,50,4.993661,1.096448
worker_2,706,1788086885.855924,50,4.532111,1.099136
worker_2,707,1788086885.860483,50,4.989680,1.096800
worker_2,708,1788086885.865523,50,4.541675,1.096288
worker_2,709,1788086885.870092,50,4.971134,1.095616
worker_2,710,1788086885.875116,50,4.532334,1.097664
worker_2,711,1788086885.879673,50,4.769798,1.102784
worker_2,712,1788086885.884462,50,4.798012,1.096000
worker_2,713,1788086885.889277,50,4.772854,1.095776
worker_2,714,1788086885.894074,50,4.781085,1.101504
worker_2,715,1788086885.898872,50,4.769252,1.097760
worker_2,716,1788086885.903658,50,4.773633,1.096928
worker_2,717,1788086885.908449,50,4.769270,1.098624
worker_2,718,1788086885.913235,50,4.776752,1.097344
worker_2,719,1788086885.918029,50,4.801049,1.098464
worker_2,720,1788086885.922845,50,4.774511,1.096800
worker_2,721,1788086885.927636,50,4.779789,1.097216
worker_2,722,1788086885.932432,50,4.775779,1.099232
worker_2,723,1788086885.937223,50,4.779485,1.097568
worker_2,724,1788086885.942020,50,4.771650,1.096256
worker_2,725,1788086885.946808,50,4.778660,1.097504
worker_2,726,1788086885.951603,50,4.768901,1.096864
worker_2,727,1788086885.956388,50,4.775085,1.101024
worker_2,728,1788086885.961180,50,4.776289,1.096576
worker_2,729,1788086885.965973,50,4.769586,1.096544
worker_2,730,1788086885.970760,50,4.983097,1.096512
worker_2,731,1788086885.975794,50,4.586722,1.096544
worker_2,732,1788086885.980421,50,4.683909,1.096096
worker_2,733,1788086885.985143,50,4.748067,1.096096
worker_2,734,1788086885.989913,50,4.762511,1.097568
worker_2,735,1788086885.994693,50,4.777114,1.097984
worker_2,736,1788086885.999486,50,4.773141,1.097024
worker_2,737,1788086886.004276,50,4.772558,1.097760
worker_2,738,1788086886.009065,50,4.778900,1.096640
worker_2,739,1788086886.013859,50,4.772290,1.096032
worker_2,740,1788086886.018647,50,4.776910,1.098080
worker_2,741,1788086886.023440,50,4.779798,1.097056
worker_2,742,1788086886.028236,50,4.773456,1.101792
worker_2,743,1788086886.033025,50,4.789631,1.096416
worker_2,744,1788086886.037830,50,4.774372,1.096704
worker_2,745,1788086886.042621,50,4.770206,1.096448
worker_2,746,1788086886.047409,50,4.771947,1.096832
worker_2,747,1788086886.052196,50,4.786826,1.097856
worker_2,748,1788086886.056999,50,4.772410,1.098624
worker_2,749,1788086886.061788,50,4.772632,1.098304
worker_2,750,1788086886.066577,50,4.775326,1.097952
worker_2,751,1788086886.071368,50,4.794678,1.097792
worker_2,752,1788086886.076178,50,4.775816,1.097440
worker_2,753,1788086886.080977,50,4.991041,1.095840
worker_2,754,1788086886.086021,50,4.519370,1.097856
worker_2,755,1788086886.090567,50,4.980217,1.097408
worker_2,756,1788086886.095596,50,4.534093,1.098240
worker_2,757,1788086886.100156,50,4.759373,1.097312
worker_2,758,1788086886.104934,50,4.770150,1.096960
worker_2,759,1788086886.109723,50,4.991291,1.098336
worker_2,760,1788086886.114765,50,4.526250,1.097248
worker_2,761,1788086886.119320,50,4.761465,1.098688
worker_2,762,1788086886.124101,50,4.778021,1.098592
worker_2,763,1788086886.128896,50,4.778605,1.097600
worker_2,764,1788086886.133691,50,4.773687,1.097696
worker_2,765,1788086886.138481,50,4.999541,1.098176
worker_2,766,1788086886.143534,50,4.552214,1.096096
worker_2,767,1788086886.148114,50,4.756428,1.098432
worker_2,768,1788086886.152889,50,4.771076,1.097856
worker_2,769,1788086886.157676,50,5.008753,1.096416
worker_2,770,1788086886.162738,50,4.514898,1.097440
worker_2,771,1788086886.167280,50,4.762252,1.097856
worker_2,772,1788086886.172139,50,4.695428,1.099040
worker_2,773,1788086886.176856,50,4.796613,1.096224
worker_2,774,1788086886.181672,50,4.769234,1.095712
worker_2,775,1788086886.186458,50,4.990078,1.097664
worker_2,776,1788086886.191498,50,4.556240,1.098848
worker_2,777,1788086886.196081,50,4.752058,1.095808
worker_2,778,1788086886.200852,50,4.768679,1.097632
worker_2,779,1788086886.205639,50,4.984623,1.096352
worker_2,780,1788086886.210675,50,4.529102,1.098912
worker_2,781,1788086886.215232,50,4.758197,1.097216
worker_2,782,1788086886.220009,50,4.770170,1.096800
worker_2,783,1788086886.224797,50,4.785233,1.106848
worker_2,784,1788086886.229599,50,4.777428,1.097728
worker_2,785,1788086886.234394,50,4.989366,1.095552
worker_2,786,1788086886.239435,50,4.533463,1.097312
worker_2,787,1788086886.243994,50,4.760900,1.098432
worker_2,788,1788086886.248774,50,4.773668,1.096256
worker_2,789,1788086886.253564,50,4.992375,1.096960
worker_2,790,1788086886.258608,50,4.535991,1.096064
worker_2,791,1788086886.263172,50,4.756798,1.096800
worker_2,792,1788086886.267960,50,4.763789,1.096608
worker_2,793,1788086886.272741,50,4.974252,1.108352
worker_2,794,1788086886.277779,50,4.556092,1.096928
worker_2,795,1788086886.282364,50,4.761873,1.096800
worker_2,796,1788086886.287148,50,4.764900,1.097760
worker_2,797,1788086886.291934,50,4.776409,1.096256
worker_2,798,1788086886.296727,50,4.772557,1.098240
worker_2,799,1788086886.301517,50,4.774530,1.097664
worker_2,800,1788086886.306309,50,4.786049,1.098848
worker_2,801,1788086886.311111,50,4.774715,1.097152
worker_2,802,1788086886.315901,50,4.779688,1.096736
worker_2,803,1788086886.320697,50,4.782039,1.102656
worker_2,804,1788086886.325495,50,4.997254,1.096032
worker_2,805,1788086886.330544,50,4.521740,1.095744
worker_2,806,1788086886.335094,50,4.757566,1.096800
worker_2,807,1788086886.339870,50,4.778280,1.101248
worker_2,808,1788086886.344665,50,4.770826,1.097344
worker_2,809,1788086886.349453,50,4.775068,1.097792
worker_2,810,1788086886.354244,50,4.779844,1.097088
worker_2,811,1788086886.359050,50,4.772299,1.095744
worker_2,812,1788086886.363840,50,4.783837,1.101824
worker_2,813,1788086886.368639,50,4.772835,1.095776
worker_2,814,1788086886.373428,50,4.776975,1.097696
worker_2,815,1788086886.378221,50,4.769697,1.095968
worker_2,816,1788086886.383007,50,4.789698,1.096608
worker_2,817,1788086886.387812,50,4.791706,1.107744
worker_2,818,1788086886.392620,50,4.775224,1.096288
worker_2,819,1788086886.397411,50,4.775790,1.096480
worker_2,820,1788086886.402203,50,4.779706,1.097664
worker_2,821,1788086886.406999,50,4.781327,1.098144
worker_2,822,1788086886.411796,50,4.776779,1.099808
worker_2,823,1788086886.416589,50,4.774567,1.097792
worker_2,824,1788086886.421381,50,4.774178,1.098656
worker_2,825,1788086886.426172,50,4.778789,1.098560
worker_2,826,1788086886.430967,50,4.776937,1.098560
worker_2,827,1788086886.435759,50,4.780021,1.098688
worker_2,828,1788086886.440555,50,4.781196,1.095776
worker_2,829,1788086886.445352,50,4.780549,1.097568
worker_2,830,1788086886.450148,50,4.991884,1.096448
worker_2,831,1788086886.455203,50,4.515889,1.097824
worker_2,832,1788086886.459746,50,4.965336,1.098016
worker_2,833,1788086886.464761,50,4.743103,1.100288
worker_2,834,1788086886.469553,50,4.539917,1.097504
worker_2,835,1788086886.474118,50,4.767400,1.096384
worker_2,836,1788086886.478905,50,4.979838,1.096064
worker_2,837,1788086886.483934,50,4.539389,1.097280
worker_2,838,1788086886.488499,50,4.972189,1.097408
worker_2,839,1788086886.493522,50,4.538759,1.097536
worker_2,840,1788086886.498087,50,4.970216,1.097568
worker_2,841,1788086886.503106,50,4.538287,1.097216
worker_2,842,1788086886.507671,50,4.766300,1.098784
worker_2,843,1788086886.512456,50,4.788817,1.098528
worker_2,844,1788086886.517261,50,4.984588,1.096160
worker_2,845,1788086886.522296,50,4.538390,1.097856
worker_2,846,1788086886.526861,50,4.970281,1.096800
worker_2,847,1788086886.531882,50,4.554963,1.102528
worker_2,848,1788086886.536466,50,4.975264,1.096352
worker_2,849,1788086886.541491,50,4.540287,1.098528
worker_2,850,1788086886.546069,50,4.955430,1.097792
worker_2,851,1788086886.551075,50,4.540852,1.097632
worker_2,852,1788086886.555643,50,4.774678,1.102560
worker_2,853,1788086886.560436,50,4.793511,1.095776
worker_2,854,1788086886.565247,50,4.984791,1.096768
worker_2,855,1788086886.570281,50,4.562381,1.098368
worker_2,856,1788086886.574871,50,4.814993,1.097920
worker_2,857,1788086886.579736,50,4.706632,1.100320
worker_2,858,1788086886.584469,50,4.773956,1.097504
worker_2,859,1788086886.589261,50,4.779197,1.096096
worker_2,860,1788086886.594058,50,4.773271,1.099040
worker_2,861,1788086886.598849,50,4.990967,1.097408
worker_2,862,1788086886.603891,50,4.553583,1.101664
worker_2,863,1788086886.608472,50,4.979688,1.097248
worker_2,864,1788086886.613503,50,4.533472,1.096800
worker_2,865,1788086886.618063,50,4.964486,1.096320
worker_2,866,1788086886.623077,50,4.540529,1.099072
worker_2,867,1788086886.627643,50,4.769363,1.100512
worker_2,868,1788086886.632431,50,4.787011,1.096064
worker_2,869,1788086886.637235,50,4.981958,1.096864
worker_2,870,1788086886.642280,50,4.545629,1.098112
worker_2,871,1788086886.646854,50,4.968615,1.098880
worker_2,872,1788086886.651872,50,4.535547,1.096384
worker_2,873,1788086886.656432,50,4.763465,1.097984
worker_2,874,1788086886.661215,50,4.775002,1.098208
worker_2,875,1788086886.666007,50,4.776594,1.097408
worker_2,876,1788086886.670801,50,4.769994,1.096288
worker_2,877,1788086886.675586,50,4.776900,1.097248
worker_2,878,1788086886.680380,50,4.777919,1.101088
worker_2,879,1788086886.685174,50,4.776687,1.097760
worker_2,880,1788086886.689968,50,4.785159,1.097440
worker_2,881,1788086886.694770,50,4.770187,1.096512
worker_2,882,1788086886.699556,50,4.780140,1.098176
worker_2,883,1788086886.704352,50,4.776641,1.097344
worker_2,884,1788086886.709144,50,4.779881,1.098240
worker_2,885,1788086886.713941,50,4.773641,1.098112
worker_2,886,1788086886.718731,50,4.788133,1.097344
worker_2,887,1788086886.723540,50,5.056559,1.098144
worker_2,888,1788086886.728616,50,4.489138,1.097696
worker_2,889,1788086886.733128,50,4.770835,1.097568
worker_2,890,1788086886.737918,50,4.773076,1.097184
worker_2,891,1788086886.742707,50,4.780483,1.097568
worker_2,892,1788086886.747504,50,4.778715,1.104032
worker_2,893,1788086886.752300,50,4.777142,1.096128
worker_2,894,1788086886.757093,50,4.782160,1.097408
worker_2,895,1788086886.761890,50,4.775705,1.097920
worker_2,896,1788086886.766682,50,4.779874,1.096832
worker_2,897,1788086886.771477,50,4.781335,1.098912
worker_2,898,1788086886.776276,50,4.772548,1.097824
worker_2,899,1788086886.781065,50,4.774214,1.098752
worker_2,900,1788086886.785857,50,4.992394,1.097664
worker_2,901,1788086886.790899,50,4.533343,1.096320
worker_2,902,1788086886.795460,50,4.765724,1.097504
worker_2,903,1788086886.800245,50,4.763503,1.096224
worker_2,904,1788086886.805026,50,5.003328,1.096928
worker_2,905,1788086886.810080,50,4.529740,1.096544
worker_2,906,1788086886.814638,50,4.966707,1.096704
worker_2,907,1788086886.819654,50,4.533176,1.096480
worker_2,908,1788086886.824221,50,4.759835,1.101632
worker_2,909,1788086886.829011,50,4.757769,1.098528
worker_2,910,1788086886.833789,50,4.771687,1.095904
worker_2,911,1788086886.838578,50,4.775696,1.099040
worker_2,912,1788086886.843371,50,5.002365,1.095872
worker_2,913,1788086886.848422,50,4.540268,1.099456
worker_2,914,1788086886.852988,50,4.974346,1.096736
worker_2,915,1788086886.858013,50,4.535425,1.097792
worker_2,916,1788086886.862576,50,4.756760,1.095488
worker_2,917,1788086886.867354,50,4.807872,1.097792
worker_2,918,1788086886.872179,50,4.772391,1.098528
worker_2,919,1788086886.876969,50,4.771252,1.096736
worker_2,920,1788086886.881760,50,4.770030,1.096832
worker_2,921,1788086886.886547,50,4.777594,1.098464
worker_2,922,1788086886.891341,50,4.798873,1.096896
worker_2,923,1788086886.896155,50,4.777151,1.096864
worker_2,924,1788086886.900947,50,4.806253,1.102848
worker_2,925,1788086886.905769,50,4.773669,1.097472
worker_2,926,1788086886.910635,50,4.699094,1.096608
worker_2,927,1788086886.915352,50,4.777049,1.099008
worker_2,928,1788086886.920155,50,4.766188,1.097760
worker_2,929,1788086886.924938,50,4.779770,1.098048
worker_2,930,1788086886.929734,50,4.775049,1.097376
worker_2,931,1788086886.934524,50,4.773604,1.097024
worker_2,932,1788086886.939314,50,4.779096,1.097760
worker_2,933,1788086886.944109,50,4.776465,1.096544
worker_2,934,1788086886.948902,50,4.772946,1.096320
worker_2,935,1788086886.953691,50,4.991106,1.095904
worker_2,936,1788086886.958733,50,4.538167,1.097792
worker_2,937,1788086886.963298,50,4.757780,1.097952
worker_2,938,1788086886.968075,50,4.767799,1.098592
worker_2,939,1788086886.972859,50,4.788642,1.097408
worker_2,940,1788086886.977664,50,4.775557,1.096992
worker_2,941,1788086886.982455,50,4.775845,1.095776
worker_2,942,1788086886.987248,50,4.801448,1.098368
worker_2,943,1788086886.992065,50,4.779975,1.100800
worker_2,944,1788086886.996861,50,4.774011,1.096736
worker_2,945,1788086887.001650,50,4.997096,1.097440
worker_2,946,1788086887.006699,50,4.526666,1.096832
worker_2,947,1788086887.011252,50,4.778466,1.096192
worker_2,948,1788086887.016062,50,4.966068,1.097440
worker_2,949,1788086887.021079,50,4.736836,1.095680
worker_2,950,1788086887.025864,50,4.538945,1.097184
worker_2,951,1788086887.030430,50,4.968874,1.096192
worker_2,952,1788086887.035448,50,4.545880,1.098912
worker_2,953,1788086887.040020,50,4.763354,1.099872
worker_2,954,1788086887.044802,50,4.772300,1.098208
worker_2,955,1788086887.049591,50,4.997438,1.097856
worker_2,956,1788086887.054640,50,4.529732,1.095616
worker_2,957,1788086887.059196,50,4.768021,1.097824
worker_2,958,1788086887.063984,50,4.771557,1.100544
worker_2,959,1788086887.068772,50,4.772492,1.097344
worker_2,960,1788086887.073562,50,4.783446,1.100096
worker_2,961,1788086887.078363,50,4.772123,1.096352
worker_2,962,1788086887.083153,50,4.793187,1.096416
worker_2,963,1788086887.087962,50,4.775057,1.100288
worker_2,964,1788086887.092752,50,4.776837,1.096960
worker_2,965,1788086887.097549,50,4.768446,1.097504
worker_2,966,1788086887.102337,50,4.772780,1.097984
worker_2,967,1788086887.107139,50,4.784372,1.096352
worker_2,968,1788086887.111941,50,4.771697,1.098496
worker_2,969,1788086887.116729,50,4.771623,1.095776
worker_2,970,1788086887.121516,50,4.774039,1.096992
worker_2,971,1788086887.126307,50,4.984429,1.096640
worker_2,972,1788086887.131342,50,4.537583,1.097792
worker_2,973,1788086887.135907,50,4.759428,1.096896
worker_2,974,1788086887.140687,50,4.764196,1.095680
worker_2,975,1788086887.145468,50,4.992401,1.096448
worker_2,976,1788086887.150512,50,4.530102,1.096064
worker_2,977,1788086887.155068,50,4.824086,1.096416
worker_2,978,1788086887.159945,50,4.685326,1.101952
worker_2,979,1788086887.164658,50,4.757076,1.097600
worker_2,980,1788086887.169434,50,5.004236,1.098048
worker_2,981,1788086887.174489,50,4.516741,1.097600
worker_2,982,1788086887.179033,50,4.978828,1.097920
worker_2,983,1788086887.184063,50,4.541120,1.101344
worker_2,984,1788086887.188631,50,4.970560,1.097984
worker_2,985,1788086887.193654,50,4.535898,1.098368
worker_2,986,1788086887.198216,50,4.821938,1.096736
worker_2,987,1788086887.203102,50,4.676891,1.099136
worker_2,988,1788086887.207806,50,4.762789,1.097376
worker_2,989,1788086887.212588,50,4.780872,1.099584
worker_2,990,1788086887.217387,50,4.771410,1.098496
worker_2,991,1788086887.222174,50,4.997700,1.097216
worker_2,992,1788086887.227224,50,4.534277,1.096256
worker_2,993,1788086887.231783,50,4.764391,1.097792
worker_2,994,1788086887.236567,50,4.771216,1.097216
worker_2,995,1788086887.241354,50,4.990449,1.097920
worker_2,996,1788086887.246395,50,4.560418,1.098816
worker_2,997,1788086887.250983,50,4.993152,1.098144
worker_2,998,1788086887.256026,50,4.513602,1.096032
worker_2,999,1788086887.260565,50,4.976347,1.101120
worker_2,1000,1788086887.265593,50,4.533426,1.098592
worker_2,1001,1788086887.270154,50,4.980865,1.095552
worker_2,1002,1788086887.275189,50,4.529287,1.095872
worker_2,1003,1788086887.279743,50,4.762159,1.097824
worker_2,1004,1788086887.284527,50,4.770881,1.098240
worker_2,1005,1788086887.289315,50,4.988393,1.097952
worker_2,1006,1788086887.294365,50,4.633835,1.100128
worker_2,1007,1788086887.299046,50,4.658992,1.098464
worker_2,1008,1788086887.303739,50,4.753411,1.097024
worker_2,1009,1788086887.308528,50,4.755232,1.096608
worker_2,1010,1788086887.313321,50,4.748484,1.097184
worker_2,1011,1788086887.318105,50,4.781622,1.097824
worker_2,1012,1788086887.322918,50,4.758538,1.097472
worker_2,1013,1788086887.327712,50,4.769262,1.099680
worker_2,1014,1788086887.332518,50,4.770909,1.099008
worker_2,1015,1788086887.337325,50,4.753873,1.096672
worker_2,1016,1788086887.342115,50,4.749002,1.097728
worker_2,1017,1788086887.346900,50,4.751891,1.096352
worker_2,1018,1788086887.351690,50,4.751679,1.096864
worker_2,1019,1788086887.356476,50,4.756205,1.097248
worker_2,1020,1788086887.361267,50,4.761650,1.096032
worker_2,1021,1788086887.366064,50,4.751234,1.096768
worker_2,1022,1788086887.370849,50,4.767539,1.098112
worker_2,1023,1788086887.375652,50,4.752529,1.098336
worker_2,1024,1788086887.380443,50,4.758752,1.096224
worker_2,1025,1788086887.385237,50,4.753669,1.098464
worker_2,1026,1788086887.390030,50,4.746502,1.096768
worker_2,1027,1788086887.394813,50,4.758743,1.096800
worker_2,1028,1788086887.399606,50,4.758927,1.097504
worker_2,1029,1788086887.404401,50,4.757558,1.095776
worker_2,1030,1788086887.409193,50,4.756613,1.095840
worker_2,1031,1788086887.413985,50,4.754409,1.096576
worker_2,1032,1788086887.418774,50,4.755196,1.097120
worker_2,1033,1788086887.423564,50,4.767409,1.101568
worker_2,1034,1788086887.428365,50,4.771270,1.097920
worker_2,1035,1788086887.433171,50,4.760427,1.096096
worker_2,1036,1788086887.437966,50,4.747399,1.097536
worker_2,1037,1788086887.442748,50,4.764826,1.098368
worker_2,1038,1788086887.447549,50,4.748956,1.097120
worker_2,1039,1788086887.452335,50,4.748260,1.098112
worker_2,1040,1788086887.457117,50,4.899771,1.096256
worker_2,1041,1788086887.462051,50,4.620936,1.096544
worker_2,1042,1788086887.466707,50,4.902161,1.097504
worker_2,1043,1788086887.471643,50,4.761613,1.096064
worker_2,1044,1788086887.476442,50,4.598409,1.097952
worker_2,1045,1788086887.481086,50,4.751733,1.096864
worker_2,1046,1788086887.485873,50,4.759974,1.097856
worker_2,1047,1788086887.490668,50,4.750724,1.096160
worker_2,1048,1788086887.495454,50,4.754678,1.097536
worker_2,1049,1788086887.500258,50,4.749594,1.099936
worker_2,1050,1788086887.505045,50,4.750576,1.095936
worker_2,1051,1788086887.509833,50,4.743437,1.097152
worker_2,1052,1788086887.514611,50,4.760447,1.096672
worker_2,1053,1788086887.519407,50,4.784483,1.097664
worker_2,1054,1788086887.524242,50,4.736372,1.097728
worker_2,1055,1788086887.529015,50,4.774493,1.100768
worker_2,1056,1788086887.533826,50,4.748678,1.095968
worker_2,1057,1788086887.538610,50,4.758992,1.096832
worker_2,1058,1788086887.543403,50,4.755797,1.097024
worker_2,1059,1788086887.548196,50,4.750002,1.095904
worker_2,1060,1788086887.552980,50,4.771900,1.098752
worker_2,1061,1788086887.557788,50,4.753363,1.095488
worker_2,1062,1788086887.562577,50,4.756427,1.097856
worker_2,1063,1788086887.567369,50,4.751947,1.096448
worker_2,1064,1788086887.572156,50,4.753650,1.098400
worker_2,1065,1788086887.576955,50,4.741371,1.095392
worker_2,1066,1788086887.581733,50,4.768780,1.096640
worker_2,1067,1788086887.586537,50,4.750511,1.097216
worker_2,1068,1788086887.591324,50,4.767235,1.095968
worker_2,1069,1788086887.596127,50,4.756195,1.098464
worker_2,1070,1788086887.600919,50,4.748325,1.096352
worker_2,1071,1788086887.605704,50,4.754474,1.096576
worker_2,1072,1788086887.610493,50,4.752725,1.096576
worker_2,1073,1788086887.615281,50,4.774456,1.096672
worker_2,1074,1788086887.620095,50,4.747150,1.103360
worker_2,1075,1788086887.624876,50,4.758187,1.095808
worker_2,1076,1788086887.629669,50,4.755020,1.096704
worker_2,1077,1788086887.634458,50,4.756308,1.096736
worker_2,1078,1788086887.639251,50,4.752178,1.096736
worker_2,1079,1788086887.644124,50,4.673715,1.100096
worker_2,1080,1788086887.648834,50,4.752919,1.097056
worker_2,1081,1788086887.653621,50,4.759206,1.100864
worker_2,1082,1788086887.658414,50,4.759927,1.096448
worker_2,1083,1788086887.663209,50,4.768992,1.105216
worker_2,1084,1788086887.668025,50,4.744243,1.099840
worker_2,1085,1788086887.672805,50,4.752484,1.097888
worker_2,1086,1788086887.677593,50,4.751437,1.096256
worker_2,1087,1788086887.682381,50,4.755817,1.098176
worker_2,1088,1788086887.687172,50,4.757428,1.096704
worker_2,1089,1788086887.691965,50,4.749326,1.097632
worker_2,1090,1788086887.696750,50,4.753169,1.099328
worker_2,1091,1788086887.701540,50,4.751771,1.097056
worker_2,1092,1788086887.706326,50,4.762807,1.095776
worker_2,1093,1788086887.711126,50,4.745751,1.097120
worker_2,1094,1788086887.715906,50,4.765353,1.104192
worker_2,1095,1788086887.720708,50,4.752225,1.097920
worker_2,1096,1788086887.725493,50,4.756586,1.098464
worker_2,1097,1788086887.730282,50,4.760170,1.095424
worker_2,1098,1788086887.735080,50,4.753798,1.096576
worker_2,1099,1788086887.739870,50,4.754234,1.096672
worker_2,1100,1788086887.744660,50,4.752186,1.096608
worker_2,1101,1788086887.749449,50,4.755687,1.096448
worker_2,1102,1788086887.754240,50,4.754354,1.097216
worker_2,1103,1788086887.759029,50,4.752456,1.096544
worker_2,1104,1788086887.763828,50,4.750253,1.099232
worker_2,1105,1788086887.768615,50,4.767261,1.105664
worker_2,1106,1788086887.773418,50,4.751197,1.097696
worker_2,1107,1788086887.778205,50,4.754241,1.096128
worker_2,1108,1788086887.782995,50,4.933494,1.096032
worker_2,1109,1788086887.787972,50,4.559167,1.096768
worker_2,1110,1788086887.792564,50,4.760159,1.096768
worker_2,1111,1788086887.797359,50,4.778548,1.096352
worker_2,1112,1788086887.802182,50,4.719280,1.095872
worker_2,1113,1788086887.806939,50,4.943041,1.097216
worker_2,1114,1788086887.811925,50,4.564482,1.096224
worker_2,1115,1788086887.816528,50,4.753224,1.097632
worker_2,1116,1788086887.821318,50,4.771187,1.097664
worker_2,1117,1788086887.826133,50,4.751225,1.098752
worker_2,1118,1788086887.830921,50,4.921957,1.096160
worker_2,1119,1788086887.835887,50,4.567936,1.096352
worker_2,1120,1788086887.840492,50,4.756687,1.100096
worker_2,1121,1788086887.845283,50,4.759854,1.098720
worker_2,1122,1788086887.850077,50,4.778798,1.099264
worker_2,1123,1788086887.854901,50,4.746789,1.095776
worker_2,1124,1788086887.859683,50,4.749493,1.095808
worker_2,1125,1788086887.864469,50,4.769659,1.098368
worker_2,1126,1788086887.869274,50,4.753094,1.097600
worker_2,1127,1788086887.874061,50,4.763882,1.097056
worker_2,1128,1788086887.878862,50,4.752373,1.097216
worker_2,1129,1788086887.883648,50,4.758002,1.098592
worker_2,1130,1788086887.888443,50,4.752557,1.099552
worker_2,1131,1788086887.893228,50,4.766485,1.096224
worker_2,1132,1788086887.898030,50,4.759290,1.097472
worker_2,1133,1788086887.902823,50,4.750891,1.097792
worker_2,1134,1788086887.907608,50,4.761612,1.096608
worker_2,1135,1788086887.912406,50,4.757187,1.102272
worker_2,1136,1788086887.917198,50,4.753012,1.095808
worker_2,1137,1788086887.921987,50,4.775335,1.096352
worker_2,1138,1788086887.926797,50,4.752780,1.098272
worker_2,1139,1788086887.931586,50,4.753798,1.097728
worker_2,1140,1788086887.936374,50,4.751900,1.096480
worker_2,1141,1788086887.941162,50,4.752252,1.096192
worker_2,1142,1788086887.945949,50,4.755882,1.098880
worker_2,1143,1788086887.950750,50,4.741326,1.097216
worker_2,1144,1788086887.955527,50,4.749392,1.096192
worker_2,1145,1788086887.960311,50,4.762836,1.102816
worker_2,1146,1788086887.965108,50,4.753029,1.096736
worker_2,1147,1788086887.969897,50,4.762993,1.097024
worker_2,1148,1788086887.974695,50,4.752743,1.097888
worker_2,1149,1788086887.979481,50,4.766410,1.095840
worker_2,1150,1788086887.984282,50,4.744678,1.099680
worker_2,1151,1788086887.989062,50,4.756808,1.097792
worker_2,1152,1788086887.993855,50,4.763910,1.096704
worker_2,1153,1788086887.998653,50,4.758085,1.098208
worker_2,1154,1788086888.003446,50,4.753956,1.097728
worker_2,1155,1788086888.008246,50,4.747789,1.100768
worker_2,1156,1788086888.013028,50,4.753057,1.096832
worker_2,1157,1788086888.017816,50,4.763678,1.096800
worker_2,1158,1788086888.022614,50,4.752511,1.096512
worker_2,1159,1788086888.027402,50,4.779178,1.097568
worker_2,1160,1788086888.032231,50,4.731224,1.098912
worker_2,1161,1788086888.036996,50,4.759945,1.097952
worker_2,1162,1788086888.041803,50,4.739659,1.096480
worker_2,1163,1788086888.046578,50,4.753919,1.096992
worker_2,1164,1788086888.051367,50,4.762327,1.096736
worker_2,1165,1788086888.056164,50,4.752315,1.098496
worker_2,1166,1788086888.060953,50,4.762243,1.101344
worker_2,1167,1788086888.065751,50,4.752603,1.096704
worker_2,1168,1788086888.070537,50,4.752770,1.096608
worker_2,1169,1788086888.075325,50,4.770160,1.097056
worker_2,1170,1788086888.080130,50,4.753779,1.098656
worker_2,1171,1788086888.084920,50,4.749363,1.095872
worker_2,1172,1788086888.089702,50,4.764021,1.098176
worker_2,1173,1788086888.094502,50,4.755270,1.097856
worker_2,1174,1788086888.099293,50,4.771391,1.095200
worker_2,1175,1788086888.104102,50,4.750169,1.101312
worker_2,1176,1788086888.108886,50,4.753335,1.096576
worker_2,1177,1788086888.113673,50,4.756566,1.096256
worker_2,1178,1788086888.118464,50,4.758668,1.097728
worker_2,1179,1788086888.123257,50,4.757965,1.097248
worker_2,1180,1788086888.128051,50,4.754798,1.099648
worker_2,1181,1788086888.132841,50,4.755196,1.097920
worker_2,1182,1788086888.137643,50,4.751567,1.099872
worker_2,1183,1788086888.142431,50,4.750252,1.096864
worker_2,1184,1788086888.147217,50,4.761743,1.095744
worker_2,1185,1788086888.152013,50,4.757613,1.102336
worker_2,1186,1788086888.156807,50,4.751965,1.095808
worker_2,1187,1788086888.161595,50,4.754669,1.095648
worker_2,1188,1788086888.166385,50,4.749455,1.097568
worker_2,1189,1788086888.171170,50,4.776872,1.097216
worker_2,1190,1788086888.175982,50,4.755205,1.100736
worker_2,1191,1788086888.180773,50,4.749808,1.096544
worker_2,1192,1788086888.185558,50,4.757234,1.096704
worker_2,1193,1788086888.190350,50,4.753169,1.096832
worker_2,1194,1788086888.195139,50,4.754113,1.096640
worker_2,1195,1788086888.199929,50,4.749113,1.096960
worker_2,1196,1788086888.204714,50,4.750955,1.097504
worker_2,1197,1788086888.209501,50,4.750770,1.097856
worker_2,1198,1788086888.214288,50,4.766140,1.097216
worker_2,1199,1788086888.219090,50,4.757039,1.097888
worker_2,1200,1788086888.223883,50,4.760215,1.097504
worker_2,1201,1788086888.228685,50,4.759178,1.096512
worker_2,1202,1788086888.233480,50,4.750993,1.096576
worker_2,1203,1788086888.238266,50,4.759808,1.096032
worker_2,1204,1788086888.243062,50,4.752493,1.096608
worker_2,1205,1788086888.247851,50,4.750733,1.096480
worker_2,1206,1788086888.252635,50,4.769938,1.101152
worker_2,1207,1788086888.257441,50,4.752492,1.096512
worker_2,1208,1788086888.262231,50,4.786335,1.106560
worker_2,1209,1788086888.267052,50,4.747205,1.096736
worker_2,1210,1788086888.271834,50,4.760455,1.096992
worker_2,1211,1788086888.276631,50,4.756159,1.101792
worker_2,1212,1788086888.281423,50,4.751095,1.095648
worker_2,1213,1788086888.286210,50,4.770827,1.097888
worker_2,1214,1788086888.291016,50,4.753558,1.096960
worker_2,1215,1788086888.295806,50,4.751660,1.097952
worker_2,1216,1788086888.300594,50,4.755882,1.097536
worker_2,1217,1788086888.305385,50,4.756492,1.096864
worker_2,1218,1788086888.310178,50,4.753058,1.097344
worker_2,1219,1788086888.314968,50,4.751585,1.096608
worker_2,1220,1788086888.319755,50,4.750724,1.097248
worker_2,1221,1788086888.324552,50,4.745168,1.100704
worker_2,1222,1788086888.329333,50,4.755409,1.098944
worker_2,1223,1788086888.334122,50,4.754511,1.097792
worker_2,1224,1788086888.338912,50,4.756262,1.095744
worker_2,1225,1788086888.343704,50,4.769067,1.102336
worker_2,1226,1788086888.348510,50,4.770955,1.096320
worker_2,1227,1788086888.353319,50,4.752872,1.096992
worker_2,1228,1788086888.358108,50,4.753382,1.097696
worker_2,1229,1788086888.362897,50,4.763437,1.097536
worker_2,1230,1788086888.367790,50,4.662891,1.097056
worker_2,1231,1788086888.372489,50,4.751696,1.096384
worker_2,1232,1788086888.377277,50,4.765178,1.105088
worker_2,1233,1788086888.382078,50,4.766817,1.096416
worker_2,1234,1788086888.386882,50,4.745770,1.096672
worker_2,1235,1788086888.391659,50,4.765613,1.097728
worker_2,1236,1788086888.396460,50,4.762892,1.096576
worker_2,1237,1788086888.401258,50,4.753057,1.096544
worker_2,1238,1788086888.406047,50,4.746381,1.096800
worker_2,1239,1788086888.410830,50,4.770390,1.102400
worker_2,1240,1788086888.415643,50,4.741863,1.097728
worker_2,1241,1788086888.420420,50,4.757724,1.097888
worker_2,1242,1788086888.425212,50,4.758651,1.097536
worker_2,1243,1788086888.430005,50,4.756131,1.096928
worker_2,1244,1788086888.434795,50,4.761326,1.097536
worker_2,1245,1788086888.439592,50,4.752409,1.098752
worker_2,1246,1788086888.444382,50,4.766363,1.096256
worker_2,1247,1788086888.449183,50,4.756595,1.097376
worker_2,1248,1788086888.453977,50,4.902494,1.096672
worker_2,1249,1788086888.458915,50,4.678556,1.096448
worker_2,1250,1788086888.463629,50,4.834873,1.097216
worker_2,1251,1788086888.468498,50,4.759150,1.097568
worker_2,1252,1788086888.473290,50,4.763131,1.096448
worker_2,1253,1788086888.478091,50,4.755697,1.097536
worker_2,1254,1788086888.482882,50,4.759122,1.096096
worker_2,1255,1788086888.487677,50,4.742085,1.096416
worker_2,1256,1788086888.492455,50,4.768151,1.096896
worker_2,1257,1788086888.497258,50,4.752854,1.096448
worker_2,1258,1788086888.502050,50,4.751661,1.097888
worker_2,1259,1788086888.506837,50,4.741400,1.095968
worker_2,1260,1788086888.511623,50,4.762965,1.095744
worker_2,1261,1788086888.516422,50,4.750853,1.096672
worker_2,1262,1788086888.521209,50,4.767373,1.097888
worker_2,1263,1788086888.526009,50,4.656529,1.096832
worker_2,1264,1788086888.530697,50,4.868762,1.096192
worker_2,1265,1788086888.535599,50,4.731093,1.095616
worker_2,1266,1788086888.540365,50,4.762604,1.096704
worker_2,1267,1788086888.545163,50,4.783780,1.096416
worker_2,1268,1788086888.549980,50,4.608019,1.099232
worker_2,1269,1788086888.554624,50,4.753207,1.096512
worker_2,1270,1788086888.559412,50,4.753835,1.095904
worker_2,1271,1788086888.564202,50,4.748114,1.096640
worker_2,1272,1788086888.568984,50,4.759714,1.096096
worker_2,1273,1788086888.573779,50,4.761650,1.096320
worker_2,1274,1788086888.578574,50,4.749132,1.097728
worker_2,1275,1788086888.583358,50,4.758252,1.096896
worker_2,1276,1788086888.588151,50,4.752112,1.098176
worker_2,1277,1788086888.592938,50,4.754585,1.096416
worker_2,1278,1788086888.597728,50,4.752622,1.096736
worker_2,1279,1788086888.602526,50,4.740447,1.097024
worker_2,1280,1788086888.607302,50,4.768039,1.095872
worker_2,1281,1788086888.612106,50,4.754659,1.100960
worker_2,1282,1788086888.616899,50,4.755196,1.097888
worker_2,1283,1788086888.621689,50,4.752595,1.096224
worker_2,1284,1788086888.626477,50,4.749215,1.096736
worker_2,1285,1788086888.631260,50,4.759567,1.098112
worker_2,1286,1788086888.636055,50,4.759484,1.102080
worker_2,1287,1788086888.640850,50,4.756363,1.096192
worker_2,1288,1788086888.645646,50,4.755271,1.096192
worker_2,1289,1788086888.650440,50,4.747317,1.095552
worker_2,1290,1788086888.655225,50,4.753947,1.098688
worker_2,1291,1788086888.660014,50,4.756187,1.101376
worker_2,1292,1788086888.664807,50,4.751845,1.097856
worker_2,1293,1788086888.669595,50,4.755695,1.096640
worker_2,1294,1788086888.674389,50,4.750530,1.097728
worker_2,1295,1788086888.679174,50,4.751151,1.095264
worker_2,1296,1788086888.683961,50,4.750029,1.095712
worker_2,1297,1788086888.688747,50,4.760049,1.099872
worker_2,1298,1788086888.693542,50,4.755150,1.095392
worker_2,1299,1788086888.698342,50,4.745030,1.095968
worker_2,1300,1788086888.703120,50,4.757076,1.095872
worker_2,1301,1788086888.707913,50,4.754021,1.095840
worker_2,1302,1788086888.712702,50,4.757113,1.098432
worker_2,1303,1788086888.717494,50,4.751187,1.097120
worker_2,1304,1788086888.722281,50,4.757826,1.096960
worker_2,1305,1788086888.727073,50,4.752474,1.097440
worker_2,1306,1788086888.731861,50,4.758438,1.096960
worker_2,1307,1788086888.736654,50,4.762679,1.102464
worker_2,1308,1788086888.741451,50,4.751048,1.097088
worker_2,1309,1788086888.746236,50,4.760659,1.096640
worker_2,1310,1788086888.751033,50,4.749493,1.096192
worker_2,1311,1788086888.755817,50,4.753900,1.096320
worker_2,1312,1788086888.760607,50,4.764733,1.106880
worker_2,1313,1788086888.765407,50,4.751298,1.095680
worker_2,1314,1788086888.770194,50,4.773640,1.096928
worker_2,1315,1788086888.775002,50,4.755529,1.097312
worker_2,1316,1788086888.779793,50,4.753520,1.097696
worker_2,1317,1788086888.784581,50,4.760770,1.102720
worker_2,1318,1788086888.789387,50,4.742641,1.096704
worker_2,1319,1788086888.794166,50,4.762169,1.095904
worker_2,1320,1788086888.798958,50,4.765641,1.097856
worker_2,1321,1788086888.803761,50,4.745233,1.095872
worker_2,1322,1788086888.808540,50,4.763447,1.099232
worker_2,1323,1788086888.813339,50,4.754474,1.095360
worker_2,1324,1788086888.818131,50,4.753743,1.096896
worker_2,1325,1788086888.822919,50,4.757900,1.097792
worker_2,1326,1788086888.827710,50,4.764880,1.100672
worker_2,1327,1788086888.832512,50,4.751835,1.095360
worker_2,1328,1788086888.837298,50,4.754539,1.096736
worker_2,1329,1788086888.842086,50,4.755965,1.095808
worker_2,1330,1788086888.846878,50,4.757917,1.096704
worker_2,1331,1788086888.851673,50,4.755502,1.097536
worker_2,1332,1788086888.856460,50,4.763604,1.097888
worker_2,1333,1788086888.861257,50,4.756002,1.096608
worker_2,1334,1788086888.866050,50,4.741937,1.095488
worker_2,1335,1788086888.870823,50,4.949790,1.096832
worker_2,1336,1788086888.875816,50,4.565676,1.097920
worker_2,1337,1788086888.880417,50,4.756669,1.096992
worker_2,1338,1788086888.885229,50,4.758807,1.096288
worker_2,1339,1788086888.890032,50,4.724298,1.097152
worker_2,1340,1788086888.894792,50,4.924180,1.096576
worker_2,1341,1788086888.899760,50,4.576520,1.104032
worker_2,1342,1788086888.904371,50,4.769271,1.096672
worker_2,1343,1788086888.909175,50,4.778493,1.095520
worker_2,1344,1788086888.913998,50,4.726409,1.096128
worker_2,1345,1788086888.918761,50,4.749252,1.097536
worker_2,1346,1788086888.923545,50,4.742715,1.097920
worker_2,1347,1788086888.928319,50,4.765539,1.098944
worker_2,1348,1788086888.933119,50,4.757224,1.097152
worker_2,1349,1788086888.937911,50,4.753308,1.095488
worker_2,1350,1788086888.942700,50,4.747586,1.096704
worker_2,1351,1788086888.947481,50,4.773827,1.098624
worker_2,1352,1788086888.952290,50,4.741770,1.097184
worker_2,1353,1788086888.957068,50,4.751483,1.096416
worker_2,1354,1788086888.961856,50,4.770567,1.098528
worker_2,1355,1788086888.966661,50,4.755502,1.097760
worker_2,1356,1788086888.971454,50,4.767779,1.097920
worker_2,1357,1788086888.976266,50,4.734382,1.097824
worker_2,1358,1788086888.981038,50,4.749798,1.098784
worker_2,1359,1788086888.985824,50,4.769344,1.096640
worker_2,1360,1788086888.990628,50,4.753835,1.096416
worker_2,1361,1788086888.995417,50,4.771548,1.095840
worker_2,1362,1788086889.000237,50,4.740123,1.098240
worker_2,1363,1788086889.005013,50,4.751602,1.096736
worker_2,1364,1788086889.009800,50,4.758798,1.096800
worker_2,1365,1788086889.014595,50,4.756262,1.097056
worker_2,1366,1788086889.019387,50,4.769308,1.095744
worker_2,1367,1788086889.024190,50,4.756382,1.097760
worker_2,1368,1788086889.028982,50,4.756344,1.096544
worker_2,1369,1788086889.033774,50,4.760085,1.098720
worker_2,1370,1788086889.038570,50,4.752307,1.095872
worker_2,1371,1788086889.043356,50,4.765465,1.097504
worker_2,1372,1788086889.048157,50,4.745955,1.096256
worker_2,1373,1788086889.052938,50,4.765568,1.103808
worker_2,1374,1788086889.057738,50,4.751011,1.097792
worker_2,1375,1788086889.062526,50,4.753021,1.096320
worker_2,1376,1788086889.067314,50,4.753075,1.095776
worker_2,1377,1788086889.072109,50,4.750743,1.097280
worker_2,1378,1788086889.076895,50,4.785188,1.109440
worker_2,1379,1788086889.081716,50,4.738196,1.096704
worker_2,1380,1788086889.086479,50,4.764298,1.096736
worker_2,1381,1788086889.091325,50,4.707464,1.098656
worker_2,1382,1788086889.096056,50,4.768993,1.100224
worker_2,1383,1788086889.100849,50,4.773308,1.097056
worker_2,1384,1788086889.105655,50,4.760058,1.096960
worker_2,1385,1788086889.110447,50,4.756067,1.096672
worker_2,1386,1788086889.115237,50,4.757048,1.096288
worker_2,1387,1788086889.120029,50,4.758049,1.096352
worker_2,1388,1788086889.124822,50,4.778633,1.103104
worker_2,1389,1788086889.129637,50,4.753993,1.095872
worker_2,1390,1788086889.134426,50,4.755909,1.096480
worker_2,1391,1788086889.139216,50,4.759428,1.097472
worker_2,1392,1788086889.144011,50,4.752854,1.097152
worker_2,1393,1788086889.148800,50,4.739076,1.096800
worker_2,1394,1788086889.153561,50,4.776474,1.095904
worker_2,1395,1788086889.158372,50,4.781753,1.098208
worker_2,1396,1788086889.163208,50,4.714011,1.096256
worker_2,1397,1788086889.167959,50,4.748705,1.097024
worker_2,1398,1788086889.172744,50,4.750205,1.095360
worker_2,1399,1788086889.177529,50,4.756353,1.095968
worker_2,1400,1788086889.182320,50,4.750881,1.097600
worker_2,1401,1788086889.187105,50,4.754780,1.096352
worker_2,1402,1788086889.191894,50,4.752781,1.095712
worker_2,1403,1788086889.196683,50,4.752882,1.098048
worker_2,1404,1788086889.201470,50,4.750187,1.096288
worker_2,1405,1788086889.206257,50,4.753456,1.096064
worker_2,1406,1788086889.211043,50,4.757326,1.096480
worker_2,1407,1788086889.215836,50,4.751733,1.096640
worker_2,1408,1788086889.220623,50,4.755632,1.098720
worker_2,1409,1788086889.225416,50,4.752965,1.096608
worker_2,1410,1788086889.230204,50,4.768955,1.096000
worker_2,1411,1788086889.234999,50,4.767697,1.096960
worker_2,1412,1788086889.239803,50,4.756160,1.098880
worker_2,1413,1788086889.244587,50,4.763205,1.102656
worker_2,1414,1788086889.249375,50,4.768206,1.097024
worker_2,1415,1788086889.254169,50,4.765104,1.097952
worker_2,1416,1788086889.258964,50,4.775770,1.096128
worker_2,1417,1788086889.263773,50,4.752057,1.096192
worker_2,1418,1788086889.268559,50,4.761252,1.096480
worker_2,1419,1788086889.273355,50,4.757270,1.097536
worker_2,1420,1788086889.278147,50,4.756002,1.098208
worker_2,1421,1788086889.282937,50,4.759281,1.096160
worker_2,1422,1788086889.287731,50,4.762650,1.097760
worker_2,1423,1788086889.292529,50,4.763123,1.096960
worker_2,1424,1788086889.297326,50,4.760891,1.097216
worker_2,1425,1788086889.302123,50,4.779021,1.096160
worker_2,1426,1788086889.306936,50,4.756623,1.096640
worker_2,1427,1788086889.311728,50,4.754447,1.101184
worker_2,1428,1788086889.316518,50,4.786409,1.101280
worker_2,1429,1788086889.321338,50,4.753836,1.099040
worker_2,1430,1788086889.326127,50,4.754289,1.097920
worker_2,1431,1788086889.330916,50,4.756002,1.096480
worker_2,1432,1788086889.335706,50,4.768678,1.099104
worker_2,1433,1788086889.340510,50,4.773678,1.097792
worker_2,1434,1788086889.345317,50,4.755789,1.096640
worker_2,1435,1788086889.350127,50,4.733205,1.095456
worker_2,1436,1788086889.354895,50,4.753354,1.096992
worker_2,1437,1788086889.359681,50,4.762743,1.101056
worker_2,1438,1788086889.364480,50,4.771809,1.099104
worker_2,1439,1788086889.369287,50,4.761502,1.095840
worker_2,1440,1788086889.374084,50,4.748548,1.096032
worker_2,1441,1788086889.378869,50,4.756770,1.097920
worker_2,1442,1788086889.383660,50,4.762548,1.097984
worker_2,1443,1788086889.388457,50,4.753557,1.098560
worker_2,1444,1788086889.393242,50,4.764131,1.097376
worker_2,1445,1788086889.398042,50,4.750260,1.096512
worker_2,1446,1788086889.402828,50,4.759502,1.097312
worker_2,1447,1788086889.407621,50,4.752335,1.097120
worker_2,1448,1788086889.412408,50,4.760317,1.096512
worker_2,1449,1788086889.417202,50,4.762224,1.096224
worker_2,1450,1788086889.422000,50,4.751289,1.097664
worker_2,1451,1788086889.426787,50,4.755724,1.096864
worker_2,1452,1788086889.431577,50,4.757030,1.099008
worker_2,1453,1788086889.436368,50,4.756872,1.098208
worker_2,1454,1788086889.441158,50,4.754789,1.095744
worker_2,1455,1788086889.445958,50,4.746205,1.096800
worker_2,1456,1788086889.450738,50,4.766780,1.096672
worker_2,1457,1788086889.455546,50,4.907392,1.102048
worker_2,1458,1788086889.460487,50,4.747048,1.096864
worker_2,1459,1788086889.465270,50,4.768918,1.096800
worker_2,1460,1788086889.470075,50,4.754752,1.095648
worker_2,1461,1788086889.474862,50,4.714511,1.095872
worker_2,1462,1788086889.479612,50,4.799288,1.097696
worker_2,1463,1788086889.484446,50,4.765530,1.100384
worker_2,1464,1788086889.489244,50,4.755492,1.096416
worker_2,1465,1788086889.494035,50,4.623566,1.097088
worker_2,1466,1788086889.498694,50,4.889485,1.097664
worker_2,1467,1788086889.503618,50,4.746306,1.097408
worker_2,1468,1788086889.508398,50,4.699176,1.097408
worker_2,1469,1788086889.513134,50,4.812595,1.105280
worker_2,1470,1788086889.517982,50,4.771252,1.095872
worker_2,1471,1788086889.522788,50,4.752734,1.095936
worker_2,1472,1788086889.527576,50,4.622038,1.095424
worker_2,1473,1788086889.532243,50,4.891689,1.097120
worker_2,1474,1788086889.537179,50,4.746530,1.096608
worker_2,1475,1788086889.541961,50,4.718687,1.095648
worker_2,1476,1788086889.546715,50,4.699761,1.096800
worker_2,1477,1788086889.551452,50,4.848660,1.096672
worker_2,1478,1788086889.556335,50,4.602158,1.096352
worker_2,1479,1788086889.560972,50,4.754807,1.096608
worker_2,1480,1788086889.565761,50,4.760473,1.097280
worker_2,1481,1788086889.570558,50,4.758575,1.097056
worker_2,1482,1788086889.575352,50,4.758539,1.096160
worker_2,1483,1788086889.580147,50,4.750512,1.095936
worker_2,1484,1788086889.584934,50,4.751882,1.097312
worker_2,1485,1788086889.589721,50,4.755538,1.097024
worker_2,1486,1788086889.594512,50,4.752039,1.095808
worker_2,1487,1788086889.599300,50,4.755864,1.095872
worker_2,1488,1788086889.604090,50,4.755816,1.097568
worker_2,1489,1788086889.608882,50,4.749317,1.095584
worker_2,1490,1788086889.613666,50,4.760344,1.097056
worker_2,1491,1788086889.618461,50,4.756863,1.097056
worker_2,1492,1788086889.623253,50,4.761103,1.096096
worker_2,1493,1788086889.628050,50,4.746335,1.096128
worker_2,1494,1788086889.632843,50,4.748836,1.096480
worker_2,1495,1788086889.637627,50,4.754391,1.096128
worker_2,1496,1788086889.642419,50,4.752391,1.097952
worker_2,1497,1788086889.647207,50,4.754049,1.096384
worker_2,1498,1788086889.651996,50,4.752085,1.095872
worker_2,1499,1788086889.656785,50,4.751474,1.095616
worker_2,1500,1788086889.661572,50,4.751298,1.096960
worker_2,1501,1788086889.666359,50,4.751215,1.096864
worker_2,1502,1788086889.671145,50,4.752326,1.096224
worker_2,1503,1788086889.675930,50,4.755511,1.096256
worker_2,1504,1788086889.680722,50,4.756252,1.097248
worker_2,1505,1788086889.685513,50,4.762225,1.097856
worker_2,1506,1788086889.690309,50,4.760030,1.096384
worker_2,1507,1788086889.695105,50,4.748808,1.096288
worker_2,1508,1788086889.699889,50,4.753956,1.098336
worker_2,1509,1788086889.704681,50,4.751271,1.096064
worker_2,1510,1788086889.709470,50,4.754613,1.098080
worker_2,1511,1788086889.714259,50,4.754845,1.096256
worker_2,1512,1788086889.719050,50,4.748669,1.095552
worker_2,1513,1788086889.723843,50,4.741863,1.097216
worker_2,1514,1788086889.728620,50,4.766041,1.097376
worker_2,1515,1788086889.733421,50,4.753595,1.095744
worker_2,1516,1788086889.738208,50,4.757993,1.097152
worker_2,1517,1788086889.743000,50,4.757447,1.096448
worker_2,1518,1788086889.747794,50,4.789826,1.096800
worker_2,1519,1788086889.752619,50,4.756243,1.097472
worker_2,1520,1788086889.757410,50,4.759151,1.098208
worker_2,1521,1788086889.762205,50,4.754039,1.096256
worker_2,1522,1788086889.766994,50,4.769197,1.101984
worker_2,1523,1788086889.771800,50,4.760169,1.097888
worker_2,1524,1788086889.776594,50,4.748928,1.096384
worker_2,1525,1788086889.781375,50,4.766345,1.098848
worker_2,1526,1788086889.786178,50,4.753473,1.095328
worker_2,1527,1788086889.790966,50,4.755956,1.096800
worker_2,1528,1788086889.795757,50,4.748197,1.096992
worker_2,1529,1788086889.800539,50,4.765475,1.101216
worker_2,1530,1788086889.805338,50,4.755882,1.096544
worker_2,1531,1788086889.810128,50,4.753262,1.095296
worker_2,1532,1788086889.814997,50,4.673843,1.096416
worker_2,1533,1788086889.819718,50,4.942762,1.100192
worker_2,1534,1788086889.824706,50,4.539694,1.096096
worker_2,1535,1788086889.829280,50,4.755530,1.096288
worker_2,1536,1788086889.834070,50,4.757790,1.096832
worker_2,1537,1788086889.838862,50,4.755974,1.095904
worker_2,1538,1788086889.843654,50,4.747150,1.096160
worker_2,1539,1788086889.848433,50,4.763531,1.096096
worker_2,1540,1788086889.853232,50,4.752891,1.096608
worker_2,1541,1788086889.858018,50,4.758993,1.098528
worker_2,1542,1788086889.862813,50,4.764576,1.098656
worker_2,1543,1788086889.867613,50,4.752187,1.096928
worker_2,1544,1788086889.872400,50,4.752854,1.096480
worker_2,1545,1788086889.877186,50,4.759539,1.096672
worker_2,1546,1788086889.881981,50,4.756697,1.097120
worker_2,1547,1788086889.886772,50,4.750058,1.096672
worker_2,1548,1788086889.891560,50,4.750937,1.099872
worker_2,1549,1788086889.896344,50,4.757863,1.096128
worker_2,1550,1788086889.901138,50,4.754438,1.096800
worker_2,1551,1788086889.905929,50,4.749835,1.096416
worker_2,1552,1788086889.910725,50,4.744280,1.096256
worker_2,1553,1788086889.915504,50,4.757779,1.099200
worker_2,1554,1788086889.920295,50,4.751345,1.096576
worker_2,1555,1788086889.925081,50,4.754002,1.098560
worker_2,1556,1788086889.929868,50,4.747438,1.096672
worker_2,1557,1788086889.934648,50,4.764873,1.099392
worker_2,1558,1788086889.939449,50,4.756455,1.096736
worker_2,1559,1788086889.944255,50,4.732289,1.097792
worker_2,1560,1788086889.949022,50,4.752253,1.096256
worker_2,1561,1788086889.953809,50,4.763891,1.100864
worker_2,1562,1788086889.958610,50,4.745956,1.096576
worker_2,1563,1788086889.963389,50,4.755678,1.095776
worker_2,1564,1788086889.968178,50,4.756632,1.096928
worker_2,1565,1788086889.972969,50,4.774733,1.097952
worker_2,1566,1788086889.977779,50,4.756519,1.096000
worker_2,1567,1788086889.982570,50,4.749844,1.095904
worker_2,1568,1788086889.987354,50,4.756039,1.097568
worker_2,1569,1788086889.992145,50,4.760030,1.097408
worker_2,1570,1788086889.996939,50,4.753891,1.096576
worker_2,1571,1788086890.001729,50,4.747780,1.095328
worker_2,1572,1788086890.006524,50,4.747881,1.099008
worker_2,1573,1788086890.011306,50,4.752419,1.095328
worker_2,1574,1788086890.016094,50,4.755187,1.096480
worker_2,1575,1788086890.020883,50,4.777900,1.109856
worker_2,1576,1788086890.025695,50,4.758714,1.096256
worker_2,1577,1788086890.030489,50,4.753401,1.097088
worker_2,1578,1788086890.035277,50,4.752993,1.096128
worker_2,1579,1788086890.040067,50,4.757633,1.096960
worker_2,1580,1788086890.044859,50,4.754660,1.095840
worker_2,1581,1788086890.049649,50,4.752067,1.095968
worker_2,1582,1788086890.054436,50,4.753614,1.095616
worker_2,1583,1788086890.059224,50,4.764456,1.095776
worker_2,1584,1788086890.064025,50,4.750780,1.097056
worker_2,1585,1788086890.068813,50,4.751354,1.096576
worker_2,1586,1788086890.073599,50,4.758667,1.097920
worker_2,1587,1788086890.078393,50,4.762298,1.096384
worker_2,1588,1788086890.083190,50,4.754103,1.096736
worker_2,1589,1788086890.087979,50,4.758780,1.099744
worker_2,1590,1788086890.092772,50,4.755493,1.096864
worker_2,1591,1788086890.097571,50,4.743863,1.095904
worker_2,1592,1788086890.102347,50,4.762835,1.095968
worker_2,1593,1788086890.107143,50,4.767668,1.097568
worker_2,1594,1788086890.111945,50,4.755474,1.097888
worker_2,1595,1788086890.116734,50,4.756817,1.096192
worker_2,1596,1788086890.121526,50,4.752372,1.095520
worker_2,1597,1788086890.126314,50,4.754669,1.095264
worker_2,1598,1788086890.131103,50,4.758965,1.096864
worker_2,1599,1788086890.135897,50,4.761085,1.101760
worker_2,1600,1788086890.140693,50,4.754983,1.096672
worker_2,1601,1788086890.145482,50,4.752585,1.096832
worker_2,1602,1788086890.150264,50,4.765197,1.096448
worker_2,1603,1788086890.155064,50,4.769881,1.097536
worker_2,1604,1788086890.159868,50,4.753623,1.096736
worker_2,1605,1788086890.164656,50,4.768780,1.096576
worker_2,1606,1788086890.169459,50,4.753002,1.096096
worker_2,1607,1788086890.174248,50,4.757947,1.096512
worker_2,1608,1788086890.179041,50,4.754687,1.097504
worker_2,1609,1788086890.183831,50,4.749798,1.097792
worker_2,1610,1788086890.188615,50,4.770400,1.105952
worker_2,1611,1788086890.193430,50,4.745632,1.095744
worker_2,1612,1788086890.198213,50,4.755168,1.096672
worker_2,1613,1788086890.203002,50,4.762705,1.097344
worker_2,1614,1788086890.207800,50,4.759891,1.095264
worker_2,1615,1788086890.212595,50,4.754030,1.096480
worker_2,1616,1788086890.217383,50,4.754854,1.096736
worker_2,1617,1788086890.222175,50,4.752048,1.099104
worker_2,1618,1788086890.226959,50,4.756558,1.097248
worker_2,1619,1788086890.231746,50,4.765770,1.097920
worker_2,1620,1788086890.236545,50,4.756382,1.101056
worker_2,1621,1788086890.241334,50,4.782974,1.096864
worker_2,1622,1788086890.246152,50,4.752474,1.096608
worker_2,1623,1788086890.250938,50,4.756696,1.098912
worker_2,1624,1788086890.255730,50,4.769455,1.095840
worker_2,1625,1788086890.260534,50,4.757677,1.096032
worker_2,1626,1788086890.265326,50,4.755141,1.096672
worker_2,1627,1788086890.270116,50,4.782844,1.098176
worker_2,1628,1788086890.274934,50,4.746974,1.096320
worker_2,1629,1788086890.279716,50,4.747428,1.095808
worker_2,1630,1788086890.284509,50,4.749224,1.099840
worker_2,1631,1788086890.289293,50,4.751955,1.096032
worker_2,1632,1788086890.294080,50,4.755076,1.096512
worker_2,1633,1788086890.298870,50,4.760298,1.097248
worker_2,1634,1788086890.303665,50,4.755132,1.098848
worker_2,1635,1788086890.308456,50,4.754872,1.096800
worker_2,1636,1788086890.313246,50,4.757502,1.097280
worker_2,1637,1788086890.318038,50,4.752233,1.096704
worker_2,1638,1788086890.322824,50,4.761957,1.099200
worker_2,1639,1788086890.327620,50,4.755021,1.096352
worker_2,1640,1788086890.332411,50,4.757437,1.097888
worker_2,1641,1788086890.337203,50,4.757686,1.096640
worker_2,1642,1788086890.341995,50,4.759529,1.097920
worker_2,1643,1788086890.346789,50,4.751169,1.095712
worker_2,1644,1788086890.351573,50,4.763604,1.102400
worker_2,1645,1788086890.356372,50,4.779882,1.095424
worker_2,1646,1788086890.361187,50,4.754270,1.097312
worker_2,1647,1788086890.365974,50,4.755836,1.097440
worker_2,1648,1788086890.370765,50,4.757261,1.098624
worker_2,1649,1788086890.375555,50,4.759354,1.095808
worker_2,1650,1788086890.380359,50,4.743715,1.096512
worker_2,1651,1788086890.385137,50,4.754900,1.095840
worker_2,1652,1788086890.389926,50,4.764484,1.097952
worker_2,1653,1788086890.394727,50,4.761734,1.097696
worker_2,1654,1788086890.399525,50,4.750586,1.096192
worker_2,1655,1788086890.404310,50,4.756493,1.099424
worker_2,1656,1788086890.409101,50,4.750408,1.095392
worker_2,1657,1788086890.413888,50,4.754225,1.097760
worker_2,1658,1788086890.418678,50,4.744641,1.096640
worker_2,1659,1788086890.423459,50,4.767846,1.095584
worker_2,1660,1788086890.428263,50,4.739419,1.097952
worker_2,1661,1788086890.433037,50,4.754447,1.097920
worker_2,1662,1788086890.437825,50,4.760243,1.098272
worker_2,1663,1788086890.442620,50,4.753336,1.097184
worker_2,1664,1788086890.447407,50,4.781021,1.097280
worker_2,1665,1788086890.452232,50,4.746733,1.098080
worker_2,1666,1788086890.457012,50,4.914299,1.097600
worker_2,1667,1788086890.461959,50,4.757178,1.097472
worker_2,1668,1788086890.466752,50,4.761318,1.096544
worker_2,1669,1788086890.471556,50,4.757113,1.096384
worker_2,1670,1788086890.476346,50,4.602723,1.096896
worker_2,1671,1788086890.480980,50,4.772873,1.099744
worker_2,1672,1788086890.485788,50,4.754465,1.096128
worker_2,1673,1788086890.490577,50,4.753650,1.095968
worker_2,1674,1788086890.495365,50,4.754845,1.097952
worker_2,1675,1788086890.500156,50,4.754659,1.095936
worker_2,1676,1788086890.504946,50,4.764234,1.102336
worker_2,1677,1788086890.509746,50,4.755326,1.096768
worker_2,1678,1788086890.514536,50,4.758012,1.097152
worker_2,1679,1788086890.519329,50,4.751687,1.096000
worker_2,1680,1788086890.524119,50,4.749863,1.096768
worker_2,1681,1788086890.528903,50,4.768808,1.097088
worker_2,1682,1788086890.533707,50,4.758733,1.096480
worker_2,1683,1788086890.538578,50,4.677038,1.096832
worker_2,1684,1788086890.543290,50,4.772437,1.097888
worker_2,1685,1788086890.548097,50,4.757030,1.095488
worker_2,1686,1788086890.552890,50,4.849716,1.097920
worker_2,1687,1788086890.557781,50,4.639593,1.095840
worker_2,1688,1788086890.562454,50,4.745502,1.097440
worker_2,1689,1788086890.567245,50,4.747826,1.097376
worker_2,1690,1788086890.572011,50,4.770318,1.098400
worker_2,1691,1788086890.576799,50,4.770678,1.098272
worker_2,1692,1788086890.581587,50,4.776937,1.100640
worker_2,1693,1788086890.586380,50,4.776474,1.097344
worker_2,1694,1788086890.591171,50,4.784956,1.097440
worker_2,1695,1788086890.595973,50,4.776641,1.099840
worker_2,1696,1788086890.600765,50,4.776493,1.097632
worker_2,1697,1788086890.605558,50,5.027626,1.098112
worker_2,1698,1788086890.610635,50,4.701918,1.096160
worker_2,1699,1788086890.615383,50,4.557659,1.098464
worker_2,1700,1788086890.619966,50,4.765039,1.098560
worker_2,1701,1788086890.624749,50,4.769049,1.098176
worker_2,1702,1788086890.629535,50,5.018958,1.097024
worker_2,1703,1788086890.634604,50,4.504704,1.097376
worker_2,1704,1788086890.639133,50,5.024134,1.098016
worker_2,1705,1788086890.644203,50,4.511509,1.098144
worker_2,1706,1788086890.648738,50,4.768844,1.097824
worker_2,1707,1788086890.653526,50,5.013597,1.097312
worker_2,1708,1788086890.658600,50,4.706408,1.096672
worker_2,1709,1788086890.663352,50,4.532389,1.098656
worker_2,1710,1788086890.667910,50,4.768280,1.096320
worker_2,1711,1788086890.672697,50,4.957948,1.101856
worker_2,1712,1788086890.677702,50,4.580816,1.097664
worker_2,1713,1788086890.682318,50,4.752418,1.097280
worker_2,1714,1788086890.687096,50,4.760863,1.099296
worker_2,1715,1788086890.691877,50,4.774715,1.100800
worker_2,1716,1788086890.696668,50,4.771410,1.096960
worker_2,1717,1788086890.701457,50,4.781494,1.097568
worker_2,1718,1788086890.706254,50,4.773891,1.097408
worker_2,1719,1788086890.711046,50,4.774946,1.096448
worker_2,1720,1788086890.715837,50,4.786011,1.103904
worker_2,1721,1788086890.720638,50,4.774993,1.097504
worker_2,1722,1788086890.725427,50,4.788354,1.097760
worker_2,1723,1788086890.730234,50,4.773050,1.096192
worker_2,1724,1788086890.735023,50,4.993875,1.096192
worker_2,1725,1788086890.740067,50,4.748344,1.104832
worker_2,1726,1788086890.744860,50,4.542824,1.097792
worker_2,1727,1788086890.749427,50,4.764594,1.097760
worker_2,1728,1788086890.754224,50,4.762734,1.097280
worker_2,1729,1788086890.759004,50,4.784150,1.098304
worker_2,1730,1788086890.763803,50,4.807031,1.102880
worker_2,1731,1788086890.768626,50,4.774419,1.098176
worker_2,1732,1788086890.773416,50,4.775576,1.095776
worker_2,1733,1788086890.778208,50,4.775983,1.098592
worker_2,1734,1788086890.782999,50,4.785307,1.097824
worker_2,1735,1788086890.787801,50,4.978893,1.095904
worker_2,1736,1788086890.792829,50,4.548926,1.101536
worker_2,1737,1788086890.797403,50,4.768141,1.099104
worker_2,1738,1788086890.802189,50,4.778557,1.097568
worker_2,1739,1788086890.806984,50,4.773411,1.097216
worker_2,1740,1788086890.811774,50,4.797289,1.098432
worker_2,1741,1788086890.816596,50,4.957606,1.098400
worker_2,1742,1788086890.821603,50,4.540999,1.096320
worker_2,1743,1788086890.826167,50,4.787900,1.099008
worker_2,1744,1788086890.830973,50,4.778225,1.097600
worker_2,1745,1788086890.835769,50,4.778391,1.096704
worker_2,1746,1788086890.840564,50,4.781835,1.102816
worker_2,1747,1788086890.845377,50,4.970106,1.097088
worker_2,1748,1788086890.850395,50,4.554047,1.097536
worker_2,1749,1788086890.854973,50,4.768382,1.098048
worker_2,1750,1788086890.859760,50,4.772928,1.096384
worker_2,1751,1788086890.864549,50,4.988012,1.099328
worker_2,1752,1788086890.869584,50,4.540482,1.097152
worker_2,1753,1788086890.874150,50,4.783660,1.096160
worker_2,1754,1788086890.878953,50,4.984892,1.097600
worker_2,1755,1788086890.883987,50,4.535473,1.095360
worker_2,1756,1788086890.888547,50,4.763344,1.100096
worker_2,1757,1788086890.893329,50,4.983985,1.096768
worker_2,1758,1788086890.898364,50,4.747123,1.096544
worker_2,1759,1788086890.903160,50,4.743595,1.097344
worker_2,1760,1788086890.907948,50,4.545472,1.096800
worker_2,1761,1788086890.912518,50,4.985208,1.097696
worker_2,1762,1788086890.917551,50,4.530316,1.097792
worker_2,1763,1788086890.922106,50,4.778779,1.097440
worker_2,1764,1788086890.926904,50,4.978809,1.097056
worker_2,1765,1788086890.931929,50,4.540306,1.097792
worker_2,1766,1788086890.936494,50,4.763011,1.097184
worker_2,1767,1788086890.941289,50,4.761020,1.098720
worker_2,1768,1788086890.946067,50,4.773900,1.098816
worker_2,1769,1788086890.950856,50,4.989606,1.097408
worker_2,1770,1788086890.955894,50,4.584473,1.097792
worker_2,1771,1788086890.960514,50,4.925540,1.098272
worker_2,1772,1788086890.965486,50,4.541241,1.097792
worker_2,1773,1788086890.970052,50,4.992504,1.096128
worker_2,1774,1788086890.975093,50,4.545398,1.098368
worker_2,1775,1788086890.979665,50,4.764262,1.097536
worker_2,1776,1788086890.984446,50,4.778780,1.101088
worker_2,1777,1788086890.989241,50,4.776631,1.097856
worker_2,1778,1788086890.994033,50,4.806624,1.099360
worker_2,1779,1788086890.998856,50,4.995763,1.096000
worker_2,1780,1788086891.003902,50,4.528010,1.097536
worker_2,1781,1788086891.008454,50,4.988068,1.099200
worker_2,1782,1788086891.013489,50,4.535972,1.097440
worker_2,1783,1788086891.018051,50,4.796401,1.102368
worker_2,1784,1788086891.022866,50,4.978088,1.096704
worker_2,1785,1788086891.027892,50,4.547612,1.098080
worker_2,1786,1788086891.032477,50,4.752020,1.098848
worker_2,1787,1788086891.037247,50,4.980634,1.097504
worker_2,1788,1788086891.042276,50,4.544176,1.097760
worker_2,1789,1788086891.046846,50,4.767021,1.097696
worker_2,1790,1788086891.051633,50,4.774993,1.098528
worker_2,1791,1788086891.056427,50,4.976485,1.095808
worker_2,1792,1788086891.061450,50,4.542148,1.097792
worker_2,1793,1788086891.066018,50,4.770048,1.097152
worker_2,1794,1788086891.070806,50,4.771271,1.096960
worker_2,1795,1788086891.075593,50,4.992254,1.097408
worker_2,1796,1788086891.080635,50,4.541352,1.098464
worker_2,1797,1788086891.085202,50,4.764752,1.095840
worker_2,1798,1788086891.089984,50,4.774854,1.099360
worker_2,1799,1788086891.094777,50,4.987152,1.097920
worker_2,1800,1788086891.099813,50,4.541918,1.099840
worker_2,1801,1788086891.104380,50,4.977031,1.097600
worker_2,1802,1788086891.109404,50,4.546501,1.097472
worker_2,1803,1788086891.113975,50,4.971336,1.096416
worker_2,1804,1788086891.118996,50,4.740400,1.096672
worker_2,1805,1788086891.123782,50,4.544704,1.098080
worker_2,1806,1788086891.128370,50,4.756975,1.097408
worker_2,1807,1788086891.133144,50,4.774438,1.096192
worker_2,1808,1788086891.137935,50,4.989337,1.097856
worker_2,1809,1788086891.142973,50,4.540824,1.098208
worker_2,1810,1788086891.147537,50,4.990985,1.104288
worker_2,1811,1788086891.152577,50,4.752428,1.097248
worker_2,1812,1788086891.157374,50,4.542352,1.096512
worker_2,1813,1788086891.161941,50,4.985393,1.098848
worker_2,1814,1788086891.166973,50,4.542139,1.099072
worker_2,1815,1788086891.171540,50,4.793317,1.099392
worker_2,1816,1788086891.176368,50,4.747836,1.097408
worker_2,1817,1788086891.181137,50,4.768603,1.097792
worker_2,1818,1788086891.185923,50,4.776909,1.096736
worker_2,1819,1788086891.190717,50,4.996662,1.097920
worker_2,1820,1788086891.195762,50,4.531731,1.098272
worker_2,1821,1788086891.200317,50,4.758104,1.095712
worker_2,1822,1788086891.205093,50,4.776300,1.098112
worker_2,1823,1788086891.209886,50,4.779391,1.097600
worker_2,1824,1788086891.214680,50,4.991013,1.096576
worker_2,1825,1788086891.219732,50,4.538694,1.098976
worker_2,1826,1788086891.224296,50,4.761798,1.096992
worker_2,1827,1788086891.229077,50,4.988587,1.096352
worker_2,1828,1788086891.234114,50,4.538194,1.097344
worker_2,1829,1788086891.238679,50,4.761307,1.095904
worker_2,1830,1788086891.243458,50,4.775559,1.096064
worker_2,1831,1788086891.248252,50,4.780067,1.097728
worker_2,1832,1788086891.253050,50,4.783437,1.097856
worker_2,1833,1788086891.257849,50,4.778568,1.096832
worker_2,1834,1788086891.262722,50,4.700252,1.096096
worker_2,1835,1788086891.267443,50,4.783179,1.098624
worker_2,1836,1788086891.272244,50,4.773067,1.096928
worker_2,1837,1788086891.277033,50,4.779576,1.097344
worker_2,1838,1788086891.281828,50,4.779187,1.098112
worker_2,1839,1788086891.286624,50,4.773557,1.096512
worker_2,1840,1788086891.291414,50,4.776169,1.097792
worker_2,1841,1788086891.296206,50,4.987930,1.096832
worker_2,1842,1788086891.301241,50,4.762456,1.098848
worker_2,1843,1788086891.306052,50,4.542120,1.098528
worker_2,1844,1788086891.310619,50,4.973958,1.096672
worker_2,1845,1788086891.315652,50,4.528046,1.097760
worker_2,1846,1788086891.320204,50,4.770576,1.098944
worker_2,1847,1788086891.324993,50,4.778113,1.097664
worker_2,1848,1788086891.329787,50,4.775382,1.099392
worker_2,1849,1788086891.334580,50,4.985689,1.097600
worker_2,1850,1788086891.339616,50,4.545649,1.097760
worker_2,1851,1788086891.344185,50,4.972698,1.095584
worker_2,1852,1788086891.349204,50,4.568853,1.101504
worker_2,1853,1788086891.353797,50,4.764401,1.097792
worker_2,1854,1788086891.358579,50,4.777780,1.096448
worker_2,1855,1788086891.363374,50,4.774809,1.097248
worker_2,1856,1788086891.368164,50,4.781706,1.097600
worker_2,1857,1788086891.372962,50,4.805587,1.104992
worker_2,1858,1788086891.377783,50,4.774076,1.096992
worker_2,1859,1788086891.382573,50,4.780002,1.097248
worker_2,1860,1788086891.387370,50,4.775817,1.098656
worker_2,1861,1788086891.392163,50,4.779446,1.097440
worker_2,1862,1788086891.396957,50,4.798234,1.100128
worker_2,1863,1788086891.401771,50,4.773808,1.096960
worker_2,1864,1788086891.406567,50,4.774742,1.097792
worker_2,1865,1788086891.411358,50,4.776122,1.097696
worker_2,1866,1788086891.416150,50,4.783159,1.100928
worker_2,1867,1788086891.420949,50,4.771891,1.097376
worker_2,1868,1788086891.425738,50,4.772114,1.096480
worker_2,1869,1788086891.430526,50,4.981634,1.096384
worker_2,1870,1788086891.435559,50,4.547038,1.096416
worker_2,1871,1788086891.440130,50,4.973882,1.099456
worker_2,1872,1788086891.445149,50,4.548759,1.097248
worker_2,1873,1788086891.449722,50,4.763400,1.096288
worker_2,1874,1788086891.454504,50,4.774539,1.099296
worker_2,1875,1788086891.459295,50,4.992272,1.098080
worker_2,1876,1788086891.464336,50,4.753669,1.101472
worker_2,1877,1788086891.469136,50,4.537093,1.098048
worker_2,1878,1788086891.473698,50,4.774002,1.098848
worker_2,1879,1788086891.478491,50,4.772476,1.098400
worker_2,1880,1788086891.483280,50,5.008300,1.097504
worker_2,1881,1788086891.488336,50,4.526555,1.098176
worker_2,1882,1788086891.492887,50,4.968919,1.096096
worker_2,1883,1788086891.497904,50,4.550972,1.098752
worker_2,1884,1788086891.502494,50,4.957236,1.098240
worker_2,1885,1788086891.507499,50,4.568334,1.096800
worker_2,1886,1788086891.512094,50,4.766882,1.102240
worker_2,1887,1788086891.516881,50,4.773918,1.097696
worker_2,1888,1788086891.521671,50,4.773946,1.096608
worker_2,1889,1788086891.526460,50,4.779919,1.097280
worker_2,1890,1788086891.531255,50,4.794595,1.097408
worker_2,1891,1788086891.536066,50,4.982772,1.098272
worker_2,1892,1788086891.541095,50,4.542741,1.097312
worker_2,1893,1788086891.545664,50,4.972939,1.096032
worker_2,1894,1788086891.550684,50,4.547602,1.097792
worker_2,1895,1788086891.555255,50,4.787845,1.097984
worker_2,1896,1788086891.560061,50,4.776761,1.099840
worker_2,1897,1788086891.564856,50,4.778836,1.098368
worker_2,1898,1788086891.569653,50,4.783872,1.098688
worker_2,1899,1788086891.574452,50,4.775696,1.095744
worker_2,1900,1788086891.579243,50,4.794771,1.097792
worker_2,1901,1788086891.584054,50,4.773650,1.096512
worker_2,1902,1788086891.588842,50,4.802567,1.097184
worker_2,1903,1788086891.593672,50,4.775363,1.098016
worker_2,1904,1788086891.598463,50,4.776363,1.096032
worker_2,1905,1788086891.603256,50,4.779374,1.097824
worker_2,1906,1788086891.608051,50,4.776687,1.096544
worker_2,1907,1788086891.612842,50,5.011485,1.103776
worker_2,1908,1788086891.617902,50,4.543491,1.098432
worker_2,1909,1788086891.622472,50,4.976421,1.097568
worker_2,1910,1788086891.627499,50,4.535276,1.097824
worker_2,1911,1788086891.632058,50,4.969430,1.096064
worker_2,1912,1788086891.637075,50,4.582566,1.102976
worker_2,1913,1788086891.641682,50,4.767576,1.097472
worker_2,1914,1788086891.646469,50,4.775724,1.098528
worker_2,1915,1788086891.651262,50,4.995512,1.095968
worker_2,1916,1788086891.656308,50,4.535379,1.097088
worker_2,1917,1788086891.660869,50,4.996504,1.102208
worker_2,1918,1788086891.665914,50,4.549898,1.098400
worker_2,1919,1788086891.670489,50,4.761270,1.098432
worker_2,1920,1788086891.675269,50,4.792844,1.096160
worker_2,1921,1788086891.680079,50,4.780178,1.100640
worker_2,1922,1788086891.684876,50,4.775456,1.096320
worker_2,1923,1788086891.689681,50,4.760298,1.096512
worker_2,1924,1788086891.694457,50,4.978912,1.095840
worker_2,1925,1788086891.699487,50,4.560779,1.096480
worker_2,1926,1788086891.704074,50,4.763483,1.100288
worker_2,1927,1788086891.708856,50,4.775409,1.097632
worker_2,1928,1788086891.713650,50,4.983068,1.095968
worker_2,1929,1788086891.718683,50,4.737512,1.098144
worker_2,1930,1788086891.723467,50,4.570658,1.096480
worker_2,1931,1788086891.728061,50,4.972106,1.098048
worker_2,1932,1788086891.733081,50,4.544740,1.095872
worker_2,1933,1788086891.737650,50,4.767676,1.097248
worker_2,1934,1788086891.742435,50,4.777511,1.098176
worker_2,1935,1788086891.747228,50,4.808707,1.098400
worker_2,1936,1788086891.752053,50,4.781354,1.098784
worker_2,1937,1788086891.756849,50,4.780511,1.097728
worker_2,1938,1788086891.761645,50,4.777799,1.097792
worker_2,1939,1788086891.766439,50,4.778502,1.097792
worker_2,1940,1788086891.771234,50,4.800799,1.097792
worker_2,1941,1788086891.776049,50,4.780826,1.102912
worker_2,1942,1788086891.780854,50,4.769808,1.097600
worker_2,1943,1788086891.785640,50,4.781382,1.097312
worker_2,1944,1788086891.790436,50,4.781206,1.097824
worker_2,1945,1788086891.795233,50,4.775103,1.098240
worker_2,1946,1788086891.800025,50,4.790003,1.101536
worker_2,1947,1788086891.804831,50,4.778409,1.097792
worker_2,1948,1788086891.809624,50,4.781373,1.098080
worker_2,1949,1788086891.814421,50,4.784521,1.096448
worker_2,1950,1788086891.819224,50,4.770308,1.096704
worker_2,1951,1788086891.824012,50,4.981523,1.097792
worker_2,1952,1788086891.829042,50,4.745085,1.099936
worker_2,1953,1788086891.833834,50,4.541472,1.096928
worker_2,1954,1788086891.838400,50,4.764427,1.096352
worker_2,1955,1788086891.843183,50,4.978799,1.095584
worker_2,1956,1788086891.848223,50,4.531277,1.097088
worker_2,1957,1788086891.852779,50,4.776948,1.099040
worker_2,1958,1788086891.857574,50,4.981606,1.095776
worker_2,1959,1788086891.862605,50,4.536611,1.095232
worker_2,1960,1788086891.867166,50,4.768630,1.098368
worker_2,1961,1788086891.871952,50,4.983875,1.096160
worker_2,1962,1788086891.876998,50,4.549176,1.106816
worker_2,1963,1788086891.881574,50,4.756668,1.097568
worker_2,1964,1788086891.886348,50,4.986698,1.097792
worker_2,1965,1788086891.891382,50,4.744188,1.095680
worker_2,1966,1788086891.896172,50,4.745742,1.096384
worker_2,1967,1788086891.900964,50,4.566769,1.103872
worker_2,1968,1788086891.905556,50,4.760780,1.097184
worker_2,1969,1788086891.910336,50,4.771678,1.096928
worker_2,1970,1788086891.915125,50,4.833308,1.096960
worker_2,1971,1788086891.920007,50,4.891957,1.099840
worker_2,1972,1788086891.924944,50,4.550750,1.098368
worker_2,1973,1788086891.929519,50,4.766613,1.097568
worker_2,1974,1788086891.934303,50,4.773447,1.098560
worker_2,1975,1788086891.939092,50,4.990949,1.097952
worker_2,1976,1788086891.944132,50,4.544834,1.099552
worker_2,1977,1788086891.948701,50,4.765706,1.098176
worker_2,1978,1788086891.953485,50,4.776104,1.097184
worker_2,1979,1788086891.958278,50,4.768992,1.095584
worker_2,1980,1788086891.963062,50,4.988097,1.096960
worker_2,1981,1788086891.968113,50,4.534759,1.103264
worker_2,1982,1788086891.972674,50,4.760280,1.096320
worker_2,1983,1788086891.977453,50,4.983178,1.097280
worker_2,1984,1788086891.982485,50,4.739437,1.097504
worker_2,1985,1788086891.987350,50,4.662278,1.095872
worker_2,1986,1788086891.992058,50,4.754742,1.105632
worker_2,1987,1788086891.996860,50,4.539935,1.098048
worker_2,1988,1788086892.001424,50,4.768354,1.096672
worker_2,1989,1788086892.006211,50,4.771465,1.096224
worker_2,1990,1788086892.010998,50,4.994930,1.096352
worker_2,1991,1788086892.016044,50,4.744641,1.100000
worker_2,1992,1788086892.020835,50,4.534490,1.096864
worker_2,1993,1788086892.025396,50,4.971291,1.097184
worker_2,1994,1788086892.030416,50,4.539112,1.097536
worker_2,1995,1788086892.034980,50,4.976170,1.097184
worker_2,1996,1788086892.040004,50,4.540463,1.096992
worker_2,1997,1788086892.044570,50,4.759159,1.099392
worker_2,1998,1788086892.049348,50,4.775798,1.098400
worker_2,1999,1788086892.054142,50,4.771550,1.096288
worker_2,2000,1788086892.058930,50,4.981921,1.096416
worker_2,2001,1788086892.063975,50,4.531120,1.100608
worker_2,2002,1788086892.068535,50,4.976264,1.098304
worker_2,2003,1788086892.073560,50,4.543695,1.098112
worker_2,2004,1788086892.078128,50,4.973671,1.097344
worker_2,2005,1788086892.083148,50,4.746364,1.096704
worker_2,2006,1788086892.087941,50,4.546908,1.098720
worker_2,2007,1788086892.092511,50,4.974022,1.101024
worker_2,2008,1788086892.097533,50,4.544918,1.096736
worker_2,2009,1788086892.102103,50,4.971458,1.097536
worker_2,2010,1788086892.107123,50,4.544992,1.097120
worker_2,2011,1788086892.111694,50,4.764585,1.097600
worker_2,2012,1788086892.116477,50,4.976958,1.098816
worker_2,2013,1788086892.121502,50,4.544029,1.097792
worker_2,2014,1788086892.126070,50,4.798243,1.097824
worker_2,2015,1788086892.130886,50,4.775233,1.095552
worker_2,2016,1788086892.135679,50,4.782455,1.098048
worker_2,2017,1788086892.140480,50,4.778326,1.098752
worker_2,2018,1788086892.145273,50,4.987328,1.097984
worker_2,2019,1788086892.150309,50,4.560565,1.097312
worker_2,2020,1788086892.154908,50,4.960475,1.098272
worker_2,2021,1788086892.159918,50,4.535528,1.097408
worker_2,2022,1788086892.164479,50,4.970347,1.099776
worker_2,2023,1788086892.169497,50,4.551788,1.097792
worker_2,2024,1788086892.174073,50,4.971643,1.096576
worker_2,2025,1788086892.179092,50,4.743984,1.097568
worker_2,2026,1788086892.183880,50,4.547138,1.098208
worker_2,2027,1788086892.188452,50,4.780455,1.097248
worker_2,2028,1788086892.193252,50,4.775465,1.097760
worker_2,2029,1788086892.198045,50,4.774067,1.095648
worker_2,2030,1788086892.202834,50,4.993569,1.097952
worker_2,2031,1788086892.207877,50,4.543131,1.100736
worker_2,2032,1788086892.212446,50,4.991208,1.096704
worker_2,2033,1788086892.217485,50,4.544398,1.096128
worker_2,2034,1788086892.222054,50,4.972522,1.096992
worker_2,2035,1788086892.227075,50,4.542676,1.095744
worker_2,2036,1788086892.231642,50,4.785734,1.105312
worker_2,2037,1788086892.236449,50,4.783299,1.098592
worker_2,2038,1788086892.241250,50,4.836743,1.097888
worker_2,2039,1788086892.246136,50,4.683797,1.097760
worker_2,2040,1788086892.250857,50,4.782094,1.096736
worker_2,2041,1788086892.255664,50,4.728640,1.096256
worker_2,2042,1788086892.260413,50,4.780270,1.098048
worker_2,2043,1788086892.265207,50,4.772067,1.096384
worker_2,2044,1788086892.269993,50,4.776650,1.096832
worker_2,2045,1788086892.274782,50,4.775891,1.099136
worker_2,2046,1788086892.279572,50,4.774798,1.097664
worker_2,2047,1788086892.284361,50,4.791559,1.096416
worker_2,2048,1788086892.289166,50,4.777316,1.097216
worker_2,2049,1788086892.293961,50,4.773835,1.098912
worker_2,2050,1788086892.298750,50,4.777124,1.096128
worker_2,2051,1788086892.303542,50,4.783326,1.096992
worker_2,2052,1788086892.308340,50,4.785696,1.095424
worker_2,2053,1788086892.313141,50,4.767530,1.096448
worker_2,2054,1788086892.317926,50,4.779909,1.100640
worker_2,2055,1788086892.322730,50,4.766159,1.097184
worker_2,2056,1788086892.327513,50,4.772956,1.099136
worker_2,2057,1788086892.332302,50,4.775900,1.098368
worker_2,2058,1788086892.337095,50,4.779057,1.096544
worker_2,2059,1788086892.341900,50,4.764984,1.097760
worker_2,2060,1788086892.346682,50,4.774206,1.096832
worker_2,2061,1788086892.351474,50,4.771881,1.097088
worker_2,2062,1788086892.356262,50,4.790984,1.099328
worker_2,2063,1788086892.361068,50,4.774131,1.096704
worker_2,2064,1788086892.365857,50,4.778910,1.097216
worker_2,2065,1788086892.370652,50,4.781900,1.104576
worker_2,2066,1788086892.375448,50,4.779632,1.097376
worker_2,2067,1788086892.380244,50,4.771281,1.098304
worker_2,2068,1788086892.385031,50,4.773233,1.097344
worker_2,2069,1788086892.389820,50,4.776039,1.096448
worker_2,2070,1788086892.394611,50,4.779085,1.098016
worker_2,2071,1788086892.399407,50,4.993726,1.095776
worker_2,2072,1788086892.404449,50,4.538695,1.098432
worker_2,2073,1788086892.409005,50,4.943578,1.098048
worker_2,2074,1788086892.413985,50,4.571991,1.097536
worker_2,2075,1788086892.418576,50,4.965087,1.096352
worker_2,2076,1788086892.423582,50,4.566741,1.096608
worker_2,2077,1788086892.428173,50,4.763141,1.097504
worker_2,2078,1788086892.432954,50,4.774529,1.096672
worker_2,2079,1788086892.437758,50,4.762374,1.097728
worker_2,2080,1788086892.442538,50,4.779659,1.099680
worker_2,2081,1788086892.447333,50,4.776707,1.097856
worker_2,2082,1788086892.452126,50,4.774373,1.096576
worker_2,2083,1788086892.456917,50,5.163579,1.104480
worker_2,2084,1788086892.462128,50,4.533250,1.097280
worker_2,2085,1788086892.466686,50,4.762261,1.097472
worker_2,2086,1788086892.471466,50,4.775132,1.097760
worker_2,2087,1788086892.476259,50,5.003124,1.096832
worker_2,2088,1788086892.481312,50,4.531899,1.103680
worker_2,2089,1788086892.485870,50,4.984097,1.097344
worker_2,2090,1788086892.490904,50,4.531658,1.097792
worker_2,2091,1788086892.495460,50,4.985541,1.097216
worker_2,2092,1788086892.500491,50,4.530519,1.097792
worker_2,2093,1788086892.505047,50,4.764150,1.096288
worker_2,2094,1788086892.509829,50,4.635010,1.098848
worker_2,2095,1788086892.514481,50,5.124273,1.097728
worker_2,2096,1788086892.519656,50,4.524111,1.097312
worker_2,2097,1788086892.524204,50,4.770659,1.096288
worker_2,2098,1788086892.529005,50,4.787437,1.103936
worker_2,2099,1788086892.533808,50,4.841262,1.097312
worker_2,2100,1788086892.538699,50,4.535204,1.098592
worker_2,2101,1788086892.543258,50,4.980606,1.096672
worker_2,2102,1788086892.548285,50,4.538084,1.098144
worker_2,2103,1788086892.552848,50,4.756742,1.096960
worker_2,2104,1788086892.557623,50,4.775059,1.097696
worker_2,2105,1788086892.562414,50,4.983708,1.096352
worker_2,2106,1788086892.567447,50,4.544973,1.097120
worker_2,2107,1788086892.572016,50,4.973949,1.097504
worker_2,2108,1788086892.577037,50,4.540713,1.097632
worker_2,2109,1788086892.581602,50,4.762445,1.097248
worker_2,2110,1788086892.586381,50,4.774354,1.097600
worker_2,2111,1788086892.591172,50,4.777002,1.098400
worker_2,2112,1788086892.595964,50,4.990494,1.101440
worker_2,2113,1788086892.601004,50,4.743456,1.098240
worker_2,2114,1788086892.605793,50,4.558464,1.100608
worker_2,2115,1788086892.610376,50,4.765900,1.099264
worker_2,2116,1788086892.615161,50,4.776521,1.097248
worker_2,2117,1788086892.619954,50,4.779059,1.097216
worker_2,2118,1788086892.624757,50,4.771298,1.098880
worker_2,2119,1788086892.629543,50,4.777039,1.098816
worker_2,2120,1788086892.634336,50,4.779539,1.097376
worker_2,2121,1788086892.639130,50,4.981707,1.096928
worker_2,2122,1788086892.644160,50,4.743243,1.097120
worker_2,2123,1788086892.648949,50,4.782262,1.112832
worker_2,2124,1788086892.653778,50,4.811392,1.098752
worker_2,2125,1788086892.658636,50,4.684667,1.097120
worker_2,2126,1788086892.663368,50,4.539148,1.097120
worker_2,2127,1788086892.667933,50,4.767846,1.098976
worker_2,2128,1788086892.672720,50,4.765984,1.096640
worker_2,2129,1788086892.677504,50,4.773419,1.098624
worker_2,2130,1788086892.682292,50,5.000282,1.097408
worker_2,2131,1788086892.687342,50,4.740215,1.096416
worker_2,2132,1788086892.692127,50,4.546862,1.101248
worker_2,2133,1788086892.696699,50,4.761937,1.097376
worker_2,2134,1788086892.701479,50,4.779344,1.099936
worker_2,2135,1788086892.706275,50,4.991884,1.096736
worker_2,2136,1788086892.711399,50,4.446112,1.097408
worker_2,2137,1788086892.715884,50,4.908929,1.101760
worker_2,2138,1788086892.720813,50,4.999125,1.096768
worker_2,2139,1788086892.725861,50,4.536620,1.098592
worker_2,2140,1788086892.730421,50,4.760854,1.096960
worker_2,2141,1788086892.735200,50,4.999272,1.096256
worker_2,2142,1788086892.740262,50,4.356435,1.096704
worker_2,2143,1788086892.744644,50,4.971912,1.095264
worker_2,2144,1788086892.749665,50,4.540612,1.098240
worker_2,2145,1788086892.754230,50,4.771261,1.097792
worker_2,2146,1788086892.759020,50,4.978559,1.095680
worker_2,2147,1788086892.764047,50,4.542536,1.098016
worker_2,2148,1788086892.768614,50,4.981050,1.101024
worker_2,2149,1788086892.773643,50,4.538648,1.097152
worker_2,2150,1788086892.778205,50,4.774901,1.098720
worker_2,2151,1788086892.782997,50,4.976522,1.096864
worker_2,2152,1788086892.788021,50,4.542695,1.099328
worker_2,2153,1788086892.792590,50,4.772881,1.098656
worker_2,2154,1788086892.797381,50,4.772030,1.097376
worker_2,2155,1788086892.802169,50,4.989411,1.096256
worker_2,2156,1788086892.807208,50,4.541796,1.097280
worker_2,2157,1788086892.811787,50,4.765937,1.108128
worker_2,2158,1788086892.816572,50,4.985244,1.097408
worker_2,2159,1788086892.821605,50,4.548574,1.096640
worker_2,2160,1788086892.826180,50,4.786050,1.098144
worker_2,2161,1788086892.830983,50,4.777919,1.097504
worker_2,2162,1788086892.835779,50,4.773993,1.095808
worker_2,2163,1788086892.840569,50,4.781076,1.104640
worker_2,2164,1788086892.845367,50,5.024060,1.096608
worker_2,2165,1788086892.850463,50,4.478417,1.096864
worker_2,2166,1788086892.854972,50,4.959290,1.097920
worker_2,2167,1788086892.859978,50,4.544259,1.098432
worker_2,2168,1788086892.864548,50,4.967819,1.098528
worker_2,2169,1788086892.869563,50,4.744020,1.097696
worker_2,2170,1788086892.874352,50,4.760993,1.096864
worker_2,2171,1788086892.879158,50,4.741687,1.096640
worker_2,2172,1788086892.883945,50,4.544889,1.097280
worker_2,2173,1788086892.888515,50,4.972930,1.101312
worker_2,2174,1788086892.893533,50,4.544297,1.096576
worker_2,2175,1788086892.898101,50,4.756992,1.096000
worker_2,2176,1788086892.902890,50,4.962309,1.096736
worker_2,2177,1788086892.907899,50,4.556723,1.102688
worker_2,2178,1788086892.912480,50,4.992356,1.096736
worker_2,2179,1788086892.917521,50,4.741910,1.098304
worker_2,2180,1788086892.922310,50,4.534288,1.095648
worker_2,2181,1788086892.926869,50,5.013809,1.105856
worker_2,2182,1788086892.931929,50,4.515703,1.098336
worker_2,2183,1788086892.936470,50,4.763437,1.095680
worker_2,2184,1788086892.941251,50,4.779410,1.096960
worker_2,2185,1788086892.946048,50,4.792039,1.096352
worker_2,2186,1788086892.950857,50,4.776446,1.098848
worker_2,2187,1788086892.955650,50,4.777225,1.099072
worker_2,2188,1788086892.960445,50,4.794511,1.098880
worker_2,2189,1788086892.965257,50,4.779781,1.096640
worker_2,2190,1788086892.970052,50,4.987466,1.097152
worker_2,2191,1788086892.975091,50,4.736141,1.096992
worker_2,2192,1788086892.979871,50,4.764946,1.101408
worker_2,2193,1788086892.984682,50,4.556759,1.097152
worker_2,2194,1788086892.989262,50,4.770937,1.098816
worker_2,2195,1788086892.994052,50,4.771529,1.096256
worker_2,2196,1788086892.998846,50,4.770381,1.097088
worker_2,2197,1788086893.003633,50,4.785540,1.101760
worker_2,2198,1788086893.008436,50,5.004781,1.097408
worker_2,2199,1788086893.013489,50,4.544518,1.097408
worker_2,2200,1788086893.018059,50,4.786947,1.101248
worker_2,2201,1788086893.022865,50,4.772067,1.097856
worker_2,2202,1788086893.027653,50,4.777974,1.097440
worker_2,2203,1788086893.032447,50,4.779474,1.098272
worker_2,2204,1788086893.037242,50,4.776484,1.096992
worker_2,2205,1788086893.042035,50,4.774511,1.097760
worker_2,2206,1788086893.046826,50,4.774622,1.097728
worker_2,2207,1788086893.051618,50,4.998180,1.096736
worker_2,2208,1788086893.056667,50,4.529296,1.097184
worker_2,2209,1788086893.061221,50,4.766409,1.097248
worker_2,2210,1788086893.066004,50,4.985959,1.098528
worker_2,2211,1788086893.071041,50,4.742669,1.096192
worker_2,2212,1788086893.075830,50,4.544732,1.096896
worker_2,2213,1788086893.080399,50,4.774705,1.098016
worker_2,2214,1788086893.085192,50,4.775363,1.097792
worker_2,2215,1788086893.089995,50,4.970791,1.095968
worker_2,2216,1788086893.095015,50,4.744567,1.098304
worker_2,2217,1788086893.099805,50,4.551194,1.097536
worker_2,2218,1788086893.104382,50,4.973763,1.097632
worker_2,2219,1788086893.109403,50,4.553536,1.097184
worker_2,2220,1788086893.113981,50,4.764937,1.095712
worker_2,2221,1788086893.118766,50,4.772705,1.098272
worker_2,2222,1788086893.123556,50,4.987615,1.095840
worker_2,2223,1788086893.128593,50,4.550761,1.098080
worker_2,2224,1788086893.133168,50,4.974050,1.096800
worker_2,2225,1788086893.138191,50,4.537779,1.098400
worker_2,2226,1788086893.142753,50,4.976985,1.098048
worker_2,2227,1788086893.147777,50,4.545056,1.098720
worker_2,2228,1788086893.152347,50,4.983541,1.096160
worker_2,2229,1788086893.157381,50,4.539991,1.097760
worker_2,2230,1788086893.161946,50,4.969495,1.096288
worker_2,2231,1788086893.166964,50,4.743587,1.097536
worker_2,2232,1788086893.171754,50,4.543759,1.097312
worker_2,2233,1788086893.176322,50,4.770522,1.100352
worker_2,2234,1788086893.181110,50,4.765623,1.096512
worker_2,2235,1788086893.185906,50,4.764104,1.097728
worker_2,2236,1788086893.190686,50,4.986486,1.097152
worker_2,2237,1788086893.195721,50,4.542944,1.097536
worker_2,2238,1788086893.200288,50,4.977032,1.097984
worker_2,2239,1788086893.205312,50,4.542686,1.097408
worker_2,2240,1788086893.209880,50,4.965957,1.096384
worker_2,2241,1788086893.214894,50,4.542927,1.096864
worker_2,2242,1788086893.219462,50,4.766345,1.095552
worker_2,2243,1788086893.224248,50,4.767613,1.097728
worker_2,2244,1788086893.229034,50,4.778206,1.096288
worker_2,2245,1788086893.233829,50,4.984764,1.097280
worker_2,2246,1788086893.238863,50,4.550417,1.098688
worker_2,2247,1788086893.243438,50,4.765650,1.096672
worker_2,2248,1788086893.248229,50,4.776623,1.098112
worker_2,2249,1788086893.253022,50,4.785253,1.096416
worker_2,2250,1788086893.257823,50,4.773095,1.096832
worker_2,2251,1788086893.262612,50,4.986486,1.096352
worker_2,2252,1788086893.267645,50,4.544066,1.095776
worker_2,2253,1788086893.272223,50,4.764566,1.097824
worker_2,2254,1788086893.277019,50,4.773966,1.097760
worker_2,2255,1788086893.281810,50,4.777363,1.097472
worker_2,2256,1788086893.286603,50,4.783733,1.097536
worker_2,2257,1788086893.291404,50,4.781381,1.097696
worker_2,2258,1788086893.296202,50,4.779058,1.099808
worker_2,2259,1788086893.300998,50,4.776391,1.099872
worker_2,2260,1788086893.305790,50,4.777743,1.096160
worker_2,2261,1788086893.310584,50,4.773085,1.098368
worker_2,2262,1788086893.315372,50,4.996162,1.098624
worker_2,2263,1788086893.320416,50,4.546805,1.099712
worker_2,2264,1788086893.324991,50,4.757965,1.097728
worker_2,2265,1788086893.329768,50,4.777596,1.097440
worker_2,2266,1788086893.334562,50,4.777410,1.097312
worker_2,2267,1788086893.339356,50,4.788410,1.097472
worker_2,2268,1788086893.344161,50,4.774817,1.097664
worker_2,2269,1788086893.348952,50,4.778150,1.098112
worker_2,2270,1788086893.353745,50,4.999135,1.096224
worker_2,2271,1788086893.358794,50,4.733604,1.097216
worker_2,2272,1788086893.363573,50,4.813039,1.096768
worker_2,2273,1788086893.368433,50,4.497240,1.101216
worker_2,2274,1788086893.372963,50,4.755623,1.097760
worker_2,2275,1788086893.377738,50,4.775327,1.097248
worker_2,2276,1788086893.382529,50,4.776141,1.097344
worker_2,2277,1788086893.387321,50,4.789892,1.097824
worker_2,2278,1788086893.392126,50,4.987643,1.097504
worker_2,2279,1788086893.397161,50,4.551528,1.100352
worker_2,2280,1788086893.401737,50,4.774633,1.097664
worker_2,2281,1788086893.406529,50,4.980782,1.096224
worker_2,2282,1788086893.411557,50,4.756604,1.096416
worker_2,2283,1788086893.416360,50,4.751289,1.101184
worker_2,2284,1788086893.421162,50,4.734548,1.096288
worker_2,2285,1788086893.425945,50,4.533140,1.097376
worker_2,2286,1788086893.430504,50,4.975365,1.096704
worker_2,2287,1788086893.435623,50,4.445999,1.097792
worker_2,2288,1788086893.440097,50,4.779142,1.097440
worker_2,2289,1788086893.444914,50,4.739474,1.097632
worker_2,2290,1788086893.449677,50,4.764483,1.098432
worker_2,2291,1788086893.454463,50,4.847475,1.097184
worker_2,2292,1788086893.459331,50,4.842382,1.096768
worker_2,2293,1788086893.464200,50,4.630353,1.098400
worker_2,2294,1788086893.468846,50,4.915022,1.098688
worker_2,2295,1788086893.473778,50,4.637288,1.098944
worker_2,2296,1788086893.478431,50,4.776317,1.097312
worker_2,2297,1788086893.483224,50,4.803557,1.097280
worker_2,2298,1788086893.488044,50,4.776909,1.100352
worker_2,2299,1788086893.492837,50,4.774418,1.098272
worker_2,2300,1788086893.497626,50,4.780132,1.097440
worker_2,2301,1788086893.502422,50,4.779447,1.097472
worker_2,2302,1788086893.507218,50,5.013291,1.096768
worker_2,2303,1788086893.512283,50,4.529398,1.099488
worker_2,2304,1788086893.516840,50,4.971151,1.097440
worker_2,2305,1788086893.521861,50,4.542749,1.096192
worker_2,2306,1788086893.526429,50,4.966161,1.096064
worker_2,2307,1788086893.531445,50,4.542047,1.097856
worker_2,2308,1788086893.536011,50,4.763169,1.096832
worker_2,2309,1788086893.540794,50,4.782511,1.099168
worker_2,2310,1788086893.545593,50,4.988106,1.096768
worker_2,2311,1788086893.550633,50,4.532741,1.098176
worker_2,2312,1788086893.555192,50,4.766076,1.099040
worker_2,2313,1788086893.559990,50,4.757900,1.097088
worker_2,2314,1788086893.564766,50,4.776013,1.099744
worker_2,2315,1788086893.569560,50,4.769372,1.099360
worker_2,2316,1788086893.574346,50,4.989652,1.098016
worker_2,2317,1788086893.579385,50,4.539139,1.098272
worker_2,2318,1788086893.583950,50,4.765567,1.098592
worker_2,2319,1788086893.588736,50,4.766197,1.099136
worker_2,2320,1788086893.593518,50,4.984245,1.097856
worker_2,2321,1788086893.598551,50,4.543194,1.100576
worker_2,2322,1788086893.603120,50,4.974207,1.098592
worker_2,2323,1788086893.608143,50,4.536564,1.097216
worker_2,2324,1788086893.612704,50,4.974365,1.096384
worker_2,2325,1788086893.617729,50,4.535490,1.096736
worker_2,2326,1788086893.622290,50,4.975383,1.097216
worker_2,2327,1788086893.627316,50,4.537583,1.097216
worker_2,2328,1788086893.631879,50,4.769503,1.100864
worker_2,2329,1788086893.636668,50,4.768085,1.097728
worker_2,2330,1788086893.641453,50,4.986013,1.096736
worker_2,2331,1788086893.646490,50,4.534573,1.096832
worker_2,2332,1788086893.651063,50,4.968022,1.096864
worker_2,2333,1788086893.656079,50,4.537760,1.098112
worker_2,2334,1788086893.660642,50,4.974058,1.098432
worker_2,2335,1788086893.665666,50,4.544092,1.098048
worker_2,2336,1788086893.670235,50,4.975958,1.096000
worker_2,2337,1788086893.675260,50,4.539685,1.097120
worker_2,2338,1788086893.679827,50,4.760937,1.097888
worker_2,2339,1788086893.684608,50,4.782048,1.101856
worker_2,2340,1788086893.689407,50,4.986670,1.097024
worker_2,2341,1788086893.694445,50,4.546296,1.095744
worker_2,2342,1788086893.699018,50,4.969143,1.096736
worker_2,2343,1788086893.704037,50,4.533685,1.095328
worker_2,2344,1788086893.708596,50,4.986809,1.101760
worker_2,2345,1788086893.713632,50,4.528694,1.097024
worker_2,2346,1788086893.718186,50,4.995356,1.097792
worker_2,2347,1788086893.723230,50,4.534955,1.097312
worker_2,2348,1788086893.727792,50,4.767141,1.096032
worker_2,2349,1788086893.732577,50,4.773512,1.100640
worker_2,2350,1788086893.737367,50,4.985124,1.097792
worker_2,2351,1788086893.742405,50,4.545379,1.096864
worker_2,2352,1788086893.746991,50,4.965067,1.096640
worker_2,2353,1788086893.752005,50,4.532268,1.098240
worker_2,2354,1788086893.756564,50,4.983356,1.100384
worker_2,2355,1788086893.761595,50,4.535973,1.097344
worker_2,2356,1788086893.766156,50,4.992921,1.096352
worker_2,2357,1788086893.771199,50,4.538103,1.097728
worker_2,2358,1788086893.775764,50,4.763187,1.095520
worker_2,2359,1788086893.780547,50,4.770697,1.097632
worker_2,2360,1788086893.785334,50,4.995522,1.097888
worker_2,2361,1788086893.790381,50,4.533111,1.097792
worker_2,2362,1788086893.794940,50,4.765021,1.097408
worker_2,2363,1788086893.799726,50,4.772437,1.102016
worker_2,2364,1788086893.804515,50,4.791715,1.099328
worker_2,2365,1788086893.809321,50,4.779029,1.097152
worker_2,2366,1788086893.814117,50,4.776743,1.097472
worker_2,2367,1788086893.818911,50,4.774614,1.098688
worker_2,2368,1788086893.823702,50,4.780123,1.100480
worker_2,2369,1788086893.828498,50,4.794984,1.098208
worker_2,2370,1788086893.833308,50,4.785735,1.097728
worker_2,2371,1788086893.838117,50,4.767586,1.096960
worker_2,2372,1788086893.842901,50,4.781753,1.097856
worker_2,2373,1788086893.847698,50,4.774678,1.096736
worker_2,2374,1788086893.852488,50,4.785437,1.096160
worker_2,2375,1788086893.857289,50,4.781651,1.098144
worker_2,2376,1788086893.862086,50,4.780094,1.097344
worker_2,2377,1788086893.866882,50,4.780344,1.098432
worker_2,2378,1788086893.871677,50,4.785697,1.099328
worker_2,2379,1788086893.876480,50,4.785012,1.096288
worker_2,2380,1788086893.881279,50,4.780929,1.097120
worker_2,2381,1788086893.886076,50,4.776511,1.099104
worker_2,2382,1788086893.890868,50,4.774095,1.097760
worker_2,2383,1788086893.895658,50,4.776521,1.098720
worker_2,2384,1788086893.900450,50,4.997189,1.095936
worker_2,2385,1788086893.905498,50,4.749586,1.097792
worker_2,2386,1788086893.910297,50,4.747984,1.096384
worker_2,2387,1788086893.915093,50,4.538138,1.099840
worker_2,2388,1788086893.919657,50,4.767030,1.099264
worker_2,2389,1788086893.924444,50,4.771586,1.098432
worker_2,2390,1788086893.929232,50,4.994550,1.097824
worker_2,2391,1788086893.934290,50,4.545546,1.099072
worker_2,2392,1788086893.938863,50,4.981412,1.098144
worker_2,2393,1788086893.943893,50,4.534278,1.097824
worker_2,2394,1788086893.948452,50,4.980004,1.097920
worker_2,2395,1788086893.953484,50,4.530093,1.098560
worker_2,2396,1788086893.958040,50,5.004171,1.099136
worker_2,2397,1788086893.963093,50,4.540175,1.096992
worker_2,2398,1788086893.967658,50,4.762567,1.097184
worker_2,2399,1788086893.972440,50,4.772455,1.098240
worker_2,2400,1788086893.977229,50,4.994819,1.096736
worker_2,2401,1788086893.982275,50,4.561027,1.099072
worker_2,2402,1788086893.986861,50,4.968050,1.095456
worker_2,2403,1788086893.991877,50,4.541121,1.097792
worker_2,2404,1788086893.996444,50,4.981625,1.097536
worker_2,2405,1788086894.001474,50,4.533390,1.097312
worker_2,2406,1788086894.006034,50,4.989272,1.097888
worker_2,2407,1788086894.011071,50,4.536250,1.098240
worker_2,2408,1788086894.015632,50,4.764835,1.096992
worker_2,2409,1788086894.020416,50,4.778057,1.099744
worker_2,2410,1788086894.025223,50,4.988457,1.096064
worker_2,2411,1788086894.030262,50,4.524796,1.098368
worker_2,2412,1788086894.034811,50,4.979273,1.097184
worker_2,2413,1788086894.039841,50,4.537149,1.097184
worker_2,2414,1788086894.044405,50,4.983300,1.096768
worker_2,2415,1788086894.049441,50,4.527872,1.097312
worker_2,2416,1788086894.053995,50,4.978485,1.098528
worker_2,2417,1788086894.059023,50,4.537741,1.097472
worker_2,2418,1788086894.063587,50,4.763659,1.099168
worker_2,2419,1788086894.068369,50,4.781215,1.099200
worker_2,2420,1788086894.073168,50,5.013457,1.096448
worker_2,2421,1788086894.078233,50,4.509833,1.097824
worker_2,2422,1788086894.082768,50,4.983967,1.097920
worker_2,2423,1788086894.087799,50,4.535436,1.097536
worker_2,2424,1788086894.092360,50,4.987939,1.097728
worker_2,2425,1788086894.097397,50,4.529927,1.096928
worker_2,2426,1788086894.101953,50,4.765076,1.098656
worker_2,2427,1788086894.106735,50,4.981847,1.097088
worker_2,2428,1788086894.111767,50,4.548732,1.104544
worker_2,2429,1788086894.116339,50,4.992105,1.097728
worker_2,2430,1788086894.121392,50,4.528435,1.098816
worker_2,2431,1788086894.125947,50,4.984810,1.097696
worker_2,2432,1788086894.130981,50,4.526194,1.097664
worker_2,2433,1788086894.135535,50,4.765253,1.098944
worker_2,2434,1788086894.140320,50,4.782234,1.095968
worker_2,2435,1788086894.145122,50,4.988189,1.099168
worker_2,2436,1788086894.150161,50,4.558138,1.098208
worker_2,2437,1788086894.154745,50,4.966828,1.096832
worker_2,2438,1788086894.159841,50,4.457954,1.096384
worker_2,2439,1788086894.164327,50,4.978569,1.098144
worker_2,2440,1788086894.169356,50,4.536575,1.096608
worker_2,2441,1788086894.173920,50,4.966393,1.097760
worker_2,2442,1788086894.178936,50,4.538111,1.098560
worker_2,2443,1788086894.183501,50,4.763178,1.096864
worker_2,2444,1788086894.188282,50,4.777882,1.098176
worker_2,2445,1788086894.193076,50,4.993069,1.096352
worker_2,2446,1788086894.198121,50,4.530167,1.097408
worker_2,2447,1788086894.202678,50,4.972495,1.097536
worker_2,2448,1788086894.207701,50,4.540574,1.095872
worker_2,2449,1788086894.212282,50,4.960374,1.100608
worker_2,2450,1788086894.217292,50,4.537981,1.097792
worker_2,2451,1788086894.221857,50,4.971956,1.097280
worker_2,2452,1788086894.226876,50,4.542037,1.097184
worker_2,2453,1788086894.231445,50,4.759947,1.097248
worker_2,2454,1788086894.236230,50,4.771011,1.101056
worker_2,2455,1788086894.241018,50,4.772632,1.098432
worker_2,2456,1788086894.245807,50,4.778687,1.098080
worker_2,2457,1788086894.250601,50,4.990902,1.097568
worker_2,2458,1788086894.255643,50,4.540371,1.095872
worker_2,2459,1788086894.260208,50,4.761946,1.098304
worker_2,2460,1788086894.264987,50,4.773336,1.097760
worker_2,2461,1788086894.269778,50,4.983402,1.095712
worker_2,2462,1788086894.274812,50,4.536009,1.096128
worker_2,2463,1788086894.279375,50,4.763021,1.097664
worker_2,2464,1788086894.284157,50,4.769732,1.095968
worker_2,2465,1788086894.288945,50,4.791984,1.099456
worker_2,2466,1788086894.293754,50,4.773446,1.097280
worker_2,2467,1788086894.298543,50,4.974875,1.097376
worker_2,2468,1788086894.303558,50,4.555046,1.097792
worker_2,2469,1788086894.308143,50,4.766142,1.097792
worker_2,2470,1788086894.312929,50,4.786724,1.098240
worker_2,2471,1788086894.317733,50,4.989096,1.097760
worker_2,2472,1788086894.322774,50,4.537592,1.097792
worker_2,2473,1788086894.327338,50,4.760770,1.097184
worker_2,2474,1788086894.332117,50,4.772150,1.098944
worker_2,2475,1788086894.336906,50,4.776549,1.104000
worker_2,2476,1788086894.341699,50,4.775511,1.097312
worker_2,2477,1788086894.346490,50,4.994578,1.095424
worker_2,2478,1788086894.351538,50,4.536972,1.097760
worker_2,2479,1788086894.356103,50,4.768132,1.097888
worker_2,2480,1788086894.360891,50,4.778298,1.102752
worker_2,2481,1788086894.365686,50,4.993273,1.097088
worker_2,2482,1788086894.370730,50,4.538390,1.097760
worker_2,2483,1788086894.375294,50,4.767094,1.098880
worker_2,2484,1788086894.380079,50,4.776595,1.097088
worker_2,2485,1788086894.384872,50,4.793243,1.103040
worker_2,2486,1788086894.389681,50,4.776502,1.097760
worker_2,2487,1788086894.394472,50,4.995060,1.098592
worker_2,2488,1788086894.399539,50,4.514241,1.098592
worker_2,2489,1788086894.404080,50,4.763104,1.098560
worker_2,2490,1788086894.408864,50,4.786048,1.105984
worker_2,2491,1788086894.413668,50,4.987698,1.097600
worker_2,2492,1788086894.418706,50,4.542871,1.097504
worker_2,2493,1788086894.423274,50,4.764706,1.097984
worker_2,2494,1788086894.428056,50,4.780012,1.099040
worker_2,2495,1788086894.432853,50,4.786752,1.097632
worker_2,2496,1788086894.437656,50,4.778410,1.097184
worker_2,2497,1788086894.442451,50,4.993013,1.095808
worker_2,2498,1788086894.447495,50,4.531972,1.097696
worker_2,2499,1788086894.452051,50,4.766640,1.098208
worker_2,2500,1788086894.456836,50,4.794475,1.110304
worker_2,2501,1788086894.461646,50,4.988208,1.097600
worker_2,2502,1788086894.466686,50,4.537593,1.097120
worker_2,2503,1788086894.471259,50,4.746964,1.095840
worker_2,2504,1788086894.476027,50,4.770105,1.097152
worker_2,2505,1788086894.480815,50,4.776215,1.095552
worker_2,2506,1788086894.485608,50,4.774113,1.096576
worker_2,2507,1788086894.490398,50,4.779817,1.097792
worker_2,2508,1788086894.495205,50,4.764409,1.098912
worker_2,2509,1788086894.499987,50,4.778261,1.095744
worker_2,2510,1788086894.504781,50,4.781707,1.098240
worker_2,2511,1788086894.509577,50,4.778854,1.096032
worker_2,2512,1788086894.514370,50,4.777309,1.097568
worker_2,2513,1788086894.519163,50,4.774456,1.097888
worker_2,2514,1788086894.523955,50,4.772539,1.098400
worker_2,2515,1788086894.528744,50,4.772521,1.096288
worker_2,2516,1788086894.533533,50,4.775363,1.097888
worker_2,2517,1788086894.538323,50,4.778771,1.097824
worker_2,2518,1788086894.543117,50,4.799882,1.097664
worker_2,2519,1788086894.547932,50,4.781789,1.099392
worker_2,2520,1788086894.552729,50,4.794392,1.109920
worker_2,2521,1788086894.557540,50,4.774651,1.097056
worker_2,2522,1788086894.562330,50,4.777012,1.097472
worker_2,2523,1788086894.567122,50,4.786715,1.097728
worker_2,2524,1788086894.571924,50,4.786576,1.098944
worker_2,2525,1788086894.576726,50,5.015494,1.103808
worker_2,2526,1788086894.581791,50,4.739983,1.097536
worker_2,2527,1788086894.586591,50,4.528418,1.097760
worker_2,2528,1788086894.591146,50,4.765159,1.096576
worker_2,2529,1788086894.595929,50,4.771410,1.097056
worker_2,2530,1788086894.600719,50,4.795511,1.109024
worker_2,2531,1788086894.605531,50,4.778632,1.097280
worker_2,2532,1788086894.610325,50,4.779400,1.097280
worker_2,2533,1788086894.615120,50,4.781409,1.097184
worker_2,2534,1788086894.619918,50,4.778197,1.096832
worker_2,2535,1788086894.624711,50,4.792808,1.104224
worker_2,2536,1788086894.629519,50,4.778798,1.095776
worker_2,2537,1788086894.634313,50,4.778263,1.097824
worker_2,2538,1788086894.639107,50,4.778548,1.097792
worker_2,2539,1788086894.643901,50,4.779235,1.098112
worker_2,2540,1788086894.648696,50,4.779595,1.098176
worker_2,2541,1788086894.653491,50,4.787688,1.097856
worker_2,2542,1788086894.658293,50,4.778335,1.097952
worker_2,2543,1788086894.663088,50,4.780215,1.098272
worker_2,2544,1788086894.667883,50,4.786743,1.098016
worker_2,2545,1788086894.672685,50,4.795586,1.102944
worker_2,2546,1788086894.677500,50,4.973726,1.096960
worker_2,2547,1788086894.682538,50,4.731678,1.098368
worker_2,2548,1788086894.687317,50,4.540908,1.096224
worker_2,2549,1788086894.691883,50,4.766632,1.096768
worker_2,2550,1788086894.696668,50,4.773187,1.100128
worker_2,2551,1788086894.701458,50,4.775919,1.096832
worker_2,2552,1788086894.706250,50,4.779975,1.096352
worker_2,2553,1788086894.711046,50,4.777187,1.097856
worker_2,2554,1788086894.715840,50,4.782483,1.099360
worker_2,2555,1788086894.720639,50,4.771568,1.097568
worker_2,2556,1788086894.725427,50,4.774910,1.096416
worker_2,2557,1788086894.730218,50,4.783392,1.099264
worker_2,2558,1788086894.735018,50,4.780826,1.099008
worker_2,2559,1788086894.739813,50,4.780558,1.097152
worker_2,2560,1788086894.744609,50,4.791456,1.106464
worker_2,2561,1788086894.749417,50,4.779363,1.097312
worker_2,2562,1788086894.754212,50,4.787493,1.097760
worker_2,2563,1788086894.759015,50,4.779947,1.099072
worker_2,2564,1788086894.763810,50,4.785049,1.097824
worker_2,2565,1788086894.768611,50,4.770409,1.098176
worker_2,2566,1788086894.773406,50,4.767058,1.096928
worker_2,2567,1788086894.778189,50,4.990763,1.097664
worker_2,2568,1788086894.783230,50,4.745353,1.096928
worker_2,2569,1788086894.788026,50,4.750585,1.099200
worker_2,2570,1788086894.792824,50,4.545815,1.096064
worker_2,2571,1788086894.797395,50,4.763039,1.096864
worker_2,2572,1788086894.802178,50,4.771030,1.097760
worker_2,2573,1788086894.806966,50,4.784344,1.097248
worker_2,2574,1788086894.811767,50,4.786993,1.101856
worker_2,2575,1788086894.816573,50,4.780233,1.098432
worker_2,2576,1788086894.821369,50,4.777381,1.096640
worker_2,2577,1788086894.826162,50,4.772668,1.096544
worker_2,2578,1788086894.830951,50,4.781881,1.097376
worker_2,2579,1788086894.835748,50,4.782817,1.099232
worker_2,2580,1788086894.840546,50,4.782244,1.098080
worker_2,2581,1788086894.845344,50,4.774372,1.096224
worker_2,2582,1788086894.850134,50,4.772807,1.098240
worker_2,2583,1788086894.854922,50,4.782548,1.097152
worker_2,2584,1788086894.859720,50,4.781317,1.100096
worker_2,2585,1788086894.864517,50,4.796660,1.099232
worker_2,2586,1788086894.869338,50,4.767428,1.096896
worker_2,2587,1788086894.874120,50,4.776187,1.097664
worker_2,2588,1788086894.878911,50,4.780096,1.097792
worker_2,2589,1788086894.883785,50,4.923864,1.099584
worker_2,2590,1788086894.888758,50,4.739447,1.096256
worker_2,2591,1788086894.893545,50,4.748891,1.097504
worker_2,2592,1788086894.898341,50,4.542955,1.095712
worker_2,2593,1788086894.902910,50,4.761742,1.098272
worker_2,2594,1788086894.907691,50,4.770844,1.096480
worker_2,2595,1788086894.912479,50,4.773289,1.098368
worker_2,2596,1788086894.917268,50,4.776670,1.098272
worker_2,2597,1788086894.922061,50,4.787798,1.098880
worker_2,2598,1788086894.926864,50,4.773781,1.097408
worker_2,2599,1788086894.931654,50,4.775696,1.097536
worker_2,2600,1788086894.936444,50,4.780382,1.099008
worker_2,2601,1788086894.941239,50,4.778067,1.098560
worker_2,2602,1788086894.946034,50,4.801142,1.099872
worker_2,2603,1788086894.950850,50,4.779687,1.099136
worker_2,2604,1788086894.955645,50,4.775391,1.096832
worker_2,2605,1788086894.960446,50,4.770586,1.101120
worker_2,2606,1788086894.965232,50,4.777965,1.098208
worker_2,2607,1788086894.970026,50,4.798789,1.097504
worker_2,2608,1788086894.974840,50,4.778066,1.096768
worker_2,2609,1788086894.979635,50,4.774946,1.097824
worker_2,2610,1788086894.984425,50,4.779096,1.100128
worker_2,2611,1788086894.989220,50,4.777455,1.097824
worker_2,2612,1788086894.994013,50,4.778640,1.096960
worker_2,2613,1788086894.998808,50,4.775464,1.098336
worker_2,2614,1788086895.003599,50,4.778492,1.097728
worker_2,2615,1788086895.008394,50,4.776872,1.097792
worker_2,2616,1788086895.013187,50,4.781567,1.096448
worker_2,2617,1788086895.017983,50,4.784150,1.096448
worker_2,2618,1788086895.022783,50,4.782948,1.098112
worker_2,2619,1788086895.027581,50,4.776539,1.095808
worker_2,2620,1788086895.032374,50,4.771938,1.098848
worker_2,2621,1788086895.037163,50,4.769678,1.096800
worker_2,2622,1788086895.041945,50,4.788687,1.097216
worker_2,2623,1788086895.046744,50,4.783974,1.095808
worker_2,2624,1788086895.051544,50,4.781817,1.098496
worker_2,2625,1788086895.056349,50,4.783853,1.097280
worker_2,2626,1788086895.061149,50,4.775150,1.097120
worker_2,2627,1788086895.065939,50,4.793743,1.098208
worker_2,2628,1788086895.070748,50,4.781355,1.099296
worker_2,2629,1788086895.075546,50,4.772196,1.096192
worker_2,2630,1788086895.080333,50,4.778669,1.096448
worker_2,2631,1788086895.085129,50,4.775159,1.098080
worker_2,2632,1788086895.089919,50,4.794483,1.097600
worker_2,2633,1788086895.094729,50,4.778142,1.097568
worker_2,2634,1788086895.099522,50,4.790548,1.102880
worker_2,2635,1788086895.104327,50,4.792623,1.096192
worker_2,2636,1788086895.109135,50,4.785076,1.097568
worker_2,2637,1788086895.113936,50,4.777845,1.099424
worker_2,2638,1788086895.118729,50,4.778058,1.097632
worker_2,2639,1788086895.123523,50,4.787881,1.102752
worker_2,2640,1788086895.128326,50,4.796011,1.096448
worker_2,2641,1788086895.133138,50,4.773270,1.095776
worker_2,2642,1788086895.137928,50,4.793603,1.098784
worker_2,2643,1788086895.142736,50,4.776307,1.097728
worker_2,2644,1788086895.147532,50,4.781928,1.101856
worker_2,2645,1788086895.152330,50,4.795279,1.096704
worker_2,2646,1788086895.157148,50,4.761743,1.096544
worker_2,2647,1788086895.161929,50,4.772456,1.095808
worker_2,2648,1788086895.166718,50,4.989004,1.097152
worker_2,2649,1788086895.171758,50,4.539066,1.097696
worker_2,2650,1788086895.176325,50,4.757419,1.096960
worker_2,2651,1788086895.181101,50,4.768418,1.095552
worker_2,2652,1788086895.185888,50,4.771752,1.097792
worker_2,2653,1788086895.190678,50,4.774901,1.096416
worker_2,2654,1788086895.195468,50,4.769687,1.097120
worker_2,2655,1788086895.200254,50,4.775688,1.097312
worker_2,2656,1788086895.205044,50,4.788150,1.098144
worker_2,2657,1788086895.209847,50,4.774697,1.095712
worker_2,2658,1788086895.214638,50,4.995698,1.097408
worker_2,2659,1788086895.219684,50,4.537371,1.096800
worker_2,2660,1788086895.224250,50,4.966114,1.097184
worker_2,2661,1788086895.229266,50,4.745669,1.097248
worker_2,2662,1788086895.234058,50,4.536890,1.099104
worker_2,2663,1788086895.238621,50,4.766030,1.096800
worker_2,2664,1788086895.243419,50,4.978606,1.097024
worker_2,2665,1788086895.248451,50,4.543353,1.098560
worker_2,2666,1788086895.253021,50,4.975208,1.097568
worker_2,2667,1788086895.258044,50,4.543085,1.097184
worker_2,2668,1788086895.262613,50,4.766761,1.098272
worker_2,2669,1788086895.267399,50,4.991430,1.096800
worker_2,2670,1788086895.272438,50,4.543991,1.101024
worker_2,2671,1788086895.277008,50,4.981745,1.096672
worker_2,2672,1788086895.282038,50,4.540890,1.097824
worker_2,2673,1788086895.286605,50,4.971004,1.096032
worker_2,2674,1788086895.291625,50,4.545075,1.096512
worker_2,2675,1788086895.296197,50,4.761752,1.100416
worker_2,2676,1788086895.300978,50,4.770520,1.098176
worker_2,2677,1788086895.305765,50,4.996569,1.097632
worker_2,2678,1788086895.310812,50,4.535555,1.098528
worker_2,2679,1788086895.315372,50,4.777660,1.098144
worker_2,2680,1788086895.320168,50,4.772428,1.099616
worker_2,2681,1788086895.324959,50,4.774447,1.097856
worker_2,2682,1788086895.329748,50,4.788892,1.097440
worker_2,2683,1788086895.334567,50,4.976513,1.096192
worker_2,2684,1788086895.339593,50,4.550742,1.097408
worker_2,2685,1788086895.344171,50,4.762262,1.099456
worker_2,2686,1788086895.348952,50,4.775530,1.096704
worker_2,2687,1788086895.353745,50,5.007181,1.099168
worker_2,2688,1788086895.358804,50,4.516611,1.097600
worker_2,2689,1788086895.363345,50,4.789651,1.097504
worker_2,2690,1788086895.368154,50,4.777603,1.100192
worker_2,2691,1788086895.372947,50,4.778373,1.097504
worker_2,2692,1788086895.377741,50,4.777205,1.096448
worker_2,2693,1788086895.382533,50,4.982346,1.096608
worker_2,2694,1788086895.387565,50,4.542583,1.096640
worker_2,2695,1788086895.392134,50,4.767743,1.095552
worker_2,2696,1788086895.396920,50,4.793086,1.100704
worker_2,2697,1788086895.401732,50,4.981911,1.097216
worker_2,2698,1788086895.406765,50,4.538454,1.096224
worker_2,2699,1788086895.411330,50,4.779308,1.097504
worker_2,2700,1788086895.416141,50,4.734706,1.098784
worker_2,2701,1788086895.420893,50,4.777169,1.102432
worker_2,2702,1788086895.425680,50,4.780937,1.095584
worker_2,2703,1788086895.430481,50,4.774882,1.097824
worker_2,2704,1788086895.435267,50,4.780105,1.097504
worker_2,2705,1788086895.440057,50,4.967579,1.097632
worker_2,2706,1788086895.445058,50,4.579723,1.096224
worker_2,2707,1788086895.449655,50,4.958226,1.096960
worker_2,2708,1788086895.454648,50,4.725835,1.096128
worker_2,2709,1788086895.459392,50,4.974846,1.097088
worker_2,2710,1788086895.464403,50,4.426499,1.097696
worker_2,2711,1788086895.468847,50,4.964559,1.099040
worker_2,2712,1788086895.473850,50,4.591927,1.097152
worker_2,2713,1788086895.478470,50,4.748280,1.096128
worker_2,2714,1788086895.483239,50,4.759428,1.097888
worker_2,2715,1788086895.488016,50,4.775974,1.101600
worker_2,2716,1788086895.492806,50,4.789216,1.096480
worker_2,2717,1788086895.497623,50,4.748705,1.096192
worker_2,2718,1788086895.502391,50,4.772159,1.097440
worker_2,2719,1788086895.507181,50,4.776484,1.098080
worker_2,2720,1788086895.511975,50,4.770716,1.095488
worker_2,2721,1788086895.516762,50,4.783410,1.097504
worker_2,2722,1788086895.521568,50,4.768920,1.097824
worker_2,2723,1788086895.526354,50,4.772984,1.096384
worker_2,2724,1788086895.531144,50,4.775512,1.097408
worker_2,2725,1788086895.535935,50,4.777243,1.098784
worker_2,2726,1788086895.540729,50,4.771660,1.096768
worker_2,2727,1788086895.545516,50,4.990588,1.095776
worker_2,2728,1788086895.550557,50,4.535009,1.099008
worker_2,2729,1788086895.555120,50,4.988606,1.098688
worker_2,2730,1788086895.560155,50,4.523324,1.096096
worker_2,2731,1788086895.564705,50,4.966468,1.098400
worker_2,2732,1788086895.569723,50,4.537343,1.096704
worker_2,2733,1788086895.574286,50,4.979976,1.097152
worker_2,2734,1788086895.579316,50,4.528583,1.097184
worker_2,2735,1788086895.583871,50,4.762530,1.098048
worker_2,2736,1788086895.588654,50,4.771585,1.096160
worker_2,2737,1788086895.593444,50,4.989550,1.096928
worker_2,2738,1788086895.598483,50,4.530426,1.097728
worker_2,2739,1788086895.603039,50,4.978735,1.096640
worker_2,2740,1788086895.608147,50,4.456619,1.096320
worker_2,2741,1788086895.612631,50,4.979476,1.097216
worker_2,2742,1788086895.617672,50,4.518629,1.098240
worker_2,2743,1788086895.622215,50,4.980652,1.098432
worker_2,2744,1788086895.627243,50,4.537861,1.097664
worker_2,2745,1788086895.631807,50,4.759363,1.098720
worker_2,2746,1788086895.636585,50,4.774346,1.097376
worker_2,2747,1788086895.641375,50,4.993281,1.096544
worker_2,2748,1788086895.646418,50,4.540750,1.098976
worker_2,2749,1788086895.650985,50,4.764594,1.097792
worker_2,2750,1788086895.655767,50,4.779780,1.098400
worker_2,2751,1788086895.660564,50,4.783058,1.101536
worker_2,2752,1788086895.665363,50,4.781067,1.097600
worker_2,2753,1788086895.670161,50,4.789419,1.097760
worker_2,2754,1788086895.674966,50,4.778761,1.098176
worker_2,2755,1788086895.679760,50,4.779502,1.098048
worker_2,2756,1788086895.684555,50,4.787964,1.105472
worker_2,2757,1788086895.689359,50,4.778465,1.098528
worker_2,2758,1788086895.694153,50,5.004366,1.097088
worker_2,2759,1788086895.699207,50,4.737733,1.097056
worker_2,2760,1788086895.703993,50,4.538185,1.098432
worker_2,2761,1788086895.708568,50,4.974040,1.096704
worker_2,2762,1788086895.713589,50,4.526620,1.097824
worker_2,2763,1788086895.718141,50,4.987698,1.096800
worker_2,2764,1788086895.723178,50,4.533009,1.097824
worker_2,2765,1788086895.727735,50,4.769474,1.096608
worker_2,2766,1788086895.732522,50,4.773789,1.097792
worker_2,2767,1788086895.737312,50,4.994439,1.097376
worker_2,2768,1788086895.742357,50,4.533834,1.096832
worker_2,2769,1788086895.746915,50,4.972171,1.097280
worker_2,2770,1788086895.751936,50,4.537371,1.099232
worker_2,2771,1788086895.756498,50,4.985521,1.101312
worker_2,2772,1788086895.761533,50,4.522268,1.096768
worker_2,2773,1788086895.766081,50,4.999559,1.096928
worker_2,2774,1788086895.771127,50,4.538324,1.099264
worker_2,2775,1788086895.775692,50,4.756242,1.096224
worker_2,2776,1788086895.780467,50,4.772817,1.098976
worker_2,2777,1788086895.785256,50,4.991411,1.096992
worker_2,2778,1788086895.790298,50,4.540565,1.097376
worker_2,2779,1788086895.794864,50,4.974513,1.098080
worker_2,2780,1788086895.799889,50,4.542501,1.097792
worker_2,2781,1788086895.804473,50,4.957458,1.096352
worker_2,2782,1788086895.809479,50,4.533537,1.096992
worker_2,2783,1788086895.814039,50,4.795475,1.098432
worker_2,2784,1788086895.818854,50,4.981337,1.097152
worker_2,2785,1788086895.823883,50,4.539009,1.095488
worker_2,2786,1788086895.828447,50,4.993291,1.100800
worker_2,2787,1788086895.833487,50,4.525157,1.097632
worker_2,2788,1788086895.838037,50,4.767585,1.099392
worker_2,2789,1788086895.842822,50,4.769289,1.097664
worker_2,2790,1788086895.847608,50,4.794707,1.097376
worker_2,2791,1788086895.852418,50,4.778965,1.097312
worker_2,2792,1788086895.857216,50,4.777724,1.098528
worker_2,2793,1788086895.862011,50,4.999457,1.099040
worker_2,2794,1788086895.867061,50,4.526528,1.096992
worker_2,2795,1788086895.871613,50,4.759956,1.099104
worker_2,2796,1788086895.876392,50,4.774215,1.099040
worker_2,2797,1788086895.881183,50,4.997421,1.097536
worker_2,2798,1788086895.886229,50,4.542122,1.098624
worker_2,2799,1788086895.890797,50,4.969485,1.096224
worker_2,2800,1788086895.895828,50,4.528788,1.099904
worker_2,2801,1788086895.900382,50,4.982264,1.102784
worker_2,2802,1788086895.905413,50,4.543519,1.097632
worker_2,2803,1788086895.909980,50,4.975920,1.097792
worker_2,2804,1788086895.915008,50,4.540500,1.096480
worker_2,2805,1788086895.919574,50,4.765790,1.098880
worker_2,2806,1788086895.924358,50,4.782613,1.098368
worker_2,2807,1788086895.929157,50,4.991328,1.097600
worker_2,2808,1788086895.934198,50,4.539408,1.097792
worker_2,2809,1788086895.938764,50,4.975106,1.096960
worker_2,2810,1788086895.943787,50,4.541316,1.097504
worker_2,2811,1788086895.948353,50,4.988800,1.096960
worker_2,2812,1788086895.953390,50,4.539881,1.096768
worker_2,2813,1788086895.957955,50,4.984708,1.096544
worker_2,2814,1788086895.962987,50,4.533620,1.095968
worker_2,2815,1788086895.967546,50,4.766448,1.102272
worker_2,2816,1788086895.972336,50,4.782549,1.095744
worker_2,2817,1788086895.977135,50,4.995912,1.096128
worker_2,2818,1788086895.982181,50,4.531019,1.097184
worker_2,2819,1788086895.986736,50,4.971893,1.095584
worker_2,2820,1788086895.991768,50,4.522185,1.096416
worker_2,2821,1788086895.996316,50,4.973263,1.095584
worker_2,2822,1788086896.001339,50,4.533140,1.096704
worker_2,2823,1788086896.005898,50,4.973402,1.096640
worker_2,2824,1788086896.010921,50,4.530380,1.095808
worker_2,2825,1788086896.015476,50,4.765557,1.097760
worker_2,2826,1788086896.020259,50,4.770540,1.097568
worker_2,2827,1788086896.025046,50,4.999143,1.098016
worker_2,2828,1788086896.030095,50,4.531853,1.096832
worker_2,2829,1788086896.034651,50,4.983791,1.098080
worker_2,2830,1788086896.039682,50,4.555520,1.097344
worker_2,2831,1788086896.044264,50,4.972097,1.098080
worker_2,2832,1788086896.049286,50,4.528268,1.097792
worker_2,2833,1788086896.053840,50,4.994828,1.097600
worker_2,2834,1788086896.058884,50,4.528500,1.096480
worker_2,2835,1788086896.063436,50,4.767733,1.097792
worker_2,2836,1788086896.068230,50,4.768483,1.099456
worker_2,2837,1788086896.073016,50,4.773568,1.095872
worker_2,2838,1788086896.077806,50,4.783752,1.097216
worker_2,2839,1788086896.082617,50,4.990893,1.097056
worker_2,2840,1788086896.087657,50,4.539927,1.097088
worker_2,2841,1788086896.092232,50,4.758521,1.098848
worker_2,2842,1788086896.097009,50,4.776114,1.098336
worker_2,2843,1788086896.101801,50,4.999439,1.097984
worker_2,2844,1788086896.106851,50,4.530640,1.098848
worker_2,2845,1788086896.111407,50,4.767002,1.095808
worker_2,2846,1788086896.116192,50,4.774261,1.099264
worker_2,2847,1788086896.120983,50,4.776188,1.096832
worker_2,2848,1788086896.125777,50,4.771974,1.097216
worker_2,2849,1788086896.130565,50,4.991124,1.098400
worker_2,2850,1788086896.135606,50,4.535982,1.096864
worker_2,2851,1788086896.140168,50,4.760910,1.100576
worker_2,2852,1788086896.144948,50,4.772751,1.096416
worker_2,2853,1788086896.149737,50,4.999735,1.095712
worker_2,2854,1788086896.154786,50,4.527518,1.096288
worker_2,2855,1788086896.159338,50,4.771724,1.097120
worker_2,2856,1788086896.164128,50,4.774030,1.099616
worker_2,2857,1788086896.168918,50,4.776272,1.097376
worker_2,2858,1788086896.173710,50,4.778243,1.096672
worker_2,2859,1788086896.178518,50,4.985680,1.097408
worker_2,2860,1788086896.183555,50,4.536981,1.096864
worker_2,2861,1788086896.188116,50,4.764205,1.098528
worker_2,2862,1788086896.192898,50,4.776724,1.098272
worker_2,2863,1788086896.197691,50,4.996245,1.095552
worker_2,2864,1788086896.202736,50,4.533436,1.096160
worker_2,2865,1788086896.207294,50,4.782789,1.095360
worker_2,2866,1788086896.212096,50,4.776094,1.099008
worker_2,2867,1788086896.216889,50,4.778280,1.097632
worker_2,2868,1788086896.221685,50,4.787224,1.097856
worker_2,2869,1788086896.226489,50,4.992449,1.096800
worker_2,2870,1788086896.231530,50,4.549407,1.098688
worker_2,2871,1788086896.236106,50,4.762735,1.101152
worker_2,2872,1788086896.240888,50,4.768826,1.096800
worker_2,2873,1788086896.245674,50,4.985403,1.095456
worker_2,2874,1788086896.250709,50,4.536648,1.095968
worker_2,2875,1788086896.255271,50,4.780419,1.095712
worker_2,2876,1788086896.260070,50,4.774502,1.100480
worker_2,2877,1788086896.264861,50,4.769511,1.098624
worker_2,2878,1788086896.269660,50,4.766438,1.098176
worker_2,2879,1788086896.274443,50,4.993373,1.099264
worker_2,2880,1788086896.279487,50,4.552787,1.095808
worker_2,2881,1788086896.284066,50,4.760642,1.100448
worker_2,2882,1788086896.288846,50,4.768789,1.096768
worker_2,2883,1788086896.293631,50,4.998170,1.097376
worker_2,2884,1788086896.298681,50,4.523000,1.097248
worker_2,2885,1788086896.303232,50,4.769020,1.097472
worker_2,2886,1788086896.308021,50,4.772530,1.099808
worker_2,2887,1788086896.312810,50,4.773761,1.096608
worker_2,2888,1788086896.317603,50,4.771873,1.095776
worker_2,2889,1788086896.322391,50,4.995291,1.098048
worker_2,2890,1788086896.327436,50,4.538122,1.097536
worker_2,2891,1788086896.332079,50,4.686447,1.102208
worker_2,2892,1788086896.336787,50,4.765742,1.097408
worker_2,2893,1788086896.341570,50,4.994670,1.099680
worker_2,2894,1788086896.346615,50,4.531722,1.096512
worker_2,2895,1788086896.351171,50,4.780567,1.096768
worker_2,2896,1788086896.355971,50,4.776975,1.101248
worker_2,2897,1788086896.360765,50,4.777233,1.096000
worker_2,2898,1788086896.365567,50,4.770160,1.097824
worker_2,2899,1788086896.370353,50,4.986402,1.097632
worker_2,2900,1788086896.375389,50,4.538176,1.097152
worker_2,2901,1788086896.379954,50,4.768317,1.097664
worker_2,2902,1788086896.384742,50,4.774086,1.096736
worker_2,2903,1788086896.389532,50,4.993078,1.096736
worker_2,2904,1788086896.394575,50,4.529286,1.097056
worker_2,2905,1788086896.399129,50,4.765346,1.098528
worker_2,2906,1788086896.403913,50,4.772539,1.097696
worker_2,2907,1788086896.408703,50,4.767641,1.099232
worker_2,2908,1788086896.413480,50,4.969050,1.095904
worker_2,2909,1788086896.418488,50,4.578686,1.098336
worker_2,2910,1788086896.423091,50,4.985254,1.097600
worker_2,2911,1788086896.428126,50,4.541343,1.098496
worker_2,2912,1788086896.432693,50,4.969689,1.096672
worker_2,2913,1788086896.437713,50,4.539547,1.096288
worker_2,2914,1788086896.442279,50,4.973522,1.096992
worker_2,2915,1788086896.447303,50,4.535825,1.096320
worker_2,2916,1788086896.451865,50,4.772845,1.104832
worker_2,2917,1788086896.456674,50,4.752743,1.098080
worker_2,2918,1788086896.461444,50,4.989078,1.096544
worker_2,2919,1788086896.466482,50,4.545574,1.099104
worker_2,2920,1788086896.471053,50,4.969771,1.097664
worker_2,2921,1788086896.476071,50,4.548546,1.103232
worker_2,2922,1788086896.480645,50,4.968495,1.097632
worker_2,2923,1788086896.485662,50,4.546584,1.098464
worker_2,2924,1788086896.490234,50,4.966911,1.098112
worker_2,2925,1788086896.495247,50,4.554936,1.095936
worker_2,2926,1788086896.499826,50,4.764446,1.099264
worker_2,2927,1788086896.504610,50,4.771455,1.096608
worker_2,2928,1788086896.509398,50,4.831513,1.095296
worker_2,2929,1788086896.514278,50,4.710575,1.098016
worker_2,2930,1788086896.519016,50,4.965726,1.096416
worker_2,2931,1788086896.524032,50,4.545537,1.098944
worker_2,2932,1788086896.528604,50,4.970809,1.101600
worker_2,2933,1788086896.533624,50,4.542694,1.098560
worker_2,2934,1788086896.538192,50,4.777160,1.098400
worker_2,2935,1788086896.542988,50,4.985245,1.096768
worker_2,2936,1788086896.548022,50,4.544630,1.098688
worker_2,2937,1788086896.552608,50,4.961448,1.099744
worker_2,2938,1788086896.557619,50,4.533278,1.097760
worker_2,2939,1788086896.562177,50,4.970235,1.099104
worker_2,2940,1788086896.567199,50,4.547992,1.097696
worker_2,2941,1788086896.571771,50,4.770076,1.100320
worker_2,2942,1788086896.576561,50,4.776198,1.096512
worker_2,2943,1788086896.581355,50,4.998838,1.095840
worker_2,2944,1788086896.586403,50,4.522724,1.096064
worker_2,2945,1788086896.590952,50,4.976254,1.097280
worker_2,2946,1788086896.595979,50,4.535862,1.098880
worker_2,2947,1788086896.600540,50,4.983791,1.098112
worker_2,2948,1788086896.605573,50,4.534564,1.098336
worker_2,2949,1788086896.610133,50,4.982606,1.099168
worker_2,2950,1788086896.615164,50,4.533667,1.096512
worker_2,2951,1788086896.619722,50,4.769438,1.097824
worker_2,2952,1788086896.624511,50,4.773549,1.098720
worker_2,2953,1788086896.629303,50,4.985078,1.096192
worker_2,2954,1788086896.634340,50,4.538584,1.098112
worker_2,2955,1788086896.638907,50,4.971995,1.096704
worker_2,2956,1788086896.643941,50,4.530852,1.101632
worker_2,2957,1788086896.648499,50,4.983828,1.098336
worker_2,2958,1788086896.653533,50,4.540482,1.097792
worker_2,2959,1788086896.658099,50,4.974699,1.097280
worker_2,2960,1788086896.663123,50,4.540101,1.096800
worker_2,2961,1788086896.667689,50,4.761947,1.098240
worker_2,2962,1788086896.672470,50,4.792279,1.098080
worker_2,2963,1788086896.677279,50,4.997865,1.098912
worker_2,2964,1788086896.682327,50,4.535501,1.097632
worker_2,2965,1788086896.686890,50,4.971365,1.096832
worker_2,2966,1788086896.691909,50,4.553177,1.108416
worker_2,2967,1788086896.696492,50,4.984911,1.096032
worker_2,2968,1788086896.701527,50,4.533409,1.096512
worker_2,2969,1788086896.706086,50,4.972940,1.097792
worker_2,2970,1788086896.711108,50,4.539788,1.097216
worker_2,2971,1788086896.715673,50,4.768030,1.102592
worker_2,2972,1788086896.720461,50,4.779585,1.095520
worker_2,2973,1788086896.725260,50,4.781151,1.097600
worker_2,2974,1788086896.730058,50,4.773974,1.099168
worker_2,2975,1788086896.734848,50,4.775965,1.096128
worker_2,2976,1788086896.739643,50,4.790021,1.101280
worker_2,2977,1788086896.744450,50,4.785205,1.096704
worker_2,2978,1788086896.749251,50,4.776911,1.098112
worker_2,2979,1788086896.754044,50,4.791252,1.100128
worker_2,2980,1788086896.758853,50,4.777373,1.097760
worker_2,2981,1788086896.763646,50,4.776530,1.096096
worker_2,2982,1788086896.768438,50,4.783114,1.098240
worker_2,2983,1788086896.773238,50,4.774002,1.096864
worker_2,2984,1788086896.778028,50,4.793161,1.096640
worker_2,2985,1788086896.782837,50,4.773364,1.098464
worker_2,2986,1788086896.787627,50,4.796735,1.103520
worker_2,2987,1788086896.792439,50,4.784530,1.099520
worker_2,2988,1788086896.797239,50,4.777039,1.097728
worker_2,2989,1788086896.802031,50,4.777242,1.099360
worker_2,2990,1788086896.806823,50,4.778668,1.097344
worker_2,2991,1788086896.811616,50,4.783770,1.100096
worker_2,2992,1788086896.816416,50,4.782059,1.098048
worker_2,2993,1788086896.821213,50,4.992735,1.097792
worker_2,2994,1788086896.826257,50,4.741224,1.096928
worker_2,2995,1788086896.831056,50,4.738910,1.097088
worker_2,2996,1788086896.835844,50,4.757752,1.095840
worker_2,2997,1788086896.840651,50,4.525416,1.097312
worker_2,2998,1788086896.845201,50,4.766076,1.095744
worker_2,2999,1788086896.849987,50,4.774094,1.097760
worker_2,3000,1788086896.854778,50,4.778029,1.098016
worker_2,3001,1788086896.859572,50,4.779846,1.099680
worker_2,3002,1788086896.864369,50,4.778020,1.097376
worker_2,3003,1788086896.869163,50,4.776835,1.097824
worker_2,3004,1788086896.873954,50,4.777818,1.098112
worker_2,3005,1788086896.878748,50,4.781410,1.098880
worker_2,3006,1788086896.883546,50,4.776372,1.096832
worker_2,3007,1788086896.888338,50,4.777122,1.098720
worker_2,3008,1788086896.893131,50,4.775928,1.098048
worker_2,3009,1788086896.897923,50,4.776309,1.096704
worker_2,3010,1788086896.902715,50,4.790409,1.099456
worker_2,3011,1788086896.907521,50,4.779568,1.097440
worker_2,3012,1788086896.912317,50,4.776743,1.096384
worker_2,3013,1788086896.917109,50,4.782253,1.097792
worker_2,3014,1788086896.921907,50,4.779049,1.096704
worker_2,3015,1788086896.926708,50,4.978338,1.095968
worker_2,3016,1788086896.931736,50,4.750743,1.099520
worker_2,3017,1788086896.936536,50,4.737473,1.096896
worker_2,3018,1788086896.941322,50,4.550259,1.096288
worker_2,3019,1788086896.945902,50,4.753483,1.097120
worker_2,3020,1788086896.950674,50,4.777928,1.099008
worker_2,3021,1788086896.955469,50,4.775503,1.098560
worker_2,3022,1788086896.960262,50,4.782632,1.097408
worker_2,3023,1788086896.965062,50,4.777956,1.097088
worker_2,3024,1788086896.969856,50,4.777122,1.097280
worker_2,3025,1788086896.974648,50,4.775687,1.096928
worker_2,3026,1788086896.979439,50,4.784346,1.098368
worker_2,3027,1788086896.984240,50,4.772808,1.098880
worker_2,3028,1788086896.989028,50,4.791114,1.097184
worker_2,3029,1788086896.993835,50,4.775067,1.097472
worker_2,3030,1788086896.998625,50,4.777623,1.096864
worker_2,3031,1788086897.003418,50,4.786485,1.096384
worker_2,3032,1788086897.008229,50,4.769604,1.096800
worker_2,3033,1788086897.013015,50,4.777076,1.097792
worker_2,3034,1788086897.017816,50,4.770261,1.097184
worker_2,3035,1788086897.022601,50,4.777631,1.095872
worker_2,3036,1788086897.027394,50,4.776410,1.096384
worker_2,3037,1788086897.032187,50,4.773872,1.098112
worker_2,3038,1788086897.036976,50,5.007105,1.102048
worker_2,3039,1788086897.042038,50,4.736825,1.098880
worker_2,3040,1788086897.046823,50,4.777642,1.096192
worker_2,3041,1788086897.051649,50,4.507796,1.098496
worker_2,3042,1788086897.056270,50,4.884243,1.099904
worker_2,3043,1788086897.061203,50,4.539816,1.099424
worker_2,3044,1788086897.065769,50,4.968930,1.096448
worker_2,3045,1788086897.070788,50,4.536316,1.095360
worker_2,3046,1788086897.075348,50,4.761808,1.096480
worker_2,3047,1788086897.080128,50,4.774835,1.097568
worker_2,3048,1788086897.084919,50,4.787604,1.099744
worker_2,3049,1788086897.089723,50,4.777307,1.097472
worker_2,3050,1788086897.094516,50,4.988263,1.096416
worker_2,3051,1788086897.099555,50,4.536640,1.096160
worker_2,3052,1788086897.104117,50,4.764224,1.098592
worker_2,3053,1788086897.108899,50,4.778197,1.102944
worker_2,3054,1788086897.113710,50,5.019865,1.097024
worker_2,3055,1788086897.118780,50,4.496027,1.098528
worker_2,3056,1788086897.123301,50,4.783076,1.096608
worker_2,3057,1788086897.128103,50,4.780466,1.099232
worker_2,3058,1788086897.132900,50,4.774039,1.097824
worker_2,3059,1788086897.137692,50,4.777437,1.098048
worker_2,3060,1788086897.142486,50,4.988643,1.096096
worker_2,3061,1788086897.147527,50,4.535074,1.096064
worker_2,3062,1788086897.152087,50,4.771529,1.098336
worker_2,3063,1788086897.156877,50,4.772400,1.096480
worker_2,3064,1788086897.161666,50,4.984217,1.097664
worker_2,3065,1788086897.166699,50,4.542324,1.095744
worker_2,3066,1788086897.171267,50,4.762809,1.097280
worker_2,3067,1788086897.176048,50,4.768799,1.098176
worker_2,3068,1788086897.180833,50,4.772631,1.096384
worker_2,3069,1788086897.185622,50,4.778159,1.098624
worker_2,3070,1788086897.190416,50,4.987022,1.096928
worker_2,3071,1788086897.195453,50,4.539815,1.096032
worker_2,3072,1788086897.200019,50,4.753427,1.100192
worker_2,3073,1788086897.204787,50,4.785011,1.095808
worker_2,3074,1788086897.209590,50,4.987263,1.098816
worker_2,3075,1788086897.214627,50,4.540602,1.098112
worker_2,3076,1788086897.219193,50,4.775900,1.098720
worker_2,3077,1788086897.223988,50,4.770780,1.098400
worker_2,3078,1788086897.228776,50,4.787076,1.098944
worker_2,3079,1788086897.233579,50,4.779568,1.097984
worker_2,3080,1788086897.238374,50,4.993578,1.097504
worker_2,3081,1788086897.243418,50,4.537121,1.097568
worker_2,3082,1788086897.247983,50,4.765011,1.098784
worker_2,3083,1788086897.252766,50,4.768539,1.096704
worker_2,3084,1788086897.257552,50,4.987217,1.095744
worker_2,3085,1788086897.262591,50,4.530898,1.096480
worker_2,3086,1788086897.267146,50,4.765104,1.097120
worker_2,3087,1788086897.271930,50,4.781345,1.105024
worker_2,3088,1788086897.276728,50,4.773122,1.098496
worker_2,3089,1788086897.281517,50,4.777781,1.097632
worker_2,3090,1788086897.286310,50,4.991976,1.098048
worker_2,3091,1788086897.291352,50,4.532000,1.097728
worker_2,3092,1788086897.295909,50,4.765853,1.099840
worker_2,3093,1788086897.300707,50,4.760668,1.096896
worker_2,3094,1788086897.305486,50,4.991977,1.097536
worker_2,3095,1788086897.310527,50,4.532407,1.097536
worker_2,3096,1788086897.315084,50,4.979596,1.096832
worker_2,3097,1788086897.320111,50,4.533102,1.102240
worker_2,3098,1788086897.324668,50,4.970318,1.097184
worker_2,3099,1788086897.329687,50,4.542002,1.098112
worker_2,3100,1788086897.334254,50,4.777715,1.096416
worker_2,3101,1788086897.339053,50,4.768530,1.098688
worker_2,3102,1788086897.343839,50,4.771363,1.095776
worker_2,3103,1788086897.348628,50,4.775512,1.102432
worker_2,3104,1788086897.353420,50,4.778002,1.097440
worker_2,3105,1788086897.358213,50,4.783233,1.096800
worker_2,3106,1788086897.363014,50,4.779076,1.097312
worker_2,3107,1788086897.367813,50,4.769678,1.097760
worker_2,3108,1788086897.372600,50,4.774039,1.096192
worker_2,3109,1788086897.377389,50,4.779448,1.097120
worker_2,3110,1788086897.382183,50,4.771233,1.095840
worker_2,3111,1788086897.386969,50,4.775391,1.098016
worker_2,3112,1788086897.391773,50,4.767114,1.097792
worker_2,3113,1788086897.396556,50,4.795956,1.103936
worker_2,3114,1788086897.401372,50,4.763511,1.097536
worker_2,3115,1788086897.406155,50,4.793512,1.096896
worker_2,3116,1788086897.410965,50,4.769502,1.096608
worker_2,3117,1788086897.415751,50,4.774891,1.098080
worker_2,3118,1788086897.420544,50,4.774531,1.096352
worker_2,3119,1788086897.425334,50,4.774807,1.096224
worker_2,3120,1788086897.430125,50,4.984995,1.096224
worker_2,3121,1788086897.435161,50,4.746058,1.097984
worker_2,3122,1788086897.439953,50,4.751104,1.098976
worker_2,3123,1788086897.444751,50,4.750103,1.096608
worker_2,3124,1788086897.449547,50,4.543250,1.095456
worker_2,3125,1788086897.454116,50,4.972763,1.095424
worker_2,3126,1788086897.459136,50,4.538574,1.097600
worker_2,3127,1788086897.463701,50,4.765474,1.098048
worker_2,3128,1788086897.468486,50,4.781651,1.096160
worker_2,3129,1788086897.473284,50,4.990560,1.096384
worker_2,3130,1788086897.478323,50,4.549362,1.098336
worker_2,3131,1788086897.482898,50,4.993643,1.096480
worker_2,3132,1788086897.487953,50,4.507176,1.096160
worker_2,3133,1788086897.492485,50,4.974513,1.099616
worker_2,3134,1788086897.497509,50,4.539157,1.097184
worker_2,3135,1788086897.502077,50,4.987393,1.099392
worker_2,3136,1788086897.507114,50,4.537583,1.095744
worker_2,3137,1788086897.511676,50,4.774392,1.100800
worker_2,3138,1788086897.516469,50,4.791428,1.096576
worker_2,3139,1788086897.521281,50,4.768911,1.096512
worker_2,3140,1788086897.526073,50,4.795428,1.096832
worker_2,3141,1788086897.530887,50,4.785429,1.098816
worker_2,3142,1788086897.535689,50,4.776289,1.097664
worker_2,3143,1788086897.540480,50,4.789105,1.101792
worker_2,3144,1788086897.545293,50,4.764567,1.097952
worker_2,3145,1788086897.550077,50,4.975403,1.095968
worker_2,3146,1788086897.555099,50,4.542574,1.095744
worker_2,3147,1788086897.559668,50,4.781372,1.097728
worker_2,3148,1788086897.564468,50,4.793410,1.099136
worker_2,3149,1788086897.569278,50,4.987569,1.096736
worker_2,3150,1788086897.574319,50,4.550047,1.098272
worker_2,3151,1788086897.578912,50,4.951495,1.095872
worker_2,3152,1788086897.583912,50,4.539213,1.098400
worker_2,3153,1788086897.588476,50,4.985949,1.100544
worker_2,3154,1788086897.593512,50,4.532825,1.095744
worker_2,3155,1788086897.598071,50,4.971781,1.097088
worker_2,3156,1788086897.603091,50,4.532630,1.097088
worker_2,3157,1788086897.607649,50,4.759382,1.096864
worker_2,3158,1788086897.612426,50,4.778066,1.102240
worker_2,3159,1788086897.617220,50,4.991115,1.098304
worker_2,3160,1788086897.622262,50,4.537556,1.096704
worker_2,3161,1788086897.626824,50,4.977596,1.097824
worker_2,3162,1788086897.631850,50,4.537547,1.096352
worker_2,3163,1788086897.636414,50,4.976050,1.097184
worker_2,3164,1788086897.641438,50,4.530306,1.095552
worker_2,3165,1788086897.645994,50,4.987808,1.096864
worker_2,3166,1788086897.651029,50,4.536806,1.096448
worker_2,3167,1788086897.655591,50,4.764984,1.099456
worker_2,3168,1788086897.660374,50,4.774835,1.097376
worker_2,3169,1788086897.665164,50,5.001957,1.095744
worker_2,3170,1788086897.670218,50,4.524954,1.096256
worker_2,3171,1788086897.674783,50,4.959106,1.096864
worker_2,3172,1788086897.679790,50,4.538270,1.097792
worker_2,3173,1788086897.684353,50,4.977800,1.100352
worker_2,3174,1788086897.689379,50,4.542870,1.098048
worker_2,3175,1788086897.693946,50,4.979930,1.097280
worker_2,3176,1788086897.698976,50,4.530074,1.097504
worker_2,3177,1788086897.703532,50,4.772104,1.098560
worker_2,3178,1788086897.708322,50,4.778280,1.098144
worker_2,3179,1788086897.713116,50,4.989875,1.097504
worker_2,3180,1788086897.718157,50,4.546148,1.099904
worker_2,3181,1788086897.722728,50,4.976355,1.097888
worker_2,3182,1788086897.727755,50,4.535398,1.099328
worker_2,3183,1788086897.732316,50,5.021866,1.098304
worker_2,3184,1788086897.737386,50,4.505417,1.096864
worker_2,3185,1788086897.741917,50,4.976865,1.096224
worker_2,3186,1788086897.746942,50,4.535296,1.097376
worker_2,3187,1788086897.751502,50,4.777585,1.101792
worker_2,3188,1788086897.756298,50,4.777225,1.097088
worker_2,3189,1788086897.761091,50,4.992133,1.098048
worker_2,3190,1788086897.766146,50,4.533407,1.096512
worker_2,3191,1788086897.770706,50,4.970707,1.096544
worker_2,3192,1788086897.775728,50,4.537583,1.096256
worker_2,3193,1788086897.780368,50,4.895716,1.097856
worker_2,3194,1788086897.785313,50,4.538564,1.096288
worker_2,3195,1788086897.789879,50,4.971402,1.096160
worker_2,3196,1788086897.794900,50,4.534898,1.098240
worker_2,3197,1788086897.799461,50,4.765252,1.096800
worker_2,3198,1788086897.804246,50,4.775855,1.102816
worker_2,3199,1788086897.809039,50,4.773391,1.098240
worker_2,3200,1788086897.813829,50,4.779789,1.098816
worker_2,3201,1788086897.818626,50,4.986300,1.097664
worker_2,3202,1788086897.823663,50,4.530963,1.097216
worker_2,3203,1788086897.828225,50,4.761677,1.097792
worker_2,3204,1788086897.833006,50,4.785576,1.098528
worker_2,3205,1788086897.837807,50,4.997624,1.097248
worker_2,3206,1788086897.842854,50,4.527750,1.096512
worker_2,3207,1788086897.847408,50,4.766326,1.097248
worker_2,3208,1788086897.852193,50,4.778392,1.098944
worker_2,3209,1788086897.856990,50,4.767798,1.096288
worker_2,3210,1788086897.861788,50,4.769661,1.098912
worker_2,3211,1788086897.866573,50,4.993004,1.095616
worker_2,3212,1788086897.871615,50,4.542057,1.096192
worker_2,3213,1788086897.876184,50,4.762938,1.098496
worker_2,3214,1788086897.880965,50,4.773039,1.097728
worker_2,3215,1788086897.885755,50,5.018718,1.096448
worker_2,3216,1788086897.890825,50,4.509537,1.097792
worker_2,3217,1788086897.895364,50,4.755272,1.097792
worker_2,3218,1788086897.900138,50,4.771974,1.096544
worker_2,3219,1788086897.904927,50,4.780854,1.096640
worker_2,3220,1788086897.909725,50,4.776715,1.096288
worker_2,3221,1788086897.914516,50,4.992162,1.098880
worker_2,3222,1788086897.919559,50,4.529529,1.096096
worker_2,3223,1788086897.924116,50,4.758798,1.098368
worker_2,3224,1788086897.928886,50,4.796613,1.105056
worker_2,3225,1788086897.933700,50,4.983661,1.097216
worker_2,3226,1788086897.938734,50,4.539685,1.097600
worker_2,3227,1788086897.943300,50,4.767077,1.099392
worker_2,3228,1788086897.948086,50,4.778863,1.096768
worker_2,3229,1788086897.952892,50,4.777354,1.101920
worker_2,3230,1788086897.957686,50,4.776132,1.097088
worker_2,3231,1788086897.962479,50,4.991809,1.096832
worker_2,3232,1788086897.967520,50,4.535000,1.097344
worker_2,3233,1788086897.972083,50,4.760076,1.097824
worker_2,3234,1788086897.976862,50,4.786577,1.096288
worker_2,3235,1788086897.981666,50,4.990902,1.095456
worker_2,3236,1788086897.986708,50,4.535630,1.096992
worker_2,3237,1788086897.991270,50,4.763743,1.097120
worker_2,3238,1788086897.996054,50,4.769557,1.097792
worker_2,3239,1788086898.000840,50,4.802770,1.105664
worker_2,3240,1788086898.005660,50,4.776374,1.097440
worker_2,3241,1788086898.010452,50,4.994189,1.097952
worker_2,3242,1788086898.015498,50,4.536000,1.098464
worker_2,3243,1788086898.020062,50,4.769890,1.101216
worker_2,3244,1788086898.024851,50,4.791493,1.098496
worker_2,3245,1788086898.029661,50,4.983124,1.096416
worker_2,3246,1788086898.034694,50,4.540186,1.096256
worker_2,3247,1788086898.039261,50,4.804253,1.097824
worker_2,3248,1788086898.044086,50,4.775122,1.099520
worker_2,3249,1788086898.048888,50,4.760844,1.096832
worker_2,3250,1788086898.053666,50,4.777113,1.097184
worker_2,3251,1788086898.058458,50,4.997106,1.097024
worker_2,3252,1788086898.063505,50,4.561537,1.099104
worker_2,3253,1788086898.068092,50,4.759076,1.098752
worker_2,3254,1788086898.072870,50,4.771864,1.097728
worker_2,3255,1788086898.077658,50,5.005068,1.095968
worker_2,3256,1788086898.082712,50,4.524667,1.099008
worker_2,3257,1788086898.087261,50,4.790094,1.096096
worker_2,3258,1788086898.092068,50,4.774392,1.101440
worker_2,3259,1788086898.096859,50,4.777659,1.099392
worker_2,3260,1788086898.101653,50,4.775012,1.097728
worker_2,3261,1788086898.106443,50,5.002560,1.098336
worker_2,3262,1788086898.111495,50,4.552029,1.097408
worker_2,3263,1788086898.116071,50,4.767409,1.100960
worker_2,3264,1788086898.120856,50,4.776003,1.097824
worker_2,3265,1788086898.125649,50,4.999477,1.096960
worker_2,3266,1788086898.130699,50,4.519685,1.096064
worker_2,3267,1788086898.135243,50,4.761938,1.096096
worker_2,3268,1788086898.140035,50,4.762030,1.098560
worker_2,3269,1788086898.144816,50,4.786928,1.103872
worker_2,3270,1788086898.149620,50,4.777743,1.099040
worker_2,3271,1788086898.154414,50,4.985180,1.097440
worker_2,3272,1788086898.159451,50,4.537138,1.097376
worker_2,3273,1788086898.164014,50,4.773049,1.105472
worker_2,3274,1788086898.168807,50,4.780039,1.097376
worker_2,3275,1788086898.173606,50,4.985689,1.095680
worker_2,3276,1788086898.178642,50,4.539398,1.097824
worker_2,3277,1788086898.183207,50,4.760076,1.096832
worker_2,3278,1788086898.187986,50,4.786094,1.099520
worker_2,3279,1788086898.192790,50,4.783614,1.097888
worker_2,3280,1788086898.197589,50,4.774622,1.097248
worker_2,3281,1788086898.202380,50,4.986476,1.097056
worker_2,3282,1788086898.207417,50,4.541047,1.097888
worker_2,3283,1788086898.211984,50,4.769809,1.097056
worker_2,3284,1788086898.216772,50,4.782040,1.098624
worker_2,3285,1788086898.221573,50,4.985513,1.098464
worker_2,3286,1788086898.226608,50,4.540315,1.096672
worker_2,3287,1788086898.231175,50,4.761151,1.096928
worker_2,3288,1788086898.235969,50,4.763225,1.095776
worker_2,3289,1788086898.240751,50,4.785465,1.103872
worker_2,3290,1788086898.245553,50,4.773031,1.098112
worker_2,3291,1788086898.250342,50,4.989171,1.095520
worker_2,3292,1788086898.255380,50,4.535556,1.097536
worker_2,3293,1788086898.259941,50,4.764456,1.097792
worker_2,3294,1788086898.264724,50,4.796447,1.108608
worker_2,3295,1788086898.269536,50,4.989763,1.097760
worker_2,3296,1788086898.274576,50,4.540603,1.095488
worker_2,3297,1788086898.279142,50,4.757900,1.096416
worker_2,3298,1788086898.283921,50,4.772428,1.097056
worker_2,3299,1788086898.288710,50,4.775540,1.102752
worker_2,3300,1788086898.293503,50,4.774854,1.097888
worker_2,3301,1788086898.298297,50,4.771003,1.098176
worker_2,3302,1788086898.303084,50,4.778724,1.097504
worker_2,3303,1788086898.307879,50,4.776327,1.096224
worker_2,3304,1788086898.312671,50,4.771492,1.098208
worker_2,3305,1788086898.317459,50,4.987893,1.097408
worker_2,3306,1788086898.322497,50,4.540102,1.098976
worker_2,3307,1788086898.327075,50,4.965532,1.097120
worker_2,3308,1788086898.332089,50,4.543075,1.097984
worker_2,3309,1788086898.336658,50,4.987188,1.098752
worker_2,3310,1788086898.341694,50,4.523093,1.099232
worker_2,3311,1788086898.346242,50,4.980875,1.098976
worker_2,3312,1788086898.351271,50,4.531139,1.096896
worker_2,3313,1788086898.355827,50,4.766790,1.096384
worker_2,3314,1788086898.360613,50,4.784225,1.101824
worker_2,3315,1788086898.365414,50,5.004476,1.097632
worker_2,3316,1788086898.370468,50,4.532177,1.097472
worker_2,3317,1788086898.375024,50,4.980865,1.098048
worker_2,3318,1788086898.380052,50,4.542168,1.098016
worker_2,3319,1788086898.384620,50,4.968152,1.097312
worker_2,3320,1788086898.389637,50,4.543316,1.098208
worker_2,3321,1788086898.394207,50,5.019662,1.103904
worker_2,3322,1788086898.399276,50,4.496676,1.098464
worker_2,3323,1788086898.403798,50,4.758668,1.096672
worker_2,3324,1788086898.408575,50,4.772910,1.099456
worker_2,3325,1788086898.413364,50,4.788947,1.099008
worker_2,3326,1788086898.418169,50,4.775446,1.097696
worker_2,3327,1788086898.422972,50,4.763160,1.096288
worker_2,3328,1788086898.427752,50,4.782474,1.096832
worker_2,3329,1788086898.432550,50,4.779817,1.097280
worker_2,3330,1788086898.437345,50,4.779113,1.099136
worker_2,3331,1788086898.442140,50,4.791928,1.098848
worker_2,3332,1788086898.446947,50,4.778650,1.098944
worker_2,3333,1788086898.451742,50,4.779317,1.097440
worker_2,3334,1788086898.456537,50,4.781068,1.099840
worker_2,3335,1788086898.461333,50,4.781382,1.096608
worker_2,3336,1788086898.466129,50,4.785114,1.100352
worker_2,3337,1788086898.470929,50,4.781706,1.097792
worker_2,3338,1788086898.475726,50,4.783179,1.096992
worker_2,3339,1788086898.480524,50,4.775752,1.097024
worker_2,3340,1788086898.485315,50,4.777687,1.097568
worker_2,3341,1788086898.490109,50,4.785483,1.098304
worker_2,3342,1788086898.494910,50,4.789261,1.099200
worker_2,3343,1788086898.499719,50,4.980124,1.096448
worker_2,3344,1788086898.504826,50,4.679039,1.106432
worker_2,3345,1788086898.509552,50,4.747974,1.096160
worker_2,3346,1788086898.514361,50,4.525250,1.096800
worker_2,3347,1788086898.518912,50,4.976569,1.097920
worker_2,3348,1788086898.523937,50,4.534640,1.095552
worker_2,3349,1788086898.528497,50,4.975069,1.097376
worker_2,3350,1788086898.533521,50,4.541242,1.097792
worker_2,3351,1788086898.538087,50,4.777881,1.098624
worker_2,3352,1788086898.542884,50,4.984948,1.097216
worker_2,3353,1788086898.547919,50,4.538111,1.100288
worker_2,3354,1788086898.552483,50,4.998578,1.099520
worker_2,3355,1788086898.557530,50,4.542371,1.096288
worker_2,3356,1788086898.562101,50,4.960069,1.097664
worker_2,3357,1788086898.567109,50,4.542565,1.097792
worker_2,3358,1788086898.571676,50,4.756956,1.096384
worker_2,3359,1788086898.576453,50,4.764410,1.097728
worker_2,3360,1788086898.581231,50,4.968438,1.098272
worker_2,3361,1788086898.586238,50,4.565379,1.096544
worker_2,3362,1788086898.590826,50,4.966475,1.097312
worker_2,3363,1788086898.595836,50,4.557167,1.100320
worker_2,3364,1788086898.600419,50,4.972077,1.097472
worker_2,3365,1788086898.605438,50,4.546519,1.097888
worker_2,3366,1788086898.610025,50,4.952513,1.097248
worker_2,3367,1788086898.615026,50,4.541231,1.099264
worker_2,3368,1788086898.619595,50,4.757215,1.096800
worker_2,3369,1788086898.624371,50,4.768614,1.097760
worker_2,3370,1788086898.629157,50,4.986707,1.097824
worker_2,3371,1788086898.634192,50,4.535177,1.097312
worker_2,3372,1788086898.638752,50,4.942633,1.096416
worker_2,3373,1788086898.643728,50,4.726770,1.097760
worker_2,3374,1788086898.648476,50,4.769928,1.096960
worker_2,3375,1788086898.653269,50,4.627399,1.097728
worker_2,3376,1788086898.657917,50,4.902614,1.096576
worker_2,3377,1788086898.662837,50,4.653253,1.098368
worker_2,3378,1788086898.667506,50,4.762234,1.098304
worker_2,3379,1788086898.672286,50,4.778169,1.096960
worker_2,3380,1788086898.677079,50,4.774132,1.096352
worker_2,3381,1788086898.681869,50,4.780298,1.098560
worker_2,3382,1788086898.686664,50,4.776670,1.096416
worker_2,3383,1788086898.691457,50,4.777864,1.098208
worker_2,3384,1788086898.696252,50,4.766826,1.099136
worker_2,3385,1788086898.701043,50,4.778382,1.096064
worker_2,3386,1788086898.705837,50,4.783123,1.098208
worker_2,3387,1788086898.710635,50,4.779539,1.097888
worker_2,3388,1788086898.715430,50,4.777215,1.096960
worker_2,3389,1788086898.720227,50,4.772170,1.098976
worker_2,3390,1788086898.725016,50,4.775511,1.096800
worker_2,3391,1788086898.729804,50,4.996134,1.095936
worker_2,3392,1788086898.734847,50,4.532148,1.097024
worker_2,3393,1788086898.739406,50,4.776317,1.097280
worker_2,3394,1788086898.744204,50,4.781521,1.098048
worker_2,3395,1788086898.749003,50,4.780225,1.100736
worker_2,3396,1788086898.753801,50,4.771947,1.095744
worker_2,3397,1788086898.758589,50,4.996032,1.096992
worker_2,3398,1788086898.763635,50,4.522927,1.096256
worker_2,3399,1788086898.768183,50,4.766678,1.100864
worker_2,3400,1788086898.772968,50,4.772567,1.098368
worker_2,3401,1788086898.777757,50,4.995690,1.096416
worker_2,3402,1788086898.782801,50,4.528315,1.096928
worker_2,3403,1788086898.787355,50,4.771650,1.097280
worker_2,3404,1788086898.792145,50,4.771752,1.099424
worker_2,3405,1788086898.796945,50,4.762613,1.097760
worker_2,3406,1788086898.801724,50,4.774659,1.096480
worker_2,3407,1788086898.806515,50,5.031624,1.096832
worker_2,3408,1788086898.811598,50,4.498186,1.096160
worker_2,3409,1788086898.816120,50,4.766299,1.103904
worker_2,3410,1788086898.820905,50,4.769789,1.097856
worker_2,3411,1788086898.825692,50,5.000644,1.097760
worker_2,3412,1788086898.830740,50,4.535472,1.096672
worker_2,3413,1788086898.835301,50,4.763114,1.098208
worker_2,3414,1788086898.840083,50,4.776160,1.098400
worker_2,3415,1788086898.844876,50,4.791948,1.103584
worker_2,3416,1788086898.849684,50,4.782540,1.097824
worker_2,3417,1788086898.854482,50,5.041764,1.098976
worker_2,3418,1788086898.859574,50,4.486843,1.096800
worker_2,3419,1788086898.864086,50,4.770613,1.098944
worker_2,3420,1788086898.868878,50,4.783502,1.102176
worker_2,3421,1788086898.873679,50,4.994106,1.098048
worker_2,3422,1788086898.878722,50,4.541676,1.097824
worker_2,3423,1788086898.883290,50,4.758771,1.096480
worker_2,3424,1788086898.888073,50,4.771567,1.100768
worker_2,3425,1788086898.892862,50,4.791484,1.109024
worker_2,3426,1788086898.897670,50,4.777735,1.099072
worker_2,3427,1788086898.902465,50,4.996393,1.096992
worker_2,3428,1788086898.907511,50,4.543788,1.095360
worker_2,3429,1788086898.912079,50,4.762669,1.098400
worker_2,3430,1788086898.916859,50,4.775318,1.097632
worker_2,3431,1788086898.921652,50,4.996263,1.097696
worker_2,3432,1788086898.926698,50,4.527593,1.097120
worker_2,3433,1788086898.931250,50,4.793178,1.097312
worker_2,3434,1788086898.936062,50,4.771013,1.095904
worker_2,3435,1788086898.940849,50,4.777224,1.098016
worker_2,3436,1788086898.945643,50,4.775150,1.095744
worker_2,3437,1788086898.950434,50,4.988903,1.096224
worker_2,3438,1788086898.955473,50,4.549861,1.095296
worker_2,3439,1788086898.960047,50,4.764354,1.096544
worker_2,3440,1788086898.964830,50,4.804892,1.105888
worker_2,3441,1788086898.969652,50,4.983976,1.097088
worker_2,3442,1788086898.974686,50,4.533659,1.098016
worker_2,3443,1788086898.979245,50,4.761937,1.097792
worker_2,3444,1788086898.984037,50,4.767364,1.100800
worker_2,3445,1788086898.988822,50,4.770928,1.099200
worker_2,3446,1788086898.993608,50,4.774706,1.098240
worker_2,3447,1788086898.998398,50,4.989597,1.097408
worker_2,3448,1788086899.003439,50,4.535870,1.096832
worker_2,3449,1788086899.008000,50,4.769752,1.096832
worker_2,3450,1788086899.012789,50,4.782549,1.102304
worker_2,3451,1788086899.017589,50,4.989819,1.097376
worker_2,3452,1788086899.022630,50,4.530861,1.095744
worker_2,3453,1788086899.027186,50,4.762947,1.097344
worker_2,3454,1788086899.031968,50,4.772317,1.096448
worker_2,3455,1788086899.036757,50,4.793011,1.105984
worker_2,3456,1788086899.041566,50,4.775631,1.097792
worker_2,3457,1788086899.046357,50,4.994911,1.098304
worker_2,3458,1788086899.051404,50,4.531824,1.098176
worker_2,3459,1788086899.055960,50,4.766048,1.097216
worker_2,3460,1788086899.060745,50,4.790864,1.111936
worker_2,3461,1788086899.065552,50,4.979578,1.097824
worker_2,3462,1788086899.070581,50,4.539751,1.097248
worker_2,3463,1788086899.075159,50,4.749826,1.097824
worker_2,3464,1788086899.079930,50,4.775270,1.095712
worker_2,3465,1788086899.084723,50,4.806437,1.117216
worker_2,3466,1788086899.089546,50,4.773170,1.096256
worker_2,3467,1788086899.094335,50,4.992402,1.095520
worker_2,3468,1788086899.099379,50,4.533370,1.098528
worker_2,3469,1788086899.103939,50,4.765029,1.097472
worker_2,3470,1788086899.108722,50,4.792919,1.109664
worker_2,3471,1788086899.113532,50,4.989125,1.097472
worker_2,3472,1788086899.118574,50,4.531852,1.096384
worker_2,3473,1788086899.123130,50,4.972624,1.097408
worker_2,3474,1788086899.128153,50,4.537324,1.096256
worker_2,3475,1788086899.132716,50,4.999994,1.096928
worker_2,3476,1788086899.137765,50,4.503981,1.096448
worker_2,3477,1788086899.142294,50,4.984217,1.098816
worker_2,3478,1788086899.147327,50,4.526518,1.095808
worker_2,3479,1788086899.151879,50,4.765771,1.098912
worker_2,3480,1788086899.156663,50,4.770577,1.098144
worker_2,3481,1788086899.161451,50,4.995605,1.097600
worker_2,3482,1788086899.166497,50,4.529611,1.099296
worker_2,3483,1788086899.171066,50,4.967448,1.097088
worker_2,3484,1788086899.176082,50,4.534630,1.097792
worker_2,3485,1788086899.180642,50,4.977652,1.097248
worker_2,3486,1788086899.185670,50,4.539491,1.097792
worker_2,3487,1788086899.190235,50,4.975337,1.096960
worker_2,3488,1788086899.195260,50,4.534583,1.096832
worker_2,3489,1788086899.199820,50,4.762872,1.097792
worker_2,3490,1788086899.204601,50,4.780909,1.099840
worker_2,3491,1788086899.209398,50,5.006198,1.097792
worker_2,3492,1788086899.214456,50,4.529333,1.097184
worker_2,3493,1788086899.219010,50,4.973430,1.098368
worker_2,3494,1788086899.224032,50,4.566057,1.097792
worker_2,3495,1788086899.228706,50,4.891669,1.096320
worker_2,3496,1788086899.233647,50,4.533731,1.096608
worker_2,3497,1788086899.238207,50,4.970078,1.096640
worker_2,3498,1788086899.243227,50,4.542288,1.099840
worker_2,3499,1788086899.247795,50,4.765058,1.098048
worker_2,3500,1788086899.252579,50,4.767419,1.096640
worker_2,3501,1788086899.257363,50,4.988532,1.097728
worker_2,3502,1788086899.262413,50,4.546834,1.095776
worker_2,3503,1788086899.266988,50,4.970106,1.096224
worker_2,3504,1788086899.272007,50,4.551760,1.099904
worker_2,3505,1788086899.276586,50,4.982430,1.106336
worker_2,3506,1788086899.281618,50,4.542398,1.097792
worker_2,3507,1788086899.286185,50,4.972541,1.096992
worker_2,3508,1788086899.291207,50,4.543380,1.097376
worker_2,3509,1788086899.295777,50,4.763446,1.097568
worker_2,3510,1788086899.300559,50,4.773280,1.097312
worker_2,3511,1788086899.305350,50,4.993291,1.098016
worker_2,3512,1788086899.310395,50,4.555879,1.097376
worker_2,3513,1788086899.314976,50,4.977272,1.096448
worker_2,3514,1788086899.320003,50,4.537676,1.097312
worker_2,3515,1788086899.324565,50,4.998763,1.103488
worker_2,3516,1788086899.329611,50,4.531148,1.098080
worker_2,3517,1788086899.334168,50,4.984226,1.097216
worker_2,3518,1788086899.339199,50,4.536742,1.097344
worker_2,3519,1788086899.343760,50,4.766947,1.097632
worker_2,3520,1788086899.348547,50,4.769465,1.095840
worker_2,3521,1788086899.353333,50,4.986180,1.096768
worker_2,3522,1788086899.358383,50,4.536935,1.098240
worker_2,3523,1788086899.362946,50,4.973115,1.097408
worker_2,3524,1788086899.367968,50,4.546806,1.099168
worker_2,3525,1788086899.372540,50,4.971614,1.095936
worker_2,3526,1788086899.377558,50,4.543454,1.096608
worker_2,3527,1788086899.382129,50,4.758679,1.097024
worker_2,3528,1788086899.386906,50,4.992486,1.097312
worker_2,3529,1788086899.391948,50,4.533371,1.096608
worker_2,3530,1788086899.396506,50,4.976161,1.095392
worker_2,3531,1788086899.401531,50,4.534065,1.096480
worker_2,3532,1788086899.406091,50,4.763290,1.097504
worker_2,3533,1788086899.410874,50,4.776733,1.096576
worker_2,3534,1788086899.415667,50,4.784067,1.098848
worker_2,3535,1788086899.420469,50,4.787854,1.098496
worker_2,3536,1788086899.425272,50,4.776133,1.096864
worker_2,3537,1788086899.430065,50,4.775539,1.096448
worker_2,3538,1788086899.434857,50,4.782854,1.096384
worker_2,3539,1788086899.439657,50,4.781326,1.102976
worker_2,3540,1788086899.444453,50,4.789918,1.097408
worker_2,3541,1788086899.449267,50,4.770734,1.097184
worker_2,3542,1788086899.454053,50,4.925616,1.097568
worker_2,3543,1788086899.458994,50,4.630964,1.096352
worker_2,3544,1788086899.463642,50,4.942569,1.100352
worker_2,3545,1788086899.468600,50,4.801048,1.096448
worker_2,3546,1788086899.473416,50,4.779938,1.095680
worker_2,3547,1788086899.478213,50,4.615760,1.098304
worker_2,3548,1788086899.482844,50,4.780271,1.097760
worker_2,3549,1788086899.487639,50,4.790938,1.102240
worker_2,3550,1788086899.492447,50,4.783900,1.096800
worker_2,3551,1788086899.497247,50,4.988310,1.096000
worker_2,3552,1788086899.502283,50,4.765095,1.098336
worker_2,3553,1788086899.507096,50,4.537437,1.099200
worker_2,3554,1788086899.511658,50,4.973486,1.097440
worker_2,3555,1788086899.516680,50,4.538111,1.100128
worker_2,3556,1788086899.521245,50,4.967772,1.097184
worker_2,3557,1788086899.526263,50,4.569677,1.098624
worker_2,3558,1788086899.530860,50,4.972226,1.096704
worker_2,3559,1788086899.535883,50,4.530944,1.096224
worker_2,3560,1788086899.540441,50,4.973809,1.100640
worker_2,3561,1788086899.545477,50,4.525658,1.096544
worker_2,3562,1788086899.550030,50,4.971023,1.097472
worker_2,3563,1788086899.555050,50,4.534203,1.097440
worker_2,3564,1788086899.559610,50,4.766520,1.096192
worker_2,3565,1788086899.564394,50,4.774104,1.097760
worker_2,3566,1788086899.569185,50,4.989310,1.097920
worker_2,3567,1788086899.574225,50,4.544233,1.096800
worker_2,3568,1788086899.578794,50,4.975727,1.097888
worker_2,3569,1788086899.583820,50,4.545881,1.097760
worker_2,3570,1788086899.588398,50,4.751937,1.098976
worker_2,3571,1788086899.593174,50,4.760604,1.097152
worker_2,3572,1788086899.597952,50,4.789502,1.095840
worker_2,3573,1788086899.602759,50,5.025217,1.096128
worker_2,3574,1788086899.607834,50,4.493843,1.097792
worker_2,3575,1788086899.612354,50,4.972717,1.095552
worker_2,3576,1788086899.617374,50,4.531297,1.096480
worker_2,3577,1788086899.621932,50,4.973467,1.095360
worker_2,3578,1788086899.626955,50,4.530870,1.096544
worker_2,3579,1788086899.631511,50,4.769734,1.100768
worker_2,3580,1788086899.636312,50,4.758197,1.098560
worker_2,3581,1788086899.641088,50,4.990986,1.096096
worker_2,3582,1788086899.646129,50,4.545750,1.097152
worker_2,3583,1788086899.650701,50,4.977939,1.098432
worker_2,3584,1788086899.655729,50,4.543555,1.097824
worker_2,3585,1788086899.660297,50,4.980384,1.097760
worker_2,3586,1788086899.665326,50,4.535000,1.099040
worker_2,3587,1788086899.669888,50,4.971791,1.095872
worker_2,3588,1788086899.674908,50,4.540899,1.099008
worker_2,3589,1788086899.679476,50,4.768048,1.097152
worker_2,3590,1788086899.684263,50,4.776104,1.100256
worker_2,3591,1788086899.689057,50,4.991680,1.097504
worker_2,3592,1788086899.694100,50,4.530482,1.096800
worker_2,3593,1788086899.698655,50,4.972467,1.098208
worker_2,3594,1788086899.703676,50,4.545075,1.095680
worker_2,3595,1788086899.708246,50,4.758465,1.101088
worker_2,3596,1788086899.713024,50,4.776900,1.097408
worker_2,3597,1788086899.717819,50,4.994818,1.095456
worker_2,3598,1788086899.722863,50,4.529852,1.097248
worker_2,3599,1788086899.727420,50,4.768705,1.097536
worker_2,3600,1788086899.732229,50,4.751085,1.098912
worker_2,3601,1788086899.736999,50,4.769447,1.098304
worker_2,3602,1788086899.741784,50,4.777631,1.100096
worker_2,3603,1788086899.746579,50,4.994227,1.096032
worker_2,3604,1788086899.751624,50,4.526621,1.097504
worker_2,3605,1788086899.756177,50,4.765752,1.095904
worker_2,3606,1788086899.760961,50,4.783485,1.098784
worker_2,3607,1788086899.765762,50,4.987596,1.096224
worker_2,3608,1788086899.770800,50,4.532816,1.097504
worker_2,3609,1788086899.775360,50,4.762279,1.097376
worker_2,3610,1788086899.780142,50,4.773502,1.099840
worker_2,3611,1788086899.784932,50,4.785613,1.100256
worker_2,3612,1788086899.789734,50,4.775428,1.096288
worker_2,3613,1788086899.794526,50,4.992550,1.097024
worker_2,3614,1788086899.799569,50,4.532574,1.098304
worker_2,3615,1788086899.804126,50,4.761827,1.097792
worker_2,3616,1788086899.808906,50,4.779502,1.103712
worker_2,3617,1788086899.813702,50,4.997180,1.097664
worker_2,3618,1788086899.818749,50,4.529620,1.096992
worker_2,3619,1788086899.823315,50,4.744094,1.096512
worker_2,3620,1788086899.828078,50,4.775437,1.098144
worker_2,3621,1788086899.832870,50,4.793549,1.103872
worker_2,3622,1788086899.837679,50,4.783345,1.097824
worker_2,3623,1788086899.842479,50,5.008199,1.097664
worker_2,3624,1788086899.847538,50,4.514435,1.095904
worker_2,3625,1788086899.852077,50,4.764864,1.097792
worker_2,3626,1788086899.856860,50,4.798502,1.105888
worker_2,3627,1788086899.861677,50,4.988365,1.097536
worker_2,3628,1788086899.866716,50,4.534685,1.095744
worker_2,3629,1788086899.871276,50,4.759317,1.096992
worker_2,3630,1788086899.876054,50,4.776956,1.100544
worker_2,3631,1788086899.880849,50,4.769650,1.095712
worker_2,3632,1788086899.885636,50,4.776827,1.097408
worker_2,3633,1788086899.890429,50,4.990068,1.097504
worker_2,3634,1788086899.895470,50,4.563066,1.095776
worker_2,3635,1788086899.900062,50,4.754890,1.099232
worker_2,3636,1788086899.904836,50,4.775207,1.097088
worker_2,3637,1788086899.909628,50,4.989263,1.097696
worker_2,3638,1788086899.914668,50,4.538334,1.097312
worker_2,3639,1788086899.919244,50,4.761594,1.097792
worker_2,3640,1788086899.924025,50,4.774900,1.099360
worker_2,3641,1788086899.928817,50,4.774724,1.098208
worker_2,3642,1788086899.933608,50,4.778261,1.097376
worker_2,3643,1788086899.938405,50,4.990597,1.097792
worker_2,3644,1788086899.943448,50,4.535778,1.098240
worker_2,3645,1788086899.948010,50,4.764253,1.101344
worker_2,3646,1788086899.952871,50,4.697372,1.097536
worker_2,3647,1788086899.957590,50,4.984883,1.100480
worker_2,3648,1788086899.962625,50,4.536722,1.098752
worker_2,3649,1788086899.967187,50,4.772150,1.095808
worker_2,3650,1788086899.971977,50,4.781483,1.100800
worker_2,3651,1788086899.976775,50,4.777816,1.097856
worker_2,3652,1788086899.981570,50,4.773826,1.097792
worker_2,3653,1788086899.986359,50,4.994957,1.097344
worker_2,3654,1788086899.991404,50,4.533899,1.098112
worker_2,3655,1788086899.995964,50,4.767604,1.097120
worker_2,3656,1788086900.000749,50,4.776762,1.097472
worker_2,3657,1788086900.005543,50,4.986810,1.095552
worker_2,3658,1788086900.010592,50,4.524148,1.097792
worker_2,3659,1788086900.015143,50,4.783697,1.097824
worker_2,3660,1788086900.019945,50,4.773900,1.102048
worker_2,3661,1788086900.024738,50,4.774651,1.098080
worker_2,3662,1788086900.029530,50,4.987328,1.096416
worker_2,3663,1788086900.034567,50,4.536593,1.097568
worker_2,3664,1788086900.039129,50,4.994532,1.097120
worker_2,3665,1788086900.044171,50,4.540306,1.096896
worker_2,3666,1788086900.048737,50,4.973264,1.098976
worker_2,3667,1788086900.053759,50,4.541630,1.095968
worker_2,3668,1788086900.058326,50,4.969948,1.096352
worker_2,3669,1788086900.063343,50,4.543324,1.097792
worker_2,3670,1788086900.067911,50,4.773678,1.101344
worker_2,3671,1788086900.072704,50,4.772696,1.095808
worker_2,3672,1788086900.077495,50,4.981829,1.096480
worker_2,3673,1788086900.082526,50,4.531686,1.095840
worker_2,3674,1788086900.087082,50,5.022207,1.097344
worker_2,3675,1788086900.092156,50,4.499268,1.096736
worker_2,3676,1788086900.096682,50,5.007374,1.096800
worker_2,3677,1788086900.101739,50,4.494074,1.097184
worker_2,3678,1788086900.106265,50,4.967735,1.097792
worker_2,3679,1788086900.111281,50,4.539102,1.096896
worker_2,3680,1788086900.115846,50,4.767892,1.099008
worker_2,3681,1788086900.120632,50,4.779086,1.101408
worker_2,3682,1788086900.125427,50,5.025533,1.098016
worker_2,3683,1788086900.130504,50,4.508305,1.096512
worker_2,3684,1788086900.135038,50,4.973319,1.096384
worker_2,3685,1788086900.140060,50,4.533315,1.095712
worker_2,3686,1788086900.144620,50,4.982532,1.100832
worker_2,3687,1788086900.149652,50,4.532445,1.098112
worker_2,3688,1788086900.154212,50,4.970680,1.096448
worker_2,3689,1788086900.159232,50,4.539501,1.097376
worker_2,3690,1788086900.163795,50,4.765492,1.098304
worker_2,3691,1788086900.168579,50,4.778651,1.104736
worker_2,3692,1788086900.173373,50,4.993292,1.098176
worker_2,3693,1788086900.178418,50,4.551102,1.096960
worker_2,3694,1788086900.182995,50,4.973550,1.098368
worker_2,3695,1788086900.188017,50,4.542148,1.097248
worker_2,3696,1788086900.192583,50,4.974912,1.098400
worker_2,3697,1788086900.197623,50,4.526537,1.097344
worker_2,3698,1788086900.202178,50,4.995171,1.097856
worker_2,3699,1788086900.207224,50,4.532593,1.096864
worker_2,3700,1788086900.211781,50,4.778196,1.107936
worker_2,3701,1788086900.216577,50,4.791650,1.100416
worker_2,3702,1788086900.221385,50,4.991254,1.096640
worker_2,3703,1788086900.226427,50,4.530121,1.096128
worker_2,3704,1788086900.230981,50,4.980828,1.095904
worker_2,3705,1788086900.236010,50,4.543307,1.106976
worker_2,3706,1788086900.240579,50,4.986356,1.097152
worker_2,3707,1788086900.245611,50,4.538167,1.097152
worker_2,3708,1788086900.250175,50,4.991810,1.097856
worker_2,3709,1788086900.255218,50,4.535408,1.096672
worker_2,3710,1788086900.259780,50,4.761113,1.097760
worker_2,3711,1788086900.264560,50,4.778502,1.104320
worker_2,3712,1788086900.269354,50,4.991532,1.095904
worker_2,3713,1788086900.274396,50,4.544167,1.096512
worker_2,3714,1788086900.278966,50,4.968967,1.096896
worker_2,3715,1788086900.283983,50,4.532102,1.095584
worker_2,3716,1788086900.288540,50,4.983948,1.098176
worker_2,3717,1788086900.293584,50,4.520751,1.096800
worker_2,3718,1788086900.298131,50,4.990754,1.097696
worker_2,3719,1788086900.303172,50,4.527509,1.096640
worker_2,3720,1788086900.307724,50,4.765539,1.099008
worker_2,3721,1788086900.312509,50,4.767345,1.099200
worker_2,3722,1788086900.317295,50,4.985439,1.097120
worker_2,3723,1788086900.322330,50,4.544038,1.099168
worker_2,3724,1788086900.326899,50,4.976800,1.096704
worker_2,3725,1788086900.331925,50,4.540103,1.097408
worker_2,3726,1788086900.336490,50,4.986273,1.097568
worker_2,3727,1788086900.341526,50,4.531844,1.097440
worker_2,3728,1788086900.346084,50,4.772298,1.095744
worker_2,3729,1788086900.350874,50,4.980300,1.096032
worker_2,3730,1788086900.355903,50,4.536269,1.096864
worker_2,3731,1788086900.360463,50,4.982097,1.102752
worker_2,3732,1788086900.365494,50,4.541770,1.097504
worker_2,3733,1788086900.370062,50,4.988282,1.097760
worker_2,3734,1788086900.375098,50,4.538204,1.096544
worker_2,3735,1788086900.379662,50,4.760835,1.096384
worker_2,3736,1788086900.384455,50,4.765030,1.100224
worker_2,3737,1788086900.389236,50,4.989939,1.096864
worker_2,3738,1788086900.394277,50,4.548677,1.098144
worker_2,3739,1788086900.398850,50,4.760835,1.096576
worker_2,3740,1788086900.403630,50,4.776882,1.098464
worker_2,3741,1788086900.408423,50,4.772409,1.097792
worker_2,3742,1788086900.413212,50,4.774159,1.097024
worker_2,3743,1788086900.418001,50,4.773577,1.097792
worker_2,3744,1788086900.422791,50,4.776761,1.097728
worker_2,3745,1788086900.427583,50,4.779150,1.097440
worker_2,3746,1788086900.432379,50,4.777289,1.100736
worker_2,3747,1788086900.437171,50,4.780659,1.097792
worker_2,3748,1788086900.441967,50,4.784660,1.096672
worker_2,3749,1788086900.446766,50,4.779539,1.097760
worker_2,3750,1788086900.451561,50,4.776697,1.098592
worker_2,3751,1788086900.456353,50,4.792530,1.096384
worker_2,3752,1788086900.461161,50,4.787327,1.098400
worker_2,3753,1788086900.465964,50,4.769178,1.095584
worker_2,3754,1788086900.470750,50,4.787105,1.097792
worker_2,3755,1788086900.475552,50,4.779641,1.099616
worker_2,3756,1788086900.480356,50,4.780632,1.097280
worker_2,3757,1788086900.485152,50,4.771419,1.097568
worker_2,3758,1788086900.489938,50,4.793965,1.097408
worker_2,3759,1788086900.494746,50,4.780641,1.096064
worker_2,3760,1788086900.499543,50,4.770798,1.097280
worker_2,3761,1788086900.504330,50,4.994392,1.099488
worker_2,3762,1788086900.509377,50,4.736437,1.097056
worker_2,3763,1788086900.514160,50,4.742650,1.097376
worker_2,3764,1788086900.518951,50,4.544879,1.097952
worker_2,3765,1788086900.523522,50,4.969180,1.098464
worker_2,3766,1788086900.528541,50,4.743271,1.097728
worker_2,3767,1788086900.533330,50,4.748558,1.097088
worker_2,3768,1788086900.538127,50,4.541742,1.097216
worker_2,3769,1788086900.542694,50,4.973050,1.098656
worker_2,3770,1788086900.547716,50,4.545992,1.099424
worker_2,3771,1788086900.552287,50,4.968855,1.096384
worker_2,3772,1788086900.557304,50,4.541204,1.096448
worker_2,3773,1788086900.561870,50,4.970985,1.095872
worker_2,3774,1788086900.566893,50,4.545277,1.097312
worker_2,3775,1788086900.571477,50,4.754178,1.098144
worker_2,3776,1788086900.576251,50,4.767428,1.096224
worker_2,3777,1788086900.581036,50,5.002448,1.097280
worker_2,3778,1788086900.586087,50,4.536963,1.096064
worker_2,3779,1788086900.590651,50,4.978143,1.097824
worker_2,3780,1788086900.595680,50,4.538278,1.095712
worker_2,3781,1788086900.600245,50,4.757650,1.096992
worker_2,3782,1788086900.605022,50,4.785354,1.097184
worker_2,3783,1788086900.609825,50,4.826669,1.095552
worker_2,3784,1788086900.614701,50,4.695908,1.097536
worker_2,3785,1788086900.619423,50,4.764575,1.097280
worker_2,3786,1788086900.624206,50,4.774437,1.098240
worker_2,3787,1788086900.628999,50,4.776828,1.097344
worker_2,3788,1788086900.633792,50,4.776076,1.096800
worker_2,3789,1788086900.638585,50,4.992744,1.097216
worker_2,3790,1788086900.643628,50,4.535695,1.096608
worker_2,3791,1788086900.648190,50,4.767289,1.097248
worker_2,3792,1788086900.652976,50,4.770233,1.097184
worker_2,3793,1788086900.657763,50,4.986504,1.096416
worker_2,3794,1788086900.662803,50,4.538140,1.097824
worker_2,3795,1788086900.667382,50,4.776094,1.096416
worker_2,3796,1788086900.672177,50,4.766994,1.096544
worker_2,3797,1788086900.677038,50,4.707132,1.098144
worker_2,3798,1788086900.681766,50,4.770651,1.098720
worker_2,3799,1788086900.686554,50,4.993643,1.096768
worker_2,3800,1788086900.691596,50,4.533528,1.097248
worker_2,3801,1788086900.696155,50,4.762928,1.098080
worker_2,3802,1788086900.700937,50,4.785983,1.105920
worker_2,3803,1788086900.705739,50,4.990625,1.095456
worker_2,3804,1788086900.710782,50,4.537972,1.098592
worker_2,3805,1788086900.715347,50,4.757344,1.096096
worker_2,3806,1788086900.720123,50,4.769197,1.097280
worker_2,3807,1788086900.724909,50,4.784447,1.109152
worker_2,3808,1788086900.729709,50,4.774872,1.095904
worker_2,3809,1788086900.734500,50,4.774854,1.096384
worker_2,3810,1788086900.739292,50,4.775465,1.098016
worker_2,3811,1788086900.744085,50,4.775780,1.103360
worker_2,3812,1788086900.748876,50,4.772475,1.096320
worker_2,3813,1788086900.753665,50,4.993189,1.097248
worker_2,3814,1788086900.758722,50,4.521778,1.097792
worker_2,3815,1788086900.763270,50,4.778289,1.095712
worker_2,3816,1788086900.768067,50,4.774021,1.098208
worker_2,3817,1788086900.772857,50,4.787882,1.097408
worker_2,3818,1788086900.777661,50,4.782900,1.098784
worker_2,3819,1788086900.782459,50,4.989402,1.097632
worker_2,3820,1788086900.787500,50,4.532843,1.098496
worker_2,3821,1788086900.792059,50,4.764752,1.099584
worker_2,3822,1788086900.796843,50,4.772409,1.096544
worker_2,3823,1788086900.801632,50,4.987430,1.096512
worker_2,3824,1788086900.806668,50,4.536472,1.097984
worker_2,3825,1788086900.811230,50,4.764224,1.097760
worker_2,3826,1788086900.816013,50,4.770817,1.097216
worker_2,3827,1788086900.820801,50,4.789261,1.104352
worker_2,3828,1788086900.825607,50,4.785040,1.097408
worker_2,3829,1788086900.830408,50,4.989958,1.096512
worker_2,3830,1788086900.835449,50,4.541436,1.096160
worker_2,3831,1788086900.840016,50,4.770696,1.099840
worker_2,3832,1788086900.844808,50,4.764595,1.095744
worker_2,3833,1788086900.849590,50,4.985319,1.097888
worker_2,3834,1788086900.854635,50,4.529353,1.096544
worker_2,3835,1788086900.859191,50,4.771928,1.098208
worker_2,3836,1788086900.863981,50,4.775103,1.095808
worker_2,3837,1788086900.868775,50,4.767688,1.096320
worker_2,3838,1788086900.873561,50,4.775938,1.097152
worker_2,3839,1788086900.878354,50,4.996940,1.097664
worker_2,3840,1788086900.883402,50,4.534157,1.096032
worker_2,3841,1788086900.887962,50,4.769531,1.101216
worker_2,3842,1788086900.892750,50,4.768724,1.096864
worker_2,3843,1788086900.897535,50,4.992902,1.095744
worker_2,3844,1788086900.902579,50,4.532555,1.097760
worker_2,3845,1788086900.907136,50,4.790520,1.098656
worker_2,3846,1788086900.911945,50,4.773539,1.100224
worker_2,3847,1788086900.916735,50,4.770641,1.096576
worker_2,3848,1788086900.921524,50,4.776447,1.097760
worker_2,3849,1788086900.926317,50,4.779224,1.098112
worker_2,3850,1788086900.931113,50,4.801448,1.098240
worker_2,3851,1788086900.935930,50,4.773483,1.097248
worker_2,3852,1788086900.940719,50,4.804780,1.108832
worker_2,3853,1788086900.945545,50,4.769881,1.097344
worker_2,3854,1788086900.950330,50,4.774494,1.095936
worker_2,3855,1788086900.955121,50,4.775113,1.095744
worker_2,3856,1788086900.959911,50,4.782272,1.098272
worker_2,3857,1788086900.964709,50,4.774141,1.098016
worker_2,3858,1788086900.969499,50,4.784159,1.095744
worker_2,3859,1788086900.974298,50,4.786530,1.099264
worker_2,3860,1788086900.979100,50,4.777549,1.096544
worker_2,3861,1788086900.983894,50,4.774318,1.098112
worker_2,3862,1788086900.988684,50,4.774215,1.096768
worker_2,3863,1788086900.993474,50,4.778207,1.096256
worker_2,3864,1788086900.998268,50,4.776965,1.096800
worker_2,3865,1788086901.003061,50,4.776836,1.098912
worker_2,3866,1788086901.007854,50,4.788040,1.099776
worker_2,3867,1788086901.012657,50,4.986041,1.096672
worker_2,3868,1788086901.017695,50,4.740957,1.097440
worker_2,3869,1788086901.022483,50,4.742446,1.095712
worker_2,3870,1788086901.027272,50,4.747511,1.095744
worker_2,3871,1788086901.032068,50,4.551326,1.104768
worker_2,3872,1788086901.036646,50,4.974986,1.097600
worker_2,3873,1788086901.041686,50,4.526649,1.097472
worker_2,3874,1788086901.046238,50,4.976625,1.097600
worker_2,3875,1788086901.051262,50,4.542537,1.097152
worker_2,3876,1788086901.055829,50,4.781502,1.106848
worker_2,3877,1788086901.060628,50,4.771483,1.098176
worker_2,3878,1788086901.065416,50,4.991209,1.098176
worker_2,3879,1788086901.070456,50,4.533676,1.095552
worker_2,3880,1788086901.075015,50,4.982059,1.097408
worker_2,3881,1788086901.080046,50,4.558130,1.110624
worker_2,3882,1788086901.084630,50,4.979985,1.097088
worker_2,3883,1788086901.089658,50,4.533908,1.098400
worker_2,3884,1788086901.094218,50,4.986634,1.095968
worker_2,3885,1788086901.099252,50,4.529370,1.097696
worker_2,3886,1788086901.103805,50,4.767669,1.099904
worker_2,3887,1788086901.108590,50,4.775715,1.097088
worker_2,3888,1788086901.113381,50,4.983300,1.096160
worker_2,3889,1788086901.118419,50,4.559862,1.097760
worker_2,3890,1788086901.123004,50,4.973050,1.096736
worker_2,3891,1788086901.128025,50,4.552269,1.111744
worker_2,3892,1788086901.132616,50,4.967540,1.097440
worker_2,3893,1788086901.137633,50,4.541918,1.096992
worker_2,3894,1788086901.142199,50,4.971865,1.097984
worker_2,3895,1788086901.147218,50,4.547482,1.098304
worker_2,3896,1788086901.151791,50,4.764057,1.100192
worker_2,3897,1788086901.156572,50,4.787928,1.096640
worker_2,3898,1788086901.161376,50,4.991754,1.098368
worker_2,3899,1788086901.166418,50,4.528408,1.096544
worker_2,3900,1788086901.170972,50,4.981143,1.097344
worker_2,3901,1788086901.176002,50,4.542056,1.098432
worker_2,3902,1788086901.180570,50,4.980291,1.097472
worker_2,3903,1788086901.185599,50,4.535055,1.095680
worker_2,3904,1788086901.190158,50,4.978236,1.096544
worker_2,3905,1788086901.195186,50,4.535547,1.098656
worker_2,3906,1788086901.199745,50,4.764131,1.098048
worker_2,3907,1788086901.204527,50,4.774983,1.098752
worker_2,3908,1788086901.209318,50,5.000318,1.097568
worker_2,3909,1788086901.214369,50,4.541954,1.097824
worker_2,3910,1788086901.218936,50,4.979606,1.097856
worker_2,3911,1788086901.223964,50,4.534176,1.096992
worker_2,3912,1788086901.228535,50,4.964670,1.097504
worker_2,3913,1788086901.233551,50,4.530121,1.098688
worker_2,3914,1788086901.238106,50,4.973522,1.096160
worker_2,3915,1788086901.243127,50,4.541056,1.096192
worker_2,3916,1788086901.247692,50,4.767363,1.098496
worker_2,3917,1788086901.252478,50,4.787446,1.096896
worker_2,3918,1788086901.257281,50,4.985948,1.098080
worker_2,3919,1788086901.262316,50,4.536343,1.096608
worker_2,3920,1788086901.266877,50,4.976837,1.097536
worker_2,3921,1788086901.271902,50,4.551704,1.105792
worker_2,3922,1788086901.276479,50,4.981541,1.096864
worker_2,3923,1788086901.281508,50,4.547852,1.098368
worker_2,3924,1788086901.286080,50,4.763483,1.098176
worker_2,3925,1788086901.290862,50,4.989754,1.097024
worker_2,3926,1788086901.295901,50,4.551176,1.102400
worker_2,3927,1788086901.300476,50,4.993402,1.096224
worker_2,3928,1788086901.305519,50,4.540213,1.097792
worker_2,3929,1788086901.310084,50,4.975235,1.098176
worker_2,3930,1788086901.315109,50,4.542138,1.097696
worker_2,3931,1788086901.319691,50,4.766781,1.103008
worker_2,3932,1788086901.324477,50,4.794550,1.097760
worker_2,3933,1788086901.329288,50,4.992421,1.096928
worker_2,3934,1788086901.334330,50,4.535186,1.099648
worker_2,3935,1788086901.338890,50,4.981235,1.096736
worker_2,3936,1788086901.343919,50,4.537038,1.097312
worker_2,3937,1788086901.348481,50,4.982578,1.095552
worker_2,3938,1788086901.353511,50,4.535861,1.097376
worker_2,3939,1788086901.358072,50,4.972958,1.096704
worker_2,3940,1788086901.363092,50,4.541509,1.096896
worker_2,3941,1788086901.367659,50,4.762095,1.096000
worker_2,3942,1788086901.372440,50,4.772400,1.097888
worker_2,3943,1788086901.377229,50,4.985476,1.097632
worker_2,3944,1788086901.382265,50,4.567871,1.100832
worker_2,3945,1788086901.386861,50,4.975828,1.097984
worker_2,3946,1788086901.391884,50,4.547991,1.097728
worker_2,3947,1788086901.396457,50,4.970420,1.098016
worker_2,3948,1788086901.401558,50,4.458139,1.098080
worker_2,3949,1788086901.406044,50,4.991449,1.097760
worker_2,3950,1788086901.411083,50,4.536407,1.097024
worker_2,3951,1788086901.415659,50,4.753215,1.099296
worker_2,3952,1788086901.420432,50,4.771049,1.096864
worker_2,3953,1788086901.425219,50,4.990402,1.095488
worker_2,3954,1788086901.430261,50,4.537714,1.095712
worker_2,3955,1788086901.434822,50,4.978532,1.099456
worker_2,3956,1788086901.439852,50,4.541048,1.097856
worker_2,3957,1788086901.444417,50,4.978439,1.098144
worker_2,3958,1788086901.449443,50,4.537852,1.097440
worker_2,3959,1788086901.454005,50,4.979374,1.099136
worker_2,3960,1788086901.459032,50,4.545657,1.097568
worker_2,3961,1788086901.463601,50,4.763826,1.096384
worker_2,3962,1788086901.468383,50,4.772206,1.095744
worker_2,3963,1788086901.473171,50,4.994680,1.098464
worker_2,3964,1788086901.478217,50,4.532233,1.098400
worker_2,3965,1788086901.482774,50,4.973356,1.098048
worker_2,3966,1788086901.487797,50,4.534315,1.096416
worker_2,3967,1788086901.492356,50,4.977013,1.098368
worker_2,3968,1788086901.497383,50,4.536472,1.098176
worker_2,3969,1788086901.501945,50,4.989328,1.096832
worker_2,3970,1788086901.506994,50,4.525435,1.097312
worker_2,3971,1788086901.511544,50,4.768235,1.098528
worker_2,3972,1788086901.516331,50,4.779502,1.102784
worker_2,3973,1788086901.521127,50,4.991318,1.097568
worker_2,3974,1788086901.526169,50,4.564379,1.096448
worker_2,3975,1788086901.530758,50,4.969892,1.099008
worker_2,3976,1788086901.535777,50,4.537639,1.095872
worker_2,3977,1788086901.540339,50,4.976855,1.099232
worker_2,3978,1788086901.545363,50,4.533324,1.096448
worker_2,3979,1788086901.549922,50,4.975162,1.097024
worker_2,3980,1788086901.554945,50,4.544871,1.096576
worker_2,3981,1788086901.559513,50,4.768354,1.098496
worker_2,3982,1788086901.564299,50,4.771966,1.096096
worker_2,3983,1788086901.569088,50,4.992440,1.095360
worker_2,3984,1788086901.574129,50,4.536372,1.098112
worker_2,3985,1788086901.578692,50,4.972800,1.097024
worker_2,3986,1788086901.583713,50,4.538796,1.097472
worker_2,3987,1788086901.588277,50,4.969384,1.096128
worker_2,3988,1788086901.593295,50,4.544352,1.096320
worker_2,3989,1788086901.597864,50,4.978569,1.096160
worker_2,3990,1788086901.602904,50,4.516444,1.096864
worker_2,3991,1788086901.607445,50,4.775262,1.097792
worker_2,3992,1788086901.612240,50,4.771048,1.098112
worker_2,3993,1788086901.617026,50,4.783392,1.098848
worker_2,3994,1788086901.621827,50,4.774104,1.097472
worker_2,3995,1788086901.626616,50,4.989736,1.097728
worker_2,3996,1788086901.631658,50,4.539398,1.096352
worker_2,3997,1788086901.636234,50,4.750113,1.098144
worker_2,3998,1788086901.641005,50,4.774743,1.099072
worker_2,3999,1788086901.645797,50,4.775040,1.099168
worker_2,4000,1788086901.650589,50,4.784428,1.098048
worker_2,4001,1788086901.655391,50,4.989403,1.096832
worker_2,4002,1788086901.660431,50,4.538121,1.096160
worker_2,4003,1788086901.664995,50,4.991532,1.103520
worker_2,4004,1788086901.670037,50,4.536797,1.098112
worker_2,4005,1788086901.674600,50,4.973115,1.095904
worker_2,4006,1788086901.679622,50,4.534084,1.095936
worker_2,4007,1788086901.684181,50,4.762993,1.098304
worker_2,4008,1788086901.688963,50,4.800281,1.096864
worker_2,4009,1788086901.693794,50,4.987022,1.096224
worker_2,4010,1788086901.698830,50,4.522548,1.097792
worker_2,4011,1788086901.703379,50,4.772946,1.097408
worker_2,4012,1788086901.708173,50,4.776883,1.096576
worker_2,4013,1788086901.712967,50,4.777029,1.098176
worker_2,4014,1788086901.717761,50,4.784948,1.096672
worker_2,4015,1788086901.722563,50,5.033439,1.098208
worker_2,4016,1788086901.727647,50,4.486814,1.096320
worker_2,4017,1788086901.732158,50,4.764428,1.098848
worker_2,4018,1788086901.736940,50,4.797835,1.099360
worker_2,4019,1788086901.741765,50,4.809419,1.096800
worker_2,4020,1788086901.746624,50,4.689806,1.096192
worker_2,4021,1788086901.751336,50,4.768772,1.096256
worker_2,4022,1788086901.756119,50,4.771816,1.097824
worker_2,4023,1788086901.760906,50,4.773909,1.096064
worker_2,4024,1788086901.765695,50,4.783151,1.097376
worker_2,4025,1788086901.770493,50,4.779929,1.097056
worker_2,4026,1788086901.775287,50,4.994633,1.095968
worker_2,4027,1788086901.780326,50,4.533621,1.097248
worker_2,4028,1788086901.784883,50,4.966051,1.095968
worker_2,4029,1788086901.789911,50,4.533945,1.097312
worker_2,4030,1788086901.794472,50,4.978439,1.095456
worker_2,4031,1788086901.799499,50,4.531028,1.097856
worker_2,4032,1788086901.804054,50,4.761577,1.099168
worker_2,4033,1788086901.808834,50,4.783465,1.096992
worker_2,4034,1788086901.813640,50,4.759363,1.096704
worker_2,4035,1788086901.818422,50,4.763289,1.097792
worker_2,4036,1788086901.823204,50,4.776354,1.098016
worker_2,4037,1788086901.827997,50,4.774049,1.098816
worker_2,4038,1788086901.832788,50,4.776576,1.097664
worker_2,4039,1788086901.837579,50,4.778503,1.096032
worker_2,4040,1788086901.842376,50,4.771798,1.097760
worker_2,4041,1788086901.847163,50,4.789734,1.097792
worker_2,4042,1788086901.851970,50,4.776002,1.100640
worker_2,4043,1788086901.856762,50,4.771150,1.096704
worker_2,4044,1788086901.861548,50,4.777391,1.097760
worker_2,4045,1788086901.866342,50,4.989300,1.095744
worker_2,4046,1788086901.871382,50,4.548723,1.096320
worker_2,4047,1788086901.875956,50,4.758863,1.098400
worker_2,4048,1788086901.880744,50,4.757141,1.096704
worker_2,4049,1788086901.885520,50,4.999893,1.097376
worker_2,4050,1788086901.890568,50,4.529305,1.097408
worker_2,4051,1788086901.895120,50,4.765521,1.096160
worker_2,4052,1788086901.899910,50,4.959096,1.101632
worker_2,4053,1788086901.904905,50,4.565547,1.098208
worker_2,4054,1788086901.909489,50,4.964134,1.098816
worker_2,4055,1788086901.914490,50,4.566241,1.097440
worker_2,4056,1788086901.919075,50,4.960161,1.096480
worker_2,4057,1788086901.924073,50,4.575890,1.098368
worker_2,4058,1788086901.928674,50,4.983578,1.097376
worker_2,4059,1788086901.933704,50,4.532519,1.095808
worker_2,4060,1788086901.938261,50,4.975800,1.096128
worker_2,4061,1788086901.943284,50,4.538889,1.097408
worker_2,4062,1788086901.947849,50,4.765632,1.100576
worker_2,4063,1788086901.952633,50,4.772419,1.096320
worker_2,4064,1788086901.957422,50,4.993031,1.096448
worker_2,4065,1788086901.962465,50,4.530667,1.097600
worker_2,4066,1788086901.967021,50,4.990550,1.097728
worker_2,4067,1788086901.972059,50,4.547305,1.107616
worker_2,4068,1788086901.976640,50,4.963021,1.096896
worker_2,4069,1788086901.981652,50,4.532732,1.097152
worker_2,4070,1788086901.986211,50,4.980364,1.097056
worker_2,4071,1788086901.991240,50,4.532463,1.097664
worker_2,4072,1788086901.995798,50,4.768992,1.099712
worker_2,4073,1788086902.000586,50,4.772494,1.096736
worker_2,4074,1788086902.005376,50,4.989319,1.095552
worker_2,4075,1788086902.010414,50,4.538779,1.095744
worker_2,4076,1788086902.014980,50,4.980643,1.097600
worker_2,4077,1788086902.020010,50,4.524658,1.095296
worker_2,4078,1788086902.024560,50,4.981106,1.099328
worker_2,4079,1788086902.029589,50,4.535704,1.097792
worker_2,4080,1788086902.034149,50,4.766715,1.097568
worker_2,4081,1788086902.038934,50,4.771280,1.097344
worker_2,4082,1788086902.043724,50,4.779984,1.100992
worker_2,4083,1788086902.048522,50,4.777142,1.096640
worker_2,4084,1788086902.053315,50,4.773974,1.096256
worker_2,4085,1788086902.058105,50,4.794993,1.097696
worker_2,4086,1788086902.062917,50,4.773900,1.098144
worker_2,4087,1788086902.067710,50,4.774798,1.098080
worker_2,4088,1788086902.072500,50,4.779031,1.099168
worker_2,4089,1788086902.077295,50,4.776271,1.098528
worker_2,4090,1788086902.082085,50,4.787660,1.096896
worker_2,4091,1788086902.086889,50,4.776604,1.097792
worker_2,4092,1788086902.091681,50,4.778410,1.096576
worker_2,4093,1788086902.096475,50,4.778900,1.099040
worker_2,4094,1788086902.101269,50,4.776039,1.097792
worker_2,4095,1788086902.106060,50,4.807530,1.097536
worker_2,4096,1788086902.110884,50,4.777965,1.097216
worker_2,4097,1788086902.115679,50,4.775520,1.098464
worker_2,4098,1788086902.120471,50,4.791437,1.096480
worker_2,4099,1788086902.125354,50,4.708418,1.096672
worker_2,4100,1788086902.130083,50,4.764660,1.097248
worker_2,4101,1788086902.134867,50,4.776244,1.097792
worker_2,4102,1788086902.139660,50,5.002700,1.103584
worker_2,4103,1788086902.144712,50,4.743706,1.097472
worker_2,4104,1788086902.149503,50,4.753530,1.096128
worker_2,4105,1788086902.154301,50,4.529436,1.096256
worker_2,4106,1788086902.158856,50,4.985485,1.096672
worker_2,4107,1788086902.163902,50,4.522213,1.101664
worker_2,4108,1788086902.168451,50,5.003402,1.097728
worker_2,4109,1788086902.173502,50,4.530888,1.096928
worker_2,4110,1788086902.178060,50,4.766891,1.095840
worker_2,4111,1788086902.182845,50,4.986745,1.097632
worker_2,4112,1788086902.187879,50,4.544361,1.099488
worker_2,4113,1788086902.192451,50,4.997624,1.098272
worker_2,4114,1788086902.197499,50,4.528444,1.098816
worker_2,4115,1788086902.202053,50,4.983272,1.097600
worker_2,4116,1788086902.207085,50,4.524722,1.095552
worker_2,4117,1788086902.211634,50,4.770855,1.098336
worker_2,4118,1788086902.216424,50,4.779548,1.096704
worker_2,4119,1788086902.221220,50,4.999745,1.098432
worker_2,4120,1788086902.226271,50,4.526139,1.095968
worker_2,4121,1788086902.230822,50,4.987078,1.096480
worker_2,4122,1788086902.235857,50,4.528481,1.095744
worker_2,4123,1788086902.240412,50,4.977300,1.098624
worker_2,4124,1788086902.245436,50,4.533871,1.096192
worker_2,4125,1788086902.249998,50,4.974940,1.096576
worker_2,4126,1788086902.255033,50,4.527935,1.097696
worker_2,4127,1788086902.259587,50,4.765659,1.098880
worker_2,4128,1788086902.264371,50,4.778632,1.099488
worker_2,4129,1788086902.269168,50,5.002485,1.096960
worker_2,4130,1788086902.274220,50,4.529917,1.096320
worker_2,4131,1788086902.278776,50,4.759224,1.098240
worker_2,4132,1788086902.283555,50,4.773818,1.095744
worker_2,4133,1788086902.288345,50,4.781011,1.101728
worker_2,4134,1788086902.293143,50,4.772753,1.096352
worker_2,4135,1788086902.297932,50,4.795881,1.097376
worker_2,4136,1788086902.302743,50,4.774808,1.096736
worker_2,4137,1788086902.307534,50,4.780956,1.096832
worker_2,4138,1788086902.312331,50,4.783899,1.101536
worker_2,4139,1788086902.317132,50,4.776650,1.096160
worker_2,4140,1788086902.321923,50,4.800401,1.097632
worker_2,4141,1788086902.326739,50,4.777363,1.096448
worker_2,4142,1788086902.331532,50,4.773705,1.095808
worker_2,4143,1788086902.336320,50,4.785586,1.105920
worker_2,4144,1788086902.341121,50,4.776604,1.096320
worker_2,4145,1788086902.345913,50,4.774428,1.096512
worker_2,4146,1788086902.350710,50,4.770327,1.096640
worker_2,4147,1788086902.355495,50,4.778974,1.096384
worker_2,4148,1788086902.360290,50,4.778372,1.098496
worker_2,4149,1788086902.365083,50,4.774707,1.096672
worker_2,4150,1788086902.369873,50,4.776465,1.098176
worker_2,4151,1788086902.374665,50,4.772864,1.097120
worker_2,4152,1788086902.379454,50,4.781715,1.097440
worker_2,4153,1788086902.384252,50,4.986088,1.095904
worker_2,4154,1788086902.389289,50,4.752270,1.097440
worker_2,4155,1788086902.394089,50,4.745751,1.097760
worker_2,4156,1788086902.398882,50,4.534805,1.096352
worker_2,4157,1788086902.403442,50,4.764567,1.099168
worker_2,4158,1788086902.408231,50,4.985264,1.098304
worker_2,4159,1788086902.413266,50,4.537936,1.095296
worker_2,4160,1788086902.417828,50,4.970032,1.095520
worker_2,4161,1788086902.422845,50,4.539259,1.096352
worker_2,4162,1788086902.427409,50,4.765853,1.097632
worker_2,4163,1788086902.432196,50,4.780733,1.096992
worker_2,4164,1788086902.436993,50,4.775169,1.096096
worker_2,4165,1788086902.441799,50,4.765094,1.096224
worker_2,4166,1788086902.446580,50,5.036561,1.097856
worker_2,4167,1788086902.451666,50,4.493833,1.098208
worker_2,4168,1788086902.456185,50,4.770911,1.102112
worker_2,4169,1788086902.460973,50,4.785298,1.099072
worker_2,4170,1788086902.465776,50,5.006208,1.100576
