label,batch,start_unix_s,operations,wall_ms,cuda_batch_ms
worker_3,0,1788086882.472593,50,4.838290,4.094880
worker_3,1,1788086882.477497,50,4.558205,1.096448
worker_3,2,1788086882.482104,50,4.724770,1.096000
worker_3,3,1788086882.486872,50,4.741779,1.096896
worker_3,4,1788086882.491653,50,4.751094,1.097280
worker_3,5,1788086882.496445,50,4.762881,1.097760
worker_3,6,1788086882.501251,50,4.772169,1.097600
worker_3,7,1788086882.506069,50,4.761354,1.095552
worker_3,8,1788086882.510877,50,4.896300,1.097504
worker_3,9,1788086882.515819,50,4.572732,1.096352
worker_3,10,1788086882.520441,50,4.741483,1.097600
worker_3,11,1788086882.525220,50,4.756974,1.096704
worker_3,12,1788086882.530014,50,4.773086,1.097344
worker_3,13,1788086882.534824,50,4.745437,1.095680
worker_3,14,1788086882.539603,50,4.753326,1.096672
worker_3,15,1788086882.544389,50,4.762817,1.097632
worker_3,16,1788086882.549187,50,4.754001,1.097152
worker_3,17,1788086882.553982,50,4.777067,1.097376
worker_3,18,1788086882.558796,50,4.748455,1.096160
worker_3,19,1788086882.563581,50,4.754271,1.097760
worker_3,20,1788086882.568368,50,4.763901,1.098784
worker_3,21,1788086882.573169,50,4.753382,1.097408
worker_3,22,1788086882.577959,50,4.748715,1.096736
worker_3,23,1788086882.582742,50,4.760243,1.096896
worker_3,24,1788086882.587540,50,5.079310,1.096768
worker_3,25,1788086882.592663,50,4.413139,1.100512
worker_3,26,1788086882.597100,50,4.760279,1.095584
worker_3,27,1788086882.601880,50,4.768178,1.098336
worker_3,28,1788086882.606664,50,4.778206,1.098208
worker_3,29,1788086882.611471,50,4.767205,1.097216
worker_3,30,1788086882.616255,50,4.771364,1.097824
worker_3,31,1788086882.621042,50,4.798151,1.098464
worker_3,32,1788086882.625861,50,4.969245,1.097344
worker_3,33,1788086882.630877,50,4.748530,1.098336
worker_3,34,1788086882.635672,50,4.557037,1.098816
worker_3,35,1788086882.640253,50,4.758946,1.100448
worker_3,36,1788086882.645029,50,4.774743,1.097760
worker_3,37,1788086882.649820,50,4.786696,1.096576
worker_3,38,1788086882.654622,50,4.775039,1.097280
worker_3,39,1788086882.659412,50,4.785326,1.099584
worker_3,40,1788086882.664221,50,4.775473,1.101376
worker_3,41,1788086882.669013,50,4.777197,1.098496
worker_3,42,1788086882.673805,50,4.785576,1.098752
worker_3,43,1788086882.678606,50,4.776910,1.095712
worker_3,44,1788086882.683398,50,4.790243,1.098368
worker_3,45,1788086882.688203,50,4.778743,1.098400
worker_3,46,1788086882.692997,50,4.779529,1.096800
worker_3,47,1788086882.697792,50,4.787198,1.098592
worker_3,48,1788086882.702595,50,4.779298,1.097376
worker_3,49,1788086882.707391,50,4.777521,1.097824
worker_3,50,1788086882.712184,50,4.781122,1.101216
worker_3,51,1788086882.716980,50,4.774104,1.096224
worker_3,52,1788086882.721771,50,5.007893,1.095776
worker_3,53,1788086882.726828,50,4.716428,1.097920
worker_3,54,1788086882.731580,50,4.729271,1.095616
worker_3,55,1788086882.736344,50,4.754104,1.097504
worker_3,56,1788086882.741134,50,4.583112,1.102944
worker_3,57,1788086882.745742,50,4.759956,1.097152
worker_3,58,1788086882.750519,50,4.767567,1.095872
worker_3,59,1788086882.755301,50,4.781854,1.097536
worker_3,60,1788086882.760100,50,4.775309,1.101920
worker_3,61,1788086882.764891,50,4.771168,1.097824
worker_3,62,1788086882.769678,50,4.778428,1.097824
worker_3,63,1788086882.774472,50,4.783095,1.097824
worker_3,64,1788086882.779274,50,4.806308,1.098624
worker_3,65,1788086882.784098,50,4.769206,1.097568
worker_3,66,1788086882.788882,50,5.140070,1.102656
worker_3,67,1788086882.794049,50,4.423982,1.097376
worker_3,68,1788086882.798503,50,4.757891,1.097216
worker_3,69,1788086882.803287,50,4.766660,1.095808
worker_3,70,1788086882.808077,50,4.965189,1.099136
worker_3,71,1788086882.813077,50,4.976967,1.097248
worker_3,72,1788086882.818089,50,4.687613,1.095616
worker_3,73,1788086882.822809,50,4.840642,1.097920
worker_3,74,1788086882.827683,50,4.704280,1.097568
worker_3,75,1788086882.832423,50,4.854835,1.097472
worker_3,76,1788086882.837318,50,4.675594,1.096640
worker_3,77,1788086882.842031,50,4.496287,1.096128
worker_3,78,1788086882.846578,50,4.600482,1.098688
worker_3,79,1788086882.851207,50,4.755836,1.098848
worker_3,80,1788086882.855982,50,4.775825,1.099392
worker_3,81,1788086882.860775,50,4.785372,1.103104
worker_3,82,1788086882.865577,50,4.778159,1.097056
worker_3,83,1788086882.870370,50,4.791586,1.099808
worker_3,84,1788086882.875188,50,4.766548,1.097568
worker_3,85,1788086882.879981,50,4.752085,1.098656
worker_3,86,1788086882.884755,50,4.763919,1.095840
worker_3,87,1788086882.889537,50,4.765576,1.095648
worker_3,88,1788086882.894330,50,4.764854,1.097440
worker_3,89,1788086882.899111,50,4.776734,1.097792
worker_3,90,1788086882.903903,50,4.776947,1.099264
worker_3,91,1788086882.908697,50,4.771826,1.096672
worker_3,92,1788086882.913487,50,4.981245,1.097152
worker_3,93,1788086882.918518,50,4.590296,1.097728
worker_3,94,1788086882.923153,50,4.695252,1.097440
worker_3,95,1788086882.927872,50,4.769594,1.101792
worker_3,96,1788086882.932660,50,4.769243,1.098048
worker_3,97,1788086882.937445,50,4.780696,1.097760
worker_3,98,1788086882.942242,50,4.782687,1.099168
worker_3,99,1788086882.947041,50,4.787622,1.099392
worker_3,100,1788086882.951845,50,4.785799,1.103680
worker_3,101,1788086882.956647,50,4.775631,1.098496
worker_3,102,1788086882.961439,50,4.778715,1.097504
worker_3,103,1788086882.966233,50,4.777077,1.097792
worker_3,104,1788086882.971026,50,4.772863,1.097472
worker_3,105,1788086882.975814,50,4.992902,1.096640
worker_3,106,1788086882.980854,50,4.738659,1.095488
worker_3,107,1788086882.985650,50,4.734891,1.096064
worker_3,108,1788086882.990432,50,4.741835,1.097760
worker_3,109,1788086882.995221,50,4.554546,1.097536
worker_3,110,1788086882.999801,50,4.972364,1.099584
worker_3,111,1788086883.004818,50,4.751808,1.097216
worker_3,112,1788086883.009615,50,4.748723,1.097728
worker_3,113,1788086883.014409,50,4.751511,1.098272
worker_3,114,1788086883.019206,50,4.548954,1.098144
worker_3,115,1788086883.023778,50,4.983569,1.105056
worker_3,116,1788086883.028808,50,4.760409,1.099200
worker_3,117,1788086883.033612,50,4.762965,1.098080
worker_3,118,1788086883.038422,50,4.746148,1.096992
worker_3,119,1788086883.043214,50,4.746947,1.097728
worker_3,120,1788086883.048007,50,4.764344,1.101376
worker_3,121,1788086883.052816,50,4.753705,1.096736
worker_3,122,1788086883.057615,50,4.742595,1.097952
worker_3,123,1788086883.062403,50,4.748530,1.099136
worker_3,124,1788086883.067198,50,4.553296,1.097568
worker_3,125,1788086883.071774,50,4.985976,1.100000
worker_3,126,1788086883.076806,50,4.550250,1.099232
worker_3,127,1788086883.081394,50,4.993651,1.097056
worker_3,128,1788086883.086437,50,4.504111,1.096416
worker_3,129,1788086883.090966,50,4.976421,1.096864
worker_3,130,1788086883.095988,50,4.539315,1.097760
worker_3,131,1788086883.100551,50,4.976717,1.100288
worker_3,132,1788086883.105573,50,4.542695,1.095584
worker_3,133,1788086883.110140,50,4.774140,1.098976
worker_3,134,1788086883.114932,50,4.773696,1.098048
worker_3,135,1788086883.119722,50,4.778511,1.098784
worker_3,136,1788086883.124517,50,4.780854,1.100544
worker_3,137,1788086883.129312,50,4.777345,1.098816
worker_3,138,1788086883.134105,50,4.787771,1.098304
worker_3,139,1788086883.138908,50,4.779216,1.098688
worker_3,140,1788086883.143703,50,4.778854,1.097888
worker_3,141,1788086883.148498,50,4.783687,1.101024
worker_3,142,1788086883.153296,50,4.777327,1.097312
worker_3,143,1788086883.158088,50,4.789955,1.098112
worker_3,144,1788086883.162894,50,4.778900,1.099584
worker_3,145,1788086883.167688,50,4.778641,1.097280
worker_3,146,1788086883.172489,50,4.770761,1.100832
worker_3,147,1788086883.177276,50,4.781400,1.098816
worker_3,148,1788086883.182076,50,4.794113,1.097856
worker_3,149,1788086883.186886,50,4.773752,1.096864
worker_3,150,1788086883.191676,50,4.784234,1.097248
worker_3,151,1788086883.196476,50,4.775965,1.095776
worker_3,152,1788086883.201266,50,4.987115,1.098080
worker_3,153,1788086883.206299,50,4.770206,1.100352
worker_3,154,1788086883.211117,50,4.746557,1.097600
worker_3,155,1788086883.215909,50,4.750058,1.097568
worker_3,156,1788086883.220799,50,4.651528,1.098272
worker_3,157,1788086883.225496,50,4.545445,1.097344
worker_3,158,1788086883.230067,50,4.761224,1.098368
worker_3,159,1788086883.234846,50,4.983708,1.098368
worker_3,160,1788086883.239876,50,4.552046,1.103360
worker_3,161,1788086883.244454,50,5.000828,1.099008
worker_3,162,1788086883.249500,50,4.541168,1.097792
worker_3,163,1788086883.254064,50,4.978375,1.098464
worker_3,164,1788086883.259089,50,4.546612,1.099232
worker_3,165,1788086883.263660,50,4.776615,1.105024
worker_3,166,1788086883.268470,50,4.770428,1.096992
worker_3,167,1788086883.273257,50,4.997300,1.097632
worker_3,168,1788086883.278302,50,4.533074,1.097792
worker_3,169,1788086883.282860,50,4.973578,1.097888
worker_3,170,1788086883.287879,50,4.546436,1.103072
worker_3,171,1788086883.292449,50,5.004642,1.096896
worker_3,172,1788086883.297501,50,4.533583,1.097280
worker_3,173,1788086883.302060,50,4.976004,1.096512
worker_3,174,1788086883.307081,50,4.543399,1.098240
worker_3,175,1788086883.311649,50,4.771113,1.103008
worker_3,176,1788086883.316437,50,4.790076,1.098944
worker_3,177,1788086883.321244,50,4.996291,1.096480
worker_3,178,1788086883.326289,50,4.532704,1.097632
worker_3,179,1788086883.330846,50,4.973095,1.097472
worker_3,180,1788086883.335866,50,4.550111,1.104384
worker_3,181,1788086883.340440,50,4.989468,1.097408
worker_3,182,1788086883.345477,50,4.548001,1.097216
worker_3,183,1788086883.350050,50,4.971634,1.096960
worker_3,184,1788086883.355069,50,4.546639,1.097792
worker_3,185,1788086883.359653,50,4.744094,1.096000
worker_3,186,1788086883.364415,50,4.766335,1.095680
worker_3,187,1788086883.369199,50,4.991736,1.098112
worker_3,188,1788086883.374240,50,4.535148,1.097632
worker_3,189,1788086883.378800,50,4.970911,1.097152
worker_3,190,1788086883.383817,50,4.540982,1.098240
worker_3,191,1788086883.388383,50,4.981328,1.097216
worker_3,192,1788086883.393409,50,4.544166,1.098496
worker_3,193,1788086883.397978,50,4.968207,1.096640
worker_3,194,1788086883.402992,50,4.545722,1.098656
worker_3,195,1788086883.407561,50,4.767530,1.099040
worker_3,196,1788086883.412348,50,4.776077,1.098976
worker_3,197,1788086883.417140,50,4.997764,1.097120
worker_3,198,1788086883.422188,50,4.537889,1.098816
worker_3,199,1788086883.426749,50,4.974236,1.097472
worker_3,200,1788086883.431768,50,4.555973,1.104928
worker_3,201,1788086883.436349,50,4.985438,1.097088
worker_3,202,1788086883.441379,50,4.542769,1.097280
worker_3,203,1788086883.445946,50,4.974513,1.098080
worker_3,204,1788086883.450968,50,4.537343,1.097696
worker_3,205,1788086883.455543,50,4.750400,1.097792
worker_3,206,1788086883.460312,50,4.774113,1.097376
worker_3,207,1788086883.465103,50,4.988550,1.096544
worker_3,208,1788086883.470140,50,4.537510,1.097152
worker_3,209,1788086883.474703,50,4.976338,1.098400
worker_3,210,1788086883.479725,50,4.544704,1.098560
worker_3,211,1788086883.484294,50,4.973282,1.097312
worker_3,212,1788086883.489313,50,4.547908,1.097792
worker_3,213,1788086883.493885,50,4.975514,1.096064
worker_3,214,1788086883.498905,50,4.537593,1.097728
worker_3,215,1788086883.503467,50,4.763252,1.096544
worker_3,216,1788086883.508249,50,4.774160,1.098176
worker_3,217,1788086883.513039,50,5.000282,1.097824
worker_3,218,1788086883.518086,50,4.531250,1.097248
worker_3,219,1788086883.522642,50,4.980226,1.096448
worker_3,220,1788086883.527670,50,4.534852,1.097216
worker_3,221,1788086883.532238,50,4.762678,1.099104
worker_3,222,1788086883.537018,50,4.784855,1.100192
worker_3,223,1788086883.541819,50,4.991494,1.097600
worker_3,224,1788086883.546869,50,4.525713,1.098400
worker_3,225,1788086883.551419,50,4.765363,1.095808
worker_3,226,1788086883.556202,50,4.786161,1.098464
worker_3,227,1788086883.561006,50,4.786465,1.098400
worker_3,228,1788086883.565809,50,4.773586,1.097728
worker_3,229,1788086883.570598,50,4.992023,1.097760
worker_3,230,1788086883.575639,50,4.557260,1.099104
worker_3,231,1788086883.580227,50,4.756057,1.098144
worker_3,232,1788086883.585002,50,4.772048,1.098912
worker_3,233,1788086883.589792,50,4.987688,1.098368
worker_3,234,1788086883.594826,50,4.542945,1.097024
worker_3,235,1788086883.599392,50,4.765891,1.097760
worker_3,236,1788086883.604176,50,4.789633,1.097472
worker_3,237,1788086883.608981,50,4.786724,1.098432
worker_3,238,1788086883.613783,50,4.781706,1.101184
worker_3,239,1788086883.618580,50,4.993041,1.097120
worker_3,240,1788086883.623621,50,4.538815,1.098592
worker_3,241,1788086883.628183,50,4.765613,1.098112
worker_3,242,1788086883.632965,50,4.801753,1.104928
worker_3,243,1788086883.637783,50,4.985569,1.096320
worker_3,244,1788086883.642827,50,4.527833,1.096928
worker_3,245,1788086883.647379,50,4.769714,1.099232
worker_3,246,1788086883.652168,50,4.772771,1.098304
worker_3,247,1788086883.656958,50,4.797631,1.096288
worker_3,248,1788086883.661773,50,4.775863,1.097824
worker_3,249,1788086883.666565,50,4.998144,1.098752
worker_3,250,1788086883.671612,50,4.533278,1.098400
worker_3,251,1788086883.676169,50,4.769835,1.099872
worker_3,252,1788086883.680957,50,4.785290,1.097600
worker_3,253,1788086883.685759,50,4.990614,1.097504
worker_3,254,1788086883.690797,50,4.546675,1.098080
worker_3,255,1788086883.695369,50,4.760242,1.097184
worker_3,256,1788086883.700146,50,4.781558,1.099072
worker_3,257,1788086883.704945,50,4.787464,1.100992
worker_3,258,1788086883.709750,50,4.776353,1.097280
worker_3,259,1788086883.714545,50,5.001531,1.097824
worker_3,260,1788086883.719593,50,4.531537,1.099840
worker_3,261,1788086883.724148,50,4.763835,1.098464
worker_3,262,1788086883.728930,50,4.775140,1.098112
worker_3,263,1788086883.733729,50,4.983384,1.098240
worker_3,264,1788086883.738762,50,4.532935,1.098432
worker_3,265,1788086883.743320,50,4.769567,1.098272
worker_3,266,1788086883.748107,50,4.778633,1.099840
worker_3,267,1788086883.752903,50,4.770066,1.097184
worker_3,268,1788086883.757689,50,4.792484,1.099840
worker_3,269,1788086883.762497,50,5.004652,1.102528
worker_3,270,1788086883.767550,50,4.536111,1.099392
worker_3,271,1788086883.772110,50,4.770224,1.099424
worker_3,272,1788086883.776899,50,4.771085,1.097728
worker_3,273,1788086883.781686,50,5.007513,1.097504
worker_3,274,1788086883.786739,50,4.538315,1.098816
worker_3,275,1788086883.791302,50,4.764622,1.096960
worker_3,276,1788086883.796084,50,4.786353,1.098624
worker_3,277,1788086883.800887,50,4.790724,1.103872
worker_3,278,1788086883.805694,50,4.779872,1.097024
worker_3,279,1788086883.810488,50,5.009448,1.097568
worker_3,280,1788086883.815546,50,4.522259,1.095840
worker_3,281,1788086883.820092,50,4.761344,1.097792
worker_3,282,1788086883.824871,50,4.770428,1.097728
worker_3,283,1788086883.829671,50,4.976513,1.095872
worker_3,284,1788086883.834696,50,4.548556,1.098656
worker_3,285,1788086883.839269,50,4.766252,1.096800
worker_3,286,1788086883.844054,50,4.778021,1.102400
worker_3,287,1788086883.848850,50,4.775019,1.096960
worker_3,288,1788086883.853641,50,4.780594,1.098880
worker_3,289,1788086883.858437,50,5.002578,1.097088
worker_3,290,1788086883.863488,50,4.529063,1.099168
worker_3,291,1788086883.868041,50,4.763344,1.097120
worker_3,292,1788086883.872822,50,4.778409,1.097280
worker_3,293,1788086883.877616,50,5.006476,1.097568
worker_3,294,1788086883.882670,50,4.519668,1.097344
worker_3,295,1788086883.887213,50,4.763723,1.098048
worker_3,296,1788086883.891996,50,4.778233,1.099232
worker_3,297,1788086883.896790,50,4.782669,1.096736
worker_3,298,1788086883.901588,50,4.781095,1.097632
worker_3,299,1788086883.906384,50,5.006115,1.097952
worker_3,300,1788086883.911438,50,4.529556,1.097344
worker_3,301,1788086883.915992,50,4.765271,1.097152
worker_3,302,1788086883.920789,50,4.771586,1.097632
worker_3,303,1788086883.925577,50,4.982764,1.096704
worker_3,304,1788086883.930608,50,4.547148,1.097856
worker_3,305,1788086883.935178,50,4.767392,1.097792
worker_3,306,1788086883.939963,50,4.788965,1.099136
worker_3,307,1788086883.944768,50,4.785123,1.097728
worker_3,308,1788086883.949568,50,4.779058,1.097600
worker_3,309,1788086883.954365,50,4.776983,1.097184
worker_3,310,1788086883.959233,50,4.701983,1.099552
worker_3,311,1788086883.963953,50,4.772761,1.099488
worker_3,312,1788086883.968742,50,4.773105,1.098688
worker_3,313,1788086883.973532,50,4.772548,1.097792
worker_3,314,1788086883.978320,50,4.776826,1.097824
worker_3,315,1788086883.983112,50,4.790881,1.096832
worker_3,316,1788086883.987918,50,4.778706,1.097568
worker_3,317,1788086883.992712,50,4.804437,1.110080
worker_3,318,1788086883.997532,50,4.778391,1.098880
worker_3,319,1788086884.002325,50,4.781207,1.097792
worker_3,320,1788086884.007122,50,4.776641,1.097600
worker_3,321,1788086884.011914,50,4.787252,1.098752
worker_3,322,1788086884.016726,50,4.795419,1.113312
worker_3,323,1788086884.021537,50,4.778030,1.098656
worker_3,324,1788086884.026330,50,4.782761,1.099200
worker_3,325,1788086884.031128,50,4.777521,1.097568
worker_3,326,1788086884.035921,50,4.783187,1.099072
worker_3,327,1788086884.040719,50,5.035514,1.114848
worker_3,328,1788086884.045803,50,4.743261,1.098976
worker_3,329,1788086884.050591,50,4.528769,1.097184
worker_3,330,1788086884.055145,50,4.977930,1.097440
worker_3,331,1788086884.060169,50,4.538676,1.096992
worker_3,332,1788086884.064732,50,5.001291,1.101952
worker_3,333,1788086884.069779,50,4.536898,1.097312
worker_3,334,1788086884.074341,50,4.980467,1.098208
worker_3,335,1788086884.079367,50,4.541546,1.097792
worker_3,336,1788086884.083933,50,4.764539,1.097408
worker_3,337,1788086884.088716,50,4.767446,1.097824
worker_3,338,1788086884.093500,50,4.984208,1.095296
worker_3,339,1788086884.098532,50,4.539111,1.097472
worker_3,340,1788086884.103096,50,4.980624,1.097216
worker_3,341,1788086884.108147,50,4.527075,1.105600
worker_3,342,1788086884.112700,50,4.967567,1.098560
worker_3,343,1788086884.117714,50,4.543685,1.098400
worker_3,344,1788086884.122282,50,4.969162,1.097664
worker_3,345,1788086884.127299,50,4.546288,1.096160
worker_3,346,1788086884.131868,50,4.772271,1.102880
worker_3,347,1788086884.136659,50,4.773113,1.097408
worker_3,348,1788086884.141448,50,4.993921,1.097152
worker_3,349,1788086884.146488,50,4.529658,1.097216
worker_3,350,1788086884.151044,50,4.978764,1.097312
worker_3,351,1788086884.156069,50,4.542296,1.101888
worker_3,352,1788086884.160636,50,4.965447,1.095424
worker_3,353,1788086884.165649,50,4.543427,1.096544
worker_3,354,1788086884.170218,50,4.968134,1.098528
worker_3,355,1788086884.175233,50,4.553056,1.098272
worker_3,356,1788086884.179810,50,4.765781,1.098336
worker_3,357,1788086884.184593,50,4.773660,1.097472
worker_3,358,1788086884.189383,50,4.982504,1.096640
worker_3,359,1788086884.194414,50,4.546778,1.098848
worker_3,360,1788086884.198985,50,4.976264,1.097312
worker_3,361,1788086884.204019,50,4.538620,1.105504
worker_3,362,1788086884.208585,50,4.988235,1.097152
worker_3,363,1788086884.213619,50,4.534121,1.098048
worker_3,364,1788086884.218177,50,4.999541,1.098336
worker_3,365,1788086884.223223,50,4.547796,1.097472
worker_3,366,1788086884.227797,50,4.756521,1.097312
worker_3,367,1788086884.232571,50,4.771678,1.097184
worker_3,368,1788086884.237359,50,5.006032,1.098944
worker_3,369,1788086884.242412,50,4.522399,1.097536
worker_3,370,1788086884.246958,50,4.977845,1.097280
worker_3,371,1788086884.251983,50,4.545343,1.099808
worker_3,372,1788086884.256552,50,4.986745,1.097152
worker_3,373,1788086884.261584,50,4.543130,1.097312
worker_3,374,1788086884.266153,50,4.994254,1.096576
worker_3,375,1788086884.271194,50,4.539139,1.097632
worker_3,376,1788086884.275757,50,4.768204,1.097856
worker_3,377,1788086884.280542,50,4.777761,1.100320
worker_3,378,1788086884.285335,50,4.987457,1.096416
worker_3,379,1788086884.290371,50,4.543964,1.097312
worker_3,380,1788086884.294953,50,4.967282,1.096576
worker_3,381,1788086884.299967,50,4.537815,1.097824
worker_3,382,1788086884.304528,50,4.983106,1.101920
worker_3,383,1788086884.309557,50,4.533399,1.097024
worker_3,384,1788086884.314115,50,4.780558,1.096608
worker_3,385,1788086884.318914,50,4.981670,1.096576
worker_3,386,1788086884.323945,50,4.534704,1.097792
worker_3,387,1788086884.328504,50,4.984597,1.105536
worker_3,388,1788086884.333536,50,4.533250,1.097792
worker_3,389,1788086884.338093,50,4.974106,1.098368
worker_3,390,1788086884.343113,50,4.542325,1.097824
worker_3,391,1788086884.347681,50,4.764594,1.100704
worker_3,392,1788086884.352465,50,4.777484,1.097920
worker_3,393,1788086884.357260,50,4.926874,1.095968
worker_3,394,1788086884.362205,50,4.773030,1.096960
worker_3,395,1788086884.366995,50,4.778363,1.097600
worker_3,396,1788086884.371790,50,4.791540,1.097088
worker_3,397,1788086884.376597,50,4.640872,1.099424
worker_3,398,1788086884.381253,50,4.903531,1.097632
worker_3,399,1788086884.386172,50,4.784409,1.097568
worker_3,400,1788086884.390984,50,4.986095,1.096864
worker_3,401,1788086884.396019,50,4.541555,1.098752
worker_3,402,1788086884.400588,50,4.960282,1.099168
worker_3,403,1788086884.405593,50,4.543288,1.098048
worker_3,404,1788086884.410159,50,4.968596,1.096608
worker_3,405,1788086884.415173,50,4.543889,1.097344
worker_3,406,1788086884.419741,50,4.754289,1.096704
worker_3,407,1788086884.424513,50,4.792835,1.098528
worker_3,408,1788086884.429320,50,4.990300,1.097760
worker_3,409,1788086884.434357,50,4.399156,1.097952
worker_3,410,1788086884.438780,50,4.978504,1.098464
worker_3,411,1788086884.443804,50,4.550232,1.096864
worker_3,412,1788086884.448378,50,4.971791,1.097344
worker_3,413,1788086884.453395,50,4.543889,1.098368
worker_3,414,1788086884.457963,50,4.994069,1.098496
worker_3,415,1788086884.463005,50,4.541630,1.098816
worker_3,416,1788086884.467571,50,4.760603,1.095808
worker_3,417,1788086884.472349,50,4.768733,1.099072
worker_3,418,1788086884.477136,50,4.983773,1.097536
worker_3,419,1788086884.482181,50,4.524222,1.095808
worker_3,420,1788086884.486730,50,4.971263,1.098496
worker_3,421,1788086884.491749,50,4.541741,1.097792
worker_3,422,1788086884.496315,50,4.973198,1.099264
worker_3,423,1788086884.501337,50,4.545222,1.096128
worker_3,424,1788086884.505907,50,4.977809,1.096320
worker_3,425,1788086884.510932,50,4.543621,1.098752
worker_3,426,1788086884.515500,50,4.777030,1.104320
worker_3,427,1788086884.520295,50,4.781530,1.102208
worker_3,428,1788086884.525092,50,4.987245,1.097856
worker_3,429,1788086884.530128,50,4.540131,1.098400
worker_3,430,1788086884.534693,50,4.979911,1.098976
worker_3,431,1788086884.539720,50,4.549093,1.098688
worker_3,432,1788086884.544295,50,4.971873,1.096960
worker_3,433,1788086884.549314,50,4.540362,1.099296
worker_3,434,1788086884.553881,50,4.973883,1.097536
worker_3,435,1788086884.558899,50,4.537777,1.095744
worker_3,436,1788086884.563463,50,4.768391,1.096960
worker_3,437,1788086884.568249,50,4.772132,1.098048
worker_3,438,1788086884.573038,50,4.988402,1.097088
worker_3,439,1788086884.578085,50,4.527972,1.097792
worker_3,440,1788086884.582640,50,4.975105,1.096000
worker_3,441,1788086884.587660,50,4.537537,1.097408
worker_3,442,1788086884.592229,50,4.757873,1.102144
worker_3,443,1788086884.597005,50,4.777001,1.097792
worker_3,444,1788086884.601798,50,4.995568,1.098560
worker_3,445,1788086884.606842,50,4.543398,1.096800
worker_3,446,1788086884.611409,50,4.766020,1.097056
worker_3,447,1788086884.616193,50,4.778733,1.100288
worker_3,448,1788086884.620987,50,4.782447,1.098624
worker_3,449,1788086884.625786,50,4.781827,1.097536
worker_3,450,1788086884.630584,50,4.988077,1.096992
worker_3,451,1788086884.635621,50,4.553463,1.098048
worker_3,452,1788086884.640198,50,4.767955,1.101184
worker_3,453,1788086884.644984,50,4.774114,1.097600
worker_3,454,1788086884.649773,50,4.785252,1.099232
worker_3,455,1788086884.654574,50,4.839772,1.096832
worker_3,456,1788086884.659461,50,4.689854,1.097312
worker_3,457,1788086884.664178,50,4.761465,1.099488
worker_3,458,1788086884.668977,50,4.774529,1.095808
worker_3,459,1788086884.673769,50,4.981069,1.095648
worker_3,460,1788086884.678797,50,4.540482,1.098208
worker_3,461,1788086884.683360,50,4.784418,1.098336
worker_3,462,1788086884.688163,50,4.777770,1.097760
worker_3,463,1788086884.692957,50,4.776836,1.097728
worker_3,464,1788086884.697830,50,4.694816,1.097792
worker_3,465,1788086884.702543,50,4.993116,1.096608
worker_3,466,1788086884.707585,50,4.542075,1.098880
worker_3,467,1788086884.712151,50,4.761669,1.097088
worker_3,468,1788086884.716931,50,4.772983,1.097344
worker_3,469,1788086884.721720,50,4.828161,1.096288
worker_3,470,1788086884.726593,50,4.698974,1.098208
worker_3,471,1788086884.731319,50,4.760169,1.098848
worker_3,472,1788086884.736098,50,4.775335,1.099136
worker_3,473,1788086884.740898,50,4.792402,1.099904
worker_3,474,1788086884.745709,50,4.771150,1.097312
worker_3,475,1788086884.750497,50,4.775021,1.095680
worker_3,476,1788086884.755288,50,4.793512,1.097408
worker_3,477,1788086884.760099,50,4.779742,1.096672
worker_3,478,1788086884.764910,50,4.761123,1.097376
worker_3,479,1788086884.769688,50,4.774955,1.097696
worker_3,480,1788086884.774481,50,4.773003,1.097216
worker_3,481,1788086884.779270,50,5.005819,1.099072
worker_3,482,1788086884.784325,50,4.526482,1.099680
worker_3,483,1788086884.788876,50,4.985493,1.097376
worker_3,484,1788086884.793909,50,4.538426,1.097024
worker_3,485,1788086884.798472,50,4.987051,1.096960
worker_3,486,1788086884.803507,50,4.545295,1.098304
worker_3,487,1788086884.808077,50,4.761613,1.098368
worker_3,488,1788086884.812858,50,4.766418,1.096640
worker_3,489,1788086884.817641,50,4.987772,1.095712
worker_3,490,1788086884.822677,50,4.538473,1.097632
worker_3,491,1788086884.827240,50,4.779715,1.097760
worker_3,492,1788086884.832037,50,4.780178,1.100864
worker_3,493,1788086884.836834,50,4.778123,1.097728
worker_3,494,1788086884.841627,50,4.776622,1.097504
worker_3,495,1788086884.846420,50,4.776465,1.096384
worker_3,496,1788086884.851213,50,4.784937,1.097152
worker_3,497,1788086884.856024,50,4.767993,1.099808
worker_3,498,1788086884.860808,50,4.779965,1.098784
worker_3,499,1788086884.865603,50,4.782484,1.098496
worker_3,500,1788086884.870402,50,4.776420,1.098272
worker_3,501,1788086884.875194,50,4.846539,1.098784
worker_3,502,1788086884.880089,50,4.686427,1.100448
worker_3,503,1788086884.884802,50,4.762197,1.098816
worker_3,504,1788086884.889583,50,4.982883,1.097152
worker_3,505,1788086884.894613,50,4.539565,1.097536
worker_3,506,1788086884.899178,50,4.761206,1.097536
worker_3,507,1788086884.903956,50,4.781956,1.097760
worker_3,508,1788086884.908755,50,4.781901,1.102688
worker_3,509,1788086884.913553,50,4.777039,1.097728
worker_3,510,1788086884.918345,50,4.991189,1.098752
worker_3,511,1788086884.923384,50,4.543547,1.097344
worker_3,512,1788086884.927952,50,4.765446,1.097632
worker_3,513,1788086884.932735,50,4.767835,1.101856
worker_3,514,1788086884.937520,50,4.986171,1.096608
worker_3,515,1788086884.942555,50,4.535705,1.098144
worker_3,516,1788086884.947116,50,4.973679,1.097952
worker_3,517,1788086884.952147,50,4.534398,1.095712
worker_3,518,1788086884.956706,50,4.968171,1.097632
worker_3,519,1788086884.961720,50,4.541185,1.096928
worker_3,520,1788086884.966285,50,4.975893,1.096512
worker_3,521,1788086884.971310,50,4.540398,1.097440
worker_3,522,1788086884.975875,50,4.766668,1.096992
worker_3,523,1788086884.980659,50,4.778790,1.100256
worker_3,524,1788086884.985454,50,4.984300,1.097408
worker_3,525,1788086884.990487,50,4.544028,1.097504
worker_3,526,1788086884.995054,50,4.972151,1.096800
worker_3,527,1788086885.000073,50,4.545963,1.097312
worker_3,528,1788086885.004644,50,4.982264,1.103488
worker_3,529,1788086885.009672,50,4.533870,1.099296
worker_3,530,1788086885.014230,50,4.985439,1.097824
worker_3,531,1788086885.019261,50,4.535250,1.097120
worker_3,532,1788086885.023821,50,4.764649,1.097760
worker_3,533,1788086885.028604,50,4.779642,1.098304
worker_3,534,1788086885.033398,50,4.995050,1.097376
worker_3,535,1788086885.038442,50,4.532704,1.096960
worker_3,536,1788086885.043013,50,4.963513,1.097408
worker_3,537,1788086885.048023,50,4.540222,1.097152
worker_3,538,1788086885.052588,50,4.978300,1.101184
worker_3,539,1788086885.057611,50,4.536805,1.097120
worker_3,540,1788086885.062175,50,4.992476,1.097728
worker_3,541,1788086885.067214,50,4.534093,1.097024
worker_3,542,1788086885.071773,50,4.772844,1.108896
worker_3,543,1788086885.076564,50,4.775577,1.096160
worker_3,544,1788086885.081355,50,4.990226,1.097696
worker_3,545,1788086885.086391,50,4.555510,1.099008
worker_3,546,1788086885.090973,50,4.965929,1.097696
worker_3,547,1788086885.095985,50,4.544444,1.096096
worker_3,548,1788086885.100555,50,4.975865,1.102080
worker_3,549,1788086885.105576,50,4.542640,1.097280
worker_3,550,1788086885.110144,50,4.977078,1.098016
worker_3,551,1788086885.115167,50,4.543630,1.097792
worker_3,552,1788086885.119735,50,4.761344,1.095712
worker_3,553,1788086885.124515,50,4.773123,1.100320
worker_3,554,1788086885.129304,50,4.986133,1.097088
worker_3,555,1788086885.134337,50,4.556277,1.098752
worker_3,556,1788086885.138931,50,4.956123,1.096512
worker_3,557,1788086885.143932,50,4.553796,1.097696
worker_3,558,1788086885.148510,50,4.970430,1.097824
worker_3,559,1788086885.153526,50,4.535139,1.097216
worker_3,560,1788086885.158086,50,4.778391,1.100416
worker_3,561,1788086885.162883,50,4.774094,1.096800
worker_3,562,1788086885.167675,50,4.772752,1.097696
worker_3,563,1788086885.172464,50,4.778854,1.099904
worker_3,564,1788086885.177261,50,4.769854,1.096544
worker_3,565,1788086885.182047,50,4.798391,1.100192
worker_3,566,1788086885.186860,50,4.774567,1.096544
worker_3,567,1788086885.191649,50,4.779742,1.098848
worker_3,568,1788086885.196445,50,4.985773,1.097536
worker_3,569,1788086885.201477,50,4.745530,1.097216
worker_3,570,1788086885.206268,50,4.561778,1.096256
worker_3,571,1788086885.210853,50,4.972384,1.096608
worker_3,572,1788086885.215874,50,4.539731,1.098944
worker_3,573,1788086885.220441,50,4.971642,1.099840
worker_3,574,1788086885.225459,50,4.537722,1.096576
worker_3,575,1788086885.230033,50,4.763742,1.097344
worker_3,576,1788086885.234817,50,4.981106,1.096960
worker_3,577,1788086885.239845,50,4.541241,1.098048
worker_3,578,1788086885.244412,50,4.965754,1.099424
worker_3,579,1788086885.249424,50,4.543185,1.098144
worker_3,580,1788086885.253991,50,4.984818,1.096992
worker_3,581,1788086885.259022,50,4.538083,1.099264
worker_3,582,1788086885.263586,50,4.758270,1.096512
worker_3,583,1788086885.268362,50,4.776596,1.098848
worker_3,584,1788086885.273155,50,4.773326,1.096672
worker_3,585,1788086885.277945,50,4.789474,1.097344
worker_3,586,1788086885.282751,50,4.773308,1.097152
worker_3,587,1788086885.287541,50,4.776242,1.097600
worker_3,588,1788086885.292333,50,4.775873,1.097376
worker_3,589,1788086885.297125,50,4.778252,1.097632
worker_3,590,1788086885.301919,50,4.795920,1.097408
worker_3,591,1788086885.306731,50,4.773817,1.096704
worker_3,592,1788086885.311522,50,4.770345,1.096576
worker_3,593,1788086885.316309,50,4.993948,1.097920
worker_3,594,1788086885.321352,50,4.523408,1.096704
worker_3,595,1788086885.325915,50,4.966523,1.097504
worker_3,596,1788086885.330928,50,4.542778,1.098240
worker_3,597,1788086885.335495,50,4.762029,1.096352
worker_3,598,1788086885.340275,50,4.776133,1.101312
worker_3,599,1788086885.345068,50,4.996134,1.097088
worker_3,600,1788086885.350112,50,4.522204,1.097504
worker_3,601,1788086885.354659,50,4.972456,1.096672
worker_3,602,1788086885.359678,50,4.551268,1.097280
worker_3,603,1788086885.364254,50,4.968403,1.099520
worker_3,604,1788086885.369271,50,4.537111,1.098400
worker_3,605,1788086885.373833,50,4.979207,1.098176
worker_3,606,1788086885.378860,50,4.542315,1.097408
worker_3,607,1788086885.383426,50,4.771057,1.095520
worker_3,608,1788086885.388222,50,4.767429,1.098080
worker_3,609,1788086885.393006,50,4.773215,1.096736
worker_3,610,1788086885.397795,50,4.783280,1.097088
worker_3,611,1788086885.402595,50,4.984958,1.097632
worker_3,612,1788086885.407630,50,4.543380,1.097824
worker_3,613,1788086885.412199,50,4.760539,1.100160
worker_3,614,1788086885.416991,50,4.751705,1.096256
worker_3,615,1788086885.421759,50,4.989588,1.096736
worker_3,616,1788086885.426796,50,4.540944,1.097696
worker_3,617,1788086885.431360,50,4.769817,1.096640
worker_3,618,1788086885.436227,50,4.696270,1.098944
worker_3,619,1788086885.440942,50,4.771002,1.097088
worker_3,620,1788086885.445730,50,4.768475,1.095616
worker_3,621,1788086885.450516,50,4.986717,1.097792
worker_3,622,1788086885.455551,50,4.537825,1.096224
worker_3,623,1788086885.460114,50,4.766011,1.101184
worker_3,624,1788086885.464899,50,4.770280,1.099424
worker_3,625,1788086885.469686,50,4.775076,1.097824
worker_3,626,1788086885.474478,50,4.772325,1.096288
worker_3,627,1788086885.479267,50,4.796280,1.096736
worker_3,628,1788086885.484081,50,4.775151,1.097856
worker_3,629,1788086885.488872,50,4.775114,1.097152
worker_3,630,1788086885.493663,50,4.777465,1.097248
worker_3,631,1788086885.498456,50,4.777604,1.097536
worker_3,632,1788086885.503250,50,4.785883,1.095584
worker_3,633,1788086885.508050,50,4.985272,1.099648
worker_3,634,1788086885.513095,50,4.732141,1.096480
worker_3,635,1788086885.517874,50,4.544861,1.097888
worker_3,636,1788086885.522445,50,4.967558,1.096544
worker_3,637,1788086885.527460,50,4.566176,1.098592
worker_3,638,1788086885.532052,50,4.763715,1.100864
worker_3,639,1788086885.536833,50,4.778103,1.099072
worker_3,640,1788086885.541628,50,4.995060,1.096352
worker_3,641,1788086885.546673,50,4.532315,1.097440
worker_3,642,1788086885.551232,50,4.763039,1.098144
worker_3,643,1788086885.556014,50,4.778817,1.105024
worker_3,644,1788086885.560810,50,4.770215,1.095680
worker_3,645,1788086885.565596,50,4.785419,1.098304
worker_3,646,1788086885.570397,50,4.993106,1.098496
worker_3,647,1788086885.575438,50,4.535981,1.097024
worker_3,648,1788086885.580000,50,4.762780,1.098624
worker_3,649,1788086885.584781,50,4.771789,1.097024
worker_3,650,1788086885.589571,50,4.990133,1.097280
worker_3,651,1788086885.594608,50,4.534185,1.096576
worker_3,652,1788086885.599168,50,4.762965,1.097408
worker_3,653,1788086885.603962,50,4.757298,1.097824
worker_3,654,1788086885.608737,50,4.776373,1.097344
worker_3,655,1788086885.613529,50,4.778881,1.099392
worker_3,656,1788086885.618324,50,4.989032,1.097568
worker_3,657,1788086885.623362,50,4.565918,1.097792
worker_3,658,1788086885.627953,50,4.761854,1.098208
worker_3,659,1788086885.632734,50,4.768419,1.097216
worker_3,660,1788086885.637520,50,4.989254,1.097280
worker_3,661,1788086885.642558,50,4.531166,1.096704
worker_3,662,1788086885.647115,50,4.971541,1.096192
worker_3,663,1788086885.652133,50,4.545046,1.101344
worker_3,664,1788086885.656702,50,4.977939,1.097216
worker_3,665,1788086885.661729,50,4.539065,1.096928
worker_3,666,1788086885.666292,50,4.979430,1.097856
worker_3,667,1788086885.671319,50,4.537834,1.097184
worker_3,668,1788086885.675882,50,4.773650,1.103744
worker_3,669,1788086885.680674,50,4.769271,1.097824
worker_3,670,1788086885.685462,50,4.991263,1.097344
worker_3,671,1788086885.690501,50,4.533842,1.097280
worker_3,672,1788086885.695060,50,4.973504,1.096768
worker_3,673,1788086885.700100,50,4.520259,1.097152
worker_3,674,1788086885.704646,50,4.969299,1.097152
worker_3,675,1788086885.709661,50,4.541500,1.098368
worker_3,676,1788086885.714229,50,4.976300,1.095264
worker_3,677,1788086885.719252,50,4.545955,1.097344
worker_3,678,1788086885.723823,50,4.763733,1.098560
worker_3,679,1788086885.728604,50,4.770696,1.097088
worker_3,680,1788086885.733391,50,4.983180,1.095616
worker_3,681,1788086885.738423,50,4.548029,1.097696
worker_3,682,1788086885.742997,50,5.008227,1.096032
worker_3,683,1788086885.748052,50,4.512287,1.109120
worker_3,684,1788086885.752593,50,4.995142,1.099648
worker_3,685,1788086885.757636,50,4.533138,1.097056
worker_3,686,1788086885.762195,50,4.971698,1.096032
worker_3,687,1788086885.767215,50,4.537065,1.096448
worker_3,688,1788086885.771777,50,4.764206,1.098720
worker_3,689,1788086885.776560,50,4.775817,1.097888
worker_3,690,1788086885.781352,50,4.992995,1.098016
worker_3,691,1788086885.786395,50,4.543157,1.097184
worker_3,692,1788086885.790963,50,4.982690,1.096672
worker_3,693,1788086885.795993,50,4.522695,1.098592
worker_3,694,1788086885.800557,50,4.973697,1.095360
worker_3,695,1788086885.805579,50,4.541583,1.097408
worker_3,696,1788086885.810146,50,4.971069,1.097408
worker_3,697,1788086885.815166,50,4.535797,1.096736
worker_3,698,1788086885.819727,50,4.762863,1.097856
worker_3,699,1788086885.824509,50,4.773391,1.097888
worker_3,700,1788086885.829298,50,4.984365,1.095904
worker_3,701,1788086885.834332,50,4.532665,1.098816
worker_3,702,1788086885.838891,50,4.976577,1.096224
worker_3,703,1788086885.843916,50,4.542935,1.099648
worker_3,704,1788086885.848485,50,5.003291,1.097856
worker_3,705,1788086885.853535,50,4.519806,1.098528
worker_3,706,1788086885.858080,50,5.000689,1.096064
worker_3,707,1788086885.863129,50,4.539167,1.101312
worker_3,708,1788086885.867693,50,4.762557,1.098048
worker_3,709,1788086885.872476,50,4.770252,1.098720
worker_3,710,1788086885.877264,50,4.992976,1.096512
worker_3,711,1788086885.882306,50,4.565224,1.098464
worker_3,712,1788086885.886899,50,4.979495,1.098336
worker_3,713,1788086885.891926,50,4.531390,1.099808
worker_3,714,1788086885.896495,50,4.961799,1.097664
worker_3,715,1788086885.901504,50,4.541259,1.097120
worker_3,716,1788086885.906072,50,4.754465,1.097248
worker_3,717,1788086885.910846,50,4.986337,1.097504
worker_3,718,1788086885.915882,50,4.552455,1.102496
worker_3,719,1788086885.920460,50,4.979504,1.097920
worker_3,720,1788086885.925487,50,4.538741,1.097120
worker_3,721,1788086885.930052,50,4.977299,1.096800
worker_3,722,1788086885.935076,50,4.537491,1.096192
worker_3,723,1788086885.939640,50,4.759576,1.098176
worker_3,724,1788086885.944420,50,4.770066,1.099456
worker_3,725,1788086885.949207,50,4.983643,1.095648
worker_3,726,1788086885.954241,50,4.528945,1.097280
worker_3,727,1788086885.958797,50,4.992152,1.095296
worker_3,728,1788086885.963836,50,4.518122,1.097312
worker_3,729,1788086885.968379,50,4.965476,1.097600
worker_3,730,1788086885.973391,50,4.551296,1.096736
worker_3,731,1788086885.977970,50,4.753826,1.095904
worker_3,732,1788086885.982747,50,4.753326,1.095840
worker_3,733,1788086885.987536,50,4.744854,1.096576
worker_3,734,1788086885.992300,50,4.773123,1.099840
worker_3,735,1788086885.997090,50,4.774910,1.097152
worker_3,736,1788086886.001881,50,4.771735,1.095520
worker_3,737,1788086886.006669,50,4.774048,1.097536
worker_3,738,1788086886.011458,50,4.781354,1.096256
worker_3,739,1788086886.016256,50,4.772474,1.097408
worker_3,740,1788086886.021046,50,4.772928,1.098400
worker_3,741,1788086886.025835,50,4.775132,1.097280
worker_3,742,1788086886.030626,50,4.793965,1.105216
worker_3,743,1788086886.035435,50,4.783512,1.097792
worker_3,744,1788086886.040236,50,4.761836,1.095680
worker_3,745,1788086886.045013,50,4.773326,1.097856
worker_3,746,1788086886.049803,50,4.780539,1.099488
worker_3,747,1788086886.054600,50,4.773289,1.097120
worker_3,748,1788086886.059389,50,4.776224,1.098176
worker_3,749,1788086886.064182,50,4.775854,1.098112
worker_3,750,1788086886.068974,50,4.792929,1.098848
worker_3,751,1788086886.073782,50,4.776910,1.097632
worker_3,752,1788086886.078575,50,4.776410,1.097760
worker_3,753,1788086886.083376,50,4.762670,1.095648
worker_3,754,1788086886.088155,50,4.774919,1.097312
worker_3,755,1788086886.092946,50,4.778900,1.096768
worker_3,756,1788086886.097741,50,4.775308,1.097824
worker_3,757,1788086886.102533,50,4.997968,1.096736
worker_3,758,1788086886.107582,50,4.521167,1.096992
worker_3,759,1788086886.112128,50,4.761577,1.096960
worker_3,760,1788086886.116908,50,4.775521,1.096864
worker_3,761,1788086886.121702,50,4.997364,1.097856
worker_3,762,1788086886.126748,50,4.533389,1.099776
worker_3,763,1788086886.131307,50,4.765900,1.097824
worker_3,764,1788086886.136091,50,4.770160,1.098048
worker_3,765,1788086886.140879,50,4.799113,1.103936
worker_3,766,1788086886.145695,50,4.779317,1.096352
worker_3,767,1788086886.150490,50,4.998514,1.098016
worker_3,768,1788086886.155538,50,4.523704,1.097792
worker_3,769,1788086886.160089,50,4.763891,1.097056
worker_3,770,1788086886.164871,50,4.772772,1.095968
worker_3,771,1788086886.169660,50,5.008199,1.097696
worker_3,772,1788086886.174804,50,4.462702,1.113888
worker_3,773,1788086886.179295,50,4.757789,1.098240
worker_3,774,1788086886.184072,50,4.765567,1.096736
worker_3,775,1788086886.188855,50,4.792771,1.097888
worker_3,776,1788086886.193664,50,4.775603,1.097120
worker_3,777,1788086886.198456,50,4.987985,1.096704
worker_3,778,1788086886.203494,50,4.527481,1.097760
worker_3,779,1788086886.208048,50,4.758253,1.097088
worker_3,780,1788086886.212825,50,4.769281,1.097440
worker_3,781,1788086886.217612,50,4.986439,1.097696
worker_3,782,1788086886.222646,50,4.532195,1.097344
worker_3,783,1788086886.227204,50,4.778067,1.098240
worker_3,784,1788086886.232001,50,4.774696,1.097344
worker_3,785,1788086886.236793,50,4.773668,1.096864
worker_3,786,1788086886.241583,50,4.777752,1.099648
worker_3,787,1788086886.246378,50,4.988429,1.099808
worker_3,788,1788086886.251417,50,4.534019,1.096224
worker_3,789,1788086886.255978,50,4.765168,1.104384
worker_3,790,1788086886.260760,50,4.772233,1.097216
worker_3,791,1788086886.265550,50,4.989726,1.097952
worker_3,792,1788086886.270601,50,4.519750,1.095808
worker_3,793,1788086886.275144,50,4.800290,1.098272
worker_3,794,1788086886.279970,50,4.758252,1.097248
worker_3,795,1788086886.284749,50,4.768427,1.096608
worker_3,796,1788086886.289536,50,4.779030,1.100640
worker_3,797,1788086886.294333,50,4.770780,1.095904
worker_3,798,1788086886.299120,50,4.996374,1.098080
worker_3,799,1788086886.304166,50,4.538177,1.104800
worker_3,800,1788086886.308730,50,4.978605,1.098368
worker_3,801,1788086886.313755,50,4.534351,1.098304
worker_3,802,1788086886.318316,50,4.975828,1.097472
worker_3,803,1788086886.323339,50,4.546482,1.097760
worker_3,804,1788086886.327913,50,4.755669,1.097344
worker_3,805,1788086886.332688,50,4.770835,1.097504
worker_3,806,1788086886.337476,50,4.980235,1.096864
worker_3,807,1788086886.342506,50,4.542157,1.098944
worker_3,808,1788086886.347075,50,4.968245,1.098848
worker_3,809,1788086886.352090,50,4.541972,1.096960
worker_3,810,1788086886.356658,50,4.975410,1.097568
worker_3,811,1788086886.361693,50,4.530342,1.097792
worker_3,812,1788086886.366251,50,4.976207,1.097376
worker_3,813,1788086886.371274,50,4.540649,1.098400
worker_3,814,1788086886.375841,50,4.758566,1.095712
worker_3,815,1788086886.380617,50,4.784446,1.107232
worker_3,816,1788086886.385418,50,4.985318,1.097760
worker_3,817,1788086886.390451,50,4.556121,1.097824
worker_3,818,1788086886.395033,50,4.967273,1.097472
worker_3,819,1788086886.400047,50,4.544565,1.097824
worker_3,820,1788086886.404617,50,4.976513,1.100256
worker_3,821,1788086886.409641,50,4.540519,1.097408
worker_3,822,1788086886.414207,50,4.971041,1.096768
worker_3,823,1788086886.419225,50,4.544575,1.098400
worker_3,824,1788086886.423797,50,4.757095,1.097440
worker_3,825,1788086886.428573,50,4.775113,1.099520
worker_3,826,1788086886.433364,50,4.990532,1.097408
worker_3,827,1788086886.438403,50,4.544454,1.097792
worker_3,828,1788086886.442973,50,4.974809,1.097216
worker_3,829,1788086886.447995,50,4.536944,1.096320
worker_3,830,1788086886.452556,50,4.763048,1.097728
worker_3,831,1788086886.457350,50,4.759632,1.097248
worker_3,832,1788086886.462129,50,4.770021,1.097152
worker_3,833,1788086886.466915,50,4.776752,1.097280
worker_3,834,1788086886.471708,50,4.774651,1.097760
worker_3,835,1788086886.476500,50,4.782530,1.097504
worker_3,836,1788086886.481299,50,4.774715,1.096768
worker_3,837,1788086886.486089,50,4.775688,1.097056
worker_3,838,1788086886.490881,50,4.776317,1.098816
worker_3,839,1788086886.495673,50,4.779039,1.097280
worker_3,840,1788086886.500468,50,4.777197,1.100576
worker_3,841,1788086886.505260,50,4.772594,1.097824
worker_3,842,1788086886.510049,50,4.798086,1.101696
worker_3,843,1788086886.514864,50,4.778382,1.097440
worker_3,844,1788086886.519659,50,4.775363,1.097344
worker_3,845,1788086886.524449,50,4.779836,1.097568
worker_3,846,1788086886.529245,50,4.773725,1.096896
worker_3,847,1788086886.534034,50,4.806791,1.101280
worker_3,848,1788086886.538860,50,4.770974,1.097760
worker_3,849,1788086886.543648,50,4.770641,1.096160
worker_3,850,1788086886.548443,50,4.770522,1.097792
worker_3,851,1788086886.553230,50,4.773067,1.095520
worker_3,852,1788086886.558020,50,4.818567,1.099872
worker_3,853,1788086886.562854,50,4.774863,1.097376
worker_3,854,1788086886.567645,50,4.791771,1.105248
worker_3,855,1788086886.572451,50,4.782855,1.097408
worker_3,856,1788086886.577250,50,4.989236,1.097824
worker_3,857,1788086886.582289,50,4.765799,1.099104
worker_3,858,1788086886.587102,50,4.749002,1.097664
worker_3,859,1788086886.591900,50,4.743391,1.097344
worker_3,860,1788086886.596691,50,4.749085,1.098848
worker_3,861,1788086886.601488,50,4.541492,1.097536
worker_3,862,1788086886.606055,50,4.792789,1.099424
worker_3,863,1788086886.610868,50,4.982958,1.096288
worker_3,864,1788086886.615902,50,4.529473,1.097792
worker_3,865,1788086886.620459,50,4.970754,1.097984
worker_3,866,1788086886.625479,50,4.532250,1.097280
worker_3,867,1788086886.630038,50,4.995059,1.097248
worker_3,868,1788086886.635081,50,4.539555,1.096480
worker_3,869,1788086886.639647,50,4.764400,1.101152
worker_3,870,1788086886.644441,50,4.778973,1.099904
worker_3,871,1788086886.649239,50,4.983744,1.097472
worker_3,872,1788086886.654272,50,4.531379,1.098272
worker_3,873,1788086886.658830,50,4.971892,1.097440
worker_3,874,1788086886.663850,50,4.543185,1.097152
worker_3,875,1788086886.668420,50,4.967948,1.096800
worker_3,876,1788086886.673436,50,4.536704,1.097440
worker_3,877,1788086886.677998,50,4.971456,1.097568
worker_3,878,1788086886.683018,50,4.543157,1.095776
worker_3,879,1788086886.687587,50,4.761048,1.097792
worker_3,880,1788086886.692367,50,4.780846,1.098112
worker_3,881,1788086886.697165,50,4.988022,1.097120
worker_3,882,1788086886.702202,50,4.538537,1.097760
worker_3,883,1788086886.706765,50,4.968679,1.096960
worker_3,884,1788086886.711783,50,4.542841,1.097472
worker_3,885,1788086886.716352,50,4.973235,1.101696
worker_3,886,1788086886.721372,50,4.543435,1.097184
worker_3,887,1788086886.725942,50,4.973040,1.098816
worker_3,888,1788086886.730962,50,4.544324,1.096320
worker_3,889,1788086886.735546,50,4.749548,1.097632
worker_3,890,1788086886.740314,50,4.777225,1.101152
worker_3,891,1788086886.745108,50,4.984124,1.097408
worker_3,892,1788086886.750142,50,4.547759,1.097216
worker_3,893,1788086886.754717,50,4.966967,1.098016
worker_3,894,1788086886.759732,50,4.545509,1.097824
worker_3,895,1788086886.764303,50,4.978402,1.100192
worker_3,896,1788086886.769331,50,4.532259,1.096800
worker_3,897,1788086886.773887,50,4.977355,1.096864
worker_3,898,1788086886.778914,50,4.535259,1.097280
worker_3,899,1788086886.783475,50,4.770002,1.096480
worker_3,900,1788086886.788265,50,4.769095,1.097184
worker_3,901,1788086886.793050,50,5.001911,1.096704
worker_3,902,1788086886.798102,50,4.519092,1.096128
worker_3,903,1788086886.802647,50,4.973273,1.097344
worker_3,904,1788086886.807667,50,4.552751,1.097344
worker_3,905,1788086886.812244,50,4.753530,1.097504
worker_3,906,1788086886.817018,50,4.770002,1.098144
worker_3,907,1788086886.821805,50,4.986059,1.096736
worker_3,908,1788086886.826839,50,4.539000,1.096992
worker_3,909,1788086886.831419,50,4.746456,1.096960
worker_3,910,1788086886.836186,50,4.773558,1.099872
worker_3,911,1788086886.840976,50,4.794178,1.097984
worker_3,912,1788086886.845786,50,4.774724,1.098336
worker_3,913,1788086886.850577,50,4.991763,1.096768
worker_3,914,1788086886.855620,50,4.527177,1.098176
worker_3,915,1788086886.860173,50,4.767446,1.097824
worker_3,916,1788086886.864959,50,4.807252,1.100096
worker_3,917,1788086886.869782,50,4.988929,1.097984
worker_3,918,1788086886.874821,50,4.532787,1.097248
worker_3,919,1788086886.879379,50,4.759057,1.096576
worker_3,920,1788086886.884158,50,4.771863,1.098624
worker_3,921,1788086886.888947,50,4.797390,1.098560
worker_3,922,1788086886.893760,50,4.776086,1.097952
worker_3,923,1788086886.898552,50,4.993180,1.096480
worker_3,924,1788086886.903595,50,4.558898,1.097152
worker_3,925,1788086886.908181,50,4.760771,1.099904
worker_3,926,1788086886.913048,50,4.684576,1.097696
worker_3,927,1788086886.917752,50,4.987411,1.097632
worker_3,928,1788086886.922801,50,4.522194,1.097760
worker_3,929,1788086886.927350,50,4.766974,1.097216
worker_3,930,1788086886.932136,50,4.768252,1.098304
worker_3,931,1788086886.936921,50,4.772640,1.097728
worker_3,932,1788086886.941710,50,4.780419,1.097376
worker_3,933,1788086886.946506,50,4.983651,1.097856
worker_3,934,1788086886.951540,50,4.538778,1.097376
worker_3,935,1788086886.956105,50,4.764132,1.099424
worker_3,936,1788086886.960888,50,4.769280,1.096384
worker_3,937,1788086886.965675,50,4.987058,1.095264
worker_3,938,1788086886.970711,50,4.531537,1.096000
worker_3,939,1788086886.975268,50,4.778068,1.095776
worker_3,940,1788086886.980064,50,4.770168,1.095744
worker_3,941,1788086886.984851,50,4.798206,1.099104
worker_3,942,1788086886.989666,50,4.775826,1.096512
worker_3,943,1788086886.994458,50,4.998707,1.095488
worker_3,944,1788086886.999507,50,4.530083,1.096960
worker_3,945,1788086887.004063,50,4.763021,1.097152
worker_3,946,1788086887.008846,50,4.784373,1.111168
worker_3,947,1788086887.013649,50,4.981911,1.095712
worker_3,948,1788086887.018691,50,4.529241,1.097696
worker_3,949,1788086887.023244,50,4.757781,1.097024
worker_3,950,1788086887.028020,50,4.773039,1.097792
worker_3,951,1788086887.032809,50,4.781095,1.098048
worker_3,952,1788086887.037606,50,4.776770,1.098272
worker_3,953,1788086887.042399,50,4.991681,1.098688
worker_3,954,1788086887.047441,50,4.532444,1.095744
worker_3,955,1788086887.051999,50,4.775002,1.097568
worker_3,956,1788086887.056792,50,4.772281,1.097696
worker_3,957,1788086887.061583,50,4.982106,1.097408
worker_3,958,1788086887.066616,50,4.540168,1.096800
worker_3,959,1788086887.071181,50,4.763085,1.098272
worker_3,960,1788086887.075963,50,4.778595,1.098176
worker_3,961,1788086887.080760,50,4.790400,1.104992
worker_3,962,1788086887.085567,50,4.773585,1.095552
worker_3,963,1788086887.090358,50,4.984467,1.097248
worker_3,964,1788086887.095392,50,4.534546,1.097792
worker_3,965,1788086887.099952,50,4.762837,1.097888
worker_3,966,1788086887.104735,50,4.794233,1.104576
worker_3,967,1788086887.109559,50,4.969254,1.097472
worker_3,968,1788086887.114578,50,4.535584,1.096832
worker_3,969,1788086887.119139,50,4.963263,1.096128
worker_3,970,1788086887.124150,50,4.542055,1.096576
worker_3,971,1788086887.128717,50,4.971744,1.098976
worker_3,972,1788086887.133737,50,4.537908,1.098976
worker_3,973,1788086887.138303,50,4.966337,1.097568
worker_3,974,1788086887.143316,50,4.540463,1.097760
worker_3,975,1788086887.147882,50,4.760733,1.097184
worker_3,976,1788086887.152661,50,4.774548,1.098272
worker_3,977,1788086887.157453,50,4.986069,1.096576
worker_3,978,1788086887.162490,50,4.530833,1.097824
worker_3,979,1788086887.167048,50,4.971392,1.096128
worker_3,980,1788086887.172068,50,4.541991,1.097824
worker_3,981,1788086887.176635,50,4.993356,1.106048
worker_3,982,1788086887.181676,50,4.522443,1.097760
worker_3,983,1788086887.186224,50,4.978680,1.096608
worker_3,984,1788086887.191252,50,4.538880,1.098432
worker_3,985,1788086887.195817,50,4.770177,1.100320
worker_3,986,1788086887.200604,50,4.769447,1.097312
worker_3,987,1788086887.205403,50,4.979115,1.097024
worker_3,988,1788086887.210433,50,4.535224,1.097376
worker_3,989,1788086887.214995,50,4.975050,1.096800
worker_3,990,1788086887.220019,50,4.544768,1.098176
worker_3,991,1788086887.224591,50,4.978152,1.096992
worker_3,992,1788086887.229617,50,4.538444,1.097920
worker_3,993,1788086887.234183,50,4.967374,1.096384
worker_3,994,1788086887.239200,50,4.540593,1.098560
worker_3,995,1788086887.243767,50,4.782336,1.110112
worker_3,996,1788086887.248568,50,4.778373,1.097184
worker_3,997,1788086887.253364,50,4.847985,1.097536
worker_3,998,1788086887.258268,50,4.670354,1.097344
worker_3,999,1788086887.262971,50,4.756863,1.097728
worker_3,1000,1788086887.267747,50,4.773512,1.097408
worker_3,1001,1788086887.272540,50,4.778918,1.097376
worker_3,1002,1788086887.277338,50,5.000485,1.098432
worker_3,1003,1788086887.282388,50,4.519584,1.098688
worker_3,1004,1788086887.286933,50,4.968151,1.097440
worker_3,1005,1788086887.291949,50,4.662687,1.099328
worker_3,1006,1788086887.296653,50,4.676659,1.097792
worker_3,1007,1788086887.301373,50,4.731104,1.095552
worker_3,1008,1788086887.306140,50,4.750622,1.097632
worker_3,1009,1788086887.310925,50,4.749187,1.095840
worker_3,1010,1788086887.315707,50,4.767225,1.100160
worker_3,1011,1788086887.320507,50,4.773280,1.095616
worker_3,1012,1788086887.325311,50,4.760873,1.097792
worker_3,1013,1788086887.330107,50,4.783771,1.096768
worker_3,1014,1788086887.334924,50,4.757382,1.097792
worker_3,1015,1788086887.339712,50,4.755743,1.096800
worker_3,1016,1788086887.344499,50,4.759751,1.099648
worker_3,1017,1788086887.349289,50,4.760604,1.097952
worker_3,1018,1788086887.354085,50,4.750011,1.097152
worker_3,1019,1788086887.358866,50,4.764974,1.097568
worker_3,1020,1788086887.363665,50,4.753975,1.097056
worker_3,1021,1788086887.368451,50,4.770660,1.103776
worker_3,1022,1788086887.373257,50,4.752761,1.097248
worker_3,1023,1788086887.378045,50,4.761845,1.095648
worker_3,1024,1788086887.382842,50,4.747641,1.095936
worker_3,1025,1788086887.387623,50,4.758640,1.095392
worker_3,1026,1788086887.392424,50,4.748066,1.099968
worker_3,1027,1788086887.397207,50,4.762316,1.097056
worker_3,1028,1788086887.402004,50,4.759900,1.096576
worker_3,1029,1788086887.406796,50,4.755697,1.096224
worker_3,1030,1788086887.411583,50,4.758002,1.097440
worker_3,1031,1788086887.416371,50,4.761058,1.099648
worker_3,1032,1788086887.421161,50,4.762918,1.097696
worker_3,1033,1788086887.425956,50,4.780790,1.095840
worker_3,1034,1788086887.430770,50,4.761381,1.097344
worker_3,1035,1788086887.435567,50,4.754604,1.097760
worker_3,1036,1788086887.440350,50,4.759493,1.098112
worker_3,1037,1788086887.445143,50,4.758335,1.095520
worker_3,1038,1788086887.449935,50,4.750141,1.096608
worker_3,1039,1788086887.454716,50,4.907114,1.097792
worker_3,1040,1788086887.459655,50,4.767141,1.097280
worker_3,1041,1788086887.464456,50,4.749187,1.096672
worker_3,1042,1788086887.469237,50,4.770363,1.095904
worker_3,1043,1788086887.474044,50,4.606583,1.095872
worker_3,1044,1788086887.478685,50,4.749196,1.097024
worker_3,1045,1788086887.483479,50,4.763743,1.096512
worker_3,1046,1788086887.488276,50,4.747732,1.095488
worker_3,1047,1788086887.493058,50,4.757179,1.095776
worker_3,1048,1788086887.497849,50,4.761372,1.096800
worker_3,1049,1788086887.502645,50,4.754456,1.095552
worker_3,1050,1788086887.507434,50,4.752427,1.095680
worker_3,1051,1788086887.512238,50,4.738261,1.102048
worker_3,1052,1788086887.517008,50,4.786956,1.097856
worker_3,1053,1788086887.521830,50,4.751760,1.095968
worker_3,1054,1788086887.526617,50,4.751298,1.095904
worker_3,1055,1788086887.531403,50,4.778724,1.096640
worker_3,1056,1788086887.536228,50,4.743178,1.099488
worker_3,1057,1788086887.541006,50,4.753530,1.096128
worker_3,1058,1788086887.545794,50,4.754548,1.097152
worker_3,1059,1788086887.550582,50,4.757928,1.097024
worker_3,1060,1788086887.555374,50,4.771021,1.097248
worker_3,1061,1788086887.560180,50,4.759594,1.097888
worker_3,1062,1788086887.564975,50,4.752539,1.097920
worker_3,1063,1788086887.569761,50,4.753540,1.097312
worker_3,1064,1788086887.574549,50,4.756984,1.096736
worker_3,1065,1788086887.579349,50,4.744604,1.097696
worker_3,1066,1788086887.584128,50,4.759816,1.097440
worker_3,1067,1788086887.588919,50,4.773048,1.100640
worker_3,1068,1788086887.593726,50,4.756400,1.096096
worker_3,1069,1788086887.598518,50,4.755538,1.095936
worker_3,1070,1788086887.603307,50,4.753946,1.095808
worker_3,1071,1788086887.608095,50,4.755178,1.097856
worker_3,1072,1788086887.612881,50,4.775863,1.112352
worker_3,1073,1788086887.617693,50,4.749908,1.098080
worker_3,1074,1788086887.622476,50,4.757863,1.096672
worker_3,1075,1788086887.627268,50,4.764030,1.096608
worker_3,1076,1788086887.632067,50,4.754817,1.095840
worker_3,1077,1788086887.636857,50,4.756142,1.103072
worker_3,1078,1788086887.641647,50,4.755493,1.095488
worker_3,1079,1788086887.646508,50,4.680853,1.096768
worker_3,1080,1788086887.651221,50,4.757343,1.098656
worker_3,1081,1788086887.656010,50,4.764476,1.097216
worker_3,1082,1788086887.660810,50,4.768770,1.100160
worker_3,1083,1788086887.665612,50,4.757845,1.097952
worker_3,1084,1788086887.670408,50,4.755197,1.096960
worker_3,1085,1788086887.675197,50,4.752650,1.096352
worker_3,1086,1788086887.679984,50,4.751178,1.097152
worker_3,1087,1788086887.684767,50,4.764437,1.097568
worker_3,1088,1788086887.689569,50,4.752159,1.097120
worker_3,1089,1788086887.694356,50,4.751012,1.095904
worker_3,1090,1788086887.699139,50,4.759437,1.097632
worker_3,1091,1788086887.703933,50,4.756049,1.103648
worker_3,1092,1788086887.708724,50,4.755557,1.096416
worker_3,1093,1788086887.713512,50,4.754678,1.097728
worker_3,1094,1788086887.718302,50,4.766614,1.099200
worker_3,1095,1788086887.723104,50,4.751483,1.097824
worker_3,1096,1788086887.727887,50,4.760336,1.095552
worker_3,1097,1788086887.732681,50,4.753965,1.096544
worker_3,1098,1788086887.737466,50,4.765344,1.097184
worker_3,1099,1788086887.742265,50,4.753901,1.096416
worker_3,1100,1788086887.747054,50,4.753530,1.097120
worker_3,1101,1788086887.751842,50,4.763365,1.097952
worker_3,1102,1788086887.756643,50,4.745882,1.095840
worker_3,1103,1788086887.761424,50,4.753808,1.096128
worker_3,1104,1788086887.766224,50,4.751456,1.097312
worker_3,1105,1788086887.771006,50,4.766160,1.095584
worker_3,1106,1788086887.775808,50,4.753224,1.097312
worker_3,1107,1788086887.780598,50,4.753955,1.097792
worker_3,1108,1788086887.785385,50,4.778679,1.097504
worker_3,1109,1788086887.790210,50,4.718567,1.097600
worker_3,1110,1788086887.794962,50,4.942957,1.095840
worker_3,1111,1788086887.799948,50,4.557908,1.097824
worker_3,1112,1788086887.804542,50,4.759993,1.106368
worker_3,1113,1788086887.809335,50,4.785354,1.097184
worker_3,1114,1788086887.814165,50,4.718751,1.097344
worker_3,1115,1788086887.818918,50,4.932022,1.096448
worker_3,1116,1788086887.823893,50,4.585816,1.098752
worker_3,1117,1788086887.828519,50,4.754002,1.097568
worker_3,1118,1788086887.833309,50,4.776409,1.095584
worker_3,1119,1788086887.838129,50,4.721715,1.097856
worker_3,1120,1788086887.842885,50,4.763159,1.096832
worker_3,1121,1788086887.847684,50,4.767771,1.098880
worker_3,1122,1788086887.852489,50,4.762808,1.099040
worker_3,1123,1788086887.857297,50,4.742446,1.096160
worker_3,1124,1788086887.862073,50,4.756872,1.097632
worker_3,1125,1788086887.866864,50,4.767668,1.095360
worker_3,1126,1788086887.871665,50,4.759493,1.096672
worker_3,1127,1788086887.876460,50,4.758650,1.097440
worker_3,1128,1788086887.881255,50,4.751808,1.097536
worker_3,1129,1788086887.886040,50,4.759530,1.097120
worker_3,1130,1788086887.890832,50,4.761733,1.097216
worker_3,1131,1788086887.895628,50,4.753668,1.097472
worker_3,1132,1788086887.900415,50,4.756789,1.097792
worker_3,1133,1788086887.905202,50,4.773206,1.097280
worker_3,1134,1788086887.910009,50,4.748798,1.095904
worker_3,1135,1788086887.914790,50,4.763049,1.096256
worker_3,1136,1788086887.919583,50,4.758752,1.100128
worker_3,1137,1788086887.924373,50,4.776891,1.097024
worker_3,1138,1788086887.929181,50,4.763687,1.097472
worker_3,1139,1788086887.933981,50,4.753789,1.096448
worker_3,1140,1788086887.938769,50,4.748660,1.097888
worker_3,1141,1788086887.943549,50,4.760678,1.098496
worker_3,1142,1788086887.948344,50,4.754141,1.095744
worker_3,1143,1788086887.953144,50,4.741225,1.096320
worker_3,1144,1788086887.957919,50,4.750066,1.097632
worker_3,1145,1788086887.962700,50,4.764465,1.097568
worker_3,1146,1788086887.967498,50,4.761994,1.096928
worker_3,1147,1788086887.972295,50,4.756039,1.098624
worker_3,1148,1788086887.977087,50,4.756252,1.099072
worker_3,1149,1788086887.981876,50,4.757565,1.095712
worker_3,1150,1788086887.986668,50,4.751196,1.097472
worker_3,1151,1788086887.991452,50,4.771086,1.097600
worker_3,1152,1788086887.996253,50,4.760834,1.097408
worker_3,1153,1788086888.001048,50,4.756401,1.096512
worker_3,1154,1788086888.005836,50,4.757076,1.097024
worker_3,1155,1788086888.010628,50,4.758021,1.097952
worker_3,1156,1788086888.015420,50,4.754288,1.097312
worker_3,1157,1788086888.020208,50,4.762067,1.097952
worker_3,1158,1788086888.025005,50,4.774168,1.097024
worker_3,1159,1788086888.029816,50,4.753224,1.096352
worker_3,1160,1788086888.034602,50,4.759298,1.097632
worker_3,1161,1788086888.039396,50,4.751289,1.096064
worker_3,1162,1788086888.044198,50,4.739038,1.097312
worker_3,1163,1788086888.048970,50,4.764650,1.097952
worker_3,1164,1788086888.053770,50,4.752400,1.095616
worker_3,1165,1788086888.058557,50,4.755261,1.097312
worker_3,1166,1788086888.063346,50,4.767567,1.096928
worker_3,1167,1788086888.068147,50,4.747159,1.096864
worker_3,1168,1788086888.072930,50,4.763863,1.095936
worker_3,1169,1788086888.077728,50,4.757853,1.095552
worker_3,1170,1788086888.082521,50,4.754613,1.096544
worker_3,1171,1788086888.087311,50,4.752974,1.097504
worker_3,1172,1788086888.092097,50,4.760522,1.096448
worker_3,1173,1788086888.096892,50,4.777789,1.098016
worker_3,1174,1788086888.101706,50,4.750808,1.096608
worker_3,1175,1788086888.106489,50,4.757215,1.096352
worker_3,1176,1788086888.111279,50,4.752465,1.097952
worker_3,1177,1788086888.116064,50,4.757233,1.097952
worker_3,1178,1788086888.120852,50,4.765835,1.097312
worker_3,1179,1788086888.125651,50,4.754567,1.096768
worker_3,1180,1788086888.130437,50,4.758501,1.097152
worker_3,1181,1788086888.135227,50,4.766039,1.097824
worker_3,1182,1788086888.140039,50,4.742586,1.097792
worker_3,1183,1788086888.144813,50,4.768057,1.097824
worker_3,1184,1788086888.149613,50,4.757298,1.098336
worker_3,1185,1788086888.154405,50,4.755788,1.096096
worker_3,1186,1788086888.159194,50,4.753863,1.095744
worker_3,1187,1788086888.163981,50,4.758660,1.096096
worker_3,1188,1788086888.168772,50,4.780142,1.101216
worker_3,1189,1788086888.173585,50,4.757058,1.097408
worker_3,1190,1788086888.178379,50,4.754734,1.097824
worker_3,1191,1788086888.183167,50,4.752197,1.096800
worker_3,1192,1788086888.187951,50,4.753492,1.097952
worker_3,1193,1788086888.192735,50,4.763141,1.097952
worker_3,1194,1788086888.197533,50,4.751289,1.095648
worker_3,1195,1788086888.202319,50,4.751631,1.095552
worker_3,1196,1788086888.207102,50,4.754965,1.096896
worker_3,1197,1788086888.211891,50,4.763835,1.107936
worker_3,1198,1788086888.216686,50,4.763400,1.095392
worker_3,1199,1788086888.221484,50,4.763410,1.097824
worker_3,1200,1788086888.226281,50,4.759465,1.095520
worker_3,1201,1788086888.231083,50,4.747492,1.097952
worker_3,1202,1788086888.235863,50,4.776344,1.102656
worker_3,1203,1788086888.240674,50,4.745298,1.097600
worker_3,1204,1788086888.245453,50,4.759965,1.096832
worker_3,1205,1788086888.250248,50,4.755298,1.096704
worker_3,1206,1788086888.255039,50,4.762567,1.097888
worker_3,1207,1788086888.259839,50,4.752030,1.098208
worker_3,1208,1788086888.264628,50,4.777299,1.097376
worker_3,1209,1788086888.269438,50,4.756150,1.096896
worker_3,1210,1788086888.274224,50,4.759576,1.095744
worker_3,1211,1788086888.279012,50,4.764131,1.095840
worker_3,1212,1788086888.283808,50,4.764752,1.105760
worker_3,1213,1788086888.288604,50,4.768512,1.095648
worker_3,1214,1788086888.293407,50,4.753483,1.095616
worker_3,1215,1788086888.298197,50,4.757235,1.095872
worker_3,1216,1788086888.302988,50,4.760447,1.098048
worker_3,1217,1788086888.307784,50,4.747603,1.095520
worker_3,1218,1788086888.312567,50,4.760122,1.098912
worker_3,1219,1788086888.317361,50,4.749595,1.097952
worker_3,1220,1788086888.322141,50,4.756335,1.096160
worker_3,1221,1788086888.326941,50,4.749364,1.095776
worker_3,1222,1788086888.331726,50,4.754723,1.097440
worker_3,1223,1788086888.336514,50,4.762262,1.097056
worker_3,1224,1788086888.341311,50,4.752058,1.095744
worker_3,1225,1788086888.346097,50,4.789317,1.102080
worker_3,1226,1788086888.350920,50,4.756790,1.096960
worker_3,1227,1788086888.355714,50,4.753261,1.097952
worker_3,1228,1788086888.360502,50,4.758882,1.099744
worker_3,1229,1788086888.365295,50,4.763197,1.097152
worker_3,1230,1788086888.370164,50,4.679714,1.097408
worker_3,1231,1788086888.374877,50,4.752854,1.097984
worker_3,1232,1788086888.379664,50,4.780114,1.094912
worker_3,1233,1788086888.384479,50,4.755085,1.095584
worker_3,1234,1788086888.389271,50,4.751011,1.097952
worker_3,1235,1788086888.394055,50,4.770085,1.101408
worker_3,1236,1788086888.398860,50,4.754808,1.097824
worker_3,1237,1788086888.403650,50,4.748910,1.097344
worker_3,1238,1788086888.408433,50,4.755706,1.099904
worker_3,1239,1788086888.413224,50,4.768382,1.096128
worker_3,1240,1788086888.418036,50,4.740715,1.097920
worker_3,1241,1788086888.422809,50,4.763965,1.097920
worker_3,1242,1788086888.427606,50,4.757947,1.098176
worker_3,1243,1788086888.432398,50,4.757215,1.099840
worker_3,1244,1788086888.437187,50,4.762864,1.097696
worker_3,1245,1788086888.441986,50,4.767252,1.096256
worker_3,1246,1788086888.446788,50,4.754150,1.097664
worker_3,1247,1788086888.451576,50,4.753899,1.097696
worker_3,1248,1788086888.456362,50,4.913651,1.101952
worker_3,1249,1788086888.461307,50,4.764261,1.097056
worker_3,1250,1788086888.466106,50,4.753715,1.097088
worker_3,1251,1788086888.470894,50,4.763188,1.096576
worker_3,1252,1788086888.475690,50,4.758669,1.096704
worker_3,1253,1788086888.480484,50,4.758280,1.098304
worker_3,1254,1788086888.485281,50,4.759076,1.096384
worker_3,1255,1788086888.490076,50,4.699993,1.095872
worker_3,1256,1788086888.494812,50,4.802752,1.097856
worker_3,1257,1788086888.499649,50,4.753586,1.097952
worker_3,1258,1788086888.504436,50,4.627297,1.101120
worker_3,1259,1788086888.509094,50,4.902087,1.095872
worker_3,1260,1788086888.514042,50,4.736965,1.095904
worker_3,1261,1788086888.518812,50,4.756104,1.096608
worker_3,1262,1788086888.523602,50,4.771179,1.097696
worker_3,1263,1788086888.528409,50,4.755882,1.097120
worker_3,1264,1788086888.533195,50,4.760104,1.096992
worker_3,1265,1788086888.537988,50,4.622584,1.097376
worker_3,1266,1788086888.542642,50,4.904754,1.095776
worker_3,1267,1788086888.547581,50,4.620093,1.095840
worker_3,1268,1788086888.552245,50,4.738354,1.100000
worker_3,1269,1788086888.557019,50,4.756521,1.097952
worker_3,1270,1788086888.561812,50,4.753789,1.097888
worker_3,1271,1788086888.566601,50,4.749937,1.097888
worker_3,1272,1788086888.571386,50,4.748391,1.097120
worker_3,1273,1788086888.576165,50,4.760780,1.095936
worker_3,1274,1788086888.580961,50,4.759002,1.098560
worker_3,1275,1788086888.585755,50,4.754984,1.095904
worker_3,1276,1788086888.590545,50,4.753808,1.097472
worker_3,1277,1788086888.595334,50,4.750131,1.095520
worker_3,1278,1788086888.600118,50,4.750465,1.095904
worker_3,1279,1788086888.604918,50,4.755678,1.096448
worker_3,1280,1788086888.609709,50,4.754492,1.098336
worker_3,1281,1788086888.614497,50,4.757632,1.097376
worker_3,1282,1788086888.619288,50,4.760669,1.097952
worker_3,1283,1788086888.624084,50,4.746409,1.095872
worker_3,1284,1788086888.628864,50,4.760538,1.097824
worker_3,1285,1788086888.633658,50,4.757984,1.096544
worker_3,1286,1788086888.638450,50,4.761502,1.098912
worker_3,1287,1788086888.643246,50,4.757631,1.096960
worker_3,1288,1788086888.648038,50,4.753132,1.095968
worker_3,1289,1788086888.652826,50,4.758067,1.096640
worker_3,1290,1788086888.657619,50,4.749290,1.095616
worker_3,1291,1788086888.662403,50,4.762502,1.096928
worker_3,1292,1788086888.667198,50,4.754696,1.097952
worker_3,1293,1788086888.671988,50,4.755512,1.097792
worker_3,1294,1788086888.676776,50,4.759308,1.097536
worker_3,1295,1788086888.681570,50,4.749113,1.096096
worker_3,1296,1788086888.686351,50,4.751919,1.097984
worker_3,1297,1788086888.691134,50,4.768594,1.098944
worker_3,1298,1788086888.695935,50,4.757633,1.100288
worker_3,1299,1788086888.700735,50,4.748752,1.096672
worker_3,1300,1788086888.705520,50,4.747678,1.095456
worker_3,1301,1788086888.710301,50,4.758280,1.098304
worker_3,1302,1788086888.715093,50,4.757974,1.098080
worker_3,1303,1788086888.719882,50,4.762002,1.098720
worker_3,1304,1788086888.724675,50,4.752243,1.095904
worker_3,1305,1788086888.729458,50,4.766631,1.096416
worker_3,1306,1788086888.734256,50,4.756409,1.097952
worker_3,1307,1788086888.739042,50,4.770243,1.097632
worker_3,1308,1788086888.743846,50,4.757280,1.099072
worker_3,1309,1788086888.748641,50,4.750354,1.097664
worker_3,1310,1788086888.753428,50,4.751307,1.096800
worker_3,1311,1788086888.758212,50,4.758224,1.095456
worker_3,1312,1788086888.763004,50,4.762937,1.097664
worker_3,1313,1788086888.767804,50,4.764779,1.103008
worker_3,1314,1788086888.772601,50,4.757909,1.096576
worker_3,1315,1788086888.777391,50,4.758770,1.097952
worker_3,1316,1788086888.782186,50,4.750835,1.097024
worker_3,1317,1788086888.786970,50,4.761558,1.095648
worker_3,1318,1788086888.791774,50,4.752920,1.099616
worker_3,1319,1788086888.796561,50,4.762437,1.097696
worker_3,1320,1788086888.801354,50,4.763002,1.097472
worker_3,1321,1788086888.806151,50,4.752306,1.096896
worker_3,1322,1788086888.810935,50,4.759354,1.095264
worker_3,1323,1788086888.815727,50,4.761224,1.097664
worker_3,1324,1788086888.820523,50,4.760920,1.099360
worker_3,1325,1788086888.825319,50,4.748613,1.095936
worker_3,1326,1788086888.830098,50,4.771927,1.097920
worker_3,1327,1788086888.834906,50,4.754280,1.096448
worker_3,1328,1788086888.839694,50,4.756132,1.096320
worker_3,1329,1788086888.844484,50,4.756604,1.099936
worker_3,1330,1788086888.849275,50,4.753409,1.096512
worker_3,1331,1788086888.854062,50,4.768002,1.097568
worker_3,1332,1788086888.858863,50,4.755270,1.097856
worker_3,1333,1788086888.863653,50,4.753993,1.096320
worker_3,1334,1788086888.868443,50,4.749038,1.098208
worker_3,1335,1788086888.873227,50,4.780317,1.097216
worker_3,1336,1788086888.878051,50,4.731761,1.097376
worker_3,1337,1788086888.882818,50,4.933392,1.097568
worker_3,1338,1788086888.887805,50,4.553796,1.096992
worker_3,1339,1788086888.892395,50,4.755437,1.097952
worker_3,1340,1788086888.897185,50,4.776557,1.097152
worker_3,1341,1788086888.902004,50,4.743945,1.098400
worker_3,1342,1788086888.906782,50,4.934095,1.097728
worker_3,1343,1788086888.911759,50,4.563204,1.097216
worker_3,1344,1788086888.916357,50,4.752317,1.097952
worker_3,1345,1788086888.921145,50,4.752289,1.096928
worker_3,1346,1788086888.925929,50,4.759919,1.098304
worker_3,1347,1788086888.930721,50,4.757169,1.097056
worker_3,1348,1788086888.935510,50,4.756956,1.096064
worker_3,1349,1788086888.940299,50,4.756854,1.097152
worker_3,1350,1788086888.945090,50,4.755197,1.097280
worker_3,1351,1788086888.949878,50,4.755344,1.096224
worker_3,1352,1788086888.954665,50,4.758410,1.096896
worker_3,1353,1788086888.959458,50,4.766428,1.096384
worker_3,1354,1788086888.964259,50,4.765567,1.096384
worker_3,1355,1788086888.969060,50,4.758882,1.097504
worker_3,1356,1788086888.973855,50,4.752123,1.095296
worker_3,1357,1788086888.978651,50,4.744678,1.096064
worker_3,1358,1788086888.983433,50,4.752242,1.096736
worker_3,1359,1788086888.988235,50,4.755094,1.097056
worker_3,1360,1788086888.993025,50,4.767817,1.101056
worker_3,1361,1788086888.997827,50,4.754196,1.097600
worker_3,1362,1788086889.002615,50,4.756937,1.097952
worker_3,1363,1788086889.007406,50,4.752252,1.096256
worker_3,1364,1788086889.012192,50,4.755956,1.097472
worker_3,1365,1788086889.016984,50,4.776974,1.098528
worker_3,1366,1788086889.021796,50,4.755243,1.100000
worker_3,1367,1788086889.026584,50,4.759973,1.097952
worker_3,1368,1788086889.031378,50,4.752262,1.096544
worker_3,1369,1788086889.036161,50,4.766668,1.098304
worker_3,1370,1788086889.040962,50,4.761587,1.098272
worker_3,1371,1788086889.045757,50,4.753335,1.095520
worker_3,1372,1788086889.050543,50,4.754891,1.097568
worker_3,1373,1788086889.055331,50,4.761197,1.095904
worker_3,1374,1788086889.060124,50,4.760484,1.098912
worker_3,1375,1788086889.064919,50,4.754233,1.097056
worker_3,1376,1788086889.069706,50,4.756382,1.095360
worker_3,1377,1788086889.074497,50,4.744391,1.096640
worker_3,1378,1788086889.079267,50,4.801096,1.096192
worker_3,1379,1788086889.084094,50,4.757095,1.099520
worker_3,1380,1788086889.088876,50,4.762011,1.098720
worker_3,1381,1788086889.093709,50,4.720530,1.097760
worker_3,1382,1788086889.098454,50,4.764761,1.096672
worker_3,1383,1788086889.103242,50,4.770400,1.096800
worker_3,1384,1788086889.108042,50,4.766576,1.098752
worker_3,1385,1788086889.112841,50,4.759641,1.097920
worker_3,1386,1788086889.117635,50,4.756095,1.096256
worker_3,1387,1788086889.122425,50,4.757011,1.097824
worker_3,1388,1788086889.127216,50,4.778650,1.096064
worker_3,1389,1788086889.132030,50,4.755965,1.097600
worker_3,1390,1788086889.136820,50,4.763938,1.097952
worker_3,1391,1788086889.141619,50,4.753502,1.095488
worker_3,1392,1788086889.146407,50,4.739252,1.098208
worker_3,1393,1788086889.151169,50,4.773160,1.097984
worker_3,1394,1788086889.155974,50,4.944392,1.100512
worker_3,1395,1788086889.160962,50,4.563129,1.097824
worker_3,1396,1788086889.165571,50,4.746030,1.097888
worker_3,1397,1788086889.170354,50,4.752113,1.096480
worker_3,1398,1788086889.175143,50,4.747438,1.097376
worker_3,1399,1788086889.179930,50,4.747066,1.097952
worker_3,1400,1788086889.184711,50,4.758383,1.097472
worker_3,1401,1788086889.189505,50,4.752678,1.098112
worker_3,1402,1788086889.194293,50,4.749660,1.095904
worker_3,1403,1788086889.199076,50,4.752288,1.096448
worker_3,1404,1788086889.203863,50,4.763114,1.100320
worker_3,1405,1788086889.208662,50,4.747474,1.097792
worker_3,1406,1788086889.213442,50,4.754687,1.096640
worker_3,1407,1788086889.218234,50,4.750233,1.096640
worker_3,1408,1788086889.223017,50,4.756557,1.097664
worker_3,1409,1788086889.227810,50,4.767946,1.109472
worker_3,1410,1788086889.232610,50,4.763781,1.097952
worker_3,1411,1788086889.237408,50,4.748668,1.097856
worker_3,1412,1788086889.242181,50,4.772836,1.096768
worker_3,1413,1788086889.246979,50,4.770252,1.097696
worker_3,1414,1788086889.251775,50,4.761873,1.095904
worker_3,1415,1788086889.256562,50,4.777947,1.099744
worker_3,1416,1788086889.261379,50,4.756251,1.097792
worker_3,1417,1788086889.266171,50,4.756419,1.097312
worker_3,1418,1788086889.270963,50,4.750641,1.097952
worker_3,1419,1788086889.275748,50,4.755150,1.097728
worker_3,1420,1788086889.280537,50,4.764521,1.102464
worker_3,1421,1788086889.285334,50,4.753151,1.095840
worker_3,1422,1788086889.290119,50,4.779215,1.097952
worker_3,1423,1788086889.294929,50,4.755808,1.097792
worker_3,1424,1788086889.299714,50,4.774678,1.098432
worker_3,1425,1788086889.304523,50,4.772475,1.097664
worker_3,1426,1788086889.309331,50,4.753372,1.095680
worker_3,1427,1788086889.314121,50,4.778187,1.098240
worker_3,1428,1788086889.318938,50,4.761150,1.097952
worker_3,1429,1788086889.323733,50,4.753048,1.095744
worker_3,1430,1788086889.328521,50,4.755724,1.097792
worker_3,1431,1788086889.333309,50,4.758845,1.098112
worker_3,1432,1788086889.338104,50,4.784391,1.096320
worker_3,1433,1788086889.342919,50,4.759503,1.095776
worker_3,1434,1788086889.347712,50,4.756409,1.098528
worker_3,1435,1788086889.352511,50,4.747215,1.099552
worker_3,1436,1788086889.357294,50,4.752780,1.096864
worker_3,1437,1788086889.362081,50,4.778067,1.099456
worker_3,1438,1788086889.366893,50,4.756807,1.097984
worker_3,1439,1788086889.371684,50,4.756251,1.097856
worker_3,1440,1788086889.376475,50,4.751355,1.096032
worker_3,1441,1788086889.381261,50,4.763160,1.097696
worker_3,1442,1788086889.386058,50,4.760687,1.095456
worker_3,1443,1788086889.390853,50,4.753622,1.097760
worker_3,1444,1788086889.395638,50,4.759687,1.096544
worker_3,1445,1788086889.400432,50,4.755289,1.099488
worker_3,1446,1788086889.405219,50,4.760855,1.096896
worker_3,1447,1788086889.410013,50,4.766826,1.096448
worker_3,1448,1788086889.414812,50,4.752974,1.097888
worker_3,1449,1788086889.419598,50,4.759039,1.096672
worker_3,1450,1788086889.424390,50,4.755798,1.098912
worker_3,1451,1788086889.429181,50,4.757465,1.097088
worker_3,1452,1788086889.433974,50,4.751623,1.096480
worker_3,1453,1788086889.438760,50,4.760234,1.097024
worker_3,1454,1788086889.443553,50,4.754715,1.095776
worker_3,1455,1788086889.448351,50,4.755873,1.105056
worker_3,1456,1788086889.453140,50,4.756909,1.097728
worker_3,1457,1788086889.457936,50,4.906818,1.096128
worker_3,1458,1788086889.462877,50,4.754752,1.097248
worker_3,1459,1788086889.467669,50,4.757705,1.096448
worker_3,1460,1788086889.472459,50,4.759863,1.097888
worker_3,1461,1788086889.477252,50,4.757817,1.095360
worker_3,1462,1788086889.482042,50,4.762252,1.097024
worker_3,1463,1788086889.486838,50,4.698834,1.096960
worker_3,1464,1788086889.491571,50,4.816483,1.097184
worker_3,1465,1788086889.496421,50,4.756141,1.098816
worker_3,1466,1788086889.501213,50,4.759280,1.096608
worker_3,1467,1788086889.506010,50,4.749771,1.096384
worker_3,1468,1788086889.510791,50,4.675558,1.096416
worker_3,1469,1788086889.515504,50,4.854281,1.096928
worker_3,1470,1788086889.520393,50,4.750752,1.097088
worker_3,1471,1788086889.525179,50,4.758214,1.095232
worker_3,1472,1788086889.529972,50,4.697918,1.096640
worker_3,1473,1788086889.534705,50,4.694279,1.096704
worker_3,1474,1788086889.539442,50,4.873669,1.096896
worker_3,1475,1788086889.544347,50,4.769261,1.104896
worker_3,1476,1788086889.549148,50,4.751353,1.095520
worker_3,1477,1788086889.553933,50,4.663372,1.096704
worker_3,1478,1788086889.558628,50,4.701891,1.095584
worker_3,1479,1788086889.563362,50,4.756687,1.096448
worker_3,1480,1788086889.568150,50,4.765372,1.097952
worker_3,1481,1788086889.572954,50,4.761872,1.099264
worker_3,1482,1788086889.577750,50,4.747742,1.097248
worker_3,1483,1788086889.582532,50,4.759390,1.097760
worker_3,1484,1788086889.587326,50,4.753196,1.097792
worker_3,1485,1788086889.592113,50,4.750474,1.095936
worker_3,1486,1788086889.596898,50,4.759437,1.097376
worker_3,1487,1788086889.601689,50,4.758585,1.097952
worker_3,1488,1788086889.606484,50,4.748456,1.097344
worker_3,1489,1788086889.611268,50,4.757104,1.096992
worker_3,1490,1788086889.616059,50,4.757993,1.099136
worker_3,1491,1788086889.620850,50,4.766224,1.099872
worker_3,1492,1788086889.625648,50,4.756983,1.095520
worker_3,1493,1788086889.630441,50,4.751706,1.098688
worker_3,1494,1788086889.635242,50,4.744205,1.095936
worker_3,1495,1788086889.640022,50,4.750799,1.099616
worker_3,1496,1788086889.644807,50,4.755261,1.096384
worker_3,1497,1788086889.649597,50,4.757567,1.097344
worker_3,1498,1788086889.654388,50,4.750853,1.096704
worker_3,1499,1788086889.659171,50,4.759363,1.096448
worker_3,1500,1788086889.663966,50,4.751437,1.095904
worker_3,1501,1788086889.668753,50,4.753539,1.102048
worker_3,1502,1788086889.673541,50,4.753474,1.095520
worker_3,1503,1788086889.678329,50,4.754761,1.097952
worker_3,1504,1788086889.683116,50,4.757567,1.097024
worker_3,1505,1788086889.687907,50,4.757503,1.097952
worker_3,1506,1788086889.692696,50,4.764150,1.097760
worker_3,1507,1788086889.697496,50,4.750724,1.095584
worker_3,1508,1788086889.702281,50,4.756215,1.097056
worker_3,1509,1788086889.707072,50,4.755873,1.097792
worker_3,1510,1788086889.711859,50,4.758993,1.095904
worker_3,1511,1788086889.716652,50,4.754418,1.097728
worker_3,1512,1788086889.721442,50,4.752455,1.095904
worker_3,1513,1788086889.726238,50,4.758641,1.100000
worker_3,1514,1788086889.731032,50,4.748104,1.096896
worker_3,1515,1788086889.735816,50,4.757863,1.097344
worker_3,1516,1788086889.740607,50,4.755382,1.096416
worker_3,1517,1788086889.745395,50,4.778780,1.104064
worker_3,1518,1788086889.750209,50,4.767485,1.098144
worker_3,1519,1788086889.755011,50,4.760057,1.097536
worker_3,1520,1788086889.759805,50,4.757557,1.097568
worker_3,1521,1788086889.764598,50,4.767298,1.102432
worker_3,1522,1788086889.769400,50,4.761817,1.096544
worker_3,1523,1788086889.774195,50,4.754558,1.096672
worker_3,1524,1788086889.778982,50,4.760548,1.096832
worker_3,1525,1788086889.783776,50,4.757289,1.097952
worker_3,1526,1788086889.788565,50,4.757715,1.095904
worker_3,1527,1788086889.793357,50,4.753289,1.095968
worker_3,1528,1788086889.798145,50,4.750928,1.097632
worker_3,1529,1788086889.802928,50,4.768344,1.100032
worker_3,1530,1788086889.807730,50,4.751630,1.097184
worker_3,1531,1788086889.812515,50,4.754678,1.096288
worker_3,1532,1788086889.817375,50,4.685316,1.096192
worker_3,1533,1788086889.822104,50,4.746354,1.097216
worker_3,1534,1788086889.826887,50,4.754464,1.097344
worker_3,1535,1788086889.831674,50,4.758928,1.095936
worker_3,1536,1788086889.836464,50,4.760233,1.097856
worker_3,1537,1788086889.841255,50,4.757151,1.097216
worker_3,1538,1788086889.846046,50,4.750641,1.097888
worker_3,1539,1788086889.850830,50,4.763085,1.098432
worker_3,1540,1788086889.855628,50,4.754123,1.097824
worker_3,1541,1788086889.860418,50,4.755224,1.097952
worker_3,1542,1788086889.865206,50,4.768233,1.097856
worker_3,1543,1788086889.870011,50,4.750132,1.097280
worker_3,1544,1788086889.874794,50,4.751131,1.095936
worker_3,1545,1788086889.879579,50,4.757706,1.097856
worker_3,1546,1788086889.884371,50,4.756178,1.095936
worker_3,1547,1788086889.889162,50,4.754797,1.097152
worker_3,1548,1788086889.893953,50,4.755196,1.099968
worker_3,1549,1788086889.898741,50,4.756446,1.096224
worker_3,1550,1788086889.903530,50,4.754455,1.097760
worker_3,1551,1788086889.908318,50,4.756687,1.099936
worker_3,1552,1788086889.913116,50,4.749993,1.100736
worker_3,1553,1788086889.917899,50,4.755557,1.096192
worker_3,1554,1788086889.922688,50,4.749836,1.095616
worker_3,1555,1788086889.927473,50,4.765845,1.096864
worker_3,1556,1788086889.932274,50,4.740132,1.097664
worker_3,1557,1788086889.937049,50,4.760743,1.098080
worker_3,1558,1788086889.941843,50,4.754049,1.096256
worker_3,1559,1788086889.946630,50,4.753594,1.095360
worker_3,1560,1788086889.951418,50,4.754326,1.097408
worker_3,1561,1788086889.956207,50,4.758761,1.096512
worker_3,1562,1788086889.961001,50,4.751178,1.097760
worker_3,1563,1788086889.965786,50,4.762057,1.097472
worker_3,1564,1788086889.970582,50,4.747724,1.097568
worker_3,1565,1788086889.975362,50,4.776409,1.096256
worker_3,1566,1788086889.980174,50,4.747511,1.096576
worker_3,1567,1788086889.984952,50,4.759474,1.096992
worker_3,1568,1788086889.989746,50,4.763142,1.102528
worker_3,1569,1788086889.994543,50,4.752918,1.097120
worker_3,1570,1788086889.999329,50,4.753483,1.095744
worker_3,1571,1788086890.004115,50,4.759446,1.097696
worker_3,1572,1788086890.008917,50,4.742586,1.096576
worker_3,1573,1788086890.013689,50,4.759428,1.097248
worker_3,1574,1788086890.018481,50,4.760512,1.096032
worker_3,1575,1788086890.023276,50,4.781104,1.097344
worker_3,1576,1788086890.028090,50,4.753298,1.098144
worker_3,1577,1788086890.032878,50,4.759020,1.097952
worker_3,1578,1788086890.037671,50,4.765160,1.097920
worker_3,1579,1788086890.042471,50,4.745548,1.095904
worker_3,1580,1788086890.047249,50,4.755326,1.097728
worker_3,1581,1788086890.052035,50,4.756308,1.097376
worker_3,1582,1788086890.056819,50,4.767844,1.096992
worker_3,1583,1788086890.061616,50,4.759715,1.096608
worker_3,1584,1788086890.066406,50,4.764002,1.097312
worker_3,1585,1788086890.071205,50,4.751327,1.097696
worker_3,1586,1788086890.075989,50,4.771872,1.095296
worker_3,1587,1788086890.080796,50,4.752809,1.095456
worker_3,1588,1788086890.085582,50,4.755502,1.096320
worker_3,1589,1788086890.090372,50,4.761354,1.101824
worker_3,1590,1788086890.095166,50,4.758890,1.097120
worker_3,1591,1788086890.099970,50,4.741113,1.098624
worker_3,1592,1788086890.104742,50,4.769484,1.101856
worker_3,1593,1788086890.109545,50,4.757864,1.096768
worker_3,1594,1788086890.114335,50,4.761622,1.095424
worker_3,1595,1788086890.119131,50,4.752363,1.095424
worker_3,1596,1788086890.123919,50,4.756706,1.095776
worker_3,1597,1788086890.128709,50,4.757289,1.098240
worker_3,1598,1788086890.133499,50,4.755567,1.096160
worker_3,1599,1788086890.138287,50,4.766670,1.102528
worker_3,1600,1788086890.143087,50,4.751807,1.095456
worker_3,1601,1788086890.147867,50,4.764298,1.097408
worker_3,1602,1788086890.152665,50,4.764465,1.106208
worker_3,1603,1788086890.157461,50,4.766159,1.095552
worker_3,1604,1788086890.162258,50,4.759279,1.097472
worker_3,1605,1788086890.167049,50,4.763371,1.095648
worker_3,1606,1788086890.171843,50,4.761409,1.097792
worker_3,1607,1788086890.176640,50,4.763724,1.095616
worker_3,1608,1788086890.181439,50,4.748345,1.096832
worker_3,1609,1788086890.186223,50,4.758251,1.098400
worker_3,1610,1788086890.191014,50,4.773511,1.096192
worker_3,1611,1788086890.195832,50,4.737640,1.098016
worker_3,1612,1788086890.200601,50,4.762326,1.096768
worker_3,1613,1788086890.205396,50,4.763854,1.096928
worker_3,1614,1788086890.210193,50,4.761160,1.098208
worker_3,1615,1788086890.214988,50,4.754289,1.097408
worker_3,1616,1788086890.219774,50,4.761372,1.098624
worker_3,1617,1788086890.224573,50,4.752742,1.097632
worker_3,1618,1788086890.229359,50,4.757789,1.097536
worker_3,1619,1788086890.234150,50,4.754687,1.097664
worker_3,1620,1788086890.238940,50,4.778993,1.097568
worker_3,1621,1788086890.243752,50,4.756187,1.096320
worker_3,1622,1788086890.248543,50,4.750891,1.096544
worker_3,1623,1788086890.253325,50,4.769956,1.098496
worker_3,1624,1788086890.258132,50,4.764002,1.096864
worker_3,1625,1788086890.262930,50,4.758734,1.097568
worker_3,1626,1788086890.267722,50,4.753076,1.099264
worker_3,1627,1788086890.272514,50,4.770511,1.095520
worker_3,1628,1788086890.277319,50,4.755493,1.096768
worker_3,1629,1788086890.282109,50,4.751835,1.096960
worker_3,1630,1788086890.286903,50,4.742743,1.098144
worker_3,1631,1788086890.291678,50,4.754381,1.096896
worker_3,1632,1788086890.296462,50,4.758687,1.097472
worker_3,1633,1788086890.301252,50,4.766048,1.095904
worker_3,1634,1788086890.306051,50,4.768992,1.099520
worker_3,1635,1788086890.310856,50,4.747270,1.096128
worker_3,1636,1788086890.315635,50,4.762586,1.097888
worker_3,1637,1788086890.320433,50,4.754391,1.100192
worker_3,1638,1788086890.325221,50,4.760594,1.097184
worker_3,1639,1788086890.330015,50,4.751585,1.096480
worker_3,1640,1788086890.334802,50,4.762048,1.097760
worker_3,1641,1788086890.339597,50,4.757382,1.098400
worker_3,1642,1788086890.344383,50,4.764669,1.097504
worker_3,1643,1788086890.349188,50,4.750604,1.095680
worker_3,1644,1788086890.353973,50,4.789984,1.107840
worker_3,1645,1788086890.358798,50,4.748409,1.097728
worker_3,1646,1788086890.363581,50,4.757752,1.097664
worker_3,1647,1788086890.368372,50,4.751650,1.097600
worker_3,1648,1788086890.373155,50,4.761196,1.098592
worker_3,1649,1788086890.377951,50,4.752678,1.098080
worker_3,1650,1788086890.382745,50,4.750113,1.097952
worker_3,1651,1788086890.387530,50,4.759086,1.097120
worker_3,1652,1788086890.392322,50,4.766020,1.095808
worker_3,1653,1788086890.397121,50,4.755845,1.095904
worker_3,1654,1788086890.401909,50,4.759160,1.097408
worker_3,1655,1788086890.406702,50,4.756909,1.099968
worker_3,1656,1788086890.411492,50,4.756567,1.096032
worker_3,1657,1788086890.416281,50,4.747076,1.096064
worker_3,1658,1788086890.421064,50,4.755456,1.095520
worker_3,1659,1788086890.425855,50,4.753224,1.097024
worker_3,1660,1788086890.430643,50,4.752938,1.096992
worker_3,1661,1788086890.435430,50,4.757984,1.097184
worker_3,1662,1788086890.440233,50,4.744373,1.096320
worker_3,1663,1788086890.445011,50,4.781743,1.099616
worker_3,1664,1788086890.449826,50,4.752160,1.095904
worker_3,1665,1788086890.454610,50,4.919003,1.095872
worker_3,1666,1788086890.459563,50,4.756650,1.095264
worker_3,1667,1788086890.464352,50,4.765169,1.097024
worker_3,1668,1788086890.469149,50,4.779077,1.097824
worker_3,1669,1788086890.473970,50,4.733752,1.095904
worker_3,1670,1788086890.478736,50,4.612112,1.096960
worker_3,1671,1788086890.483382,50,4.761678,1.097728
worker_3,1672,1788086890.488175,50,4.756752,1.096544
worker_3,1673,1788086890.492965,50,4.754557,1.095488
worker_3,1674,1788086890.497753,50,4.761002,1.095488
worker_3,1675,1788086890.502546,50,4.756521,1.097632
worker_3,1676,1788086890.507333,50,4.765938,1.097536
worker_3,1677,1788086890.512131,50,4.759650,1.097408
worker_3,1678,1788086890.516925,50,4.759002,1.096640
worker_3,1679,1788086890.521722,50,4.751659,1.095328
worker_3,1680,1788086890.526509,50,4.748464,1.098336
worker_3,1681,1788086890.531292,50,4.773529,1.098240
worker_3,1682,1788086890.536100,50,4.752105,1.096768
worker_3,1683,1788086890.540954,50,4.709659,1.096416
worker_3,1684,1788086890.545696,50,4.760494,1.098464
worker_3,1685,1788086890.550491,50,4.748456,1.095776
worker_3,1686,1788086890.555274,50,4.749817,1.096704
worker_3,1687,1788086890.560054,50,4.749585,1.096672
worker_3,1688,1788086890.564827,50,4.769207,1.098368
worker_3,1689,1788086890.569625,50,4.760122,1.095520
worker_3,1690,1788086890.574402,50,4.773419,1.096288
worker_3,1691,1788086890.579192,50,4.774530,1.098368
worker_3,1692,1788086890.583983,50,4.778049,1.097792
worker_3,1693,1788086890.588776,50,4.784262,1.096672
worker_3,1694,1788086890.593576,50,4.776235,1.097280
worker_3,1695,1788086890.598367,50,4.990855,1.096640
worker_3,1696,1788086890.603406,50,4.538092,1.097280
worker_3,1697,1788086890.607967,50,4.767974,1.097376
worker_3,1698,1788086890.612753,50,4.789493,1.106944
worker_3,1699,1788086890.617560,50,4.980828,1.096256
worker_3,1700,1788086890.622589,50,4.542926,1.095840
worker_3,1701,1788086890.627158,50,4.760743,1.096576
worker_3,1702,1788086890.631938,50,4.772067,1.097856
worker_3,1703,1788086890.636727,50,4.799457,1.109120
worker_3,1704,1788086890.641544,50,4.771113,1.097472
worker_3,1705,1788086890.646332,50,4.988596,1.098176
worker_3,1706,1788086890.651370,50,4.539372,1.097632
worker_3,1707,1788086890.655934,50,4.763659,1.098208
worker_3,1708,1788086890.660729,50,4.758567,1.099552
worker_3,1709,1788086890.665507,50,4.986912,1.097184
worker_3,1710,1788086890.670543,50,4.537056,1.097984
worker_3,1711,1788086890.675105,50,4.975967,1.097216
worker_3,1712,1788086890.680130,50,4.539640,1.102432
worker_3,1713,1788086890.684695,50,4.973597,1.098176
worker_3,1714,1788086890.689716,50,4.542159,1.097792
worker_3,1715,1788086890.694284,50,4.968105,1.095808
worker_3,1716,1788086890.699300,50,4.543352,1.098240
worker_3,1717,1788086890.703868,50,4.767484,1.097824
worker_3,1718,1788086890.708653,50,4.770021,1.097056
worker_3,1719,1788086890.713440,50,4.987199,1.097440
worker_3,1720,1788086890.718477,50,4.546306,1.097152
worker_3,1721,1788086890.723048,50,4.981151,1.098496
worker_3,1722,1788086890.728075,50,4.543556,1.097696
worker_3,1723,1788086890.732645,50,4.971698,1.096416
worker_3,1724,1788086890.737664,50,4.541666,1.099040
worker_3,1725,1788086890.742230,50,4.980893,1.097408
worker_3,1726,1788086890.747258,50,4.544037,1.099200
worker_3,1727,1788086890.751827,50,4.764474,1.098240
worker_3,1728,1788086890.756621,50,4.767965,1.099040
worker_3,1729,1788086890.761406,50,4.988022,1.097280
worker_3,1730,1788086890.766443,50,4.563768,1.095744
worker_3,1731,1788086890.771030,50,4.973355,1.097600
worker_3,1732,1788086890.776052,50,4.542084,1.097376
worker_3,1733,1788086890.780620,50,4.976513,1.100768
worker_3,1734,1788086890.785642,50,4.541640,1.096640
worker_3,1735,1788086890.790210,50,4.760150,1.098048
worker_3,1736,1788086890.794991,50,4.989652,1.098880
worker_3,1737,1788086890.800030,50,4.544195,1.098336
worker_3,1738,1788086890.804598,50,4.972828,1.096768
worker_3,1739,1788086890.809618,50,4.544361,1.097600
worker_3,1740,1788086890.814187,50,4.971170,1.097024
worker_3,1741,1788086890.819204,50,4.546602,1.097792
worker_3,1742,1788086890.823776,50,4.773242,1.102560
worker_3,1743,1788086890.828570,50,4.782290,1.098304
worker_3,1744,1788086890.833369,50,4.785390,1.097088
worker_3,1745,1788086890.838170,50,4.778983,1.097824
worker_3,1746,1788086890.842966,50,4.780557,1.098912
worker_3,1747,1788086890.847771,50,4.778261,1.101824
worker_3,1748,1788086890.852566,50,4.780095,1.098432
worker_3,1749,1788086890.857362,50,4.986097,1.096032
worker_3,1750,1788086890.862396,50,4.541139,1.097152
worker_3,1751,1788086890.866963,50,4.971087,1.095648
worker_3,1752,1788086890.871980,50,4.554666,1.099488
worker_3,1753,1788086890.876561,50,4.991634,1.096896
worker_3,1754,1788086890.881599,50,4.531277,1.097632
worker_3,1755,1788086890.886156,50,4.986374,1.096608
worker_3,1756,1788086890.891191,50,4.522602,1.097120
worker_3,1757,1788086890.895738,50,4.762039,1.099552
worker_3,1758,1788086890.900519,50,4.785353,1.098912
worker_3,1759,1788086890.905324,50,4.980911,1.097568
worker_3,1760,1788086890.910355,50,4.537842,1.097760
worker_3,1761,1788086890.914917,50,4.993930,1.096480
worker_3,1762,1788086890.919958,50,4.525167,1.100544
worker_3,1763,1788086890.924511,50,4.981569,1.097248
worker_3,1764,1788086890.929540,50,4.535722,1.097408
worker_3,1765,1788086890.934100,50,4.970234,1.097408
worker_3,1766,1788086890.939117,50,4.538140,1.097408
worker_3,1767,1788086890.943695,50,4.752539,1.097312
worker_3,1768,1788086890.948467,50,4.775169,1.099072
worker_3,1769,1788086890.953258,50,4.992375,1.097440
worker_3,1770,1788086890.958299,50,4.540981,1.098784
worker_3,1771,1788086890.962865,50,4.968902,1.097184
worker_3,1772,1788086890.967881,50,4.558001,1.101920
worker_3,1773,1788086890.972464,50,4.990319,1.099200
worker_3,1774,1788086890.977502,50,4.535084,1.098112
worker_3,1775,1788086890.982064,50,4.976457,1.096736
worker_3,1776,1788086890.987087,50,4.542760,1.096640
worker_3,1777,1788086890.991655,50,4.776335,1.105152
worker_3,1778,1788086890.996451,50,4.784511,1.097376
worker_3,1779,1788086891.001250,50,5.000070,1.096896
worker_3,1780,1788086891.006300,50,4.529917,1.098400
worker_3,1781,1788086891.010855,50,4.766946,1.098016
worker_3,1782,1788086891.015640,50,5.019773,1.102336
worker_3,1783,1788086891.020708,50,4.540120,1.097344
worker_3,1784,1788086891.025273,50,4.975642,1.097568
worker_3,1785,1788086891.030297,50,4.539593,1.100128
worker_3,1786,1788086891.034873,50,4.960170,1.096640
worker_3,1787,1788086891.039880,50,4.545510,1.098144
worker_3,1788,1788086891.044451,50,4.975133,1.101856
worker_3,1789,1788086891.049474,50,4.542575,1.097792
worker_3,1790,1788086891.054042,50,4.762224,1.097248
worker_3,1791,1788086891.058824,50,4.977199,1.095360
worker_3,1792,1788086891.063849,50,4.547167,1.098432
worker_3,1793,1788086891.068423,50,4.968050,1.097376
worker_3,1794,1788086891.073438,50,4.539398,1.096576
worker_3,1795,1788086891.078002,50,4.979171,1.097408
worker_3,1796,1788086891.083029,50,4.546195,1.098528
worker_3,1797,1788086891.087602,50,4.759771,1.097696
worker_3,1798,1788086891.092380,50,4.777798,1.099584
worker_3,1799,1788086891.097175,50,4.988273,1.096832
worker_3,1800,1788086891.102212,50,4.546445,1.097248
worker_3,1801,1788086891.106783,50,4.971753,1.097280
worker_3,1802,1788086891.111802,50,4.545121,1.097472
worker_3,1803,1788086891.116372,50,4.974662,1.100096
worker_3,1804,1788086891.121394,50,4.534454,1.097824
worker_3,1805,1788086891.125955,50,4.987079,1.096000
worker_3,1806,1788086891.131001,50,4.528881,1.096608
worker_3,1807,1788086891.135555,50,4.758335,1.096544
worker_3,1808,1788086891.140332,50,4.780160,1.101856
worker_3,1809,1788086891.145130,50,4.990300,1.098784
worker_3,1810,1788086891.150168,50,4.565065,1.098368
worker_3,1811,1788086891.154761,50,4.969347,1.096416
worker_3,1812,1788086891.159778,50,4.542611,1.102656
worker_3,1813,1788086891.164345,50,4.982411,1.096384
worker_3,1814,1788086891.169374,50,4.539991,1.096992
worker_3,1815,1788086891.173938,50,4.986930,1.099296
worker_3,1816,1788086891.178974,50,4.537592,1.096832
worker_3,1817,1788086891.183536,50,4.768225,1.097504
worker_3,1818,1788086891.188323,50,4.776733,1.100736
worker_3,1819,1788086891.193116,50,4.985272,1.096096
worker_3,1820,1788086891.198151,50,4.535362,1.096864
worker_3,1821,1788086891.202711,50,5.008986,1.097536
worker_3,1822,1788086891.207767,50,4.509269,1.099104
worker_3,1823,1788086891.212300,50,4.983087,1.100416
worker_3,1824,1788086891.217330,50,4.533481,1.099040
worker_3,1825,1788086891.221899,50,4.974817,1.097920
worker_3,1826,1788086891.226924,50,4.534787,1.097248
worker_3,1827,1788086891.231484,50,4.769021,1.096160
worker_3,1828,1788086891.236270,50,4.776873,1.099232
worker_3,1829,1788086891.241064,50,4.984828,1.096096
worker_3,1830,1788086891.246099,50,4.541547,1.098272
worker_3,1831,1788086891.250668,50,4.969985,1.096544
worker_3,1832,1788086891.255686,50,4.552620,1.097408
worker_3,1833,1788086891.260263,50,4.973671,1.099552
worker_3,1834,1788086891.265374,50,4.457204,1.097696
worker_3,1835,1788086891.269859,50,4.969855,1.096000
worker_3,1836,1788086891.274878,50,4.539213,1.097216
worker_3,1837,1788086891.279443,50,4.777919,1.097440
worker_3,1838,1788086891.284239,50,4.765447,1.099296
worker_3,1839,1788086891.289023,50,4.771409,1.098080
worker_3,1840,1788086891.293810,50,4.781447,1.097888
worker_3,1841,1788086891.298608,50,4.989291,1.096384
worker_3,1842,1788086891.303647,50,4.553944,1.097568
worker_3,1843,1788086891.308233,50,4.756511,1.098400
worker_3,1844,1788086891.313009,50,4.772725,1.097792
worker_3,1845,1788086891.317812,50,4.976225,1.095712
worker_3,1846,1788086891.322837,50,4.544325,1.098560
worker_3,1847,1788086891.327405,50,4.762707,1.096544
worker_3,1848,1788086891.332187,50,4.778955,1.102912
worker_3,1849,1788086891.336981,50,4.777882,1.096288
worker_3,1850,1788086891.341776,50,4.783410,1.095808
worker_3,1851,1788086891.346575,50,4.987763,1.097952
worker_3,1852,1788086891.351612,50,4.560093,1.098144
worker_3,1853,1788086891.356197,50,4.764669,1.099392
worker_3,1854,1788086891.360980,50,4.773984,1.098400
worker_3,1855,1788086891.365771,50,4.985977,1.098656
worker_3,1856,1788086891.370807,50,4.538519,1.097760
worker_3,1857,1788086891.375372,50,4.793549,1.097952
worker_3,1858,1788086891.380185,50,4.773558,1.101696
worker_3,1859,1788086891.384977,50,4.771493,1.097152
worker_3,1860,1788086891.389765,50,4.786881,1.097184
worker_3,1861,1788086891.394568,50,4.986310,1.096768
worker_3,1862,1788086891.399604,50,4.549750,1.097792
worker_3,1863,1788086891.404179,50,4.770409,1.103584
worker_3,1864,1788086891.408982,50,4.756697,1.099200
worker_3,1865,1788086891.413757,50,4.985578,1.096960
worker_3,1866,1788086891.418789,50,4.543918,1.096672
worker_3,1867,1788086891.423358,50,4.758845,1.096704
worker_3,1868,1788086891.428136,50,4.771252,1.097504
worker_3,1869,1788086891.432925,50,4.781668,1.099104
worker_3,1870,1788086891.437723,50,4.776243,1.097856
worker_3,1871,1788086891.442515,50,4.993782,1.096736
worker_3,1872,1788086891.447558,50,4.540215,1.097184
worker_3,1873,1788086891.452124,50,4.760178,1.099104
worker_3,1874,1788086891.456904,50,4.777354,1.102144
worker_3,1875,1788086891.461699,50,4.989234,1.098464
worker_3,1876,1788086891.466736,50,4.541371,1.097600
worker_3,1877,1788086891.471304,50,4.761762,1.097472
worker_3,1878,1788086891.476085,50,4.782483,1.096032
worker_3,1879,1788086891.480884,50,4.784530,1.101568
worker_3,1880,1788086891.485686,50,4.776687,1.097216
worker_3,1881,1788086891.490479,50,4.987828,1.096736
worker_3,1882,1788086891.495515,50,4.535518,1.095616
worker_3,1883,1788086891.500075,50,4.773771,1.097728
worker_3,1884,1788086891.504880,50,4.789502,1.103840
worker_3,1885,1788086891.509687,50,4.981013,1.096992
worker_3,1886,1788086891.514719,50,4.545000,1.099392
worker_3,1887,1788086891.519291,50,4.762854,1.099328
worker_3,1888,1788086891.524072,50,4.773576,1.098688
worker_3,1889,1788086891.528862,50,4.789928,1.098208
worker_3,1890,1788086891.533668,50,4.775919,1.095712
worker_3,1891,1788086891.538461,50,4.985744,1.098336
worker_3,1892,1788086891.543497,50,4.542953,1.098752
worker_3,1893,1788086891.548066,50,4.767177,1.099200
worker_3,1894,1788086891.552852,50,4.789613,1.098656
worker_3,1895,1788086891.557658,50,4.780604,1.098560
worker_3,1896,1788086891.562456,50,4.777178,1.099456
worker_3,1897,1788086891.567249,50,4.785483,1.099616
worker_3,1898,1788086891.572052,50,4.782030,1.099552
worker_3,1899,1788086891.576849,50,4.794013,1.097120
worker_3,1900,1788086891.581659,50,4.774456,1.097696
worker_3,1901,1788086891.586449,50,4.776022,1.097856
worker_3,1902,1788086891.591241,50,4.799844,1.097824
worker_3,1903,1788086891.596064,50,4.779835,1.097376
worker_3,1904,1788086891.600859,50,4.779464,1.099360
worker_3,1905,1788086891.605654,50,4.776419,1.097248
worker_3,1906,1788086891.610447,50,4.777215,1.097216
worker_3,1907,1788086891.615239,50,4.805020,1.097152
worker_3,1908,1788086891.620061,50,4.776568,1.098400
worker_3,1909,1788086891.624852,50,4.782113,1.097248
worker_3,1910,1788086891.629654,50,4.775049,1.097184
worker_3,1911,1788086891.634444,50,4.779059,1.097376
worker_3,1912,1788086891.639238,50,4.815131,1.096672
worker_3,1913,1788086891.644069,50,4.988865,1.097056
worker_3,1914,1788086891.649106,50,4.744131,1.096768
worker_3,1915,1788086891.653898,50,4.550963,1.098656
worker_3,1916,1788086891.658473,50,4.967078,1.096864
worker_3,1917,1788086891.663487,50,4.582398,1.096864
worker_3,1918,1788086891.668097,50,4.758317,1.096192
worker_3,1919,1788086891.672874,50,4.786335,1.102784
worker_3,1920,1788086891.677678,50,4.991254,1.098016
worker_3,1921,1788086891.682718,50,4.545195,1.099040
worker_3,1922,1788086891.687287,50,4.761585,1.096512
worker_3,1923,1788086891.692080,50,4.754039,1.096416
worker_3,1924,1788086891.696851,50,4.796567,1.097344
worker_3,1925,1788086891.701664,50,4.775076,1.097600
worker_3,1926,1788086891.706456,50,4.988281,1.097120
worker_3,1927,1788086891.711495,50,4.538898,1.097536
worker_3,1928,1788086891.716059,50,4.763066,1.097248
worker_3,1929,1788086891.720841,50,4.792781,1.112704
worker_3,1930,1788086891.725651,50,4.988374,1.097216
worker_3,1931,1788086891.730689,50,4.540612,1.096768
worker_3,1932,1788086891.735254,50,4.763455,1.098432
worker_3,1933,1788086891.740036,50,4.779853,1.097472
worker_3,1934,1788086891.744832,50,4.808836,1.108544
worker_3,1935,1788086891.749657,50,4.778576,1.097440
worker_3,1936,1788086891.754452,50,4.990792,1.097408
worker_3,1937,1788086891.759492,50,4.541018,1.096768
worker_3,1938,1788086891.764058,50,4.767261,1.099104
worker_3,1939,1788086891.768843,50,4.792966,1.103104
worker_3,1940,1788086891.773653,50,4.778020,1.097504
worker_3,1941,1788086891.778447,50,4.781207,1.097152
worker_3,1942,1788086891.783259,50,4.766048,1.098560
worker_3,1943,1788086891.788042,50,4.777058,1.097152
worker_3,1944,1788086891.792836,50,4.776475,1.097408
worker_3,1945,1788086891.797628,50,4.782492,1.101824
worker_3,1946,1788086891.802426,50,4.998310,1.099168
worker_3,1947,1788086891.807473,50,4.540732,1.098144
worker_3,1948,1788086891.812039,50,4.768298,1.098976
worker_3,1949,1788086891.816827,50,4.774964,1.098688
worker_3,1950,1788086891.821619,50,4.978328,1.096224
worker_3,1951,1788086891.826646,50,4.543250,1.096064
worker_3,1952,1788086891.831214,50,4.764763,1.098304
worker_3,1953,1788086891.835998,50,4.773354,1.098944
worker_3,1954,1788086891.840788,50,4.772400,1.099264
worker_3,1955,1788086891.845578,50,4.776733,1.100960
worker_3,1956,1788086891.850371,50,4.986087,1.097536
worker_3,1957,1788086891.855408,50,4.550722,1.097088
worker_3,1958,1788086891.859984,50,4.760826,1.098080
worker_3,1959,1788086891.864762,50,4.774512,1.098752
worker_3,1960,1788086891.869555,50,4.988513,1.098016
worker_3,1961,1788086891.874592,50,4.542695,1.098400
worker_3,1962,1788086891.879175,50,4.762410,1.095744
worker_3,1963,1788086891.883958,50,4.775086,1.101632
worker_3,1964,1788086891.888750,50,4.776854,1.097792
worker_3,1965,1788086891.893543,50,4.987153,1.096096
worker_3,1966,1788086891.898581,50,4.537981,1.099392
worker_3,1967,1788086891.903147,50,4.777141,1.097728
worker_3,1968,1788086891.907943,50,4.770159,1.099168
worker_3,1969,1788086891.912730,50,4.775196,1.097792
worker_3,1970,1788086891.917521,50,4.773706,1.098816
worker_3,1971,1788086891.922311,50,4.989550,1.098272
worker_3,1972,1788086891.927352,50,4.538900,1.097088
worker_3,1973,1788086891.931916,50,4.766826,1.097184
worker_3,1974,1788086891.936700,50,4.781891,1.102464
worker_3,1975,1788086891.941498,50,4.985606,1.096832
worker_3,1976,1788086891.946532,50,4.543102,1.097760
worker_3,1977,1788086891.951099,50,4.973069,1.096992
worker_3,1978,1788086891.956120,50,4.541455,1.097408
worker_3,1979,1788086891.960686,50,4.972375,1.098592
worker_3,1980,1788086891.965705,50,4.540334,1.099264
worker_3,1981,1788086891.970284,50,4.965662,1.097920
worker_3,1982,1788086891.975299,50,4.537269,1.097216
worker_3,1983,1788086891.979861,50,4.759660,1.096512
worker_3,1984,1788086891.984639,50,4.775724,1.097312
worker_3,1985,1788086891.989508,50,4.906670,1.096096
worker_3,1986,1788086891.994463,50,4.543297,1.097696
worker_3,1987,1788086891.999033,50,4.972198,1.097568
worker_3,1988,1788086892.004053,50,4.542223,1.098176
worker_3,1989,1788086892.008621,50,4.982282,1.104096
worker_3,1990,1788086892.013652,50,4.537056,1.097248
worker_3,1991,1788086892.018214,50,4.971976,1.096192
worker_3,1992,1788086892.023234,50,4.532537,1.096416
worker_3,1993,1788086892.027794,50,4.760687,1.098176
worker_3,1994,1788086892.032575,50,4.776780,1.101920
worker_3,1995,1788086892.037369,50,4.987504,1.097952
worker_3,1996,1788086892.042407,50,4.531342,1.095840
worker_3,1997,1788086892.046965,50,4.965448,1.096480
worker_3,1998,1788086892.051978,50,4.550140,1.098336
worker_3,1999,1788086892.056555,50,4.963671,1.097728
worker_3,2000,1788086892.061565,50,4.540621,1.095584
worker_3,2001,1788086892.066145,50,4.969096,1.097472
worker_3,2002,1788086892.071162,50,4.542639,1.096448
worker_3,2003,1788086892.075732,50,4.767253,1.100576
worker_3,2004,1788086892.080519,50,4.776586,1.098560
worker_3,2005,1788086892.085313,50,4.982115,1.096544
worker_3,2006,1788086892.090344,50,4.539407,1.095520
worker_3,2007,1788086892.094908,50,4.976578,1.097600
worker_3,2008,1788086892.099932,50,4.544408,1.096864
worker_3,2009,1788086892.104501,50,4.970661,1.096928
worker_3,2010,1788086892.109519,50,4.545944,1.097536
worker_3,2011,1788086892.114091,50,4.763642,1.097248
worker_3,2012,1788086892.118873,50,4.773280,1.096672
worker_3,2013,1788086892.123664,50,5.004087,1.108416
worker_3,2014,1788086892.128718,50,4.552630,1.096832
worker_3,2015,1788086892.133296,50,4.981550,1.100160
worker_3,2016,1788086892.138325,50,4.541880,1.098464
worker_3,2017,1788086892.142894,50,4.974226,1.097088
worker_3,2018,1788086892.147914,50,4.542224,1.101312
worker_3,2019,1788086892.152484,50,4.987439,1.097280
worker_3,2020,1788086892.157529,50,4.530287,1.097792
worker_3,2021,1788086892.162085,50,4.972458,1.097728
worker_3,2022,1788086892.167106,50,4.542871,1.099616
worker_3,2023,1788086892.171675,50,4.767715,1.097792
worker_3,2024,1788086892.176460,50,4.772308,1.098496
worker_3,2025,1788086892.181252,50,4.987634,1.096128
worker_3,2026,1788086892.186289,50,4.550491,1.099872
worker_3,2027,1788086892.190864,50,4.977624,1.096704
worker_3,2028,1788086892.195890,50,4.540425,1.098912
worker_3,2029,1788086892.200456,50,4.978661,1.100192
worker_3,2030,1788086892.205483,50,4.537000,1.096000
worker_3,2031,1788086892.210045,50,5.003189,1.100768
worker_3,2032,1788086892.215096,50,4.541120,1.099456
worker_3,2033,1788086892.219662,50,4.760085,1.097632
worker_3,2034,1788086892.224440,50,4.778447,1.101248
worker_3,2035,1788086892.229235,50,4.988217,1.097696
worker_3,2036,1788086892.234273,50,4.568705,1.102144
worker_3,2037,1788086892.238869,50,4.967522,1.097120
worker_3,2038,1788086892.243884,50,4.541426,1.096128
worker_3,2039,1788086892.248449,50,4.980133,1.099296
worker_3,2040,1788086892.253488,50,4.510166,1.096320
worker_3,2041,1788086892.258017,50,4.823623,1.098112
worker_3,2042,1788086892.262876,50,4.710493,1.097568
worker_3,2043,1788086892.267606,50,4.773576,1.098144
worker_3,2044,1788086892.272394,50,4.982171,1.097568
worker_3,2045,1788086892.277420,50,4.540185,1.097248
worker_3,2046,1788086892.281984,50,4.777446,1.098848
worker_3,2047,1788086892.286778,50,5.002680,1.096992
worker_3,2048,1788086892.291829,50,4.516925,1.097824
worker_3,2049,1788086892.296373,50,4.979439,1.097312
worker_3,2050,1788086892.301399,50,4.534482,1.095744
worker_3,2051,1788086892.305959,50,4.990596,1.098784
worker_3,2052,1788086892.310997,50,4.532407,1.095712
worker_3,2053,1788086892.315555,50,4.763881,1.105120
worker_3,2054,1788086892.320339,50,4.766604,1.096032
worker_3,2055,1788086892.325129,50,4.764622,1.099360
worker_3,2056,1788086892.329913,50,4.770753,1.097088
worker_3,2057,1788086892.334700,50,4.776622,1.097504
worker_3,2058,1788086892.339494,50,4.776066,1.097440
worker_3,2059,1788086892.344296,50,4.766724,1.096480
worker_3,2060,1788086892.349078,50,4.775113,1.097248
worker_3,2061,1788086892.353873,50,4.771243,1.097504
worker_3,2062,1788086892.358661,50,4.788632,1.097536
worker_3,2063,1788086892.363465,50,4.993513,1.097920
worker_3,2064,1788086892.368508,50,4.530546,1.100256
worker_3,2065,1788086892.373063,50,4.770012,1.097376
worker_3,2066,1788086892.377851,50,4.771122,1.096640
worker_3,2067,1788086892.382638,50,4.774344,1.096576
worker_3,2068,1788086892.387429,50,4.773577,1.097344
worker_3,2069,1788086892.392225,50,4.769327,1.098624
worker_3,2070,1788086892.397011,50,4.779437,1.097280
worker_3,2071,1788086892.401806,50,4.764529,1.097760
worker_3,2072,1788086892.406583,50,4.788335,1.101568
worker_3,2073,1788086892.411387,50,4.779483,1.097600
worker_3,2074,1788086892.416182,50,4.772697,1.096704
worker_3,2075,1788086892.420973,50,4.769586,1.097248
worker_3,2076,1788086892.425758,50,4.778622,1.101824
worker_3,2077,1788086892.430556,50,4.774493,1.097184
worker_3,2078,1788086892.435346,50,4.777067,1.096960
worker_3,2079,1788086892.440146,50,4.774317,1.100128
worker_3,2080,1788086892.444937,50,4.779770,1.097408
worker_3,2081,1788086892.449733,50,4.775113,1.097632
worker_3,2082,1788086892.454524,50,4.924763,1.096576
worker_3,2083,1788086892.459463,50,4.655399,1.102848
worker_3,2084,1788086892.464135,50,5.136163,1.097472
worker_3,2085,1788086892.469321,50,4.742558,1.096704
worker_3,2086,1788086892.474108,50,4.614547,1.095840
worker_3,2087,1788086892.478768,50,4.672438,1.097312
worker_3,2088,1788086892.483465,50,4.784178,1.098240
worker_3,2089,1788086892.488270,50,4.981550,1.098208
worker_3,2090,1788086892.493298,50,4.749491,1.096064
worker_3,2091,1788086892.498093,50,4.531037,1.096672
worker_3,2092,1788086892.502648,50,4.991217,1.097888
worker_3,2093,1788086892.507687,50,4.530769,1.096672
worker_3,2094,1788086892.512245,50,4.756548,1.095712
worker_3,2095,1788086892.517020,50,4.725484,1.096160
worker_3,2096,1788086892.521765,50,4.898549,1.096768
worker_3,2097,1788086892.526711,50,4.653482,1.097280
worker_3,2098,1788086892.531400,50,4.646549,1.098336
worker_3,2099,1788086892.536065,50,4.773697,1.097280
worker_3,2100,1788086892.540856,50,4.771363,1.096672
worker_3,2101,1788086892.545642,50,4.778494,1.097888
worker_3,2102,1788086892.550437,50,4.984604,1.096128
worker_3,2103,1788086892.555473,50,4.534528,1.096640
worker_3,2104,1788086892.560034,50,4.763244,1.098912
worker_3,2105,1788086892.564816,50,4.778446,1.098272
worker_3,2106,1788086892.569612,50,4.981754,1.096704
worker_3,2107,1788086892.574642,50,4.545464,1.099744
worker_3,2108,1788086892.579215,50,4.756511,1.096032
worker_3,2109,1788086892.583990,50,4.773900,1.098848
worker_3,2110,1788086892.588783,50,4.769660,1.096608
worker_3,2111,1788086892.593569,50,4.777511,1.097632
worker_3,2112,1788086892.598361,50,4.785539,1.098208
worker_3,2113,1788086892.603165,50,4.776770,1.097088
worker_3,2114,1788086892.607959,50,4.783437,1.097088
worker_3,2115,1788086892.612757,50,4.781975,1.097472
worker_3,2116,1788086892.617554,50,4.782003,1.099264
worker_3,2117,1788086892.622352,50,4.776993,1.098144
worker_3,2118,1788086892.627153,50,4.769855,1.097280
worker_3,2119,1788086892.631939,50,4.778066,1.100512
worker_3,2120,1788086892.636733,50,4.778253,1.095776
worker_3,2121,1788086892.641526,50,4.778270,1.097088
worker_3,2122,1788086892.646320,50,4.780364,1.098752
worker_3,2123,1788086892.651117,50,4.807818,1.098432
worker_3,2124,1788086892.655941,50,4.780381,1.100480
worker_3,2125,1788086892.660738,50,4.774085,1.097792
worker_3,2126,1788086892.665528,50,4.775354,1.099456
worker_3,2127,1788086892.670320,50,4.986134,1.095904
worker_3,2128,1788086892.675354,50,4.533028,1.096960
worker_3,2129,1788086892.679912,50,4.768864,1.098784
worker_3,2130,1788086892.684699,50,4.777937,1.101088
worker_3,2131,1788086892.689495,50,4.987134,1.099072
worker_3,2132,1788086892.694530,50,4.542500,1.096864
worker_3,2133,1788086892.699100,50,4.974014,1.099072
worker_3,2134,1788086892.704120,50,4.538351,1.096416
worker_3,2135,1788086892.708682,50,4.976559,1.098080
worker_3,2136,1788086892.713788,50,4.614631,1.097792
worker_3,2137,1788086892.718441,50,4.977551,1.096832
worker_3,2138,1788086892.723465,50,4.531472,1.096768
worker_3,2139,1788086892.728022,50,4.765261,1.096672
worker_3,2140,1788086892.732805,50,4.776335,1.097824
worker_3,2141,1788086892.737598,50,5.005504,1.097888
worker_3,2142,1788086892.742654,50,4.363794,1.098912
worker_3,2143,1788086892.747041,50,4.764372,1.098432
worker_3,2144,1788086892.751825,50,4.779299,1.100448
worker_3,2145,1788086892.756622,50,4.775781,1.096928
worker_3,2146,1788086892.761414,50,4.774576,1.097472
worker_3,2147,1788086892.766204,50,4.988023,1.097408
worker_3,2148,1788086892.771241,50,4.548205,1.097824
worker_3,2149,1788086892.775814,50,4.769020,1.104800
worker_3,2150,1788086892.780601,50,4.768687,1.095808
worker_3,2151,1788086892.785387,50,4.985319,1.095936
worker_3,2152,1788086892.790421,50,4.549407,1.096992
worker_3,2153,1788086892.794996,50,4.971540,1.096032
worker_3,2154,1788086892.800015,50,4.540760,1.098240
worker_3,2155,1788086892.804580,50,4.974551,1.101504
worker_3,2156,1788086892.809601,50,4.545881,1.097856
worker_3,2157,1788086892.814185,50,4.981624,1.097376
worker_3,2158,1788086892.819215,50,4.544038,1.098528
worker_3,2159,1788086892.823784,50,4.774049,1.108736
worker_3,2160,1788086892.828578,50,4.788400,1.098208
worker_3,2161,1788086892.833383,50,5.001523,1.097216
worker_3,2162,1788086892.838434,50,4.522648,1.098240
worker_3,2163,1788086892.842982,50,4.971254,1.097504
worker_3,2164,1788086892.848000,50,4.544444,1.096096
worker_3,2165,1788086892.852570,50,4.967393,1.096832
worker_3,2166,1788086892.857585,50,4.546704,1.098144
worker_3,2167,1788086892.862158,50,4.757373,1.095776
worker_3,2168,1788086892.866934,50,4.980374,1.097472
worker_3,2169,1788086892.871964,50,4.546343,1.099776
worker_3,2170,1788086892.876537,50,4.972485,1.095488
worker_3,2171,1788086892.881556,50,4.541158,1.095744
worker_3,2172,1788086892.886122,50,4.761307,1.098304
worker_3,2173,1788086892.890901,50,4.985587,1.097216
worker_3,2174,1788086892.895935,50,4.534546,1.096352
worker_3,2175,1788086892.900497,50,4.965309,1.096832
worker_3,2176,1788086892.905524,50,4.520935,1.097216
worker_3,2177,1788086892.910070,50,5.007809,1.095680
worker_3,2178,1788086892.915124,50,4.538703,1.096704
worker_3,2179,1788086892.919691,50,4.757946,1.097120
worker_3,2180,1788086892.924469,50,4.767910,1.097728
worker_3,2181,1788086892.929255,50,5.001356,1.097312
worker_3,2182,1788086892.934306,50,4.535408,1.097472
worker_3,2183,1788086892.938866,50,4.973466,1.098208
worker_3,2184,1788086892.943886,50,4.557981,1.105280
worker_3,2185,1788086892.948470,50,4.975179,1.098592
worker_3,2186,1788086892.953494,50,4.536343,1.096960
worker_3,2187,1788086892.958057,50,5.011235,1.098656
worker_3,2188,1788086892.963115,50,4.529074,1.096256
worker_3,2189,1788086892.967670,50,4.765808,1.097792
worker_3,2190,1788086892.972456,50,4.776401,1.099584
worker_3,2191,1788086892.977249,50,4.983030,1.098400
worker_3,2192,1788086892.982281,50,4.556787,1.100288
worker_3,2193,1788086892.986863,50,4.980448,1.097888
worker_3,2194,1788086892.991891,50,4.543379,1.098496
worker_3,2195,1788086892.996459,50,4.979698,1.097664
worker_3,2196,1788086893.001498,50,4.524074,1.098784
worker_3,2197,1788086893.006047,50,5.000337,1.099552
worker_3,2198,1788086893.011095,50,4.542325,1.098144
worker_3,2199,1788086893.015661,50,4.782095,1.110560
worker_3,2200,1788086893.020463,50,4.779549,1.097536
worker_3,2201,1788086893.025259,50,4.991810,1.098720
worker_3,2202,1788086893.030300,50,4.537473,1.099264
worker_3,2203,1788086893.034862,50,4.990411,1.095680
worker_3,2204,1788086893.039899,50,4.522416,1.096288
worker_3,2205,1788086893.044446,50,4.973179,1.098272
worker_3,2206,1788086893.049466,50,4.535140,1.097216
worker_3,2207,1788086893.054025,50,4.981634,1.097088
worker_3,2208,1788086893.059054,50,4.541223,1.098368
worker_3,2209,1788086893.063619,50,4.766039,1.097632
worker_3,2210,1788086893.068403,50,4.778059,1.100992
worker_3,2211,1788086893.073197,50,4.988069,1.097280
worker_3,2212,1788086893.078237,50,4.547306,1.098112
worker_3,2213,1788086893.082810,50,4.967217,1.097280
worker_3,2214,1788086893.087825,50,4.548825,1.096800
worker_3,2215,1788086893.092410,50,4.956717,1.098784
worker_3,2216,1788086893.097413,50,4.547686,1.099072
worker_3,2217,1788086893.101986,50,4.772474,1.097280
worker_3,2218,1788086893.106777,50,4.984198,1.098720
worker_3,2219,1788086893.111812,50,4.544204,1.096192
worker_3,2220,1788086893.116381,50,4.966699,1.098400
worker_3,2221,1788086893.121396,50,4.547334,1.098464
worker_3,2222,1788086893.125968,50,4.980921,1.096448
worker_3,2223,1788086893.130999,50,4.543121,1.098592
worker_3,2224,1788086893.135566,50,4.767937,1.096896
worker_3,2225,1788086893.140352,50,4.773048,1.100832
worker_3,2226,1788086893.145141,50,4.986911,1.097824
worker_3,2227,1788086893.150178,50,4.554556,1.096448
worker_3,2228,1788086893.154760,50,4.968337,1.097376
worker_3,2229,1788086893.159776,50,4.543862,1.095968
worker_3,2230,1788086893.164346,50,4.971282,1.097120
worker_3,2231,1788086893.169366,50,4.539269,1.097824
worker_3,2232,1788086893.173933,50,4.968948,1.098144
worker_3,2233,1788086893.178951,50,4.538898,1.096416
worker_3,2234,1788086893.183515,50,4.761001,1.098496
worker_3,2235,1788086893.188308,50,4.759965,1.097184
worker_3,2236,1788086893.193084,50,4.989365,1.096896
worker_3,2237,1788086893.198123,50,4.540482,1.096160
worker_3,2238,1788086893.202688,50,4.969466,1.096576
worker_3,2239,1788086893.207705,50,4.549269,1.098400
worker_3,2240,1788086893.212280,50,4.969736,1.097952
worker_3,2241,1788086893.217298,50,4.536444,1.097120
worker_3,2242,1788086893.221861,50,4.967449,1.096832
worker_3,2243,1788086893.226875,50,4.543964,1.097056
worker_3,2244,1788086893.231446,50,4.775104,1.097632
worker_3,2245,1788086893.236238,50,4.774651,1.107296
worker_3,2246,1788086893.241029,50,4.777409,1.098496
worker_3,2247,1788086893.245823,50,4.784743,1.097280
worker_3,2248,1788086893.250624,50,4.990866,1.098560
worker_3,2249,1788086893.255665,50,4.552046,1.097152
worker_3,2250,1788086893.260242,50,4.757946,1.101696
worker_3,2251,1788086893.265018,50,4.772271,1.099648
worker_3,2252,1788086893.269807,50,4.994606,1.097696
worker_3,2253,1788086893.274851,50,4.541316,1.098304
worker_3,2254,1788086893.279424,50,4.770113,1.098592
worker_3,2255,1788086893.284223,50,4.768224,1.099296
worker_3,2256,1788086893.289009,50,4.781131,1.098400
worker_3,2257,1788086893.293807,50,4.774678,1.098528
worker_3,2258,1788086893.298597,50,4.996967,1.097920
worker_3,2259,1788086893.303644,50,4.530379,1.095808
worker_3,2260,1788086893.308199,50,4.767911,1.097152
worker_3,2261,1788086893.312985,50,4.781789,1.102240
worker_3,2262,1788086893.317783,50,4.985356,1.097152
worker_3,2263,1788086893.322818,50,4.537916,1.096480
worker_3,2264,1788086893.327384,50,4.760752,1.097792
worker_3,2265,1788086893.332162,50,4.781215,1.098208
worker_3,2266,1788086893.336960,50,4.789170,1.098720
worker_3,2267,1788086893.341765,50,4.775687,1.097504
worker_3,2268,1788086893.346556,50,5.001245,1.097888
worker_3,2269,1788086893.351606,50,4.528935,1.097088
worker_3,2270,1788086893.356159,50,4.767475,1.099232
worker_3,2271,1788086893.360945,50,4.791354,1.098208
worker_3,2272,1788086893.365755,50,4.983615,1.097856
worker_3,2273,1788086893.370789,50,4.540399,1.098304
worker_3,2274,1788086893.375368,50,4.750086,1.097728
worker_3,2275,1788086893.380136,50,4.774372,1.097120
worker_3,2276,1788086893.384927,50,4.788688,1.100384
worker_3,2277,1788086893.389733,50,4.775020,1.097792
worker_3,2278,1788086893.394523,50,4.990903,1.097632
worker_3,2279,1788086893.399564,50,4.554751,1.098592
worker_3,2280,1788086893.404144,50,4.767400,1.097824
worker_3,2281,1788086893.408928,50,4.775512,1.099008
worker_3,2282,1788086893.413720,50,4.984236,1.095552
worker_3,2283,1788086893.418752,50,4.544288,1.097856
worker_3,2284,1788086893.423324,50,4.755530,1.096576
worker_3,2285,1788086893.428100,50,4.773484,1.098976
worker_3,2286,1788086893.432890,50,4.775299,1.098688
worker_3,2287,1788086893.437764,50,4.692789,1.097408
worker_3,2288,1788086893.442476,50,4.982022,1.098784
worker_3,2289,1788086893.447506,50,4.540520,1.097792
worker_3,2290,1788086893.452072,50,4.766975,1.099904
worker_3,2291,1788086893.456857,50,4.920023,1.097408
worker_3,2292,1788086893.461793,50,4.985171,1.097760
worker_3,2293,1788086893.466841,50,4.493010,1.098272
worker_3,2294,1788086893.471359,50,4.801983,1.098048
worker_3,2295,1788086893.476180,50,4.633918,1.098080
worker_3,2296,1788086893.480830,50,4.802576,1.113344
worker_3,2297,1788086893.485649,50,4.774733,1.098272
worker_3,2298,1788086893.490439,50,4.984911,1.095296
worker_3,2299,1788086893.495474,50,4.543696,1.098624
worker_3,2300,1788086893.500042,50,4.766604,1.098688
worker_3,2301,1788086893.504827,50,4.787696,1.103936
worker_3,2302,1788086893.509632,50,4.985328,1.096640
worker_3,2303,1788086893.514667,50,4.543555,1.099040
worker_3,2304,1788086893.519235,50,4.765002,1.099040
worker_3,2305,1788086893.524018,50,4.773520,1.095648
worker_3,2306,1788086893.528808,50,4.770511,1.097536
worker_3,2307,1788086893.533595,50,4.815448,1.097728
worker_3,2308,1788086893.538446,50,4.748780,1.096768
worker_3,2309,1788086893.543227,50,4.953652,1.096896
worker_3,2310,1788086893.548241,50,4.532223,1.098592
worker_3,2311,1788086893.552800,50,4.966985,1.097280
worker_3,2312,1788086893.557816,50,4.542103,1.096768
worker_3,2313,1788086893.562397,50,4.749835,1.097728
worker_3,2314,1788086893.567167,50,4.823086,1.095872
worker_3,2315,1788086893.572038,50,4.698491,1.099520
worker_3,2316,1788086893.576763,50,4.765206,1.096992
worker_3,2317,1788086893.581550,50,4.769474,1.097824
worker_3,2318,1788086893.586338,50,4.774401,1.098528
worker_3,2319,1788086893.591130,50,4.764465,1.096320
worker_3,2320,1788086893.595911,50,4.780539,1.100992
worker_3,2321,1788086893.600708,50,4.776179,1.096576
worker_3,2322,1788086893.605500,50,4.777113,1.096800
worker_3,2323,1788086893.610293,50,4.776474,1.098112
worker_3,2324,1788086893.615084,50,4.779058,1.096352
worker_3,2325,1788086893.619878,50,4.777807,1.099072
worker_3,2326,1788086893.624674,50,4.780419,1.097568
worker_3,2327,1788086893.629473,50,4.770798,1.098624
worker_3,2328,1788086893.634262,50,4.778085,1.096864
worker_3,2329,1788086893.639056,50,4.774660,1.096320
worker_3,2330,1788086893.643847,50,4.776076,1.097600
worker_3,2331,1788086893.648639,50,4.782604,1.103552
worker_3,2332,1788086893.653449,50,4.765827,1.096640
worker_3,2333,1788086893.658230,50,4.775854,1.095808
worker_3,2334,1788086893.663022,50,4.779409,1.096736
worker_3,2335,1788086893.667817,50,4.789854,1.100128
worker_3,2336,1788086893.672623,50,4.777140,1.097184
worker_3,2337,1788086893.677416,50,4.777057,1.095744
worker_3,2338,1788086893.682209,50,4.777207,1.098784
worker_3,2339,1788086893.687003,50,4.783484,1.096480
worker_3,2340,1788086893.691802,50,4.853595,1.106560
worker_3,2341,1788086893.696707,50,4.679492,1.097280
worker_3,2342,1788086893.701410,50,4.765392,1.098528
worker_3,2343,1788086893.706194,50,4.768918,1.096544
worker_3,2344,1788086893.710979,50,4.782493,1.097312
worker_3,2345,1788086893.715778,50,4.786262,1.098752
worker_3,2346,1788086893.720581,50,4.783761,1.097440
worker_3,2347,1788086893.725380,50,4.784409,1.096384
worker_3,2348,1788086893.730181,50,4.773752,1.096992
worker_3,2349,1788086893.734971,50,4.775409,1.096256
worker_3,2350,1788086893.739762,50,4.787984,1.100576
worker_3,2351,1788086893.744569,50,4.771103,1.098144
worker_3,2352,1788086893.749364,50,4.771696,1.097152
worker_3,2353,1788086893.754152,50,4.780596,1.098496
worker_3,2354,1788086893.758948,50,4.781335,1.096736
worker_3,2355,1788086893.763746,50,4.780956,1.097792
worker_3,2356,1788086893.768542,50,4.794752,1.099168
worker_3,2357,1788086893.773353,50,5.015300,1.097472
worker_3,2358,1788086893.778419,50,4.725613,1.097504
worker_3,2359,1788086893.783191,50,4.530130,1.097344
worker_3,2360,1788086893.787745,50,4.767845,1.097440
worker_3,2361,1788086893.792533,50,4.774272,1.098848
worker_3,2362,1788086893.797324,50,4.772604,1.096384
worker_3,2363,1788086893.802115,50,4.791781,1.098016
worker_3,2364,1788086893.806923,50,4.998347,1.097344
worker_3,2365,1788086893.811970,50,4.532760,1.096352
worker_3,2366,1788086893.816529,50,4.764660,1.099232
worker_3,2367,1788086893.821312,50,4.770456,1.099008
worker_3,2368,1788086893.826100,50,4.797068,1.097216
worker_3,2369,1788086893.830914,50,4.778835,1.100096
worker_3,2370,1788086893.835709,50,4.780548,1.097568
worker_3,2371,1788086893.840518,50,4.769705,1.102560
worker_3,2372,1788086893.845305,50,4.774271,1.097760
worker_3,2373,1788086893.850095,50,4.783706,1.098464
worker_3,2374,1788086893.854895,50,4.775122,1.097504
worker_3,2375,1788086893.859685,50,4.784039,1.098880
worker_3,2376,1788086893.864484,50,4.782021,1.098080
worker_3,2377,1788086893.869282,50,4.779965,1.098752
worker_3,2378,1788086893.874078,50,4.791716,1.098368
worker_3,2379,1788086893.878887,50,4.770984,1.097120
worker_3,2380,1788086893.883673,50,4.782353,1.097888
worker_3,2381,1788086893.888472,50,4.778297,1.098560
worker_3,2382,1788086893.893266,50,4.773372,1.098624
worker_3,2383,1788086893.898055,50,4.777382,1.097312
worker_3,2384,1788086893.902847,50,4.774679,1.097504
worker_3,2385,1788086893.907638,50,5.006004,1.099328
worker_3,2386,1788086893.912692,50,4.748614,1.098752
worker_3,2387,1788086893.917486,50,4.746067,1.097408
worker_3,2388,1788086893.922278,50,4.749104,1.096576
worker_3,2389,1788086893.927073,50,4.545427,1.096320
worker_3,2390,1788086893.931642,50,4.772308,1.099232
worker_3,2391,1788086893.936447,50,4.781198,1.097504
worker_3,2392,1788086893.941245,50,4.780326,1.098240
worker_3,2393,1788086893.946041,50,4.774076,1.096320
worker_3,2394,1788086893.950830,50,4.780854,1.098336
worker_3,2395,1788086893.955629,50,4.785650,1.100160
worker_3,2396,1788086893.960431,50,4.797307,1.097088
worker_3,2397,1788086893.965245,50,4.777770,1.095744
worker_3,2398,1788086893.970039,50,4.776530,1.098528
worker_3,2399,1788086893.974833,50,4.778104,1.097312
worker_3,2400,1788086893.979626,50,4.790881,1.103360
worker_3,2401,1788086893.984434,50,4.791364,1.097248
worker_3,2402,1788086893.989240,50,4.777094,1.097568
worker_3,2403,1788086893.994032,50,4.779345,1.098016
worker_3,2404,1788086893.998827,50,4.780067,1.097024
worker_3,2405,1788086894.003622,50,4.790585,1.099648
worker_3,2406,1788086894.008428,50,4.777651,1.099296
worker_3,2407,1788086894.013221,50,4.998670,1.096384
worker_3,2408,1788086894.018270,50,4.738002,1.098560
worker_3,2409,1788086894.023058,50,4.752344,1.096992
worker_3,2410,1788086894.027869,50,4.728780,1.097920
worker_3,2411,1788086894.032644,50,4.540454,1.100672
worker_3,2412,1788086894.037209,50,4.770484,1.097696
worker_3,2413,1788086894.041999,50,4.773382,1.098048
worker_3,2414,1788086894.046789,50,4.775503,1.096768
worker_3,2415,1788086894.051581,50,4.776882,1.097024
worker_3,2416,1788086894.056375,50,4.779836,1.102400
worker_3,2417,1788086894.061171,50,4.781521,1.096672
worker_3,2418,1788086894.065969,50,4.780818,1.096640
worker_3,2419,1788086894.070766,50,4.780113,1.095744
worker_3,2420,1788086894.075561,50,4.779437,1.098272
worker_3,2421,1788086894.080357,50,4.777706,1.100512
worker_3,2422,1788086894.085151,50,4.782437,1.097376
worker_3,2423,1788086894.089948,50,4.787456,1.096320
worker_3,2424,1788086894.094751,50,4.778336,1.097696
worker_3,2425,1788086894.099546,50,4.774947,1.098240
worker_3,2426,1788086894.104337,50,4.775521,1.098688
worker_3,2427,1788086894.109128,50,4.776029,1.096320
worker_3,2428,1788086894.113919,50,4.804752,1.098016
worker_3,2429,1788086894.118739,50,4.986059,1.097568
worker_3,2430,1788086894.123786,50,4.731549,1.096352
worker_3,2431,1788086894.128562,50,4.756150,1.098848
worker_3,2432,1788086894.133367,50,4.535074,1.097600
worker_3,2433,1788086894.137928,50,4.778262,1.098720
worker_3,2434,1788086894.142726,50,4.772048,1.096224
worker_3,2435,1788086894.147517,50,4.789205,1.102240
worker_3,2436,1788086894.152323,50,4.785187,1.096128
worker_3,2437,1788086894.157124,50,4.774067,1.097824
worker_3,2438,1788086894.161985,50,4.706186,1.096768
worker_3,2439,1788086894.166708,50,4.784447,1.098944
worker_3,2440,1788086894.171510,50,4.773613,1.099392
worker_3,2441,1788086894.176298,50,4.772800,1.098144
worker_3,2442,1788086894.181088,50,4.780270,1.097344
worker_3,2443,1788086894.185886,50,4.778530,1.098720
worker_3,2444,1788086894.190681,50,4.779576,1.099392
worker_3,2445,1788086894.195476,50,4.779225,1.098336
worker_3,2446,1788086894.200274,50,4.766937,1.096224
worker_3,2447,1788086894.205055,50,4.782290,1.097344
worker_3,2448,1788086894.209853,50,4.777622,1.097280
worker_3,2449,1788086894.214656,50,4.772299,1.096128
worker_3,2450,1788086894.219444,50,4.871355,1.097536
worker_3,2451,1788086894.224371,50,4.657715,1.097760
worker_3,2452,1788086894.229055,50,4.754706,1.096704
worker_3,2453,1788086894.233830,50,4.769854,1.098400
worker_3,2454,1788086894.238618,50,4.778660,1.096736
worker_3,2455,1788086894.243413,50,4.774326,1.097248
worker_3,2456,1788086894.248204,50,4.788150,1.098208
worker_3,2457,1788086894.253009,50,4.781762,1.098464
worker_3,2458,1788086894.257809,50,4.764243,1.096832
worker_3,2459,1788086894.262592,50,4.776493,1.098272
worker_3,2460,1788086894.267384,50,4.774141,1.097184
worker_3,2461,1788086894.272174,50,4.775224,1.100096
worker_3,2462,1788086894.276965,50,4.782957,1.097408
worker_3,2463,1788086894.281770,50,4.765955,1.096192
worker_3,2464,1788086894.286555,50,4.769187,1.097888
worker_3,2465,1788086894.291342,50,4.790503,1.097664
worker_3,2466,1788086894.296149,50,4.784659,1.097376
worker_3,2467,1788086894.300959,50,4.765622,1.096416
worker_3,2468,1788086894.305744,50,4.771382,1.096384
worker_3,2469,1788086894.310549,50,4.757558,1.098176
worker_3,2470,1788086894.315325,50,4.790605,1.097088
worker_3,2471,1788086894.320133,50,4.776566,1.099616
worker_3,2472,1788086894.324927,50,4.774567,1.097568
worker_3,2473,1788086894.329718,50,4.776021,1.096128
worker_3,2474,1788086894.334510,50,4.773613,1.097824
worker_3,2475,1788086894.339300,50,4.782567,1.098560
worker_3,2476,1788086894.344097,50,4.778428,1.101536
worker_3,2477,1788086894.348891,50,4.786965,1.099232
worker_3,2478,1788086894.353699,50,4.775131,1.096768
worker_3,2479,1788086894.358492,50,4.773215,1.096192
worker_3,2480,1788086894.363281,50,4.790170,1.098784
worker_3,2481,1788086894.368088,50,4.780677,1.100512
worker_3,2482,1788086894.372886,50,4.776206,1.097760
worker_3,2483,1788086894.377678,50,4.781725,1.097792
worker_3,2484,1788086894.382475,50,4.779400,1.097184
worker_3,2485,1788086894.387270,50,4.792781,1.096192
worker_3,2486,1788086894.392079,50,4.778011,1.098400
worker_3,2487,1788086894.396872,50,4.779735,1.097280
worker_3,2488,1788086894.401677,50,4.770298,1.096768
worker_3,2489,1788086894.406465,50,4.771965,1.097024
worker_3,2490,1788086894.411253,50,4.795224,1.097216
worker_3,2491,1788086894.416065,50,4.783918,1.102016
worker_3,2492,1788086894.420865,50,4.775705,1.096768
worker_3,2493,1788086894.425656,50,4.786188,1.098208
worker_3,2494,1788086894.430458,50,4.773937,1.096800
worker_3,2495,1788086894.435247,50,4.793234,1.096544
worker_3,2496,1788086894.440056,50,4.778714,1.100576
worker_3,2497,1788086894.444851,50,4.773771,1.097376
worker_3,2498,1788086894.449641,50,4.822243,1.097088
worker_3,2499,1788086894.454506,50,4.742075,1.096448
worker_3,2500,1788086894.459286,50,4.772669,1.095520
worker_3,2501,1788086894.464095,50,4.758456,1.097568
worker_3,2502,1788086894.468895,50,4.717001,1.097792
worker_3,2503,1788086894.473637,50,4.765844,1.096608
worker_3,2504,1788086894.478422,50,4.772344,1.096032
worker_3,2505,1788086894.483211,50,4.780633,1.097504
worker_3,2506,1788086894.488009,50,4.774817,1.101888
worker_3,2507,1788086894.492801,50,4.777400,1.097792
worker_3,2508,1788086894.497607,50,4.765429,1.099456
worker_3,2509,1788086894.502388,50,4.775946,1.097344
worker_3,2510,1788086894.507180,50,4.782955,1.098528
worker_3,2511,1788086894.511979,50,4.772529,1.097440
worker_3,2512,1788086894.516768,50,4.773465,1.097216
worker_3,2513,1788086894.521557,50,4.775151,1.097056
worker_3,2514,1788086894.526351,50,4.773021,1.097984
worker_3,2515,1788086894.531140,50,4.773798,1.096992
worker_3,2516,1788086894.535930,50,4.808761,1.096768
worker_3,2517,1788086894.540777,50,4.782317,1.102976
worker_3,2518,1788086894.545595,50,4.750771,1.096448
worker_3,2519,1788086894.550384,50,4.733761,1.097280
worker_3,2520,1788086894.555144,50,4.781187,1.098400
worker_3,2521,1788086894.559945,50,4.769197,1.099840
worker_3,2522,1788086894.564730,50,4.776974,1.097536
worker_3,2523,1788086894.569524,50,4.788420,1.098880
worker_3,2524,1788086894.574328,50,4.785428,1.098432
worker_3,2525,1788086894.579130,50,4.794502,1.097792
worker_3,2526,1788086894.583941,50,4.779511,1.101888
worker_3,2527,1788086894.588742,50,4.769280,1.099424
worker_3,2528,1788086894.593527,50,4.775623,1.097792
worker_3,2529,1788086894.598319,50,4.779789,1.098752
worker_3,2530,1788086894.603116,50,4.799308,1.099392
worker_3,2531,1788086894.607932,50,4.778668,1.099712
worker_3,2532,1788086894.612726,50,4.782196,1.099520
worker_3,2533,1788086894.617523,50,4.776530,1.097184
worker_3,2534,1788086894.622315,50,4.779650,1.097568
worker_3,2535,1788086894.627110,50,4.791771,1.098784
worker_3,2536,1788086894.631917,50,4.781483,1.098688
worker_3,2537,1788086894.636714,50,4.777992,1.097408
worker_3,2538,1788086894.641507,50,4.776215,1.097664
worker_3,2539,1788086894.646298,50,4.778770,1.096736
worker_3,2540,1788086894.651092,50,4.781827,1.099424
worker_3,2541,1788086894.655889,50,4.786012,1.097344
worker_3,2542,1788086894.660691,50,4.779668,1.097088
worker_3,2543,1788086894.665486,50,4.787216,1.098688
worker_3,2544,1788086894.670288,50,4.779188,1.098144
worker_3,2545,1788086894.675082,50,4.785299,1.097248
worker_3,2546,1788086894.679884,50,4.776863,1.102208
worker_3,2547,1788086894.684684,50,4.773086,1.097376
worker_3,2548,1788086894.689473,50,4.781974,1.098400
worker_3,2549,1788086894.694271,50,4.774688,1.096096
worker_3,2550,1788086894.699062,50,4.774354,1.097760
worker_3,2551,1788086894.703853,50,4.782207,1.099328
worker_3,2552,1788086894.708651,50,4.775688,1.097920
worker_3,2553,1788086894.713442,50,4.780605,1.098336
worker_3,2554,1788086894.718239,50,4.778335,1.097344
worker_3,2555,1788086894.723035,50,4.775058,1.097984
worker_3,2556,1788086894.727825,50,4.776187,1.098080
worker_3,2557,1788086894.732619,50,4.785280,1.097088
worker_3,2558,1788086894.737420,50,4.777261,1.097312
worker_3,2559,1788086894.742212,50,4.782752,1.099136
worker_3,2560,1788086894.747013,50,4.787808,1.097248
worker_3,2561,1788086894.751820,50,4.782281,1.100448
worker_3,2562,1788086894.756618,50,4.777724,1.097408
worker_3,2563,1788086894.761410,50,4.785771,1.098688
worker_3,2564,1788086894.766211,50,4.776151,1.096320
worker_3,2565,1788086894.771002,50,4.772651,1.097440
worker_3,2566,1788086894.775812,50,4.758808,1.096480
worker_3,2567,1788086894.780589,50,4.782262,1.098720
worker_3,2568,1788086894.785388,50,4.773030,1.095904
worker_3,2569,1788086894.790176,50,4.793706,1.099264
worker_3,2570,1788086894.794987,50,4.772373,1.096672
worker_3,2571,1788086894.799776,50,4.776105,1.097792
worker_3,2572,1788086894.804568,50,4.784900,1.103712
worker_3,2573,1788086894.809368,50,4.783345,1.097632
worker_3,2574,1788086894.814167,50,4.788604,1.097024
worker_3,2575,1788086894.818972,50,4.779568,1.098528
worker_3,2576,1788086894.823767,50,4.776039,1.096128
worker_3,2577,1788086894.828560,50,4.777326,1.103008
worker_3,2578,1788086894.833352,50,4.776344,1.097344
worker_3,2579,1788086894.838144,50,4.789993,1.096992
worker_3,2580,1788086894.842949,50,4.775150,1.095456
worker_3,2581,1788086894.847740,50,4.771113,1.098176
worker_3,2582,1788086894.852527,50,4.779771,1.101440
worker_3,2583,1788086894.857322,50,4.779373,1.097088
worker_3,2584,1788086894.862117,50,4.789419,1.098432
worker_3,2585,1788086894.866922,50,4.788734,1.095680
worker_3,2586,1788086894.871736,50,4.766299,1.095744
worker_3,2587,1788086894.876517,50,4.776021,1.098592
worker_3,2588,1788086894.881310,50,4.777743,1.097568
worker_3,2589,1788086894.886178,50,4.716575,1.097600
worker_3,2590,1788086894.890913,50,4.769474,1.098848
worker_3,2591,1788086894.895700,50,4.780169,1.099264
worker_3,2592,1788086894.900498,50,4.775178,1.095808
worker_3,2593,1788086894.905289,50,4.779622,1.097024
worker_3,2594,1788086894.910084,50,4.773575,1.096704
worker_3,2595,1788086894.914873,50,4.776243,1.097728
worker_3,2596,1788086894.919664,50,4.779501,1.099456
worker_3,2597,1788086894.924460,50,4.782631,1.097312
worker_3,2598,1788086894.929259,50,4.777067,1.098976
worker_3,2599,1788086894.934051,50,4.777095,1.097760
worker_3,2600,1788086894.938843,50,4.779159,1.098304
worker_3,2601,1788086894.943637,50,4.785123,1.098592
worker_3,2602,1788086894.948439,50,4.795271,1.096928
worker_3,2603,1788086894.953249,50,4.779372,1.097184
worker_3,2604,1788086894.958045,50,4.773160,1.096672
worker_3,2605,1788086894.962839,50,4.775363,1.097472
worker_3,2606,1788086894.967630,50,4.782669,1.103680
worker_3,2607,1788086894.972430,50,4.789816,1.098496
worker_3,2608,1788086894.977236,50,4.778151,1.096608
worker_3,2609,1788086894.982030,50,4.776160,1.099232
worker_3,2610,1788086894.986822,50,4.778280,1.099232
worker_3,2611,1788086894.991616,50,4.783223,1.097632
worker_3,2612,1788086894.996415,50,4.772789,1.096832
worker_3,2613,1788086895.001204,50,4.778103,1.097760
worker_3,2614,1788086895.005998,50,4.779512,1.096320
worker_3,2615,1788086895.010793,50,4.779234,1.097792
worker_3,2616,1788086895.015588,50,4.789179,1.099424
worker_3,2617,1788086895.020393,50,4.775390,1.099136
worker_3,2618,1788086895.025184,50,4.780927,1.098688
worker_3,2619,1788086895.029980,50,4.771178,1.096352
worker_3,2620,1788086895.034766,50,4.782029,1.097120
worker_3,2621,1788086895.039569,50,4.766113,1.097600
worker_3,2622,1788086895.044353,50,4.780863,1.102400
worker_3,2623,1788086895.049149,50,4.779048,1.097216
worker_3,2624,1788086895.053943,50,4.792744,1.097184
worker_3,2625,1788086895.058763,50,4.768437,1.097536
worker_3,2626,1788086895.063546,50,4.775522,1.098592
worker_3,2627,1788086895.068338,50,4.795196,1.098720
worker_3,2628,1788086895.073148,50,4.777827,1.097312
worker_3,2629,1788086895.077945,50,4.776252,1.097280
worker_3,2630,1788086895.082741,50,4.767048,1.095808
worker_3,2631,1788086895.087526,50,4.785864,1.102144
worker_3,2632,1788086895.092329,50,4.781298,1.097760
worker_3,2633,1788086895.097126,50,4.780345,1.098176
worker_3,2634,1788086895.101922,50,4.803438,1.098208
worker_3,2635,1788086895.106741,50,4.778409,1.099168
worker_3,2636,1788086895.111535,50,4.782133,1.097248
worker_3,2637,1788086895.116333,50,4.780381,1.099424
worker_3,2638,1788086895.121129,50,4.780179,1.098720
worker_3,2639,1788086895.125925,50,4.801512,1.098784
worker_3,2640,1788086895.130742,50,4.777124,1.096416
worker_3,2641,1788086895.135537,50,4.775243,1.101504
worker_3,2642,1788086895.140329,50,4.805503,1.097792
worker_3,2643,1788086895.145150,50,4.761752,1.098752
worker_3,2644,1788086895.149935,50,4.801900,1.096000
worker_3,2645,1788086895.154758,50,4.760678,1.096832
worker_3,2646,1788086895.159542,50,4.765215,1.097184
worker_3,2647,1788086895.164326,50,4.773743,1.100928
worker_3,2648,1788086895.169116,50,4.777150,1.098432
worker_3,2649,1788086895.173910,50,4.774891,1.097248
worker_3,2650,1788086895.178702,50,4.781096,1.097152
worker_3,2651,1788086895.183503,50,4.764410,1.095584
worker_3,2652,1788086895.188285,50,4.774253,1.099328
worker_3,2653,1788086895.193077,50,4.766918,1.096352
worker_3,2654,1788086895.197860,50,4.773835,1.097440
worker_3,2655,1788086895.202649,50,4.781418,1.098592
worker_3,2656,1788086895.207447,50,4.784077,1.097120
worker_3,2657,1788086895.212247,50,4.772336,1.100736
worker_3,2658,1788086895.217035,50,4.775457,1.096896
worker_3,2659,1788086895.221826,50,4.779382,1.097056
worker_3,2660,1788086895.226623,50,4.775066,1.097536
worker_3,2661,1788086895.231414,50,4.779298,1.095520
worker_3,2662,1788086895.236209,50,4.783474,1.101280
worker_3,2663,1788086895.241008,50,4.778948,1.098752
worker_3,2664,1788086895.245809,50,4.782521,1.098656
worker_3,2665,1788086895.250609,50,4.774826,1.095680
worker_3,2666,1788086895.255399,50,4.777392,1.097120
worker_3,2667,1788086895.260193,50,4.789623,1.098944
worker_3,2668,1788086895.264999,50,4.785688,1.096832
worker_3,2669,1788086895.269800,50,4.780641,1.098304
worker_3,2670,1788086895.274596,50,4.777115,1.096832
worker_3,2671,1788086895.279389,50,4.789299,1.099232
worker_3,2672,1788086895.284196,50,4.777531,1.099072
worker_3,2673,1788086895.288990,50,4.817205,1.101024
worker_3,2674,1788086895.293849,50,4.720075,1.097248
worker_3,2675,1788086895.298590,50,4.766798,1.097344
worker_3,2676,1788086895.303374,50,4.771113,1.097696
worker_3,2677,1788086895.308162,50,4.781150,1.097056
worker_3,2678,1788086895.312960,50,4.790197,1.099264
worker_3,2679,1788086895.317767,50,4.775131,1.097824
worker_3,2680,1788086895.322558,50,4.780781,1.098400
worker_3,2681,1788086895.327356,50,4.780595,1.099040
worker_3,2682,1788086895.332151,50,4.786855,1.098208
worker_3,2683,1788086895.336965,50,4.778150,1.099040
worker_3,2684,1788086895.341758,50,4.778013,1.098272
worker_3,2685,1788086895.346553,50,4.779456,1.097792
worker_3,2686,1788086895.351349,50,4.773901,1.096992
worker_3,2687,1788086895.356140,50,4.779789,1.096448
worker_3,2688,1788086895.360934,50,4.795651,1.098336
worker_3,2689,1788086895.365746,50,4.784761,1.098208
worker_3,2690,1788086895.370547,50,4.781919,1.097024
worker_3,2691,1788086895.375344,50,4.776354,1.096704
worker_3,2692,1788086895.380136,50,4.786947,1.098368
worker_3,2693,1788086895.384944,50,4.768585,1.098368
worker_3,2694,1788086895.389729,50,4.774623,1.098304
worker_3,2695,1788086895.394520,50,4.783465,1.099040
worker_3,2696,1788086895.399321,50,4.790289,1.097504
worker_3,2697,1788086895.404130,50,4.770281,1.099648
worker_3,2698,1788086895.408917,50,4.775048,1.097568
worker_3,2699,1788086895.413707,50,4.773733,1.098656
worker_3,2700,1788086895.418496,50,4.778253,1.097312
worker_3,2701,1788086895.423291,50,4.781520,1.097632
worker_3,2702,1788086895.428089,50,4.775078,1.099264
worker_3,2703,1788086895.432887,50,4.769363,1.097760
worker_3,2704,1788086895.437672,50,4.781410,1.099200
worker_3,2705,1788086895.442469,50,4.776641,1.097056
worker_3,2706,1788086895.447261,50,4.775669,1.098464
worker_3,2707,1788086895.452051,50,4.775844,1.098656
worker_3,2708,1788086895.456844,50,4.906226,1.108896
worker_3,2709,1788086895.461766,50,4.669270,1.096320
worker_3,2710,1788086895.466451,50,4.771855,1.095776
worker_3,2711,1788086895.471239,50,4.806965,1.096864
worker_3,2712,1788086895.476062,50,4.754159,1.097088
worker_3,2713,1788086895.480834,50,4.774067,1.097632
worker_3,2714,1788086895.485631,50,4.766169,1.098368
worker_3,2715,1788086895.490413,50,4.777381,1.097952
worker_3,2716,1788086895.495207,50,4.769196,1.097184
worker_3,2717,1788086895.499995,50,4.773521,1.099872
worker_3,2718,1788086895.504785,50,4.779568,1.098048
worker_3,2719,1788086895.509581,50,4.772141,1.098208
worker_3,2720,1788086895.514368,50,4.774956,1.097184
worker_3,2721,1788086895.519159,50,4.782419,1.097056
worker_3,2722,1788086895.523966,50,4.767160,1.099168
worker_3,2723,1788086895.528750,50,4.771225,1.096416
worker_3,2724,1788086895.533537,50,4.778669,1.098816
worker_3,2725,1788086895.538332,50,4.775216,1.096128
worker_3,2726,1788086895.543123,50,4.771493,1.095552
worker_3,2727,1788086895.547909,50,4.781381,1.099264
worker_3,2728,1788086895.552706,50,4.780743,1.097248
worker_3,2729,1788086895.557503,50,4.775966,1.097312
worker_3,2730,1788086895.562295,50,4.766039,1.095680
worker_3,2731,1788086895.567074,50,4.776400,1.097568
worker_3,2732,1788086895.571862,50,4.795725,1.098944
worker_3,2733,1788086895.576674,50,4.768364,1.099264
worker_3,2734,1788086895.581460,50,4.773753,1.096736
worker_3,2735,1788086895.586250,50,4.777687,1.099648
worker_3,2736,1788086895.591043,50,4.773215,1.096608
worker_3,2737,1788086895.595833,50,4.777724,1.097632
worker_3,2738,1788086895.600626,50,4.776798,1.098336
worker_3,2739,1788086895.605419,50,4.778104,1.097504
worker_3,2740,1788086895.610280,50,4.722132,1.098112
worker_3,2741,1788086895.615022,50,4.767845,1.097568
worker_3,2742,1788086895.619817,50,4.764901,1.096352
worker_3,2743,1788086895.624599,50,4.782817,1.099520
worker_3,2744,1788086895.629400,50,4.778485,1.098240
worker_3,2745,1788086895.634195,50,4.767400,1.096576
worker_3,2746,1788086895.638978,50,4.775983,1.097344
worker_3,2747,1788086895.643769,50,4.779882,1.102528
worker_3,2748,1788086895.648566,50,4.783039,1.097248
worker_3,2749,1788086895.653367,50,4.784188,1.098912
worker_3,2750,1788086895.658167,50,4.778659,1.098400
worker_3,2751,1788086895.662961,50,4.784428,1.097440
worker_3,2752,1788086895.667762,50,4.782780,1.105600
worker_3,2753,1788086895.672562,50,4.783872,1.097184
worker_3,2754,1788086895.677361,50,4.779855,1.097536
worker_3,2755,1788086895.682157,50,4.780604,1.098720
worker_3,2756,1788086895.686954,50,4.785123,1.097376
worker_3,2757,1788086895.691756,50,4.783418,1.100320
worker_3,2758,1788086895.696554,50,4.777799,1.097760
worker_3,2759,1788086895.701348,50,4.782372,1.097760
worker_3,2760,1788086895.706146,50,4.777187,1.098464
worker_3,2761,1788086895.710945,50,4.770798,1.096992
worker_3,2762,1788086895.715732,50,4.779300,1.099296
worker_3,2763,1788086895.720527,50,4.783048,1.096864
worker_3,2764,1788086895.725328,50,4.781530,1.099616
worker_3,2765,1788086895.730125,50,4.773983,1.096800
worker_3,2766,1788086895.734915,50,4.776095,1.097408
worker_3,2767,1788086895.739706,50,4.780530,1.100192
worker_3,2768,1788086895.744503,50,4.779733,1.096992
worker_3,2769,1788086895.749299,50,4.773409,1.097056
worker_3,2770,1788086895.754088,50,4.777511,1.097184
worker_3,2771,1788086895.758880,50,4.774159,1.096320
worker_3,2772,1788086895.763673,50,4.780531,1.103104
worker_3,2773,1788086895.768469,50,4.791298,1.098432
worker_3,2774,1788086895.773277,50,4.775382,1.097184
worker_3,2775,1788086895.778068,50,4.778585,1.097344
worker_3,2776,1788086895.782864,50,4.777715,1.096768
worker_3,2777,1788086895.787658,50,4.779316,1.098112
worker_3,2778,1788086895.792454,50,4.777224,1.098304
worker_3,2779,1788086895.797247,50,4.780391,1.097792
worker_3,2780,1788086895.802045,50,4.774474,1.096992
worker_3,2781,1788086895.806861,50,4.752788,1.098528
worker_3,2782,1788086895.811631,50,4.788623,1.104256
worker_3,2783,1788086895.816437,50,4.791687,1.097760
worker_3,2784,1788086895.821245,50,4.778114,1.099456
worker_3,2785,1788086895.826040,50,4.773956,1.096992
worker_3,2786,1788086895.830829,50,4.786743,1.099008
worker_3,2787,1788086895.835632,50,4.772965,1.097792
worker_3,2788,1788086895.840421,50,4.772919,1.095968
worker_3,2789,1788086895.845209,50,4.790918,1.100512
worker_3,2790,1788086895.850015,50,4.786539,1.097696
worker_3,2791,1788086895.854817,50,4.779409,1.099424
worker_3,2792,1788086895.859614,50,4.779326,1.099104
worker_3,2793,1788086895.864410,50,4.775567,1.097440
worker_3,2794,1788086895.869200,50,4.776985,1.097600
worker_3,2795,1788086895.873994,50,4.775789,1.098176
worker_3,2796,1788086895.878785,50,4.784716,1.097760
worker_3,2797,1788086895.883585,50,4.790104,1.099712
worker_3,2798,1788086895.888391,50,4.771418,1.096736
worker_3,2799,1788086895.893177,50,4.774974,1.097664
worker_3,2800,1788086895.897984,50,4.767688,1.096704
worker_3,2801,1788086895.902768,50,4.788771,1.097888
worker_3,2802,1788086895.907572,50,4.776549,1.098816
worker_3,2803,1788086895.912364,50,4.782012,1.099104
worker_3,2804,1788086895.917164,50,4.775587,1.097408
worker_3,2805,1788086895.921957,50,4.788558,1.098624
worker_3,2806,1788086895.926764,50,4.772817,1.096864
worker_3,2807,1788086895.931551,50,4.783632,1.097760
worker_3,2808,1788086895.936352,50,4.779920,1.101568
worker_3,2809,1788086895.941147,50,4.780687,1.098208
worker_3,2810,1788086895.945944,50,4.794336,1.096832
worker_3,2811,1788086895.950754,50,4.774928,1.097792
worker_3,2812,1788086895.955546,50,4.775854,1.096864
worker_3,2813,1788086895.960339,50,4.782316,1.105248
worker_3,2814,1788086895.965137,50,4.770280,1.095840
worker_3,2815,1788086895.969923,50,4.800641,1.096864
worker_3,2816,1788086895.974741,50,4.770446,1.097056
worker_3,2817,1788086895.979527,50,4.782419,1.099200
worker_3,2818,1788086895.984324,50,4.778669,1.097440
worker_3,2819,1788086895.989119,50,4.773900,1.096896
worker_3,2820,1788086895.993915,50,4.764530,1.098144
worker_3,2821,1788086895.998696,50,4.775381,1.098304
worker_3,2822,1788086896.003488,50,4.777196,1.098368
worker_3,2823,1788086896.008281,50,4.776642,1.098880
worker_3,2824,1788086896.013073,50,4.772521,1.096640
worker_3,2825,1788086896.017862,50,4.771938,1.097824
worker_3,2826,1788086896.022651,50,4.776548,1.098208
worker_3,2827,1788086896.027444,50,4.780382,1.097440
worker_3,2828,1788086896.032240,50,4.780131,1.099296
worker_3,2829,1788086896.037036,50,4.792503,1.096800
worker_3,2830,1788086896.041845,50,4.774881,1.098400
worker_3,2831,1788086896.046636,50,4.778624,1.096480
worker_3,2832,1788086896.051434,50,4.784586,1.097792
worker_3,2833,1788086896.056234,50,4.775614,1.097216
worker_3,2834,1788086896.061025,50,4.781595,1.097824
worker_3,2835,1788086896.065823,50,4.777864,1.099456
worker_3,2836,1788086896.070616,50,4.782502,1.096896
worker_3,2837,1788086896.075414,50,4.773011,1.098432
worker_3,2838,1788086896.080203,50,4.784991,1.098112
worker_3,2839,1788086896.085010,50,4.787882,1.098144
worker_3,2840,1788086896.089813,50,4.777280,1.098656
worker_3,2841,1788086896.094606,50,4.780012,1.096832
worker_3,2842,1788086896.099402,50,4.780780,1.098624
worker_3,2843,1788086896.104198,50,4.779410,1.096416
worker_3,2844,1788086896.108994,50,4.783900,1.098048
worker_3,2845,1788086896.113795,50,4.773883,1.096832
worker_3,2846,1788086896.118584,50,4.778798,1.097696
worker_3,2847,1788086896.123379,50,4.776298,1.096896
worker_3,2848,1788086896.128173,50,4.776965,1.098784
worker_3,2849,1788086896.132965,50,4.778715,1.097568
worker_3,2850,1788086896.137759,50,4.772142,1.096864
worker_3,2851,1788086896.142546,50,4.777651,1.097760
worker_3,2852,1788086896.147340,50,4.780419,1.098016
worker_3,2853,1788086896.152136,50,4.778735,1.097216
worker_3,2854,1788086896.156930,50,4.786280,1.100480
worker_3,2855,1788086896.161735,50,4.771715,1.098144
worker_3,2856,1788086896.166524,50,4.779020,1.098592
worker_3,2857,1788086896.171320,50,4.776113,1.098528
worker_3,2858,1788086896.176112,50,4.772512,1.097440
worker_3,2859,1788086896.180906,50,4.782178,1.101088
worker_3,2860,1788086896.185704,50,4.780151,1.099104
worker_3,2861,1788086896.190499,50,4.780419,1.097568
worker_3,2862,1788086896.195296,50,4.775105,1.096288
worker_3,2863,1788086896.200086,50,4.780058,1.096800
worker_3,2864,1788086896.204882,50,4.798012,1.103840
worker_3,2865,1788086896.209696,50,4.779141,1.097696
worker_3,2866,1788086896.214492,50,4.779058,1.098592
worker_3,2867,1788086896.219287,50,4.781122,1.098240
worker_3,2868,1788086896.224085,50,4.783252,1.098304
worker_3,2869,1788086896.228884,50,4.791696,1.105376
worker_3,2870,1788086896.233692,50,4.774836,1.096832
worker_3,2871,1788086896.238482,50,4.780205,1.095392
worker_3,2872,1788086896.243278,50,4.773633,1.096256
worker_3,2873,1788086896.248067,50,4.776900,1.098272
worker_3,2874,1788086896.252859,50,4.796845,1.097440
worker_3,2875,1788086896.257672,50,4.772530,1.095744
worker_3,2876,1788086896.262460,50,4.775327,1.096160
worker_3,2877,1788086896.267251,50,4.777502,1.097824
worker_3,2878,1788086896.272049,50,4.775613,1.097696
worker_3,2879,1788086896.276841,50,4.797762,1.108288
worker_3,2880,1788086896.281654,50,4.778947,1.096544
worker_3,2881,1788086896.286451,50,4.770428,1.096992
worker_3,2882,1788086896.291239,50,5.016588,1.097824
worker_3,2883,1788086896.296292,50,5.038328,1.097920
worker_3,2884,1788086896.301364,50,4.399536,1.102560
worker_3,2885,1788086896.305816,50,4.592973,1.097824
worker_3,2886,1788086896.310443,50,4.751790,1.097536
worker_3,2887,1788086896.315219,50,4.763770,1.098560
worker_3,2888,1788086896.320005,50,4.766798,1.097504
worker_3,2889,1788086896.324789,50,4.783845,1.097824
worker_3,2890,1788086896.329588,50,4.781761,1.096384
worker_3,2891,1788086896.334466,50,4.701048,1.096896
worker_3,2892,1788086896.339191,50,4.770363,1.096736
worker_3,2893,1788086896.343986,50,4.763382,1.095584
worker_3,2894,1788086896.348767,50,4.788966,1.106944
worker_3,2895,1788086896.353574,50,4.773549,1.098592
worker_3,2896,1788086896.358365,50,4.783076,1.098496
worker_3,2897,1788086896.363165,50,4.792150,1.098400
worker_3,2898,1788086896.368008,50,4.932060,1.096544
worker_3,2899,1788086896.372989,50,4.744437,1.096448
worker_3,2900,1788086896.377781,50,4.750400,1.097600
worker_3,2901,1788086896.382580,50,4.553473,1.098880
worker_3,2902,1788086896.387160,50,4.749511,1.096768
worker_3,2903,1788086896.391929,50,4.987411,1.097280
worker_3,2904,1788086896.396963,50,4.740437,1.098144
worker_3,2905,1788086896.401746,50,4.550963,1.098048
worker_3,2906,1788086896.406322,50,4.963576,1.097632
worker_3,2907,1788086896.411332,50,4.546917,1.100128
worker_3,2908,1788086896.415905,50,4.966864,1.097568
worker_3,2909,1788086896.420918,50,4.758549,1.100384
worker_3,2910,1788086896.425721,50,4.547408,1.096992
worker_3,2911,1788086896.430292,50,4.971930,1.096352
worker_3,2912,1788086896.435310,50,4.546444,1.099456
worker_3,2913,1788086896.439881,50,4.771335,1.101888
worker_3,2914,1788086896.444670,50,4.767567,1.096128
worker_3,2915,1788086896.449454,50,4.775677,1.097120
worker_3,2916,1788086896.454245,50,5.136191,1.098144
worker_3,2917,1788086896.459441,50,4.388851,1.096672
worker_3,2918,1788086896.463855,50,4.968522,1.097248
worker_3,2919,1788086896.468870,50,4.554463,1.097632
worker_3,2920,1788086896.473449,50,4.763353,1.097056
worker_3,2921,1788086896.478229,50,4.778159,1.098208
worker_3,2922,1788086896.483023,50,4.779909,1.098752
worker_3,2923,1788086896.487822,50,4.776734,1.097568
worker_3,2924,1788086896.492615,50,4.786725,1.106816
worker_3,2925,1788086896.497416,50,4.776566,1.095680
worker_3,2926,1788086896.502211,50,4.776420,1.097600
worker_3,2927,1788086896.507004,50,4.774308,1.098112
worker_3,2928,1788086896.511793,50,4.779151,1.102208
worker_3,2929,1788086896.516590,50,4.790168,1.098816
worker_3,2930,1788086896.521395,50,4.779298,1.097024
worker_3,2931,1788086896.526191,50,4.778465,1.099360
worker_3,2932,1788086896.530987,50,4.778632,1.098304
worker_3,2933,1788086896.535782,50,4.779613,1.099104
worker_3,2934,1788086896.540578,50,4.998301,1.098304
worker_3,2935,1788086896.545626,50,4.541926,1.098784
worker_3,2936,1788086896.550192,50,4.760873,1.096352
worker_3,2937,1788086896.554986,50,4.763067,1.098816
worker_3,2938,1788086896.559766,50,4.993532,1.095360
worker_3,2939,1788086896.564807,50,4.543065,1.102464
worker_3,2940,1788086896.569375,50,4.763697,1.096576
worker_3,2941,1788086896.574156,50,4.789123,1.097792
worker_3,2942,1788086896.578962,50,4.774557,1.096992
worker_3,2943,1788086896.583754,50,4.772733,1.097504
worker_3,2944,1788086896.588544,50,4.776586,1.101216
worker_3,2945,1788086896.593336,50,4.777216,1.097312
worker_3,2946,1788086896.598129,50,5.001356,1.097920
worker_3,2947,1788086896.603179,50,4.527278,1.097728
worker_3,2948,1788086896.607730,50,4.769966,1.096704
worker_3,2949,1788086896.612517,50,4.779873,1.097792
worker_3,2950,1788086896.617314,50,4.993041,1.097888
worker_3,2951,1788086896.622356,50,4.736049,1.096960
worker_3,2952,1788086896.627140,50,4.748252,1.096864
worker_3,2953,1788086896.631935,50,4.547298,1.099104
worker_3,2954,1788086896.636509,50,4.769539,1.102912
worker_3,2955,1788086896.641298,50,4.770688,1.096832
worker_3,2956,1788086896.646093,50,4.780603,1.097504
worker_3,2957,1788086896.650890,50,4.777882,1.099104
worker_3,2958,1788086896.655683,50,4.995634,1.097792
worker_3,2959,1788086896.660726,50,4.542242,1.100192
worker_3,2960,1788086896.665293,50,4.758631,1.099360
worker_3,2961,1788086896.670070,50,4.798789,1.098528
worker_3,2962,1788086896.674886,50,4.773309,1.097728
worker_3,2963,1788086896.679675,50,4.785484,1.099008
worker_3,2964,1788086896.684476,50,4.779039,1.098304
worker_3,2965,1788086896.689271,50,4.775761,1.095968
worker_3,2966,1788086896.694066,50,4.800235,1.097440
worker_3,2967,1788086896.698885,50,4.771178,1.095616
worker_3,2968,1788086896.703673,50,4.777030,1.097248
worker_3,2969,1788086896.708467,50,4.781308,1.098560
worker_3,2970,1788086896.713264,50,4.774419,1.097344
worker_3,2971,1788086896.718055,50,4.792503,1.098368
worker_3,2972,1788086896.722864,50,4.776873,1.098176
worker_3,2973,1788086896.727657,50,4.781420,1.097824
worker_3,2974,1788086896.732455,50,4.998097,1.099264
worker_3,2975,1788086896.737503,50,4.522833,1.097696
worker_3,2976,1788086896.742062,50,4.779253,1.100896
worker_3,2977,1788086896.746860,50,4.988791,1.097856
worker_3,2978,1788086896.751894,50,4.750132,1.099904
worker_3,2979,1788086896.756690,50,4.549241,1.100128
worker_3,2980,1788086896.761264,50,4.765271,1.097376
worker_3,2981,1788086896.766049,50,4.775428,1.096864
worker_3,2982,1788086896.770842,50,4.777956,1.097888
worker_3,2983,1788086896.775639,50,4.783539,1.101568
worker_3,2984,1788086896.780444,50,4.988532,1.096320
worker_3,2985,1788086896.785479,50,4.536353,1.097632
worker_3,2986,1788086896.790040,50,4.790530,1.098528
worker_3,2987,1788086896.794849,50,4.773604,1.097760
worker_3,2988,1788086896.799640,50,4.772669,1.097536
worker_3,2989,1788086896.804430,50,4.777058,1.099616
worker_3,2990,1788086896.809223,50,4.776734,1.098880
worker_3,2991,1788086896.814014,50,5.016680,1.096512
worker_3,2992,1788086896.819076,50,4.729993,1.098080
worker_3,2993,1788086896.823852,50,4.746048,1.096384
worker_3,2994,1788086896.828642,50,4.755400,1.098080
worker_3,2995,1788086896.833455,50,4.535139,1.098464
worker_3,2996,1788086896.838015,50,4.762548,1.097184
worker_3,2997,1788086896.842797,50,4.986208,1.096608
worker_3,2998,1788086896.847831,50,4.538111,1.097632
worker_3,2999,1788086896.852399,50,4.974050,1.100224
worker_3,3000,1788086896.857421,50,4.747317,1.097696
worker_3,3001,1788086896.862216,50,4.541371,1.097184
worker_3,3002,1788086896.866782,50,4.763196,1.097792
worker_3,3003,1788086896.871563,50,4.986199,1.096256
worker_3,3004,1788086896.876596,50,4.544074,1.100960
worker_3,3005,1788086896.881165,50,4.765086,1.096864
worker_3,3006,1788086896.885948,50,4.773094,1.097792
worker_3,3007,1788086896.890739,50,4.993133,1.097472
worker_3,3008,1788086896.895780,50,4.733336,1.097888
worker_3,3009,1788086896.900558,50,4.762113,1.101888
worker_3,3010,1788086896.905366,50,4.546389,1.098752
worker_3,3011,1788086896.909938,50,4.975421,1.098816
worker_3,3012,1788086896.914960,50,4.746271,1.097120
worker_3,3013,1788086896.919753,50,4.544055,1.097792
worker_3,3014,1788086896.924322,50,4.975744,1.098304
worker_3,3015,1788086896.929365,50,4.514574,1.099008
worker_3,3016,1788086896.933906,50,4.977883,1.097312
worker_3,3017,1788086896.938933,50,4.535872,1.096864
worker_3,3018,1788086896.943496,50,4.976412,1.097760
worker_3,3019,1788086896.948519,50,4.540954,1.099232
worker_3,3020,1788086896.953085,50,4.764826,1.097184
worker_3,3021,1788086896.957870,50,4.776549,1.096736
worker_3,3022,1788086896.962665,50,4.773447,1.095840
worker_3,3023,1788086896.967454,50,4.996763,1.096864
worker_3,3024,1788086896.972500,50,4.537510,1.098144
worker_3,3025,1788086896.977064,50,4.955726,1.098336
worker_3,3026,1788086896.982065,50,4.556446,1.098752
worker_3,3027,1788086896.986648,50,4.975152,1.097088
worker_3,3028,1788086896.991671,50,4.557168,1.097792
worker_3,3029,1788086896.996254,50,4.960679,1.096864
worker_3,3030,1788086897.001260,50,4.556408,1.098080
worker_3,3031,1788086897.005843,50,4.759965,1.099264
worker_3,3032,1788086897.010621,50,4.773503,1.096768
worker_3,3033,1788086897.015413,50,4.992392,1.096512
worker_3,3034,1788086897.020466,50,4.524121,1.100384
worker_3,3035,1788086897.025017,50,4.977643,1.098016
worker_3,3036,1788086897.030043,50,4.528361,1.098464
worker_3,3037,1788086897.034597,50,4.974356,1.096256
worker_3,3038,1788086897.039617,50,4.760326,1.096704
worker_3,3039,1788086897.044425,50,4.545983,1.100256
worker_3,3040,1788086897.048997,50,4.758418,1.096384
worker_3,3041,1788086897.053775,50,4.770374,1.096832
worker_3,3042,1788086897.058643,50,4.699067,1.098272
worker_3,3043,1788086897.063363,50,4.979551,1.095712
worker_3,3044,1788086897.068390,50,4.540491,1.100160
worker_3,3045,1788086897.072955,50,4.968402,1.097792
worker_3,3046,1788086897.077969,50,4.544714,1.097600
worker_3,3047,1788086897.082538,50,4.975680,1.097440
worker_3,3048,1788086897.087562,50,4.548325,1.096704
worker_3,3049,1788086897.092135,50,4.767122,1.099744
worker_3,3050,1788086897.096921,50,4.771529,1.099744
worker_3,3051,1788086897.101710,50,4.892114,1.097280
worker_3,3052,1788086897.106651,50,4.630112,1.097344
worker_3,3053,1788086897.111306,50,4.772789,1.096960
worker_3,3054,1788086897.116111,50,4.975837,1.097568
worker_3,3055,1788086897.121134,50,4.554787,1.104288
worker_3,3056,1788086897.125713,50,4.771585,1.099328
worker_3,3057,1788086897.130503,50,4.776594,1.096640
worker_3,3058,1788086897.135298,50,4.985735,1.097056
worker_3,3059,1788086897.140332,50,4.541796,1.098720
worker_3,3060,1788086897.144899,50,4.764558,1.097184
worker_3,3061,1788086897.149683,50,4.984680,1.098880
worker_3,3062,1788086897.154715,50,4.565297,1.099200
worker_3,3063,1788086897.159314,50,4.733678,1.097568
worker_3,3064,1788086897.164067,50,4.776354,1.101536
worker_3,3065,1788086897.168860,50,4.982532,1.097920
worker_3,3066,1788086897.173891,50,4.536297,1.096928
worker_3,3067,1788086897.178453,50,4.759197,1.096576
worker_3,3068,1788086897.183232,50,4.773048,1.095904
worker_3,3069,1788086897.188022,50,4.774761,1.098208
worker_3,3070,1788086897.192813,50,4.782363,1.097728
worker_3,3071,1788086897.197611,50,4.770335,1.096576
worker_3,3072,1788086897.202398,50,4.775984,1.097440
worker_3,3073,1788086897.207200,50,4.982291,1.097632
worker_3,3074,1788086897.212243,50,4.732928,1.100544
worker_3,3075,1788086897.217022,50,4.552751,1.098848
worker_3,3076,1788086897.221598,50,4.976745,1.098240
worker_3,3077,1788086897.226622,50,4.536806,1.097472
worker_3,3078,1788086897.231183,50,4.989180,1.099168
worker_3,3079,1788086897.236230,50,4.534037,1.098432
worker_3,3080,1788086897.240788,50,4.765567,1.097408
worker_3,3081,1788086897.245571,50,4.778585,1.099392
worker_3,3082,1788086897.250369,50,4.986237,1.096544
worker_3,3083,1788086897.255406,50,4.533268,1.096032
worker_3,3084,1788086897.259965,50,4.759096,1.095904
worker_3,3085,1788086897.264745,50,5.013579,1.102144
worker_3,3086,1788086897.269806,50,4.510805,1.099360
worker_3,3087,1788086897.274343,50,4.764558,1.097440
worker_3,3088,1788086897.279127,50,4.770557,1.096864
worker_3,3089,1788086897.283914,50,4.776317,1.097312
worker_3,3090,1788086897.288705,50,4.780105,1.101152
worker_3,3091,1788086897.293502,50,4.774808,1.098688
worker_3,3092,1788086897.298294,50,4.994411,1.098848
worker_3,3093,1788086897.303352,50,4.516352,1.097312
worker_3,3094,1788086897.307894,50,4.764956,1.097056
worker_3,3095,1788086897.312679,50,4.771104,1.098144
worker_3,3096,1788086897.317466,50,4.985698,1.098304
worker_3,3097,1788086897.322501,50,4.539158,1.097248
worker_3,3098,1788086897.327065,50,4.975782,1.098496
worker_3,3099,1788086897.332088,50,4.549908,1.106240
worker_3,3100,1788086897.336663,50,4.761290,1.098752
worker_3,3101,1788086897.341443,50,4.984735,1.097472
worker_3,3102,1788086897.346475,50,4.534055,1.098016
worker_3,3103,1788086897.351035,50,4.981143,1.097568
worker_3,3104,1788086897.356064,50,4.545399,1.105312
worker_3,3105,1788086897.360636,50,4.986402,1.097536
worker_3,3106,1788086897.365670,50,4.519417,1.097536
worker_3,3107,1788086897.370213,50,4.765344,1.098368
worker_3,3108,1788086897.374997,50,4.989625,1.097280
worker_3,3109,1788086897.380033,50,4.535148,1.096384
worker_3,3110,1788086897.384594,50,4.815965,1.098400
worker_3,3111,1788086897.389458,50,4.689520,1.097792
worker_3,3112,1788086897.394184,50,4.755874,1.097824
worker_3,3113,1788086897.398957,50,4.992291,1.096384
worker_3,3114,1788086897.403997,50,4.553205,1.109984
worker_3,3115,1788086897.408577,50,4.763891,1.097280
worker_3,3116,1788086897.413360,50,4.986180,1.095584
worker_3,3117,1788086897.418393,50,4.744928,1.097728
worker_3,3118,1788086897.423185,50,4.745790,1.097248
worker_3,3119,1788086897.427977,50,4.742715,1.097760
worker_3,3120,1788086897.432765,50,4.537889,1.098720
worker_3,3121,1788086897.437328,50,4.977217,1.098688
worker_3,3122,1788086897.442352,50,4.755196,1.097312
worker_3,3123,1788086897.447154,50,4.750353,1.096448
worker_3,3124,1788086897.451950,50,4.742160,1.097536
worker_3,3125,1788086897.456738,50,4.540463,1.097312
worker_3,3126,1788086897.461303,50,4.769956,1.097216
worker_3,3127,1788086897.466093,50,4.988644,1.096704
worker_3,3128,1788086897.471128,50,4.540546,1.097184
worker_3,3129,1788086897.475693,50,4.766503,1.101056
worker_3,3130,1788086897.480479,50,4.789298,1.097088
worker_3,3131,1788086897.485284,50,4.776530,1.099040
worker_3,3132,1788086897.490084,50,4.767076,1.097184
worker_3,3133,1788086897.494866,50,4.777187,1.096448
worker_3,3134,1788086897.499662,50,4.789910,1.102368
worker_3,3135,1788086897.504468,50,4.784085,1.096992
worker_3,3136,1788086897.509269,50,4.771567,1.097792
worker_3,3137,1788086897.514058,50,4.800151,1.102080
worker_3,3138,1788086897.518874,50,4.988893,1.097024
worker_3,3139,1788086897.523912,50,4.554279,1.108480
worker_3,3140,1788086897.528492,50,4.784224,1.105888
worker_3,3141,1788086897.533293,50,4.775234,1.098496
worker_3,3142,1788086897.538085,50,4.771076,1.096000
worker_3,3143,1788086897.542873,50,4.785493,1.098048
worker_3,3144,1788086897.547676,50,4.772438,1.096768
worker_3,3145,1788086897.552464,50,4.777668,1.097056
worker_3,3146,1788086897.557258,50,4.783826,1.099136
worker_3,3147,1788086897.562060,50,4.806624,1.097568
worker_3,3148,1788086897.566884,50,4.986393,1.097216
worker_3,3149,1788086897.571918,50,4.541149,1.101376
worker_3,3150,1788086897.576489,50,4.773242,1.099456
worker_3,3151,1788086897.581294,50,4.968142,1.096256
worker_3,3152,1788086897.586310,50,4.537509,1.097312
worker_3,3153,1788086897.590874,50,4.981846,1.098048
worker_3,3154,1788086897.595902,50,4.537666,1.097824
worker_3,3155,1788086897.600464,50,4.762262,1.099296
worker_3,3156,1788086897.605244,50,4.984375,1.096512
worker_3,3157,1788086897.610276,50,4.532074,1.097056
worker_3,3158,1788086897.614833,50,4.977949,1.097152
worker_3,3159,1788086897.619857,50,4.545500,1.098144
worker_3,3160,1788086897.624429,50,4.978124,1.101440
worker_3,3161,1788086897.629453,50,4.539194,1.097152
worker_3,3162,1788086897.634018,50,4.819281,1.097792
worker_3,3163,1788086897.638886,50,4.689714,1.097472
worker_3,3164,1788086897.643601,50,4.762113,1.099136
worker_3,3165,1788086897.648382,50,4.780715,1.099936
worker_3,3166,1788086897.653180,50,4.776586,1.097792
worker_3,3167,1788086897.657975,50,4.776502,1.098560
worker_3,3168,1788086897.662769,50,4.779160,1.098304
worker_3,3169,1788086897.667564,50,4.777798,1.097120
worker_3,3170,1788086897.672360,50,4.773613,1.096704
worker_3,3171,1788086897.677164,50,4.761640,1.098688
worker_3,3172,1788086897.681942,50,4.777086,1.097216
worker_3,3173,1788086897.686737,50,4.782624,1.099552
worker_3,3174,1788086897.691537,50,4.774677,1.097792
worker_3,3175,1788086897.696327,50,4.777512,1.098176
worker_3,3176,1788086897.701120,50,5.001171,1.097664
worker_3,3177,1788086897.706170,50,4.535186,1.096832
worker_3,3178,1788086897.710730,50,4.984346,1.097952
worker_3,3179,1788086897.715760,50,4.535778,1.098560
worker_3,3180,1788086897.720321,50,4.773946,1.097696
worker_3,3181,1788086897.725113,50,4.777039,1.098368
worker_3,3182,1788086897.729906,50,4.779438,1.098880
worker_3,3183,1788086897.734702,50,4.792539,1.098144
worker_3,3184,1788086897.739511,50,4.775317,1.099328
worker_3,3185,1788086897.744301,50,4.777299,1.098944
worker_3,3186,1788086897.749094,50,4.780215,1.097344
worker_3,3187,1788086897.753892,50,4.791892,1.098944
worker_3,3188,1788086897.758699,50,4.771632,1.096256
worker_3,3189,1788086897.763488,50,4.871252,1.103680
worker_3,3190,1788086897.768426,50,4.654047,1.101216
worker_3,3191,1788086897.773104,50,4.764253,1.097728
worker_3,3192,1788086897.777887,50,4.772002,1.097440
worker_3,3193,1788086897.782748,50,4.708520,1.097792
worker_3,3194,1788086897.787478,50,4.775122,1.097152
worker_3,3195,1788086897.792272,50,4.979236,1.096544
worker_3,3196,1788086897.797299,50,4.530751,1.097888
worker_3,3197,1788086897.801855,50,4.975930,1.098784
worker_3,3198,1788086897.806879,50,4.756196,1.097824
worker_3,3199,1788086897.811681,50,4.539916,1.096288
worker_3,3200,1788086897.816247,50,4.975745,1.098752
worker_3,3201,1788086897.821270,50,4.530499,1.096128
worker_3,3202,1788086897.825826,50,4.766030,1.097152
worker_3,3203,1788086897.830611,50,4.770178,1.096704
worker_3,3204,1788086897.835398,50,4.792707,1.098016
worker_3,3205,1788086897.840207,50,4.987985,1.096352
worker_3,3206,1788086897.845244,50,4.538446,1.097792
worker_3,3207,1788086897.849808,50,4.765946,1.097248
worker_3,3208,1788086897.854594,50,4.770168,1.096864
worker_3,3209,1788086897.859381,50,4.776131,1.097120
worker_3,3210,1788086897.864181,50,4.986689,1.096864
worker_3,3211,1788086897.869215,50,4.547085,1.097728
worker_3,3212,1788086897.873788,50,4.761816,1.098176
worker_3,3213,1788086897.878572,50,4.768401,1.096128
worker_3,3214,1788086897.883358,50,4.838623,1.097312
worker_3,3215,1788086897.888260,50,4.676965,1.100832
worker_3,3216,1788086897.892962,50,4.759881,1.095808
worker_3,3217,1788086897.897742,50,4.774151,1.098240
worker_3,3218,1788086897.902534,50,4.981930,1.099040
worker_3,3219,1788086897.907563,50,4.753530,1.096864
worker_3,3220,1788086897.912364,50,4.744261,1.099776
worker_3,3221,1788086897.917154,50,4.540908,1.097728
worker_3,3222,1788086897.921722,50,4.765382,1.097152
worker_3,3223,1788086897.926507,50,4.983874,1.099168
worker_3,3224,1788086897.931538,50,4.545333,1.096160
worker_3,3225,1788086897.936109,50,4.763530,1.097312
worker_3,3226,1788086897.940894,50,4.771863,1.098880
worker_3,3227,1788086897.945683,50,4.787132,1.096640
worker_3,3228,1788086897.950486,50,4.774225,1.098176
worker_3,3229,1788086897.955285,50,4.781077,1.097696
worker_3,3230,1788086897.960083,50,4.778179,1.102432
worker_3,3231,1788086897.964877,50,4.775557,1.097952
worker_3,3232,1788086897.969669,50,4.777761,1.097088
worker_3,3233,1788086897.974467,50,4.983217,1.097376
worker_3,3234,1788086897.979499,50,4.553305,1.097344
worker_3,3235,1788086897.984078,50,4.768289,1.103008
worker_3,3236,1788086897.988865,50,4.771669,1.097408
worker_3,3237,1788086897.993654,50,4.775614,1.096480
worker_3,3238,1788086897.998447,50,4.774363,1.096864
worker_3,3239,1788086898.003238,50,4.806966,1.097120
worker_3,3240,1788086898.008063,50,4.775873,1.098144
worker_3,3241,1788086898.012855,50,4.778309,1.097280
worker_3,3242,1788086898.017652,50,4.772123,1.097440
worker_3,3243,1788086898.022441,50,4.781159,1.097056
worker_3,3244,1788086898.027238,50,4.802262,1.096992
worker_3,3245,1788086898.032057,50,4.987106,1.098464
worker_3,3246,1788086898.037095,50,4.772707,1.102560
worker_3,3247,1788086898.041917,50,4.551046,1.100704
worker_3,3248,1788086898.046494,50,4.764409,1.097792
worker_3,3249,1788086898.051292,50,4.752373,1.098848
worker_3,3250,1788086898.056063,50,4.779077,1.098944
worker_3,3251,1788086898.060860,50,5.019541,1.100448
worker_3,3252,1788086898.065928,50,4.741733,1.098272
worker_3,3253,1788086898.070715,50,4.744354,1.096320
worker_3,3254,1788086898.075506,50,4.535029,1.097536
worker_3,3255,1788086898.080065,50,4.772233,1.097728
worker_3,3256,1788086898.084856,50,4.799300,1.106144
worker_3,3257,1788086898.089674,50,4.992337,1.097056
worker_3,3258,1788086898.094715,50,4.743169,1.098432
worker_3,3259,1788086898.099504,50,4.534519,1.097248
worker_3,3260,1788086898.104062,50,4.765863,1.098624
worker_3,3261,1788086898.108845,50,4.799855,1.101248
worker_3,3262,1788086898.113661,50,4.776279,1.097536
worker_3,3263,1788086898.118454,50,4.780752,1.097056
worker_3,3264,1788086898.123250,50,5.006541,1.096704
worker_3,3265,1788086898.128306,50,4.722640,1.096000
worker_3,3266,1788086898.133075,50,4.538269,1.097632
worker_3,3267,1788086898.137639,50,4.765679,1.098464
worker_3,3268,1788086898.142437,50,4.759446,1.097344
worker_3,3269,1788086898.147216,50,4.785586,1.097120
worker_3,3270,1788086898.152020,50,4.984217,1.097792
worker_3,3271,1788086898.157052,50,4.567418,1.096224
worker_3,3272,1788086898.161659,50,4.731363,1.096256
worker_3,3273,1788086898.166417,50,4.767956,1.097152
worker_3,3274,1788086898.171206,50,4.778021,1.098208
worker_3,3275,1788086898.176001,50,4.990217,1.100384
worker_3,3276,1788086898.181038,50,4.539389,1.097088
worker_3,3277,1788086898.185606,50,4.974671,1.097824
worker_3,3278,1788086898.190628,50,4.747622,1.097376
worker_3,3279,1788086898.195422,50,4.553242,1.095520
worker_3,3280,1788086898.200001,50,4.761150,1.099840
worker_3,3281,1788086898.204780,50,4.777067,1.099040
worker_3,3282,1788086898.209574,50,4.781391,1.100544
worker_3,3283,1788086898.214372,50,4.775668,1.096832
worker_3,3284,1788086898.219165,50,4.786151,1.097376
worker_3,3285,1788086898.223970,50,4.990087,1.098624
worker_3,3286,1788086898.229009,50,4.536705,1.096608
worker_3,3287,1788086898.233574,50,4.764067,1.099264
worker_3,3288,1788086898.238373,50,4.753984,1.098752
worker_3,3289,1788086898.243145,50,4.790279,1.096544
worker_3,3290,1788086898.247952,50,4.773909,1.100672
worker_3,3291,1788086898.252741,50,4.774326,1.097824
worker_3,3292,1788086898.257531,50,4.841142,1.098144
worker_3,3293,1788086898.262423,50,4.685178,1.098176
worker_3,3294,1788086898.267136,50,4.992115,1.096512
worker_3,3295,1788086898.272177,50,4.541871,1.099424
worker_3,3296,1788086898.276743,50,4.971448,1.097184
worker_3,3297,1788086898.281763,50,4.541566,1.097248
worker_3,3298,1788086898.286332,50,5.004477,1.097632
worker_3,3299,1788086898.291384,50,4.504168,1.096352
worker_3,3300,1788086898.295916,50,4.760660,1.099776
worker_3,3301,1788086898.300698,50,4.768465,1.098400
worker_3,3302,1788086898.305486,50,4.776336,1.097280
worker_3,3303,1788086898.310279,50,4.993319,1.096800
worker_3,3304,1788086898.315324,50,4.517964,1.095776
worker_3,3305,1788086898.319867,50,4.976680,1.102848
worker_3,3306,1788086898.324892,50,4.544232,1.098368
worker_3,3307,1788086898.329473,50,4.757613,1.098912
worker_3,3308,1788086898.334250,50,4.770372,1.097824
worker_3,3309,1788086898.339037,50,4.992504,1.097376
worker_3,3310,1788086898.344077,50,4.747975,1.099968
worker_3,3311,1788086898.348870,50,4.539481,1.097824
worker_3,3312,1788086898.353434,50,4.768198,1.098816
worker_3,3313,1788086898.358221,50,4.997837,1.098912
worker_3,3314,1788086898.363269,50,4.528974,1.097472
worker_3,3315,1788086898.367821,50,4.782428,1.106272
worker_3,3316,1788086898.372622,50,4.771150,1.098624
worker_3,3317,1788086898.377410,50,4.992522,1.097248
worker_3,3318,1788086898.382453,50,4.738316,1.097792
worker_3,3319,1788086898.387235,50,4.713854,1.098272
worker_3,3320,1788086898.391995,50,4.585121,1.097280
worker_3,3321,1788086898.396607,50,4.983578,1.097440
worker_3,3322,1788086898.401640,50,4.529064,1.097344
worker_3,3323,1788086898.406194,50,4.758660,1.097152
worker_3,3324,1788086898.410972,50,4.995069,1.100000
worker_3,3325,1788086898.416016,50,4.748298,1.097472
worker_3,3326,1788086898.420811,50,4.536074,1.097248
worker_3,3327,1788086898.425388,50,4.963827,1.100480
worker_3,3328,1788086898.430398,50,4.784419,1.097184
worker_3,3329,1788086898.435228,50,4.714122,1.096480
worker_3,3330,1788086898.439991,50,4.751882,1.101376
worker_3,3331,1788086898.444789,50,4.746196,1.097184
worker_3,3332,1788086898.449582,50,4.755326,1.098816
worker_3,3333,1788086898.454383,50,4.540583,1.098496
worker_3,3334,1788086898.458949,50,4.773031,1.099360
worker_3,3335,1788086898.463740,50,4.772344,1.098048
worker_3,3336,1788086898.468528,50,4.786613,1.098304
worker_3,3337,1788086898.473330,50,4.780492,1.097024
worker_3,3338,1788086898.478128,50,4.994587,1.098176
worker_3,3339,1788086898.483170,50,4.778772,1.098144
worker_3,3340,1788086898.487995,50,4.503490,1.099456
worker_3,3341,1788086898.492525,50,4.775076,1.098752
worker_3,3342,1788086898.497318,50,4.773790,1.098816
worker_3,3343,1788086898.502109,50,4.773076,1.097792
worker_3,3344,1788086898.506969,50,4.716613,1.097856
worker_3,3345,1788086898.511705,50,4.771631,1.100032
worker_3,3346,1788086898.516506,50,4.768214,1.096640
worker_3,3347,1788086898.521292,50,4.781104,1.098208
worker_3,3348,1788086898.526089,50,4.771335,1.095584
worker_3,3349,1788086898.530876,50,4.782299,1.096832
worker_3,3350,1788086898.535675,50,4.777215,1.098400
worker_3,3351,1788086898.540469,50,4.789253,1.097440
worker_3,3352,1788086898.545273,50,4.779011,1.096608
worker_3,3353,1788086898.550068,50,4.797892,1.098368
worker_3,3354,1788086898.554882,50,4.783641,1.098784
worker_3,3355,1788086898.559681,50,4.772373,1.096256
worker_3,3356,1788086898.564469,50,4.782789,1.097728
worker_3,3357,1788086898.569269,50,4.772576,1.095712
worker_3,3358,1788086898.574061,50,4.777465,1.097376
worker_3,3359,1788086898.578853,50,4.761159,1.095712
worker_3,3360,1788086898.583626,50,4.782521,1.097760
worker_3,3361,1788086898.588424,50,4.773771,1.098496
worker_3,3362,1788086898.593212,50,4.833095,1.096224
worker_3,3363,1788086898.598088,50,4.914152,1.096928
worker_3,3364,1788086898.603048,50,4.546777,1.097792
worker_3,3365,1788086898.607623,50,4.974365,1.096064
worker_3,3366,1788086898.612655,50,4.516388,1.100192
worker_3,3367,1788086898.617198,50,4.762141,1.097728
worker_3,3368,1788086898.621981,50,4.765622,1.096352
worker_3,3369,1788086898.626765,50,4.773196,1.096736
worker_3,3370,1788086898.631555,50,4.839882,1.097696
worker_3,3371,1788086898.636444,50,4.681491,1.099360
worker_3,3372,1788086898.641151,50,4.773003,1.097216
worker_3,3373,1788086898.645946,50,4.787039,1.097248
worker_3,3374,1788086898.650757,50,4.896383,1.097120
worker_3,3375,1788086898.655674,50,4.708965,1.097184
worker_3,3376,1788086898.660403,50,4.807438,1.099360
worker_3,3377,1788086898.665227,50,4.646251,1.096960
worker_3,3378,1788086898.669891,50,4.778549,1.097824
worker_3,3379,1788086898.674686,50,4.774808,1.097952
worker_3,3380,1788086898.679477,50,4.772567,1.098336
worker_3,3381,1788086898.684265,50,4.783900,1.099552
worker_3,3382,1788086898.689066,50,4.770724,1.096224
worker_3,3383,1788086898.693853,50,4.771114,1.097344
worker_3,3384,1788086898.698642,50,4.776104,1.098240
worker_3,3385,1788086898.703438,50,5.015495,1.098848
worker_3,3386,1788086898.708501,50,4.525315,1.098624
worker_3,3387,1788086898.713050,50,4.763105,1.097056
worker_3,3388,1788086898.717832,50,4.982856,1.097664
worker_3,3389,1788086898.722862,50,4.541185,1.099456
worker_3,3390,1788086898.727429,50,4.757030,1.097856
worker_3,3391,1788086898.732206,50,5.010393,1.098272
worker_3,3392,1788086898.737254,50,4.719465,1.098432
worker_3,3393,1788086898.742010,50,4.569454,1.096576
worker_3,3394,1788086898.746599,50,4.782892,1.097824
worker_3,3395,1788086898.751396,50,5.005541,1.096704
worker_3,3396,1788086898.756451,50,4.529650,1.101376
worker_3,3397,1788086898.761006,50,4.756762,1.097824
worker_3,3398,1788086898.765782,50,4.770613,1.098496
worker_3,3399,1788086898.770571,50,4.776418,1.096768
worker_3,3400,1788086898.775366,50,4.772743,1.097888
worker_3,3401,1788086898.780156,50,4.774198,1.098752
worker_3,3402,1788086898.784947,50,4.864429,1.099296
worker_3,3403,1788086898.789862,50,4.666604,1.098368
worker_3,3404,1788086898.794555,50,4.971986,1.097216
worker_3,3405,1788086898.799585,50,4.742465,1.097312
worker_3,3406,1788086898.804374,50,4.525028,1.096480
worker_3,3407,1788086898.808923,50,4.773502,1.099520
worker_3,3408,1788086898.813716,50,5.068764,1.097952
worker_3,3409,1788086898.818834,50,4.453129,1.097408
worker_3,3410,1788086898.823312,50,4.764530,1.098496
worker_3,3411,1788086898.828094,50,4.781207,1.098080
worker_3,3412,1788086898.832891,50,4.987735,1.097632
worker_3,3413,1788086898.837928,50,4.744947,1.097568
worker_3,3414,1788086898.842718,50,4.545538,1.098656
worker_3,3415,1788086898.847288,50,4.782780,1.096928
worker_3,3416,1788086898.852088,50,4.781530,1.101152
worker_3,3417,1788086898.856887,50,4.986958,1.097632
worker_3,3418,1788086898.861920,50,4.578909,1.097792
worker_3,3419,1788086898.866535,50,4.720012,1.099200
worker_3,3420,1788086898.871277,50,5.007385,1.097504
worker_3,3421,1788086898.876331,50,4.536232,1.102880
worker_3,3422,1788086898.880893,50,4.761290,1.096800
worker_3,3423,1788086898.885674,50,4.980226,1.097984
worker_3,3424,1788086898.890710,50,4.538418,1.097568
worker_3,3425,1788086898.895275,50,5.003374,1.097280
worker_3,3426,1788086898.900324,50,4.526261,1.097152
worker_3,3427,1788086898.904874,50,4.781770,1.104960
worker_3,3428,1788086898.909674,50,4.770511,1.096512
worker_3,3429,1788086898.914461,50,4.776289,1.098336
worker_3,3430,1788086898.919255,50,4.774557,1.095808
worker_3,3431,1788086898.924046,50,4.779911,1.096704
worker_3,3432,1788086898.928843,50,5.008633,1.106144
worker_3,3433,1788086898.933902,50,4.542880,1.097344
worker_3,3434,1788086898.938470,50,4.762409,1.097376
worker_3,3435,1788086898.943252,50,4.772771,1.097888
worker_3,3436,1788086898.948044,50,4.769520,1.097056
worker_3,3437,1788086898.952830,50,4.796965,1.111808
worker_3,3438,1788086898.957644,50,4.984040,1.097888
worker_3,3439,1788086898.962680,50,4.534686,1.098144
worker_3,3440,1788086898.967242,50,4.787318,1.096800
worker_3,3441,1788086898.972050,50,4.775160,1.099520
worker_3,3442,1788086898.976842,50,4.768715,1.097472
worker_3,3443,1788086898.981629,50,4.986375,1.096896
worker_3,3444,1788086898.986674,50,4.529657,1.096608
worker_3,3445,1788086898.991230,50,4.964911,1.096544
worker_3,3446,1788086898.996251,50,4.536389,1.097216
worker_3,3447,1788086899.000811,50,4.761327,1.097632
worker_3,3448,1788086899.005592,50,4.782557,1.096800
worker_3,3449,1788086899.010393,50,4.772113,1.099232
worker_3,3450,1788086899.015184,50,4.786316,1.097792
worker_3,3451,1788086899.019988,50,4.777390,1.099232
worker_3,3452,1788086899.024783,50,4.974753,1.096512
worker_3,3453,1788086899.029807,50,4.544685,1.097600
worker_3,3454,1788086899.034377,50,4.759975,1.096224
worker_3,3455,1788086899.039156,50,4.788567,1.097152
worker_3,3456,1788086899.043963,50,4.778049,1.100832
worker_3,3457,1788086899.048760,50,4.774095,1.096480
worker_3,3458,1788086899.053551,50,5.027930,1.097408
worker_3,3459,1788086899.058629,50,4.495602,1.097472
worker_3,3460,1788086899.063152,50,4.775122,1.095776
worker_3,3461,1788086899.067945,50,4.777687,1.099264
worker_3,3462,1788086899.072740,50,4.771307,1.097600
worker_3,3463,1788086899.077540,50,4.769872,1.097792
worker_3,3464,1788086899.082329,50,4.977773,1.096256
worker_3,3465,1788086899.087358,50,4.786012,1.097408
worker_3,3466,1788086899.092191,50,4.536546,1.101600
worker_3,3467,1788086899.096752,50,4.759585,1.098368
worker_3,3468,1788086899.101530,50,4.777937,1.098720
worker_3,3469,1788086899.106326,50,5.017042,1.096512
worker_3,3470,1788086899.111391,50,4.525926,1.096544
worker_3,3471,1788086899.115940,50,4.765448,1.099840
worker_3,3472,1788086899.120727,50,4.978634,1.097568
worker_3,3473,1788086899.125752,50,4.541954,1.098688
worker_3,3474,1788086899.130320,50,4.761993,1.097824
worker_3,3475,1788086899.135102,50,4.979911,1.095712
worker_3,3476,1788086899.140128,50,4.542473,1.101792
worker_3,3477,1788086899.144695,50,4.760742,1.096512
worker_3,3478,1788086899.149475,50,4.771622,1.097408
worker_3,3479,1788086899.154263,50,4.988967,1.096128
worker_3,3480,1788086899.159301,50,4.537343,1.097760
worker_3,3481,1788086899.163864,50,4.761687,1.097536
worker_3,3482,1788086899.168644,50,4.776854,1.099040
worker_3,3483,1788086899.173446,50,4.982726,1.095712
worker_3,3484,1788086899.178477,50,4.740409,1.097280
worker_3,3485,1788086899.183262,50,4.755020,1.096672
worker_3,3486,1788086899.188066,50,4.543611,1.101088
worker_3,3487,1788086899.192636,50,4.760159,1.099456
worker_3,3488,1788086899.197415,50,4.772279,1.097088
worker_3,3489,1788086899.202204,50,4.983671,1.096896
worker_3,3490,1788086899.207237,50,4.555528,1.099808
worker_3,3491,1788086899.211817,50,4.767955,1.098432
worker_3,3492,1788086899.216604,50,4.990522,1.097440
worker_3,3493,1788086899.221641,50,4.543084,1.100768
worker_3,3494,1788086899.226210,50,4.780216,1.098496
worker_3,3495,1788086899.231092,50,4.692483,1.098560
worker_3,3496,1788086899.235807,50,4.974541,1.099648
worker_3,3497,1788086899.240828,50,4.544954,1.099360
worker_3,3498,1788086899.245398,50,4.764761,1.097440
worker_3,3499,1788086899.250182,50,4.981911,1.098656
worker_3,3500,1788086899.255211,50,4.740243,1.096768
worker_3,3501,1788086899.259997,50,4.565380,1.110208
worker_3,3502,1788086899.264600,50,4.959596,1.096032
worker_3,3503,1788086899.269608,50,4.543121,1.097792
worker_3,3504,1788086899.274177,50,4.780168,1.097632
worker_3,3505,1788086899.278975,50,4.991208,1.097600
worker_3,3506,1788086899.284015,50,4.543139,1.097728
worker_3,3507,1788086899.288584,50,4.766484,1.102336
worker_3,3508,1788086899.293370,50,4.985171,1.095360
worker_3,3509,1788086899.298403,50,4.539483,1.098368
worker_3,3510,1788086899.302971,50,4.971078,1.098496
worker_3,3511,1788086899.307991,50,4.559501,1.109728
worker_3,3512,1788086899.312578,50,4.984809,1.098016
worker_3,3513,1788086899.317610,50,4.530870,1.098752
worker_3,3514,1788086899.322168,50,4.777317,1.096672
worker_3,3515,1788086899.326964,50,4.988939,1.095808
worker_3,3516,1788086899.332000,50,4.540453,1.096544
worker_3,3517,1788086899.336565,50,4.982883,1.101088
worker_3,3518,1788086899.341596,50,4.540602,1.096640
worker_3,3519,1788086899.346162,50,4.980263,1.096256
worker_3,3520,1788086899.351190,50,4.527907,1.097280
worker_3,3521,1788086899.355743,50,4.769133,1.098304
worker_3,3522,1788086899.360544,50,4.976097,1.098080
worker_3,3523,1788086899.365567,50,4.750447,1.098656
worker_3,3524,1788086899.370365,50,4.549231,1.096960
worker_3,3525,1788086899.374940,50,4.967809,1.096576
worker_3,3526,1788086899.379956,50,4.540787,1.097792
worker_3,3527,1788086899.384524,50,4.763270,1.100736
worker_3,3528,1788086899.389306,50,4.778244,1.099104
worker_3,3529,1788086899.394104,50,4.774418,1.096960
worker_3,3530,1788086899.398896,50,4.766873,1.095648
worker_3,3531,1788086899.403681,50,4.776623,1.096096
worker_3,3532,1788086899.408475,50,4.778521,1.099392
worker_3,3533,1788086899.413270,50,4.778058,1.097280
worker_3,3534,1788086899.418065,50,4.796974,1.098688
worker_3,3535,1788086899.422880,50,4.775965,1.096704
worker_3,3536,1788086899.427673,50,4.776604,1.097024
worker_3,3537,1788086899.432483,50,4.760835,1.101472
worker_3,3538,1788086899.437262,50,4.776131,1.095840
worker_3,3539,1788086899.442055,50,4.793419,1.099296
worker_3,3540,1788086899.446866,50,4.775586,1.096800
worker_3,3541,1788086899.451676,50,4.979226,1.097920
worker_3,3542,1788086899.456707,50,4.831105,1.097504
worker_3,3543,1788086899.461587,50,4.598992,1.096192
worker_3,3544,1788086899.466213,50,4.741373,1.100128
worker_3,3545,1788086899.470974,50,4.825559,1.096992
worker_3,3546,1788086899.475817,50,4.827401,1.096704
worker_3,3547,1788086899.480694,50,4.541278,1.101440
worker_3,3548,1788086899.485262,50,4.963893,1.096736
worker_3,3549,1788086899.490274,50,4.571020,1.099840
worker_3,3550,1788086899.494872,50,4.759678,1.096928
worker_3,3551,1788086899.499650,50,4.786993,1.106400
worker_3,3552,1788086899.504455,50,4.987467,1.097088
worker_3,3553,1788086899.509491,50,4.537675,1.095808
worker_3,3554,1788086899.514056,50,4.762863,1.097248
worker_3,3555,1788086899.518837,50,4.771668,1.096576
worker_3,3556,1788086899.523626,50,4.789753,1.105024
worker_3,3557,1788086899.528434,50,4.791900,1.096224
worker_3,3558,1788086899.533243,50,4.772827,1.097184
worker_3,3559,1788086899.538034,50,4.772428,1.097184
worker_3,3560,1788086899.542823,50,4.779418,1.096096
worker_3,3561,1788086899.547625,50,4.772243,1.096352
worker_3,3562,1788086899.552416,50,4.772678,1.097728
worker_3,3563,1788086899.557206,50,4.776262,1.097152
worker_3,3564,1788086899.561999,50,4.774456,1.098176
worker_3,3565,1788086899.566790,50,4.776531,1.098432
worker_3,3566,1788086899.571582,50,4.780030,1.097856
worker_3,3567,1788086899.576379,50,4.994902,1.097216
worker_3,3568,1788086899.581423,50,4.537741,1.097440
worker_3,3569,1788086899.585985,50,4.762844,1.098368
worker_3,3570,1788086899.590768,50,4.775224,1.096960
worker_3,3571,1788086899.595563,50,4.771409,1.100704
worker_3,3572,1788086899.600352,50,4.785161,1.095104
worker_3,3573,1788086899.605155,50,4.779252,1.097216
worker_3,3574,1788086899.609951,50,4.769864,1.097280
worker_3,3575,1788086899.614737,50,4.767891,1.096032
worker_3,3576,1788086899.619522,50,4.774002,1.097472
worker_3,3577,1788086899.624312,50,4.773716,1.098208
worker_3,3578,1788086899.629103,50,4.777502,1.098368
worker_3,3579,1788086899.633898,50,4.777679,1.099296
worker_3,3580,1788086899.638699,50,4.768474,1.098880
worker_3,3581,1788086899.643483,50,4.788651,1.099968
worker_3,3582,1788086899.648290,50,4.775650,1.097600
worker_3,3583,1788086899.653081,50,4.790224,1.099488
worker_3,3584,1788086899.657888,50,4.776039,1.098656
worker_3,3585,1788086899.662679,50,4.990838,1.096320
worker_3,3586,1788086899.667718,50,4.539741,1.097536
worker_3,3587,1788086899.672284,50,4.762400,1.099008
worker_3,3588,1788086899.677065,50,4.783253,1.098464
worker_3,3589,1788086899.681865,50,4.774780,1.097408
worker_3,3590,1788086899.686659,50,4.779068,1.098336
worker_3,3591,1788086899.691455,50,5.003875,1.096160
worker_3,3592,1788086899.696507,50,4.726956,1.095904
worker_3,3593,1788086899.701280,50,4.540584,1.098144
worker_3,3594,1788086899.705847,50,4.761724,1.097792
worker_3,3595,1788086899.710629,50,4.775762,1.096224
worker_3,3596,1788086899.715425,50,4.781651,1.097792
worker_3,3597,1788086899.720239,50,4.756095,1.096544
worker_3,3598,1788086899.725015,50,4.777928,1.097600
worker_3,3599,1788086899.729812,50,4.772307,1.095936
worker_3,3600,1788086899.734614,50,4.760447,1.096640
worker_3,3601,1788086899.739392,50,4.987957,1.097792
worker_3,3602,1788086899.744428,50,4.742270,1.099872
worker_3,3603,1788086899.749219,50,4.535814,1.097792
worker_3,3604,1788086899.753781,50,4.768633,1.097568
worker_3,3605,1788086899.758570,50,4.980208,1.096224
worker_3,3606,1788086899.763597,50,4.552288,1.097088
worker_3,3607,1788086899.768175,50,4.965560,1.099008
worker_3,3608,1788086899.773186,50,4.542213,1.097216
worker_3,3609,1788086899.777757,50,4.965965,1.096672
worker_3,3610,1788086899.782769,50,4.548509,1.096640
worker_3,3611,1788086899.787345,50,4.774142,1.097152
worker_3,3612,1788086899.792138,50,4.773594,1.099040
worker_3,3613,1788086899.796930,50,4.773475,1.099424
worker_3,3614,1788086899.801720,50,4.775316,1.096960
worker_3,3615,1788086899.806512,50,4.773918,1.098208
worker_3,3616,1788086899.811303,50,4.783383,1.098848
worker_3,3617,1788086899.816103,50,4.775160,1.096864
worker_3,3618,1788086899.820894,50,4.772623,1.096608
worker_3,3619,1788086899.825696,50,4.760632,1.097344
worker_3,3620,1788086899.830473,50,4.778632,1.098112
worker_3,3621,1788086899.835269,50,5.023809,1.096480
worker_3,3622,1788086899.840344,50,4.521981,1.099104
worker_3,3623,1788086899.844893,50,4.948466,1.098656
worker_3,3624,1788086899.849889,50,4.561973,1.095712
worker_3,3625,1788086899.854479,50,4.972606,1.099168
worker_3,3626,1788086899.859500,50,4.559584,1.096320
worker_3,3627,1788086899.864084,50,4.766548,1.098208
worker_3,3628,1788086899.868869,50,4.772650,1.097248
worker_3,3629,1788086899.873662,50,4.980707,1.097216
worker_3,3630,1788086899.878721,50,4.512195,1.097856
worker_3,3631,1788086899.883261,50,4.754668,1.098336
worker_3,3632,1788086899.888035,50,4.982736,1.096384
worker_3,3633,1788086899.893065,50,4.571703,1.113088
worker_3,3634,1788086899.897663,50,4.759105,1.096768
worker_3,3635,1788086899.902441,50,4.774641,1.099008
worker_3,3636,1788086899.907234,50,4.773771,1.096768
worker_3,3637,1788086899.912024,50,4.991967,1.098880
worker_3,3638,1788086899.917065,50,4.549204,1.100832
worker_3,3639,1788086899.921656,50,4.956716,1.098208
worker_3,3640,1788086899.926659,50,4.541620,1.097312
worker_3,3641,1788086899.931229,50,4.761614,1.097408
worker_3,3642,1788086899.936012,50,4.773586,1.098048
worker_3,3643,1788086899.940804,50,4.778864,1.098912
worker_3,3644,1788086899.945600,50,4.772706,1.096640
worker_3,3645,1788086899.950389,50,4.991522,1.097696
worker_3,3646,1788086899.955518,50,4.448703,1.098176
worker_3,3647,1788086899.959991,50,4.769067,1.097280
worker_3,3648,1788086899.964780,50,4.784401,1.101952
worker_3,3649,1788086899.969583,50,4.983893,1.098752
worker_3,3650,1788086899.974617,50,4.544473,1.097792
worker_3,3651,1788086899.979187,50,4.970939,1.096384
worker_3,3652,1788086899.984204,50,4.745122,1.099840
worker_3,3653,1788086899.988994,50,4.548639,1.097760
worker_3,3654,1788086899.993569,50,4.765391,1.099584
worker_3,3655,1788086899.998353,50,4.776206,1.098080
worker_3,3656,1788086900.003147,50,4.774531,1.096768
worker_3,3657,1788086900.007939,50,4.776243,1.099840
worker_3,3658,1788086900.012738,50,4.788476,1.102592
worker_3,3659,1788086900.017544,50,4.987763,1.098080
worker_3,3660,1788086900.022580,50,4.542232,1.097728
worker_3,3661,1788086900.027150,50,4.971707,1.098272
worker_3,3662,1788086900.032168,50,4.758697,1.097984
worker_3,3663,1788086900.036973,50,4.549315,1.109056
worker_3,3664,1788086900.041548,50,4.763151,1.098592
worker_3,3665,1788086900.046328,50,4.982772,1.097504
worker_3,3666,1788086900.051357,50,4.750446,1.099040
worker_3,3667,1788086900.056157,50,4.540046,1.097120
worker_3,3668,1788086900.060722,50,4.977994,1.100288
worker_3,3669,1788086900.065749,50,4.541065,1.097632
worker_3,3670,1788086900.070319,50,4.972041,1.096608
worker_3,3671,1788086900.075340,50,4.535806,1.096704
worker_3,3672,1788086900.079902,50,4.977550,1.097952
worker_3,3673,1788086900.084929,50,4.529657,1.101920
worker_3,3674,1788086900.089484,50,4.763669,1.097696
worker_3,3675,1788086900.094267,50,4.771919,1.095648
worker_3,3676,1788086900.099055,50,4.988957,1.097792
worker_3,3677,1788086900.104094,50,4.537000,1.097152
worker_3,3678,1788086900.108670,50,4.961170,1.098880
worker_3,3679,1788086900.113680,50,4.543398,1.097472
worker_3,3680,1788086900.118252,50,4.814179,1.097568
worker_3,3681,1788086900.123114,50,4.699178,1.096800
worker_3,3682,1788086900.127838,50,4.768789,1.101888
worker_3,3683,1788086900.132626,50,4.786141,1.099072
worker_3,3684,1788086900.137439,50,4.758808,1.097632
worker_3,3685,1788086900.142217,50,4.981365,1.096960
worker_3,3686,1788086900.147249,50,4.541380,1.097760
worker_3,3687,1788086900.151816,50,4.765864,1.098464
worker_3,3688,1788086900.156602,50,4.767066,1.097120
worker_3,3689,1788086900.161388,50,4.987449,1.096288
worker_3,3690,1788086900.166424,50,4.537629,1.097504
worker_3,3691,1788086900.170988,50,4.978569,1.096384
worker_3,3692,1788086900.176013,50,4.554648,1.109088
worker_3,3693,1788086900.180595,50,4.975540,1.098240
worker_3,3694,1788086900.185617,50,4.549223,1.097216
worker_3,3695,1788086900.190192,50,4.967819,1.097056
worker_3,3696,1788086900.195207,50,4.546314,1.100256
worker_3,3697,1788086900.199790,50,4.763031,1.107328
worker_3,3698,1788086900.204573,50,4.784187,1.097344
worker_3,3699,1788086900.209375,50,5.001365,1.098016
worker_3,3700,1788086900.214426,50,4.544861,1.098592
worker_3,3701,1788086900.218997,50,4.982236,1.098112
worker_3,3702,1788086900.224025,50,4.541537,1.098528
worker_3,3703,1788086900.228593,50,4.972828,1.099104
worker_3,3704,1788086900.233614,50,4.533842,1.097376
worker_3,3705,1788086900.238173,50,4.999514,1.096480
worker_3,3706,1788086900.243221,50,4.533408,1.097792
worker_3,3707,1788086900.247780,50,4.774364,1.100928
worker_3,3708,1788086900.252573,50,4.778984,1.097312
worker_3,3709,1788086900.257370,50,4.773215,1.098272
worker_3,3710,1788086900.262163,50,4.774068,1.097760
worker_3,3711,1788086900.266953,50,4.998161,1.096608
worker_3,3712,1788086900.272001,50,4.759383,1.097376
worker_3,3713,1788086900.276808,50,4.529287,1.095744
worker_3,3714,1788086900.281363,50,4.757299,1.097376
worker_3,3715,1788086900.286138,50,4.769780,1.098368
worker_3,3716,1788086900.290926,50,4.995606,1.099232
worker_3,3717,1788086900.295984,50,4.523870,1.100736
worker_3,3718,1788086900.300537,50,4.764947,1.096928
worker_3,3719,1788086900.305322,50,4.989163,1.097856
worker_3,3720,1788086900.310358,50,4.530435,1.097568
worker_3,3721,1788086900.314915,50,4.968494,1.097248
worker_3,3722,1788086900.319932,50,4.540194,1.098240
worker_3,3723,1788086900.324498,50,4.986449,1.096640
worker_3,3724,1788086900.329530,50,4.537251,1.098496
worker_3,3725,1788086900.334093,50,4.984476,1.097120
worker_3,3726,1788086900.339124,50,4.742094,1.098880
worker_3,3727,1788086900.343913,50,4.721243,1.097312
worker_3,3728,1788086900.348662,50,4.808882,1.095616
worker_3,3729,1788086900.353517,50,4.528065,1.097408
worker_3,3730,1788086900.358070,50,4.974486,1.096576
worker_3,3731,1788086900.363093,50,4.746771,1.097312
worker_3,3732,1788086900.367887,50,4.603011,1.098944
worker_3,3733,1788086900.372537,50,4.706548,1.097952
worker_3,3734,1788086900.377270,50,4.766529,1.097056
worker_3,3735,1788086900.382056,50,4.766104,1.097344
worker_3,3736,1788086900.386848,50,4.771530,1.097248
worker_3,3737,1788086900.391636,50,5.004310,1.097952
worker_3,3738,1788086900.396691,50,4.530564,1.096544
worker_3,3739,1788086900.401247,50,4.765058,1.096832
worker_3,3740,1788086900.406032,50,4.981467,1.097504
worker_3,3741,1788086900.411062,50,4.539408,1.097440
worker_3,3742,1788086900.415627,50,4.972523,1.098048
worker_3,3743,1788086900.420648,50,4.530889,1.096896
worker_3,3744,1788086900.425205,50,4.766863,1.098336
worker_3,3745,1788086900.429992,50,4.979448,1.096576
worker_3,3746,1788086900.435018,50,4.545372,1.098496
worker_3,3747,1788086900.439588,50,4.766298,1.099584
worker_3,3748,1788086900.444373,50,4.779744,1.098144
worker_3,3749,1788086900.449169,50,4.772483,1.097184
worker_3,3750,1788086900.453959,50,4.947939,1.098784
worker_3,3751,1788086900.458923,50,4.622232,1.096608
worker_3,3752,1788086900.463564,50,4.776974,1.097728
worker_3,3753,1788086900.468359,50,4.780696,1.104352
worker_3,3754,1788086900.473158,50,4.775511,1.097632
worker_3,3755,1788086900.477949,50,4.791716,1.096288
worker_3,3756,1788086900.482774,50,4.755576,1.097600
worker_3,3757,1788086900.487548,50,4.996115,1.098656
worker_3,3758,1788086900.492597,50,4.533092,1.096864
worker_3,3759,1788086900.497158,50,4.761707,1.096256
worker_3,3760,1788086900.501941,50,4.923253,1.097952
worker_3,3761,1788086900.506912,50,4.601204,1.097792
worker_3,3762,1788086900.511539,50,4.761289,1.098112
worker_3,3763,1788086900.516319,50,4.775242,1.098304
worker_3,3764,1788086900.521112,50,4.773512,1.095904
worker_3,3765,1788086900.525903,50,4.861336,1.096544
worker_3,3766,1788086900.530814,50,4.664215,1.097728
worker_3,3767,1788086900.535505,50,4.764817,1.098720
worker_3,3768,1788086900.540291,50,4.767789,1.097792
worker_3,3769,1788086900.545076,50,4.778780,1.097760
worker_3,3770,1788086900.549873,50,4.776751,1.096384
worker_3,3771,1788086900.554666,50,4.774799,1.098080
worker_3,3772,1788086900.559458,50,4.988717,1.096544
worker_3,3773,1788086900.564495,50,4.542232,1.101632
worker_3,3774,1788086900.569066,50,4.762585,1.096992
worker_3,3775,1788086900.573863,50,4.763780,1.098400
worker_3,3776,1788086900.578646,50,4.772104,1.097728
worker_3,3777,1788086900.583435,50,4.793817,1.096992
worker_3,3778,1788086900.588247,50,4.778928,1.102560
worker_3,3779,1788086900.593041,50,4.775372,1.097824
worker_3,3780,1788086900.597835,50,4.772696,1.097728
worker_3,3781,1788086900.602624,50,4.778085,1.098688
worker_3,3782,1788086900.607419,50,4.788271,1.098048
worker_3,3783,1788086900.612234,50,4.761558,1.097760
worker_3,3784,1788086900.617015,50,4.779891,1.098240
worker_3,3785,1788086900.621814,50,4.800873,1.096992
worker_3,3786,1788086900.626633,50,4.748150,1.096192
worker_3,3787,1788086900.631399,50,4.774762,1.096032
worker_3,3788,1788086900.636191,50,4.776929,1.098464
worker_3,3789,1788086900.640985,50,4.779437,1.097024
worker_3,3790,1788086900.645781,50,4.779567,1.096544
worker_3,3791,1788086900.650578,50,4.774252,1.096704
worker_3,3792,1788086900.655370,50,4.772604,1.096480
worker_3,3793,1788086900.660159,50,4.785669,1.101856
worker_3,3794,1788086900.664965,50,4.799355,1.101888
worker_3,3795,1788086900.669793,50,4.757539,1.096544
worker_3,3796,1788086900.674568,50,4.984337,1.096288
worker_3,3797,1788086900.679682,50,4.468065,1.097920
worker_3,3798,1788086900.684179,50,4.759187,1.098688
worker_3,3799,1788086900.688957,50,4.981393,1.097312
worker_3,3800,1788086900.693988,50,4.539575,1.097984
worker_3,3801,1788086900.698557,50,4.755419,1.096768
worker_3,3802,1788086900.703333,50,4.996014,1.096640
worker_3,3803,1788086900.708376,50,4.544455,1.101856
worker_3,3804,1788086900.712946,50,4.765002,1.097152
worker_3,3805,1788086900.717731,50,4.905995,1.095360
worker_3,3806,1788086900.722686,50,4.608167,1.096800
worker_3,3807,1788086900.727321,50,4.773492,1.099328
worker_3,3808,1788086900.732113,50,4.978828,1.095552
worker_3,3809,1788086900.737141,50,4.538296,1.099072
worker_3,3810,1788086900.741704,50,4.759401,1.097184
worker_3,3811,1788086900.746482,50,4.774779,1.097568
worker_3,3812,1788086900.751274,50,5.005819,1.097824
worker_3,3813,1788086900.756331,50,4.517352,1.099296
worker_3,3814,1788086900.760889,50,4.762965,1.103136
worker_3,3815,1788086900.765672,50,4.772781,1.097632
worker_3,3816,1788086900.770463,50,4.775094,1.098368
worker_3,3817,1788086900.775257,50,4.790188,1.097632
worker_3,3818,1788086900.780066,50,4.776271,1.097376
worker_3,3819,1788086900.784858,50,4.775929,1.097504
worker_3,3820,1788086900.789651,50,4.777761,1.097120
worker_3,3821,1788086900.794446,50,4.777003,1.098688
worker_3,3822,1788086900.799240,50,4.772678,1.097248
worker_3,3823,1788086900.804029,50,4.780984,1.097152
worker_3,3824,1788086900.808830,50,4.769596,1.097728
worker_3,3825,1788086900.813622,50,4.796252,1.097696
worker_3,3826,1788086900.818447,50,4.737928,1.097536
worker_3,3827,1788086900.823202,50,4.788567,1.098496
worker_3,3828,1788086900.828007,50,4.784364,1.098496
worker_3,3829,1788086900.832809,50,4.777687,1.097280
worker_3,3830,1788086900.837604,50,4.781742,1.097152
worker_3,3831,1788086900.842403,50,4.779039,1.098432
worker_3,3832,1788086900.847200,50,4.979541,1.095328
worker_3,3833,1788086900.852242,50,4.529333,1.103200
worker_3,3834,1788086900.856809,50,4.968605,1.104448
worker_3,3835,1788086900.861826,50,4.539325,1.098688
worker_3,3836,1788086900.866390,50,4.762169,1.096896
worker_3,3837,1788086900.871175,50,4.766021,1.098816
worker_3,3838,1788086900.875961,50,4.778577,1.100544
worker_3,3839,1788086900.880756,50,4.779623,1.098336
worker_3,3840,1788086900.885552,50,4.778113,1.098304
worker_3,3841,1788086900.890348,50,4.988958,1.097248
worker_3,3842,1788086900.895386,50,4.539436,1.098816
worker_3,3843,1788086900.899950,50,4.967875,1.097120
worker_3,3844,1788086900.904965,50,4.767483,1.110208
worker_3,3845,1788086900.909782,50,4.542648,1.096672
worker_3,3846,1788086900.914352,50,4.765753,1.097056
worker_3,3847,1788086900.919137,50,4.768336,1.096288
worker_3,3848,1788086900.923925,50,4.983902,1.098592
worker_3,3849,1788086900.928957,50,4.564824,1.108416
worker_3,3850,1788086900.933547,50,4.765225,1.098464
worker_3,3851,1788086900.938331,50,4.769937,1.096384
worker_3,3852,1788086900.943119,50,5.011152,1.097888
worker_3,3853,1788086900.948194,50,4.523259,1.096192
worker_3,3854,1788086900.952745,50,4.767521,1.097728
worker_3,3855,1788086900.957540,50,4.761317,1.096512
worker_3,3856,1788086900.962322,50,4.977569,1.097696
worker_3,3857,1788086900.967348,50,4.547344,1.098496
worker_3,3858,1788086900.971922,50,4.970439,1.099584
worker_3,3859,1788086900.976941,50,4.546297,1.098880
worker_3,3860,1788086900.981513,50,4.759224,1.098976
worker_3,3861,1788086900.986291,50,4.796994,1.098304
worker_3,3862,1788086900.991112,50,4.954087,1.097472
worker_3,3863,1788086900.996114,50,4.744419,1.099488
worker_3,3864,1788086901.000905,50,4.743085,1.098432
worker_3,3865,1788086901.005693,50,4.753308,1.097472
worker_3,3866,1788086901.010492,50,4.751104,1.097216
worker_3,3867,1788086901.015289,50,4.749622,1.098880
worker_3,3868,1788086901.020084,50,4.544380,1.097408
worker_3,3869,1788086901.024653,50,4.973087,1.097472
worker_3,3870,1788086901.029674,50,4.742132,1.098912
worker_3,3871,1788086901.034462,50,4.755382,1.097184
worker_3,3872,1788086901.039264,50,4.549075,1.098816
worker_3,3873,1788086901.043854,50,4.959374,1.097088
worker_3,3874,1788086901.048858,50,4.757771,1.099584
worker_3,3875,1788086901.053661,50,4.745687,1.096800
worker_3,3876,1788086901.058452,50,4.766780,1.096416
worker_3,3877,1788086901.063265,50,4.748900,1.096352
worker_3,3878,1788086901.068058,50,4.749826,1.097856
worker_3,3879,1788086901.072854,50,4.759816,1.101248
worker_3,3880,1788086901.077661,50,4.528278,1.097440
worker_3,3881,1788086901.082214,50,5.000365,1.096416
worker_3,3882,1788086901.087262,50,4.532064,1.096256
worker_3,3883,1788086901.091820,50,4.763456,1.096832
worker_3,3884,1788086901.096601,50,4.778641,1.099808
worker_3,3885,1788086901.101397,50,4.987133,1.096576
worker_3,3886,1788086901.106432,50,4.543314,1.096928
worker_3,3887,1788086901.111001,50,4.966550,1.095328
worker_3,3888,1788086901.116014,50,4.554768,1.099840
worker_3,3889,1788086901.120597,50,4.981633,1.096512
worker_3,3890,1788086901.125627,50,4.540500,1.097120
worker_3,3891,1788086901.130194,50,4.997467,1.095328
worker_3,3892,1788086901.135251,50,4.525740,1.097792
worker_3,3893,1788086901.139802,50,4.762401,1.096256
worker_3,3894,1788086901.144584,50,4.780233,1.101440
worker_3,3895,1788086901.149382,50,5.003865,1.097760
worker_3,3896,1788086901.154434,50,4.539120,1.097312
worker_3,3897,1788086901.158998,50,4.971096,1.096704
worker_3,3898,1788086901.164016,50,4.540731,1.095872
worker_3,3899,1788086901.168580,50,4.973967,1.102848
worker_3,3900,1788086901.173602,50,4.541556,1.096864
worker_3,3901,1788086901.178169,50,4.980625,1.095488
worker_3,3902,1788086901.183196,50,4.542917,1.097024
worker_3,3903,1788086901.187765,50,4.764234,1.097536
worker_3,3904,1788086901.192546,50,4.770872,1.097024
worker_3,3905,1788086901.197335,50,4.986152,1.096928
worker_3,3906,1788086901.202369,50,4.541510,1.097568
worker_3,3907,1788086901.206936,50,4.987754,1.096768
worker_3,3908,1788086901.211970,50,4.531288,1.101568
worker_3,3909,1788086901.216527,50,5.010402,1.097856
worker_3,3910,1788086901.221584,50,4.520279,1.097984
worker_3,3911,1788086901.226129,50,4.973254,1.097536
worker_3,3912,1788086901.231160,50,4.527788,1.097152
worker_3,3913,1788086901.235714,50,4.760493,1.099008
worker_3,3914,1788086901.240492,50,4.783715,1.099520
worker_3,3915,1788086901.245292,50,4.975623,1.098144
worker_3,3916,1788086901.250317,50,4.560314,1.098688
worker_3,3917,1788086901.254904,50,4.966790,1.096544
worker_3,3918,1788086901.259917,50,4.540778,1.097312
worker_3,3919,1788086901.264483,50,4.970948,1.097056
worker_3,3920,1788086901.269503,50,4.541259,1.097088
worker_3,3921,1788086901.274071,50,4.787521,1.098784
worker_3,3922,1788086901.278876,50,4.984207,1.096288
worker_3,3923,1788086901.283909,50,4.546872,1.097792
worker_3,3924,1788086901.288481,50,4.968819,1.099872
worker_3,3925,1788086901.293499,50,4.541796,1.098208
worker_3,3926,1788086901.298065,50,5.008457,1.097952
worker_3,3927,1788086901.303121,50,4.541066,1.097024
worker_3,3928,1788086901.307687,50,4.765474,1.096928
worker_3,3929,1788086901.312470,50,4.779012,1.101824
worker_3,3930,1788086901.317266,50,4.986078,1.097856
worker_3,3931,1788086901.322315,50,4.567214,1.097984
worker_3,3932,1788086901.326907,50,4.760817,1.096640
worker_3,3933,1788086901.331686,50,4.993838,1.098208
worker_3,3934,1788086901.336729,50,4.541453,1.100320
worker_3,3935,1788086901.341294,50,4.984412,1.097600
worker_3,3936,1788086901.346325,50,4.534852,1.096544
worker_3,3937,1788086901.350884,50,4.969882,1.096288
worker_3,3938,1788086901.355901,50,4.543592,1.097792
worker_3,3939,1788086901.360470,50,4.978171,1.103008
worker_3,3940,1788086901.365495,50,4.535500,1.095808
worker_3,3941,1788086901.370057,50,4.965800,1.095584
worker_3,3942,1788086901.375069,50,4.544788,1.098336
worker_3,3943,1788086901.379640,50,4.773724,1.104320
worker_3,3944,1788086901.384432,50,4.798030,1.098080
worker_3,3945,1788086901.389247,50,4.992662,1.098080
worker_3,3946,1788086901.394291,50,4.535306,1.098528
worker_3,3947,1788086901.398851,50,4.978606,1.096512
worker_3,3948,1788086901.403958,50,4.466092,1.100000
worker_3,3949,1788086901.408448,50,4.981551,1.097600
worker_3,3950,1788086901.413478,50,4.539195,1.097376
worker_3,3951,1788086901.418057,50,4.751215,1.098048
worker_3,3952,1788086901.422826,50,4.979523,1.097024
worker_3,3953,1788086901.427851,50,4.549315,1.098368
worker_3,3954,1788086901.432427,50,4.972439,1.097632
worker_3,3955,1788086901.437446,50,4.549648,1.099520
worker_3,3956,1788086901.442022,50,4.971199,1.097312
worker_3,3957,1788086901.447040,50,4.548131,1.098848
worker_3,3958,1788086901.451613,50,4.759927,1.096800
worker_3,3959,1788086901.456393,50,4.782669,1.101024
worker_3,3960,1788086901.461192,50,4.990346,1.097920
worker_3,3961,1788086901.466230,50,4.536093,1.097344
worker_3,3962,1788086901.470792,50,4.971078,1.097568
worker_3,3963,1788086901.475812,50,4.541297,1.099104
worker_3,3964,1788086901.480380,50,4.969486,1.097696
worker_3,3965,1788086901.485398,50,4.542103,1.097760
worker_3,3966,1788086901.489966,50,4.965208,1.095936
worker_3,3967,1788086901.494978,50,4.544538,1.097216
worker_3,3968,1788086901.499548,50,4.770946,1.102080
worker_3,3969,1788086901.504338,50,4.782651,1.098144
worker_3,3970,1788086901.509149,50,4.974309,1.097920
worker_3,3971,1788086901.514173,50,4.541732,1.097696
worker_3,3972,1788086901.518740,50,4.978615,1.097760
worker_3,3973,1788086901.523765,50,4.554473,1.101568
worker_3,3974,1788086901.528346,50,4.986476,1.096320
worker_3,3975,1788086901.533379,50,4.545889,1.096864
worker_3,3976,1788086901.537951,50,4.963115,1.097248
worker_3,3977,1788086901.542960,50,4.543426,1.100032
worker_3,3978,1788086901.547529,50,4.759550,1.097184
worker_3,3979,1788086901.552306,50,4.782224,1.101184
worker_3,3980,1788086901.557107,50,4.775142,1.097632
worker_3,3981,1788086901.561899,50,4.777835,1.097376
worker_3,3982,1788086901.566692,50,4.778252,1.098336
worker_3,3983,1788086901.571486,50,4.780845,1.096960
worker_3,3984,1788086901.576282,50,4.776947,1.097824
worker_3,3985,1788086901.581074,50,4.987606,1.099008
worker_3,3986,1788086901.586112,50,4.532185,1.095488
worker_3,3987,1788086901.590669,50,4.762992,1.097984
worker_3,3988,1788086901.595452,50,4.995911,1.096448
worker_3,3989,1788086901.600494,50,4.536120,1.099808
worker_3,3990,1788086901.605069,50,4.956124,1.098752
worker_3,3991,1788086901.610075,50,4.545046,1.095808
worker_3,3992,1788086901.614648,50,4.970021,1.096544
worker_3,3993,1788086901.619666,50,4.551538,1.096448
worker_3,3994,1788086901.624243,50,4.755641,1.097536
worker_3,3995,1788086901.629017,50,4.774400,1.097472
worker_3,3996,1788086901.633809,50,4.979162,1.097312
worker_3,3997,1788086901.638839,50,4.544102,1.097216
worker_3,3998,1788086901.643409,50,4.765901,1.097824
worker_3,3999,1788086901.648195,50,4.783326,1.101984
worker_3,4000,1788086901.652998,50,4.772475,1.097376
worker_3,4001,1788086901.657787,50,4.781975,1.098976
worker_3,4002,1788086901.662584,50,4.986949,1.097152
worker_3,4003,1788086901.667622,50,4.555361,1.096384
worker_3,4004,1788086901.672203,50,4.760503,1.099168
worker_3,4005,1788086901.676983,50,4.772965,1.099168
worker_3,4006,1788086901.681774,50,4.989698,1.098272
worker_3,4007,1788086901.686812,50,4.533935,1.096832
worker_3,4008,1788086901.691373,50,4.787456,1.096864
worker_3,4009,1788086901.696192,50,4.763808,1.098432
worker_3,4010,1788086901.700974,50,4.785224,1.100800
worker_3,4011,1788086901.705776,50,4.777687,1.097152
worker_3,4012,1788086901.710572,50,4.988310,1.097920
worker_3,4013,1788086901.715612,50,4.537621,1.098208
worker_3,4014,1788086901.720177,50,4.769048,1.099584
worker_3,4015,1788086901.724965,50,4.771438,1.097792
worker_3,4016,1788086901.729754,50,5.004624,1.096000
worker_3,4017,1788086901.734807,50,4.512491,1.095616
worker_3,4018,1788086901.739346,50,4.924679,1.096864
worker_3,4019,1788086901.744302,50,4.608538,1.097792
worker_3,4020,1788086901.748929,50,4.784187,1.098912
worker_3,4021,1788086901.753735,50,4.762752,1.096704
worker_3,4022,1788086901.758514,50,4.772873,1.095520
worker_3,4023,1788086901.763304,50,4.776659,1.097408
worker_3,4024,1788086901.768099,50,4.780189,1.101184
worker_3,4025,1788086901.772894,50,4.779474,1.097632
worker_3,4026,1788086901.777691,50,4.779743,1.097568
worker_3,4027,1788086901.782490,50,4.763178,1.096288
worker_3,4028,1788086901.787271,50,4.769716,1.097216
worker_3,4029,1788086901.792068,50,4.772123,1.097024
worker_3,4030,1788086901.796857,50,4.990986,1.097696
worker_3,4031,1788086901.801896,50,4.738650,1.097088
worker_3,4032,1788086901.806681,50,4.593131,1.096576
worker_3,4033,1788086901.811309,50,4.709493,1.095776
worker_3,4034,1788086901.816048,50,4.745853,1.097504
worker_3,4035,1788086901.820816,50,4.784252,1.098912
worker_3,4036,1788086901.825620,50,4.758826,1.099456
worker_3,4037,1788086901.830398,50,4.772076,1.097056
worker_3,4038,1788086901.835186,50,4.774418,1.097760
worker_3,4039,1788086901.839978,50,4.776012,1.097312
worker_3,4040,1788086901.844773,50,4.783595,1.099776
worker_3,4041,1788086901.849573,50,4.772650,1.097248
worker_3,4042,1788086901.854363,50,4.778197,1.097184
worker_3,4043,1788086901.859159,50,4.770104,1.097888
worker_3,4044,1788086901.863948,50,4.774224,1.097536
worker_3,4045,1788086901.868738,50,4.802197,1.104352
worker_3,4046,1788086901.873561,50,4.764076,1.097760
worker_3,4047,1788086901.878346,50,4.762872,1.095872
worker_3,4048,1788086901.883137,50,4.764048,1.099296
worker_3,4049,1788086901.887919,50,4.992698,1.097344
worker_3,4050,1788086901.892961,50,4.567426,1.099968
worker_3,4051,1788086901.897567,50,4.929049,1.098880
worker_3,4052,1788086901.902545,50,4.743844,1.097408
worker_3,4053,1788086901.907338,50,4.537435,1.097792
worker_3,4054,1788086901.911901,50,4.767354,1.099296
worker_3,4055,1788086901.916687,50,4.766854,1.097408
worker_3,4056,1788086901.921473,50,4.776272,1.098176
worker_3,4057,1788086901.926268,50,4.773622,1.097632
worker_3,4058,1788086901.931057,50,4.779076,1.097600
worker_3,4059,1788086901.935852,50,4.996069,1.095424
worker_3,4060,1788086901.940896,50,4.537223,1.099584
worker_3,4061,1788086901.945458,50,4.758761,1.096576
worker_3,4062,1788086901.950236,50,4.991291,1.097792
worker_3,4063,1788086901.955275,50,4.531861,1.098112
worker_3,4064,1788086901.959831,50,4.765659,1.097824
worker_3,4065,1788086901.964616,50,4.784807,1.105024
worker_3,4066,1788086901.969417,50,4.773696,1.097280
worker_3,4067,1788086901.974209,50,5.001059,1.097408
worker_3,4068,1788086901.979270,50,4.519870,1.098528
worker_3,4069,1788086901.983816,50,4.976244,1.096576
worker_3,4070,1788086901.988840,50,4.535129,1.097376
worker_3,4071,1788086901.993403,50,4.764586,1.095808
worker_3,4072,1788086901.998188,50,4.779353,1.096800
worker_3,4073,1788086902.002987,50,4.770336,1.099296
worker_3,4074,1788086902.007775,50,4.779632,1.099616
worker_3,4075,1788086902.012572,50,4.776604,1.101216
worker_3,4076,1788086902.017367,50,4.775410,1.098144
worker_3,4077,1788086902.022163,50,4.763502,1.097280
worker_3,4078,1788086902.026944,50,4.776374,1.096992
worker_3,4079,1788086902.031738,50,4.993624,1.096960
worker_3,4080,1788086902.036780,50,4.536732,1.097856
worker_3,4081,1788086902.041342,50,4.975773,1.099552
worker_3,4082,1788086902.046365,50,4.546464,1.096352
worker_3,4083,1788086902.050937,50,4.759233,1.095968
worker_3,4084,1788086902.055715,50,4.775512,1.097536
worker_3,4085,1788086902.060507,50,4.793771,1.099136
worker_3,4086,1788086902.065319,50,4.772281,1.097216
worker_3,4087,1788086902.070114,50,4.770715,1.098400
worker_3,4088,1788086902.074901,50,4.776881,1.097280
worker_3,4089,1788086902.079695,50,5.002383,1.097952
worker_3,4090,1788086902.084745,50,4.745623,1.096416
worker_3,4091,1788086902.089538,50,4.776400,1.098208
worker_3,4092,1788086902.094362,50,4.718557,1.096864
worker_3,4093,1788086902.099127,50,4.531057,1.098720
worker_3,4094,1788086902.103683,50,4.768428,1.097696
worker_3,4095,1788086902.108471,50,4.792726,1.097440
worker_3,4096,1788086902.113282,50,4.996217,1.099104
worker_3,4097,1788086902.118328,50,4.545205,1.096288
worker_3,4098,1788086902.122901,50,4.997874,1.095776
worker_3,4099,1788086902.128028,50,4.633417,1.097472
worker_3,4100,1788086902.132711,50,4.539380,1.099104
worker_3,4101,1788086902.137280,50,4.755633,1.095680
worker_3,4102,1788086902.142056,50,4.793446,1.099584
worker_3,4103,1788086902.146866,50,4.775576,1.096768
worker_3,4104,1788086902.151658,50,4.988338,1.096000
worker_3,4105,1788086902.156695,50,4.535556,1.099712
worker_3,4106,1788086902.161256,50,4.887077,1.097024
worker_3,4107,1788086902.166202,50,4.858947,1.099840
worker_3,4108,1788086902.171107,50,4.745604,1.097152
worker_3,4109,1788086902.175901,50,4.533667,1.098400
worker_3,4110,1788086902.180463,50,4.979236,1.097888
worker_3,4111,1788086902.185490,50,4.531409,1.096000
worker_3,4112,1788086902.190047,50,4.995088,1.098880
worker_3,4113,1788086902.195088,50,4.749409,1.097760
worker_3,4114,1788086902.199887,50,4.537750,1.097696
worker_3,4115,1788086902.204451,50,4.971513,1.097952
worker_3,4116,1788086902.209470,50,4.535370,1.097312
worker_3,4117,1788086902.214031,50,5.001088,1.098944
worker_3,4118,1788086902.219081,50,4.523453,1.098144
worker_3,4119,1788086902.223630,50,4.766613,1.099360
worker_3,4120,1788086902.228417,50,4.775549,1.099040
worker_3,4121,1788086902.233210,50,4.983467,1.096544
worker_3,4122,1788086902.238242,50,4.538750,1.097760
worker_3,4123,1788086902.242806,50,4.826845,1.098816
worker_3,4124,1788086902.247682,50,4.683659,1.098336
worker_3,4125,1788086902.252394,50,4.767771,1.099008
worker_3,4126,1788086902.257196,50,4.969391,1.097696
worker_3,4127,1788086902.262212,50,4.541250,1.098336
worker_3,4128,1788086902.266778,50,4.768623,1.097216
worker_3,4129,1788086902.271566,50,4.995254,1.099680
worker_3,4130,1788086902.276611,50,4.535751,1.097440
worker_3,4131,1788086902.281176,50,4.760520,1.099072
worker_3,4132,1788086902.285956,50,4.991485,1.097856
worker_3,4133,1788086902.290998,50,4.740058,1.096736
worker_3,4134,1788086902.295785,50,4.548102,1.101056
worker_3,4135,1788086902.300359,50,4.836206,1.097824
worker_3,4136,1788086902.305246,50,4.684464,1.099392
worker_3,4137,1788086902.309959,50,4.758965,1.098240
worker_3,4138,1788086902.314739,50,4.777326,1.097216
worker_3,4139,1788086902.319537,50,4.995820,1.104416
worker_3,4140,1788086902.324581,50,4.544177,1.095488
worker_3,4141,1788086902.329151,50,4.765214,1.095584
worker_3,4142,1788086902.333935,50,4.976772,1.097504
worker_3,4143,1788086902.338959,50,4.553084,1.099296
worker_3,4144,1788086902.343538,50,4.759168,1.098528
worker_3,4145,1788086902.348316,50,4.767224,1.096608
worker_3,4146,1788086902.353113,50,4.977643,1.098848
worker_3,4147,1788086902.358140,50,4.536529,1.098080
worker_3,4148,1788086902.362703,50,4.761900,1.097504
worker_3,4149,1788086902.367485,50,4.831947,1.096128
worker_3,4150,1788086902.372367,50,4.887985,1.098784
worker_3,4151,1788086902.377305,50,4.550166,1.095744
worker_3,4152,1788086902.381886,50,4.749677,1.095744
worker_3,4153,1788086902.386657,50,4.772641,1.100224
worker_3,4154,1788086902.391448,50,4.780466,1.097760
worker_3,4155,1788086902.396246,50,4.984143,1.097632
worker_3,4156,1788086902.401281,50,4.533668,1.097760
worker_3,4157,1788086902.405841,50,4.770585,1.097184
worker_3,4158,1788086902.410631,50,4.772234,1.097536
worker_3,4159,1788086902.415420,50,4.984523,1.097792
worker_3,4160,1788086902.420453,50,4.742641,1.098912
worker_3,4161,1788086902.425242,50,4.540806,1.096768
worker_3,4162,1788086902.429811,50,4.986347,1.097760
worker_3,4163,1788086902.434846,50,4.532871,1.097792
worker_3,4164,1788086902.439404,50,4.766317,1.097152
worker_3,4165,1788086902.444201,50,4.765104,1.101056
worker_3,4166,1788086902.448983,50,4.778159,1.096800
worker_3,4167,1788086902.453780,50,4.773687,1.097568
worker_3,4168,1788086902.458570,50,4.786187,1.097760
worker_3,4169,1788086902.463376,50,4.787132,1.097536
worker_3,4170,1788086902.468180,50,4.789057,1.097312
