label,batch,start_unix_s,operations,wall_ms,cuda_batch_ms
worker_4,0,1788086882.470828,50,3.631253,3.284544
worker_4,1,1788086882.474501,50,4.121228,1.099968
worker_4,2,1788086882.478653,50,4.549250,1.095552
worker_4,3,1788086882.483224,50,4.766714,1.097760
worker_4,4,1788086882.488009,50,4.771938,1.099872
worker_4,5,1788086882.492797,50,4.787446,1.105632
worker_4,6,1788086882.497601,50,4.776039,1.097824
worker_4,7,1788086882.502392,50,4.778243,1.097248
worker_4,8,1788086882.507186,50,4.789427,1.096416
worker_4,9,1788086882.511991,50,4.775622,1.100896
worker_4,10,1788086882.516796,50,4.762530,1.096800
worker_4,11,1788086882.521574,50,4.778696,1.099712
worker_4,12,1788086882.526368,50,4.776763,1.097824
worker_4,13,1788086882.531159,50,4.791918,1.096192
worker_4,14,1788086882.535966,50,4.773530,1.097728
worker_4,15,1788086882.540755,50,4.776170,1.098016
worker_4,16,1788086882.545546,50,4.774372,1.097440
worker_4,17,1788086882.550335,50,4.775854,1.097120
worker_4,18,1788086882.555126,50,4.800307,1.098464
worker_4,19,1788086882.559940,50,4.774723,1.098016
worker_4,20,1788086882.564728,50,4.997133,1.096992
worker_4,21,1788086882.569774,50,4.741826,1.095648
worker_4,22,1788086882.574562,50,4.743502,1.096352
worker_4,23,1788086882.579352,50,4.536612,1.098784
worker_4,24,1788086882.583914,50,4.765891,1.103232
worker_4,25,1788086882.588699,50,4.770122,1.095840
worker_4,26,1788086882.593486,50,4.779280,1.097088
worker_4,27,1788086882.598281,50,4.772103,1.097024
worker_4,28,1788086882.603068,50,4.775502,1.097312
worker_4,29,1788086882.607871,50,4.768419,1.096448
worker_4,30,1788086882.612654,50,4.776909,1.098592
worker_4,31,1788086882.617445,50,4.776919,1.097024
worker_4,32,1788086882.622238,50,4.790039,1.098624
worker_4,33,1788086882.627044,50,4.776761,1.097280
worker_4,34,1788086882.631838,50,4.780993,1.099872
worker_4,35,1788086882.636635,50,4.775854,1.098464
worker_4,36,1788086882.641426,50,4.784955,1.097824
worker_4,37,1788086882.646226,50,4.775381,1.096608
worker_4,38,1788086882.651016,50,4.791030,1.097600
worker_4,39,1788086882.655821,50,4.786522,1.107616
worker_4,40,1788086882.660624,50,4.771854,1.096832
worker_4,41,1788086882.665410,50,4.996560,1.097216
worker_4,42,1788086882.670454,50,4.744761,1.097504
worker_4,43,1788086882.675245,50,4.549648,1.097024
worker_4,44,1788086882.679819,50,4.778427,1.107328
worker_4,45,1788086882.684615,50,4.771493,1.098784
worker_4,46,1788086882.689402,50,4.779280,1.098400
worker_4,47,1788086882.694196,50,4.778095,1.097728
worker_4,48,1788086882.698989,50,4.786299,1.097504
worker_4,49,1788086882.703804,50,4.770075,1.099680
worker_4,50,1788086882.708590,50,4.775595,1.097216
worker_4,51,1788086882.713379,50,4.778872,1.097152
worker_4,52,1788086882.718174,50,4.773549,1.096992
worker_4,53,1788086882.722963,50,4.773392,1.097536
worker_4,54,1788086882.727752,50,4.771316,1.098144
worker_4,55,1788086882.732538,50,4.773660,1.095520
worker_4,56,1788086882.737328,50,4.773206,1.096960
worker_4,57,1788086882.742116,50,4.792409,1.099424
worker_4,58,1788086882.746924,50,4.773567,1.096192
worker_4,59,1788086882.751714,50,4.772835,1.097056
worker_4,60,1788086882.756503,50,4.777484,1.097568
worker_4,61,1788086882.761295,50,4.775576,1.096096
worker_4,62,1788086882.766085,50,4.786909,1.100288
worker_4,63,1788086882.770889,50,4.767808,1.096832
worker_4,64,1788086882.775673,50,4.791243,1.101568
worker_4,65,1788086882.780481,50,4.792631,1.096352
worker_4,66,1788086882.785288,50,4.775992,1.097312
worker_4,67,1788086882.790078,50,4.809956,1.098336
worker_4,68,1788086882.794918,50,4.748762,1.098112
worker_4,69,1788086882.799687,50,4.763057,1.097344
worker_4,70,1788086882.804465,50,4.775836,1.099904
worker_4,71,1788086882.809253,50,4.778549,1.097120
worker_4,72,1788086882.814049,50,4.771474,1.096672
worker_4,73,1788086882.818836,50,4.774075,1.097152
worker_4,74,1788086882.823626,50,4.773557,1.097824
worker_4,75,1788086882.828416,50,4.776382,1.098560
worker_4,76,1788086882.833211,50,4.775012,1.099488
worker_4,77,1788086882.838004,50,4.768309,1.097376
worker_4,78,1788086882.842788,50,4.781845,1.096640
worker_4,79,1788086882.847585,50,4.781317,1.097568
worker_4,80,1788086882.852382,50,4.775214,1.097216
worker_4,81,1788086882.857171,50,4.781946,1.097856
worker_4,82,1788086882.861968,50,4.788494,1.098368
worker_4,83,1788086882.866771,50,4.997522,1.097088
worker_4,84,1788086882.871816,50,4.543574,1.097536
worker_4,85,1788086882.876392,50,4.746113,1.096544
worker_4,86,1788086882.881159,50,4.769150,1.097760
worker_4,87,1788086882.885945,50,4.767863,1.096448
worker_4,88,1788086882.890742,50,4.761872,1.098368
worker_4,89,1788086882.895520,50,4.774603,1.097120
worker_4,90,1788086882.900310,50,4.775392,1.097312
worker_4,91,1788086882.905100,50,4.778039,1.095712
worker_4,92,1788086882.909896,50,4.767252,1.097184
worker_4,93,1788086882.914679,50,4.774187,1.098400
worker_4,94,1788086882.919468,50,4.776168,1.097600
worker_4,95,1788086882.924261,50,4.781503,1.098720
worker_4,96,1788086882.929056,50,4.778909,1.096416
worker_4,97,1788086882.933851,50,4.775724,1.097344
worker_4,98,1788086882.938641,50,4.782919,1.099296
worker_4,99,1788086882.943439,50,4.785169,1.097760
worker_4,100,1788086882.948239,50,4.786910,1.097856
worker_4,101,1788086882.953042,50,4.784401,1.098848
worker_4,102,1788086882.957840,50,4.780289,1.097760
worker_4,103,1788086882.962635,50,4.781233,1.097280
worker_4,104,1788086882.967430,50,4.792262,1.097824
worker_4,105,1788086882.972243,50,4.756325,1.100128
worker_4,106,1788086882.977016,50,4.778493,1.097280
worker_4,107,1788086882.981819,50,4.761002,1.096128
worker_4,108,1788086882.986597,50,4.774103,1.095520
worker_4,109,1788086882.991389,50,4.774789,1.096864
worker_4,110,1788086882.996179,50,4.787373,1.097280
worker_4,111,1788086883.000982,50,4.783696,1.101824
worker_4,112,1788086883.005780,50,4.779715,1.097664
worker_4,113,1788086883.010574,50,4.780362,1.097792
worker_4,114,1788086883.015370,50,4.781428,1.097344
worker_4,115,1788086883.020167,50,4.783243,1.099264
worker_4,116,1788086883.024964,50,4.802873,1.096640
worker_4,117,1788086883.029781,50,4.776215,1.096672
worker_4,118,1788086883.034571,50,4.783622,1.097536
worker_4,119,1788086883.039370,50,4.776964,1.097088
worker_4,120,1788086883.044163,50,4.781947,1.096640
worker_4,121,1788086883.048961,50,4.803576,1.099936
worker_4,122,1788086883.053779,50,4.773733,1.096960
worker_4,123,1788086883.058567,50,4.779170,1.096608
worker_4,124,1788086883.063361,50,4.780280,1.097568
worker_4,125,1788086883.068157,50,4.999217,1.097536
worker_4,126,1788086883.073204,50,4.760714,1.100160
worker_4,127,1788086883.078022,50,4.531222,1.097888
worker_4,128,1788086883.082579,50,4.763372,1.095616
worker_4,129,1788086883.087362,50,4.771095,1.097408
worker_4,130,1788086883.092149,50,4.779557,1.097120
worker_4,131,1788086883.096944,50,4.776261,1.098752
worker_4,132,1788086883.101734,50,4.780909,1.096832
worker_4,133,1788086883.106530,50,4.776956,1.097824
worker_4,134,1788086883.111322,50,4.791335,1.098752
worker_4,135,1788086883.116128,50,4.774233,1.097184
worker_4,136,1788086883.120916,50,4.779900,1.097024
worker_4,137,1788086883.125711,50,4.782132,1.097088
worker_4,138,1788086883.130508,50,4.782419,1.098368
worker_4,139,1788086883.135305,50,4.787928,1.099296
worker_4,140,1788086883.140108,50,4.783559,1.103168
worker_4,141,1788086883.144907,50,4.776511,1.097440
worker_4,142,1788086883.149697,50,4.782103,1.098560
worker_4,143,1788086883.154494,50,4.778113,1.097472
worker_4,144,1788086883.159286,50,4.792752,1.098528
worker_4,145,1788086883.164094,50,4.779697,1.101504
worker_4,146,1788086883.168895,50,4.986171,1.096832
worker_4,147,1788086883.173927,50,4.741344,1.097792
worker_4,148,1788086883.178716,50,4.753594,1.098784
worker_4,149,1788086883.183516,50,4.556416,1.098912
worker_4,150,1788086883.188097,50,4.771567,1.106592
worker_4,151,1788086883.192887,50,4.768928,1.097984
worker_4,152,1788086883.197672,50,4.784197,1.097440
worker_4,153,1788086883.202479,50,4.783807,1.096128
worker_4,154,1788086883.207294,50,4.766761,1.096608
worker_4,155,1788086883.212081,50,4.770947,1.100192
worker_4,156,1788086883.216961,50,4.686020,1.096704
worker_4,157,1788086883.221666,50,4.777401,1.096640
worker_4,158,1788086883.226460,50,4.772558,1.095584
worker_4,159,1788086883.231249,50,4.774002,1.095872
worker_4,160,1788086883.236038,50,4.776122,1.095488
worker_4,161,1788086883.240829,50,4.813059,1.108192
worker_4,162,1788086883.245657,50,4.784363,1.097184
worker_4,163,1788086883.250456,50,4.780039,1.097472
worker_4,164,1788086883.255251,50,4.779317,1.097568
worker_4,165,1788086883.260045,50,4.783613,1.097856
worker_4,166,1788086883.264855,50,4.787808,1.095904
worker_4,167,1788086883.269657,50,4.786539,1.097536
worker_4,168,1788086883.274461,50,4.772345,1.096640
worker_4,169,1788086883.279250,50,4.779011,1.099296
worker_4,170,1788086883.284045,50,4.772411,1.097888
worker_4,171,1788086883.288832,50,4.800270,1.111456
worker_4,172,1788086883.293649,50,4.775215,1.098176
worker_4,173,1788086883.298440,50,4.784779,1.097120
worker_4,174,1788086883.303239,50,4.778901,1.097344
worker_4,175,1788086883.308033,50,4.783613,1.097600
worker_4,176,1788086883.312831,50,4.799494,1.111264
worker_4,177,1788086883.317646,50,4.778410,1.098048
worker_4,178,1788086883.322439,50,4.780234,1.098112
worker_4,179,1788086883.327234,50,4.779770,1.097824
worker_4,180,1788086883.332029,50,4.780410,1.098368
worker_4,181,1788086883.336825,50,4.800946,1.107712
worker_4,182,1788086883.341641,50,4.777826,1.098112
worker_4,183,1788086883.346433,50,4.787512,1.099872
worker_4,184,1788086883.351235,50,4.776641,1.097728
worker_4,185,1788086883.356037,50,4.769270,1.096480
worker_4,186,1788086883.360821,50,4.770548,1.096512
worker_4,187,1788086883.365606,50,4.772345,1.097792
worker_4,188,1788086883.370393,50,4.788233,1.097856
worker_4,189,1788086883.375198,50,4.770993,1.099104
worker_4,190,1788086883.379985,50,4.774011,1.098112
worker_4,191,1788086883.384776,50,4.781139,1.098432
worker_4,192,1788086883.389573,50,4.779836,1.097088
worker_4,193,1788086883.394367,50,4.775011,1.096576
worker_4,194,1788086883.399158,50,4.775919,1.096288
worker_4,195,1788086883.403949,50,4.780383,1.097824
worker_4,196,1788086883.408745,50,4.778613,1.098816
worker_4,197,1788086883.413538,50,4.783224,1.097760
worker_4,198,1788086883.418335,50,4.787698,1.099200
worker_4,199,1788086883.423138,50,4.779067,1.098848
worker_4,200,1788086883.427932,50,4.777020,1.096448
worker_4,201,1788086883.432724,50,4.807039,1.110976
worker_4,202,1788086883.437546,50,4.777205,1.097792
worker_4,203,1788086883.442338,50,4.777122,1.098848
worker_4,204,1788086883.447129,50,4.778687,1.097824
worker_4,205,1788086883.451933,50,4.764501,1.100096
worker_4,206,1788086883.456712,50,4.777030,1.097248
worker_4,207,1788086883.461504,50,4.778688,1.097824
worker_4,208,1788086883.466299,50,4.770733,1.095392
worker_4,209,1788086883.471085,50,4.781373,1.096576
worker_4,210,1788086883.475881,50,4.776234,1.096416
worker_4,211,1788086883.480672,50,4.783196,1.098240
worker_4,212,1788086883.485471,50,4.777576,1.098944
worker_4,213,1788086883.490262,50,4.790262,1.097760
worker_4,214,1788086883.495067,50,4.770289,1.096288
worker_4,215,1788086883.499852,50,4.781057,1.098048
worker_4,216,1788086883.504648,50,4.776196,1.099552
worker_4,217,1788086883.509439,50,4.781437,1.097152
worker_4,218,1788086883.514235,50,4.783131,1.098080
worker_4,219,1788086883.519033,50,4.775881,1.097376
worker_4,220,1788086883.523826,50,4.778956,1.098560
worker_4,221,1788086883.528620,50,4.782113,1.102144
worker_4,222,1788086883.533417,50,4.779614,1.095392
worker_4,223,1788086883.538211,50,4.791150,1.097248
worker_4,224,1788086883.543021,50,4.772530,1.098048
worker_4,225,1788086883.547808,50,5.000893,1.098944
worker_4,226,1788086883.552858,50,4.782409,1.101760
worker_4,227,1788086883.557687,50,4.714520,1.097056
worker_4,228,1788086883.562446,50,4.549935,1.098240
worker_4,229,1788086883.567020,50,4.763863,1.097280
worker_4,230,1788086883.571801,50,4.792068,1.100352
worker_4,231,1788086883.576609,50,4.777456,1.097408
worker_4,232,1788086883.581406,50,4.773123,1.097440
worker_4,233,1788086883.586195,50,4.776752,1.097120
worker_4,234,1788086883.590986,50,4.779437,1.097280
worker_4,235,1788086883.595780,50,4.778641,1.097088
worker_4,236,1788086883.600574,50,4.792373,1.109440
worker_4,237,1788086883.605380,50,4.780381,1.096864
worker_4,238,1788086883.610175,50,4.790317,1.097408
worker_4,239,1788086883.614980,50,4.783039,1.097824
worker_4,240,1788086883.619777,50,4.783965,1.096896
worker_4,241,1788086883.624575,50,4.782169,1.100832
worker_4,242,1788086883.629371,50,4.774808,1.097728
worker_4,243,1788086883.634160,50,4.805715,1.096640
worker_4,244,1788086883.638986,50,4.769288,1.096064
worker_4,245,1788086883.643770,50,4.929716,1.099264
worker_4,246,1788086883.648721,50,4.630890,1.100128
worker_4,247,1788086883.653370,50,4.983633,1.097952
worker_4,248,1788086883.658398,50,4.780957,1.098048
worker_4,249,1788086883.663224,50,4.530194,1.098112
worker_4,250,1788086883.667777,50,4.983245,1.098400
worker_4,251,1788086883.672807,50,4.749733,1.102272
worker_4,252,1788086883.677601,50,4.749900,1.096768
worker_4,253,1788086883.682396,50,4.549768,1.097664
worker_4,254,1788086883.686970,50,4.978966,1.096160
worker_4,255,1788086883.691995,50,4.545472,1.097856
worker_4,256,1788086883.696565,50,4.976235,1.097920
worker_4,257,1788086883.701587,50,4.542454,1.096768
worker_4,258,1788086883.706156,50,4.990985,1.098240
worker_4,259,1788086883.711194,50,4.537194,1.098528
worker_4,260,1788086883.715756,50,4.769205,1.096320
worker_4,261,1788086883.720543,50,4.777409,1.097152
worker_4,262,1788086883.725336,50,4.980854,1.098144
worker_4,263,1788086883.730374,50,4.540111,1.097088
worker_4,264,1788086883.734945,50,4.813919,1.097792
worker_4,265,1788086883.739807,50,4.691196,1.101824
worker_4,266,1788086883.744523,50,4.764132,1.097184
worker_4,267,1788086883.749305,50,4.775677,1.098336
worker_4,268,1788086883.754096,50,4.775261,1.098912
worker_4,269,1788086883.758888,50,4.790114,1.097824
worker_4,270,1788086883.763693,50,4.784474,1.099488
worker_4,271,1788086883.768493,50,4.786845,1.099872
worker_4,272,1788086883.773294,50,4.781077,1.096192
worker_4,273,1788086883.778091,50,4.779418,1.098176
worker_4,274,1788086883.782886,50,4.784788,1.096864
worker_4,275,1788086883.787686,50,4.784411,1.098848
worker_4,276,1788086883.792485,50,4.787641,1.107488
worker_4,277,1788086883.797287,50,4.781873,1.098560
worker_4,278,1788086883.802084,50,4.795059,1.098304
worker_4,279,1788086883.806894,50,4.777853,1.097824
worker_4,280,1788086883.811686,50,4.778335,1.097152
worker_4,281,1788086883.816479,50,4.782308,1.097824
worker_4,282,1788086883.821277,50,4.772224,1.097152
worker_4,283,1788086883.826072,50,4.768289,1.098304
worker_4,284,1788086883.830857,50,4.779048,1.097888
worker_4,285,1788086883.835652,50,4.998854,1.098848
worker_4,286,1788086883.840698,50,4.744548,1.097184
worker_4,287,1788086883.845488,50,4.755178,1.097312
worker_4,288,1788086883.850288,50,4.539769,1.097088
worker_4,289,1788086883.854852,50,4.768780,1.097920
worker_4,290,1788086883.859639,50,4.773946,1.096512
worker_4,291,1788086883.864430,50,4.780113,1.099776
worker_4,292,1788086883.869226,50,4.774670,1.097152
worker_4,293,1788086883.874014,50,4.780742,1.097632
worker_4,294,1788086883.878809,50,4.775983,1.095840
worker_4,295,1788086883.883600,50,4.780650,1.098336
worker_4,296,1788086883.888396,50,4.778058,1.100512
worker_4,297,1788086883.893189,50,4.784605,1.098816
worker_4,298,1788086883.897987,50,4.784762,1.098400
worker_4,299,1788086883.902786,50,4.782576,1.099360
worker_4,300,1788086883.907583,50,4.786225,1.097792
worker_4,301,1788086883.912384,50,4.778539,1.099008
worker_4,302,1788086883.917186,50,4.768418,1.098400
worker_4,303,1788086883.921969,50,4.787865,1.099136
worker_4,304,1788086883.926774,50,4.777947,1.097440
worker_4,305,1788086883.931566,50,4.781965,1.097632
worker_4,306,1788086883.936362,50,5.001042,1.104800
worker_4,307,1788086883.941410,50,4.749223,1.098080
worker_4,308,1788086883.946204,50,4.757715,1.098304
worker_4,309,1788086883.951008,50,4.751354,1.098432
worker_4,310,1788086883.955886,50,4.659982,1.095904
worker_4,311,1788086883.960592,50,4.747306,1.097184
worker_4,312,1788086883.965385,50,4.544408,1.097056
worker_4,313,1788086883.969954,50,4.759316,1.097824
worker_4,314,1788086883.974731,50,4.772724,1.098432
worker_4,315,1788086883.979519,50,4.785242,1.097440
worker_4,316,1788086883.984319,50,4.782206,1.098144
worker_4,317,1788086883.989116,50,4.779845,1.098112
worker_4,318,1788086883.993911,50,4.803928,1.096928
worker_4,319,1788086883.998729,50,4.779317,1.099264
worker_4,320,1788086884.003523,50,4.779020,1.095648
worker_4,321,1788086884.008318,50,4.783770,1.103168
worker_4,322,1788086884.013124,50,4.772937,1.098304
worker_4,323,1788086884.017911,50,4.808475,1.098880
worker_4,324,1788086884.022734,50,4.780048,1.098720
worker_4,325,1788086884.027529,50,4.782326,1.098688
worker_4,326,1788086884.032326,50,4.781446,1.101312
worker_4,327,1788086884.037122,50,4.781271,1.098240
worker_4,328,1788086884.041919,50,4.807724,1.097600
worker_4,329,1788086884.046740,50,4.776604,1.096992
worker_4,330,1788086884.051530,50,4.783002,1.097696
worker_4,331,1788086884.056328,50,4.783187,1.099872
worker_4,332,1788086884.061125,50,4.775798,1.097728
worker_4,333,1788086884.065915,50,5.016237,1.097152
worker_4,334,1788086884.070979,50,4.537028,1.097568
worker_4,335,1788086884.075540,50,4.977680,1.096416
worker_4,336,1788086884.080563,50,4.754059,1.097888
worker_4,337,1788086884.085363,50,4.742548,1.096992
worker_4,338,1788086884.090151,50,4.774307,1.098400
worker_4,339,1788086884.094971,50,4.711039,1.096512
worker_4,340,1788086884.099727,50,4.551944,1.105536
worker_4,341,1788086884.104319,50,4.957976,1.097952
worker_4,342,1788086884.109324,50,4.545148,1.098272
worker_4,343,1788086884.113895,50,4.969975,1.096608
worker_4,344,1788086884.118911,50,4.543473,1.096864
worker_4,345,1788086884.123480,50,4.760909,1.096192
worker_4,346,1788086884.128260,50,4.778457,1.097312
worker_4,347,1788086884.133055,50,4.990105,1.096256
worker_4,348,1788086884.138093,50,4.542796,1.097824
worker_4,349,1788086884.142659,50,4.976921,1.095808
worker_4,350,1788086884.147681,50,4.544352,1.098848
worker_4,351,1788086884.152253,50,4.755872,1.096576
worker_4,352,1788086884.157026,50,4.777317,1.098400
worker_4,353,1788086884.161820,50,4.983856,1.096992
worker_4,354,1788086884.166850,50,4.542269,1.097824
worker_4,355,1788086884.171418,50,4.762715,1.098688
worker_4,356,1788086884.176198,50,4.779650,1.098048
worker_4,357,1788086884.180993,50,4.777438,1.097440
worker_4,358,1788086884.185786,50,4.776057,1.096032
worker_4,359,1788086884.190577,50,4.988726,1.095808
worker_4,360,1788086884.195614,50,4.542861,1.097376
worker_4,361,1788086884.200196,50,4.756752,1.097696
worker_4,362,1788086884.204972,50,4.792363,1.096128
worker_4,363,1788086884.209781,50,4.986698,1.097184
worker_4,364,1788086884.214815,50,4.535343,1.097024
worker_4,365,1788086884.219375,50,4.793456,1.098272
worker_4,366,1788086884.224187,50,4.785011,1.097344
worker_4,367,1788086884.228996,50,4.757418,1.097824
worker_4,368,1788086884.233773,50,4.768113,1.098048
worker_4,369,1788086884.238557,50,4.779585,1.096128
worker_4,370,1788086884.243352,50,4.775558,1.098304
worker_4,371,1788086884.248142,50,4.777418,1.098208
worker_4,372,1788086884.252935,50,4.794409,1.100544
worker_4,373,1788086884.257745,50,4.780622,1.098592
worker_4,374,1788086884.262541,50,4.777576,1.097728
worker_4,375,1788086884.267333,50,4.795836,1.097120
worker_4,376,1788086884.272144,50,4.783863,1.101120
worker_4,377,1788086884.276943,50,4.779520,1.098272
worker_4,378,1788086884.281738,50,4.778290,1.096896
worker_4,379,1788086884.286530,50,4.776650,1.098528
worker_4,380,1788086884.291331,50,4.777178,1.098624
worker_4,381,1788086884.296123,50,4.785818,1.098528
worker_4,382,1788086884.300923,50,4.773910,1.098336
worker_4,383,1788086884.305712,50,4.779853,1.095648
worker_4,384,1788086884.310507,50,4.779354,1.099200
worker_4,385,1788086884.315301,50,4.789103,1.098112
worker_4,386,1788086884.320109,50,4.773493,1.098528
worker_4,387,1788086884.324898,50,4.991411,1.098304
worker_4,388,1788086884.329937,50,4.747983,1.098240
worker_4,389,1788086884.334732,50,4.535620,1.097824
worker_4,390,1788086884.339291,50,4.763585,1.097440
worker_4,391,1788086884.344071,50,4.775928,1.096864
worker_4,392,1788086884.348864,50,4.785307,1.098400
worker_4,393,1788086884.353668,50,4.770279,1.096992
worker_4,394,1788086884.358455,50,5.002022,1.097248
worker_4,395,1788086884.363504,50,4.677158,1.097376
worker_4,396,1788086884.368206,50,4.628121,1.097408
worker_4,397,1788086884.372852,50,4.931170,1.098464
worker_4,398,1788086884.377798,50,4.906383,1.098240
worker_4,399,1788086884.382752,50,4.606945,1.096480
worker_4,400,1788086884.387404,50,4.752789,1.097472
worker_4,401,1788086884.392177,50,4.774631,1.098976
worker_4,402,1788086884.396970,50,4.772512,1.097504
worker_4,403,1788086884.401758,50,4.776521,1.097600
worker_4,404,1788086884.406551,50,4.966902,1.096288
worker_4,405,1788086884.411565,50,4.559279,1.096160
worker_4,406,1788086884.416149,50,4.630547,1.100448
worker_4,407,1788086884.420797,50,4.918698,1.100512
worker_4,408,1788086884.425731,50,4.985383,1.097792
worker_4,409,1788086884.430764,50,4.395815,1.097696
worker_4,410,1788086884.435183,50,4.767585,1.097824
worker_4,411,1788086884.439968,50,4.780798,1.098048
worker_4,412,1788086884.444765,50,4.784141,1.098144
worker_4,413,1788086884.449564,50,4.773437,1.095840
worker_4,414,1788086884.454353,50,4.992402,1.098816
worker_4,415,1788086884.459394,50,4.556010,1.096096
worker_4,416,1788086884.463975,50,4.763891,1.097248
worker_4,417,1788086884.468757,50,4.766631,1.096128
worker_4,418,1788086884.473542,50,4.982004,1.096032
worker_4,419,1788086884.478583,50,4.527676,1.097344
worker_4,420,1788086884.483137,50,4.761696,1.098304
worker_4,421,1788086884.487916,50,4.774140,1.097792
worker_4,422,1788086884.492707,50,4.773493,1.097440
worker_4,423,1788086884.497496,50,4.990291,1.097824
worker_4,424,1788086884.502534,50,4.545390,1.098048
worker_4,425,1788086884.507107,50,4.974134,1.095584
worker_4,426,1788086884.512127,50,4.547129,1.098752
worker_4,427,1788086884.516699,50,4.986727,1.103008
worker_4,428,1788086884.521733,50,4.545574,1.097792
worker_4,429,1788086884.526304,50,4.974616,1.095712
worker_4,430,1788086884.531324,50,4.545177,1.098784
worker_4,431,1788086884.535894,50,4.769475,1.097376
worker_4,432,1788086884.540681,50,4.775122,1.097792
worker_4,433,1788086884.545473,50,4.992643,1.097632
worker_4,434,1788086884.550512,50,4.539444,1.097824
worker_4,435,1788086884.555077,50,4.973948,1.097088
worker_4,436,1788086884.560097,50,4.547527,1.103072
worker_4,437,1788086884.564669,50,4.971234,1.097120
worker_4,438,1788086884.569690,50,4.533842,1.098432
worker_4,439,1788086884.574261,50,4.966847,1.099104
worker_4,440,1788086884.579273,50,4.543816,1.102528
worker_4,441,1788086884.583842,50,4.759057,1.097056
worker_4,442,1788086884.588619,50,4.770530,1.097504
worker_4,443,1788086884.593405,50,4.990828,1.097920
worker_4,444,1788086884.598442,50,4.541963,1.097344
worker_4,445,1788086884.603008,50,4.776558,1.097408
worker_4,446,1788086884.607802,50,4.777048,1.099360
worker_4,447,1788086884.612595,50,4.775734,1.097152
worker_4,448,1788086884.617385,50,4.784225,1.098592
worker_4,449,1788086884.622185,50,4.779975,1.096448
worker_4,450,1788086884.626980,50,4.797872,1.098592
worker_4,451,1788086884.631797,50,4.767549,1.098976
worker_4,452,1788086884.636582,50,4.784742,1.098784
worker_4,453,1788086884.641382,50,4.779484,1.097568
worker_4,454,1788086884.646176,50,4.777549,1.097600
worker_4,455,1788086884.650968,50,4.796317,1.099072
worker_4,456,1788086884.655781,50,4.776669,1.097408
worker_4,457,1788086884.660579,50,4.770215,1.101984
worker_4,458,1788086884.665380,50,4.756789,1.097792
worker_4,459,1788086884.670155,50,4.793197,1.098464
worker_4,460,1788086884.674964,50,4.772641,1.096320
worker_4,461,1788086884.679752,50,4.794327,1.104640
worker_4,462,1788086884.684561,50,4.784113,1.101280
worker_4,463,1788086884.689360,50,4.786835,1.097920
worker_4,464,1788086884.694244,50,4.693909,1.097632
worker_4,465,1788086884.698959,50,4.764511,1.098816
worker_4,466,1788086884.703742,50,4.781770,1.097760
worker_4,467,1788086884.708540,50,4.777309,1.097280
worker_4,468,1788086884.713332,50,4.991420,1.096800
worker_4,469,1788086884.718372,50,4.735881,1.096224
worker_4,470,1788086884.723152,50,4.746891,1.096096
worker_4,471,1788086884.727944,50,4.543639,1.097856
worker_4,472,1788086884.732513,50,4.971356,1.097632
worker_4,473,1788086884.737532,50,4.543602,1.098368
worker_4,474,1788086884.742100,50,4.789279,1.098624
worker_4,475,1788086884.746906,50,4.980429,1.098944
worker_4,476,1788086884.751933,50,4.552852,1.101056
worker_4,477,1788086884.756513,50,4.978272,1.099840
worker_4,478,1788086884.761549,50,4.532277,1.098368
worker_4,479,1788086884.766107,50,4.973115,1.097088
worker_4,480,1788086884.771128,50,4.538963,1.097440
worker_4,481,1788086884.775692,50,4.761335,1.097920
worker_4,482,1788086884.780471,50,4.772975,1.096960
worker_4,483,1788086884.785260,50,4.995958,1.098912
worker_4,484,1788086884.790304,50,4.549676,1.098528
worker_4,485,1788086884.794880,50,4.974281,1.098464
worker_4,486,1788086884.799901,50,4.548778,1.102304
worker_4,487,1788086884.804479,50,4.764233,1.096960
worker_4,488,1788086884.809263,50,4.769975,1.095360
worker_4,489,1788086884.814049,50,4.834049,1.096512
worker_4,490,1788086884.818934,50,4.688057,1.098400
worker_4,491,1788086884.823647,50,4.775957,1.100096
worker_4,492,1788086884.828442,50,4.776289,1.098816
worker_4,493,1788086884.833235,50,4.992430,1.098528
worker_4,494,1788086884.838274,50,4.539722,1.097472
worker_4,495,1788086884.842838,50,4.980105,1.098976
worker_4,496,1788086884.847865,50,4.539093,1.099168
worker_4,497,1788086884.852442,50,4.967170,1.096448
worker_4,498,1788086884.857455,50,4.540251,1.098784
worker_4,499,1788086884.862020,50,4.990586,1.098848
worker_4,500,1788086884.867056,50,4.535491,1.097216
worker_4,501,1788086884.871615,50,4.761132,1.097440
worker_4,502,1788086884.876395,50,4.779845,1.095488
worker_4,503,1788086884.881193,50,4.775956,1.097280
worker_4,504,1788086884.885985,50,4.778391,1.098208
worker_4,505,1788086884.890779,50,4.774048,1.096960
worker_4,506,1788086884.895568,50,4.776864,1.097856
worker_4,507,1788086884.900360,50,4.783493,1.102752
worker_4,508,1788086884.905160,50,4.775947,1.097696
worker_4,509,1788086884.909952,50,4.782716,1.097344
worker_4,510,1788086884.914752,50,4.777798,1.097280
worker_4,511,1788086884.919546,50,4.778872,1.096704
worker_4,512,1788086884.924341,50,4.781937,1.099776
worker_4,513,1788086884.929140,50,4.772548,1.096448
worker_4,514,1788086884.933929,50,4.982985,1.097696
worker_4,515,1788086884.938959,50,4.538130,1.095776
worker_4,516,1788086884.943524,50,4.760679,1.098016
worker_4,517,1788086884.948309,50,4.772937,1.101472
worker_4,518,1788086884.953098,50,4.775020,1.096928
worker_4,519,1788086884.957889,50,4.986735,1.097408
worker_4,520,1788086884.962923,50,4.536101,1.096288
worker_4,521,1788086884.967485,50,4.769086,1.096576
worker_4,522,1788086884.972273,50,4.771521,1.099872
worker_4,523,1788086884.977061,50,4.990217,1.098688
worker_4,524,1788086884.982097,50,4.565668,1.097856
worker_4,525,1788086884.986699,50,4.747437,1.096800
worker_4,526,1788086884.991478,50,4.771512,1.097088
worker_4,527,1788086884.996280,50,4.758633,1.099648
worker_4,528,1788086885.001069,50,4.762799,1.097632
worker_4,529,1788086885.005862,50,4.767816,1.096192
worker_4,530,1788086885.010665,50,4.754288,1.097568
worker_4,531,1788086885.015451,50,4.772715,1.096544
worker_4,532,1788086885.020253,50,4.759372,1.099328
worker_4,533,1788086885.025045,50,4.761464,1.097344
worker_4,534,1788086885.029840,50,4.766048,1.097376
worker_4,535,1788086885.034639,50,4.756243,1.096864
worker_4,536,1788086885.039439,50,4.747965,1.097568
worker_4,537,1788086885.044224,50,4.757059,1.097504
worker_4,538,1788086885.049011,50,4.766585,1.097856
worker_4,539,1788086885.053807,50,4.764798,1.097216
worker_4,540,1788086885.058607,50,4.759520,1.097088
worker_4,541,1788086885.063399,50,4.780261,1.096000
worker_4,542,1788086885.068222,50,4.745501,1.097728
worker_4,543,1788086885.073002,50,4.774585,1.097408
worker_4,544,1788086885.077810,50,4.749808,1.097120
worker_4,545,1788086885.082591,50,4.757640,1.095392
worker_4,546,1788086885.087380,50,4.782215,1.097600
worker_4,547,1788086885.092196,50,4.756002,1.098496
worker_4,548,1788086885.096984,50,4.760955,1.097664
worker_4,549,1788086885.101780,50,4.767131,1.097888
worker_4,550,1788086885.106582,50,4.750252,1.097696
worker_4,551,1788086885.111363,50,4.768261,1.096320
worker_4,552,1788086885.116162,50,4.767464,1.099808
worker_4,553,1788086885.120962,50,4.753669,1.096640
worker_4,554,1788086885.125747,50,4.766992,1.097888
worker_4,555,1788086885.130548,50,4.757511,1.098432
worker_4,556,1788086885.135347,50,4.767029,1.097888
worker_4,557,1788086885.140150,50,4.752058,1.102592
worker_4,558,1788086885.144933,50,4.767418,1.097024
worker_4,559,1788086885.149731,50,4.743252,1.095488
worker_4,560,1788086885.154495,50,4.773354,1.097280
worker_4,561,1788086885.159292,50,4.782141,1.096224
worker_4,562,1788086885.164099,50,4.775048,1.100384
worker_4,563,1788086885.168903,50,4.764881,1.097632
worker_4,564,1788086885.173696,50,4.771474,1.096000
worker_4,565,1788086885.178504,50,4.750298,1.097088
worker_4,566,1788086885.183286,50,4.781817,1.096832
worker_4,567,1788086885.188099,50,4.766095,1.099648
worker_4,568,1788086885.192898,50,4.752196,1.097120
worker_4,569,1788086885.197682,50,4.765826,1.096416
worker_4,570,1788086885.202482,50,4.755363,1.096480
worker_4,571,1788086885.207269,50,4.781511,1.097824
worker_4,572,1788086885.212087,50,4.751891,1.099392
worker_4,573,1788086885.216874,50,4.760418,1.096992
worker_4,574,1788086885.221673,50,4.753770,1.096480
worker_4,575,1788086885.226471,50,4.738224,1.096768
worker_4,576,1788086885.231242,50,4.777900,1.097952
worker_4,577,1788086885.236055,50,4.761613,1.102464
worker_4,578,1788086885.240849,50,4.752696,1.096672
worker_4,579,1788086885.245634,50,4.763086,1.095680
worker_4,580,1788086885.250431,50,4.757178,1.095328
worker_4,581,1788086885.255224,50,4.765150,1.097248
worker_4,582,1788086885.260024,50,4.754789,1.103040
worker_4,583,1788086885.264814,50,4.752844,1.097184
worker_4,584,1788086885.269599,50,4.784483,1.096448
worker_4,585,1788086885.274426,50,4.723567,1.097504
worker_4,586,1788086885.279184,50,4.956347,1.096896
worker_4,587,1788086885.284181,50,4.570538,1.099936
worker_4,588,1788086885.288787,50,4.753150,1.098784
worker_4,589,1788086885.293572,50,4.786335,1.098560
worker_4,590,1788086885.298401,50,4.728021,1.098848
worker_4,591,1788086885.303160,50,4.960947,1.099040
worker_4,592,1788086885.308163,50,4.562417,1.097344
worker_4,593,1788086885.312759,50,4.753058,1.096192
worker_4,594,1788086885.317545,50,4.757150,1.095104
worker_4,595,1788086885.322345,50,4.746336,1.097504
worker_4,596,1788086885.327122,50,4.770965,1.096928
worker_4,597,1788086885.331926,50,4.762705,1.101824
worker_4,598,1788086885.336722,50,4.760714,1.097632
worker_4,599,1788086885.341519,50,4.750613,1.096512
worker_4,600,1788086885.346300,50,4.757697,1.096704
worker_4,601,1788086885.351088,50,4.759446,1.097920
worker_4,602,1788086885.355879,50,4.769808,1.100960
worker_4,603,1788086885.360679,50,4.759289,1.097440
worker_4,604,1788086885.365468,50,4.766678,1.096992
worker_4,605,1788086885.370269,50,4.755650,1.096672
worker_4,606,1788086885.375060,50,4.762789,1.096128
worker_4,607,1788086885.379856,50,4.774502,1.103328
worker_4,608,1788086885.384665,50,4.750641,1.097344
worker_4,609,1788086885.389447,50,4.765104,1.097824
worker_4,610,1788086885.394246,50,4.753188,1.097600
worker_4,611,1788086885.399030,50,4.768465,1.097280
worker_4,612,1788086885.403830,50,4.760354,1.098752
worker_4,613,1788086885.408620,50,4.763549,1.095712
worker_4,614,1788086885.413425,50,4.752206,1.095840
worker_4,615,1788086885.418209,50,4.755067,1.097056
worker_4,616,1788086885.422996,50,4.764742,1.097120
worker_4,617,1788086885.427792,50,4.769761,1.096832
worker_4,618,1788086885.432669,50,4.687492,1.097344
worker_4,619,1788086885.437393,50,4.748651,1.096320
worker_4,620,1788086885.442179,50,4.749483,1.096992
worker_4,621,1788086885.446960,50,4.760419,1.098784
worker_4,622,1788086885.451751,50,4.769168,1.096896
worker_4,623,1788086885.456554,50,4.754067,1.097920
worker_4,624,1788086885.461342,50,4.760122,1.096832
worker_4,625,1788086885.466136,50,4.757780,1.099328
worker_4,626,1788086885.470928,50,4.757983,1.095264
worker_4,627,1788086885.475723,50,4.753529,1.101952
worker_4,628,1788086885.480511,50,4.772252,1.096992
worker_4,629,1788086885.485317,50,4.761141,1.098272
worker_4,630,1788086885.490110,50,4.753844,1.097312
worker_4,631,1788086885.494896,50,4.765002,1.099936
worker_4,632,1788086885.499692,50,4.762659,1.101088
worker_4,633,1788086885.504485,50,4.770938,1.097216
worker_4,634,1788086885.509298,50,4.746826,1.097184
worker_4,635,1788086885.514078,50,4.754298,1.096160
worker_4,636,1788086885.518863,50,4.768094,1.096736
worker_4,637,1788086885.523664,50,4.770177,1.100512
worker_4,638,1788086885.528466,50,4.773817,1.097440
worker_4,639,1788086885.533269,50,4.768243,1.097920
worker_4,640,1788086885.538069,50,4.765974,1.097248
worker_4,641,1788086885.542869,50,4.760863,1.097184
worker_4,642,1788086885.547665,50,4.756188,1.097792
worker_4,643,1788086885.552455,50,4.759640,1.096768
worker_4,644,1788086885.557246,50,4.766095,1.097248
worker_4,645,1788086885.562044,50,4.756706,1.098624
worker_4,646,1788086885.566831,50,4.767817,1.097760
worker_4,647,1788086885.571630,50,4.764326,1.097056
worker_4,648,1788086885.576427,50,4.760613,1.097536
worker_4,649,1788086885.581219,50,4.761437,1.095616
worker_4,650,1788086885.586016,50,4.755937,1.097888
worker_4,651,1788086885.590803,50,4.767345,1.096672
worker_4,652,1788086885.595603,50,4.756474,1.097824
worker_4,653,1788086885.600405,50,4.744688,1.095200
worker_4,654,1788086885.605184,50,4.756483,1.097664
worker_4,655,1788086885.609972,50,4.763410,1.097792
worker_4,656,1788086885.614769,50,4.760771,1.097248
worker_4,657,1788086885.619565,50,4.770252,1.101504
worker_4,658,1788086885.624367,50,4.779095,1.097344
worker_4,659,1788086885.629179,50,4.758659,1.097632
worker_4,660,1788086885.633970,50,4.757020,1.097696
worker_4,661,1788086885.638760,50,4.760030,1.098272
worker_4,662,1788086885.643557,50,4.752585,1.098816
worker_4,663,1788086885.648344,50,4.753039,1.098304
worker_4,664,1788086885.653128,50,4.768596,1.099008
worker_4,665,1788086885.657930,50,4.754863,1.098144
worker_4,666,1788086885.662718,50,4.945632,1.098272
worker_4,667,1788086885.667705,50,4.578658,1.097728
worker_4,668,1788086885.672324,50,4.747622,1.096480
worker_4,669,1788086885.677106,50,4.789891,1.096192
worker_4,670,1788086885.681941,50,4.724603,1.098304
worker_4,671,1788086885.686698,50,4.757874,1.095904
worker_4,672,1788086885.691487,50,4.948652,1.097600
worker_4,673,1788086885.696519,50,4.529074,1.096992
worker_4,674,1788086885.701087,50,4.749613,1.097952
worker_4,675,1788086885.705871,50,4.760585,1.096352
worker_4,676,1788086885.710665,50,4.752308,1.097504
worker_4,677,1788086885.715449,50,4.780780,1.097664
worker_4,678,1788086885.720261,50,4.752734,1.098400
worker_4,679,1788086885.725049,50,4.761687,1.097728
worker_4,680,1788086885.729842,50,4.757816,1.097664
worker_4,681,1788086885.734635,50,4.751668,1.096704
worker_4,682,1788086885.739419,50,4.766686,1.094944
worker_4,683,1788086885.744232,50,4.743048,1.097696
worker_4,684,1788086885.749007,50,4.790983,1.105600
worker_4,685,1788086885.753834,50,4.759956,1.097024
worker_4,686,1788086885.758626,50,4.755956,1.097856
worker_4,687,1788086885.763415,50,4.756298,1.096832
worker_4,688,1788086885.768202,50,4.768744,1.102016
worker_4,689,1788086885.773001,50,4.759743,1.097920
worker_4,690,1788086885.777792,50,4.764529,1.098272
worker_4,691,1788086885.782590,50,4.756965,1.096512
worker_4,692,1788086885.787380,50,4.773437,1.097536
worker_4,693,1788086885.792189,50,4.749678,1.097184
worker_4,694,1788086885.796984,50,4.766483,1.100896
worker_4,695,1788086885.801783,50,4.754715,1.098176
worker_4,696,1788086885.806568,50,4.766798,1.098080
worker_4,697,1788086885.811366,50,4.757132,1.096448
worker_4,698,1788086885.816153,50,4.766475,1.097920
worker_4,699,1788086885.820955,50,4.758956,1.098816
worker_4,700,1788086885.825747,50,4.756400,1.096928
worker_4,701,1788086885.830535,50,4.755937,1.095168
worker_4,702,1788086885.835323,50,4.758538,1.096864
worker_4,703,1788086885.840119,50,4.755095,1.099936
worker_4,704,1788086885.844905,50,4.780650,1.102784
worker_4,705,1788086885.849718,50,4.762798,1.096992
worker_4,706,1788086885.854513,50,4.761002,1.099872
worker_4,707,1788086885.859307,50,4.774002,1.095776
worker_4,708,1788086885.864109,50,4.775420,1.100800
worker_4,709,1788086885.868917,50,4.761799,1.097888
worker_4,710,1788086885.873715,50,4.753789,1.096320
worker_4,711,1788086885.878501,50,4.759965,1.096928
worker_4,712,1788086885.883294,50,4.793929,1.097792
worker_4,713,1788086885.888123,50,4.756946,1.097664
worker_4,714,1788086885.892926,50,4.752732,1.100448
worker_4,715,1788086885.897715,50,4.752233,1.095872
worker_4,716,1788086885.902505,50,4.747492,1.095584
worker_4,717,1788086885.907279,50,4.753205,1.096032
worker_4,718,1788086885.912054,50,4.780168,1.098496
worker_4,719,1788086885.916861,50,4.790828,1.103552
worker_4,720,1788086885.921680,50,4.784150,1.096096
worker_4,721,1788086885.926503,50,4.736205,1.097696
worker_4,722,1788086885.931270,50,4.924808,1.097792
worker_4,723,1788086885.936243,50,4.588038,1.097952
worker_4,724,1788086885.940866,50,4.756641,1.097312
worker_4,725,1788086885.945659,50,4.776484,1.096544
worker_4,726,1788086885.950480,50,4.719280,1.096160
worker_4,727,1788086885.955233,50,4.756400,1.097792
worker_4,728,1788086885.960022,50,4.759010,1.100000
worker_4,729,1788086885.964816,50,4.755577,1.097888
worker_4,730,1788086885.969607,50,4.748261,1.095936
worker_4,731,1788086885.974389,50,4.753946,1.095904
worker_4,732,1788086885.979177,50,4.752743,1.095616
worker_4,733,1788086885.983974,50,4.739455,1.097824
worker_4,734,1788086885.988744,50,4.753577,1.097888
worker_4,735,1788086885.993531,50,4.759520,1.096128
worker_4,736,1788086885.998321,50,4.765641,1.097856
worker_4,737,1788086886.003121,50,4.751456,1.097696
worker_4,738,1788086886.007902,50,4.763493,1.097888
worker_4,739,1788086886.012698,50,4.756474,1.096448
worker_4,740,1788086886.017485,50,4.762160,1.097248
worker_4,741,1788086886.022279,50,4.761668,1.097696
worker_4,742,1788086886.027074,50,4.759734,1.097888
worker_4,743,1788086886.031868,50,4.770262,1.097536
worker_4,744,1788086886.036671,50,4.758372,1.097024
worker_4,745,1788086886.041463,50,4.755733,1.097440
worker_4,746,1788086886.046252,50,4.756715,1.098944
worker_4,747,1788086886.051044,50,4.760411,1.097216
worker_4,748,1788086886.055835,50,4.748066,1.097760
worker_4,749,1788086886.060606,50,4.776502,1.096704
worker_4,750,1788086886.065404,50,4.772224,1.096224
worker_4,751,1788086886.070208,50,4.778928,1.098048
worker_4,752,1788086886.075018,50,4.762975,1.097824
worker_4,753,1788086886.079820,50,4.747881,1.097760
worker_4,754,1788086886.084597,50,4.764216,1.097280
worker_4,755,1788086886.089394,50,4.757104,1.096576
worker_4,756,1788086886.094182,50,4.766493,1.097888
worker_4,757,1788086886.098983,50,4.756224,1.097888
worker_4,758,1788086886.103773,50,4.757752,1.098080
worker_4,759,1788086886.108561,50,4.754363,1.098112
worker_4,760,1788086886.113346,50,4.762520,1.097440
worker_4,761,1788086886.118140,50,4.763170,1.096992
worker_4,762,1788086886.122933,50,4.767076,1.098272
worker_4,763,1788086886.127730,50,4.775817,1.100544
worker_4,764,1788086886.132537,50,4.756336,1.097472
worker_4,765,1788086886.137325,50,4.759863,1.096736
worker_4,766,1788086886.142115,50,4.792474,1.098784
worker_4,767,1788086886.146942,50,4.754344,1.097824
worker_4,768,1788086886.151729,50,4.754382,1.098528
worker_4,769,1788086886.156517,50,4.762955,1.099520
worker_4,770,1788086886.161313,50,4.759233,1.097568
worker_4,771,1788086886.166104,50,4.760994,1.097824
worker_4,772,1788086886.170977,50,4.677602,1.096960
worker_4,773,1788086886.175685,50,4.791428,1.097312
worker_4,774,1788086886.180509,50,4.756883,1.096672
worker_4,775,1788086886.185295,50,4.761132,1.098016
worker_4,776,1788086886.190085,50,4.784141,1.099520
worker_4,777,1788086886.194899,50,4.759956,1.096544
worker_4,778,1788086886.199689,50,4.756761,1.095488
worker_4,779,1788086886.204478,50,4.760280,1.097856
worker_4,780,1788086886.209274,50,4.750725,1.096480
worker_4,781,1788086886.214060,50,4.754716,1.096736
worker_4,782,1788086886.218845,50,4.759113,1.096736
worker_4,783,1788086886.223635,50,4.761687,1.097920
worker_4,784,1788086886.228427,50,4.778623,1.097824
worker_4,785,1788086886.233239,50,4.755733,1.097376
worker_4,786,1788086886.238024,50,4.762298,1.097920
worker_4,787,1788086886.242817,50,4.759955,1.097024
worker_4,788,1788086886.247608,50,4.764659,1.099040
worker_4,789,1788086886.252404,50,4.760233,1.097184
worker_4,790,1788086886.257194,50,4.771447,1.097952
worker_4,791,1788086886.261997,50,4.755390,1.099104
worker_4,792,1788086886.266792,50,4.754557,1.097568
worker_4,793,1788086886.271575,50,4.756715,1.098848
worker_4,794,1788086886.276362,50,4.795205,1.097888
worker_4,795,1788086886.281192,50,4.753261,1.097472
worker_4,796,1788086886.285980,50,4.751854,1.096224
worker_4,797,1788086886.290761,50,4.774197,1.098368
worker_4,798,1788086886.295567,50,4.759298,1.097472
worker_4,799,1788086886.300359,50,4.756928,1.097344
worker_4,800,1788086886.305147,50,4.770992,1.097696
worker_4,801,1788086886.309951,50,4.759807,1.096704
worker_4,802,1788086886.314741,50,4.767501,1.097120
worker_4,803,1788086886.319544,50,4.755094,1.100960
worker_4,804,1788086886.324334,50,4.766270,1.098336
worker_4,805,1788086886.329133,50,4.754687,1.098048
worker_4,806,1788086886.333919,50,4.758548,1.097152
worker_4,807,1788086886.338710,50,4.759476,1.096256
worker_4,808,1788086886.343504,50,4.755408,1.096704
worker_4,809,1788086886.348293,50,4.760113,1.096160
worker_4,810,1788086886.353086,50,4.765770,1.097184
worker_4,811,1788086886.357894,50,4.754798,1.098688
worker_4,812,1788086886.362681,50,4.763826,1.098944
worker_4,813,1788086886.367480,50,4.779900,1.097856
worker_4,814,1788086886.372296,50,4.741113,1.097952
worker_4,815,1788086886.377069,50,4.751882,1.097632
worker_4,816,1788086886.381853,50,4.772363,1.097216
worker_4,817,1788086886.386660,50,4.756837,1.098496
worker_4,818,1788086886.391448,50,4.787151,1.097696
worker_4,819,1788086886.396271,50,4.742160,1.097504
worker_4,820,1788086886.401045,50,4.767252,1.097760
worker_4,821,1788086886.405848,50,4.760252,1.096928
worker_4,822,1788086886.410639,50,4.760308,1.096704
worker_4,823,1788086886.415433,50,4.759002,1.096704
worker_4,824,1788086886.420237,50,4.747742,1.096800
worker_4,825,1788086886.425021,50,4.754789,1.097760
worker_4,826,1788086886.429810,50,4.762984,1.097344
worker_4,827,1788086886.434605,50,4.752058,1.096800
worker_4,828,1788086886.439387,50,4.774067,1.098336
worker_4,829,1788086886.444193,50,4.762373,1.101792
worker_4,830,1788086886.448988,50,4.761141,1.098080
worker_4,831,1788086886.453794,50,4.746586,1.097376
worker_4,832,1788086886.458571,50,4.755354,1.096128
worker_4,833,1788086886.463358,50,4.768011,1.097600
worker_4,834,1788086886.468161,50,4.753631,1.097152
worker_4,835,1788086886.472948,50,4.759798,1.104224
worker_4,836,1788086886.477741,50,4.762076,1.097632
worker_4,837,1788086886.482536,50,4.757299,1.096992
worker_4,838,1788086886.487322,50,4.761455,1.097440
worker_4,839,1788086886.492114,50,4.765761,1.097376
worker_4,840,1788086886.496915,50,4.758113,1.097248
worker_4,841,1788086886.501706,50,4.762225,1.096320
worker_4,842,1788086886.506500,50,4.755956,1.097216
worker_4,843,1788086886.511289,50,4.781687,1.099360
worker_4,844,1788086886.516100,50,4.760864,1.098464
worker_4,845,1788086886.520889,50,4.765937,1.098432
worker_4,846,1788086886.525688,50,4.759113,1.097888
worker_4,847,1788086886.530477,50,4.760335,1.097248
worker_4,848,1788086886.535270,50,4.789800,1.097824
worker_4,849,1788086886.540089,50,4.758011,1.097696
worker_4,850,1788086886.544886,50,4.756345,1.098080
worker_4,851,1788086886.549674,50,4.759734,1.097408
worker_4,852,1788086886.554466,50,4.758724,1.099072
worker_4,853,1788086886.559255,50,4.800317,1.097792
worker_4,854,1788086886.564087,50,4.760271,1.096672
worker_4,855,1788086886.568877,50,4.785271,1.103840
worker_4,856,1788086886.573696,50,4.755845,1.096672
worker_4,857,1788086886.578481,50,4.765965,1.095584
worker_4,858,1788086886.583281,50,4.789474,1.097888
worker_4,859,1788086886.588105,50,4.762558,1.099360
worker_4,860,1788086886.592902,50,4.750836,1.096576
worker_4,861,1788086886.597687,50,4.766094,1.096992
worker_4,862,1788086886.602485,50,4.759670,1.097888
worker_4,863,1788086886.607278,50,4.789678,1.097888
worker_4,864,1788086886.612100,50,4.755149,1.096448
worker_4,865,1788086886.616885,50,4.762670,1.098304
worker_4,866,1788086886.621682,50,4.756724,1.097888
worker_4,867,1788086886.626472,50,4.758854,1.097888
worker_4,868,1788086886.631268,50,4.777484,1.097856
worker_4,869,1788086886.636078,50,4.756131,1.096192
worker_4,870,1788086886.640873,50,4.770706,1.110432
worker_4,871,1788086886.645674,50,4.763455,1.097152
worker_4,872,1788086886.650469,50,4.767696,1.095840
worker_4,873,1788086886.655274,50,4.744863,1.097856
worker_4,874,1788086886.660051,50,4.762659,1.096416
worker_4,875,1788086886.664848,50,4.762382,1.098368
worker_4,876,1788086886.669644,50,4.752122,1.095904
worker_4,877,1788086886.674428,50,4.759993,1.097664
worker_4,878,1788086886.679220,50,4.757695,1.097760
worker_4,879,1788086886.684011,50,4.761956,1.097472
worker_4,880,1788086886.688808,50,4.771567,1.098144
worker_4,881,1788086886.693612,50,4.755991,1.098464
worker_4,882,1788086886.698400,50,4.760261,1.096768
worker_4,883,1788086886.703190,50,4.763400,1.097632
worker_4,884,1788086886.707984,50,4.764002,1.100224
worker_4,885,1788086886.712785,50,4.758066,1.096864
worker_4,886,1788086886.717578,50,4.758483,1.097088
worker_4,887,1788086886.722367,50,4.765872,1.097408
worker_4,888,1788086886.727170,50,4.758917,1.096512
worker_4,889,1788086886.731972,50,4.748317,1.099904
worker_4,890,1788086886.736753,50,4.764863,1.097600
worker_4,891,1788086886.741555,50,4.755659,1.097216
worker_4,892,1788086886.746342,50,4.760631,1.098688
worker_4,893,1788086886.751136,50,4.769011,1.097888
worker_4,894,1788086886.755937,50,4.765022,1.101920
worker_4,895,1788086886.760732,50,4.756585,1.096288
worker_4,896,1788086886.765520,50,4.771965,1.096224
worker_4,897,1788086886.770329,50,4.753400,1.096928
worker_4,898,1788086886.775116,50,4.754919,1.097824
worker_4,899,1788086886.779903,50,4.757307,1.098208
worker_4,900,1788086886.784693,50,4.766178,1.097216
worker_4,901,1788086886.789490,50,4.762595,1.098432
worker_4,902,1788086886.794283,50,4.765539,1.096192
worker_4,903,1788086886.799085,50,4.750067,1.097888
worker_4,904,1788086886.803869,50,4.771594,1.104224
worker_4,905,1788086886.808668,50,4.764076,1.097600
worker_4,906,1788086886.813467,50,4.752242,1.098208
worker_4,907,1788086886.818250,50,4.757011,1.097856
worker_4,908,1788086886.823038,50,4.759633,1.096480
worker_4,909,1788086886.827837,50,4.753900,1.097888
worker_4,910,1788086886.832623,50,4.764178,1.102176
worker_4,911,1788086886.837419,50,4.758548,1.095232
worker_4,912,1788086886.842208,50,4.780724,1.098592
worker_4,913,1788086886.847021,50,4.760761,1.098624
worker_4,914,1788086886.851812,50,4.761020,1.096640
worker_4,915,1788086886.856604,50,4.764048,1.102816
worker_4,916,1788086886.861398,50,4.763632,1.097824
worker_4,917,1788086886.866194,50,4.800076,1.098752
worker_4,918,1788086886.871029,50,4.749798,1.096448
worker_4,919,1788086886.875811,50,4.758076,1.097408
worker_4,920,1788086886.880603,50,4.752002,1.098592
worker_4,921,1788086886.885385,50,4.789994,1.097600
worker_4,922,1788086886.890218,50,4.752993,1.098912
worker_4,923,1788086886.895006,50,4.926865,1.097888
worker_4,924,1788086886.899974,50,4.594427,1.098656
worker_4,925,1788086886.904605,50,4.764465,1.097888
worker_4,926,1788086886.909472,50,4.690159,1.098048
worker_4,927,1788086886.914196,50,4.757067,1.097568
worker_4,928,1788086886.918999,50,4.745141,1.096768
worker_4,929,1788086886.923774,50,4.762011,1.097344
worker_4,930,1788086886.928568,50,4.765983,1.096544
worker_4,931,1788086886.933366,50,4.759299,1.097696
worker_4,932,1788086886.938159,50,4.755289,1.099488
worker_4,933,1788086886.942945,50,4.768179,1.097024
worker_4,934,1788086886.947745,50,4.751020,1.096960
worker_4,935,1788086886.952527,50,4.769622,1.103168
worker_4,936,1788086886.957327,50,4.759373,1.097760
worker_4,937,1788086886.962117,50,4.760548,1.097696
worker_4,938,1788086886.966910,50,4.757835,1.096064
worker_4,939,1788086886.971702,50,4.762530,1.101024
worker_4,940,1788086886.976497,50,4.764864,1.097888
worker_4,941,1788086886.981291,50,4.766696,1.099968
worker_4,942,1788086886.986087,50,4.788539,1.099296
worker_4,943,1788086886.990908,50,4.758050,1.098528
worker_4,944,1788086886.995700,50,4.760761,1.098176
worker_4,945,1788086887.000492,50,4.757872,1.096992
worker_4,946,1788086887.005281,50,4.765660,1.097440
worker_4,947,1788086887.010082,50,4.770086,1.099456
worker_4,948,1788086887.014894,50,4.920429,1.097504
worker_4,949,1788086887.019855,50,4.580278,1.097024
worker_4,950,1788086887.024470,50,4.753401,1.101056
worker_4,951,1788086887.029257,50,4.787873,1.097920
worker_4,952,1788086887.034090,50,4.722557,1.096992
worker_4,953,1788086887.038844,50,4.756224,1.097760
worker_4,954,1788086887.043629,50,4.768872,1.097536
worker_4,955,1788086887.048430,50,4.763484,1.101504
worker_4,956,1788086887.053227,50,4.766224,1.095808
worker_4,957,1788086887.058029,50,4.753761,1.096704
worker_4,958,1788086887.062816,50,4.761918,1.097568
worker_4,959,1788086887.067610,50,4.760855,1.097632
worker_4,960,1788086887.072404,50,4.761243,1.103808
worker_4,961,1788086887.077195,50,4.763511,1.097440
worker_4,962,1788086887.081989,50,4.784475,1.098816
worker_4,963,1788086887.086805,50,4.755289,1.097760
worker_4,964,1788086887.091594,50,4.753909,1.095424
worker_4,965,1788086887.096378,50,4.765493,1.099680
worker_4,966,1788086887.101178,50,4.753382,1.097888
worker_4,967,1788086887.105972,50,4.776557,1.097664
worker_4,968,1788086887.110781,50,4.756483,1.095520
worker_4,969,1788086887.115569,50,4.758790,1.097792
worker_4,970,1788086887.120358,50,4.757391,1.098880
worker_4,971,1788086887.125145,50,4.759659,1.096960
worker_4,972,1788086887.129936,50,4.763354,1.096960
worker_4,973,1788086887.134734,50,4.760169,1.097504
worker_4,974,1788086887.139529,50,4.748873,1.097056
worker_4,975,1788086887.144313,50,4.759437,1.099936
worker_4,976,1788086887.149106,50,4.784707,1.097952
worker_4,977,1788086887.153935,50,4.724205,1.096928
worker_4,978,1788086887.158697,50,4.916318,1.096224
worker_4,979,1788086887.163654,50,4.599907,1.098304
worker_4,980,1788086887.168292,50,4.739428,1.099104
worker_4,981,1788086887.173062,50,4.762067,1.097248
worker_4,982,1788086887.177855,50,4.766020,1.095296
worker_4,983,1788086887.182649,50,4.764484,1.097888
worker_4,984,1788086887.187445,50,4.776586,1.097184
worker_4,985,1788086887.192248,50,4.758669,1.099552
worker_4,986,1788086887.197037,50,4.768825,1.098304
worker_4,987,1788086887.201851,50,4.746725,1.097920
worker_4,988,1788086887.206631,50,4.765067,1.096512
worker_4,989,1788086887.211432,50,4.754706,1.097216
worker_4,990,1788086887.216233,50,4.746502,1.096288
worker_4,991,1788086887.221011,50,4.775752,1.106272
worker_4,992,1788086887.225818,50,4.764559,1.095744
worker_4,993,1788086887.230617,50,4.755910,1.097632
worker_4,994,1788086887.235409,50,4.758307,1.097120
worker_4,995,1788086887.240204,50,4.756151,1.097152
worker_4,996,1788086887.244995,50,4.784928,1.100480
worker_4,997,1788086887.249813,50,4.756780,1.098144
worker_4,998,1788086887.254602,50,4.782985,1.096320
worker_4,999,1788086887.259425,50,4.732566,1.097888
worker_4,1000,1788086887.264195,50,4.750632,1.095840
worker_4,1001,1788086887.268980,50,4.771633,1.101632
worker_4,1002,1788086887.273786,50,4.753150,1.096736
worker_4,1003,1788086887.278572,50,4.754687,1.096512
worker_4,1004,1788086887.283358,50,4.763030,1.097760
worker_4,1005,1788086887.288153,50,4.755918,1.095584
worker_4,1006,1788086887.292946,50,4.765169,1.096704
worker_4,1007,1788086887.297743,50,4.760169,1.095840
worker_4,1008,1788086887.302533,50,4.760668,1.096480
worker_4,1009,1788086887.307326,50,4.759678,1.097056
worker_4,1010,1788086887.312118,50,4.750178,1.097760
worker_4,1011,1788086887.316897,50,4.792188,1.103520
worker_4,1012,1788086887.321723,50,4.752789,1.097888
worker_4,1013,1788086887.326507,50,4.757252,1.097280
worker_4,1014,1788086887.331296,50,4.788401,1.096576
worker_4,1015,1788086887.336115,50,4.760844,1.097600
worker_4,1016,1788086887.340906,50,4.758947,1.095872
worker_4,1017,1788086887.345696,50,4.756993,1.095488
worker_4,1018,1788086887.350487,50,4.756419,1.097472
worker_4,1019,1788086887.355272,50,4.761400,1.097312
worker_4,1020,1788086887.360063,50,4.766095,1.103040
worker_4,1021,1788086887.364858,50,4.766049,1.097760
worker_4,1022,1788086887.369660,50,4.755632,1.096416
worker_4,1023,1788086887.374448,50,4.759150,1.096832
worker_4,1024,1788086887.379240,50,4.762019,1.097408
worker_4,1025,1788086887.384035,50,4.751845,1.097696
worker_4,1026,1788086887.388826,50,4.749316,1.097824
worker_4,1027,1788086887.393605,50,4.766344,1.101312
worker_4,1028,1788086887.398400,50,4.764826,1.097600
worker_4,1029,1788086887.403195,50,4.766308,1.096352
worker_4,1030,1788086887.407995,50,4.757780,1.099936
worker_4,1031,1788086887.412785,50,4.756778,1.097856
worker_4,1032,1788086887.417572,50,4.759946,1.096096
worker_4,1033,1788086887.422365,50,4.754372,1.096000
worker_4,1034,1788086887.427152,50,4.787280,1.097888
worker_4,1035,1788086887.431974,50,4.752575,1.097504
worker_4,1036,1788086887.436762,50,4.752955,1.096384
worker_4,1037,1788086887.441546,50,4.757733,1.097888
worker_4,1038,1788086887.446336,50,4.757187,1.097216
worker_4,1039,1788086887.451122,50,4.760169,1.097824
worker_4,1040,1788086887.455911,50,4.911772,1.096896
worker_4,1041,1788086887.460856,50,4.646715,1.098400
worker_4,1042,1788086887.465534,50,4.868901,1.097664
worker_4,1043,1788086887.470433,50,4.713437,1.098272
worker_4,1044,1788086887.475179,50,4.661122,1.096160
worker_4,1045,1788086887.479879,50,4.757243,1.099808
worker_4,1046,1788086887.484665,50,4.767215,1.100096
worker_4,1047,1788086887.489463,50,4.756909,1.097344
worker_4,1048,1788086887.494250,50,4.759743,1.095872
worker_4,1049,1788086887.499045,50,4.760965,1.096576
worker_4,1050,1788086887.503837,50,4.752677,1.097504
worker_4,1051,1788086887.508620,50,4.754650,1.095648
worker_4,1052,1788086887.513405,50,4.761336,1.095776
worker_4,1053,1788086887.518198,50,4.785789,1.096992
worker_4,1054,1788086887.523014,50,4.760419,1.097760
worker_4,1055,1788086887.527804,50,4.770641,1.101248
worker_4,1056,1788086887.532605,50,4.772742,1.096896
worker_4,1057,1788086887.537411,50,4.755919,1.098144
worker_4,1058,1788086887.542200,50,4.753399,1.097888
worker_4,1059,1788086887.546983,50,4.759909,1.097632
worker_4,1060,1788086887.551774,50,4.763336,1.097760
worker_4,1061,1788086887.556572,50,4.768585,1.097408
worker_4,1062,1788086887.561373,50,4.755447,1.097408
worker_4,1063,1788086887.566160,50,4.762428,1.095872
worker_4,1064,1788086887.570956,50,4.754418,1.097760
worker_4,1065,1788086887.575754,50,4.747566,1.097664
worker_4,1066,1788086887.580536,50,4.761474,1.108640
worker_4,1067,1788086887.585329,50,4.756882,1.095904
worker_4,1068,1788086887.590119,50,4.769975,1.097472
worker_4,1069,1788086887.594921,50,4.755956,1.097696
worker_4,1070,1788086887.599707,50,4.756919,1.098400
worker_4,1071,1788086887.604492,50,4.763057,1.100224
worker_4,1072,1788086887.609284,50,4.756873,1.095808
worker_4,1073,1788086887.614071,50,4.783335,1.098944
worker_4,1074,1788086887.618888,50,4.752140,1.096352
worker_4,1075,1788086887.623672,50,4.759753,1.097792
worker_4,1076,1788086887.628462,50,4.762178,1.100384
worker_4,1077,1788086887.633255,50,4.761373,1.097408
worker_4,1078,1788086887.638051,50,4.762030,1.097952
worker_4,1079,1788086887.642919,50,4.673576,1.096192
worker_4,1080,1788086887.647624,50,4.763614,1.097344
worker_4,1081,1788086887.652422,50,4.754391,1.098560
worker_4,1082,1788086887.657208,50,4.762854,1.096864
worker_4,1083,1788086887.662002,50,4.765455,1.096672
worker_4,1084,1788086887.666806,50,4.761234,1.095648
worker_4,1085,1788086887.671600,50,4.754224,1.095520
worker_4,1086,1788086887.676384,50,4.758141,1.097312
worker_4,1087,1788086887.681174,50,4.760947,1.098176
worker_4,1088,1788086887.685968,50,4.760789,1.097472
worker_4,1089,1788086887.690760,50,4.752066,1.096256
worker_4,1090,1788086887.695542,50,4.760029,1.099008
worker_4,1091,1788086887.700332,50,4.758428,1.097888
worker_4,1092,1788086887.705122,50,4.762974,1.097824
worker_4,1093,1788086887.709917,50,4.753076,1.096416
worker_4,1094,1788086887.714700,50,4.759539,1.096416
worker_4,1095,1788086887.719489,50,4.770021,1.097696
worker_4,1096,1788086887.724289,50,4.763139,1.097888
worker_4,1097,1788086887.729083,50,4.759409,1.095840
worker_4,1098,1788086887.733873,50,4.759372,1.098240
worker_4,1099,1788086887.738663,50,4.765920,1.097792
worker_4,1100,1788086887.743462,50,4.762114,1.097216
worker_4,1101,1788086887.748257,50,4.745548,1.097440
worker_4,1102,1788086887.753036,50,4.758160,1.097248
worker_4,1103,1788086887.757826,50,4.760427,1.097792
worker_4,1104,1788086887.762630,50,4.738447,1.097888
worker_4,1105,1788086887.767399,50,4.775289,1.097888
worker_4,1106,1788086887.772206,50,4.757141,1.096224
worker_4,1107,1788086887.776994,50,4.762428,1.097152
worker_4,1108,1788086887.781785,50,4.757095,1.095936
worker_4,1109,1788086887.786572,50,4.759021,1.096192
worker_4,1110,1788086887.791361,50,4.762336,1.097152
worker_4,1111,1788086887.796157,50,4.751445,1.099136
worker_4,1112,1788086887.800939,50,4.763261,1.096224
worker_4,1113,1788086887.805735,50,4.763520,1.098688
worker_4,1114,1788086887.810531,50,4.756752,1.096160
worker_4,1115,1788086887.815319,50,4.759474,1.097440
worker_4,1116,1788086887.820109,50,4.757558,1.096800
worker_4,1117,1788086887.824901,50,4.777743,1.097888
worker_4,1118,1788086887.829712,50,4.755873,1.098432
worker_4,1119,1788086887.834500,50,4.756669,1.095712
worker_4,1120,1788086887.839289,50,4.752697,1.097632
worker_4,1121,1788086887.844072,50,4.766391,1.097600
worker_4,1122,1788086887.848868,50,4.788382,1.105632
worker_4,1123,1788086887.853701,50,4.745344,1.097888
worker_4,1124,1788086887.858478,50,4.756354,1.097216
worker_4,1125,1788086887.863266,50,4.772706,1.096704
worker_4,1126,1788086887.868070,50,4.760687,1.095648
worker_4,1127,1788086887.872862,50,4.760160,1.097888
worker_4,1128,1788086887.877651,50,4.760631,1.097248
worker_4,1129,1788086887.882440,50,4.765900,1.095808
worker_4,1130,1788086887.887237,50,4.758038,1.097216
worker_4,1131,1788086887.892029,50,4.764419,1.097600
worker_4,1132,1788086887.896828,50,4.758428,1.098400
worker_4,1133,1788086887.901618,50,4.753540,1.097792
worker_4,1134,1788086887.906402,50,4.768169,1.097664
worker_4,1135,1788086887.911201,50,4.757234,1.097088
worker_4,1136,1788086887.915990,50,4.758261,1.097600
worker_4,1137,1788086887.920779,50,4.782993,1.102816
worker_4,1138,1788086887.925593,50,4.750456,1.095968
worker_4,1139,1788086887.930372,50,4.767928,1.096672
worker_4,1140,1788086887.935175,50,4.753641,1.097536
worker_4,1141,1788086887.939960,50,4.752344,1.095968
worker_4,1142,1788086887.944742,50,4.760974,1.099008
worker_4,1143,1788086887.949548,50,4.741651,1.095680
worker_4,1144,1788086887.954322,50,4.755881,1.095680
worker_4,1145,1788086887.959109,50,4.758502,1.096832
worker_4,1146,1788086887.963898,50,4.762539,1.097024
worker_4,1147,1788086887.968697,50,4.762771,1.098592
worker_4,1148,1788086887.973491,50,4.778474,1.095776
worker_4,1149,1788086887.978313,50,4.731048,1.097920
worker_4,1150,1788086887.983076,50,4.934041,1.095360
worker_4,1151,1788086887.988052,50,4.567270,1.095872
worker_4,1152,1788086887.992655,50,4.764058,1.101632
worker_4,1153,1788086887.997453,50,4.780539,1.096480
worker_4,1154,1788086888.002275,50,4.723139,1.095776
worker_4,1155,1788086888.007031,50,4.752909,1.095584
worker_4,1156,1788086888.011814,50,4.764983,1.097920
worker_4,1157,1788086888.016610,50,4.766437,1.105376
worker_4,1158,1788086888.021405,50,4.762003,1.097024
worker_4,1159,1788086888.026200,50,4.773530,1.097632
worker_4,1160,1788086888.031003,50,4.757892,1.095840
worker_4,1161,1788086888.035793,50,4.759501,1.097728
worker_4,1162,1788086888.040590,50,4.750678,1.097920
worker_4,1163,1788086888.045372,50,4.759863,1.098784
worker_4,1164,1788086888.050162,50,4.764512,1.097920
worker_4,1165,1788086888.054958,50,4.758900,1.098496
worker_4,1166,1788086888.059750,50,4.756669,1.098112
worker_4,1167,1788086888.064539,50,4.763799,1.095616
worker_4,1168,1788086888.069330,50,4.759492,1.097376
worker_4,1169,1788086888.074119,50,4.772011,1.098720
worker_4,1170,1788086888.078920,50,4.755141,1.096544
worker_4,1171,1788086888.083706,50,4.762289,1.097472
worker_4,1172,1788086888.088501,50,4.759289,1.098848
worker_4,1173,1788086888.093293,50,4.761992,1.097952
worker_4,1174,1788086888.098085,50,4.782557,1.101344
worker_4,1175,1788086888.102898,50,4.751437,1.095552
worker_4,1176,1788086888.107680,50,4.763956,1.095616
worker_4,1177,1788086888.112475,50,4.754029,1.097888
worker_4,1178,1788086888.117263,50,4.757076,1.097728
worker_4,1179,1788086888.122050,50,4.765298,1.098528
worker_4,1180,1788086888.126848,50,4.752428,1.095360
worker_4,1181,1788086888.131631,50,4.762873,1.096032
worker_4,1182,1788086888.136434,50,4.754233,1.099584
worker_4,1183,1788086888.141221,50,4.759816,1.097824
worker_4,1184,1788086888.146013,50,4.762595,1.097376
worker_4,1185,1788086888.150806,50,4.758696,1.097792
worker_4,1186,1788086888.155593,50,4.763288,1.096608
worker_4,1187,1788086888.160391,50,4.758354,1.104096
worker_4,1188,1788086888.165179,50,4.751937,1.096832
worker_4,1189,1788086888.169960,50,4.781798,1.097248
worker_4,1190,1788086888.174773,50,4.763075,1.097056
worker_4,1191,1788086888.179569,50,4.754965,1.096992
worker_4,1192,1788086888.184355,50,4.760178,1.098592
worker_4,1193,1788086888.189150,50,4.751586,1.095808
worker_4,1194,1788086888.193934,50,4.758529,1.098016
worker_4,1195,1788086888.198726,50,4.753752,1.096416
worker_4,1196,1788086888.203515,50,4.750270,1.096000
worker_4,1197,1788086888.208295,50,4.752937,1.095872
worker_4,1198,1788086888.213079,50,4.772261,1.098304
worker_4,1199,1788086888.217882,50,4.759132,1.097568
worker_4,1200,1788086888.222674,50,4.957448,1.096448
worker_4,1201,1788086888.227686,50,4.561362,1.097504
worker_4,1202,1788086888.232283,50,4.741298,1.096736
worker_4,1203,1788086888.237056,50,4.769475,1.097056
worker_4,1204,1788086888.241857,50,4.758141,1.097600
worker_4,1205,1788086888.246650,50,4.756150,1.097952
worker_4,1206,1788086888.251436,50,4.759372,1.097568
worker_4,1207,1788086888.256238,50,4.752910,1.097792
worker_4,1208,1788086888.261024,50,4.769826,1.103648
worker_4,1209,1788086888.265826,50,4.772012,1.095712
worker_4,1210,1788086888.270630,50,4.759501,1.096576
worker_4,1211,1788086888.275420,50,4.755965,1.095456
worker_4,1212,1788086888.280207,50,4.760030,1.095552
worker_4,1213,1788086888.284999,50,4.773503,1.098400
worker_4,1214,1788086888.289803,50,4.762548,1.097632
worker_4,1215,1788086888.294596,50,4.758937,1.097824
worker_4,1216,1788086888.299388,50,4.758567,1.098400
worker_4,1217,1788086888.304178,50,4.758614,1.097920
worker_4,1218,1788086888.308968,50,4.760725,1.097120
worker_4,1219,1788086888.313761,50,4.758437,1.096000
worker_4,1220,1788086888.318551,50,4.764309,1.097344
worker_4,1221,1788086888.323370,50,4.723076,1.095392
worker_4,1222,1788086888.328124,50,4.759483,1.098944
worker_4,1223,1788086888.332915,50,4.759900,1.097888
worker_4,1224,1788086888.337707,50,4.758780,1.096512
worker_4,1225,1788086888.342496,50,4.758937,1.097504
worker_4,1226,1788086888.347286,50,4.793336,1.096384
worker_4,1227,1788086888.352111,50,4.757548,1.096896
worker_4,1228,1788086888.356902,50,4.755604,1.095872
worker_4,1229,1788086888.361691,50,4.770308,1.097888
worker_4,1230,1788086888.366569,50,4.681881,1.096896
worker_4,1231,1788086888.371284,50,4.756030,1.095616
worker_4,1232,1788086888.376074,50,4.752854,1.097600
worker_4,1233,1788086888.380861,50,4.776910,1.097696
worker_4,1234,1788086888.385670,50,4.758928,1.097024
worker_4,1235,1788086888.390461,50,4.755141,1.098688
worker_4,1236,1788086888.395248,50,4.769883,1.097472
worker_4,1237,1788086888.400048,50,4.762150,1.097440
worker_4,1238,1788086888.404845,50,4.746197,1.095264
worker_4,1239,1788086888.409622,50,4.765493,1.099680
worker_4,1240,1788086888.414428,50,4.757447,1.095872
worker_4,1241,1788086888.419217,50,4.757242,1.097344
worker_4,1242,1788086888.424006,50,4.762364,1.099776
worker_4,1243,1788086888.428798,50,4.762549,1.097632
worker_4,1244,1788086888.433594,50,4.763122,1.097248
worker_4,1245,1788086888.438394,50,4.748308,1.095552
worker_4,1246,1788086888.443174,50,4.775632,1.097408
worker_4,1247,1788086888.447981,50,4.764409,1.099872
worker_4,1248,1788086888.452780,50,4.745909,1.095776
worker_4,1249,1788086888.457559,50,4.838151,1.096576
worker_4,1250,1788086888.462428,50,4.833197,1.096832
worker_4,1251,1788086888.467294,50,4.757965,1.098624
worker_4,1252,1788086888.472087,50,4.706242,1.097888
worker_4,1253,1788086888.476825,50,4.820466,1.097408
worker_4,1254,1788086888.481678,50,4.757781,1.095104
worker_4,1255,1788086888.486466,50,4.763650,1.097152
worker_4,1256,1788086888.491260,50,4.723316,1.096896
worker_4,1257,1788086888.496012,50,4.796502,1.097024
worker_4,1258,1788086888.500840,50,4.758631,1.095456
worker_4,1259,1788086888.505632,50,4.759622,1.096000
worker_4,1260,1788086888.510431,50,4.752965,1.096576
worker_4,1261,1788086888.515215,50,4.757168,1.096576
worker_4,1262,1788086888.520004,50,4.778039,1.105408
worker_4,1263,1788086888.524815,50,4.679779,1.101792
worker_4,1264,1788086888.529526,50,4.838105,1.098560
worker_4,1265,1788086888.534397,50,4.676075,1.097216
worker_4,1266,1788086888.539107,50,4.697049,1.097536
worker_4,1267,1788086888.543835,50,4.889623,1.101536
worker_4,1268,1788086888.548757,50,4.631120,1.096512
worker_4,1269,1788086888.553421,50,4.754715,1.095488
worker_4,1270,1788086888.558208,50,4.759428,1.095840
worker_4,1271,1788086888.562997,50,4.754955,1.095680
worker_4,1272,1788086888.567782,50,4.764307,1.097536
worker_4,1273,1788086888.572581,50,4.758224,1.100576
worker_4,1274,1788086888.577374,50,4.747678,1.096000
worker_4,1275,1788086888.582153,50,4.766299,1.097152
worker_4,1276,1788086888.586951,50,4.754409,1.097376
worker_4,1277,1788086888.591737,50,4.756854,1.098208
worker_4,1278,1788086888.596524,50,4.763280,1.097920
worker_4,1279,1788086888.601330,50,4.738640,1.096672
worker_4,1280,1788086888.606102,50,4.765752,1.099712
worker_4,1281,1788086888.610901,50,4.757187,1.097472
worker_4,1282,1788086888.615690,50,4.758650,1.098112
worker_4,1283,1788086888.620480,50,4.761938,1.097728
worker_4,1284,1788086888.625273,50,4.760122,1.096384
worker_4,1285,1788086888.630068,50,4.748928,1.095712
worker_4,1286,1788086888.634848,50,4.767049,1.096928
worker_4,1287,1788086888.639649,50,4.757409,1.097888
worker_4,1288,1788086888.644438,50,4.758807,1.097504
worker_4,1289,1788086888.649230,50,4.753862,1.095712
worker_4,1290,1788086888.654015,50,4.756447,1.095520
worker_4,1291,1788086888.658801,50,4.763520,1.096832
worker_4,1292,1788086888.663598,50,4.757558,1.096288
worker_4,1293,1788086888.668387,50,4.766585,1.099552
worker_4,1294,1788086888.673188,50,4.750882,1.097760
worker_4,1295,1788086888.677970,50,4.752456,1.095712
worker_4,1296,1788086888.682754,50,4.758641,1.096352
worker_4,1297,1788086888.687545,50,4.757835,1.099136
worker_4,1298,1788086888.692331,50,4.767400,1.098240
worker_4,1299,1788086888.697140,50,4.749066,1.097856
worker_4,1300,1788086888.701921,50,4.758252,1.095968
worker_4,1301,1788086888.706712,50,4.753076,1.097888
worker_4,1302,1788086888.711498,50,4.759631,1.095616
worker_4,1303,1788086888.716292,50,4.747976,1.095648
worker_4,1304,1788086888.721071,50,4.768539,1.095872
worker_4,1305,1788086888.725875,50,4.753891,1.097632
worker_4,1306,1788086888.730666,50,4.753132,1.096608
worker_4,1307,1788086888.735451,50,4.756992,1.096672
worker_4,1308,1788086888.740248,50,4.753557,1.097280
worker_4,1309,1788086888.745031,50,4.761567,1.096736
worker_4,1310,1788086888.749823,50,4.764584,1.096864
worker_4,1311,1788086888.754622,50,4.752780,1.097792
worker_4,1312,1788086888.759407,50,4.760530,1.097440
worker_4,1313,1788086888.764203,50,4.757604,1.097696
worker_4,1314,1788086888.768995,50,4.782363,1.098272
worker_4,1315,1788086888.773811,50,4.745437,1.095392
worker_4,1316,1788086888.778590,50,4.753577,1.097920
worker_4,1317,1788086888.783374,50,4.762234,1.095776
worker_4,1318,1788086888.788177,50,4.750187,1.096960
worker_4,1319,1788086888.792961,50,4.768845,1.098560
worker_4,1320,1788086888.797762,50,4.755918,1.097312
worker_4,1321,1788086888.802547,50,4.763984,1.095392
worker_4,1322,1788086888.807345,50,4.752187,1.097472
worker_4,1323,1788086888.812126,50,4.765706,1.102016
worker_4,1324,1788086888.816925,50,4.756354,1.097344
worker_4,1325,1788086888.821712,50,4.764474,1.098048
worker_4,1326,1788086888.826508,50,4.759279,1.097280
worker_4,1327,1788086888.831300,50,4.765011,1.097344
worker_4,1328,1788086888.836097,50,4.752224,1.099360
worker_4,1329,1788086888.840878,50,4.757169,1.095520
worker_4,1330,1788086888.845666,50,4.767595,1.097600
worker_4,1331,1788086888.850466,50,4.759650,1.097888
worker_4,1332,1788086888.855258,50,4.762530,1.097184
worker_4,1333,1788086888.860050,50,4.759659,1.100192
worker_4,1334,1788086888.864839,50,4.761928,1.097440
worker_4,1335,1788086888.869636,50,4.756345,1.096544
worker_4,1336,1788086888.874423,50,4.754909,1.098336
worker_4,1337,1788086888.879209,50,4.767789,1.095392
worker_4,1338,1788086888.884017,50,4.747095,1.098464
worker_4,1339,1788086888.888795,50,4.756955,1.096800
worker_4,1340,1788086888.893582,50,4.758336,1.096384
worker_4,1341,1788086888.898372,50,4.756817,1.095808
worker_4,1342,1788086888.903157,50,4.785206,1.096896
worker_4,1343,1788086888.907975,50,4.758410,1.098720
worker_4,1344,1788086888.912763,50,4.758900,1.096960
worker_4,1345,1788086888.917554,50,4.757271,1.097568
worker_4,1346,1788086888.922344,50,4.750751,1.096416
worker_4,1347,1788086888.927128,50,4.756937,1.098336
worker_4,1348,1788086888.931914,50,4.762594,1.098528
worker_4,1349,1788086888.936709,50,4.753613,1.098208
worker_4,1350,1788086888.941495,50,4.756445,1.096128
worker_4,1351,1788086888.946286,50,4.754095,1.097664
worker_4,1352,1788086888.951069,50,4.759280,1.096576
worker_4,1353,1788086888.955857,50,4.763669,1.098272
worker_4,1354,1788086888.960652,50,4.770928,1.106816
worker_4,1355,1788086888.965453,50,4.759983,1.097472
worker_4,1356,1788086888.970244,50,4.770214,1.095808
worker_4,1357,1788086888.975055,50,4.744233,1.097888
worker_4,1358,1788086888.979831,50,4.754039,1.096928
worker_4,1359,1788086888.984615,50,4.780288,1.100352
worker_4,1360,1788086888.989429,50,4.752197,1.097824
worker_4,1361,1788086888.994214,50,4.767918,1.095648
worker_4,1362,1788086888.999012,50,4.758576,1.096544
worker_4,1363,1788086889.003801,50,4.763890,1.097440
worker_4,1364,1788086889.008595,50,4.762066,1.102912
worker_4,1365,1788086889.013386,50,4.762067,1.098144
worker_4,1366,1788086889.018180,50,4.773642,1.096736
worker_4,1367,1788086889.022985,50,4.762160,1.097248
worker_4,1368,1788086889.027780,50,4.754039,1.096992
worker_4,1369,1788086889.032563,50,4.769697,1.101888
worker_4,1370,1788086889.037364,50,4.755354,1.097184
worker_4,1371,1788086889.042149,50,4.769511,1.096320
worker_4,1372,1788086889.046948,50,4.765232,1.095872
worker_4,1373,1788086889.051748,50,4.747873,1.099840
worker_4,1374,1788086889.056529,50,4.757965,1.095648
worker_4,1375,1788086889.061316,50,4.761132,1.097888
worker_4,1376,1788086889.066108,50,4.760604,1.097792
worker_4,1377,1788086889.070908,50,4.758456,1.098336
worker_4,1378,1788086889.075702,50,4.751567,1.101728
worker_4,1379,1788086889.080477,50,4.776475,1.097824
worker_4,1380,1788086889.085276,50,4.772854,1.096192
worker_4,1381,1788086889.090123,50,4.713751,1.097568
worker_4,1382,1788086889.094861,50,4.768307,1.098048
worker_4,1383,1788086889.099653,50,4.769252,1.097760
worker_4,1384,1788086889.104446,50,4.770715,1.097504
worker_4,1385,1788086889.109244,50,4.758158,1.097184
worker_4,1386,1788086889.114029,50,4.764252,1.097856
worker_4,1387,1788086889.118821,50,4.768271,1.097280
worker_4,1388,1788086889.123618,50,4.761048,1.099808
worker_4,1389,1788086889.128409,50,4.775289,1.098240
worker_4,1390,1788086889.133212,50,4.770141,1.097600
worker_4,1391,1788086889.138016,50,4.762473,1.095584
worker_4,1392,1788086889.142811,50,4.756688,1.097792
worker_4,1393,1788086889.147597,50,4.756872,1.096736
worker_4,1394,1788086889.152385,50,4.759048,1.096448
worker_4,1395,1788086889.157179,50,4.752141,1.097952
worker_4,1396,1788086889.161972,50,4.749771,1.099712
worker_4,1397,1788086889.166753,50,4.758493,1.097056
worker_4,1398,1788086889.171542,50,4.758345,1.096416
worker_4,1399,1788086889.176330,50,4.756132,1.099968
worker_4,1400,1788086889.181118,50,4.752835,1.097536
worker_4,1401,1788086889.185904,50,4.757882,1.097696
worker_4,1402,1788086889.190692,50,4.948698,1.095712
worker_4,1403,1788086889.195683,50,4.573907,1.097920
worker_4,1404,1788086889.200293,50,4.734121,1.097536
worker_4,1405,1788086889.205064,50,4.757168,1.096768
worker_4,1406,1788086889.209856,50,4.746576,1.096704
worker_4,1407,1788086889.214634,50,4.765965,1.097856
worker_4,1408,1788086889.219435,50,4.748853,1.097760
worker_4,1409,1788086889.224229,50,4.741743,1.097024
worker_4,1410,1788086889.229002,50,4.779455,1.096448
worker_4,1411,1788086889.233814,50,4.743307,1.096064
worker_4,1412,1788086889.238581,50,4.766511,1.097568
worker_4,1413,1788086889.243370,50,4.778548,1.095456
worker_4,1414,1788086889.248171,50,4.772770,1.097952
worker_4,1415,1788086889.252967,50,4.768170,1.097952
worker_4,1416,1788086889.257766,50,4.767410,1.097088
worker_4,1417,1788086889.262562,50,4.764900,1.097408
worker_4,1418,1788086889.267360,50,4.756289,1.097888
worker_4,1419,1788086889.272146,50,4.762511,1.098784
worker_4,1420,1788086889.276940,50,4.763094,1.097504
worker_4,1421,1788086889.281737,50,4.760770,1.097888
worker_4,1422,1788086889.286529,50,4.757271,1.097056
worker_4,1423,1788086889.291315,50,4.780326,1.095328
worker_4,1424,1788086889.296128,50,4.758577,1.097472
worker_4,1425,1788086889.300915,50,4.783512,1.102432
worker_4,1426,1788086889.305731,50,4.761187,1.097632
worker_4,1427,1788086889.310525,50,4.752854,1.097792
worker_4,1428,1788086889.315310,50,4.780289,1.097408
worker_4,1429,1788086889.320120,50,4.766179,1.096192
worker_4,1430,1788086889.324914,50,4.766789,1.096864
worker_4,1431,1788086889.329715,50,4.755900,1.097440
worker_4,1432,1788086889.334503,50,4.760761,1.098880
worker_4,1433,1788086889.339298,50,4.781900,1.095840
worker_4,1434,1788086889.344110,50,4.761076,1.101888
worker_4,1435,1788086889.348912,50,4.749447,1.095520
worker_4,1436,1788086889.353693,50,4.756604,1.095904
worker_4,1437,1788086889.358480,50,4.757854,1.097568
worker_4,1438,1788086889.363270,50,4.780373,1.096480
worker_4,1439,1788086889.368081,50,4.761724,1.098272
worker_4,1440,1788086889.372874,50,4.758789,1.097920
worker_4,1441,1788086889.377662,50,4.761279,1.098720
worker_4,1442,1788086889.382452,50,4.764140,1.097376
worker_4,1443,1788086889.387245,50,4.765159,1.097504
worker_4,1444,1788086889.392038,50,4.766975,1.099168
worker_4,1445,1788086889.396838,50,4.749993,1.097728
worker_4,1446,1788086889.401618,50,4.765280,1.099872
worker_4,1447,1788086889.406414,50,4.756437,1.097216
worker_4,1448,1788086889.411199,50,4.772771,1.096800
worker_4,1449,1788086889.416002,50,4.759918,1.099296
worker_4,1450,1788086889.420792,50,4.754456,1.096352
worker_4,1451,1788086889.425576,50,4.764123,1.097376
worker_4,1452,1788086889.430370,50,4.765252,1.097376
worker_4,1453,1788086889.435168,50,4.758224,1.098688
worker_4,1454,1788086889.439960,50,4.756075,1.097888
worker_4,1455,1788086889.444758,50,4.747632,1.097888
worker_4,1456,1788086889.449538,50,4.767817,1.097824
worker_4,1457,1788086889.454339,50,4.898550,1.095872
worker_4,1458,1788086889.459269,50,4.764613,1.096320
worker_4,1459,1788086889.464065,50,4.740271,1.100992
worker_4,1460,1788086889.468839,50,4.792734,1.096096
worker_4,1461,1788086889.473666,50,4.695937,1.096832
worker_4,1462,1788086889.478394,50,4.814391,1.097184
worker_4,1463,1788086889.483238,50,4.766928,1.096224
worker_4,1464,1788086889.488038,50,4.758631,1.097888
worker_4,1465,1788086889.492828,50,4.694863,1.096864
worker_4,1466,1788086889.497555,50,4.827188,1.096992
worker_4,1467,1788086889.502416,50,4.753724,1.096768
worker_4,1468,1788086889.507202,50,4.756622,1.096768
worker_4,1469,1788086889.511990,50,4.658576,1.097888
worker_4,1470,1788086889.516682,50,4.872160,1.097344
worker_4,1471,1788086889.521586,50,4.755122,1.096576
worker_4,1472,1788086889.526371,50,4.765511,1.096640
worker_4,1473,1788086889.531170,50,4.770141,1.096928
worker_4,1474,1788086889.535980,50,4.664093,1.096160
worker_4,1475,1788086889.540678,50,4.735678,1.097184
worker_4,1476,1788086889.545445,50,4.767391,1.096864
worker_4,1477,1788086889.550247,50,4.776104,1.096800
worker_4,1478,1788086889.555056,50,4.767307,1.095904
worker_4,1479,1788086889.559853,50,4.673427,1.098432
worker_4,1480,1788086889.564560,50,4.763493,1.099104
worker_4,1481,1788086889.569355,50,4.756613,1.097440
worker_4,1482,1788086889.574142,50,4.765733,1.096128
worker_4,1483,1788086889.578941,50,4.755743,1.097120
worker_4,1484,1788086889.583729,50,4.757641,1.097600
worker_4,1485,1788086889.588518,50,4.760437,1.097920
worker_4,1486,1788086889.593310,50,4.751308,1.096960
worker_4,1487,1788086889.598092,50,4.766826,1.097920
worker_4,1488,1788086889.602893,50,4.751668,1.096864
worker_4,1489,1788086889.607677,50,4.752002,1.097792
worker_4,1490,1788086889.612459,50,4.763131,1.102016
worker_4,1491,1788086889.617253,50,4.759891,1.097248
worker_4,1492,1788086889.622042,50,4.769770,1.096960
worker_4,1493,1788086889.626841,50,4.755132,1.095712
worker_4,1494,1788086889.631634,50,4.752011,1.097248
worker_4,1495,1788086889.636416,50,4.761484,1.097024
worker_4,1496,1788086889.641207,50,4.761428,1.096576
worker_4,1497,1788086889.646002,50,4.757095,1.097600
worker_4,1498,1788086889.650792,50,4.755076,1.097952
worker_4,1499,1788086889.655576,50,4.760715,1.097824
worker_4,1500,1788086889.660369,50,4.750845,1.097088
worker_4,1501,1788086889.665150,50,4.759131,1.096416
worker_4,1502,1788086889.669939,50,4.769900,1.098912
worker_4,1503,1788086889.674744,50,4.745288,1.095680
worker_4,1504,1788086889.679523,50,4.756502,1.097856
worker_4,1505,1788086889.684314,50,4.760567,1.102016
worker_4,1506,1788086889.689105,50,4.761150,1.097536
worker_4,1507,1788086889.693899,50,4.757474,1.097760
worker_4,1508,1788086889.698691,50,4.752659,1.097344
worker_4,1509,1788086889.703479,50,4.765049,1.098656
worker_4,1510,1788086889.708277,50,4.743725,1.095456
worker_4,1511,1788086889.713053,50,4.762530,1.097024
worker_4,1512,1788086889.717848,50,4.751835,1.095872
worker_4,1513,1788086889.722639,50,4.743770,1.096192
worker_4,1514,1788086889.727414,50,4.775475,1.096352
worker_4,1515,1788086889.732234,50,4.745502,1.097344
worker_4,1516,1788086889.737008,50,4.756039,1.095680
worker_4,1517,1788086889.741794,50,4.765761,1.097312
worker_4,1518,1788086889.746592,50,4.788095,1.101280
worker_4,1519,1788086889.751413,50,4.761919,1.097536
worker_4,1520,1788086889.756206,50,4.757946,1.096704
worker_4,1521,1788086889.760994,50,4.765659,1.096512
worker_4,1522,1788086889.765793,50,4.766363,1.097088
worker_4,1523,1788086889.770592,50,4.769576,1.097120
worker_4,1524,1788086889.775395,50,4.750928,1.096480
worker_4,1525,1788086889.780175,50,4.762401,1.097920
worker_4,1526,1788086889.784971,50,4.761873,1.098080
worker_4,1527,1788086889.789762,50,4.758955,1.095840
worker_4,1528,1788086889.794555,50,4.753178,1.097120
worker_4,1529,1788086889.799341,50,4.753965,1.097664
worker_4,1530,1788086889.804127,50,4.761308,1.095712
worker_4,1531,1788086889.808921,50,4.760752,1.096832
worker_4,1532,1788086889.813791,50,4.677427,1.099200
worker_4,1533,1788086889.818515,50,4.740437,1.095456
worker_4,1534,1788086889.823289,50,4.756020,1.096640
worker_4,1535,1788086889.828075,50,4.762771,1.097760
worker_4,1536,1788086889.832870,50,4.755827,1.097472
worker_4,1537,1788086889.837658,50,4.759048,1.096864
worker_4,1538,1788086889.842450,50,4.759076,1.097568
worker_4,1539,1788086889.847247,50,4.755270,1.097472
worker_4,1540,1788086889.852039,50,4.754521,1.096864
worker_4,1541,1788086889.856828,50,4.749104,1.097056
worker_4,1542,1788086889.861610,50,4.766809,1.104448
worker_4,1543,1788086889.866409,50,4.757529,1.098528
worker_4,1544,1788086889.871196,50,4.762586,1.096608
worker_4,1545,1788086889.875993,50,4.753206,1.099936
worker_4,1546,1788086889.880780,50,4.753984,1.096960
worker_4,1547,1788086889.885566,50,4.758669,1.097088
worker_4,1548,1788086889.890357,50,4.751419,1.097952
worker_4,1549,1788086889.895138,50,4.764067,1.097824
worker_4,1550,1788086889.899930,50,4.759484,1.097248
worker_4,1551,1788086889.904719,50,4.763243,1.096928
worker_4,1552,1788086889.909524,50,4.773012,1.097472
worker_4,1553,1788086889.914340,50,4.723539,1.095872
worker_4,1554,1788086889.919094,50,4.935345,1.095488
worker_4,1555,1788086889.924072,50,4.563065,1.096352
worker_4,1556,1788086889.928669,50,4.752622,1.095712
worker_4,1557,1788086889.933455,50,4.783030,1.097536
worker_4,1558,1788086889.938281,50,4.723539,1.098464
worker_4,1559,1788086889.943035,50,4.754131,1.095392
worker_4,1560,1788086889.947820,50,4.758530,1.096832
worker_4,1561,1788086889.952614,50,4.753484,1.100416
worker_4,1562,1788086889.957398,50,4.757539,1.095776
worker_4,1563,1788086889.962188,50,4.757260,1.097888
worker_4,1564,1788086889.966975,50,4.761965,1.097792
worker_4,1565,1788086889.971768,50,4.762205,1.098208
worker_4,1566,1788086889.976559,50,4.774734,1.097856
worker_4,1567,1788086889.981367,50,4.752021,1.095648
worker_4,1568,1788086889.986150,50,4.758002,1.097856
worker_4,1569,1788086889.990938,50,4.765140,1.096800
worker_4,1570,1788086889.995736,50,4.751974,1.097792
worker_4,1571,1788086890.000518,50,4.760808,1.097248
worker_4,1572,1788086890.005320,50,4.750919,1.097760
worker_4,1573,1788086890.010105,50,4.755698,1.097920
worker_4,1574,1788086890.014893,50,4.762345,1.099008
worker_4,1575,1788086890.019691,50,4.758419,1.100704
worker_4,1576,1788086890.024484,50,4.766233,1.097440
worker_4,1577,1788086890.029280,50,4.760770,1.097600
worker_4,1578,1788086890.034072,50,4.755512,1.095520
worker_4,1579,1788086890.038858,50,4.767679,1.099584
worker_4,1580,1788086890.043657,50,4.752299,1.097216
worker_4,1581,1788086890.048440,50,4.762049,1.096448
worker_4,1582,1788086890.053234,50,4.759076,1.096448
worker_4,1583,1788086890.058026,50,4.766409,1.099424
worker_4,1584,1788086890.062826,50,4.747418,1.095936
worker_4,1585,1788086890.067604,50,4.758910,1.097312
worker_4,1586,1788086890.072392,50,4.763197,1.099488
worker_4,1587,1788086890.077187,50,4.772743,1.097248
worker_4,1588,1788086890.081990,50,4.752243,1.096192
worker_4,1589,1788086890.086773,50,4.942632,1.098976
worker_4,1590,1788086890.091758,50,4.579037,1.097760
worker_4,1591,1788086890.096387,50,4.735325,1.097408
worker_4,1592,1788086890.101157,50,4.778476,1.096768
worker_4,1593,1788086890.105978,50,4.733409,1.099776
worker_4,1594,1788086890.110742,50,4.760706,1.096608
worker_4,1595,1788086890.115534,50,4.754586,1.096576
worker_4,1596,1788086890.120320,50,4.756391,1.097376
worker_4,1597,1788086890.125106,50,4.765085,1.097088
worker_4,1598,1788086890.129903,50,4.757780,1.097056
worker_4,1599,1788086890.134693,50,4.756548,1.096960
worker_4,1600,1788086890.139479,50,4.775150,1.097856
worker_4,1601,1788086890.144283,50,4.748732,1.097312
worker_4,1602,1788086890.149061,50,4.764585,1.097696
worker_4,1603,1788086890.153854,50,4.773743,1.097568
worker_4,1604,1788086890.158657,50,4.763503,1.097920
worker_4,1605,1788086890.163450,50,4.769317,1.097440
worker_4,1606,1788086890.168250,50,4.757622,1.099520
worker_4,1607,1788086890.173037,50,4.772392,1.106176
worker_4,1608,1788086890.177843,50,4.751363,1.097216
worker_4,1609,1788086890.182624,50,4.758169,1.097888
worker_4,1610,1788086890.187410,50,4.768595,1.097920
worker_4,1611,1788086890.192238,50,4.739955,1.097504
worker_4,1612,1788086890.197006,50,4.761576,1.097888
worker_4,1613,1788086890.201798,50,4.760429,1.098176
worker_4,1614,1788086890.206588,50,4.771872,1.099360
worker_4,1615,1788086890.211388,50,4.950087,1.097088
worker_4,1616,1788086890.216380,50,4.563287,1.096000
worker_4,1617,1788086890.220983,50,4.749918,1.099072
worker_4,1618,1788086890.225769,50,4.755733,1.097760
worker_4,1619,1788086890.230559,50,4.752318,1.097216
worker_4,1620,1788086890.235342,50,4.758807,1.095648
worker_4,1621,1788086890.240133,50,4.779049,1.100736
worker_4,1622,1788086890.244941,50,4.762363,1.097312
worker_4,1623,1788086890.249734,50,4.757724,1.097152
worker_4,1624,1788086890.254528,50,4.772632,1.096960
worker_4,1625,1788086890.259331,50,4.757113,1.097888
worker_4,1626,1788086890.264116,50,4.761576,1.097408
worker_4,1627,1788086890.268907,50,4.776854,1.102080
worker_4,1628,1788086890.273712,50,4.766410,1.095680
worker_4,1629,1788086890.278509,50,4.757020,1.095808
worker_4,1630,1788086890.283304,50,4.752039,1.096128
worker_4,1631,1788086890.288089,50,4.754788,1.098016
worker_4,1632,1788086890.292873,50,4.758825,1.095616
worker_4,1633,1788086890.297662,50,4.758771,1.098080
worker_4,1634,1788086890.302452,50,4.757013,1.098176
worker_4,1635,1788086890.307237,50,4.775132,1.097280
worker_4,1636,1788086890.312044,50,4.755076,1.096704
worker_4,1637,1788086890.316829,50,4.763178,1.095584
worker_4,1638,1788086890.321626,50,4.763816,1.099584
worker_4,1639,1788086890.326427,50,4.747844,1.097504
worker_4,1640,1788086890.331206,50,4.759179,1.099072
worker_4,1641,1788086890.335997,50,4.761566,1.098144
worker_4,1642,1788086890.340791,50,4.758066,1.096224
worker_4,1643,1788086890.345579,50,4.758558,1.096448
worker_4,1644,1788086890.350368,50,4.761743,1.097088
worker_4,1645,1788086890.355161,50,4.792076,1.096960
worker_4,1646,1788086890.359984,50,4.754112,1.097440
worker_4,1647,1788086890.364768,50,4.759650,1.096608
worker_4,1648,1788086890.369558,50,4.762632,1.097760
worker_4,1649,1788086890.374353,50,4.759448,1.096896
worker_4,1650,1788086890.379153,50,4.751344,1.097600
worker_4,1651,1788086890.383935,50,4.756289,1.096928
worker_4,1652,1788086890.388726,50,4.758160,1.097856
worker_4,1653,1788086890.393514,50,4.766030,1.097056
worker_4,1654,1788086890.398311,50,4.763493,1.097344
worker_4,1655,1788086890.403108,50,4.752299,1.095872
worker_4,1656,1788086890.407890,50,4.757862,1.096160
worker_4,1657,1788086890.412678,50,4.755632,1.097760
worker_4,1658,1788086890.417464,50,4.757336,1.095328
worker_4,1659,1788086890.422253,50,4.758837,1.097920
worker_4,1660,1788086890.427045,50,4.756234,1.097824
worker_4,1661,1788086890.431831,50,4.761132,1.097920
worker_4,1662,1788086890.436622,50,4.763502,1.099552
worker_4,1663,1788086890.441418,50,4.753826,1.096320
worker_4,1664,1788086890.446200,50,4.786817,1.096544
worker_4,1665,1788086890.451020,50,4.756706,1.098720
worker_4,1666,1788086890.455810,50,4.916299,1.097088
worker_4,1667,1788086890.460760,50,4.756678,1.100928
worker_4,1668,1788086890.465548,50,4.766224,1.096512
worker_4,1669,1788086890.470358,50,4.757206,1.096544
worker_4,1670,1788086890.475147,50,4.603519,1.097120
worker_4,1671,1788086890.479782,50,4.761890,1.097632
worker_4,1672,1788086890.484578,50,4.761752,1.097824
worker_4,1673,1788086890.489374,50,4.757298,1.097568
worker_4,1674,1788086890.494165,50,4.747633,1.096544
worker_4,1675,1788086890.498945,50,4.765595,1.098208
worker_4,1676,1788086890.503742,50,4.759669,1.099744
worker_4,1677,1788086890.508535,50,4.762984,1.097760
worker_4,1678,1788086890.513331,50,4.756530,1.097216
worker_4,1679,1788086890.518119,50,4.757864,1.097920
worker_4,1680,1788086890.522909,50,4.759290,1.096960
worker_4,1681,1788086890.527700,50,4.755159,1.101568
worker_4,1682,1788086890.532485,50,4.774641,1.097408
worker_4,1683,1788086890.537362,50,4.686038,1.097856
worker_4,1684,1788086890.542081,50,4.776289,1.097952
worker_4,1685,1788086890.546890,50,4.759465,1.095552
worker_4,1686,1788086890.551682,50,5.212745,1.097248
worker_4,1687,1788086890.556929,50,4.567659,1.099904
worker_4,1688,1788086890.561543,50,4.463417,1.097088
worker_4,1689,1788086890.566049,50,4.750742,1.096640
worker_4,1690,1788086890.570823,50,4.759984,1.097344
worker_4,1691,1788086890.575601,50,4.770826,1.097024
worker_4,1692,1788086890.580388,50,4.776706,1.098144
worker_4,1693,1788086890.585181,50,4.777280,1.097440
worker_4,1694,1788086890.589973,50,4.783715,1.097824
worker_4,1695,1788086890.594771,50,4.776067,1.097216
worker_4,1696,1788086890.599562,50,4.783288,1.096608
worker_4,1697,1788086890.604362,50,4.774058,1.098144
worker_4,1698,1788086890.609151,50,4.780021,1.096928
worker_4,1699,1788086890.613947,50,4.789864,1.096640
worker_4,1700,1788086890.618752,50,4.778835,1.098336
worker_4,1701,1788086890.623546,50,4.776725,1.097440
worker_4,1702,1788086890.628338,50,4.779540,1.098688
worker_4,1703,1788086890.633132,50,4.773854,1.095680
worker_4,1704,1788086890.637921,50,4.799281,1.095808
worker_4,1705,1788086890.642736,50,4.782928,1.098240
worker_4,1706,1788086890.647535,50,4.774030,1.098944
worker_4,1707,1788086890.652327,50,4.775122,1.098208
worker_4,1708,1788086890.657121,50,4.773521,1.097536
worker_4,1709,1788086890.661910,50,4.773937,1.096000
worker_4,1710,1788086890.666700,50,4.784068,1.097664
worker_4,1711,1788086890.671503,50,4.774215,1.099680
worker_4,1712,1788086890.676293,50,4.782400,1.095776
worker_4,1713,1788086890.681100,50,4.764354,1.097216
worker_4,1714,1788086890.685884,50,4.772113,1.096576
worker_4,1715,1788086890.690675,50,4.774122,1.096192
worker_4,1716,1788086890.695466,50,4.775418,1.096512
worker_4,1717,1788086890.700257,50,4.781142,1.101888
worker_4,1718,1788086890.705053,50,4.776456,1.097664
worker_4,1719,1788086890.709845,50,4.778114,1.098944
worker_4,1720,1788086890.714638,50,4.775641,1.097280
worker_4,1721,1788086890.719428,50,4.799141,1.097632
worker_4,1722,1788086890.724242,50,4.776039,1.100512
worker_4,1723,1788086890.729034,50,4.779492,1.099200
worker_4,1724,1788086890.733830,50,4.776909,1.098784
worker_4,1725,1788086890.738622,50,4.775244,1.096480
worker_4,1726,1788086890.743413,50,4.792224,1.097408
worker_4,1727,1788086890.748232,50,4.763641,1.097312
worker_4,1728,1788086890.753021,50,4.769484,1.097792
worker_4,1729,1788086890.757807,50,4.781345,1.098784
worker_4,1730,1788086890.762603,50,4.801327,1.108064
worker_4,1731,1788086890.767419,50,4.789206,1.099168
worker_4,1732,1788086890.772234,50,4.763743,1.099840
worker_4,1733,1788086890.777015,50,4.769716,1.097792
worker_4,1734,1788086890.781801,50,4.787974,1.096672
worker_4,1735,1788086890.786608,50,4.766845,1.097664
worker_4,1736,1788086890.791392,50,4.774390,1.098144
worker_4,1737,1788086890.796185,50,4.789900,1.097728
worker_4,1738,1788086890.800990,50,4.780650,1.097888
worker_4,1739,1788086890.805786,50,4.775781,1.096416
worker_4,1740,1788086890.810577,50,4.777771,1.097536
worker_4,1741,1788086890.815370,50,4.777854,1.097664
worker_4,1742,1788086890.820163,50,4.778419,1.096352
worker_4,1743,1788086890.824957,50,4.795539,1.099936
worker_4,1744,1788086890.829768,50,4.782660,1.099104
worker_4,1745,1788086890.834566,50,4.784437,1.097152
worker_4,1746,1788086890.839366,50,4.775947,1.097280
worker_4,1747,1788086890.844166,50,4.781854,1.098112
worker_4,1748,1788086890.848965,50,4.782131,1.098784
worker_4,1749,1788086890.853763,50,4.780474,1.098720
worker_4,1750,1788086890.858559,50,4.778918,1.096704
worker_4,1751,1788086890.863353,50,4.776539,1.097568
worker_4,1752,1788086890.868147,50,4.780187,1.096544
worker_4,1753,1788086890.872948,50,4.791234,1.101024
worker_4,1754,1788086890.877757,50,4.771697,1.097984
worker_4,1755,1788086890.882543,50,4.779123,1.097600
worker_4,1756,1788086890.887341,50,4.768262,1.096480
worker_4,1757,1788086890.892125,50,4.779067,1.098592
worker_4,1758,1788086890.896919,50,4.789253,1.097472
worker_4,1759,1788086890.901727,50,4.773733,1.097376
worker_4,1760,1788086890.906516,50,4.777261,1.096704
worker_4,1761,1788086890.911309,50,4.775057,1.097024
worker_4,1762,1788086890.916099,50,4.779336,1.097600
worker_4,1763,1788086890.920893,50,4.791937,1.109472
worker_4,1764,1788086890.925702,50,4.777651,1.097504
worker_4,1765,1788086890.930496,50,4.772067,1.097792
worker_4,1766,1788086890.935283,50,4.774502,1.096448
worker_4,1767,1788086890.940083,50,4.768577,1.099872
worker_4,1768,1788086890.944868,50,4.782067,1.097504
worker_4,1769,1788086890.949668,50,4.772234,1.097056
worker_4,1770,1788086890.954456,50,4.784502,1.097600
worker_4,1771,1788086890.959257,50,4.776168,1.097216
worker_4,1772,1788086890.964049,50,4.775520,1.095712
worker_4,1773,1788086890.968839,50,4.807882,1.097632
worker_4,1774,1788086890.973667,50,4.769418,1.095936
worker_4,1775,1788086890.978455,50,4.773919,1.098304
worker_4,1776,1788086890.983245,50,4.776789,1.097216
worker_4,1777,1788086890.988038,50,4.782159,1.097792
worker_4,1778,1788086890.992836,50,4.802346,1.099360
worker_4,1779,1788086890.997653,50,4.779447,1.098272
worker_4,1780,1788086891.002448,50,4.778188,1.097376
worker_4,1781,1788086891.007242,50,4.779465,1.097792
worker_4,1782,1788086891.012037,50,4.781780,1.097792
worker_4,1783,1788086891.016833,50,4.811910,1.096704
worker_4,1784,1788086891.021661,50,4.780206,1.096992
worker_4,1785,1788086891.026456,50,4.780050,1.096288
worker_4,1786,1788086891.031261,50,4.769631,1.097664
worker_4,1787,1788086891.036046,50,4.776956,1.098272
worker_4,1788,1788086891.040838,50,4.779104,1.099200
worker_4,1789,1788086891.045634,50,4.786881,1.096608
worker_4,1790,1788086891.050441,50,4.772141,1.097792
worker_4,1791,1788086891.055232,50,4.770030,1.097728
worker_4,1792,1788086891.060019,50,4.770891,1.097408
worker_4,1793,1788086891.064805,50,4.785187,1.098336
worker_4,1794,1788086891.069607,50,4.785170,1.098240
worker_4,1795,1788086891.074413,50,4.760289,1.097536
worker_4,1796,1788086891.079190,50,4.782141,1.097152
worker_4,1797,1788086891.083989,50,4.781205,1.099328
worker_4,1798,1788086891.088786,50,4.772030,1.098560
worker_4,1799,1788086891.093573,50,4.785817,1.099744
worker_4,1800,1788086891.098374,50,4.774641,1.096256
worker_4,1801,1788086891.103164,50,4.786733,1.097536
worker_4,1802,1788086891.107966,50,4.780012,1.100096
worker_4,1803,1788086891.112761,50,4.777937,1.097088
worker_4,1804,1788086891.117554,50,4.777030,1.097376
worker_4,1805,1788086891.122347,50,4.775770,1.098368
worker_4,1806,1788086891.127144,50,4.783965,1.096960
worker_4,1807,1788086891.131943,50,4.780160,1.098432
worker_4,1808,1788086891.136739,50,4.772650,1.098368
worker_4,1809,1788086891.141526,50,4.783474,1.097440
worker_4,1810,1788086891.146325,50,4.780660,1.097632
worker_4,1811,1788086891.151122,50,4.803115,1.097824
worker_4,1812,1788086891.155941,50,4.774178,1.096512
worker_4,1813,1788086891.160732,50,4.791577,1.102656
worker_4,1814,1788086891.165539,50,4.775511,1.095712
worker_4,1815,1788086891.170330,50,4.988550,1.098848
worker_4,1816,1788086891.175371,50,4.546946,1.096448
worker_4,1817,1788086891.179945,50,4.764428,1.101280
worker_4,1818,1788086891.184728,50,4.774263,1.097792
worker_4,1819,1788086891.189518,50,4.778798,1.097792
worker_4,1820,1788086891.194314,50,4.777354,1.096192
worker_4,1821,1788086891.199106,50,4.773660,1.097792
worker_4,1822,1788086891.203896,50,4.775698,1.103296
worker_4,1823,1788086891.208687,50,4.782706,1.098816
worker_4,1824,1788086891.213485,50,4.997041,1.095904
worker_4,1825,1788086891.218543,50,4.730863,1.097408
worker_4,1826,1788086891.223322,50,4.749132,1.096704
worker_4,1827,1788086891.228120,50,4.749761,1.101472
worker_4,1828,1788086891.232919,50,4.740965,1.097728
worker_4,1829,1788086891.237707,50,4.542482,1.097760
worker_4,1830,1788086891.242276,50,4.970717,1.096256
worker_4,1831,1788086891.247297,50,4.543519,1.098720
worker_4,1832,1788086891.251867,50,4.772982,1.104064
worker_4,1833,1788086891.256658,50,4.774790,1.099328
worker_4,1834,1788086891.261531,50,4.908086,1.095904
worker_4,1835,1788086891.266485,50,4.542575,1.097728
worker_4,1836,1788086891.271055,50,4.973226,1.096832
worker_4,1837,1788086891.276077,50,4.541306,1.100608
worker_4,1838,1788086891.280643,50,4.971782,1.097408
worker_4,1839,1788086891.285663,50,4.543879,1.096512
worker_4,1840,1788086891.290233,50,4.817957,1.097184
worker_4,1841,1788086891.295100,50,4.696632,1.096704
worker_4,1842,1788086891.299823,50,4.777909,1.108544
worker_4,1843,1788086891.304619,50,4.773974,1.097856
worker_4,1844,1788086891.309408,50,4.777670,1.098688
worker_4,1845,1788086891.314214,50,4.763030,1.097568
worker_4,1846,1788086891.318992,50,4.785031,1.096640
worker_4,1847,1788086891.323793,50,4.783058,1.097792
worker_4,1848,1788086891.328592,50,4.774641,1.098144
worker_4,1849,1788086891.333381,50,4.782752,1.096832
worker_4,1850,1788086891.338179,50,4.779233,1.098496
worker_4,1851,1788086891.342973,50,4.781465,1.095616
worker_4,1852,1788086891.347770,50,4.784576,1.104608
worker_4,1853,1788086891.352571,50,4.999671,1.097376
worker_4,1854,1788086891.357619,50,4.544880,1.097344
worker_4,1855,1788086891.362189,50,4.970698,1.097376
worker_4,1856,1788086891.367208,50,4.545593,1.096896
worker_4,1857,1788086891.371780,50,4.775928,1.113248
worker_4,1858,1788086891.376576,50,4.783335,1.096320
worker_4,1859,1788086891.381376,50,4.995884,1.097152
worker_4,1860,1788086891.386420,50,4.532204,1.097888
worker_4,1861,1788086891.390977,50,4.988051,1.096352
worker_4,1862,1788086891.396013,50,4.545927,1.098112
worker_4,1863,1788086891.400587,50,4.759947,1.097216
worker_4,1864,1788086891.405378,50,4.765707,1.095616
worker_4,1865,1788086891.410160,50,4.775799,1.096640
worker_4,1866,1788086891.414953,50,4.777372,1.098048
worker_4,1867,1788086891.419746,50,4.776984,1.095776
worker_4,1868,1788086891.424539,50,4.776132,1.099264
worker_4,1869,1788086891.429331,50,4.769650,1.097312
worker_4,1870,1788086891.434112,50,4.958013,1.097408
worker_4,1871,1788086891.439103,50,4.616103,1.097184
worker_4,1872,1788086891.443744,50,4.753789,1.097152
worker_4,1873,1788086891.448519,50,4.772309,1.098592
worker_4,1874,1788086891.453308,50,4.771308,1.097152
worker_4,1875,1788086891.458095,50,4.782798,1.095616
worker_4,1876,1788086891.462892,50,4.780630,1.095456
worker_4,1877,1788086891.467688,50,4.782030,1.097728
worker_4,1878,1788086891.472489,50,4.783066,1.105536
worker_4,1879,1788086891.477287,50,4.778485,1.098464
worker_4,1880,1788086891.482081,50,4.786641,1.097312
worker_4,1881,1788086891.486882,50,4.779374,1.097152
worker_4,1882,1788086891.491677,50,4.775076,1.096192
worker_4,1883,1788086891.496468,50,4.997282,1.105536
worker_4,1884,1788086891.501525,50,4.526528,1.097696
worker_4,1885,1788086891.506078,50,4.999180,1.096928
worker_4,1886,1788086891.511126,50,4.539056,1.098560
worker_4,1887,1788086891.515693,50,4.765863,1.099456
worker_4,1888,1788086891.520477,50,4.772141,1.097760
worker_4,1889,1788086891.525264,50,4.987958,1.097696
worker_4,1890,1788086891.530300,50,4.557389,1.100768
worker_4,1891,1788086891.534882,50,4.968068,1.098912
worker_4,1892,1788086891.539897,50,4.543575,1.098528
worker_4,1893,1788086891.544468,50,4.768807,1.101568
worker_4,1894,1788086891.549257,50,4.772770,1.096544
worker_4,1895,1788086891.554045,50,5.008773,1.102304
worker_4,1896,1788086891.559103,50,4.541490,1.097056
worker_4,1897,1788086891.563671,50,4.762002,1.098784
worker_4,1898,1788086891.568453,50,4.785261,1.101472
worker_4,1899,1788086891.573255,50,4.995949,1.097600
worker_4,1900,1788086891.578299,50,4.545909,1.098144
worker_4,1901,1788086891.582871,50,4.978837,1.097696
worker_4,1902,1788086891.587897,50,4.544084,1.103744
worker_4,1903,1788086891.592480,50,4.995337,1.105696
worker_4,1904,1788086891.597523,50,4.523750,1.098336
worker_4,1905,1788086891.602072,50,4.975568,1.098080
worker_4,1906,1788086891.607096,50,4.539629,1.097760
worker_4,1907,1788086891.611660,50,4.782003,1.109536
worker_4,1908,1788086891.616459,50,4.783762,1.097728
worker_4,1909,1788086891.621258,50,5.029578,1.097568
worker_4,1910,1788086891.626341,50,4.495379,1.098528
worker_4,1911,1788086891.630862,50,4.974309,1.095232
worker_4,1912,1788086891.635885,50,4.557844,1.107712
worker_4,1913,1788086891.640468,50,4.994134,1.099040
worker_4,1914,1788086891.645511,50,4.541297,1.098208
worker_4,1915,1788086891.650078,50,4.973957,1.097056
worker_4,1916,1788086891.655100,50,4.547083,1.098208
worker_4,1917,1788086891.659671,50,4.778734,1.102816
worker_4,1918,1788086891.664467,50,4.794067,1.097312
worker_4,1919,1788086891.669278,50,4.771678,1.097664
worker_4,1920,1788086891.674066,50,4.797826,1.097184
worker_4,1921,1788086891.678880,50,4.779789,1.097280
worker_4,1922,1788086891.683676,50,4.778670,1.098048
worker_4,1923,1788086891.688479,50,4.767493,1.098592
worker_4,1924,1788086891.693262,50,4.980504,1.096768
worker_4,1925,1788086891.698291,50,4.559084,1.099936
worker_4,1926,1788086891.702878,50,4.968374,1.097568
worker_4,1927,1788086891.707893,50,4.546037,1.098112
worker_4,1928,1788086891.712464,50,4.766585,1.101856
worker_4,1929,1788086891.717249,50,4.767427,1.095872
worker_4,1930,1788086891.722034,50,4.802734,1.101248
worker_4,1931,1788086891.726852,50,4.776548,1.098016
worker_4,1932,1788086891.731644,50,4.781410,1.099936
worker_4,1933,1788086891.736441,50,4.777687,1.104160
worker_4,1934,1788086891.741235,50,4.779613,1.097440
worker_4,1935,1788086891.746029,50,4.809521,1.101728
worker_4,1936,1788086891.750854,50,4.781178,1.098816
worker_4,1937,1788086891.755651,50,4.780355,1.098208
worker_4,1938,1788086891.760447,50,4.776520,1.097696
worker_4,1939,1788086891.765238,50,4.782261,1.097216
worker_4,1940,1788086891.770035,50,4.799226,1.099584
worker_4,1941,1788086891.774848,50,4.779298,1.095872
worker_4,1942,1788086891.779655,50,4.771290,1.096640
worker_4,1943,1788086891.784442,50,4.782946,1.099328
worker_4,1944,1788086891.789239,50,4.780881,1.097504
worker_4,1945,1788086891.794035,50,4.777021,1.097280
worker_4,1946,1788086891.798827,50,4.785131,1.099456
worker_4,1947,1788086891.803628,50,4.783780,1.097792
worker_4,1948,1788086891.808428,50,4.787763,1.097696
worker_4,1949,1788086891.813233,50,4.774928,1.098880
worker_4,1950,1788086891.818027,50,4.772992,1.095264
worker_4,1951,1788086891.822818,50,4.771077,1.097376
worker_4,1952,1788086891.827603,50,4.778668,1.097312
worker_4,1953,1788086891.832398,50,4.777919,1.096576
worker_4,1954,1788086891.837192,50,4.775594,1.096096
worker_4,1955,1788086891.841984,50,4.985615,1.096768
worker_4,1956,1788086891.847018,50,4.542269,1.096928
worker_4,1957,1788086891.851586,50,4.764187,1.098592
worker_4,1958,1788086891.856368,50,4.783900,1.097760
worker_4,1959,1788086891.861168,50,4.983912,1.098336
worker_4,1960,1788086891.866202,50,4.538519,1.099232
worker_4,1961,1788086891.870766,50,4.973902,1.096224
worker_4,1962,1788086891.875802,50,4.530185,1.098688
worker_4,1963,1788086891.880359,50,4.982745,1.096064
worker_4,1964,1788086891.885389,50,4.545703,1.097312
worker_4,1965,1788086891.889959,50,4.972717,1.096832
worker_4,1966,1788086891.894979,50,4.540000,1.097216
worker_4,1967,1788086891.899544,50,4.773067,1.102048
worker_4,1968,1788086891.904337,50,4.782632,1.098368
worker_4,1969,1788086891.909136,50,4.987448,1.097152
worker_4,1970,1788086891.914171,50,4.537418,1.097440
worker_4,1971,1788086891.918734,50,4.760955,1.097504
worker_4,1972,1788086891.923515,50,4.775984,1.095424
worker_4,1973,1788086891.928307,50,4.782196,1.103072
worker_4,1974,1788086891.933105,50,4.774289,1.097408
worker_4,1975,1788086891.937894,50,4.785548,1.097824
worker_4,1976,1788086891.942695,50,4.779808,1.098048
worker_4,1977,1788086891.947490,50,4.778475,1.097152
worker_4,1978,1788086891.952285,50,4.780475,1.100896
worker_4,1979,1788086891.957080,50,4.772910,1.095936
worker_4,1980,1788086891.961868,50,4.987420,1.097696
worker_4,1981,1788086891.966916,50,4.529649,1.097824
worker_4,1982,1788086891.971474,50,4.765049,1.096576
worker_4,1983,1788086891.976258,50,4.772076,1.099904
worker_4,1984,1788086891.981048,50,4.770150,1.096992
worker_4,1985,1788086891.985913,50,4.907114,1.095808
worker_4,1986,1788086891.990869,50,4.536917,1.097472
worker_4,1987,1788086891.995432,50,4.767198,1.097024
worker_4,1988,1788086892.000227,50,4.769169,1.099360
worker_4,1989,1788086892.005015,50,4.773150,1.097568
worker_4,1990,1788086892.009804,50,4.994773,1.097216
worker_4,1991,1788086892.014849,50,4.537102,1.095840
worker_4,1992,1788086892.019413,50,4.757104,1.096768
worker_4,1993,1788086892.024188,50,4.773374,1.100544
worker_4,1994,1788086892.028978,50,4.775576,1.097536
worker_4,1995,1788086892.033771,50,4.777641,1.097824
worker_4,1996,1788086892.038563,50,4.838577,1.097856
worker_4,1997,1788086892.043453,50,4.683520,1.097280
worker_4,1998,1788086892.048163,50,4.763224,1.103168
worker_4,1999,1788086892.052944,50,4.769874,1.097088
worker_4,2000,1788086892.057727,50,4.785993,1.096512
worker_4,2001,1788086892.062536,50,4.964134,1.097376
worker_4,2002,1788086892.067549,50,4.561344,1.096672
worker_4,2003,1788086892.072135,50,4.767474,1.099648
worker_4,2004,1788086892.076920,50,4.783670,1.098208
worker_4,2005,1788086892.081720,50,4.773678,1.097760
worker_4,2006,1788086892.086510,50,4.775345,1.096736
worker_4,2007,1788086892.091302,50,4.771844,1.095584
worker_4,2008,1788086892.096090,50,4.786911,1.099808
worker_4,2009,1788086892.100894,50,4.985355,1.096896
worker_4,2010,1788086892.105931,50,4.539167,1.098048
worker_4,2011,1788086892.110498,50,4.969124,1.098528
worker_4,2012,1788086892.115517,50,4.540687,1.098528
worker_4,2013,1788086892.120083,50,4.762345,1.098816
worker_4,2014,1788086892.124863,50,4.798983,1.101472
worker_4,2015,1788086892.129679,50,4.996300,1.099200
worker_4,2016,1788086892.134725,50,4.545750,1.096096
worker_4,2017,1788086892.139299,50,4.762603,1.098496
worker_4,2018,1788086892.144081,50,4.771817,1.097536
worker_4,2019,1788086892.148867,50,4.797409,1.097632
worker_4,2020,1788086892.153692,50,4.766095,1.096608
worker_4,2021,1788086892.158474,50,4.992615,1.097632
worker_4,2022,1788086892.163516,50,4.532407,1.096864
worker_4,2023,1788086892.168075,50,4.770938,1.103200
worker_4,2024,1788086892.172866,50,4.771548,1.097088
worker_4,2025,1788086892.177655,50,4.772373,1.097152
worker_4,2026,1788086892.182444,50,4.777919,1.096704
worker_4,2027,1788086892.187238,50,5.019337,1.097504
worker_4,2028,1788086892.192306,50,4.530028,1.098592
worker_4,2029,1788086892.196862,50,4.977495,1.098080
worker_4,2030,1788086892.201887,50,4.539185,1.098144
worker_4,2031,1788086892.206451,50,4.973078,1.097952
worker_4,2032,1788086892.211474,50,4.564964,1.097024
worker_4,2033,1788086892.216065,50,4.766502,1.099424
worker_4,2034,1788086892.220851,50,4.768539,1.097760
worker_4,2035,1788086892.225636,50,5.020726,1.096640
worker_4,2036,1788086892.230706,50,4.510731,1.096320
worker_4,2037,1788086892.235245,50,4.791150,1.097312
worker_4,2038,1788086892.240056,50,4.773687,1.098336
worker_4,2039,1788086892.244846,50,4.783390,1.096160
worker_4,2040,1788086892.249666,50,4.753816,1.097792
worker_4,2041,1788086892.254443,50,4.816198,1.097600
worker_4,2042,1788086892.259298,50,4.883736,1.097696
worker_4,2043,1788086892.264246,50,4.541861,1.098944
worker_4,2044,1788086892.268810,50,4.765020,1.098784
worker_4,2045,1788086892.273590,50,4.772789,1.096256
worker_4,2046,1788086892.278377,50,4.778039,1.097824
worker_4,2047,1788086892.283168,50,4.795289,1.097472
worker_4,2048,1788086892.287975,50,4.772956,1.097376
worker_4,2049,1788086892.292763,50,4.777836,1.097792
worker_4,2050,1788086892.297558,50,4.775742,1.097408
worker_4,2051,1788086892.302350,50,4.781928,1.103712
worker_4,2052,1788086892.307149,50,4.987151,1.096320
worker_4,2053,1788086892.312187,50,4.535278,1.095680
worker_4,2054,1788086892.316750,50,4.754872,1.098592
worker_4,2055,1788086892.321527,50,4.774605,1.096416
worker_4,2056,1788086892.326322,50,4.768178,1.098720
worker_4,2057,1788086892.331107,50,4.774243,1.096960
worker_4,2058,1788086892.335896,50,4.783520,1.104032
worker_4,2059,1788086892.340701,50,4.774011,1.097824
worker_4,2060,1788086892.345495,50,4.766326,1.096832
worker_4,2061,1788086892.350281,50,4.769383,1.097728
worker_4,2062,1788086892.355067,50,4.789585,1.099552
worker_4,2063,1788086892.359872,50,4.777170,1.097280
worker_4,2064,1788086892.364664,50,4.773919,1.096640
worker_4,2065,1788086892.369453,50,4.778252,1.099744
worker_4,2066,1788086892.374247,50,4.781530,1.097184
worker_4,2067,1788086892.379044,50,4.774725,1.098432
worker_4,2068,1788086892.383834,50,4.775400,1.097856
worker_4,2069,1788086892.388628,50,4.772632,1.098432
worker_4,2070,1788086892.393416,50,4.775215,1.096640
worker_4,2071,1788086892.398204,50,4.798891,1.096672
worker_4,2072,1788086892.403037,50,4.736622,1.097504
worker_4,2073,1788086892.407791,50,4.786114,1.099360
worker_4,2074,1788086892.412599,50,4.762484,1.096448
worker_4,2075,1788086892.417380,50,4.776281,1.096800
worker_4,2076,1788086892.422174,50,4.768446,1.097248
worker_4,2077,1788086892.426962,50,4.775743,1.096480
worker_4,2078,1788086892.431754,50,4.778391,1.098624
worker_4,2079,1788086892.436556,50,4.767465,1.097536
worker_4,2080,1788086892.441341,50,4.781863,1.097472
worker_4,2081,1788086892.446142,50,4.771133,1.097056
worker_4,2082,1788086892.450929,50,4.776974,1.097184
worker_4,2083,1788086892.455721,50,4.941605,1.098496
worker_4,2084,1788086892.460678,50,4.780539,1.095680
worker_4,2085,1788086892.465473,50,4.767252,1.097792
worker_4,2086,1788086892.470255,50,4.775466,1.096416
worker_4,2087,1788086892.475047,50,4.663909,1.097792
worker_4,2088,1788086892.479726,50,4.915754,1.099264
worker_4,2089,1788086892.484656,50,4.776280,1.097600
worker_4,2090,1788086892.489447,50,4.771955,1.096928
worker_4,2091,1788086892.494235,50,4.795429,1.098688
worker_4,2092,1788086892.499049,50,4.770594,1.098496
worker_4,2093,1788086892.503840,50,4.774660,1.098752
worker_4,2094,1788086892.508632,50,4.650048,1.098304
worker_4,2095,1788086892.513299,50,4.899697,1.096992
worker_4,2096,1788086892.518214,50,4.764021,1.096512
worker_4,2097,1788086892.522994,50,4.784632,1.097120
worker_4,2098,1788086892.527802,50,4.786252,1.102272
worker_4,2099,1788086892.532604,50,4.638667,1.098304
worker_4,2100,1788086892.537258,50,4.772669,1.096832
worker_4,2101,1788086892.542047,50,4.989940,1.098688
worker_4,2102,1788086892.547086,50,4.738049,1.095712
worker_4,2103,1788086892.551871,50,4.542454,1.095744
worker_4,2104,1788086892.556442,50,4.758308,1.097600
worker_4,2105,1788086892.561219,50,4.774632,1.098272
worker_4,2106,1788086892.566010,50,4.780141,1.097376
worker_4,2107,1788086892.570806,50,4.777938,1.098144
worker_4,2108,1788086892.575599,50,4.780604,1.097888
worker_4,2109,1788086892.580395,50,4.770187,1.097088
worker_4,2110,1788086892.585181,50,4.777697,1.096512
worker_4,2111,1788086892.589973,50,4.777290,1.097760
worker_4,2112,1788086892.594766,50,4.780354,1.098432
worker_4,2113,1788086892.599563,50,4.781928,1.096992
worker_4,2114,1788086892.604362,50,4.784244,1.105088
worker_4,2115,1788086892.609161,50,4.778817,1.097792
worker_4,2116,1788086892.613955,50,4.782650,1.097184
worker_4,2117,1788086892.618752,50,4.783669,1.096864
worker_4,2118,1788086892.623559,50,4.774678,1.100928
worker_4,2119,1788086892.628349,50,4.773114,1.098400
worker_4,2120,1788086892.633137,50,4.779530,1.099040
worker_4,2121,1788086892.637932,50,4.778187,1.098208
worker_4,2122,1788086892.642725,50,4.989114,1.097056
worker_4,2123,1788086892.647764,50,4.757947,1.104320
worker_4,2124,1788086892.652572,50,4.756733,1.096896
worker_4,2125,1788086892.657375,50,4.547806,1.097280
worker_4,2126,1788086892.661949,50,4.760344,1.096960
worker_4,2127,1788086892.666728,50,4.771170,1.096480
worker_4,2128,1788086892.671516,50,4.773928,1.097600
worker_4,2129,1788086892.676307,50,4.772622,1.097408
worker_4,2130,1788086892.681095,50,4.781772,1.097600
worker_4,2131,1788086892.685891,50,4.784150,1.096512
worker_4,2132,1788086892.690692,50,4.777076,1.097280
worker_4,2133,1788086892.695486,50,4.775742,1.096544
worker_4,2134,1788086892.700278,50,4.781141,1.098272
worker_4,2135,1788086892.705074,50,4.777567,1.097504
worker_4,2136,1788086892.709938,50,4.702363,1.098208
worker_4,2137,1788086892.714672,50,4.921225,1.097792
worker_4,2138,1788086892.719611,50,4.788928,1.098944
worker_4,2139,1788086892.724415,50,4.630918,1.098560
worker_4,2140,1788086892.729063,50,4.922263,1.097504
worker_4,2141,1788086892.734000,50,4.779326,1.097088
worker_4,2142,1788086892.738794,50,4.626437,1.098176
worker_4,2143,1788086892.743436,50,4.787067,1.097696
worker_4,2144,1788086892.748244,50,4.760159,1.097888
worker_4,2145,1788086892.753021,50,4.991125,1.097216
worker_4,2146,1788086892.758060,50,4.743854,1.097408
worker_4,2147,1788086892.762851,50,4.543611,1.098272
worker_4,2148,1788086892.767421,50,4.763039,1.096320
worker_4,2149,1788086892.772201,50,4.779123,1.097024
worker_4,2150,1788086892.776996,50,4.784567,1.098592
worker_4,2151,1788086892.781796,50,4.773002,1.099584
worker_4,2152,1788086892.786585,50,4.775429,1.096672
worker_4,2153,1788086892.791377,50,4.787345,1.098624
worker_4,2154,1788086892.796180,50,4.780002,1.097632
worker_4,2155,1788086892.800978,50,4.770725,1.097824
worker_4,2156,1788086892.805765,50,4.783317,1.098336
worker_4,2157,1788086892.810571,50,4.768206,1.097408
worker_4,2158,1788086892.815356,50,4.799779,1.097216
worker_4,2159,1788086892.820170,50,4.785160,1.099296
worker_4,2160,1788086892.824971,50,4.795576,1.099552
worker_4,2161,1788086892.829783,50,4.782076,1.097600
worker_4,2162,1788086892.834580,50,4.777929,1.098368
worker_4,2163,1788086892.839373,50,4.775502,1.096960
worker_4,2164,1788086892.844164,50,4.781345,1.099008
worker_4,2165,1788086892.848961,50,4.816104,1.095936
worker_4,2166,1788086892.853811,50,4.915948,1.097376
worker_4,2167,1788086892.858774,50,4.551833,1.097824
worker_4,2168,1788086892.863354,50,4.758447,1.097760
worker_4,2169,1788086892.868132,50,4.773752,1.097216
worker_4,2170,1788086892.872922,50,4.786670,1.099680
worker_4,2171,1788086892.877725,50,4.771928,1.096768
worker_4,2172,1788086892.882513,50,4.775779,1.097312
worker_4,2173,1788086892.887305,50,4.987781,1.095616
worker_4,2174,1788086892.892341,50,4.540010,1.097536
worker_4,2175,1788086892.896905,50,4.966596,1.097184
worker_4,2176,1788086892.901935,50,4.519714,1.096448
worker_4,2177,1788086892.906482,50,4.961412,1.096192
worker_4,2178,1788086892.911493,50,4.576205,1.096736
worker_4,2179,1788086892.916094,50,4.761140,1.097664
worker_4,2180,1788086892.920874,50,4.773103,1.097728
worker_4,2181,1788086892.925664,50,4.777668,1.096960
worker_4,2182,1788086892.930458,50,4.784947,1.096416
worker_4,2183,1788086892.935258,50,4.998985,1.097696
worker_4,2184,1788086892.940306,50,4.532242,1.102720
worker_4,2185,1788086892.944865,50,4.985884,1.105248
worker_4,2186,1788086892.949901,50,4.537842,1.096928
worker_4,2187,1788086892.954467,50,4.962995,1.095968
worker_4,2188,1788086892.959479,50,4.568260,1.096928
worker_4,2189,1788086892.964074,50,4.769548,1.103840
worker_4,2190,1788086892.968862,50,4.770215,1.098368
worker_4,2191,1788086892.973650,50,4.989254,1.096256
worker_4,2192,1788086892.978687,50,4.539297,1.096352
worker_4,2193,1788086892.983253,50,4.782613,1.098176
worker_4,2194,1788086892.988054,50,4.780012,1.100928
worker_4,2195,1788086892.992850,50,4.777400,1.098880
worker_4,2196,1788086892.997656,50,4.763844,1.098048
worker_4,2197,1788086893.002436,50,4.776771,1.098112
worker_4,2198,1788086893.007228,50,4.805215,1.096992
worker_4,2199,1788086893.012050,50,4.781911,1.099584
worker_4,2200,1788086893.016849,50,4.794270,1.103744
worker_4,2201,1788086893.021659,50,4.778948,1.097536
worker_4,2202,1788086893.026453,50,4.782678,1.098336
worker_4,2203,1788086893.031251,50,4.778317,1.097536
worker_4,2204,1788086893.036045,50,4.779724,1.101824
worker_4,2205,1788086893.040839,50,4.772150,1.095744
worker_4,2206,1788086893.045627,50,4.775039,1.097216
worker_4,2207,1788086893.050418,50,4.775531,1.097568
worker_4,2208,1788086893.055209,50,4.784187,1.095808
worker_4,2209,1788086893.060009,50,4.779391,1.099872
worker_4,2210,1788086893.064803,50,4.777668,1.096704
worker_4,2211,1788086893.069595,50,4.786446,1.098176
worker_4,2212,1788086893.074400,50,4.776409,1.098080
worker_4,2213,1788086893.079191,50,4.782965,1.095680
worker_4,2214,1788086893.083989,50,4.781807,1.100288
worker_4,2215,1788086893.088795,50,4.767956,1.097312
worker_4,2216,1788086893.093578,50,4.780770,1.099456
worker_4,2217,1788086893.098373,50,4.992698,1.097568
worker_4,2218,1788086893.103415,50,4.746243,1.097504
worker_4,2219,1788086893.108208,50,4.754650,1.100064
worker_4,2220,1788086893.113009,50,4.746280,1.099488
worker_4,2221,1788086893.117803,50,4.746622,1.098400
worker_4,2222,1788086893.122597,50,4.744252,1.097888
worker_4,2223,1788086893.127388,50,4.559019,1.098272
worker_4,2224,1788086893.131972,50,4.763363,1.099840
worker_4,2225,1788086893.136753,50,4.773984,1.096256
worker_4,2226,1788086893.141543,50,4.987717,1.097376
worker_4,2227,1788086893.146579,50,4.545630,1.097344
worker_4,2228,1788086893.151152,50,4.776206,1.097600
worker_4,2229,1788086893.155947,50,4.773733,1.099872
worker_4,2230,1788086893.160738,50,4.775142,1.098752
worker_4,2231,1788086893.165531,50,4.774631,1.097696
worker_4,2232,1788086893.170320,50,4.775974,1.097664
worker_4,2233,1788086893.175112,50,4.987995,1.096768
worker_4,2234,1788086893.180148,50,4.538065,1.096800
worker_4,2235,1788086893.184726,50,4.958420,1.100480
worker_4,2236,1788086893.189732,50,4.537371,1.095968
worker_4,2237,1788086893.194294,50,4.976921,1.096320
worker_4,2238,1788086893.199319,50,4.540352,1.096448
worker_4,2239,1788086893.203886,50,4.770493,1.101088
worker_4,2240,1788086893.208676,50,4.764659,1.096544
worker_4,2241,1788086893.213456,50,4.988310,1.098272
worker_4,2242,1788086893.218494,50,4.539092,1.097600
worker_4,2243,1788086893.223058,50,4.967615,1.096096
worker_4,2244,1788086893.228076,50,4.548473,1.103232
worker_4,2245,1788086893.232650,50,4.966523,1.096000
worker_4,2246,1788086893.237664,50,4.551844,1.098144
worker_4,2247,1788086893.242241,50,4.973050,1.099072
worker_4,2248,1788086893.247261,50,4.551593,1.098400
worker_4,2249,1788086893.251837,50,4.773530,1.099840
worker_4,2250,1788086893.256629,50,4.771577,1.097152
worker_4,2251,1788086893.261417,50,4.985106,1.096032
worker_4,2252,1788086893.266450,50,4.544760,1.097504
worker_4,2253,1788086893.271020,50,4.989375,1.097248
worker_4,2254,1788086893.276069,50,4.533538,1.106656
worker_4,2255,1788086893.280628,50,4.980235,1.096896
worker_4,2256,1788086893.285658,50,4.536918,1.099392
worker_4,2257,1788086893.290221,50,4.768734,1.097824
worker_4,2258,1788086893.295009,50,4.772890,1.099072
worker_4,2259,1788086893.299798,50,4.778901,1.098368
worker_4,2260,1788086893.304593,50,4.778725,1.101024
worker_4,2261,1788086893.309387,50,4.988050,1.095584
worker_4,2262,1788086893.314423,50,4.546566,1.097088
worker_4,2263,1788086893.318994,50,4.971301,1.096672
worker_4,2264,1788086893.324014,50,4.538658,1.097792
worker_4,2265,1788086893.328581,50,5.008736,1.101568
worker_4,2266,1788086893.333638,50,4.507861,1.097728
worker_4,2267,1788086893.338170,50,4.994125,1.097248
worker_4,2268,1788086893.343212,50,4.534241,1.097792
worker_4,2269,1788086893.347774,50,4.759826,1.095904
worker_4,2270,1788086893.352552,50,4.781243,1.103872
worker_4,2271,1788086893.357349,50,4.984847,1.099040
worker_4,2272,1788086893.362384,50,4.554593,1.097152
worker_4,2273,1788086893.366966,50,4.965087,1.095744
worker_4,2274,1788086893.371991,50,4.533352,1.097952
worker_4,2275,1788086893.376551,50,4.983495,1.099904
worker_4,2276,1788086893.381582,50,4.532037,1.098592
worker_4,2277,1788086893.386141,50,5.016477,1.097504
worker_4,2278,1788086893.391204,50,4.509139,1.099232
worker_4,2279,1788086893.395738,50,4.766159,1.098688
worker_4,2280,1788086893.400522,50,4.791855,1.102464
worker_4,2281,1788086893.405330,50,4.779947,1.097152
worker_4,2282,1788086893.410125,50,4.777078,1.098432
worker_4,2283,1788086893.414918,50,4.775854,1.096768
worker_4,2284,1788086893.419711,50,4.777687,1.097376
worker_4,2285,1788086893.424505,50,4.770585,1.097440
worker_4,2286,1788086893.429291,50,4.780076,1.097088
worker_4,2287,1788086893.434169,50,4.694557,1.097280
worker_4,2288,1788086893.438882,50,4.772133,1.097632
worker_4,2289,1788086893.443671,50,4.774882,1.097440
worker_4,2290,1788086893.448463,50,4.777669,1.099296
worker_4,2291,1788086893.453256,50,4.859197,1.095744
worker_4,2292,1788086893.458132,50,4.843169,1.097664
worker_4,2293,1788086893.463003,50,4.764928,1.097344
worker_4,2294,1788086893.467783,50,4.777224,1.097344
worker_4,2295,1788086893.472578,50,4.693955,1.098688
worker_4,2296,1788086893.477287,50,4.725623,1.099104
worker_4,2297,1788086893.482028,50,4.802576,1.096864
worker_4,2298,1788086893.486845,50,4.777661,1.097440
worker_4,2299,1788086893.491638,50,4.774779,1.096672
worker_4,2300,1788086893.496429,50,4.992365,1.097792
worker_4,2301,1788086893.501470,50,4.745122,1.097152
worker_4,2302,1788086893.506261,50,4.758391,1.097920
worker_4,2303,1788086893.511067,50,4.749243,1.097728
worker_4,2304,1788086893.515865,50,4.543028,1.098208
worker_4,2305,1788086893.520435,50,4.973115,1.101184
worker_4,2306,1788086893.525456,50,4.537288,1.097792
worker_4,2307,1788086893.530018,50,4.978745,1.099680
worker_4,2308,1788086893.535038,50,4.983985,1.097664
worker_4,2309,1788086893.540057,50,4.564010,1.097568
worker_4,2310,1788086893.544666,50,4.515509,1.097312
worker_4,2311,1788086893.549208,50,4.756539,1.096608
worker_4,2312,1788086893.553983,50,4.782049,1.096544
worker_4,2313,1788086893.558800,50,4.752863,1.098528
worker_4,2314,1788086893.563571,50,4.771234,1.097504
worker_4,2315,1788086893.568360,50,4.774001,1.095520
worker_4,2316,1788086893.573152,50,4.776557,1.099392
worker_4,2317,1788086893.577943,50,4.776354,1.097472
worker_4,2318,1788086893.582734,50,4.787993,1.098400
worker_4,2319,1788086893.587541,50,4.771085,1.097504
worker_4,2320,1788086893.592328,50,4.766455,1.098176
worker_4,2321,1788086893.597110,50,4.779734,1.097792
worker_4,2322,1788086893.601904,50,4.779290,1.096896
worker_4,2323,1788086893.606697,50,4.780076,1.098560
worker_4,2324,1788086893.611492,50,4.995680,1.096448
worker_4,2325,1788086893.616533,50,4.734113,1.098656
worker_4,2326,1788086893.621312,50,4.549742,1.098912
worker_4,2327,1788086893.625887,50,4.765067,1.097472
worker_4,2328,1788086893.630669,50,4.773873,1.097632
worker_4,2329,1788086893.635458,50,4.779141,1.097440
worker_4,2330,1788086893.640253,50,4.983133,1.099200
worker_4,2331,1788086893.645283,50,4.543065,1.097088
worker_4,2332,1788086893.649863,50,4.813881,1.097568
worker_4,2333,1788086893.654723,50,4.697918,1.097312
worker_4,2334,1788086893.659447,50,4.759325,1.097760
worker_4,2335,1788086893.664230,50,4.776400,1.097248
worker_4,2336,1788086893.669023,50,4.780947,1.097952
worker_4,2337,1788086893.673818,50,4.777446,1.097504
worker_4,2338,1788086893.678609,50,4.777085,1.097056
worker_4,2339,1788086893.683403,50,4.992707,1.097024
worker_4,2340,1788086893.688445,50,4.543861,1.097088
worker_4,2341,1788086893.693013,50,4.983161,1.097792
worker_4,2342,1788086893.698043,50,4.540445,1.098912
worker_4,2343,1788086893.702608,50,4.969486,1.098240
worker_4,2344,1788086893.707625,50,4.542121,1.098912
worker_4,2345,1788086893.712192,50,4.768020,1.097632
worker_4,2346,1788086893.716978,50,4.791251,1.100192
worker_4,2347,1788086893.721784,50,4.994144,1.097152
worker_4,2348,1788086893.726825,50,4.541981,1.098080
worker_4,2349,1788086893.731391,50,4.760522,1.095552
worker_4,2350,1788086893.736169,50,4.773131,1.095904
worker_4,2351,1788086893.740958,50,4.790290,1.100032
worker_4,2352,1788086893.745777,50,4.761196,1.099104
worker_4,2353,1788086893.750553,50,4.988189,1.097280
worker_4,2354,1788086893.755589,50,4.545741,1.096928
worker_4,2355,1788086893.760160,50,4.766539,1.098176
worker_4,2356,1788086893.764944,50,4.797789,1.102208
worker_4,2357,1788086893.769758,50,4.982809,1.096992
worker_4,2358,1788086893.774788,50,4.547777,1.098304
worker_4,2359,1788086893.779363,50,4.756724,1.097376
worker_4,2360,1788086893.784137,50,4.779428,1.101312
worker_4,2361,1788086893.788932,50,4.779743,1.098880
worker_4,2362,1788086893.793727,50,4.777530,1.096736
worker_4,2363,1788086893.798523,50,4.772428,1.099392
worker_4,2364,1788086893.803310,50,5.011930,1.097376
worker_4,2365,1788086893.808369,50,4.539565,1.098144
worker_4,2366,1788086893.812934,50,4.967578,1.097184
worker_4,2367,1788086893.817951,50,4.541047,1.095936
worker_4,2368,1788086893.822516,50,4.766002,1.098464
worker_4,2369,1788086893.827300,50,5.004504,1.097568
worker_4,2370,1788086893.832351,50,4.548473,1.101952
worker_4,2371,1788086893.836937,50,4.958902,1.097184
worker_4,2372,1788086893.841943,50,4.546584,1.095936
worker_4,2373,1788086893.846514,50,4.970375,1.097952
worker_4,2374,1788086893.851531,50,4.552370,1.097600
worker_4,2375,1788086893.856107,50,4.767077,1.102464
worker_4,2376,1788086893.860892,50,4.775863,1.097152
worker_4,2377,1788086893.865683,50,4.780744,1.096960
worker_4,2378,1788086893.870479,50,4.780604,1.098048
worker_4,2379,1788086893.875275,50,4.793160,1.097504
worker_4,2380,1788086893.880082,50,4.778132,1.101024
worker_4,2381,1788086893.884874,50,4.777317,1.098048
worker_4,2382,1788086893.889666,50,4.776928,1.095712
worker_4,2383,1788086893.894457,50,4.777771,1.098176
worker_4,2384,1788086893.899249,50,4.778937,1.098112
worker_4,2385,1788086893.904042,50,4.778651,1.099040
worker_4,2386,1788086893.908837,50,4.796280,1.103488
worker_4,2387,1788086893.913648,50,4.777883,1.097120
worker_4,2388,1788086893.918441,50,4.781040,1.097504
worker_4,2389,1788086893.923237,50,4.779947,1.097280
worker_4,2390,1788086893.928033,50,4.780086,1.098880
worker_4,2391,1788086893.932839,50,4.792002,1.111680
worker_4,2392,1788086893.937646,50,4.781215,1.098176
worker_4,2393,1788086893.942442,50,4.782141,1.098016
worker_4,2394,1788086893.947239,50,4.773919,1.097184
worker_4,2395,1788086893.952029,50,4.779735,1.097792
worker_4,2396,1788086893.956823,50,5.026615,1.103392
worker_4,2397,1788086893.961897,50,4.741048,1.098112
worker_4,2398,1788086893.966686,50,4.748965,1.097792
worker_4,2399,1788086893.971481,50,4.539601,1.097120
worker_4,2400,1788086893.976044,50,4.765178,1.096288
worker_4,2401,1788086893.980827,50,4.804261,1.109408
worker_4,2402,1788086893.985646,50,4.995283,1.097376
worker_4,2403,1788086893.990690,50,4.530500,1.097792
worker_4,2404,1788086893.995244,50,4.766187,1.097440
worker_4,2405,1788086894.000027,50,4.777568,1.098368
worker_4,2406,1788086894.004820,50,4.785558,1.102304
worker_4,2407,1788086894.009620,50,4.782179,1.098560
worker_4,2408,1788086894.014417,50,4.988634,1.096416
worker_4,2409,1788086894.019454,50,4.545213,1.097824
worker_4,2410,1788086894.024032,50,4.761956,1.097728
worker_4,2411,1788086894.028811,50,4.772484,1.098048
worker_4,2412,1788086894.033599,50,4.781308,1.098784
worker_4,2413,1788086894.038396,50,4.777493,1.096448
worker_4,2414,1788086894.043189,50,4.782307,1.098624
worker_4,2415,1788086894.047987,50,4.777558,1.101664
worker_4,2416,1788086894.052779,50,4.773095,1.096064
worker_4,2417,1788086894.057568,50,4.998670,1.099040
worker_4,2418,1788086894.062616,50,4.538046,1.097696
worker_4,2419,1788086894.067178,50,4.773271,1.098976
worker_4,2420,1788086894.071968,50,4.776076,1.097792
worker_4,2421,1788086894.076758,50,4.780095,1.097792
worker_4,2422,1788086894.081553,50,4.780298,1.098080
worker_4,2423,1788086894.086347,50,5.002561,1.097280
worker_4,2424,1788086894.091398,50,4.541111,1.096480
worker_4,2425,1788086894.095962,50,4.765485,1.098464
worker_4,2426,1788086894.100745,50,4.771660,1.097024
worker_4,2427,1788086894.105532,50,4.992171,1.096640
worker_4,2428,1788086894.110570,50,4.534130,1.097600
worker_4,2429,1788086894.115128,50,5.005995,1.096608
worker_4,2430,1788086894.120194,50,4.525890,1.100576
worker_4,2431,1788086894.124744,50,4.976643,1.097568
worker_4,2432,1788086894.129769,50,4.538666,1.095328
worker_4,2433,1788086894.134335,50,4.972236,1.097568
worker_4,2434,1788086894.139355,50,4.557212,1.099168
worker_4,2435,1788086894.143937,50,4.760548,1.097760
worker_4,2436,1788086894.148715,50,4.799688,1.103968
worker_4,2437,1788086894.153530,50,4.834846,1.098656
worker_4,2438,1788086894.158492,50,4.611826,1.097664
worker_4,2439,1788086894.163130,50,4.965976,1.096544
worker_4,2440,1788086894.168144,50,4.551427,1.097088
worker_4,2441,1788086894.172718,50,4.964985,1.099104
worker_4,2442,1788086894.177730,50,4.543648,1.095616
worker_4,2443,1788086894.182298,50,4.982532,1.096480
worker_4,2444,1788086894.187328,50,4.537611,1.098528
worker_4,2445,1788086894.191889,50,4.770484,1.097760
worker_4,2446,1788086894.196677,50,4.768928,1.098112
worker_4,2447,1788086894.201462,50,4.987467,1.098400
worker_4,2448,1788086894.206497,50,4.545307,1.098816
worker_4,2449,1788086894.211080,50,4.961069,1.098880
worker_4,2450,1788086894.216088,50,4.542436,1.098848
worker_4,2451,1788086894.220657,50,4.970023,1.097280
worker_4,2452,1788086894.225674,50,4.544787,1.098176
worker_4,2453,1788086894.230244,50,4.969910,1.096896
worker_4,2454,1788086894.235262,50,4.540778,1.098336
worker_4,2455,1788086894.239827,50,4.767105,1.098336
worker_4,2456,1788086894.244613,50,4.774540,1.097536
worker_4,2457,1788086894.249404,50,4.986616,1.098336
worker_4,2458,1788086894.254439,50,4.548436,1.096160
worker_4,2459,1788086894.259013,50,4.968458,1.097344
worker_4,2460,1788086894.264027,50,4.542389,1.096928
worker_4,2461,1788086894.268594,50,4.972476,1.096352
worker_4,2462,1788086894.273614,50,4.537352,1.097120
worker_4,2463,1788086894.278177,50,4.968476,1.097408
worker_4,2464,1788086894.283193,50,4.543981,1.096576
worker_4,2465,1788086894.287762,50,4.777641,1.101248
worker_4,2466,1788086894.292558,50,4.771271,1.096768
worker_4,2467,1788086894.297345,50,4.781567,1.096864
worker_4,2468,1788086894.302147,50,4.769567,1.099072
worker_4,2469,1788086894.306947,50,4.760956,1.096832
worker_4,2470,1788086894.311726,50,4.778604,1.099776
worker_4,2471,1788086894.316522,50,4.791364,1.097536
worker_4,2472,1788086894.321329,50,4.780066,1.098304
worker_4,2473,1788086894.326124,50,4.775595,1.098272
worker_4,2474,1788086894.330915,50,4.776122,1.097792
worker_4,2475,1788086894.335707,50,4.773372,1.098304
worker_4,2476,1788086894.340496,50,4.988606,1.096192
worker_4,2477,1788086894.345532,50,4.547640,1.098560
worker_4,2478,1788086894.350105,50,4.766427,1.097344
worker_4,2479,1788086894.354890,50,4.780744,1.097792
worker_4,2480,1788086894.359688,50,4.771789,1.097024
worker_4,2481,1788086894.364475,50,4.791705,1.097696
worker_4,2482,1788086894.369282,50,4.783409,1.098304
worker_4,2483,1788086894.374081,50,4.777687,1.098240
worker_4,2484,1788086894.378874,50,4.782818,1.097792
worker_4,2485,1788086894.383671,50,4.780205,1.098272
worker_4,2486,1788086894.388466,50,4.791974,1.097152
worker_4,2487,1788086894.393273,50,4.782474,1.098336
worker_4,2488,1788086894.398084,50,4.762992,1.095712
worker_4,2489,1788086894.402862,50,4.780846,1.097792
worker_4,2490,1788086894.407660,50,4.781918,1.102912
worker_4,2491,1788086894.412458,50,4.788927,1.097696
worker_4,2492,1788086894.417261,50,4.784725,1.097824
worker_4,2493,1788086894.422061,50,4.776140,1.098784
worker_4,2494,1788086894.426853,50,4.784364,1.097600
worker_4,2495,1788086894.431653,50,4.780900,1.102016
worker_4,2496,1788086894.436449,50,4.789040,1.096608
worker_4,2497,1788086894.441253,50,4.782761,1.099008
worker_4,2498,1788086894.446050,50,5.012560,1.097024
worker_4,2499,1788086894.451106,50,5.033670,1.096864
worker_4,2500,1788086894.456182,50,4.702242,1.102848
worker_4,2501,1788086894.460923,50,4.830419,1.095520
worker_4,2502,1788086894.465791,50,4.435564,1.097696
worker_4,2503,1788086894.470276,50,4.540564,1.097568
worker_4,2504,1788086894.474845,50,4.753817,1.097824
worker_4,2505,1788086894.479618,50,4.781261,1.100064
worker_4,2506,1788086894.484422,50,4.771281,1.096160
worker_4,2507,1788086894.489218,50,4.762845,1.098048
worker_4,2508,1788086894.494010,50,4.768316,1.096512
worker_4,2509,1788086894.498797,50,4.772881,1.099168
worker_4,2510,1788086894.503586,50,4.774141,1.098496
worker_4,2511,1788086894.508376,50,4.781733,1.096256
worker_4,2512,1788086894.513172,50,4.782410,1.097024
worker_4,2513,1788086894.517973,50,4.766762,1.097216
worker_4,2514,1788086894.522760,50,4.771354,1.097216
worker_4,2515,1788086894.527546,50,4.782095,1.096992
worker_4,2516,1788086894.532347,50,5.003467,1.097600
worker_4,2517,1788086894.537386,50,5.004004,1.097568
worker_4,2518,1788086894.542428,50,4.760187,1.096640
worker_4,2519,1788086894.547227,50,4.647797,1.098912
worker_4,2520,1788086894.551916,50,4.403693,1.101184
worker_4,2521,1788086894.556343,50,4.777344,1.097312
worker_4,2522,1788086894.561137,50,4.773485,1.096928
worker_4,2523,1788086894.565926,50,4.783891,1.098240
worker_4,2524,1788086894.570725,50,4.783392,1.098240
worker_4,2525,1788086894.575523,50,5.007595,1.101824
worker_4,2526,1788086894.580578,50,4.749215,1.096032
worker_4,2527,1788086894.585388,50,4.734734,1.096288
worker_4,2528,1788086894.590171,50,4.746585,1.098848
worker_4,2529,1788086894.594965,50,4.744168,1.097120
worker_4,2530,1788086894.599760,50,4.760604,1.100768
worker_4,2531,1788086894.604568,50,4.749845,1.097472
worker_4,2532,1788086894.609366,50,4.748779,1.098208
worker_4,2533,1788086894.614163,50,4.748373,1.096672
worker_4,2534,1788086894.618958,50,4.747354,1.098560
worker_4,2535,1788086894.623752,50,4.553899,1.099040
worker_4,2536,1788086894.628332,50,4.977023,1.098336
worker_4,2537,1788086894.633357,50,4.542185,1.097760
worker_4,2538,1788086894.637924,50,4.971042,1.098400
worker_4,2539,1788086894.642942,50,4.544843,1.097792
worker_4,2540,1788086894.647512,50,4.764159,1.096960
worker_4,2541,1788086894.652294,50,4.784169,1.103296
worker_4,2542,1788086894.657094,50,4.780252,1.099072
worker_4,2543,1788086894.661890,50,4.776336,1.097152
worker_4,2544,1788086894.666681,50,4.788911,1.098304
worker_4,2545,1788086894.671486,50,4.783030,1.101536
worker_4,2546,1788086894.676287,50,4.778493,1.098208
worker_4,2547,1788086894.681094,50,4.768364,1.098624
worker_4,2548,1788086894.685877,50,4.779854,1.099648
worker_4,2549,1788086894.690673,50,4.780892,1.098976
worker_4,2550,1788086894.695469,50,4.778623,1.098496
worker_4,2551,1788086894.700264,50,4.985930,1.099488
worker_4,2552,1788086894.705296,50,4.746975,1.098944
worker_4,2553,1788086894.710092,50,4.743382,1.096864
worker_4,2554,1788086894.714882,50,4.548056,1.099008
worker_4,2555,1788086894.719455,50,4.765410,1.095840
worker_4,2556,1788086894.724240,50,4.766187,1.098080
worker_4,2557,1788086894.729023,50,4.780678,1.097280
worker_4,2558,1788086894.733819,50,4.779826,1.095872
worker_4,2559,1788086894.738614,50,4.992476,1.098272
worker_4,2560,1788086894.743653,50,4.545046,1.098624
worker_4,2561,1788086894.748234,50,4.765085,1.098400
worker_4,2562,1788086894.753018,50,4.782957,1.097856
worker_4,2563,1788086894.757818,50,4.990318,1.098304
worker_4,2564,1788086894.762855,50,4.546714,1.098336
worker_4,2565,1788086894.767426,50,4.759076,1.098400
worker_4,2566,1788086894.772223,50,4.754762,1.101440
worker_4,2567,1788086894.776997,50,4.771224,1.099616
worker_4,2568,1788086894.781785,50,4.783039,1.096960
worker_4,2569,1788086894.786584,50,4.771178,1.096896
worker_4,2570,1788086894.791371,50,4.865966,1.097920
worker_4,2571,1788086894.796286,50,4.681668,1.101408
worker_4,2572,1788086894.800995,50,4.758030,1.098336
worker_4,2573,1788086894.805773,50,4.993059,1.098752
worker_4,2574,1788086894.810814,50,4.540566,1.096768
worker_4,2575,1788086894.815378,50,4.778197,1.098880
worker_4,2576,1788086894.820175,50,4.774623,1.097568
worker_4,2577,1788086894.824965,50,4.774640,1.098752
worker_4,2578,1788086894.829755,50,4.778771,1.096832
worker_4,2579,1788086894.834548,50,4.986634,1.096704
worker_4,2580,1788086894.839584,50,4.554112,1.097216
worker_4,2581,1788086894.844164,50,4.759502,1.097568
worker_4,2582,1788086894.848941,50,4.768993,1.096672
worker_4,2583,1788086894.853725,50,5.005847,1.098336
worker_4,2584,1788086894.858779,50,4.526492,1.096768
worker_4,2585,1788086894.863330,50,4.783353,1.104608
worker_4,2586,1788086894.868142,50,4.766512,1.096864
worker_4,2587,1788086894.872925,50,4.772807,1.098464
worker_4,2588,1788086894.877714,50,4.778576,1.097824
worker_4,2589,1788086894.882584,50,4.944188,1.097024
worker_4,2590,1788086894.887578,50,4.515990,1.096224
worker_4,2591,1788086894.892120,50,4.762789,1.099328
worker_4,2592,1788086894.896902,50,4.780012,1.099168
worker_4,2593,1788086894.901699,50,4.988642,1.096704
worker_4,2594,1788086894.906736,50,4.536213,1.097504
worker_4,2595,1788086894.911296,50,4.758316,1.095744
worker_4,2596,1788086894.916072,50,4.774762,1.097504
worker_4,2597,1788086894.920863,50,4.788465,1.096512
worker_4,2598,1788086894.925667,50,4.775566,1.097344
worker_4,2599,1788086894.930457,50,4.774520,1.097760
worker_4,2600,1788086894.935246,50,4.779642,1.097984
worker_4,2601,1788086894.940042,50,4.777613,1.097472
worker_4,2602,1788086894.944835,50,4.798679,1.109408
worker_4,2603,1788086894.949649,50,4.782539,1.097888
worker_4,2604,1788086894.954447,50,4.777011,1.096864
worker_4,2605,1788086894.959247,50,4.997486,1.096928
worker_4,2606,1788086894.964294,50,4.522926,1.096896
worker_4,2607,1788086894.968842,50,4.997791,1.110304
worker_4,2608,1788086894.973890,50,4.534518,1.098176
worker_4,2609,1788086894.978450,50,4.761743,1.097504
worker_4,2610,1788086894.983229,50,5.003550,1.097440
worker_4,2611,1788086894.988281,50,4.524546,1.097792
worker_4,2612,1788086894.992831,50,4.982476,1.097632
worker_4,2613,1788086894.997861,50,4.530048,1.097376
worker_4,2614,1788086895.002415,50,4.979105,1.096832
worker_4,2615,1788086895.007442,50,4.537436,1.098880
worker_4,2616,1788086895.012005,50,4.771279,1.098752
worker_4,2617,1788086895.016794,50,4.777696,1.097824
worker_4,2618,1788086895.021588,50,4.987856,1.098816
worker_4,2619,1788086895.026624,50,4.544249,1.097248
worker_4,2620,1788086895.031193,50,4.755196,1.096704
worker_4,2621,1788086895.035968,50,4.773872,1.097312
worker_4,2622,1788086895.040760,50,4.776196,1.099264
worker_4,2623,1788086895.045551,50,4.781391,1.098272
worker_4,2624,1788086895.050350,50,4.987597,1.096640
worker_4,2625,1788086895.055399,50,4.548751,1.098752
worker_4,2626,1788086895.059978,50,4.752160,1.097536
worker_4,2627,1788086895.064750,50,4.786131,1.105440
worker_4,2628,1788086895.069552,50,4.777363,1.099040
worker_4,2629,1788086895.074347,50,4.775159,1.096448
worker_4,2630,1788086895.079138,50,4.775577,1.096352
worker_4,2631,1788086895.083929,50,4.780261,1.099168
worker_4,2632,1788086895.088725,50,4.790049,1.098464
worker_4,2633,1788086895.093531,50,4.779659,1.098336
worker_4,2634,1788086895.098326,50,4.778020,1.097984
worker_4,2635,1788086895.103120,50,5.016218,1.096480
worker_4,2636,1788086895.108185,50,4.544778,1.101376
worker_4,2637,1788086895.112755,50,4.969864,1.097376
worker_4,2638,1788086895.117773,50,4.543361,1.096384
worker_4,2639,1788086895.122342,50,4.975957,1.097472
worker_4,2640,1788086895.127364,50,4.565879,1.097280
worker_4,2641,1788086895.131956,50,4.761420,1.097760
worker_4,2642,1788086895.136736,50,4.784622,1.101024
worker_4,2643,1788086895.141537,50,4.837753,1.097888
worker_4,2644,1788086895.146437,50,4.677057,1.097344
worker_4,2645,1788086895.151141,50,4.988356,1.097696
worker_4,2646,1788086895.156175,50,4.544510,1.101760
worker_4,2647,1788086895.160748,50,4.965458,1.097504
worker_4,2648,1788086895.165761,50,4.541769,1.095456
worker_4,2649,1788086895.170329,50,4.971818,1.098592
worker_4,2650,1788086895.175351,50,4.538908,1.099072
worker_4,2651,1788086895.179914,50,4.763818,1.099616
worker_4,2652,1788086895.184697,50,4.765011,1.097056
worker_4,2653,1788086895.189480,50,4.982467,1.097952
worker_4,2654,1788086895.194511,50,4.534055,1.096352
worker_4,2655,1788086895.199070,50,4.969817,1.096480
worker_4,2656,1788086895.204087,50,4.552518,1.102560
worker_4,2657,1788086895.208664,50,4.986383,1.097664
worker_4,2658,1788086895.213699,50,4.525657,1.095456
worker_4,2659,1788086895.218250,50,4.971281,1.097568
worker_4,2660,1788086895.223269,50,4.541324,1.097792
worker_4,2661,1788086895.227837,50,4.767520,1.100640
worker_4,2662,1788086895.232623,50,4.766734,1.097664
worker_4,2663,1788086895.237406,50,4.998726,1.098784
worker_4,2664,1788086895.242465,50,4.525121,1.098048
worker_4,2665,1788086895.247020,50,4.986216,1.099328
worker_4,2666,1788086895.252054,50,4.532685,1.097632
worker_4,2667,1788086895.256612,50,4.984023,1.103168
worker_4,2668,1788086895.261643,50,4.542584,1.097440
worker_4,2669,1788086895.266211,50,4.830947,1.097984
worker_4,2670,1788086895.271089,50,4.691715,1.097280
worker_4,2671,1788086895.275807,50,4.766558,1.098144
worker_4,2672,1788086895.280591,50,4.784770,1.100192
worker_4,2673,1788086895.285392,50,4.989819,1.097280
worker_4,2674,1788086895.290430,50,4.542917,1.098240
worker_4,2675,1788086895.295001,50,4.757206,1.097088
worker_4,2676,1788086895.299777,50,4.773002,1.096768
worker_4,2677,1788086895.304567,50,4.785087,1.105472
worker_4,2678,1788086895.309366,50,4.776344,1.097312
worker_4,2679,1788086895.314159,50,4.791160,1.097152
worker_4,2680,1788086895.318965,50,4.778381,1.098176
worker_4,2681,1788086895.323761,50,4.776335,1.097696
worker_4,2682,1788086895.328553,50,4.999819,1.103520
worker_4,2683,1788086895.333617,50,4.523398,1.097152
worker_4,2684,1788086895.338166,50,4.986365,1.097760
worker_4,2685,1788086895.343202,50,4.536667,1.097024
worker_4,2686,1788086895.347764,50,4.766788,1.098624
worker_4,2687,1788086895.352550,50,4.771993,1.099296
worker_4,2688,1788086895.357338,50,4.991541,1.096992
worker_4,2689,1788086895.362378,50,4.560455,1.097056
worker_4,2690,1788086895.366964,50,4.977439,1.097536
worker_4,2691,1788086895.371988,50,4.545778,1.097760
worker_4,2692,1788086895.376560,50,4.971902,1.099328
worker_4,2693,1788086895.381580,50,4.541020,1.097152
worker_4,2694,1788086895.386145,50,4.966884,1.095744
worker_4,2695,1788086895.391161,50,4.547316,1.099648
worker_4,2696,1788086895.395734,50,4.763705,1.097824
worker_4,2697,1788086895.400520,50,4.787021,1.096928
worker_4,2698,1788086895.405326,50,4.774261,1.098240
worker_4,2699,1788086895.410116,50,4.778863,1.095744
worker_4,2700,1788086895.414917,50,4.771808,1.097088
worker_4,2701,1788086895.419715,50,4.941586,1.098368
worker_4,2702,1788086895.424692,50,4.761263,1.096864
worker_4,2703,1788086895.429502,50,4.754002,1.096896
worker_4,2704,1788086895.434295,50,4.562131,1.098144
worker_4,2705,1788086895.438878,50,4.771187,1.097408
worker_4,2706,1788086895.443664,50,4.995468,1.097504
worker_4,2707,1788086895.448708,50,4.530240,1.096832
worker_4,2708,1788086895.453264,50,4.764187,1.098368
worker_4,2709,1788086895.458048,50,4.942726,1.099776
worker_4,2710,1788086895.463007,50,4.625038,1.096800
worker_4,2711,1788086895.467648,50,4.961097,1.098464
worker_4,2712,1788086895.472628,50,4.619372,1.097760
worker_4,2713,1788086895.477281,50,4.737584,1.097824
worker_4,2714,1788086895.482040,50,4.762992,1.097056
worker_4,2715,1788086895.486821,50,4.771085,1.096416
worker_4,2716,1788086895.491609,50,4.778401,1.097120
worker_4,2717,1788086895.496406,50,4.780956,1.097120
worker_4,2718,1788086895.501207,50,4.762104,1.098656
worker_4,2719,1788086895.505987,50,4.774993,1.097280
worker_4,2720,1788086895.510780,50,4.771882,1.097664
worker_4,2721,1788086895.515568,50,4.881041,1.097536
worker_4,2722,1788086895.520512,50,4.633075,1.097472
worker_4,2723,1788086895.525172,50,4.976755,1.095296
worker_4,2724,1788086895.530199,50,4.527548,1.096736
worker_4,2725,1788086895.534751,50,4.763678,1.098176
worker_4,2726,1788086895.539534,50,4.912272,1.097376
worker_4,2727,1788086895.544494,50,4.608149,1.099840
worker_4,2728,1788086895.549127,50,4.990337,1.096928
worker_4,2729,1788086895.554168,50,4.522667,1.097248
worker_4,2730,1788086895.558715,50,4.824790,1.096800
worker_4,2731,1788086895.563590,50,4.725288,1.098016
worker_4,2732,1788086895.568353,50,4.922531,1.101248
worker_4,2733,1788086895.573325,50,4.530435,1.097856
worker_4,2734,1788086895.577881,50,4.761678,1.097792
worker_4,2735,1788086895.582662,50,4.773003,1.099232
worker_4,2736,1788086895.587451,50,4.994245,1.097440
worker_4,2737,1788086895.592496,50,4.524630,1.097216
worker_4,2738,1788086895.597047,50,4.983069,1.096864
worker_4,2739,1788086895.602079,50,4.527102,1.096960
worker_4,2740,1788086895.606710,50,4.909457,1.101120
worker_4,2741,1788086895.611669,50,4.530491,1.098624
worker_4,2742,1788086895.616246,50,4.742381,1.097760
worker_4,2743,1788086895.621007,50,4.771068,1.098592
worker_4,2744,1788086895.625795,50,4.991615,1.097312
worker_4,2745,1788086895.630835,50,4.539805,1.097152
worker_4,2746,1788086895.635401,50,4.760613,1.097728
worker_4,2747,1788086895.640179,50,4.773409,1.098944
worker_4,2748,1788086895.644971,50,4.785605,1.097408
worker_4,2749,1788086895.649773,50,4.775751,1.099200
worker_4,2750,1788086895.654565,50,4.782678,1.098496
worker_4,2751,1788086895.659363,50,5.005606,1.099136
worker_4,2752,1788086895.664418,50,4.532509,1.097632
worker_4,2753,1788086895.668977,50,4.996263,1.096448
worker_4,2754,1788086895.674021,50,4.530092,1.098528
worker_4,2755,1788086895.678575,50,4.976680,1.096928
worker_4,2756,1788086895.683602,50,4.539917,1.097248
worker_4,2757,1788086895.688169,50,4.770651,1.098944
worker_4,2758,1788086895.692959,50,4.781529,1.099200
worker_4,2759,1788086895.697757,50,5.007791,1.097600
worker_4,2760,1788086895.702814,50,4.521120,1.098848
worker_4,2761,1788086895.707374,50,4.752465,1.098816
worker_4,2762,1788086895.712144,50,4.769669,1.096896
worker_4,2763,1788086895.716930,50,4.784521,1.100064
worker_4,2764,1788086895.721730,50,4.775169,1.097216
worker_4,2765,1788086895.726522,50,5.006921,1.096864
worker_4,2766,1788086895.731578,50,4.525750,1.098528
worker_4,2767,1788086895.736129,50,4.761363,1.097120
worker_4,2768,1788086895.740908,50,4.779270,1.098400
worker_4,2769,1788086895.745703,50,4.991217,1.095392
worker_4,2770,1788086895.750742,50,4.533630,1.097344
worker_4,2771,1788086895.755302,50,4.760622,1.096672
worker_4,2772,1788086895.760081,50,4.771844,1.097184
worker_4,2773,1788086895.764870,50,4.794882,1.101312
worker_4,2774,1788086895.769681,50,4.790437,1.098304
worker_4,2775,1788086895.774492,50,4.859799,1.097600
worker_4,2776,1788086895.779377,50,4.891975,1.096352
worker_4,2777,1788086895.784318,50,4.528611,1.097760
worker_4,2778,1788086895.788873,50,4.967512,1.097856
worker_4,2779,1788086895.793890,50,4.545342,1.097632
worker_4,2780,1788086895.798462,50,4.975132,1.098880
worker_4,2781,1788086895.803500,50,4.526500,1.097248
worker_4,2782,1788086895.808052,50,4.761122,1.098720
worker_4,2783,1788086895.812831,50,4.803568,1.111744
worker_4,2784,1788086895.817651,50,4.995624,1.095520
worker_4,2785,1788086895.822696,50,4.529529,1.097600
worker_4,2786,1788086895.827252,50,4.764243,1.098752
worker_4,2787,1788086895.832034,50,4.774058,1.097792
worker_4,2788,1788086895.836825,50,4.775974,1.098144
worker_4,2789,1788086895.841616,50,4.775826,1.097024
worker_4,2790,1788086895.846407,50,5.054042,1.107296
worker_4,2791,1788086895.851511,50,4.494704,1.097760
worker_4,2792,1788086895.856032,50,4.764836,1.098304
worker_4,2793,1788086895.860816,50,4.773280,1.097504
worker_4,2794,1788086895.865605,50,4.990059,1.097376
worker_4,2795,1788086895.870642,50,4.536695,1.097504
worker_4,2796,1788086895.875206,50,4.764076,1.099296
worker_4,2797,1788086895.879989,50,4.780761,1.098144
worker_4,2798,1788086895.884785,50,4.783919,1.098528
worker_4,2799,1788086895.889585,50,4.774289,1.098016
worker_4,2800,1788086895.894386,50,4.763335,1.097760
worker_4,2801,1788086895.899165,50,4.787178,1.099200
worker_4,2802,1788086895.903968,50,4.787327,1.098720
worker_4,2803,1788086895.908770,50,4.778049,1.098304
worker_4,2804,1788086895.913567,50,4.990744,1.100448
worker_4,2805,1788086895.918609,50,4.533881,1.097792
worker_4,2806,1788086895.923169,50,4.774771,1.097920
worker_4,2807,1788086895.927963,50,4.776309,1.102208
worker_4,2808,1788086895.932755,50,4.778900,1.097632
worker_4,2809,1788086895.937550,50,4.779928,1.097280
worker_4,2810,1788086895.942345,50,4.990143,1.098720
worker_4,2811,1788086895.947385,50,4.556881,1.097888
worker_4,2812,1788086895.951967,50,4.763771,1.101504
worker_4,2813,1788086895.956750,50,4.769327,1.097792
worker_4,2814,1788086895.961535,50,4.992893,1.097600
worker_4,2815,1788086895.966576,50,4.536001,1.099232
worker_4,2816,1788086895.971141,50,4.781150,1.097888
worker_4,2817,1788086895.975941,50,4.772447,1.099520
worker_4,2818,1788086895.980729,50,4.778011,1.097824
worker_4,2819,1788086895.985522,50,4.996457,1.096768
worker_4,2820,1788086895.990579,50,4.517139,1.096640
worker_4,2821,1788086895.995124,50,4.755937,1.098528
worker_4,2822,1788086895.999898,50,4.773901,1.101696
worker_4,2823,1788086896.004689,50,4.773030,1.097728
worker_4,2824,1788086896.009477,50,4.832883,1.095904
worker_4,2825,1788086896.014361,50,4.688798,1.097088
worker_4,2826,1788086896.019075,50,4.968596,1.097760
worker_4,2827,1788086896.024091,50,4.538584,1.096544
worker_4,2828,1788086896.028655,50,4.985383,1.099904
worker_4,2829,1788086896.033688,50,4.537926,1.098752
worker_4,2830,1788086896.038252,50,4.984625,1.097536
worker_4,2831,1788086896.043285,50,4.542176,1.099136
worker_4,2832,1788086896.047853,50,4.760318,1.097056
worker_4,2833,1788086896.052633,50,4.779836,1.103872
worker_4,2834,1788086896.057428,50,4.990653,1.098688
worker_4,2835,1788086896.062468,50,4.540722,1.097760
worker_4,2836,1788086896.067034,50,4.985078,1.096352
worker_4,2837,1788086896.072065,50,4.534019,1.098112
worker_4,2838,1788086896.076623,50,4.985717,1.099392
worker_4,2839,1788086896.081669,50,4.520315,1.096928
worker_4,2840,1788086896.086215,50,5.001883,1.097824
worker_4,2841,1788086896.091267,50,4.528537,1.099200
worker_4,2842,1788086896.095819,50,4.767854,1.099680
worker_4,2843,1788086896.100607,50,4.779048,1.098016
worker_4,2844,1788086896.105403,50,4.992976,1.098272
worker_4,2845,1788086896.110445,50,4.537686,1.099808
worker_4,2846,1788086896.115007,50,5.007116,1.097472
worker_4,2847,1788086896.120061,50,4.507694,1.097280
worker_4,2848,1788086896.124597,50,4.969745,1.096416
worker_4,2849,1788086896.129613,50,4.536103,1.096576
worker_4,2850,1788086896.134174,50,4.824911,1.098464
worker_4,2851,1788086896.139048,50,4.685863,1.097120
worker_4,2852,1788086896.143759,50,4.767955,1.099072
worker_4,2853,1788086896.148545,50,4.773279,1.099872
worker_4,2854,1788086896.153334,50,4.995560,1.097504
worker_4,2855,1788086896.158379,50,4.536287,1.096832
worker_4,2856,1788086896.162941,50,4.979726,1.097600
worker_4,2857,1788086896.167969,50,4.535844,1.098176
worker_4,2858,1788086896.172530,50,4.980633,1.097792
worker_4,2859,1788086896.177572,50,4.516677,1.098368
worker_4,2860,1788086896.182114,50,4.775483,1.098336
worker_4,2861,1788086896.186908,50,4.993578,1.097344
worker_4,2862,1788086896.191950,50,4.531583,1.098784
worker_4,2863,1788086896.196508,50,4.989041,1.102432
worker_4,2864,1788086896.201545,50,4.527305,1.099008
worker_4,2865,1788086896.206097,50,5.007976,1.096192
worker_4,2866,1788086896.211154,50,4.524750,1.097792
worker_4,2867,1788086896.215705,50,4.765594,1.097888
worker_4,2868,1788086896.220491,50,4.783475,1.099808
worker_4,2869,1788086896.225291,50,4.989217,1.096736
worker_4,2870,1788086896.230330,50,4.549843,1.099488
worker_4,2871,1788086896.234904,50,4.974282,1.097248
worker_4,2872,1788086896.239926,50,4.541510,1.097184
worker_4,2873,1788086896.244493,50,4.965023,1.097184
worker_4,2874,1788086896.249505,50,4.544232,1.098784
worker_4,2875,1788086896.254073,50,4.989355,1.100768
worker_4,2876,1788086896.259109,50,4.537268,1.098688
worker_4,2877,1788086896.263671,50,4.763215,1.095552
worker_4,2878,1788086896.268466,50,4.762511,1.099840
worker_4,2879,1788086896.273247,50,4.775743,1.098976
worker_4,2880,1788086896.278038,50,4.801104,1.098784
worker_4,2881,1788086896.282855,50,4.991374,1.097856
worker_4,2882,1788086896.287894,50,4.529601,1.097536
worker_4,2883,1788086896.292448,50,4.980004,1.097152
worker_4,2884,1788086896.297476,50,4.529398,1.097632
worker_4,2885,1788086896.302033,50,4.769642,1.097120
worker_4,2886,1788086896.306823,50,4.986707,1.097056
worker_4,2887,1788086896.311858,50,4.535176,1.097184
worker_4,2888,1788086896.316422,50,4.972096,1.097408
worker_4,2889,1788086896.321442,50,4.532527,1.098752
worker_4,2890,1788086896.325999,50,5.014070,1.097504
worker_4,2891,1788086896.331145,50,4.422943,1.097184
worker_4,2892,1788086896.335596,50,4.760215,1.095520
worker_4,2893,1788086896.340377,50,4.775594,1.103584
worker_4,2894,1788086896.345170,50,4.985143,1.097440
worker_4,2895,1788086896.350204,50,4.557390,1.098624
worker_4,2896,1788086896.354787,50,4.967994,1.097568
worker_4,2897,1788086896.359801,50,4.550713,1.097728
worker_4,2898,1788086896.364393,50,4.957670,1.100640
worker_4,2899,1788086896.369397,50,4.540704,1.097568
worker_4,2900,1788086896.373964,50,4.967782,1.096448
worker_4,2901,1788086896.378978,50,4.551620,1.096416
worker_4,2902,1788086896.383557,50,4.759744,1.097568
worker_4,2903,1788086896.388336,50,4.773483,1.100256
worker_4,2904,1788086896.393133,50,4.769788,1.098176
worker_4,2905,1788086896.397920,50,4.773891,1.096672
worker_4,2906,1788086896.402711,50,4.775529,1.095840
worker_4,2907,1788086896.407503,50,4.772418,1.095328
worker_4,2908,1788086896.412292,50,4.780225,1.097792
worker_4,2909,1788086896.417088,50,4.773234,1.095872
worker_4,2910,1788086896.421877,50,4.790965,1.099552
worker_4,2911,1788086896.426683,50,4.776854,1.097280
worker_4,2912,1788086896.431476,50,4.779502,1.097440
worker_4,2913,1788086896.436272,50,4.779040,1.099872
worker_4,2914,1788086896.441067,50,4.777771,1.097216
worker_4,2915,1788086896.445862,50,4.774826,1.098848
worker_4,2916,1788086896.450653,50,4.773567,1.097216
worker_4,2917,1788086896.455456,50,4.920217,1.098240
worker_4,2918,1788086896.460393,50,4.632528,1.101504
worker_4,2919,1788086896.465041,50,4.774789,1.098720
worker_4,2920,1788086896.469831,50,4.783344,1.095648
worker_4,2921,1788086896.474630,50,4.778761,1.096032
worker_4,2922,1788086896.479424,50,4.781817,1.098464
worker_4,2923,1788086896.484229,50,4.774318,1.099168
worker_4,2924,1788086896.489019,50,4.778660,1.096480
worker_4,2925,1788086896.493812,50,4.788077,1.098752
worker_4,2926,1788086896.498615,50,4.773761,1.098144
worker_4,2927,1788086896.503406,50,4.777920,1.097664
worker_4,2928,1788086896.508198,50,4.778410,1.098144
worker_4,2929,1788086896.512992,50,5.015411,1.096672
worker_4,2930,1788086896.518058,50,4.727613,1.095520
worker_4,2931,1788086896.522836,50,4.742243,1.097248
worker_4,2932,1788086896.527626,50,4.544826,1.096192
worker_4,2933,1788086896.532197,50,4.768048,1.098016
worker_4,2934,1788086896.536983,50,4.786077,1.104896
worker_4,2935,1788086896.541786,50,4.991513,1.098144
worker_4,2936,1788086896.546827,50,4.541704,1.098848
worker_4,2937,1788086896.551411,50,4.740771,1.096544
worker_4,2938,1788086896.556172,50,4.778428,1.099104
worker_4,2939,1788086896.560966,50,4.770641,1.096352
worker_4,2940,1788086896.565753,50,4.790919,1.097184
worker_4,2941,1788086896.570559,50,4.999069,1.098784
worker_4,2942,1788086896.575607,50,4.538639,1.097600
worker_4,2943,1788086896.580173,50,4.763169,1.099680
worker_4,2944,1788086896.584955,50,4.770317,1.097056
worker_4,2945,1788086896.589741,50,4.998328,1.097472
worker_4,2946,1788086896.594788,50,4.528696,1.097152
worker_4,2947,1788086896.599341,50,4.764131,1.096512
worker_4,2948,1788086896.604123,50,4.779289,1.100768
worker_4,2949,1788086896.608920,50,4.776993,1.097056
worker_4,2950,1788086896.613713,50,4.781437,1.097792
worker_4,2951,1788086896.618509,50,4.992272,1.096672
worker_4,2952,1788086896.623548,50,4.544556,1.098784
worker_4,2953,1788086896.628120,50,4.761651,1.097408
worker_4,2954,1788086896.632900,50,4.800438,1.097856
worker_4,2955,1788086896.637723,50,4.958031,1.096064
worker_4,2956,1788086896.642742,50,4.530233,1.096864
worker_4,2957,1788086896.647299,50,4.774076,1.096160
worker_4,2958,1788086896.652092,50,4.778780,1.100768
worker_4,2959,1788086896.656887,50,4.776594,1.098336
worker_4,2960,1788086896.661680,50,4.780733,1.096896
worker_4,2961,1788086896.666477,50,4.991514,1.098784
worker_4,2962,1788086896.671517,50,4.554148,1.098016
worker_4,2963,1788086896.676098,50,4.765113,1.102144
worker_4,2964,1788086896.680882,50,4.778567,1.098816
worker_4,2965,1788086896.685677,50,4.991190,1.098208
worker_4,2966,1788086896.690716,50,4.536751,1.098400
worker_4,2967,1788086896.695282,50,4.784715,1.097216
worker_4,2968,1788086896.700084,50,4.775178,1.102304
worker_4,2969,1788086896.704876,50,4.774762,1.099040
worker_4,2970,1788086896.709666,50,4.777642,1.097824
worker_4,2971,1788086896.714459,50,4.993884,1.097696
worker_4,2972,1788086896.719502,50,4.545297,1.096224
worker_4,2973,1788086896.724073,50,4.769724,1.102752
worker_4,2974,1788086896.728860,50,4.773225,1.096576
worker_4,2975,1788086896.733650,50,4.778993,1.096768
worker_4,2976,1788086896.738457,50,4.762530,1.098368
worker_4,2977,1788086896.743236,50,4.800993,1.097472
worker_4,2978,1788086896.748053,50,4.777373,1.096640
worker_4,2979,1788086896.752846,50,4.789539,1.104064
worker_4,2980,1788086896.757652,50,4.779502,1.098336
worker_4,2981,1788086896.762447,50,4.778743,1.097344
worker_4,2982,1788086896.767242,50,4.779040,1.097376
worker_4,2983,1788086896.772040,50,4.776993,1.098272
worker_4,2984,1788086896.776834,50,4.791771,1.110016
worker_4,2985,1788086896.781642,50,4.771187,1.096992
worker_4,2986,1788086896.786430,50,4.778929,1.098656
worker_4,2987,1788086896.791225,50,4.800817,1.097024
worker_4,2988,1788086896.796043,50,4.774364,1.096512
worker_4,2989,1788086896.800833,50,4.775057,1.097408
worker_4,2990,1788086896.805623,50,4.780557,1.097248
worker_4,2991,1788086896.810418,50,4.778910,1.098624
worker_4,2992,1788086896.815212,50,4.794733,1.098560
worker_4,2993,1788086896.820026,50,4.771984,1.097760
worker_4,2994,1788086896.824814,50,4.991393,1.096128
worker_4,2995,1788086896.829866,50,4.733974,1.097184
worker_4,2996,1788086896.834651,50,4.538168,1.097440
worker_4,2997,1788086896.839216,50,4.760401,1.097600
worker_4,2998,1788086896.843994,50,4.985698,1.098432
worker_4,2999,1788086896.849029,50,4.751344,1.097312
worker_4,3000,1788086896.853827,50,4.537092,1.100576
worker_4,3001,1788086896.858390,50,4.971782,1.096480
worker_4,3002,1788086896.863411,50,4.544945,1.098336
worker_4,3003,1788086896.867982,50,4.762159,1.098816
worker_4,3004,1788086896.872763,50,4.773078,1.096160
worker_4,3005,1788086896.877552,50,4.994985,1.097792
worker_4,3006,1788086896.882596,50,4.535640,1.098912
worker_4,3007,1788086896.887158,50,4.759835,1.097312
worker_4,3008,1788086896.891936,50,4.774243,1.096160
worker_4,3009,1788086896.896727,50,4.778511,1.097792
worker_4,3010,1788086896.901522,50,4.782289,1.097248
worker_4,3011,1788086896.906320,50,4.780873,1.095424
worker_4,3012,1788086896.911117,50,4.990013,1.095552
worker_4,3013,1788086896.916155,50,4.542566,1.100928
worker_4,3014,1788086896.920724,50,4.975522,1.097664
worker_4,3015,1788086896.925760,50,4.526825,1.096768
worker_4,3016,1788086896.930312,50,4.973856,1.095712
worker_4,3017,1788086896.935335,50,4.536907,1.097120
worker_4,3018,1788086896.939896,50,4.772808,1.104096
worker_4,3019,1788086896.944690,50,4.768002,1.098304
worker_4,3020,1788086896.949474,50,4.989365,1.099072
worker_4,3021,1788086896.954513,50,4.537612,1.096864
worker_4,3022,1788086896.959076,50,4.983449,1.097600
worker_4,3023,1788086896.964108,50,4.538704,1.097984
worker_4,3024,1788086896.968673,50,4.976754,1.097440
worker_4,3025,1788086896.973697,50,4.537251,1.097792
worker_4,3026,1788086896.978261,50,4.971365,1.097184
worker_4,3027,1788086896.983279,50,4.540490,1.098848
worker_4,3028,1788086896.987845,50,4.779854,1.100768
worker_4,3029,1788086896.992644,50,4.768002,1.097472
worker_4,3030,1788086896.997429,50,4.988171,1.098368
worker_4,3031,1788086897.002465,50,4.548481,1.097376
worker_4,3032,1788086897.007039,50,4.969949,1.097280
worker_4,3033,1788086897.012056,50,4.540464,1.098592
worker_4,3034,1788086897.016640,50,4.750761,1.098624
worker_4,3035,1788086897.021410,50,4.771372,1.097728
worker_4,3036,1788086897.026198,50,4.986855,1.096480
worker_4,3037,1788086897.031234,50,4.535361,1.095136
worker_4,3038,1788086897.035794,50,4.770651,1.101504
worker_4,3039,1788086897.040585,50,4.781234,1.098080
worker_4,3040,1788086897.045382,50,4.779836,1.096800
worker_4,3041,1788086897.050178,50,4.774307,1.097504
worker_4,3042,1788086897.055048,50,4.695510,1.096992
worker_4,3043,1788086897.059763,50,4.773937,1.097312
worker_4,3044,1788086897.064554,50,4.775668,1.097760
worker_4,3045,1788086897.069345,50,4.778077,1.098240
worker_4,3046,1788086897.074140,50,4.771817,1.095808
worker_4,3047,1788086897.078929,50,4.776587,1.097344
worker_4,3048,1788086897.083720,50,4.783372,1.098272
worker_4,3049,1788086897.088520,50,4.781280,1.096800
worker_4,3050,1788086897.093318,50,4.778881,1.097376
worker_4,3051,1788086897.098113,50,4.777057,1.098112
worker_4,3052,1788086897.102905,50,4.777928,1.097632
worker_4,3053,1788086897.107698,50,4.777827,1.100000
worker_4,3054,1788086897.112500,50,4.781011,1.098304
worker_4,3055,1788086897.117296,50,4.776586,1.096256
worker_4,3056,1788086897.122088,50,4.799520,1.098496
worker_4,3057,1788086897.126903,50,4.779669,1.101024
worker_4,3058,1788086897.131698,50,4.779955,1.097376
worker_4,3059,1788086897.136494,50,4.776336,1.098304
worker_4,3060,1788086897.141287,50,4.781807,1.099008
worker_4,3061,1788086897.146084,50,4.774493,1.096704
worker_4,3062,1788086897.150873,50,4.786771,1.098336
worker_4,3063,1788086897.155676,50,4.777085,1.096800
worker_4,3064,1788086897.160469,50,4.773299,1.098592
worker_4,3065,1788086897.165259,50,4.780872,1.097760
worker_4,3066,1788086897.170056,50,4.776753,1.096160
worker_4,3067,1788086897.174848,50,4.772197,1.097536
worker_4,3068,1788086897.179636,50,4.774289,1.097216
worker_4,3069,1788086897.184426,50,4.776936,1.099840
worker_4,3070,1788086897.189219,50,4.773502,1.095712
worker_4,3071,1788086897.194007,50,4.783585,1.096448
worker_4,3072,1788086897.198807,50,4.769855,1.096480
worker_4,3073,1788086897.203598,50,4.774122,1.098560
worker_4,3074,1788086897.208390,50,4.775715,1.098656
worker_4,3075,1788086897.213180,50,4.785475,1.097504
worker_4,3076,1788086897.217981,50,4.786974,1.097504
worker_4,3077,1788086897.222783,50,4.778465,1.096672
worker_4,3078,1788086897.227577,50,4.777826,1.099520
worker_4,3079,1788086897.232371,50,4.789234,1.097792
worker_4,3080,1788086897.237176,50,4.997189,1.097504
worker_4,3081,1788086897.242224,50,4.739724,1.098400
worker_4,3082,1788086897.247012,50,4.776214,1.097856
worker_4,3083,1788086897.251837,50,4.508231,1.096832
worker_4,3084,1788086897.256374,50,4.757307,1.100224
worker_4,3085,1788086897.261150,50,4.770594,1.097088
worker_4,3086,1788086897.265937,50,4.778400,1.097536
worker_4,3087,1788086897.270733,50,4.773261,1.095680
worker_4,3088,1788086897.275523,50,4.780233,1.096736
worker_4,3089,1788086897.280319,50,4.777355,1.099680
worker_4,3090,1788086897.285112,50,4.777567,1.097856
worker_4,3091,1788086897.289906,50,4.776577,1.097568
worker_4,3092,1788086897.294698,50,4.776900,1.098112
worker_4,3093,1788086897.299505,50,4.765928,1.096224
worker_4,3094,1788086897.304290,50,4.774169,1.098784
worker_4,3095,1788086897.309080,50,4.775234,1.097760
worker_4,3096,1788086897.313871,50,4.773216,1.095296
worker_4,3097,1788086897.318660,50,4.779382,1.097248
worker_4,3098,1788086897.323455,50,4.781772,1.098176
worker_4,3099,1788086897.328253,50,4.774326,1.095744
worker_4,3100,1788086897.333043,50,4.786252,1.097600
worker_4,3101,1788086897.337846,50,4.774631,1.098496
worker_4,3102,1788086897.342637,50,4.983726,1.096000
worker_4,3103,1788086897.347668,50,4.751872,1.095936
worker_4,3104,1788086897.352469,50,4.742067,1.097472
worker_4,3105,1788086897.357259,50,4.548075,1.097376
worker_4,3106,1788086897.361834,50,4.757558,1.097376
worker_4,3107,1788086897.366609,50,4.774696,1.098592
worker_4,3108,1788086897.371400,50,4.775225,1.097280
worker_4,3109,1788086897.376190,50,4.780734,1.102464
worker_4,3110,1788086897.380987,50,4.771613,1.095968
worker_4,3111,1788086897.385776,50,4.770549,1.096544
worker_4,3112,1788086897.390570,50,4.772308,1.099808
worker_4,3113,1788086897.395359,50,4.778687,1.098496
worker_4,3114,1788086897.400154,50,4.781511,1.096832
worker_4,3115,1788086897.404952,50,4.795308,1.099104
worker_4,3116,1788086897.409763,50,4.774660,1.097152
worker_4,3117,1788086897.414554,50,4.772280,1.095744
worker_4,3118,1788086897.419345,50,4.774809,1.095360
worker_4,3119,1788086897.424136,50,4.777864,1.099840
worker_4,3120,1788086897.428929,50,4.774781,1.096288
worker_4,3121,1788086897.433718,50,4.775696,1.095584
worker_4,3122,1788086897.438509,50,4.782715,1.097824
worker_4,3123,1788086897.443308,50,4.791382,1.096832
worker_4,3124,1788086897.448114,50,4.777725,1.098368
worker_4,3125,1788086897.452910,50,4.984032,1.096096
worker_4,3126,1788086897.457943,50,4.738631,1.096352
worker_4,3127,1788086897.462730,50,4.542815,1.096832
worker_4,3128,1788086897.467299,50,4.773077,1.096064
worker_4,3129,1788086897.472089,50,4.772632,1.097248
worker_4,3130,1788086897.476877,50,4.788512,1.103008
worker_4,3131,1788086897.481681,50,4.782992,1.097696
worker_4,3132,1788086897.486492,50,4.766391,1.099360
worker_4,3133,1788086897.491276,50,4.771974,1.096448
worker_4,3134,1788086897.496066,50,4.774919,1.095712
worker_4,3135,1788086897.500857,50,4.798938,1.101952
worker_4,3136,1788086897.505671,50,4.778141,1.097728
worker_4,3137,1788086897.510465,50,4.772855,1.097728
worker_4,3138,1788086897.515254,50,4.800520,1.097088
worker_4,3139,1788086897.520071,50,4.774522,1.098240
worker_4,3140,1788086897.524861,50,4.809789,1.103808
worker_4,3141,1788086897.529688,50,4.787094,1.098144
worker_4,3142,1788086897.534489,50,4.779225,1.097024
worker_4,3143,1788086897.539284,50,4.771225,1.098272
worker_4,3144,1788086897.544070,50,4.785817,1.101056
worker_4,3145,1788086897.548872,50,4.773104,1.098144
worker_4,3146,1788086897.553661,50,4.990438,1.098176
worker_4,3147,1788086897.558701,50,4.747447,1.097184
worker_4,3148,1788086897.563497,50,4.787920,1.096064
worker_4,3149,1788086897.568332,50,4.528195,1.096960
worker_4,3150,1788086897.572887,50,4.778263,1.101344
worker_4,3151,1788086897.577697,50,4.761715,1.097504
worker_4,3152,1788086897.582475,50,4.773651,1.098240
worker_4,3153,1788086897.587265,50,4.775937,1.097216
worker_4,3154,1788086897.592057,50,4.784622,1.098336
worker_4,3155,1788086897.596856,50,4.773474,1.096416
worker_4,3156,1788086897.601646,50,4.775206,1.097824
worker_4,3157,1788086897.606437,50,4.774883,1.096608
worker_4,3158,1788086897.611228,50,4.773678,1.098144
worker_4,3159,1788086897.616019,50,4.780457,1.097856
worker_4,3160,1788086897.620814,50,4.780817,1.097536
worker_4,3161,1788086897.625611,50,4.782196,1.096064
worker_4,3162,1788086897.630408,50,4.775668,1.098272
worker_4,3163,1788086897.635200,50,4.774067,1.096256
worker_4,3164,1788086897.639988,50,4.781206,1.098112
worker_4,3165,1788086897.644785,50,4.784706,1.100640
worker_4,3166,1788086897.649586,50,4.779187,1.100384
worker_4,3167,1788086897.654381,50,4.775475,1.098560
worker_4,3168,1788086897.659172,50,4.992790,1.097568
worker_4,3169,1788086897.664230,50,4.731205,1.100256
worker_4,3170,1788086897.669010,50,4.744743,1.098336
worker_4,3171,1788086897.673815,50,4.521787,1.097632
worker_4,3172,1788086897.678362,50,4.763530,1.098720
worker_4,3173,1788086897.683144,50,4.772835,1.097792
worker_4,3174,1788086897.687934,50,4.784438,1.098816
worker_4,3175,1788086897.692735,50,4.774326,1.097344
worker_4,3176,1788086897.697525,50,4.776826,1.097504
worker_4,3177,1788086897.702317,50,4.787928,1.102880
worker_4,3178,1788086897.707120,50,4.781529,1.098272
worker_4,3179,1788086897.711916,50,4.777789,1.095840
worker_4,3180,1788086897.716709,50,4.787640,1.107808
worker_4,3181,1788086897.721511,50,4.779873,1.097664
worker_4,3182,1788086897.726308,50,4.779113,1.098592
worker_4,3183,1788086897.731103,50,4.779531,1.097312
worker_4,3184,1788086897.735899,50,4.793521,1.097824
worker_4,3185,1788086897.740708,50,4.776400,1.097952
worker_4,3186,1788086897.745499,50,4.774531,1.095392
worker_4,3187,1788086897.750289,50,4.783104,1.098208
worker_4,3188,1788086897.755088,50,4.792780,1.097088
worker_4,3189,1788086897.759895,50,4.986717,1.098624
worker_4,3190,1788086897.764944,50,4.748020,1.100000
worker_4,3191,1788086897.769739,50,4.740243,1.097088
worker_4,3192,1788086897.774529,50,4.744317,1.096928
worker_4,3193,1788086897.779406,50,4.454805,1.098432
worker_4,3194,1788086897.783886,50,4.764520,1.097632
worker_4,3195,1788086897.788671,50,4.766263,1.098592
worker_4,3196,1788086897.793456,50,4.774344,1.099200
worker_4,3197,1788086897.798246,50,4.774974,1.097216
worker_4,3198,1788086897.803037,50,4.781576,1.095744
worker_4,3199,1788086897.807835,50,4.778891,1.095840
worker_4,3200,1788086897.812630,50,4.777225,1.097824
worker_4,3201,1788086897.817425,50,4.775946,1.097184
worker_4,3202,1788086897.822217,50,4.775781,1.098496
worker_4,3203,1788086897.827009,50,4.777798,1.098528
worker_4,3204,1788086897.831803,50,4.793808,1.101088
worker_4,3205,1788086897.836614,50,4.774021,1.097248
worker_4,3206,1788086897.841402,50,4.779752,1.096672
worker_4,3207,1788086897.846198,50,4.777326,1.097792
worker_4,3208,1788086897.850991,50,4.782104,1.098048
worker_4,3209,1788086897.855789,50,4.774789,1.097824
worker_4,3210,1788086897.860585,50,4.775577,1.103648
worker_4,3211,1788086897.865378,50,4.994347,1.096000
worker_4,3212,1788086897.870422,50,4.748529,1.097760
worker_4,3213,1788086897.875219,50,4.533287,1.098208
worker_4,3214,1788086897.879778,50,4.974642,1.098464
worker_4,3215,1788086897.884799,50,4.744928,1.096768
worker_4,3216,1788086897.889590,50,4.545287,1.098816
worker_4,3217,1788086897.894163,50,4.758160,1.097280
worker_4,3218,1788086897.898940,50,4.986875,1.096192
worker_4,3219,1788086897.903974,50,4.540492,1.098336
worker_4,3220,1788086897.908540,50,4.975291,1.098304
worker_4,3221,1788086897.913565,50,4.538798,1.097376
worker_4,3222,1788086897.918131,50,4.968948,1.095648
worker_4,3223,1788086897.923149,50,4.538046,1.095936
worker_4,3224,1788086897.927714,50,4.766447,1.097824
worker_4,3225,1788086897.932502,50,4.775087,1.097376
worker_4,3226,1788086897.937295,50,4.982791,1.099168
worker_4,3227,1788086897.942328,50,4.542307,1.098368
worker_4,3228,1788086897.946896,50,4.982041,1.096864
worker_4,3229,1788086897.951939,50,4.527918,1.099872
worker_4,3230,1788086897.956491,50,4.987402,1.097248
worker_4,3231,1788086897.961527,50,4.537566,1.097664
worker_4,3232,1788086897.966089,50,4.975235,1.096000
worker_4,3233,1788086897.971113,50,4.535871,1.098496
worker_4,3234,1788086897.975676,50,4.767131,1.105216
worker_4,3235,1788086897.980461,50,4.786067,1.099072
worker_4,3236,1788086897.985263,50,4.989430,1.096160
worker_4,3237,1788086897.990303,50,4.537870,1.100224
worker_4,3238,1788086897.994867,50,4.972069,1.097152
worker_4,3239,1788086897.999886,50,4.553870,1.100736
worker_4,3240,1788086898.004465,50,4.985023,1.096960
worker_4,3241,1788086898.009497,50,4.545343,1.097248
worker_4,3242,1788086898.014069,50,4.763142,1.098304
worker_4,3243,1788086898.018851,50,4.774882,1.098880
worker_4,3244,1788086898.023641,50,4.791243,1.104864
worker_4,3245,1788086898.028450,50,4.788420,1.097024
worker_4,3246,1788086898.033255,50,4.988985,1.097088
worker_4,3247,1788086898.038293,50,4.576695,1.098848
worker_4,3248,1788086898.042896,50,4.973689,1.095840
worker_4,3249,1788086898.047939,50,4.519703,1.095744
worker_4,3250,1788086898.052484,50,4.990837,1.099872
worker_4,3251,1788086898.057524,50,4.540316,1.096864
worker_4,3252,1788086898.062099,50,4.769132,1.096480
worker_4,3253,1788086898.066891,50,4.763012,1.096128
worker_4,3254,1788086898.071672,50,4.772270,1.096832
worker_4,3255,1788086898.076461,50,4.782928,1.104512
worker_4,3256,1788086898.081259,50,4.775132,1.096608
worker_4,3257,1788086898.086051,50,4.803845,1.098304
worker_4,3258,1788086898.090870,50,4.774456,1.097248
worker_4,3259,1788086898.095660,50,4.777298,1.096320
worker_4,3260,1788086898.100453,50,4.776179,1.097792
worker_4,3261,1788086898.105244,50,4.780197,1.097792
worker_4,3262,1788086898.110038,50,4.805012,1.099264
worker_4,3263,1788086898.114859,50,4.777224,1.098240
worker_4,3264,1788086898.119651,50,4.782911,1.098432
worker_4,3265,1788086898.124449,50,4.778826,1.100352
worker_4,3266,1788086898.129243,50,4.772493,1.096800
worker_4,3267,1788086898.134033,50,4.772910,1.098304
worker_4,3268,1788086898.138831,50,4.767566,1.095840
worker_4,3269,1788086898.143618,50,4.941420,1.099264
worker_4,3270,1788086898.148596,50,4.623909,1.097376
worker_4,3271,1788086898.153248,50,4.752298,1.097312
worker_4,3272,1788086898.158020,50,4.977337,1.097568
worker_4,3273,1788086898.163046,50,4.745576,1.096928
worker_4,3274,1788086898.167841,50,4.550639,1.100512
worker_4,3275,1788086898.172418,50,4.975763,1.098336
worker_4,3276,1788086898.177442,50,4.541454,1.097088
worker_4,3277,1788086898.182008,50,4.969069,1.095840
worker_4,3278,1788086898.187026,50,4.552214,1.097856
worker_4,3279,1788086898.191604,50,4.766761,1.098880
worker_4,3280,1788086898.196389,50,4.780520,1.099456
worker_4,3281,1788086898.201187,50,4.979226,1.097792
worker_4,3282,1788086898.206215,50,4.546056,1.097472
worker_4,3283,1788086898.210788,50,4.974086,1.096832
worker_4,3284,1788086898.215809,50,4.545157,1.099776
worker_4,3285,1788086898.220382,50,4.974189,1.095392
worker_4,3286,1788086898.225403,50,4.544528,1.095456
worker_4,3287,1788086898.229974,50,4.972282,1.097696
worker_4,3288,1788086898.235007,50,4.534093,1.098784
worker_4,3289,1788086898.239567,50,4.760187,1.100480
worker_4,3290,1788086898.244346,50,4.783391,1.096352
worker_4,3291,1788086898.249145,50,4.990124,1.097664
worker_4,3292,1788086898.254183,50,4.535668,1.097792
worker_4,3293,1788086898.258746,50,4.760336,1.095680
worker_4,3294,1788086898.263525,50,4.999282,1.102592
worker_4,3295,1788086898.268574,50,4.546426,1.096704
worker_4,3296,1788086898.273144,50,4.977337,1.097280
worker_4,3297,1788086898.278167,50,4.540315,1.096896
worker_4,3298,1788086898.282734,50,4.763094,1.097120
worker_4,3299,1788086898.287516,50,4.985875,1.097632
worker_4,3300,1788086898.292553,50,4.532343,1.098656
worker_4,3301,1788086898.297115,50,4.970956,1.095904
worker_4,3302,1788086898.302134,50,4.534675,1.098176
worker_4,3303,1788086898.306693,50,4.981986,1.097600
worker_4,3304,1788086898.311723,50,4.533084,1.095712
worker_4,3305,1788086898.316280,50,4.971050,1.096992
worker_4,3306,1788086898.321298,50,4.542630,1.098304
worker_4,3307,1788086898.325881,50,4.958921,1.097600
worker_4,3308,1788086898.330888,50,4.544982,1.097632
worker_4,3309,1788086898.335458,50,4.768919,1.098336
worker_4,3310,1788086898.340247,50,4.767446,1.096384
worker_4,3311,1788086898.345030,50,4.777410,1.095936
worker_4,3312,1788086898.349823,50,4.779705,1.098464
worker_4,3313,1788086898.354618,50,4.996810,1.096640
worker_4,3314,1788086898.359663,50,4.534277,1.096352
worker_4,3315,1788086898.364234,50,4.758067,1.099136
worker_4,3316,1788086898.369010,50,4.787809,1.097408
worker_4,3317,1788086898.373815,50,4.993023,1.098656
worker_4,3318,1788086898.378855,50,4.542278,1.098112
worker_4,3319,1788086898.383424,50,4.760030,1.096832
worker_4,3320,1788086898.388202,50,4.773558,1.096832
worker_4,3321,1788086898.392993,50,4.778289,1.098688
worker_4,3322,1788086898.397789,50,4.778670,1.096128
worker_4,3323,1788086898.402584,50,4.774298,1.096384
worker_4,3324,1788086898.407375,50,4.989661,1.096160
worker_4,3325,1788086898.412413,50,4.548140,1.099232
worker_4,3326,1788086898.416987,50,4.970254,1.095936
worker_4,3327,1788086898.422021,50,4.523407,1.098048
worker_4,3328,1788086898.426571,50,4.769095,1.097568
worker_4,3329,1788086898.431358,50,4.989476,1.098208
worker_4,3330,1788086898.436395,50,4.535555,1.096992
worker_4,3331,1788086898.440956,50,4.986809,1.100064
worker_4,3332,1788086898.445991,50,4.541028,1.098752
worker_4,3333,1788086898.450558,50,4.977365,1.096640
worker_4,3334,1788086898.455583,50,4.540759,1.099456
worker_4,3335,1788086898.460149,50,4.770816,1.097280
worker_4,3336,1788086898.464938,50,4.773604,1.098560
worker_4,3337,1788086898.469728,50,5.002198,1.098080
worker_4,3338,1788086898.474778,50,4.538521,1.099008
worker_4,3339,1788086898.479343,50,4.761344,1.098432
worker_4,3340,1788086898.484123,50,4.775863,1.097472
worker_4,3341,1788086898.488916,50,4.780251,1.099872
worker_4,3342,1788086898.493712,50,4.782168,1.096384
worker_4,3343,1788086898.498509,50,4.993152,1.097664
worker_4,3344,1788086898.503631,50,4.455926,1.097792
worker_4,3345,1788086898.508114,50,4.769160,1.097344
worker_4,3346,1788086898.512923,50,4.758687,1.103872
worker_4,3347,1788086898.517700,50,4.774872,1.099008
worker_4,3348,1788086898.522492,50,4.995412,1.098816
worker_4,3349,1788086898.527536,50,4.530917,1.099328
worker_4,3350,1788086898.532092,50,4.765382,1.097760
worker_4,3351,1788086898.536876,50,4.786409,1.101536
worker_4,3352,1788086898.541681,50,4.990273,1.098688
worker_4,3353,1788086898.546719,50,4.536953,1.098560
worker_4,3354,1788086898.551282,50,4.784846,1.098464
worker_4,3355,1788086898.556084,50,4.777928,1.095712
worker_4,3356,1788086898.560879,50,4.780985,1.097568
worker_4,3357,1788086898.565681,50,4.769706,1.098848
worker_4,3358,1788086898.570468,50,4.984605,1.097856
worker_4,3359,1788086898.575490,50,4.715910,1.096352
worker_4,3360,1788086898.580252,50,4.745714,1.099776
worker_4,3361,1788086898.585035,50,4.589409,1.097280
worker_4,3362,1788086898.589649,50,4.749677,1.097632
worker_4,3363,1788086898.594415,50,4.769733,1.095424
worker_4,3364,1788086898.599198,50,4.785087,1.096832
worker_4,3365,1788086898.603996,50,4.783817,1.099648
worker_4,3366,1788086898.608802,50,4.766669,1.097216
worker_4,3367,1788086898.613583,50,4.781604,1.099744
worker_4,3368,1788086898.618381,50,4.991060,1.095552
worker_4,3369,1788086898.623420,50,4.527907,1.098080
worker_4,3370,1788086898.627975,50,4.768067,1.098624
worker_4,3371,1788086898.632761,50,4.764244,1.095648
worker_4,3372,1788086898.637542,50,4.809354,1.098272
worker_4,3373,1788086898.642370,50,4.912975,1.097760
worker_4,3374,1788086898.647319,50,4.600381,1.097728
worker_4,3375,1788086898.651943,50,4.839568,1.099296
worker_4,3376,1788086898.656804,50,4.817734,1.098144
worker_4,3377,1788086898.661638,50,4.673362,1.096448
worker_4,3378,1788086898.666327,50,4.744243,1.097440
worker_4,3379,1788086898.671087,50,4.779494,1.097728
worker_4,3380,1788086898.675882,50,4.776410,1.096992
worker_4,3381,1788086898.680674,50,4.777984,1.100736
worker_4,3382,1788086898.685468,50,4.783761,1.095776
worker_4,3383,1788086898.690271,50,4.761983,1.095296
worker_4,3384,1788086898.695051,50,4.771753,1.097728
worker_4,3385,1788086898.699849,50,4.778475,1.099840
worker_4,3386,1788086898.704643,50,4.779559,1.096960
worker_4,3387,1788086898.709439,50,4.779057,1.097152
worker_4,3388,1788086898.714233,50,4.775382,1.097184
worker_4,3389,1788086898.719023,50,4.776317,1.097952
worker_4,3390,1788086898.723815,50,4.779697,1.097344
worker_4,3391,1788086898.728611,50,4.821910,1.097184
worker_4,3392,1788086898.733469,50,4.756492,1.097824
worker_4,3393,1788086898.738264,50,4.721641,1.097728
worker_4,3394,1788086898.743006,50,4.995059,1.104928
worker_4,3395,1788086898.748049,50,4.538742,1.097216
worker_4,3396,1788086898.752615,50,4.763095,1.098368
worker_4,3397,1788086898.757396,50,4.774770,1.095744
worker_4,3398,1788086898.762187,50,4.771734,1.097344
worker_4,3399,1788086898.766976,50,4.773354,1.097728
worker_4,3400,1788086898.771765,50,4.779494,1.097376
worker_4,3401,1788086898.776560,50,4.777891,1.099008
worker_4,3402,1788086898.781353,50,4.775456,1.096640
worker_4,3403,1788086898.786144,50,4.791530,1.097440
worker_4,3404,1788086898.790958,50,4.764409,1.096736
worker_4,3405,1788086898.795752,50,4.759529,1.096192
worker_4,3406,1788086898.800529,50,4.772798,1.100768
worker_4,3407,1788086898.805318,50,4.775224,1.097728
worker_4,3408,1788086898.810111,50,4.781642,1.096544
worker_4,3409,1788086898.814909,50,4.771585,1.095360
worker_4,3410,1788086898.819696,50,4.781705,1.097824
worker_4,3411,1788086898.824493,50,4.783974,1.104000
worker_4,3412,1788086898.829292,50,4.780336,1.098752
worker_4,3413,1788086898.834087,50,4.775114,1.096896
worker_4,3414,1788086898.838880,50,4.780493,1.096896
worker_4,3415,1788086898.843676,50,4.779744,1.098176
worker_4,3416,1788086898.848471,50,4.797030,1.099040
worker_4,3417,1788086898.853283,50,4.784818,1.098784
worker_4,3418,1788086898.858083,50,4.775817,1.097280
worker_4,3419,1788086898.862875,50,4.782262,1.098240
worker_4,3420,1788086898.867676,50,4.776345,1.097792
worker_4,3421,1788086898.872468,50,4.795707,1.096608
worker_4,3422,1788086898.877279,50,4.782733,1.097312
worker_4,3423,1788086898.882077,50,4.774817,1.097792
worker_4,3424,1788086898.886874,50,4.771039,1.098080
worker_4,3425,1788086898.891661,50,4.781992,1.102752
worker_4,3426,1788086898.896460,50,4.789252,1.097792
worker_4,3427,1788086898.901264,50,4.778057,1.097600
worker_4,3428,1788086898.906057,50,4.797438,1.100288
worker_4,3429,1788086898.910870,50,4.771826,1.097376
worker_4,3430,1788086898.915659,50,4.777216,1.098912
worker_4,3431,1788086898.920452,50,4.779002,1.099424
worker_4,3432,1788086898.925246,50,4.778373,1.096512
worker_4,3433,1788086898.930038,50,4.805660,1.099840
worker_4,3434,1788086898.934860,50,4.778226,1.097792
worker_4,3435,1788086898.939654,50,4.775595,1.098304
worker_4,3436,1788086898.944446,50,4.993116,1.098528
worker_4,3437,1788086898.949486,50,4.739021,1.099008
worker_4,3438,1788086898.954273,50,4.760373,1.095424
worker_4,3439,1788086898.959081,50,4.539176,1.096608
worker_4,3440,1788086898.963646,50,4.779557,1.102624
worker_4,3441,1788086898.968445,50,4.780817,1.098112
worker_4,3442,1788086898.973243,50,4.774595,1.097024
worker_4,3443,1788086898.978033,50,4.774076,1.097792
worker_4,3444,1788086898.982836,50,4.766928,1.097184
worker_4,3445,1788086898.987618,50,4.776984,1.097248
worker_4,3446,1788086898.992411,50,4.773373,1.096832
worker_4,3447,1788086898.997199,50,4.779252,1.097248
worker_4,3448,1788086899.001994,50,4.775373,1.098592
worker_4,3449,1788086899.006785,50,4.786622,1.098912
worker_4,3450,1788086899.011588,50,4.776826,1.100384
worker_4,3451,1788086899.016381,50,4.787595,1.098464
worker_4,3452,1788086899.021186,50,4.774789,1.095872
worker_4,3453,1788086899.025977,50,4.771873,1.098304
worker_4,3454,1788086899.030764,50,4.779724,1.095456
worker_4,3455,1788086899.035559,50,4.777696,1.099200
worker_4,3456,1788086899.040353,50,4.791150,1.097152
worker_4,3457,1788086899.045159,50,4.782048,1.098112
worker_4,3458,1788086899.049957,50,4.775178,1.097504
worker_4,3459,1788086899.054748,50,4.786418,1.098208
worker_4,3460,1788086899.059554,50,4.766687,1.099616
worker_4,3461,1788086899.064338,50,4.785224,1.095776
worker_4,3462,1788086899.069139,50,4.778503,1.098496
worker_4,3463,1788086899.073940,50,4.979606,1.097696
worker_4,3464,1788086899.078969,50,4.748039,1.096896
worker_4,3465,1788086899.083764,50,4.764437,1.099808
worker_4,3466,1788086899.088577,50,4.757474,1.096256
worker_4,3467,1788086899.093380,50,4.752678,1.096160
worker_4,3468,1788086899.098181,50,4.737863,1.096928
worker_4,3469,1788086899.102967,50,4.544102,1.098144
worker_4,3470,1788086899.107535,50,4.769326,1.097888
worker_4,3471,1788086899.112322,50,4.785539,1.097376
worker_4,3472,1788086899.117125,50,4.777437,1.098368
worker_4,3473,1788086899.121918,50,4.771993,1.096864
worker_4,3474,1788086899.126704,50,4.781816,1.095744
worker_4,3475,1788086899.131502,50,4.778540,1.097888
worker_4,3476,1788086899.136295,50,4.774770,1.098304
worker_4,3477,1788086899.141086,50,4.774992,1.097536
worker_4,3478,1788086899.145879,50,4.773279,1.097696
worker_4,3479,1788086899.150667,50,4.775965,1.097472
worker_4,3480,1788086899.155458,50,4.778114,1.096064
worker_4,3481,1788086899.160252,50,4.776622,1.097152
worker_4,3482,1788086899.165043,50,4.776040,1.097376
worker_4,3483,1788086899.169849,50,4.768595,1.098208
worker_4,3484,1788086899.174633,50,4.778705,1.096352
worker_4,3485,1788086899.179425,50,4.781641,1.097792
worker_4,3486,1788086899.184227,50,4.780085,1.099840
worker_4,3487,1788086899.189023,50,4.779373,1.097600
worker_4,3488,1788086899.193819,50,4.772659,1.097504
worker_4,3489,1788086899.198608,50,4.783577,1.095680
worker_4,3490,1788086899.203410,50,4.768910,1.099104
worker_4,3491,1788086899.208195,50,4.794920,1.098368
worker_4,3492,1788086899.213011,50,4.772992,1.099040
worker_4,3493,1788086899.217800,50,4.774038,1.095776
worker_4,3494,1788086899.222589,50,4.802762,1.106752
worker_4,3495,1788086899.227485,50,4.704909,1.097856
worker_4,3496,1788086899.232209,50,4.771641,1.096896
worker_4,3497,1788086899.236998,50,4.773816,1.097280
worker_4,3498,1788086899.241787,50,4.777557,1.096384
worker_4,3499,1788086899.246581,50,4.775919,1.095712
worker_4,3500,1788086899.251373,50,4.777670,1.096672
worker_4,3501,1788086899.256166,50,4.777984,1.099872
worker_4,3502,1788086899.260968,50,5.001069,1.099328
worker_4,3503,1788086899.266021,50,4.739197,1.098816
worker_4,3504,1788086899.270807,50,4.746252,1.097664
worker_4,3505,1788086899.275602,50,4.557065,1.097792
worker_4,3506,1788086899.280186,50,4.975244,1.097024
worker_4,3507,1788086899.285208,50,4.750623,1.096832
worker_4,3508,1788086899.290007,50,4.751807,1.098368
worker_4,3509,1788086899.294806,50,4.541074,1.096960
worker_4,3510,1788086899.299374,50,4.761965,1.098016
worker_4,3511,1788086899.304157,50,4.776345,1.102944
worker_4,3512,1788086899.308950,50,4.796669,1.099872
worker_4,3513,1788086899.313763,50,4.777761,1.097408
worker_4,3514,1788086899.318556,50,4.991828,1.097760
worker_4,3515,1788086899.323599,50,4.548029,1.098048
worker_4,3516,1788086899.328172,50,4.770076,1.097792
worker_4,3517,1788086899.332962,50,4.772817,1.098560
worker_4,3518,1788086899.337750,50,4.993762,1.096032
worker_4,3519,1788086899.342794,50,4.539713,1.098368
worker_4,3520,1788086899.347359,50,4.761355,1.096928
worker_4,3521,1788086899.352141,50,4.772345,1.101632
worker_4,3522,1788086899.356943,50,4.773520,1.101568
worker_4,3523,1788086899.361734,50,4.775539,1.095776
worker_4,3524,1788086899.366525,50,4.992828,1.097760
worker_4,3525,1788086899.371567,50,4.544269,1.095264
worker_4,3526,1788086899.376138,50,4.762585,1.101312
worker_4,3527,1788086899.380921,50,4.769345,1.097248
worker_4,3528,1788086899.385706,50,4.780021,1.098592
worker_4,3529,1788086899.390502,50,4.987041,1.097568
worker_4,3530,1788086899.395539,50,4.536574,1.096896
worker_4,3531,1788086899.400096,50,4.935578,1.101376
worker_4,3532,1788086899.405063,50,4.612325,1.098528
worker_4,3533,1788086899.409702,50,4.754122,1.099072
worker_4,3534,1788086899.414474,50,4.769993,1.096960
worker_4,3535,1788086899.419263,50,5.017976,1.097440
worker_4,3536,1788086899.424329,50,4.529862,1.097440
worker_4,3537,1788086899.428884,50,4.968402,1.096768
worker_4,3538,1788086899.433903,50,4.546640,1.098272
worker_4,3539,1788086899.438476,50,4.760243,1.097632
worker_4,3540,1788086899.443254,50,5.018032,1.097504
worker_4,3541,1788086899.448332,50,4.513028,1.099872
worker_4,3542,1788086899.452872,50,4.972957,1.095456
worker_4,3543,1788086899.457894,50,4.598195,1.099232
worker_4,3544,1788086899.462519,50,5.084976,1.096256
worker_4,3545,1788086899.467653,50,4.562611,1.098400
worker_4,3546,1788086899.472242,50,4.759335,1.098432
worker_4,3547,1788086899.477021,50,4.609121,1.098016
worker_4,3548,1788086899.481646,50,4.993513,1.097728
worker_4,3549,1788086899.486689,50,4.532241,1.096288
worker_4,3550,1788086899.491248,50,4.790419,1.097408
worker_4,3551,1788086899.496056,50,4.772457,1.098336
worker_4,3552,1788086899.500844,50,4.794234,1.104928
worker_4,3553,1788086899.505656,50,4.773077,1.096320
worker_4,3554,1788086899.510445,50,4.776669,1.098592
worker_4,3555,1788086899.515238,50,4.996374,1.096448
worker_4,3556,1788086899.520283,50,4.527537,1.096096
worker_4,3557,1788086899.524836,50,5.012717,1.111392
worker_4,3558,1788086899.529898,50,4.529343,1.096800
worker_4,3559,1788086899.534456,50,4.967893,1.095744
worker_4,3560,1788086899.539473,50,4.536509,1.097280
worker_4,3561,1788086899.544049,50,4.753724,1.098112
worker_4,3562,1788086899.548822,50,4.770086,1.097408
worker_4,3563,1788086899.553609,50,4.983662,1.096352
worker_4,3564,1788086899.558642,50,4.543908,1.097152
worker_4,3565,1788086899.563212,50,4.757928,1.097344
worker_4,3566,1788086899.567987,50,4.775437,1.096448
worker_4,3567,1788086899.572780,50,4.787011,1.097504
worker_4,3568,1788086899.577583,50,4.774447,1.096256
worker_4,3569,1788086899.582373,50,5.003403,1.095360
worker_4,3570,1788086899.587428,50,4.521629,1.098272
worker_4,3571,1788086899.591978,50,4.761355,1.098080
worker_4,3572,1788086899.596758,50,4.787770,1.108192
worker_4,3573,1788086899.601563,50,4.987504,1.097632
worker_4,3574,1788086899.606599,50,4.532926,1.096864
worker_4,3575,1788086899.611158,50,4.760900,1.098592
worker_4,3576,1788086899.615937,50,4.766918,1.099872
worker_4,3577,1788086899.620721,50,4.772697,1.097792
worker_4,3578,1788086899.625510,50,4.774317,1.097152
worker_4,3579,1788086899.630301,50,4.777335,1.098560
worker_4,3580,1788086899.635102,50,5.010569,1.097728
worker_4,3581,1788086899.640161,50,4.509222,1.096224
worker_4,3582,1788086899.644696,50,4.987911,1.101312
worker_4,3583,1788086899.649733,50,4.538676,1.099072
worker_4,3584,1788086899.654297,50,4.775521,1.097824
worker_4,3585,1788086899.659091,50,4.982429,1.096640
worker_4,3586,1788086899.664121,50,4.538444,1.097568
worker_4,3587,1788086899.668687,50,4.974893,1.101440
worker_4,3588,1788086899.673710,50,4.539824,1.098976
worker_4,3589,1788086899.678277,50,4.978615,1.096512
worker_4,3590,1788086899.683305,50,4.539574,1.097728
worker_4,3591,1788086899.687871,50,4.766835,1.099360
worker_4,3592,1788086899.692656,50,4.773993,1.097344
worker_4,3593,1788086899.697447,50,4.985273,1.095808
worker_4,3594,1788086899.702480,50,4.537843,1.097600
worker_4,3595,1788086899.707044,50,4.975356,1.095808
worker_4,3596,1788086899.712065,50,4.542297,1.098848
worker_4,3597,1788086899.716634,50,4.985819,1.102496
worker_4,3598,1788086899.721666,50,4.529436,1.098208
worker_4,3599,1788086899.726222,50,5.019143,1.096320
worker_4,3600,1788086899.731300,50,4.487240,1.098816
worker_4,3601,1788086899.735813,50,4.757548,1.096128
worker_4,3602,1788086899.740588,50,4.775113,1.096768
worker_4,3603,1788086899.745381,50,4.838614,1.097376
worker_4,3604,1788086899.750270,50,4.681659,1.096000
worker_4,3605,1788086899.754980,50,4.975735,1.096416
worker_4,3606,1788086899.760003,50,4.541389,1.098496
worker_4,3607,1788086899.764570,50,4.978745,1.095744
worker_4,3608,1788086899.769597,50,4.537936,1.096896
worker_4,3609,1788086899.774160,50,4.972430,1.097728
worker_4,3610,1788086899.779181,50,4.537519,1.097792
worker_4,3611,1788086899.783746,50,4.768465,1.100416
worker_4,3612,1788086899.788533,50,4.781873,1.098048
worker_4,3613,1788086899.793330,50,4.777085,1.097888
worker_4,3614,1788086899.798123,50,4.774650,1.097440
worker_4,3615,1788086899.802914,50,4.774809,1.095680
worker_4,3616,1788086899.807703,50,4.781242,1.099616
worker_4,3617,1788086899.812501,50,4.780272,1.095808
worker_4,3618,1788086899.817296,50,4.780817,1.099040
worker_4,3619,1788086899.822103,50,4.760011,1.095456
worker_4,3620,1788086899.826880,50,4.985967,1.098176
worker_4,3621,1788086899.831915,50,4.543454,1.099424
worker_4,3622,1788086899.836483,50,4.991791,1.096384
worker_4,3623,1788086899.841525,50,4.540009,1.098816
worker_4,3624,1788086899.846093,50,4.967634,1.095744
worker_4,3625,1788086899.851109,50,4.541112,1.098112
worker_4,3626,1788086899.855675,50,4.775613,1.098912
worker_4,3627,1788086899.860468,50,4.783577,1.097280
worker_4,3628,1788086899.865268,50,4.990671,1.099168
worker_4,3629,1788086899.870308,50,4.534075,1.095648
worker_4,3630,1788086899.874868,50,4.972597,1.098304
worker_4,3631,1788086899.879888,50,4.540418,1.096224
worker_4,3632,1788086899.884455,50,4.971078,1.098144
worker_4,3633,1788086899.889473,50,4.538584,1.096544
worker_4,3634,1788086899.894038,50,5.004801,1.099200
worker_4,3635,1788086899.899093,50,4.530232,1.095808
worker_4,3636,1788086899.903649,50,4.766048,1.097792
worker_4,3637,1788086899.908434,50,4.774391,1.099232
worker_4,3638,1788086899.913224,50,4.991337,1.098144
worker_4,3639,1788086899.918278,50,4.534259,1.097504
worker_4,3640,1788086899.922840,50,5.001820,1.095776
worker_4,3641,1788086899.927889,50,4.511370,1.098240
worker_4,3642,1788086899.932427,50,4.970513,1.099520
worker_4,3643,1788086899.937448,50,4.539454,1.096928
worker_4,3644,1788086899.942014,50,4.766205,1.097440
worker_4,3645,1788086899.946799,50,4.984059,1.097536
worker_4,3646,1788086899.951913,50,4.460277,1.096288
worker_4,3647,1788086899.956400,50,4.974188,1.099616
worker_4,3648,1788086899.961424,50,4.537398,1.096672
worker_4,3649,1788086899.965989,50,4.980892,1.097344
worker_4,3650,1788086899.971019,50,4.545166,1.098240
worker_4,3651,1788086899.975589,50,4.765827,1.097696
worker_4,3652,1788086899.980374,50,4.772585,1.095968
worker_4,3653,1788086899.985163,50,4.988893,1.098144
worker_4,3654,1788086899.990201,50,4.539759,1.097024
worker_4,3655,1788086899.994768,50,4.820021,1.098816
worker_4,3656,1788086899.999636,50,4.697761,1.098624
worker_4,3657,1788086900.004359,50,4.975818,1.097312
worker_4,3658,1788086900.009395,50,4.523954,1.098080
worker_4,3659,1788086900.013943,50,4.998976,1.098336
worker_4,3660,1788086900.018989,50,4.534398,1.096224
worker_4,3661,1788086900.023551,50,4.765401,1.096768
worker_4,3662,1788086900.028336,50,4.772076,1.097792
worker_4,3663,1788086900.033124,50,4.990883,1.096448
worker_4,3664,1788086900.038162,50,4.557592,1.097600
worker_4,3665,1788086900.042747,50,4.970643,1.097664
worker_4,3666,1788086900.047765,50,4.541649,1.097376
worker_4,3667,1788086900.052333,50,4.977440,1.098112
worker_4,3668,1788086900.057358,50,4.536482,1.097344
worker_4,3669,1788086900.061922,50,4.975328,1.096192
worker_4,3670,1788086900.066946,50,4.542556,1.098272
worker_4,3671,1788086900.071516,50,4.765113,1.098880
worker_4,3672,1788086900.076301,50,4.767826,1.099168
worker_4,3673,1788086900.081084,50,4.985457,1.097248
worker_4,3674,1788086900.086119,50,4.536787,1.097664
worker_4,3675,1788086900.090682,50,4.980142,1.098144
worker_4,3676,1788086900.095711,50,4.532611,1.097728
worker_4,3677,1788086900.100269,50,4.970698,1.097376
worker_4,3678,1788086900.105301,50,4.528019,1.097056
worker_4,3679,1788086900.109855,50,4.971152,1.094912
worker_4,3680,1788086900.114874,50,4.546270,1.097504
worker_4,3681,1788086900.119448,50,4.755946,1.097216
worker_4,3682,1788086900.124229,50,4.777818,1.097344
worker_4,3683,1788086900.129024,50,4.792761,1.098720
worker_4,3684,1788086900.133839,50,4.761531,1.096160
worker_4,3685,1788086900.138620,50,4.962133,1.098848
worker_4,3686,1788086900.143617,50,4.768678,1.098816
worker_4,3687,1788086900.148435,50,4.554435,1.097504
worker_4,3688,1788086900.153015,50,4.765131,1.097312
worker_4,3689,1788086900.157798,50,4.772511,1.098624
worker_4,3690,1788086900.162587,50,4.773447,1.095488
worker_4,3691,1788086900.167378,50,4.778216,1.097792
worker_4,3692,1788086900.172172,50,4.785614,1.096896
worker_4,3693,1788086900.176975,50,4.792882,1.099776
worker_4,3694,1788086900.181785,50,4.772383,1.096224
worker_4,3695,1788086900.186572,50,4.784604,1.097216
worker_4,3696,1788086900.191373,50,4.987449,1.097696
worker_4,3697,1788086900.196428,50,4.522296,1.097504
worker_4,3698,1788086900.200978,50,4.997124,1.097408
worker_4,3699,1788086900.206024,50,4.537333,1.096128
worker_4,3700,1788086900.210588,50,4.971661,1.097408
worker_4,3701,1788086900.215608,50,4.560834,1.097056
worker_4,3702,1788086900.220193,50,4.774577,1.096288
worker_4,3703,1788086900.224985,50,4.772789,1.097696
worker_4,3704,1788086900.229776,50,4.987170,1.097024
worker_4,3705,1788086900.234812,50,4.534983,1.097088
worker_4,3706,1788086900.239373,50,4.783891,1.096832
worker_4,3707,1788086900.244174,50,4.773215,1.095968
worker_4,3708,1788086900.248963,50,4.792021,1.100992
worker_4,3709,1788086900.253771,50,4.779383,1.098592
worker_4,3710,1788086900.258568,50,4.772502,1.096864
worker_4,3711,1788086900.263356,50,4.992430,1.096864
worker_4,3712,1788086900.268398,50,4.544704,1.097312
worker_4,3713,1788086900.272968,50,4.982346,1.097536
worker_4,3714,1788086900.278001,50,4.530954,1.095712
worker_4,3715,1788086900.282559,50,4.964772,1.096960
worker_4,3716,1788086900.287573,50,4.540575,1.098272
worker_4,3717,1788086900.292150,50,4.756492,1.096192
worker_4,3718,1788086900.296924,50,4.785531,1.098688
worker_4,3719,1788086900.301725,50,4.772817,1.097760
worker_4,3720,1788086900.306515,50,4.778438,1.096096
worker_4,3721,1788086900.311309,50,4.770928,1.095456
worker_4,3722,1788086900.316098,50,4.775104,1.098144
worker_4,3723,1788086900.320889,50,4.781826,1.100160
worker_4,3724,1788086900.325686,50,4.781715,1.098304
worker_4,3725,1788086900.330483,50,5.000441,1.097184
worker_4,3726,1788086900.335533,50,4.530722,1.097408
worker_4,3727,1788086900.340090,50,4.766854,1.098016
worker_4,3728,1788086900.344875,50,4.785058,1.102272
worker_4,3729,1788086900.349677,50,4.767198,1.095520
worker_4,3730,1788086900.354460,50,4.987458,1.097504
worker_4,3731,1788086900.359498,50,4.537037,1.096320
worker_4,3732,1788086900.364061,50,4.771863,1.096320
worker_4,3733,1788086900.368852,50,4.791280,1.098336
worker_4,3734,1788086900.373660,50,4.798687,1.098880
worker_4,3735,1788086900.378490,50,4.744873,1.097184
worker_4,3736,1788086900.383271,50,4.751622,1.098304
worker_4,3737,1788086900.388043,50,4.775715,1.099040
worker_4,3738,1788086900.392837,50,4.788141,1.103328
worker_4,3739,1788086900.397640,50,4.773798,1.099040
worker_4,3740,1788086900.402430,50,4.776799,1.097120
worker_4,3741,1788086900.407223,50,4.776854,1.096064
worker_4,3742,1788086900.412016,50,4.774280,1.095456
worker_4,3743,1788086900.416806,50,4.769642,1.097408
worker_4,3744,1788086900.421591,50,4.778677,1.096480
worker_4,3745,1788086900.426385,50,4.780133,1.097792
worker_4,3746,1788086900.431180,50,4.775270,1.096544
worker_4,3747,1788086900.435971,50,4.782844,1.097376
worker_4,3748,1788086900.440769,50,4.786539,1.098784
worker_4,3749,1788086900.445571,50,4.778123,1.097792
worker_4,3750,1788086900.450364,50,4.776059,1.097792
worker_4,3751,1788086900.455155,50,4.951708,1.097664
worker_4,3752,1788086900.460122,50,4.624566,1.101280
worker_4,3753,1788086900.464763,50,4.985392,1.097216
worker_4,3754,1788086900.469799,50,4.747826,1.099456
worker_4,3755,1788086900.474594,50,4.747863,1.096512
worker_4,3756,1788086900.479402,50,4.542353,1.096992
worker_4,3757,1788086900.483972,50,4.959994,1.096640
worker_4,3758,1788086900.488980,50,4.760373,1.102240
worker_4,3759,1788086900.493789,50,4.740196,1.097664
worker_4,3760,1788086900.498576,50,4.554325,1.098400
worker_4,3761,1788086900.503161,50,4.749345,1.097376
worker_4,3762,1788086900.507929,50,4.778530,1.100384
worker_4,3763,1788086900.512726,50,4.770216,1.097184
worker_4,3764,1788086900.517513,50,4.780335,1.098560
worker_4,3765,1788086900.522309,50,4.774336,1.097344
worker_4,3766,1788086900.527098,50,4.778511,1.097824
worker_4,3767,1788086900.531892,50,4.783659,1.101760
worker_4,3768,1788086900.536691,50,4.775326,1.096704
worker_4,3769,1788086900.541481,50,4.777493,1.097632
worker_4,3770,1788086900.546274,50,4.992624,1.098144
worker_4,3771,1788086900.551316,50,4.537620,1.098336
worker_4,3772,1788086900.555878,50,4.970699,1.100128
worker_4,3773,1788086900.560896,50,4.543120,1.096160
worker_4,3774,1788086900.565466,50,4.977105,1.101504
worker_4,3775,1788086900.570504,50,4.528009,1.098912
worker_4,3776,1788086900.575059,50,4.972652,1.096480
worker_4,3777,1788086900.580077,50,4.561788,1.105856
worker_4,3778,1788086900.584664,50,4.965458,1.097376
worker_4,3779,1788086900.589677,50,4.549297,1.097408
worker_4,3780,1788086900.594251,50,4.760752,1.096160
worker_4,3781,1788086900.599029,50,4.984726,1.097728
worker_4,3782,1788086900.604063,50,4.554889,1.103552
worker_4,3783,1788086900.608643,50,4.966218,1.097440
worker_4,3784,1788086900.613660,50,4.536963,1.097472
worker_4,3785,1788086900.618227,50,4.971013,1.097760
worker_4,3786,1788086900.623247,50,4.542250,1.097568
worker_4,3787,1788086900.627814,50,4.768891,1.099840
worker_4,3788,1788086900.632601,50,4.771539,1.097440
worker_4,3789,1788086900.637389,50,4.986578,1.098240
worker_4,3790,1788086900.642427,50,4.538213,1.096768
worker_4,3791,1788086900.646990,50,4.978319,1.097760
worker_4,3792,1788086900.652018,50,4.536388,1.095872
worker_4,3793,1788086900.656580,50,4.972060,1.097952
worker_4,3794,1788086900.661605,50,4.538907,1.098656
worker_4,3795,1788086900.666185,50,4.990162,1.098560
worker_4,3796,1788086900.671223,50,4.532592,1.098208
worker_4,3797,1788086900.675867,50,4.683270,1.106528
worker_4,3798,1788086900.680572,50,4.767743,1.097856
worker_4,3799,1788086900.685357,50,4.990587,1.098112
worker_4,3800,1788086900.690396,50,4.535557,1.096928
worker_4,3801,1788086900.694955,50,4.972754,1.096928
worker_4,3802,1788086900.699977,50,4.535676,1.097792
worker_4,3803,1788086900.704539,50,4.996143,1.096224
worker_4,3804,1788086900.709586,50,4.533074,1.097568
worker_4,3805,1788086900.714148,50,4.968634,1.098016
worker_4,3806,1788086900.719165,50,4.536111,1.097376
worker_4,3807,1788086900.723726,50,4.763503,1.100224
worker_4,3808,1788086900.728508,50,4.781187,1.097728
worker_4,3809,1788086900.733306,50,4.981023,1.096928
worker_4,3810,1788086900.738334,50,4.539500,1.096512
worker_4,3811,1788086900.742900,50,4.966171,1.096960
worker_4,3812,1788086900.747913,50,4.546908,1.097408
worker_4,3813,1788086900.752485,50,4.975236,1.102048
worker_4,3814,1788086900.757521,50,4.524983,1.098112
worker_4,3815,1788086900.762073,50,4.986097,1.100640
worker_4,3816,1788086900.767107,50,4.531242,1.097024
worker_4,3817,1788086900.771654,50,4.785159,1.101024
worker_4,3818,1788086900.776459,50,4.788123,1.099648
worker_4,3819,1788086900.781264,50,4.775576,1.097632
worker_4,3820,1788086900.786055,50,4.775604,1.098080
worker_4,3821,1788086900.790848,50,4.774882,1.099392
worker_4,3822,1788086900.795639,50,4.779928,1.097504
worker_4,3823,1788086900.800434,50,4.986365,1.097280
worker_4,3824,1788086900.805469,50,4.538426,1.096512
worker_4,3825,1788086900.810035,50,4.761429,1.097216
worker_4,3826,1788086900.814815,50,4.979495,1.097728
worker_4,3827,1788086900.819843,50,4.542695,1.099200
worker_4,3828,1788086900.824412,50,4.989115,1.100736
worker_4,3829,1788086900.829449,50,4.547306,1.098912
worker_4,3830,1788086900.834020,50,4.975125,1.099072
worker_4,3831,1788086900.839044,50,4.547843,1.098624
worker_4,3832,1788086900.843618,50,4.760187,1.096320
worker_4,3833,1788086900.848397,50,4.766502,1.096576
worker_4,3834,1788086900.853187,50,4.985374,1.097408
worker_4,3835,1788086900.858221,50,4.548500,1.097504
worker_4,3836,1788086900.862798,50,4.816689,1.097056
worker_4,3837,1788086900.867666,50,4.686252,1.097280
worker_4,3838,1788086900.872378,50,4.986088,1.100128
worker_4,3839,1788086900.877412,50,4.530861,1.097600
worker_4,3840,1788086900.881968,50,4.976115,1.099296
worker_4,3841,1788086900.886992,50,4.542779,1.097568
worker_4,3842,1788086900.891560,50,4.763983,1.095776
worker_4,3843,1788086900.896344,50,4.774012,1.099040
worker_4,3844,1788086900.901133,50,4.776242,1.097472
worker_4,3845,1788086900.905926,50,4.797790,1.098112
worker_4,3846,1788086900.910740,50,4.777974,1.097408
worker_4,3847,1788086900.915534,50,4.777012,1.097184
worker_4,3848,1788086900.920326,50,4.778224,1.098304
worker_4,3849,1788086900.925121,50,4.779205,1.098720
worker_4,3850,1788086900.929916,50,4.800022,1.098624
worker_4,3851,1788086900.934731,50,4.776141,1.096256
worker_4,3852,1788086900.939522,50,5.004857,1.099552
worker_4,3853,1788086900.944588,50,4.737640,1.095904
worker_4,3854,1788086900.949373,50,4.743224,1.095680
worker_4,3855,1788086900.954164,50,4.746447,1.097184
worker_4,3856,1788086900.958956,50,4.552140,1.097056
worker_4,3857,1788086900.963537,50,4.751067,1.097248
worker_4,3858,1788086900.968309,50,4.779865,1.097600
worker_4,3859,1788086900.973106,50,4.778993,1.098368
worker_4,3860,1788086900.977902,50,4.776140,1.097632
worker_4,3861,1788086900.982695,50,4.773512,1.097536
worker_4,3862,1788086900.987484,50,4.777040,1.097248
worker_4,3863,1788086900.992277,50,4.777410,1.100992
worker_4,3864,1788086900.997070,50,4.778974,1.097312
worker_4,3865,1788086901.001864,50,4.775586,1.097376
worker_4,3866,1788086901.006658,50,4.779789,1.097120
worker_4,3867,1788086901.011453,50,4.780771,1.096480
worker_4,3868,1788086901.016248,50,4.778770,1.099008
worker_4,3869,1788086901.021042,50,4.777531,1.097152
worker_4,3870,1788086901.025836,50,4.777382,1.097312
worker_4,3871,1788086901.030627,50,4.779105,1.097760
worker_4,3872,1788086901.035423,50,4.794493,1.097792
worker_4,3873,1788086901.040246,50,4.766049,1.101312
worker_4,3874,1788086901.045027,50,4.777483,1.098368
worker_4,3875,1788086901.049819,50,4.783614,1.095424
worker_4,3876,1788086901.054619,50,4.777530,1.098528
worker_4,3877,1788086901.059413,50,4.792836,1.096096
worker_4,3878,1788086901.064229,50,4.764946,1.099264
worker_4,3879,1788086901.069010,50,4.988439,1.096128
worker_4,3880,1788086901.074047,50,4.752364,1.095520
worker_4,3881,1788086901.078847,50,4.543028,1.099328
worker_4,3882,1788086901.083416,50,4.777205,1.097280
worker_4,3883,1788086901.088222,50,4.766623,1.101088
worker_4,3884,1788086901.093004,50,4.775132,1.096032
worker_4,3885,1788086901.097795,50,4.781104,1.097824
worker_4,3886,1788086901.102593,50,4.777512,1.097760
worker_4,3887,1788086901.107385,50,4.784280,1.099104
worker_4,3888,1788086901.112185,50,4.771881,1.096064
worker_4,3889,1788086901.116974,50,4.803067,1.105728
worker_4,3890,1788086901.121793,50,4.775039,1.097824
worker_4,3891,1788086901.126584,50,4.776159,1.097536
worker_4,3892,1788086901.131383,50,4.794123,1.097120
worker_4,3893,1788086901.136193,50,4.782687,1.101216
worker_4,3894,1788086901.140990,50,4.772557,1.097504
worker_4,3895,1788086901.145778,50,4.785882,1.098560
worker_4,3896,1788086901.150578,50,4.777992,1.096736
worker_4,3897,1788086901.155372,50,4.793975,1.097152
worker_4,3898,1788086901.160181,50,4.779437,1.098784
worker_4,3899,1788086901.164979,50,4.982153,1.097280
worker_4,3900,1788086901.170011,50,4.538519,1.098560
worker_4,3901,1788086901.174576,50,4.759243,1.097760
worker_4,3902,1788086901.179355,50,4.786725,1.097152
worker_4,3903,1788086901.184157,50,4.777715,1.101792
worker_4,3904,1788086901.188950,50,4.773770,1.098112
worker_4,3905,1788086901.193741,50,4.775512,1.099168
worker_4,3906,1788086901.198532,50,4.776965,1.097632
worker_4,3907,1788086901.203325,50,4.779735,1.099264
worker_4,3908,1788086901.208120,50,4.777001,1.096288
worker_4,3909,1788086901.212911,50,4.798948,1.096928
worker_4,3910,1788086901.217724,50,4.777122,1.098080
worker_4,3911,1788086901.222516,50,4.780520,1.097568
worker_4,3912,1788086901.227323,50,4.766548,1.096096
worker_4,3913,1788086901.232105,50,4.775039,1.096128
worker_4,3914,1788086901.236895,50,4.778762,1.097824
worker_4,3915,1788086901.241691,50,4.778187,1.096064
worker_4,3916,1788086901.246484,50,4.776465,1.098272
worker_4,3917,1788086901.251276,50,4.794048,1.097888
worker_4,3918,1788086901.256085,50,4.772845,1.096992
worker_4,3919,1788086901.260872,50,4.785372,1.098304
worker_4,3920,1788086901.265676,50,4.772354,1.095808
worker_4,3921,1788086901.270465,50,4.770502,1.097888
worker_4,3922,1788086901.275252,50,4.801446,1.097792
worker_4,3923,1788086901.280068,50,4.783270,1.100288
worker_4,3924,1788086901.284867,50,4.778279,1.097376
worker_4,3925,1788086901.289663,50,4.777290,1.097248
worker_4,3926,1788086901.294456,50,4.778567,1.097792
worker_4,3927,1788086901.299250,50,4.811169,1.096480
worker_4,3928,1788086901.304076,50,4.777881,1.098816
worker_4,3929,1788086901.308869,50,4.779772,1.097408
worker_4,3930,1788086901.313664,50,4.782373,1.096768
worker_4,3931,1788086901.318471,50,4.769920,1.096416
worker_4,3932,1788086901.323257,50,4.815124,1.098816
worker_4,3933,1788086901.328087,50,4.783169,1.103136
worker_4,3934,1788086901.332885,50,4.777077,1.095424
worker_4,3935,1788086901.337678,50,4.785058,1.097536
worker_4,3936,1788086901.342479,50,4.774392,1.096416
worker_4,3937,1788086901.347269,50,4.780641,1.095680
worker_4,3938,1788086901.352065,50,4.781188,1.101312
worker_4,3939,1788086901.356860,50,4.777196,1.096896
worker_4,3940,1788086901.361653,50,4.988495,1.095296
worker_4,3941,1788086901.366690,50,4.542777,1.098048
worker_4,3942,1788086901.371259,50,4.757761,1.097280
worker_4,3943,1788086901.376035,50,4.770568,1.097408
worker_4,3944,1788086901.380821,50,4.806835,1.112096
worker_4,3945,1788086901.385646,50,4.781030,1.099296
worker_4,3946,1788086901.390444,50,4.782613,1.097472
worker_4,3947,1788086901.395243,50,4.775808,1.097312
worker_4,3948,1788086901.400115,50,4.699141,1.097024
worker_4,3949,1788086901.404833,50,4.793716,1.109888
worker_4,3950,1788086901.409644,50,4.774122,1.097216
worker_4,3951,1788086901.414448,50,4.762661,1.097760
worker_4,3952,1788086901.419227,50,4.778076,1.097632
worker_4,3953,1788086901.424021,50,4.776687,1.099392
worker_4,3954,1788086901.428812,50,4.787966,1.100608
worker_4,3955,1788086901.433614,50,4.775817,1.097760
worker_4,3956,1788086901.438406,50,4.784883,1.098688
worker_4,3957,1788086901.443207,50,4.778178,1.098624
worker_4,3958,1788086901.448001,50,4.778753,1.097280
worker_4,3959,1788086901.452796,50,4.773743,1.097792
worker_4,3960,1788086901.457585,50,4.790818,1.098816
worker_4,3961,1788086901.462390,50,4.785011,1.097088
worker_4,3962,1788086901.467194,50,4.766540,1.097792
worker_4,3963,1788086901.471978,50,4.777391,1.099040
worker_4,3964,1788086901.476772,50,4.774559,1.098112
worker_4,3965,1788086901.481562,50,4.780465,1.100416
worker_4,3966,1788086901.486358,50,4.771827,1.096064
worker_4,3967,1788086901.491145,50,4.774613,1.097824
worker_4,3968,1788086901.495935,50,4.789502,1.099328
worker_4,3969,1788086901.500746,50,4.784345,1.103712
worker_4,3970,1788086901.505558,50,4.760835,1.097184
worker_4,3971,1788086901.510334,50,4.778168,1.096128
worker_4,3972,1788086901.515129,50,4.778826,1.097792
worker_4,3973,1788086901.519924,50,4.782476,1.097952
worker_4,3974,1788086901.524721,50,4.810113,1.109952
worker_4,3975,1788086901.529547,50,4.771039,1.095520
worker_4,3976,1788086901.534333,50,4.780836,1.095648
worker_4,3977,1788086901.539129,50,4.772836,1.096384
worker_4,3978,1788086901.543918,50,4.774984,1.097376
worker_4,3979,1788086901.548704,50,4.786568,1.097824
worker_4,3980,1788086901.553508,50,4.780992,1.098752
worker_4,3981,1788086901.558305,50,4.775826,1.099072
worker_4,3982,1788086901.563096,50,4.990920,1.098720
worker_4,3983,1788086901.568137,50,4.744438,1.101792
worker_4,3984,1788086901.572928,50,4.744474,1.098528
worker_4,3985,1788086901.577720,50,4.745344,1.097088
worker_4,3986,1788086901.582511,50,4.746835,1.095872
worker_4,3987,1788086901.587307,50,4.536926,1.097312
worker_4,3988,1788086901.591874,50,4.769456,1.106144
worker_4,3989,1788086901.596663,50,4.763826,1.096416
worker_4,3990,1788086901.601450,50,5.008272,1.096928
worker_4,3991,1788086901.606508,50,4.510657,1.097856
worker_4,3992,1788086901.611045,50,4.977708,1.097408
worker_4,3993,1788086901.616072,50,4.548806,1.100928
worker_4,3994,1788086901.620646,50,4.757465,1.096960
worker_4,3995,1788086901.625423,50,4.776715,1.097728
worker_4,3996,1788086901.630219,50,4.774067,1.097088
worker_4,3997,1788086901.635009,50,4.774642,1.097632
worker_4,3998,1788086901.639800,50,4.779566,1.101440
worker_4,3999,1788086901.644596,50,4.775299,1.097280
worker_4,4000,1788086901.649388,50,5.001578,1.098304
worker_4,4001,1788086901.654440,50,4.533983,1.098656
worker_4,4002,1788086901.658999,50,4.976679,1.097024
worker_4,4003,1788086901.664024,50,4.541806,1.099520
worker_4,4004,1788086901.668592,50,4.985995,1.096864
worker_4,4005,1788086901.673627,50,4.539010,1.098112
worker_4,4006,1788086901.678193,50,4.977828,1.098304
worker_4,4007,1788086901.683221,50,4.530463,1.098400
worker_4,4008,1788086901.687778,50,4.775335,1.101024
worker_4,4009,1788086901.692585,50,4.770576,1.097760
worker_4,4010,1788086901.697372,50,4.985652,1.096992
worker_4,4011,1788086901.702408,50,4.549926,1.098016
worker_4,4012,1788086901.706985,50,4.978558,1.099488
worker_4,4013,1788086901.712013,50,4.539482,1.095840
worker_4,4014,1788086901.716577,50,4.976810,1.103584
worker_4,4015,1788086901.721604,50,4.543648,1.097120
worker_4,4016,1788086901.726173,50,4.761189,1.097184
worker_4,4017,1788086901.730954,50,4.768854,1.097696
worker_4,4018,1788086901.735738,50,4.778576,1.099328
worker_4,4019,1788086901.740534,50,4.783263,1.097312
worker_4,4020,1788086901.745334,50,4.963568,1.096224
worker_4,4021,1788086901.750334,50,4.759779,1.097248
worker_4,4022,1788086901.755132,50,4.566500,1.098144
worker_4,4023,1788086901.759721,50,4.773975,1.099232
worker_4,4024,1788086901.764520,50,4.759631,1.097248
worker_4,4025,1788086901.769297,50,4.781410,1.097440
worker_4,4026,1788086901.774094,50,4.783585,1.097472
worker_4,4027,1788086901.778897,50,4.766400,1.097632
worker_4,4028,1788086901.783682,50,4.764956,1.097760
worker_4,4029,1788086901.788480,50,4.763845,1.100672
worker_4,4030,1788086901.793261,50,4.778492,1.098368
worker_4,4031,1788086901.798055,50,4.772891,1.096928
worker_4,4032,1788086901.802845,50,4.770373,1.096384
worker_4,4033,1788086901.807633,50,4.802974,1.099840
worker_4,4034,1788086901.812463,50,4.752585,1.097664
worker_4,4035,1788086901.817238,50,4.757335,1.096448
worker_4,4036,1788086901.822021,50,4.764751,1.097792
worker_4,4037,1788086901.826805,50,4.773706,1.096512
worker_4,4038,1788086901.831597,50,4.769983,1.098752
worker_4,4039,1788086901.836384,50,4.778086,1.101696
worker_4,4040,1788086901.841179,50,4.770743,1.097216
worker_4,4041,1788086901.845966,50,4.788161,1.097280
worker_4,4042,1788086901.850770,50,4.774345,1.096480
worker_4,4043,1788086901.855560,50,4.991245,1.098336
worker_4,4044,1788086901.860598,50,4.743734,1.099008
worker_4,4045,1788086901.865390,50,4.742650,1.098016
worker_4,4046,1788086901.870178,50,4.566742,1.096896
worker_4,4047,1788086901.874784,50,4.737529,1.096320
worker_4,4048,1788086901.879558,50,4.747179,1.095776
worker_4,4049,1788086901.884323,50,4.778557,1.099008
worker_4,4050,1788086901.889119,50,4.990550,1.095648
worker_4,4051,1788086901.894159,50,4.535602,1.097792
worker_4,4052,1788086901.898726,50,4.750206,1.096288
worker_4,4053,1788086901.903499,50,4.783401,1.097312
worker_4,4054,1788086901.908305,50,4.764993,1.098400
worker_4,4055,1788086901.913089,50,4.773003,1.096416
worker_4,4056,1788086901.917881,50,4.769465,1.097408
worker_4,4057,1788086901.922668,50,4.780243,1.097280
worker_4,4058,1788086901.927465,50,4.773410,1.097568
worker_4,4059,1788086901.932254,50,4.779762,1.097344
worker_4,4060,1788086901.937049,50,4.785428,1.098912
worker_4,4061,1788086901.941855,50,4.767512,1.096992
worker_4,4062,1788086901.946642,50,4.770150,1.098208
worker_4,4063,1788086901.951429,50,4.788688,1.096320
worker_4,4064,1788086901.956234,50,4.766715,1.098016
worker_4,4065,1788086901.961016,50,4.775586,1.097952
worker_4,4066,1788086901.965807,50,4.789012,1.096416
worker_4,4067,1788086901.970611,50,4.777798,1.097408
worker_4,4068,1788086901.975411,50,4.779818,1.098976
worker_4,4069,1788086901.980207,50,4.774493,1.099008
worker_4,4070,1788086901.984997,50,4.777651,1.096608
worker_4,4071,1788086901.989789,50,4.781484,1.099072
worker_4,4072,1788086901.994586,50,4.988588,1.097952
worker_4,4073,1788086901.999624,50,4.547157,1.097024
worker_4,4074,1788086902.004198,50,4.755327,1.095680
worker_4,4075,1788086902.008972,50,4.779234,1.099584
worker_4,4076,1788086902.013772,50,4.769428,1.096832
worker_4,4077,1788086902.018557,50,4.776392,1.096960
worker_4,4078,1788086902.023349,50,4.775539,1.096960
worker_4,4079,1788086902.028142,50,4.780631,1.100608
worker_4,4080,1788086902.032938,50,4.777011,1.097760
worker_4,4081,1788086902.037730,50,4.776743,1.097152
worker_4,4082,1788086902.042522,50,4.779669,1.096864
worker_4,4083,1788086902.047318,50,4.784836,1.097696
worker_4,4084,1788086902.052120,50,4.771113,1.097440
worker_4,4085,1788086902.056906,50,4.793920,1.103936
worker_4,4086,1788086902.061715,50,4.777021,1.095392
worker_4,4087,1788086902.066513,50,4.775114,1.097728
worker_4,4088,1788086902.071304,50,4.781215,1.099296
worker_4,4089,1788086902.076101,50,4.774410,1.097504
worker_4,4090,1788086902.080890,50,4.785567,1.101888
worker_4,4091,1788086902.085690,50,4.777854,1.097696
worker_4,4092,1788086902.090483,50,4.781095,1.098336
worker_4,4093,1788086902.095281,50,4.774252,1.097088
worker_4,4094,1788086902.100071,50,4.776095,1.096544
worker_4,4095,1788086902.104862,50,5.022421,1.103552
worker_4,4096,1788086902.109936,50,4.744011,1.098368
worker_4,4097,1788086902.114728,50,4.535685,1.097024
worker_4,4098,1788086902.119289,50,4.776494,1.097536
worker_4,4099,1788086902.124154,50,4.919846,1.099232
worker_4,4100,1788086902.129122,50,4.532658,1.097344
worker_4,4101,1788086902.133682,50,4.759659,1.097600
worker_4,4102,1788086902.138461,50,4.770781,1.099136
worker_4,4103,1788086902.143248,50,5.018606,1.097408
worker_4,4104,1788086902.148316,50,4.532407,1.099808
worker_4,4105,1788086902.152874,50,4.969550,1.096320
worker_4,4106,1788086902.157891,50,4.538158,1.097280
worker_4,4107,1788086902.162470,50,4.964087,1.095936
worker_4,4108,1788086902.167483,50,4.559251,1.096800
worker_4,4109,1788086902.172068,50,4.765872,1.101088
worker_4,4110,1788086902.176852,50,4.776615,1.099392
worker_4,4111,1788086902.181645,50,4.988736,1.096256
worker_4,4112,1788086902.186682,50,4.535370,1.096256
worker_4,4113,1788086902.191243,50,4.785104,1.096832
worker_4,4114,1788086902.196045,50,4.780243,1.097600
worker_4,4115,1788086902.200843,50,4.774483,1.097088
worker_4,4116,1788086902.205635,50,4.774808,1.097312
worker_4,4117,1788086902.210425,50,4.992448,1.097344
worker_4,4118,1788086902.215466,50,4.547287,1.097408
worker_4,4119,1788086902.220038,50,4.756670,1.095744
worker_4,4120,1788086902.224812,50,4.783243,1.097664
worker_4,4121,1788086902.229614,50,4.779021,1.097312
worker_4,4122,1788086902.234408,50,4.776187,1.098816
worker_4,4123,1788086902.239201,50,4.771021,1.097792
worker_4,4124,1788086902.243988,50,4.779743,1.096288
worker_4,4125,1788086902.248785,50,4.779929,1.098048
worker_4,4126,1788086902.253587,50,4.769752,1.097184
worker_4,4127,1788086902.258373,50,4.779336,1.097536
worker_4,4128,1788086902.263169,50,4.986846,1.098816
worker_4,4129,1788086902.268204,50,4.543686,1.098080
worker_4,4130,1788086902.272772,50,4.987689,1.104000
worker_4,4131,1788086902.277810,50,4.532972,1.097344
worker_4,4132,1788086902.282370,50,4.979282,1.097888
worker_4,4133,1788086902.287399,50,4.530324,1.096608
worker_4,4134,1788086902.291955,50,4.766058,1.095264
worker_4,4135,1788086902.296739,50,5.003689,1.107616
worker_4,4136,1788086902.301793,50,4.534297,1.097824
worker_4,4137,1788086902.306353,50,4.948088,1.097216
worker_4,4138,1788086902.311340,50,4.588047,1.097760
worker_4,4139,1788086902.315955,50,4.760123,1.098752
worker_4,4140,1788086902.320735,50,4.792808,1.103296
worker_4,4141,1788086902.325544,50,4.773327,1.098848
worker_4,4142,1788086902.330334,50,4.985068,1.095904
worker_4,4143,1788086902.335368,50,4.538602,1.097792
worker_4,4144,1788086902.339933,50,4.770501,1.097088
worker_4,4145,1788086902.344722,50,4.770910,1.099520
worker_4,4146,1788086902.349521,50,4.967717,1.097152
worker_4,4147,1788086902.354537,50,4.545361,1.097504
worker_4,4148,1788086902.359108,50,4.967522,1.097152
worker_4,4149,1788086902.364124,50,4.543565,1.097152
worker_4,4150,1788086902.368692,50,4.964892,1.095712
worker_4,4151,1788086902.373706,50,4.547297,1.096896
worker_4,4152,1788086902.378283,50,4.757668,1.095808
worker_4,4153,1788086902.383061,50,4.765206,1.096864
worker_4,4154,1788086902.387844,50,4.988457,1.098592
worker_4,4155,1788086902.392880,50,4.550029,1.105344
worker_4,4156,1788086902.397457,50,4.758669,1.096192
worker_4,4157,1788086902.402234,50,4.770373,1.097120
worker_4,4158,1788086902.407022,50,4.785420,1.097824
worker_4,4159,1788086902.411823,50,4.782068,1.103040
worker_4,4160,1788086902.416621,50,4.768595,1.096416
worker_4,4161,1788086902.421405,50,4.777975,1.096928
worker_4,4162,1788086902.426199,50,4.776418,1.098720
worker_4,4163,1788086902.430994,50,4.787141,1.098080
worker_4,4164,1788086902.435797,50,4.775816,1.099712
worker_4,4165,1788086902.440594,50,4.774141,1.098848
worker_4,4166,1788086902.445383,50,4.785827,1.098784
worker_4,4167,1788086902.450188,50,4.772344,1.097248
worker_4,4168,1788086902.454978,50,4.775215,1.096928
worker_4,4169,1788086902.459769,50,4.828466,1.099872
worker_4,4170,1788086902.464615,50,4.745066,1.097632
worker_4,4171,1788086902.469375,50,4.786419,1.097792
