label,batch,start_unix_s,operations,wall_ms,cuda_batch_ms
worker_3,0,1788087216.388791,50,4.938942,1.098528
worker_3,1,1788087216.393775,50,9.533388,1.096800
worker_3,2,1788087216.403336,50,9.562083,1.098752
worker_3,3,1788087216.412919,50,9.712269,1.096992
worker_3,4,1788087216.422654,50,9.574259,1.095680
worker_3,5,1788087216.432249,50,9.550639,1.097056
worker_3,6,1788087216.441817,50,9.785964,1.100256
worker_3,7,1788087216.451654,50,9.397998,1.097760
worker_3,8,1788087216.461102,50,9.661852,1.098432
worker_3,9,1788087216.470814,50,9.195534,1.098752
worker_3,10,1788087216.480048,50,9.533138,1.098496
worker_3,11,1788087216.489603,50,9.579158,1.098272
worker_3,12,1788087216.499200,50,9.557278,1.099360
worker_3,13,1788087216.508774,50,9.565723,1.098112
worker_3,14,1788087216.518356,50,9.590852,1.097728
worker_3,15,1788087216.527969,50,9.540907,1.097408
worker_3,16,1788087216.537521,50,9.591195,1.097376
worker_3,17,1788087216.547133,50,9.556889,1.098752
worker_3,18,1788087216.556707,50,9.558640,1.098016
worker_3,19,1788087216.566284,50,9.561490,1.098144
worker_3,20,1788087216.575862,50,9.558907,1.096512
worker_3,21,1788087216.585443,50,9.562555,1.097024
worker_3,22,1788087216.595023,50,9.552121,1.097440
worker_3,23,1788087216.604592,50,9.564675,1.097888
worker_3,24,1788087216.614174,50,9.776538,1.097088
worker_3,25,1788087216.623999,50,9.539925,1.097376
worker_3,26,1788087216.633587,50,9.528926,1.098048
worker_3,27,1788087216.643163,50,9.534704,1.099328
worker_3,28,1788087216.652746,50,9.335018,1.097056
worker_3,29,1788087216.662119,50,9.539361,1.097024
worker_3,30,1788087216.671678,50,9.584112,1.099104
worker_3,31,1788087216.681278,50,9.568092,1.099104
worker_3,32,1788087216.690862,50,9.578658,1.102816
worker_3,33,1788087216.700457,50,9.577649,1.099200
worker_3,34,1788087216.710050,50,9.584315,1.098176
worker_3,35,1788087216.719650,50,9.777604,1.097024
worker_3,36,1788087216.729475,50,9.326313,1.098976
worker_3,37,1788087216.738830,50,9.549843,1.099456
worker_3,38,1788087216.748398,50,9.558676,1.097184
worker_3,39,1788087216.757973,50,9.560279,1.097312
worker_3,40,1788087216.767551,50,9.564620,1.098176
worker_3,41,1788087216.777135,50,9.764539,1.096224
worker_3,42,1788087216.786949,50,9.324637,1.098432
worker_3,43,1788087216.796299,50,9.559446,1.099232
worker_3,44,1788087216.805878,50,9.560305,1.098528
worker_3,45,1788087216.815454,50,9.566398,1.101088
worker_3,46,1788087216.825041,50,9.761002,1.096160
worker_3,47,1788087216.834850,50,9.559288,1.096928
worker_3,48,1788087216.844457,50,9.529546,1.098048
worker_3,49,1788087216.854049,50,9.522565,1.098400
worker_3,50,1788087216.863620,50,9.536019,1.097792
worker_3,51,1788087216.873204,50,9.561286,1.097408
worker_3,52,1788087216.882813,50,9.531981,1.096992
worker_3,53,1788087216.892393,50,9.533806,1.097152
worker_3,54,1788087216.901977,50,9.530333,1.097376
worker_3,55,1788087216.911555,50,9.535593,1.097216
worker_3,56,1788087216.921139,50,9.679177,1.096768
worker_3,57,1788087216.930866,50,9.570973,1.096512
worker_3,58,1788087216.940486,50,9.533435,1.097056
worker_3,59,1788087216.950066,50,9.499064,1.096736
worker_3,60,1788087216.959613,50,9.344128,1.097600
worker_3,61,1788087216.968983,50,9.674233,1.096192
worker_3,62,1788087216.978705,50,9.266952,1.097344
worker_3,63,1788087216.987997,50,9.771688,1.098560
worker_3,64,1788087216.997820,50,9.322378,1.097600
worker_3,65,1788087217.007171,50,9.755186,1.099040
worker_3,66,1788087217.016975,50,9.327812,1.098496
worker_3,67,1788087217.026329,50,9.750667,1.097664
worker_3,68,1788087217.036143,50,9.306136,1.096224
worker_3,69,1788087217.045475,50,9.766178,1.097280
worker_3,70,1788087217.055290,50,9.328127,1.096768
worker_3,71,1788087217.064646,50,9.754344,1.096448
worker_3,72,1788087217.074449,50,9.339664,1.097344
worker_3,73,1788087217.083816,50,9.763789,1.104000
worker_3,74,1788087217.093629,50,9.352814,1.097760
worker_3,75,1788087217.103007,50,9.758909,1.097504
worker_3,76,1788087217.112818,50,9.321350,1.097472
worker_3,77,1788087217.122167,50,9.756853,1.098592
worker_3,78,1788087217.131974,50,9.314683,1.096768
worker_3,79,1788087217.141315,50,9.780094,1.099328
worker_3,80,1788087217.151144,50,9.324553,1.100128
worker_3,81,1788087217.160494,50,9.776992,1.096832
worker_3,82,1788087217.170320,50,9.328572,1.097760
worker_3,83,1788087217.179675,50,9.772807,1.096800
worker_3,84,1788087217.189496,50,9.321183,1.097728
worker_3,85,1788087217.198843,50,9.773603,1.098208
worker_3,86,1788087217.208665,50,9.313877,1.095552
worker_3,87,1788087217.218004,50,9.758585,1.096768
worker_3,88,1788087217.227824,50,9.314276,1.098720
worker_3,89,1788087217.237165,50,9.753103,1.098432
worker_3,90,1788087217.246967,50,9.325526,1.099296
worker_3,91,1788087217.256319,50,9.758363,1.097792
worker_3,92,1788087217.266128,50,9.326017,1.098400
worker_3,93,1788087217.275482,50,9.760974,1.097824
worker_3,94,1788087217.285291,50,9.334136,1.098080
worker_3,95,1788087217.294652,50,9.763428,1.098368
worker_3,96,1788087217.304466,50,9.333284,1.098944
worker_3,97,1788087217.313827,50,9.761104,1.096256
worker_3,98,1788087217.323637,50,9.326239,1.098208
worker_3,99,1788087217.332989,50,9.786327,1.097472
worker_3,100,1788087217.342824,50,9.339286,1.098240
worker_3,101,1788087217.352188,50,9.823900,1.095456
worker_3,102,1788087217.362061,50,9.247349,1.098048
worker_3,103,1788087217.371335,50,9.549028,1.097600
worker_3,104,1788087217.380899,50,9.586852,1.096224
worker_3,105,1788087217.390504,50,9.560777,1.096352
worker_3,106,1788087217.400082,50,9.563510,1.098112
worker_3,107,1788087217.409675,50,9.552482,1.097536
worker_3,108,1788087217.419246,50,9.587353,1.098784
worker_3,109,1788087217.428853,50,9.561001,1.096096
worker_3,110,1788087217.438429,50,9.566898,1.097248
worker_3,111,1788087217.448013,50,9.578714,1.105312
worker_3,112,1788087217.457608,50,9.553537,1.097696
worker_3,113,1788087217.467176,50,9.794632,1.097216
worker_3,114,1788087217.477021,50,9.522954,1.097504
worker_3,115,1788087217.486594,50,9.553398,1.097088
worker_3,116,1788087217.496198,50,9.310934,1.097504
worker_3,117,1788087217.505534,50,9.550722,1.097184
worker_3,118,1788087217.515104,50,9.563602,1.099744
worker_3,119,1788087217.524684,50,9.567733,1.098432
worker_3,120,1788087217.534269,50,9.560473,1.099072
worker_3,121,1788087217.543846,50,9.782595,1.098720
worker_3,122,1788087217.553678,50,9.527917,1.097504
worker_3,123,1788087217.563254,50,9.559768,1.110784
worker_3,124,1788087217.572863,50,9.532759,1.095904
worker_3,125,1788087217.582444,50,9.536158,1.097376
worker_3,126,1788087217.592029,50,9.535862,1.097408
worker_3,127,1788087217.601626,50,9.526769,1.097888
worker_3,128,1788087217.611204,50,9.526398,1.097440
worker_3,129,1788087217.620781,50,9.525472,1.098016
worker_3,130,1788087217.630354,50,9.527981,1.097920
worker_3,131,1788087217.639929,50,9.546769,1.097472
worker_3,132,1788087217.649523,50,9.530249,1.099456
worker_3,133,1788087217.659101,50,9.544455,1.099776
worker_3,134,1788087217.668691,50,9.531926,1.096960
worker_3,135,1788087217.678271,50,9.535611,1.098592
worker_3,136,1788087217.687853,50,9.537453,1.098240
worker_3,137,1788087217.697438,50,9.531546,1.096032
worker_3,138,1788087217.707017,50,9.325535,1.097568
worker_3,139,1788087217.716368,50,9.775447,1.097856
worker_3,140,1788087217.726192,50,9.335767,1.096576
worker_3,141,1788087217.735553,50,9.758307,1.101280
worker_3,142,1788087217.745359,50,9.320025,1.097440
worker_3,143,1788087217.754706,50,9.768762,1.096896
worker_3,144,1788087217.764523,50,9.312942,1.097152
worker_3,145,1788087217.773863,50,9.760603,1.098656
worker_3,146,1788087217.783686,50,9.311101,1.100288
worker_3,147,1788087217.793024,50,9.766455,1.096832
worker_3,148,1788087217.802840,50,9.335137,1.096352
worker_3,149,1788087217.812202,50,9.767891,1.097760
worker_3,150,1788087217.822018,50,9.323869,1.099808
worker_3,151,1788087217.831367,50,9.772853,1.099904
worker_3,152,1788087217.841189,50,9.320211,1.097600
worker_3,153,1788087217.850536,50,9.773668,1.096960
worker_3,154,1788087217.860358,50,9.312840,1.097984
worker_3,155,1788087217.869697,50,9.565833,1.096256
worker_3,156,1788087217.879378,50,9.462805,1.103456
worker_3,157,1788087217.888865,50,9.562695,1.098208
worker_3,158,1788087217.898447,50,9.584064,1.099328
worker_3,159,1788087217.908047,50,9.784790,1.099200
worker_3,160,1788087217.917882,50,9.566583,1.097536
worker_3,161,1788087217.927498,50,9.500184,1.101824
worker_3,162,1788087217.937045,50,9.528453,1.099072
worker_3,163,1788087217.946621,50,9.531890,1.096160
worker_3,164,1788087217.956202,50,9.546286,1.104608
worker_3,165,1788087217.965796,50,9.534397,1.095776
worker_3,166,1788087217.975392,50,9.536991,1.101376
worker_3,167,1788087217.984977,50,9.532981,1.097824
worker_3,168,1788087217.994559,50,9.531175,1.098336
worker_3,169,1788087218.004139,50,9.579407,1.100448
worker_3,170,1788087218.013768,50,9.470426,1.098016
worker_3,171,1788087218.023276,50,9.497139,1.097920
worker_3,172,1788087218.032793,50,9.791214,1.098112
worker_3,173,1788087218.042633,50,9.350942,1.097792
worker_3,174,1788087218.052022,50,9.525490,1.096608
worker_3,175,1788087218.061572,50,9.558731,1.098496
worker_3,176,1788087218.071148,50,9.525148,1.099296
worker_3,177,1788087218.080690,50,9.597908,1.097792
worker_3,178,1788087218.090304,50,9.568231,1.098144
worker_3,179,1788087218.099888,50,9.647529,1.098816
worker_3,180,1788087218.109584,50,9.322183,1.097120
worker_3,181,1788087218.118932,50,9.754724,1.096576
worker_3,182,1788087218.128736,50,9.335184,1.098240
worker_3,183,1788087218.138099,50,9.770252,1.096960
worker_3,184,1788087218.147918,50,9.328340,1.101120
worker_3,185,1788087218.157290,50,9.611131,1.098464
worker_3,186,1788087218.166952,50,9.693575,1.101504
worker_3,187,1788087218.176694,50,9.343425,1.097312
worker_3,188,1788087218.186066,50,9.759909,1.098624
worker_3,189,1788087218.195874,50,9.354507,1.097568
worker_3,190,1788087218.205256,50,9.761660,1.098720
worker_3,191,1788087218.215065,50,9.327480,1.099776
worker_3,192,1788087218.224421,50,9.759752,1.097376
worker_3,193,1788087218.234229,50,9.332748,1.098464
worker_3,194,1788087218.243589,50,9.606612,1.100384
worker_3,195,1788087218.253248,50,9.469221,1.097664
worker_3,196,1788087218.262746,50,9.757984,1.099104
worker_3,197,1788087218.272553,50,9.317637,1.095744
worker_3,198,1788087218.281897,50,9.770205,1.096800
worker_3,199,1788087218.291715,50,9.322868,1.098592
worker_3,200,1788087218.301064,50,9.755521,1.097984
worker_3,201,1788087218.310870,50,9.334434,1.098816
worker_3,202,1788087218.320240,50,9.750419,1.096896
worker_3,203,1788087218.330039,50,9.336350,1.096992
worker_3,204,1788087218.339401,50,9.759575,1.095904
worker_3,205,1788087218.349223,50,9.315285,1.096608
worker_3,206,1788087218.358567,50,9.740493,1.097056
worker_3,207,1788087218.368354,50,9.346054,1.097536
worker_3,208,1788087218.377734,50,9.537231,1.097152
worker_3,209,1788087218.387293,50,9.574889,1.099744
worker_3,210,1788087218.396886,50,9.560593,1.098848
worker_3,211,1788087218.406462,50,9.593981,1.095808
worker_3,212,1788087218.416074,50,9.558343,1.097344
worker_3,213,1788087218.425649,50,9.567268,1.099520
worker_3,214,1788087218.435232,50,9.571111,1.101696
worker_3,215,1788087218.444820,50,9.570638,1.098528
worker_3,216,1788087218.454407,50,9.559269,1.097792
worker_3,217,1788087218.463982,50,9.570407,1.097728
worker_3,218,1788087218.473572,50,9.551860,1.096448
worker_3,219,1788087218.483143,50,9.561399,1.097472
worker_3,220,1788087218.492723,50,9.563981,1.097760
worker_3,221,1788087218.502311,50,9.549870,1.098784
worker_3,222,1788087218.511882,50,9.553796,1.097056
worker_3,223,1788087218.521453,50,9.587991,1.096800
worker_3,224,1788087218.531064,50,9.561564,1.100128
worker_3,225,1788087218.540643,50,9.775262,1.097152
worker_3,226,1788087218.550467,50,9.526351,1.098144
worker_3,227,1788087218.560043,50,9.537601,1.097440
worker_3,228,1788087218.569629,50,9.537073,1.097568
worker_3,229,1788087218.579215,50,9.530788,1.096128
worker_3,230,1788087218.588795,50,9.543110,1.096768
worker_3,231,1788087218.598384,50,9.534713,1.098400
worker_3,232,1788087218.607971,50,9.581288,1.103648
worker_3,233,1788087218.617601,50,9.567602,1.097728
worker_3,234,1788087218.627218,50,9.286257,1.097280
worker_3,235,1788087218.636535,50,9.541057,1.098528
worker_3,236,1788087218.646096,50,9.577842,1.096960
worker_3,237,1788087218.655693,50,9.550490,1.097568
worker_3,238,1788087218.665262,50,9.942124,1.096672
worker_3,239,1788087218.675253,50,9.187441,1.098080
worker_3,240,1788087218.684468,50,9.904864,1.095328
worker_3,241,1788087218.694422,50,9.320627,1.096512
worker_3,242,1788087218.703768,50,9.591287,1.096032
worker_3,243,1788087218.713408,50,9.494934,1.097664
worker_3,244,1788087218.722944,50,9.599659,1.097856
worker_3,245,1788087218.732595,50,9.327016,1.097184
worker_3,246,1788087218.741948,50,9.551936,1.099136
worker_3,247,1788087218.751519,50,9.560213,1.099808
worker_3,248,1788087218.761100,50,9.560268,1.097440
worker_3,249,1788087218.770677,50,9.770131,1.095776
worker_3,250,1788087218.780496,50,9.320888,1.096160
worker_3,251,1788087218.789847,50,9.695863,1.098816
worker_3,252,1788087218.799566,50,9.782446,1.099104
worker_3,253,1788087218.809397,50,9.460981,1.097568
worker_3,254,1788087218.818906,50,9.410573,1.097536
worker_3,255,1788087218.828344,50,9.615565,1.098912
worker_3,256,1788087218.838007,50,9.329961,1.096800
worker_3,257,1788087218.847368,50,9.546788,1.097728
worker_3,258,1788087218.856937,50,9.551880,1.098368
worker_3,259,1788087218.866506,50,9.574778,1.099008
worker_3,260,1788087218.876097,50,9.559046,1.096928
worker_3,261,1788087218.885672,50,9.563972,1.096160
worker_3,262,1788087218.895252,50,9.558648,1.097280
worker_3,263,1788087218.904841,50,9.551649,1.097632
worker_3,264,1788087218.914411,50,9.571676,1.099232
worker_3,265,1788087218.923999,50,9.718918,1.102432
worker_3,266,1788087218.933733,50,9.627427,1.098592
worker_3,267,1788087218.943409,50,9.530120,1.099360
worker_3,268,1788087218.952988,50,9.530037,1.097568
worker_3,269,1788087218.962568,50,9.535601,1.098688
worker_3,270,1788087218.972151,50,9.325471,1.098400
worker_3,271,1788087218.981504,50,9.553870,1.097312
worker_3,272,1788087218.991077,50,9.562075,1.096384
worker_3,273,1788087219.000656,50,9.561463,1.099264
worker_3,274,1788087219.010233,50,9.562122,1.096640
worker_3,275,1788087219.019812,50,9.579575,1.095264
worker_3,276,1788087219.029408,50,9.562453,1.096256
worker_3,277,1788087219.038987,50,9.600398,1.098688
worker_3,278,1788087219.048607,50,9.551389,1.097312
worker_3,279,1788087219.058175,50,9.582630,1.098400
worker_3,280,1788087219.067775,50,9.577620,1.100864
worker_3,281,1788087219.077381,50,9.534500,1.096544
worker_3,282,1788087219.086938,50,9.554685,1.098688
worker_3,283,1788087219.096524,50,9.550453,1.099072
worker_3,284,1788087219.106093,50,9.574102,1.097216
worker_3,285,1788087219.115683,50,9.563379,1.099296
worker_3,286,1788087219.125262,50,9.571575,1.096000
worker_3,287,1788087219.134850,50,9.777612,1.098496
worker_3,288,1788087219.144675,50,9.523694,1.097760
worker_3,289,1788087219.154246,50,9.543898,1.097920
worker_3,290,1788087219.163839,50,9.532250,1.098944
worker_3,291,1788087219.173419,50,9.476267,1.096224
worker_3,292,1788087219.182921,50,9.549138,1.098496
worker_3,293,1788087219.192489,50,9.560426,1.098528
worker_3,294,1788087219.202067,50,9.563703,1.096928
worker_3,295,1788087219.211647,50,9.567649,1.097632
worker_3,296,1788087219.221231,50,9.562788,1.095872
worker_3,297,1788087219.230810,50,9.438619,1.097792
worker_3,298,1788087219.240263,50,9.911539,1.096992
worker_3,299,1788087219.250224,50,9.397730,1.096512
worker_3,300,1788087219.259671,50,9.526490,1.099616
worker_3,301,1788087219.269246,50,9.544481,1.095488
worker_3,302,1788087219.278852,50,9.524898,1.096960
worker_3,303,1788087219.288425,50,9.530398,1.097216
worker_3,304,1788087219.298004,50,9.535213,1.099328
worker_3,305,1788087219.307585,50,9.540305,1.096896
worker_3,306,1788087219.317173,50,9.547129,1.097056
worker_3,307,1788087219.326768,50,9.536075,1.097376
worker_3,308,1788087219.336351,50,9.538583,1.096320
worker_3,309,1788087219.345937,50,9.689622,1.097728
worker_3,310,1788087219.355752,50,9.391138,1.098976
worker_3,311,1788087219.365191,50,9.580954,1.097344
worker_3,312,1788087219.374818,50,9.492361,1.098496
worker_3,313,1788087219.384358,50,9.297516,1.098816
worker_3,314,1788087219.393681,50,9.758788,1.097408
worker_3,315,1788087219.403487,50,9.356970,1.099040
worker_3,316,1788087219.412869,50,9.548378,1.099392
worker_3,317,1788087219.422437,50,9.555656,1.097792
worker_3,318,1788087219.432011,50,9.571888,1.096640
worker_3,319,1788087219.441598,50,9.588593,1.097344
worker_3,320,1788087219.451203,50,9.567917,1.098912
worker_3,321,1788087219.460788,50,9.565638,1.097568
worker_3,322,1788087219.470376,50,9.695918,1.097792
worker_3,323,1788087219.480088,50,9.578268,1.097568
worker_3,324,1788087219.489683,50,9.444516,1.098752
worker_3,325,1788087219.499144,50,9.637111,1.101280
worker_3,326,1788087219.508798,50,9.479212,1.097248
worker_3,327,1788087219.518293,50,9.564009,1.099008
worker_3,328,1788087219.527874,50,9.574296,1.097376
worker_3,329,1788087219.537464,50,9.773011,1.096352
worker_3,330,1788087219.547285,50,9.536749,1.096832
worker_3,331,1788087219.556870,50,9.527677,1.098624
worker_3,332,1788087219.566444,50,9.697890,1.096352
worker_3,333,1788087219.576190,50,9.387961,1.103936
worker_3,334,1788087219.585626,50,9.520666,1.096896
worker_3,335,1788087219.595193,50,9.542398,1.097984
worker_3,336,1788087219.604784,50,9.522805,1.096512
worker_3,337,1788087219.614356,50,9.550221,1.097920
worker_3,338,1788087219.623953,50,9.532768,1.103264
worker_3,339,1788087219.633533,50,9.557055,1.098688
worker_3,340,1788087219.643137,50,9.536925,1.099424
worker_3,341,1788087219.652733,50,9.542610,1.098720
worker_3,342,1788087219.662323,50,9.526370,1.096640
worker_3,343,1788087219.671898,50,9.342460,1.100448
worker_3,344,1788087219.681267,50,9.555796,1.098368
worker_3,345,1788087219.690842,50,9.564277,1.098368
worker_3,346,1788087219.700424,50,9.549917,1.096768
worker_3,347,1788087219.709992,50,9.875104,1.098240
worker_3,348,1788087219.719917,50,9.547963,1.099040
worker_3,349,1788087219.729512,50,9.560574,1.096608
worker_3,350,1788087219.739120,50,9.571629,1.099424
worker_3,351,1788087219.748739,50,9.539241,1.097568
worker_3,352,1788087219.758327,50,9.506370,1.098112
worker_3,353,1788087219.767883,50,9.409665,1.106176
worker_3,354,1788087219.777340,50,9.528666,1.098176
worker_3,355,1788087219.786916,50,9.539796,1.098176
worker_3,356,1788087219.796505,50,9.539380,1.098048
worker_3,357,1788087219.806093,50,9.521427,1.098208
worker_3,358,1788087219.815662,50,9.689974,1.097856
worker_3,359,1788087219.825400,50,9.562157,1.096832
worker_3,360,1788087219.835011,50,9.516953,1.096608
worker_3,361,1788087219.844587,50,9.517806,1.098528
worker_3,362,1788087219.854152,50,9.201108,1.099200
worker_3,363,1788087219.863380,50,9.892058,1.096576
worker_3,364,1788087219.873319,50,9.346137,1.097440
worker_3,365,1788087219.882692,50,9.738910,1.096224
worker_3,366,1788087219.892479,50,9.359378,1.097792
worker_3,367,1788087219.901866,50,9.611806,1.096128
worker_3,368,1788087219.911526,50,9.326174,1.098240
worker_3,369,1788087219.920878,50,9.779873,1.096832
worker_3,370,1788087219.930707,50,9.323878,1.097984
worker_3,371,1788087219.940059,50,9.573213,1.110816
worker_3,372,1788087219.949651,50,9.711224,1.098912
worker_3,373,1788087219.959380,50,9.581983,1.097440
worker_3,374,1788087219.968979,50,9.469350,1.100224
worker_3,375,1788087219.978465,50,9.689297,1.097440
worker_3,376,1788087219.988171,50,9.560953,1.100736
worker_3,377,1788087219.997749,50,9.781594,1.096640
worker_3,378,1788087220.007578,50,9.530759,1.096320
worker_3,379,1788087220.017156,50,9.545204,1.098624
worker_3,380,1788087220.026762,50,9.534018,1.098592
worker_3,381,1788087220.036344,50,9.174970,1.097472
worker_3,382,1788087220.045542,50,9.533676,1.096576
worker_3,383,1788087220.055091,50,9.570334,1.099360
worker_3,384,1788087220.064678,50,9.559029,1.096544
worker_3,385,1788087220.074253,50,9.564046,1.097248
worker_3,386,1788087220.083838,50,9.557037,1.096384
worker_3,387,1788087220.093412,50,9.629917,1.097728
worker_3,388,1788087220.103098,50,9.459630,1.097376
worker_3,389,1788087220.112586,50,9.550315,1.097088
worker_3,390,1788087220.122157,50,9.564880,1.097824
worker_3,391,1788087220.131739,50,9.796142,1.101056
worker_3,392,1788087220.141584,50,9.517500,1.097184
worker_3,393,1788087220.151152,50,9.528009,1.097568
worker_3,394,1788087220.160729,50,9.525315,1.097664
worker_3,395,1788087220.170302,50,9.554296,1.096896
worker_3,396,1788087220.179905,50,9.523499,1.098208
worker_3,397,1788087220.189478,50,9.536601,1.095392
worker_3,398,1788087220.199062,50,9.531796,1.097312
worker_3,399,1788087220.208643,50,9.541925,1.098944
worker_3,400,1788087220.218244,50,9.563018,1.097568
worker_3,401,1788087220.227856,50,9.492157,1.100160
worker_3,402,1788087220.237398,50,9.542251,1.097824
worker_3,403,1788087220.246989,50,9.543500,1.102976
worker_3,404,1788087220.256581,50,9.542805,1.097088
worker_3,405,1788087220.266172,50,9.534194,1.096576
worker_3,406,1788087220.275754,50,9.525639,1.096896
worker_3,407,1788087220.285326,50,9.532344,1.096416
worker_3,408,1788087220.294906,50,9.326044,1.096992
worker_3,409,1788087220.304259,50,9.758105,1.096000
worker_3,410,1788087220.314065,50,9.527695,1.096704
worker_3,411,1788087220.323640,50,9.544018,1.100576
worker_3,412,1788087220.333231,50,9.530685,1.097600
worker_3,413,1788087220.342812,50,9.538640,1.098624
worker_3,414,1788087220.352398,50,9.331563,1.097312
worker_3,415,1788087220.361757,50,9.756280,1.099008
worker_3,416,1788087220.371562,50,9.347211,1.100928
worker_3,417,1788087220.380938,50,9.879448,1.097120
worker_3,418,1788087220.390867,50,9.206302,1.096896
worker_3,419,1788087220.400113,50,9.763021,1.101696
worker_3,420,1788087220.409924,50,9.340841,1.096896
worker_3,421,1788087220.419291,50,9.549898,1.095648
worker_3,422,1788087220.428860,50,9.572927,1.096896
worker_3,423,1788087220.438449,50,9.566547,1.097792
worker_3,424,1788087220.448032,50,9.581742,1.098240
worker_3,425,1788087220.457629,50,9.562528,1.099136
worker_3,426,1788087220.467207,50,9.568713,1.098592
worker_3,427,1788087220.476793,50,9.566724,1.098368
worker_3,428,1788087220.486376,50,9.564639,1.098432
worker_3,429,1788087220.495956,50,9.575187,1.103520
worker_3,430,1788087220.505548,50,9.556963,1.096320
worker_3,431,1788087220.515121,50,9.558529,1.097408
worker_3,432,1788087220.524695,50,9.565250,1.097376
worker_3,433,1788087220.534276,50,9.556001,1.097280
worker_3,434,1788087220.543847,50,9.776549,1.096960
worker_3,435,1788087220.553673,50,9.526870,1.098944
worker_3,436,1788087220.563247,50,9.538953,1.099968
worker_3,437,1788087220.572834,50,9.539343,1.099296
worker_3,438,1788087220.582423,50,9.535890,1.096224
worker_3,439,1788087220.592020,50,9.526269,1.097472
worker_3,440,1788087220.601593,50,9.526853,1.096288
worker_3,441,1788087220.611166,50,9.552352,1.100096
worker_3,442,1788087220.620766,50,9.545612,1.097920
worker_3,443,1788087220.630358,50,9.540843,1.096800
worker_3,444,1788087220.639947,50,9.521574,1.097984
worker_3,445,1788087220.649516,50,9.553509,1.099648
worker_3,446,1788087220.659117,50,9.528851,1.096800
worker_3,447,1788087220.668691,50,9.542101,1.097728
worker_3,448,1788087220.678282,50,9.319064,1.097024
worker_3,449,1788087220.687627,50,9.771798,1.097888
worker_3,450,1788087220.697447,50,9.324564,1.097536
worker_3,451,1788087220.706798,50,9.771280,1.100032
worker_3,452,1788087220.716617,50,9.538009,1.096384
worker_3,453,1788087220.726202,50,9.536222,1.096640
worker_3,454,1788087220.735785,50,9.549972,1.098304
worker_3,455,1788087220.745383,50,9.532036,1.096224
worker_3,456,1788087220.754962,50,9.533870,1.100352
worker_3,457,1788087220.764550,50,9.523417,1.097184
worker_3,458,1788087220.774135,50,9.520564,1.097600
worker_3,459,1788087220.783703,50,9.323647,1.098880
worker_3,460,1788087220.793052,50,9.768955,1.097344
worker_3,461,1788087220.802869,50,9.337886,1.096896
worker_3,462,1788087220.812240,50,9.745225,1.096384
worker_3,463,1788087220.822032,50,9.331803,1.097408
worker_3,464,1788087220.831468,50,9.686611,1.099616
worker_3,465,1788087220.841202,50,9.463805,1.098848
worker_3,466,1788087220.850693,50,9.731399,1.098208
worker_3,467,1788087220.860473,50,9.426008,1.098496
worker_3,468,1788087220.869924,50,9.780539,1.096128
worker_3,469,1788087220.879752,50,9.152783,1.096896
worker_3,470,1788087220.888932,50,9.781530,1.102400
worker_3,471,1788087220.898761,50,9.323164,1.097408
worker_3,472,1788087220.908110,50,9.761260,1.104256
worker_3,473,1788087220.917920,50,9.330767,1.098336
worker_3,474,1788087220.927276,50,9.569111,1.101088
worker_3,475,1788087220.936865,50,9.553740,1.097792
worker_3,476,1788087220.946435,50,9.562668,1.099008
worker_3,477,1788087220.956013,50,9.573334,1.099232
worker_3,478,1788087220.965610,50,9.556602,1.095744
worker_3,479,1788087220.975188,50,9.691437,1.097440
worker_3,480,1788087220.984896,50,9.431119,1.097056
worker_3,481,1788087220.994345,50,9.564630,1.096608
worker_3,482,1788087221.003926,50,9.584121,1.101472
worker_3,483,1788087221.013526,50,9.545749,1.098368
worker_3,484,1788087221.023087,50,9.792557,1.097792
worker_3,485,1788087221.032930,50,9.541786,1.098112
worker_3,486,1788087221.042521,50,9.525879,1.096896
worker_3,487,1788087221.052097,50,9.542767,1.096448
worker_3,488,1788087221.061687,50,9.323812,1.097248
worker_3,489,1788087221.071038,50,9.560056,1.099424
worker_3,490,1788087221.080616,50,9.556656,1.097728
worker_3,491,1788087221.090192,50,9.566972,1.097600
worker_3,492,1788087221.099776,50,9.585389,1.098432
worker_3,493,1788087221.109379,50,9.565082,1.097472
worker_3,494,1788087221.118961,50,9.619315,1.098592
worker_3,495,1788087221.128624,50,9.510110,1.097760
worker_3,496,1788087221.138158,50,9.547295,1.096864
worker_3,497,1788087221.147737,50,9.771845,1.097472
worker_3,498,1788087221.157556,50,9.533203,1.097920
worker_3,499,1788087221.167136,50,9.525685,1.096896
worker_3,500,1788087221.176710,50,9.536879,1.095968
worker_3,501,1788087221.186294,50,9.561869,1.095680
worker_3,502,1788087221.195903,50,9.535880,1.099200
worker_3,503,1788087221.205487,50,9.566786,1.100256
worker_3,504,1788087221.215102,50,9.518304,1.095616
worker_3,505,1788087221.224668,50,9.550269,1.098656
worker_3,506,1788087221.234264,50,9.539499,1.096608
worker_3,507,1788087221.243851,50,9.535527,1.097440
worker_3,508,1788087221.253433,50,9.533333,1.096384
worker_3,509,1788087221.263014,50,9.548889,1.097216
worker_3,510,1788087221.272611,50,9.542611,1.096128
worker_3,511,1788087221.282201,50,9.535620,1.096800
worker_3,512,1788087221.291785,50,9.515529,1.099264
worker_3,513,1788087221.301350,50,9.330526,1.098752
worker_3,514,1788087221.310708,50,9.757177,1.096448
worker_3,515,1788087221.320513,50,9.324609,1.097344
worker_3,516,1788087221.329866,50,9.761001,1.098592
worker_3,517,1788087221.339689,50,9.318239,1.098528
worker_3,518,1788087221.349034,50,9.767048,1.096928
worker_3,519,1788087221.358850,50,9.330267,1.097792
worker_3,520,1788087221.368208,50,9.761419,1.097856
worker_3,521,1788087221.378019,50,9.339738,1.097728
worker_3,522,1788087221.387386,50,9.777715,1.104512
worker_3,523,1788087221.397213,50,9.326136,1.096608
worker_3,524,1788087221.406564,50,9.762585,1.098304
worker_3,525,1788087221.416375,50,9.331193,1.098816
worker_3,526,1788087221.425734,50,9.758038,1.098880
worker_3,527,1788087221.435539,50,9.334832,1.099648
worker_3,528,1788087221.444902,50,9.773400,1.098144
worker_3,529,1788087221.454722,50,9.329858,1.097728
worker_3,530,1788087221.464077,50,9.564038,1.111040
worker_3,531,1788087221.473660,50,9.562824,1.097760
worker_3,532,1788087221.483241,50,9.563713,1.096992
worker_3,533,1788087221.492821,50,9.567139,1.096768
worker_3,534,1788087221.502403,50,9.567629,1.098112
worker_3,535,1788087221.511986,50,9.579194,1.100704
worker_3,536,1788087221.521597,50,9.540445,1.096480
worker_3,537,1788087221.531155,50,9.562009,1.101760
worker_3,538,1788087221.540734,50,9.567250,1.097728
worker_3,539,1788087221.550319,50,9.556696,1.097792
worker_3,540,1788087221.559895,50,9.775613,1.097600
worker_3,541,1788087221.569718,50,9.534825,1.097376
worker_3,542,1788087221.579302,50,9.522907,1.096576
worker_3,543,1788087221.588873,50,9.681021,1.096480
worker_3,544,1788087221.598603,50,9.447628,1.097216
worker_3,545,1788087221.608097,50,9.595834,1.100640
worker_3,546,1788087221.617741,50,9.529982,1.097728
worker_3,547,1788087221.627319,50,9.615149,1.096032
worker_3,548,1788087221.636982,50,9.359703,1.097088
worker_3,549,1788087221.646389,50,9.533176,1.097504
worker_3,550,1788087221.655968,50,9.554703,1.102656
worker_3,551,1788087221.665570,50,9.315388,1.097984
worker_3,552,1788087221.674911,50,9.759002,1.097920
worker_3,553,1788087221.684716,50,9.327489,1.097728
worker_3,554,1788087221.694070,50,9.773030,1.096000
worker_3,555,1788087221.703890,50,9.327285,1.099360
worker_3,556,1788087221.713259,50,9.758308,1.098208
worker_3,557,1788087221.723065,50,9.329859,1.096768
worker_3,558,1788087221.732422,50,9.765029,1.097536
worker_3,559,1788087221.742236,50,9.326221,1.098944
worker_3,560,1788087221.751589,50,9.763150,1.097184
worker_3,561,1788087221.761401,50,9.319462,1.099200
worker_3,562,1788087221.770745,50,9.785511,1.103488
worker_3,563,1788087221.780581,50,9.327701,1.097248
worker_3,564,1788087221.789935,50,9.786438,1.097952
worker_3,565,1788087221.799771,50,9.321535,1.098496
worker_3,566,1788087221.809118,50,9.762586,1.096416
worker_3,567,1788087221.818929,50,9.318322,1.099136
worker_3,568,1788087221.828275,50,9.760103,1.095936
worker_3,569,1788087221.838085,50,9.520352,1.097184
worker_3,570,1788087221.847655,50,9.537694,1.099200
worker_3,571,1788087221.857241,50,9.533916,1.097472
worker_3,572,1788087221.866825,50,9.541176,1.097792
worker_3,573,1788087221.876415,50,9.545131,1.099200
worker_3,574,1788087221.886011,50,9.527287,1.098112
worker_3,575,1788087221.895598,50,9.320128,1.096928
worker_3,576,1788087221.904943,50,9.815614,1.098176
worker_3,577,1788087221.914807,50,9.302544,1.096192
worker_3,578,1788087221.924135,50,9.751298,1.098464
worker_3,579,1788087221.933932,50,9.331850,1.098656
worker_3,580,1788087221.943290,50,9.771955,1.096288
worker_3,581,1788087221.953109,50,9.354397,1.096672
worker_3,582,1788087221.962490,50,9.538731,1.097280
worker_3,583,1788087221.972047,50,9.573935,1.103360
worker_3,584,1788087221.981637,50,9.561964,1.097504
worker_3,585,1788087221.991216,50,9.559166,1.096544
worker_3,586,1788087222.000792,50,9.569731,1.097568
worker_3,587,1788087222.010377,50,9.585250,1.095872
worker_3,588,1788087222.019979,50,9.555750,1.097664
worker_3,589,1788087222.029552,50,9.572047,1.099008
worker_3,590,1788087222.039139,50,9.776021,1.100576
worker_3,591,1788087222.048962,50,9.527583,1.097344
worker_3,592,1788087222.058540,50,9.526574,1.097376
worker_3,593,1788087222.068115,50,9.536676,1.099776
worker_3,594,1788087222.077700,50,9.552120,1.097376
worker_3,595,1788087222.087313,50,9.347517,1.098080
worker_3,596,1788087222.096708,50,9.489388,1.098560
worker_3,597,1788087222.106225,50,9.559036,1.097344
worker_3,598,1788087222.115805,50,9.774530,1.099488
worker_3,599,1788087222.125627,50,9.353119,1.097440
worker_3,600,1788087222.135006,50,9.761725,1.098752
worker_3,601,1788087222.144816,50,9.323073,1.097216
worker_3,602,1788087222.154167,50,9.765465,1.097088
worker_3,603,1788087222.163980,50,9.329960,1.100384
worker_3,604,1788087222.173336,50,9.772929,1.097856
worker_3,605,1788087222.183157,50,9.330044,1.096416
worker_3,606,1788087222.192514,50,9.762485,1.097664
worker_3,607,1788087222.202326,50,9.339046,1.096864
worker_3,608,1788087222.211692,50,9.759992,1.099680
worker_3,609,1788087222.221501,50,9.340693,1.096704
worker_3,610,1788087222.230868,50,9.762780,1.099008
worker_3,611,1788087222.240678,50,9.330481,1.097792
worker_3,612,1788087222.250036,50,9.760983,1.096448
worker_3,613,1788087222.259845,50,9.338257,1.099392
worker_3,614,1788087222.269227,50,9.741993,1.096608
worker_3,615,1788087222.279016,50,9.330721,1.097536
worker_3,616,1788087222.288373,50,9.770707,1.097760
worker_3,617,1788087222.298193,50,9.332860,1.098880
worker_3,618,1788087222.307631,50,9.698446,1.097248
worker_3,619,1788087222.317379,50,9.321665,1.096448
worker_3,620,1788087222.326727,50,9.770965,1.097760
worker_3,621,1788087222.336547,50,9.331035,1.095936
worker_3,622,1788087222.345904,50,9.902559,1.096544
worker_3,623,1788087222.355856,50,9.183358,1.098752
worker_3,624,1788087222.365066,50,9.763550,1.097216
worker_3,625,1788087222.374878,50,9.319266,1.096832
worker_3,626,1788087222.384234,50,9.773447,1.097024
worker_3,627,1788087222.394057,50,9.327341,1.099040
worker_3,628,1788087222.403408,50,9.758094,1.100256
worker_3,629,1788087222.413215,50,9.331221,1.097216
worker_3,630,1788087222.422571,50,9.779094,1.096448
worker_3,631,1788087222.432398,50,9.329082,1.096608
worker_3,632,1788087222.441754,50,9.754399,1.097504
worker_3,633,1788087222.451557,50,9.322137,1.097024
worker_3,634,1788087222.460909,50,9.578112,1.097344
worker_3,635,1788087222.470507,50,9.718520,1.099680
worker_3,636,1788087222.480242,50,9.432139,1.103520
worker_3,637,1788087222.489692,50,9.584630,1.097792
worker_3,638,1788087222.499293,50,9.563843,1.102144
worker_3,639,1788087222.508873,50,9.561453,1.096896
worker_3,640,1788087222.518450,50,9.563538,1.097056
worker_3,641,1788087222.528030,50,9.560250,1.098304
worker_3,642,1788087222.537608,50,9.571722,1.097056
worker_3,643,1788087222.547197,50,9.564686,1.101760
worker_3,644,1788087222.556779,50,9.561537,1.098464
worker_3,645,1788087222.566359,50,9.575454,1.098912
worker_3,646,1788087222.575950,50,9.562277,1.098496
worker_3,647,1788087222.585528,50,9.774197,1.098144
worker_3,648,1788087222.595352,50,9.537334,1.102112
worker_3,649,1788087222.604939,50,9.537287,1.097856
worker_3,650,1788087222.614524,50,9.522603,1.096672
worker_3,651,1788087222.624095,50,9.535638,1.100128
worker_3,652,1788087222.633679,50,9.536805,1.097920
worker_3,653,1788087222.643275,50,9.524445,1.097920
worker_3,654,1788087222.652847,50,9.550361,1.097600
worker_3,655,1788087222.662445,50,9.528140,1.095712
worker_3,656,1788087222.672022,50,9.548584,1.098496
worker_3,657,1788087222.681619,50,9.538982,1.097024
worker_3,658,1788087222.691205,50,9.326156,1.099232
worker_3,659,1788087222.700558,50,9.775057,1.098048
worker_3,660,1788087222.710381,50,9.328842,1.099168
worker_3,661,1788087222.719734,50,9.780289,1.098304
worker_3,662,1788087222.729561,50,9.323062,1.096800
worker_3,663,1788087222.738912,50,9.760724,1.099072
worker_3,664,1788087222.748720,50,9.323970,1.098432
worker_3,665,1788087222.758069,50,9.623465,1.098112
worker_3,666,1788087222.767741,50,9.485426,1.096000
worker_3,667,1788087222.777252,50,9.547916,1.098240
worker_3,668,1788087222.786821,50,9.567788,1.101344
worker_3,669,1788087222.796406,50,9.557601,1.096640
worker_3,670,1788087222.805980,50,9.563278,1.098240
worker_3,671,1788087222.815560,50,9.719844,1.096512
worker_3,672,1788087222.825297,50,9.414628,1.096672
worker_3,673,1788087222.834738,50,9.558536,1.097504
worker_3,674,1788087222.844313,50,9.568619,1.097312
worker_3,675,1788087222.853899,50,9.564112,1.097728
worker_3,676,1788087222.863477,50,9.778640,1.098848
worker_3,677,1788087222.873305,50,9.536722,1.098240
worker_3,678,1788087222.882890,50,9.541972,1.098624
worker_3,679,1788087222.892480,50,9.531230,1.098528
worker_3,680,1788087222.902061,50,9.327350,1.096704
worker_3,681,1788087222.911414,50,9.548842,1.101632
worker_3,682,1788087222.920984,50,9.557834,1.098592
worker_3,683,1788087222.930560,50,9.560694,1.099168
worker_3,684,1788087222.940140,50,9.576759,1.099936
worker_3,685,1788087222.949734,50,9.559510,1.095968
worker_3,686,1788087222.959310,50,9.775251,1.098720
worker_3,687,1788087222.969135,50,9.542556,1.096288
worker_3,688,1788087222.978727,50,9.686668,1.097568
worker_3,689,1788087222.988465,50,9.533519,1.098048
worker_3,690,1788087222.998048,50,9.491231,1.096992
worker_3,691,1788087223.007586,50,9.242534,1.097504
worker_3,692,1788087223.016855,50,9.571758,1.096128
worker_3,693,1788087223.026445,50,9.563073,1.098272
worker_3,694,1788087223.036041,50,9.547583,1.100768
worker_3,695,1788087223.045607,50,9.562740,1.097728
worker_3,696,1788087223.055187,50,9.564666,1.098752
worker_3,697,1788087223.064767,50,9.789177,1.097280
worker_3,698,1788087223.074605,50,9.530415,1.096960
worker_3,699,1788087223.084184,50,9.556833,1.110368
worker_3,700,1788087223.093790,50,9.529583,1.097504
worker_3,701,1788087223.103368,50,9.561926,1.095904
worker_3,702,1788087223.112978,50,9.512525,1.096704
worker_3,703,1788087223.122538,50,9.538304,1.098336
worker_3,704,1788087223.132124,50,9.529536,1.097440
worker_3,705,1788087223.141701,50,9.546101,1.095744
worker_3,706,1788087223.151294,50,9.528268,1.097376
worker_3,707,1788087223.160870,50,9.528805,1.097824
worker_3,708,1788087223.170448,50,9.342099,1.096160
worker_3,709,1788087223.179828,50,9.532258,1.096576
worker_3,710,1788087223.189387,50,9.542777,1.098432
worker_3,711,1788087223.198949,50,9.558934,1.100576
worker_3,712,1788087223.208526,50,9.781872,1.099232
worker_3,713,1788087223.218357,50,9.325423,1.096416
worker_3,714,1788087223.227724,50,9.754854,1.102688
worker_3,715,1788087223.237527,50,9.324654,1.097536
worker_3,716,1788087223.246878,50,9.780131,1.101632
worker_3,717,1788087223.256706,50,9.327304,1.098400
worker_3,718,1788087223.266060,50,9.767335,1.096544
worker_3,719,1788087223.275875,50,9.333304,1.097440
worker_3,720,1788087223.285234,50,9.762557,1.098976
worker_3,721,1788087223.295046,50,9.333127,1.098560
worker_3,722,1788087223.304408,50,9.555806,1.097408
worker_3,723,1788087223.313984,50,9.558805,1.096416
worker_3,724,1788087223.323560,50,9.579640,1.098848
worker_3,725,1788087223.333156,50,9.559399,1.095712
worker_3,726,1788087223.342735,50,9.562740,1.096864
worker_3,727,1788087223.352314,50,9.717602,1.097504
worker_3,728,1788087223.362048,50,9.529555,1.096448
worker_3,729,1788087223.371593,50,9.602436,1.096640
worker_3,730,1788087223.381212,50,9.568722,1.096480
worker_3,731,1788087223.390796,50,9.422711,1.096128
worker_3,732,1788087223.400234,50,9.773678,1.095392
worker_3,733,1788087223.410070,50,9.522703,1.098944
worker_3,734,1788087223.419641,50,9.543389,1.097408
worker_3,735,1788087223.429234,50,9.547278,1.098848
worker_3,736,1788087223.438830,50,9.529250,1.096928
worker_3,737,1788087223.448409,50,9.532749,1.096032
worker_3,738,1788087223.457991,50,9.530453,1.097376
worker_3,739,1788087223.467569,50,9.544574,1.098784
worker_3,740,1788087223.477160,50,9.540575,1.097760
worker_3,741,1788087223.486749,50,9.330488,1.096896
worker_3,742,1788087223.496106,50,9.549407,1.096608
worker_3,743,1788087223.505676,50,9.563473,1.098432
worker_3,744,1788087223.515255,50,9.597111,1.097792
worker_3,745,1788087223.524868,50,9.570381,1.097792
worker_3,746,1788087223.534456,50,9.587658,1.097760
worker_3,747,1788087223.544060,50,9.570427,1.098016
worker_3,748,1788087223.553654,50,9.552723,1.097792
worker_3,749,1788087223.563225,50,9.572204,1.101312
worker_3,750,1788087223.572815,50,9.568806,1.097632
worker_3,751,1788087223.582405,50,9.561602,1.098016
worker_3,752,1788087223.591986,50,9.567001,1.098400
worker_3,753,1788087223.601586,50,9.544333,1.098208
worker_3,754,1788087223.611147,50,9.580270,1.100384
worker_3,755,1788087223.620745,50,9.563500,1.097952
worker_3,756,1788087223.630324,50,9.784576,1.097664
worker_3,757,1788087223.640157,50,9.518915,1.098240
worker_3,758,1788087223.649724,50,9.522120,1.096544
worker_3,759,1788087223.659294,50,9.532380,1.097728
worker_3,760,1788087223.668875,50,9.529768,1.097504
worker_3,761,1788087223.678453,50,9.547825,1.098432
worker_3,762,1788087223.688049,50,9.539324,1.100096
worker_3,763,1788087223.697636,50,9.530916,1.095680
worker_3,764,1788087223.707214,50,9.550454,1.098240
worker_3,765,1788087223.716811,50,9.544148,1.096512
worker_3,766,1788087223.726405,50,9.528805,1.099072
worker_3,767,1788087223.735982,50,9.551205,1.098336
worker_3,768,1788087223.745581,50,9.524880,1.097760
worker_3,769,1788087223.755154,50,9.554556,1.100640
worker_3,770,1788087223.764756,50,9.314157,1.098400
worker_3,771,1788087223.774097,50,9.761151,1.096576
worker_3,772,1788087223.783992,50,9.237757,1.097504
worker_3,773,1788087223.793260,50,9.754854,1.099424
worker_3,774,1788087223.803064,50,9.328795,1.099776
worker_3,775,1788087223.812419,50,9.764252,1.096768
worker_3,776,1788087223.822231,50,9.328804,1.097440
worker_3,777,1788087223.831587,50,9.790790,1.097536
worker_3,778,1788087223.841427,50,9.315285,1.098400
worker_3,779,1788087223.850770,50,9.760549,1.096896
worker_3,780,1788087223.860579,50,9.325398,1.096448
worker_3,781,1788087223.869931,50,9.779187,1.095968
worker_3,782,1788087223.879760,50,9.323296,1.098560
worker_3,783,1788087223.889108,50,9.761058,1.095488
worker_3,784,1788087223.898918,50,9.322702,1.095776
worker_3,785,1788087223.908267,50,9.746798,1.096448
worker_3,786,1788087223.918062,50,9.329591,1.097088
worker_3,787,1788087223.927418,50,9.757085,1.100096
worker_3,788,1788087223.937224,50,9.324090,1.096384
worker_3,789,1788087223.946575,50,9.919115,1.096768
worker_3,790,1788087223.956543,50,9.525851,1.095936
worker_3,791,1788087223.966120,50,9.527685,1.096960
worker_3,792,1788087223.975708,50,9.534695,1.096288
worker_3,793,1788087223.985291,50,9.548603,1.097024
worker_3,794,1788087223.994886,50,9.524129,1.097120
worker_3,795,1788087224.004458,50,9.194988,1.097440
worker_3,796,1788087224.013681,50,9.553214,1.098784
worker_3,797,1788087224.023254,50,9.595482,1.098464
worker_3,798,1788087224.032866,50,9.559927,1.097152
worker_3,799,1788087224.042444,50,9.588361,1.099264
worker_3,800,1788087224.052049,50,9.559370,1.096896
worker_3,801,1788087224.061625,50,9.566557,1.096928
worker_3,802,1788087224.071207,50,9.577871,1.099264
worker_3,803,1788087224.080801,50,9.556500,1.097408
worker_3,804,1788087224.090374,50,9.788540,1.097824
worker_3,805,1788087224.100225,50,9.514639,1.095584
worker_3,806,1788087224.109788,50,9.532778,1.097088
worker_3,807,1788087224.119368,50,9.552204,1.097984
worker_3,808,1788087224.128969,50,9.531027,1.098752
worker_3,809,1788087224.138549,50,9.538621,1.097536
worker_3,810,1788087224.148137,50,9.523277,1.097248
worker_3,811,1788087224.157722,50,9.521685,1.096512
worker_3,812,1788087224.167294,50,9.535972,1.102208
worker_3,813,1788087224.176877,50,9.524537,1.096608
worker_3,814,1788087224.186451,50,9.382202,1.098880
worker_3,815,1788087224.195885,50,9.485452,1.095840
worker_3,816,1788087224.205399,50,9.545833,1.099360
worker_3,817,1788087224.214965,50,9.772076,1.098464
worker_3,818,1788087224.224786,50,9.530222,1.097568
worker_3,819,1788087224.234365,50,9.334591,1.098688
worker_3,820,1788087224.243725,50,9.769604,1.098592
worker_3,821,1788087224.253544,50,9.320331,1.095616
worker_3,822,1788087224.262891,50,9.775419,1.102688
worker_3,823,1788087224.272713,50,9.321665,1.097088
worker_3,824,1788087224.282063,50,9.772363,1.097312
worker_3,825,1788087224.291883,50,9.318961,1.095904
worker_3,826,1788087224.301228,50,9.755223,1.097824
worker_3,827,1788087224.311033,50,9.323360,1.097216
worker_3,828,1788087224.320384,50,9.761325,1.097760
worker_3,829,1788087224.330195,50,9.326091,1.099072
worker_3,830,1788087224.339547,50,9.803659,1.096864
worker_3,831,1788087224.349414,50,9.421396,1.098080
worker_3,832,1788087224.358863,50,9.769548,1.095776
worker_3,833,1788087224.368683,50,9.309804,1.097312
worker_3,834,1788087224.378019,50,9.787178,1.095424
worker_3,835,1788087224.387856,50,9.201636,1.097536
worker_3,836,1788087224.397086,50,9.723112,1.099008
worker_3,837,1788087224.406858,50,9.327312,1.095488
worker_3,838,1788087224.416219,50,9.768261,1.097184
worker_3,839,1788087224.426039,50,9.324174,1.097184
worker_3,840,1788087224.435392,50,9.757298,1.099584
worker_3,841,1788087224.445198,50,9.328081,1.098784
worker_3,842,1788087224.454552,50,9.559565,1.097216
worker_3,843,1788087224.464131,50,9.565462,1.098016
worker_3,844,1788087224.473714,50,9.563426,1.097440
worker_3,845,1788087224.483294,50,9.563602,1.099200
worker_3,846,1788087224.492874,50,9.576277,1.097184
worker_3,847,1788087224.502467,50,9.597704,1.096640
worker_3,848,1788087224.512084,50,9.557296,1.097216
worker_3,849,1788087224.521659,50,9.571259,1.097088
worker_3,850,1788087224.531253,50,9.567018,1.097696
worker_3,851,1788087224.540837,50,9.805345,1.096448
worker_3,852,1788087224.550695,50,9.542796,1.099584
worker_3,853,1788087224.560290,50,9.318275,1.099008
worker_3,854,1788087224.569636,50,9.541268,1.097344
worker_3,855,1788087224.579198,50,9.564982,1.098592
worker_3,856,1788087224.588782,50,9.568000,1.099136
worker_3,857,1788087224.598368,50,9.559482,1.096128
worker_3,858,1788087224.607943,50,9.581592,1.109888
worker_3,859,1788087224.617542,50,9.559899,1.096640
worker_3,860,1788087224.627118,50,9.563268,1.098240
worker_3,861,1788087224.636700,50,9.776724,1.096768
worker_3,862,1788087224.646527,50,9.536159,1.097152
worker_3,863,1788087224.656112,50,9.520990,1.098656
worker_3,864,1788087224.665685,50,9.531917,1.097504
worker_3,865,1788087224.675268,50,9.545870,1.106624
worker_3,866,1788087224.684864,50,9.515888,1.097728
worker_3,867,1788087224.694429,50,9.537472,1.097728
worker_3,868,1788087224.704016,50,9.546453,1.097184
worker_3,869,1788087224.713611,50,9.531305,1.098464
worker_3,870,1788087224.723204,50,9.531101,1.097120
worker_3,871,1788087224.732783,50,9.553371,1.096832
worker_3,872,1788087224.742386,50,9.545232,1.098848
worker_3,873,1788087224.751981,50,9.530380,1.100224
worker_3,874,1788087224.761561,50,9.537471,1.097152
worker_3,875,1788087224.771148,50,9.546258,1.098816
worker_3,876,1788087224.780743,50,9.527796,1.097376
worker_3,877,1788087224.790319,50,9.544545,1.098336
worker_3,878,1788087224.799911,50,9.542925,1.098464
worker_3,879,1788087224.809502,50,9.335304,1.098080
worker_3,880,1788087224.818866,50,9.796464,1.097952
worker_3,881,1788087224.828712,50,9.305182,1.096768
worker_3,882,1788087224.838043,50,9.758178,1.096800
worker_3,883,1788087224.847851,50,9.318646,1.096608
worker_3,884,1788087224.857195,50,9.758336,1.098400
worker_3,885,1788087224.867003,50,9.329617,1.098912
worker_3,886,1788087224.876359,50,9.771956,1.097184
worker_3,887,1788087224.886180,50,9.319590,1.097856
worker_3,888,1788087224.895525,50,9.759390,1.098592
worker_3,889,1788087224.905347,50,9.308312,1.097632
worker_3,890,1788087224.914683,50,9.778770,1.095904
worker_3,891,1788087224.924515,50,9.314803,1.095616
worker_3,892,1788087224.933858,50,9.770122,1.096480
worker_3,893,1788087224.943678,50,9.323275,1.098752
worker_3,894,1788087224.953027,50,9.770817,1.096384
worker_3,895,1788087224.962847,50,9.332749,1.098240
worker_3,896,1788087224.972205,50,9.613500,1.095968
worker_3,897,1788087224.981869,50,9.487333,1.098720
worker_3,898,1788087224.991386,50,9.536935,1.099200
worker_3,899,1788087225.000948,50,9.578148,1.098560
worker_3,900,1788087225.010547,50,9.569564,1.098624
worker_3,901,1788087225.020134,50,9.575964,1.098592
worker_3,902,1788087225.029726,50,9.558480,1.099232
worker_3,903,1788087225.039301,50,9.573010,1.097824
worker_3,904,1788087225.048890,50,9.558851,1.097248
worker_3,905,1788087225.058464,50,9.814280,1.097280
worker_3,906,1788087225.068329,50,9.315072,1.098464
worker_3,907,1788087225.077672,50,9.764464,1.098720
worker_3,908,1788087225.087486,50,9.332729,1.099200
worker_3,909,1788087225.096861,50,9.746584,1.101664
worker_3,910,1788087225.106657,50,9.341026,1.099328
worker_3,911,1788087225.116024,50,9.545944,1.096768
worker_3,912,1788087225.125589,50,9.557918,1.097728
worker_3,913,1788087225.135165,50,9.578667,1.098880
worker_3,914,1788087225.144763,50,9.558677,1.096608
worker_3,915,1788087225.154339,50,9.559092,1.097792
worker_3,916,1788087225.163916,50,9.768335,1.097664
worker_3,917,1788087225.173735,50,9.333804,1.096256
worker_3,918,1788087225.183095,50,9.765733,1.096800
worker_3,919,1788087225.192911,50,9.320081,1.097024
worker_3,920,1788087225.202259,50,9.768864,1.098656
worker_3,921,1788087225.212078,50,9.358035,1.102688
worker_3,922,1788087225.221476,50,9.538435,1.095744
worker_3,923,1788087225.231037,50,9.548898,1.098496
worker_3,924,1788087225.240605,50,9.780650,1.097344
worker_3,925,1788087225.250434,50,9.326461,1.098208
worker_3,926,1788087225.259864,50,9.674992,1.097696
worker_3,927,1788087225.269587,50,9.331822,1.098688
worker_3,928,1788087225.278960,50,9.743863,1.098176
worker_3,929,1788087225.288752,50,9.329813,1.096576
worker_3,930,1788087225.298108,50,9.749084,1.096832
worker_3,931,1788087225.307906,50,9.345323,1.097984
worker_3,932,1788087225.317277,50,9.755807,1.098528
worker_3,933,1788087225.327082,50,9.350740,1.099328
worker_3,934,1788087225.336460,50,9.767326,1.097312
worker_3,935,1788087225.346278,50,9.474194,1.098368
worker_3,936,1788087225.355779,50,9.778177,1.097408
worker_3,937,1788087225.365605,50,9.167442,1.096736
worker_3,938,1788087225.374801,50,9.751206,1.096640
worker_3,939,1788087225.384602,50,9.325369,1.097472
worker_3,940,1788087225.393955,50,9.752937,1.098304
worker_3,941,1788087225.403759,50,9.323721,1.096512
worker_3,942,1788087225.413110,50,9.752687,1.098432
worker_3,943,1788087225.422913,50,9.330498,1.096352
worker_3,944,1788087225.432270,50,9.717955,1.096160
worker_3,945,1788087225.442027,50,9.366017,1.096448
worker_3,946,1788087225.451420,50,9.563510,1.101856
worker_3,947,1788087225.461003,50,9.568140,1.097440
worker_3,948,1788087225.470602,50,9.762344,1.097728
worker_3,949,1788087225.480414,50,9.352305,1.098080
worker_3,950,1788087225.489794,50,9.538555,1.097280
worker_3,951,1788087225.499352,50,9.559907,1.098784
worker_3,952,1788087225.508930,50,9.562048,1.098560
worker_3,953,1788087225.518509,50,9.558926,1.097184
worker_3,954,1788087225.528087,50,9.582788,1.104288
worker_3,955,1788087225.537686,50,9.567445,1.098208
worker_3,956,1788087225.547278,50,9.778520,1.098816
worker_3,957,1788087225.557106,50,9.542833,1.096896
worker_3,958,1788087225.566698,50,9.526010,1.097632
worker_3,959,1788087225.576274,50,9.523046,1.098240
worker_3,960,1788087225.585845,50,9.538140,1.099360
worker_3,961,1788087225.595432,50,9.546917,1.097376
worker_3,962,1788087225.605027,50,9.324572,1.097600
worker_3,963,1788087225.614377,50,9.546881,1.098080
worker_3,964,1788087225.623943,50,9.583816,1.102688
worker_3,965,1788087225.633543,50,9.562723,1.096352
worker_3,966,1788087225.643125,50,9.583473,1.097344
worker_3,967,1788087225.652739,50,9.547824,1.098336
worker_3,968,1788087225.662303,50,9.778994,1.096352
worker_3,969,1788087225.672132,50,9.529814,1.097600
worker_3,970,1788087225.681712,50,9.529713,1.097344
worker_3,971,1788087225.691291,50,9.539371,1.097600
worker_3,972,1788087225.700878,50,9.538954,1.097888
worker_3,973,1788087225.710466,50,9.535741,1.097984
worker_3,974,1788087225.720050,50,9.533232,1.097888
worker_3,975,1788087225.729630,50,9.530658,1.095616
worker_3,976,1788087225.739208,50,9.556167,1.108736
worker_3,977,1788087225.748813,50,9.531362,1.096832
worker_3,978,1788087225.758394,50,9.555148,1.098176
worker_3,979,1788087225.767998,50,9.527556,1.097184
worker_3,980,1788087225.777575,50,9.529269,1.097248
worker_3,981,1788087225.787154,50,9.536926,1.098368
worker_3,982,1788087225.796740,50,9.528000,1.098240
worker_3,983,1788087225.806317,50,9.535232,1.097632
worker_3,984,1788087225.815902,50,9.550537,1.096640
worker_3,985,1788087225.825501,50,9.535806,1.096768
worker_3,986,1788087225.835085,50,9.537027,1.098144
worker_3,987,1788087225.844682,50,9.519990,1.098080
worker_3,988,1788087225.854250,50,9.326794,1.096928
worker_3,989,1788087225.863603,50,9.789142,1.096480
worker_3,990,1788087225.873443,50,9.314072,1.097408
worker_3,991,1788087225.882784,50,9.760983,1.096608
worker_3,992,1788087225.892593,50,9.324673,1.098208
worker_3,993,1788087225.901945,50,9.760594,1.097920
worker_3,994,1788087225.911755,50,9.323036,1.099072
worker_3,995,1788087225.921103,50,9.763751,1.096512
worker_3,996,1788087225.930915,50,9.317350,1.096192
worker_3,997,1788087225.940260,50,9.763807,1.097664
worker_3,998,1788087225.950072,50,9.525750,1.096224
worker_3,999,1788087225.959648,50,9.536684,1.097728
worker_3,1000,1788087225.969234,50,9.335359,1.096928
worker_3,1001,1788087225.978596,50,9.545619,1.097600
worker_3,1002,1788087225.988165,50,9.568065,1.101600
worker_3,1003,1788087225.997753,50,9.569037,1.097248
worker_3,1004,1788087226.007339,50,9.777382,1.100192
worker_3,1005,1788087226.017165,50,9.327655,1.099200
worker_3,1006,1788087226.026530,50,9.544619,1.097312
worker_3,1007,1788087226.036094,50,9.568547,1.101952
worker_3,1008,1788087226.045679,50,9.571926,1.096864
worker_3,1009,1788087226.055268,50,9.570851,1.098560
worker_3,1010,1788087226.064855,50,9.794502,1.097216
worker_3,1011,1788087226.074697,50,9.540351,1.098176
worker_3,1012,1788087226.084288,50,9.529314,1.102400
worker_3,1013,1788087226.093865,50,9.530369,1.096032
worker_3,1014,1788087226.103443,50,9.541509,1.097632
worker_3,1015,1788087226.113034,50,9.571203,1.099840
worker_3,1016,1788087226.122652,50,9.280543,1.098912
worker_3,1017,1788087226.131957,50,9.568814,1.103712
worker_3,1018,1788087226.141546,50,9.551398,1.096288
worker_3,1019,1788087226.151115,50,9.558258,1.097536
worker_3,1020,1788087226.160690,50,9.562371,1.097216
worker_3,1021,1788087226.170268,50,9.580259,1.096960
worker_3,1022,1788087226.179865,50,9.572028,1.101856
worker_3,1023,1788087226.189452,50,9.568758,1.096960
worker_3,1024,1788087226.199043,50,9.560185,1.098848
worker_3,1025,1788087226.208621,50,9.782427,1.097056
worker_3,1026,1788087226.218465,50,9.504861,1.098144
worker_3,1027,1788087226.228020,50,9.534953,1.105728
worker_3,1028,1788087226.237603,50,9.396683,1.099264
worker_3,1029,1788087226.247051,50,9.477295,1.099488
worker_3,1030,1788087226.256557,50,9.547056,1.097792
worker_3,1031,1788087226.266124,50,9.580435,1.099008
worker_3,1032,1788087226.275722,50,9.564723,1.101600
worker_3,1033,1788087226.285302,50,9.577954,1.096928
worker_3,1034,1788087226.294897,50,9.566037,1.099136
worker_3,1035,1788087226.304480,50,9.557028,1.097792
worker_3,1036,1788087226.314052,50,9.817706,1.097376
worker_3,1037,1788087226.323919,50,9.529361,1.098208
worker_3,1038,1788087226.333496,50,9.545323,1.099040
worker_3,1039,1788087226.343091,50,9.536249,1.098208
worker_3,1040,1788087226.352676,50,9.670928,1.096608
worker_3,1041,1788087226.362395,50,9.391138,1.096832
worker_3,1042,1788087226.371835,50,9.525796,1.097536
worker_3,1043,1788087226.381409,50,9.544416,1.098400
worker_3,1044,1788087226.391003,50,9.544214,1.096544
worker_3,1045,1788087226.400609,50,9.520879,1.097600
worker_3,1046,1788087226.410177,50,9.542907,1.096736
worker_3,1047,1788087226.419769,50,9.333183,1.101312
worker_3,1048,1788087226.429127,50,9.757104,1.095456
worker_3,1049,1788087226.438933,50,9.341109,1.098400
worker_3,1050,1788087226.448301,50,9.753476,1.096096
worker_3,1051,1788087226.458104,50,9.328183,1.096192
worker_3,1052,1788087226.467457,50,9.760974,1.096352
worker_3,1053,1788087226.477267,50,9.328350,1.095520
worker_3,1054,1788087226.486623,50,9.750020,1.097632
worker_3,1055,1788087226.496425,50,9.327174,1.098784
worker_3,1056,1788087226.505777,50,9.768354,1.097536
worker_3,1057,1788087226.515595,50,9.340507,1.097696
worker_3,1058,1788087226.524961,50,9.784418,1.096832
worker_3,1059,1788087226.534796,50,9.319720,1.097792
worker_3,1060,1788087226.544142,50,9.780817,1.097568
worker_3,1061,1788087226.553972,50,9.308673,1.097792
worker_3,1062,1788087226.563307,50,9.758104,1.095840
worker_3,1063,1788087226.573112,50,9.340405,1.098688
worker_3,1064,1788087226.582479,50,9.787549,1.096640
worker_3,1065,1788087226.592329,50,9.299424,1.098112
worker_3,1066,1788087226.601655,50,9.546213,1.096544
worker_3,1067,1788087226.611220,50,9.574704,1.098976
worker_3,1068,1788087226.620812,50,9.558742,1.096448
worker_3,1069,1788087226.630386,50,9.559167,1.097440
worker_3,1070,1788087226.639961,50,9.558363,1.098784
worker_3,1071,1788087226.649536,50,9.561177,1.096544
worker_3,1072,1788087226.659114,50,9.556613,1.096960
worker_3,1073,1788087226.668688,50,9.574481,1.098272
worker_3,1074,1788087226.678279,50,9.558259,1.096256
worker_3,1075,1788087226.687854,50,9.782382,1.101056
worker_3,1076,1788087226.697687,50,9.536260,1.097568
worker_3,1077,1788087226.707274,50,9.543815,1.099712
worker_3,1078,1788087226.716867,50,9.527955,1.097696
worker_3,1079,1788087226.726527,50,9.451574,1.097280
worker_3,1080,1788087226.736029,50,9.522028,1.096640
worker_3,1081,1788087226.745601,50,9.547491,1.097248
worker_3,1082,1788087226.755197,50,9.528519,1.097536
worker_3,1083,1788087226.764773,50,9.528269,1.099104
worker_3,1084,1788087226.774362,50,9.316508,1.097696
worker_3,1085,1788087226.783707,50,9.554028,1.096224
worker_3,1086,1788087226.793281,50,9.560020,1.099264
worker_3,1087,1788087226.802859,50,9.591343,1.100960
worker_3,1088,1788087226.812466,50,9.795844,1.097184
worker_3,1089,1788087226.822310,50,9.531166,1.098080
worker_3,1090,1788087226.831888,50,9.550622,1.097440
worker_3,1091,1788087226.841485,50,9.562751,1.100928
worker_3,1092,1788087226.851096,50,9.534389,1.097056
worker_3,1093,1788087226.860680,50,9.527379,1.097184
worker_3,1094,1788087226.870254,50,9.535926,1.095776
worker_3,1095,1788087226.879839,50,9.534648,1.097184
worker_3,1096,1788087226.889420,50,9.548260,1.099488
worker_3,1097,1788087226.899015,50,9.491462,1.095808
worker_3,1098,1788087226.908544,50,9.537899,1.097728
worker_3,1099,1788087226.918113,50,9.586889,1.097824
worker_3,1100,1788087226.927748,50,9.526546,1.098880
worker_3,1101,1788087226.937324,50,9.569853,1.096480
worker_3,1102,1788087226.946944,50,9.496879,1.098880
worker_3,1103,1788087226.956489,50,9.541426,1.098912
worker_3,1104,1788087226.966089,50,9.513815,1.096192
worker_3,1105,1788087226.975651,50,9.552454,1.099232
worker_3,1106,1788087226.985251,50,9.535519,1.097920
worker_3,1107,1788087226.994836,50,9.322322,1.098624
worker_3,1108,1788087227.004184,50,9.760354,1.097280
worker_3,1109,1788087227.013994,50,9.324220,1.097376
worker_3,1110,1788087227.023345,50,9.759391,1.101760
worker_3,1111,1788087227.033154,50,9.325220,1.099712
worker_3,1112,1788087227.042506,50,9.778318,1.097056
worker_3,1113,1788087227.052335,50,9.336202,1.104480
worker_3,1114,1788087227.061699,50,9.760743,1.097152
worker_3,1115,1788087227.071510,50,9.328970,1.098560
worker_3,1116,1788087227.080865,50,9.789068,1.097472
worker_3,1117,1788087227.090703,50,9.318516,1.097856
worker_3,1118,1788087227.100048,50,9.776280,1.102144
worker_3,1119,1788087227.109874,50,9.319164,1.095776
worker_3,1120,1788087227.119220,50,9.768391,1.095968
worker_3,1121,1788087227.129042,50,9.323821,1.099968
worker_3,1122,1788087227.138391,50,9.760863,1.096608
worker_3,1123,1788087227.148237,50,9.293433,1.097696
worker_3,1124,1788087227.157557,50,9.545390,1.097760
worker_3,1125,1788087227.167123,50,9.587777,1.098528
worker_3,1126,1788087227.176727,50,9.562295,1.097152
worker_3,1127,1788087227.186306,50,9.776030,1.097440
worker_3,1128,1788087227.196131,50,9.530000,1.096320
worker_3,1129,1788087227.205710,50,9.529648,1.096704
worker_3,1130,1788087227.215290,50,9.534973,1.101248
worker_3,1131,1788087227.224874,50,9.525314,1.097152
worker_3,1132,1788087227.234448,50,9.542944,1.098304
worker_3,1133,1788087227.244040,50,9.534324,1.098688
worker_3,1134,1788087227.253622,50,9.551657,1.097120
worker_3,1135,1788087227.263222,50,9.549065,1.098528
worker_3,1136,1788087227.272820,50,9.534943,1.098272
worker_3,1137,1788087227.282403,50,9.520777,1.096768
worker_3,1138,1788087227.291973,50,9.543231,1.097664
worker_3,1139,1788087227.301565,50,9.535315,1.098240
worker_3,1140,1788087227.311149,50,9.531796,1.096384
worker_3,1141,1788087227.320727,50,9.542221,1.097664
worker_3,1142,1788087227.330317,50,9.324406,1.096960
worker_3,1143,1788087227.339682,50,9.766594,1.097088
worker_3,1144,1788087227.349497,50,9.352998,1.100608
worker_3,1145,1788087227.358877,50,9.792761,1.096640
worker_3,1146,1788087227.368718,50,9.449165,1.096480
worker_3,1147,1788087227.378194,50,9.791289,1.096768
worker_3,1148,1788087227.388032,50,9.163867,1.100416
worker_3,1149,1788087227.397222,50,9.759696,1.097120
worker_3,1150,1788087227.407030,50,9.325960,1.098432
worker_3,1151,1788087227.416383,50,9.760399,1.097408
worker_3,1152,1788087227.426193,50,9.340007,1.097280
worker_3,1153,1788087227.435559,50,9.761149,1.101824
worker_3,1154,1788087227.445369,50,9.327702,1.096448
worker_3,1155,1788087227.454727,50,9.761409,1.099072
worker_3,1156,1788087227.464542,50,9.314691,1.097440
worker_3,1157,1788087227.473884,50,9.759834,1.097312
worker_3,1158,1788087227.483693,50,9.322480,1.097696
worker_3,1159,1788087227.493041,50,9.767667,1.097216
worker_3,1160,1788087227.502858,50,9.325442,1.099040
worker_3,1161,1788087227.512208,50,9.780371,1.099328
worker_3,1162,1788087227.522052,50,9.316534,1.098624
worker_3,1163,1788087227.531394,50,9.566796,1.101536
worker_3,1164,1788087227.540981,50,9.556324,1.096800
worker_3,1165,1788087227.550554,50,9.591472,1.097792
worker_3,1166,1788087227.560162,50,9.571759,1.098784
worker_3,1167,1788087227.569751,50,9.773714,1.098208
worker_3,1168,1788087227.579574,50,9.536712,1.098688
worker_3,1169,1788087227.589160,50,9.530239,1.098112
worker_3,1170,1788087227.598739,50,9.546545,1.096448
worker_3,1171,1788087227.608335,50,9.545156,1.103872
worker_3,1172,1788087227.617929,50,9.528166,1.096256
worker_3,1173,1788087227.627506,50,9.535444,1.096800
worker_3,1174,1788087227.637090,50,9.526407,1.096416
worker_3,1175,1788087227.646664,50,9.563871,1.096512
worker_3,1176,1788087227.656280,50,9.510573,1.097888
worker_3,1177,1788087227.665840,50,9.532981,1.097280
worker_3,1178,1788087227.675420,50,9.536732,1.100800
worker_3,1179,1788087227.685007,50,9.336119,1.099840
worker_3,1180,1788087227.694370,50,9.769622,1.096960
worker_3,1181,1788087227.704188,50,9.320082,1.097760
worker_3,1182,1788087227.713547,50,9.740982,1.096736
worker_3,1183,1788087227.723337,50,9.332720,1.097024
worker_3,1184,1788087227.732696,50,9.764769,1.095552
worker_3,1185,1788087227.742511,50,9.331859,1.096928
worker_3,1186,1788087227.751870,50,9.763530,1.100224
worker_3,1187,1788087227.761685,50,9.321156,1.098528
worker_3,1188,1788087227.771034,50,9.767363,1.095328
worker_3,1189,1788087227.780849,50,9.319341,1.096768
worker_3,1190,1788087227.790195,50,9.557444,1.097760
worker_3,1191,1788087227.799772,50,9.581518,1.110432
worker_3,1192,1788087227.809371,50,9.554916,1.098048
worker_3,1193,1788087227.818942,50,9.794225,1.099680
worker_3,1194,1788087227.828786,50,9.517166,1.098080
worker_3,1195,1788087227.838353,50,9.545343,1.097184
worker_3,1196,1788087227.847948,50,9.515778,1.099264
worker_3,1197,1788087227.857511,50,9.546277,1.096864
worker_3,1198,1788087227.867107,50,9.524890,1.098688
worker_3,1199,1788087227.876680,50,9.527287,1.095456
worker_3,1200,1788087227.886255,50,9.555713,1.095520
worker_3,1201,1788087227.895873,50,9.501786,1.096640
worker_3,1202,1788087227.905424,50,9.530083,1.095968
worker_3,1203,1788087227.915004,50,9.528426,1.097792
worker_3,1204,1788087227.924583,50,9.334231,1.098144
worker_3,1205,1788087227.933943,50,9.758261,1.096448
worker_3,1206,1788087227.943751,50,9.322026,1.096224
worker_3,1207,1788087227.953100,50,9.769141,1.097088
worker_3,1208,1788087227.962920,50,9.324276,1.098144
worker_3,1209,1788087227.972271,50,9.749344,1.096960
worker_3,1210,1788087227.982071,50,9.326016,1.097088
worker_3,1211,1788087227.991424,50,9.792548,1.095488
worker_3,1212,1788087228.001264,50,9.301156,1.096832
worker_3,1213,1788087228.010593,50,9.775196,1.095744
worker_3,1214,1788087228.020416,50,9.343702,1.097792
worker_3,1215,1788087228.029786,50,9.549500,1.096032
worker_3,1216,1788087228.039354,50,9.562185,1.098496
worker_3,1217,1788087228.048933,50,9.584629,1.097984
worker_3,1218,1788087228.058534,50,9.558538,1.097600
worker_3,1219,1788087228.068108,50,9.792670,1.103040
worker_3,1220,1788087228.077948,50,9.521647,1.097184
worker_3,1221,1788087228.087531,50,9.523010,1.098272
worker_3,1222,1788087228.097103,50,9.565240,1.095680
worker_3,1223,1788087228.106716,50,9.529138,1.098240
worker_3,1224,1788087228.116294,50,9.528814,1.102752
worker_3,1225,1788087228.125870,50,9.541935,1.097408
worker_3,1226,1788087228.135460,50,9.553047,1.098528
worker_3,1227,1788087228.145063,50,9.530241,1.098752
worker_3,1228,1788087228.154642,50,9.541982,1.097824
worker_3,1229,1788087228.164243,50,9.527778,1.098080
worker_3,1230,1788087228.173904,50,9.443565,1.098752
worker_3,1231,1788087228.183397,50,9.325490,1.099136
worker_3,1232,1788087228.192750,50,9.772595,1.095584
worker_3,1233,1788087228.202571,50,9.323693,1.096512
worker_3,1234,1788087228.211921,50,9.768041,1.100864
worker_3,1235,1788087228.221741,50,9.322943,1.098528
worker_3,1236,1788087228.231091,50,9.758605,1.097248
worker_3,1237,1788087228.240900,50,9.327258,1.098720
worker_3,1238,1788087228.250257,50,9.758539,1.096928
worker_3,1239,1788087228.260067,50,9.327637,1.097312
worker_3,1240,1788087228.269436,50,9.782457,1.098272
worker_3,1241,1788087228.279269,50,9.295045,1.098080
worker_3,1242,1788087228.288591,50,9.767549,1.098240
worker_3,1243,1788087228.298410,50,9.311962,1.098368
worker_3,1244,1788087228.307751,50,9.751678,1.097472
worker_3,1245,1788087228.317541,50,9.487575,1.096160
worker_3,1246,1788087228.327050,50,9.633242,1.096448
worker_3,1247,1788087228.336734,50,9.326008,1.097792
worker_3,1248,1788087228.346088,50,9.907300,1.097600
worker_3,1249,1788087228.356045,50,9.354101,1.099136
worker_3,1250,1788087228.365426,50,9.746123,1.095968
worker_3,1251,1788087228.375222,50,9.211052,1.096800
worker_3,1252,1788087228.384462,50,9.800262,1.098432
worker_3,1253,1788087228.394311,50,9.269192,1.099232
worker_3,1254,1788087228.403609,50,9.755474,1.099200
worker_3,1255,1788087228.413415,50,9.339888,1.095712
worker_3,1256,1788087228.422784,50,9.754474,1.096416
worker_3,1257,1788087228.432588,50,9.326896,1.097536
worker_3,1258,1788087228.441943,50,9.773271,1.097984
worker_3,1259,1788087228.451769,50,9.328618,1.101568
worker_3,1260,1788087228.461139,50,9.743798,1.097920
worker_3,1261,1788087228.470934,50,9.325673,1.098144
worker_3,1262,1788087228.480289,50,9.751428,1.098176
worker_3,1263,1788087228.490090,50,9.328943,1.097696
worker_3,1264,1788087228.499445,50,9.756113,1.097440
worker_3,1265,1788087228.509252,50,9.338813,1.099104
worker_3,1266,1788087228.518617,50,9.764790,1.097472
worker_3,1267,1788087228.528434,50,9.343749,1.101024
worker_3,1268,1788087228.537804,50,9.762965,1.097120
worker_3,1269,1788087228.547618,50,9.326331,1.098336
worker_3,1270,1788087228.556972,50,9.768012,1.098048
worker_3,1271,1788087228.566790,50,9.327859,1.096768
worker_3,1272,1788087228.576145,50,9.764205,1.100640
worker_3,1273,1788087228.585959,50,9.325018,1.098944
worker_3,1274,1788087228.595311,50,9.753567,1.098496
worker_3,1275,1788087228.605115,50,9.355240,1.097728
worker_3,1276,1788087228.614496,50,9.795327,1.098464
worker_3,1277,1788087228.624341,50,9.316164,1.096768
worker_3,1278,1788087228.633685,50,9.755288,1.096576
worker_3,1279,1788087228.643502,50,9.312432,1.098176
worker_3,1280,1788087228.652841,50,9.578130,1.098432
worker_3,1281,1788087228.662440,50,9.559259,1.096704
worker_3,1282,1788087228.672020,50,9.567889,1.098560
worker_3,1283,1788087228.681606,50,9.563537,1.097792
worker_3,1284,1788087228.691185,50,9.772669,1.097696
worker_3,1285,1788087228.701006,50,9.544869,1.096192
worker_3,1286,1788087228.710599,50,9.539538,1.098048
worker_3,1287,1788087228.720186,50,9.548101,1.107520
worker_3,1288,1788087228.729784,50,9.537657,1.099072
worker_3,1289,1788087228.739371,50,9.570445,1.096416
worker_3,1290,1788087228.748992,50,9.483174,1.096992
worker_3,1291,1788087228.758523,50,9.537333,1.096128
worker_3,1292,1788087228.768111,50,9.533796,1.097472
worker_3,1293,1788087228.777695,50,9.534314,1.101536
worker_3,1294,1788087228.787282,50,9.524712,1.098464
worker_3,1295,1788087228.796855,50,9.570399,1.098528
worker_3,1296,1788087228.806475,50,9.322562,1.097824
worker_3,1297,1788087228.815823,50,9.780261,1.096288
worker_3,1298,1788087228.825652,50,9.329645,1.100288
worker_3,1299,1788087228.835021,50,9.747148,1.097824
worker_3,1300,1788087228.844817,50,9.328535,1.098688
worker_3,1301,1788087228.854171,50,9.758446,1.097280
worker_3,1302,1788087228.863978,50,9.320767,1.098560
worker_3,1303,1788087228.873326,50,9.751039,1.096864
worker_3,1304,1788087228.883126,50,9.333554,1.097376
worker_3,1305,1788087228.892488,50,9.760613,1.097056
worker_3,1306,1788087228.902303,50,9.334877,1.096416
worker_3,1307,1788087228.911666,50,9.766002,1.101472
worker_3,1308,1788087228.921483,50,9.323554,1.097472
worker_3,1309,1788087228.930832,50,9.762316,1.098592
worker_3,1310,1788087228.940643,50,9.323572,1.096256
worker_3,1311,1788087228.949993,50,9.766354,1.097184
worker_3,1312,1788087228.959809,50,9.322164,1.099840
worker_3,1313,1788087228.969157,50,9.754243,1.097536
worker_3,1314,1788087228.978961,50,9.326831,1.097344
worker_3,1315,1788087228.988315,50,9.762706,1.097536
worker_3,1316,1788087228.998128,50,9.325739,1.096480
worker_3,1317,1788087229.007478,50,9.804215,1.097184
worker_3,1318,1788087229.017345,50,9.269433,1.097504
worker_3,1319,1788087229.026642,50,9.549927,1.098784
worker_3,1320,1788087229.036220,50,9.548065,1.098272
worker_3,1321,1788087229.045785,50,9.566492,1.097760
worker_3,1322,1788087229.055372,50,9.582214,1.099360
worker_3,1323,1788087229.064972,50,9.785085,1.098560
worker_3,1324,1788087229.074810,50,9.532027,1.097376
worker_3,1325,1788087229.084394,50,9.528186,1.096480
worker_3,1326,1788087229.093973,50,9.524815,1.096576
worker_3,1327,1788087229.103547,50,9.534759,1.096992
worker_3,1328,1788087229.113131,50,9.549936,1.096512
worker_3,1329,1788087229.122728,50,9.544501,1.096480
worker_3,1330,1788087229.132322,50,9.514148,1.097632
worker_3,1331,1788087229.141886,50,9.535723,1.096800
worker_3,1332,1788087229.151470,50,9.549499,1.098656
worker_3,1333,1788087229.161069,50,9.557666,1.096544
worker_3,1334,1788087229.170677,50,9.529314,1.098400
worker_3,1335,1788087229.180270,50,9.312480,1.096512
worker_3,1336,1788087229.189611,50,9.753761,1.097184
worker_3,1337,1788087229.199414,50,9.332100,1.098976
worker_3,1338,1788087229.208781,50,9.610612,1.097568
worker_3,1339,1788087229.218442,50,9.497286,1.098336
worker_3,1340,1788087229.227967,50,9.766085,1.096544
worker_3,1341,1788087229.237783,50,9.325359,1.098560
worker_3,1342,1788087229.247135,50,9.757289,1.098752
worker_3,1343,1788087229.256943,50,9.333618,1.097088
worker_3,1344,1788087229.266304,50,9.759299,1.096000
worker_3,1345,1788087229.276114,50,9.329064,1.098720
worker_3,1346,1788087229.285470,50,9.759502,1.097344
worker_3,1347,1788087229.295280,50,9.329128,1.097792
worker_3,1348,1788087229.304637,50,9.756604,1.097312
worker_3,1349,1788087229.314443,50,9.339461,1.098240
worker_3,1350,1788087229.323811,50,9.763808,1.100800
worker_3,1351,1788087229.333624,50,9.346054,1.098560
worker_3,1352,1788087229.342997,50,9.761372,1.099104
worker_3,1353,1788087229.352809,50,9.479156,1.098624
worker_3,1354,1788087229.362317,50,9.645751,1.097536
worker_3,1355,1788087229.372013,50,9.478786,1.097440
worker_3,1356,1788087229.381519,50,9.641186,1.095712
worker_3,1357,1788087229.391224,50,9.281154,1.098560
worker_3,1358,1788087229.400534,50,9.748798,1.099008
worker_3,1359,1788087229.410332,50,9.339702,1.098272
worker_3,1360,1788087229.419699,50,9.753649,1.096000
worker_3,1361,1788087229.429503,50,9.680427,1.096896
worker_3,1362,1788087229.439234,50,9.533981,1.097312
worker_3,1363,1788087229.448816,50,9.520351,1.095680
worker_3,1364,1788087229.458385,50,9.545787,1.096288
worker_3,1365,1788087229.467980,50,9.535731,1.099040
worker_3,1366,1788087229.477564,50,9.537296,1.096992
worker_3,1367,1788087229.487151,50,9.389553,1.095840
worker_3,1368,1788087229.496590,50,9.524129,1.097280
worker_3,1369,1788087229.506163,50,9.523472,1.098944
worker_3,1370,1788087229.515734,50,9.538333,1.102784
worker_3,1371,1788087229.525320,50,9.527574,1.096928
worker_3,1372,1788087229.534895,50,9.351017,1.097632
worker_3,1373,1788087229.544275,50,9.555611,1.097728
worker_3,1374,1788087229.553851,50,9.554037,1.098496
worker_3,1375,1788087229.563424,50,9.773975,1.097216
worker_3,1376,1788087229.573249,50,9.320581,1.097600
worker_3,1377,1788087229.582610,50,9.761900,1.096608
worker_3,1378,1788087229.592424,50,9.337646,1.099712
worker_3,1379,1788087229.601790,50,9.757873,1.098400
worker_3,1380,1788087229.611598,50,9.327896,1.099712
worker_3,1381,1788087229.621028,50,9.677816,1.097472
worker_3,1382,1788087229.630756,50,9.318360,1.097248
worker_3,1383,1788087229.640102,50,9.541472,1.096000
worker_3,1384,1788087229.649665,50,9.562381,1.098336
worker_3,1385,1788087229.659245,50,9.565371,1.096928
worker_3,1386,1788087229.668831,50,9.576009,1.096672
worker_3,1387,1788087229.678424,50,9.553464,1.096960
worker_3,1388,1788087229.687995,50,9.571881,1.097696
worker_3,1389,1788087229.697585,50,9.563824,1.097472
worker_3,1390,1788087229.707166,50,9.568741,1.098912
worker_3,1391,1788087229.716751,50,9.595380,1.100672
worker_3,1392,1788087229.726362,50,9.777992,1.098240
worker_3,1393,1788087229.736191,50,9.531806,1.097312
worker_3,1394,1788087229.745772,50,9.526667,1.097664
worker_3,1395,1788087229.755348,50,9.527166,1.096608
worker_3,1396,1788087229.764936,50,9.530426,1.097760
worker_3,1397,1788087229.774517,50,9.535232,1.098624
worker_3,1398,1788087229.784103,50,9.322276,1.102144
worker_3,1399,1788087229.793446,50,9.571777,1.095744
worker_3,1400,1788087229.803038,50,9.675075,1.099488
worker_3,1401,1788087229.812732,50,9.592658,1.097760
worker_3,1402,1788087229.822343,50,9.776900,1.097632
worker_3,1403,1788087229.832170,50,9.544018,1.101920
worker_3,1404,1788087229.841765,50,9.384498,1.096384
worker_3,1405,1788087229.851199,50,9.539296,1.097344
worker_3,1406,1788087229.860789,50,9.525981,1.095712
worker_3,1407,1788087229.870364,50,9.549047,1.096672
worker_3,1408,1788087229.879963,50,9.524944,1.105440
worker_3,1409,1788087229.889535,50,9.546158,1.097248
worker_3,1410,1788087229.899132,50,9.537471,1.099968
worker_3,1411,1788087229.908719,50,9.530037,1.096576
worker_3,1412,1788087229.918299,50,9.525287,1.095872
worker_3,1413,1788087229.927874,50,9.544157,1.105856
worker_3,1414,1788087229.937465,50,9.532750,1.096960
worker_3,1415,1788087229.947047,50,9.538740,1.096672
worker_3,1416,1788087229.956648,50,9.523889,1.097088
worker_3,1417,1788087229.966219,50,9.526990,1.096576
worker_3,1418,1788087229.975796,50,9.343304,1.098432
worker_3,1419,1788087229.985169,50,9.756956,1.098912
worker_3,1420,1788087229.994974,50,9.324506,1.099200
worker_3,1421,1788087230.004325,50,9.747937,1.097312
worker_3,1422,1788087230.014122,50,9.331499,1.097344
worker_3,1423,1788087230.023480,50,9.762086,1.099136
worker_3,1424,1788087230.033292,50,9.318618,1.097152
worker_3,1425,1788087230.042630,50,9.778964,1.097728
worker_3,1426,1788087230.052461,50,9.328627,1.099040
worker_3,1427,1788087230.061817,50,9.758131,1.098240
worker_3,1428,1788087230.071626,50,9.324128,1.096800
worker_3,1429,1788087230.080979,50,9.767086,1.097920
worker_3,1430,1788087230.090796,50,9.323767,1.098240
worker_3,1431,1788087230.100146,50,9.785327,1.099328
worker_3,1432,1788087230.109981,50,9.312720,1.097760
worker_3,1433,1788087230.119322,50,9.754743,1.098208
worker_3,1434,1788087230.129124,50,9.326610,1.097824
worker_3,1435,1788087230.138492,50,9.744752,1.097056
worker_3,1436,1788087230.148288,50,9.333276,1.102560
worker_3,1437,1788087230.157649,50,9.544140,1.099424
worker_3,1438,1788087230.167213,50,9.556973,1.097248
worker_3,1439,1788087230.176787,50,9.565250,1.098912
worker_3,1440,1788087230.186369,50,9.560177,1.097120
worker_3,1441,1788087230.195948,50,9.583879,1.113952
worker_3,1442,1788087230.205549,50,9.550973,1.097056
worker_3,1443,1788087230.215117,50,9.584362,1.098176
worker_3,1444,1788087230.224719,50,9.555296,1.095936
worker_3,1445,1788087230.234293,50,9.775881,1.097440
worker_3,1446,1788087230.244117,50,9.535778,1.097024
worker_3,1447,1788087230.253701,50,9.529537,1.097440
worker_3,1448,1788087230.263278,50,9.549982,1.105376
worker_3,1449,1788087230.272877,50,9.527964,1.097120
worker_3,1450,1788087230.282454,50,9.531871,1.096512
worker_3,1451,1788087230.292037,50,9.534759,1.098528
worker_3,1452,1788087230.301621,50,9.527066,1.097312
worker_3,1453,1788087230.311198,50,9.558120,1.105440
worker_3,1454,1788087230.320805,50,9.328637,1.098080
worker_3,1455,1788087230.330174,50,9.740557,1.096096
worker_3,1456,1788087230.339965,50,9.334351,1.096832
worker_3,1457,1788087230.349329,50,9.752030,1.095680
worker_3,1458,1788087230.359131,50,9.336729,1.098304
worker_3,1459,1788087230.368494,50,9.763391,1.097024
worker_3,1460,1788087230.378307,50,9.325406,1.096800
worker_3,1461,1788087230.387660,50,9.773473,1.096448
worker_3,1462,1788087230.397482,50,9.324470,1.096480
worker_3,1463,1788087230.406833,50,9.764714,1.097760
worker_3,1464,1788087230.416651,50,9.306201,1.096768
worker_3,1465,1788087230.425986,50,9.757492,1.097024
worker_3,1466,1788087230.435793,50,9.320396,1.098784
worker_3,1467,1788087230.445140,50,9.756575,1.098240
worker_3,1468,1788087230.454947,50,9.315303,1.098048
worker_3,1469,1788087230.464288,50,9.766483,1.098880
worker_3,1470,1788087230.474106,50,9.315220,1.098752
worker_3,1471,1788087230.483450,50,9.753751,1.098240
worker_3,1472,1788087230.493254,50,9.333302,1.097344
worker_3,1473,1788087230.502615,50,9.763919,1.097824
worker_3,1474,1788087230.512446,50,9.325564,1.099104
worker_3,1475,1788087230.521799,50,9.758049,1.097184
worker_3,1476,1788087230.531608,50,9.328128,1.097568
worker_3,1477,1788087230.540962,50,9.774040,1.097184
worker_3,1478,1788087230.550787,50,9.324590,1.098144
worker_3,1479,1788087230.560141,50,9.768974,1.099040
worker_3,1480,1788087230.569960,50,9.320350,1.096384
worker_3,1481,1788087230.579308,50,9.758011,1.095584
worker_3,1482,1788087230.589116,50,9.349516,1.096512
worker_3,1483,1788087230.598494,50,9.765762,1.096032
worker_3,1484,1788087230.608309,50,9.336082,1.109440
worker_3,1485,1788087230.617671,50,9.762196,1.096768
worker_3,1486,1788087230.627482,50,9.325766,1.100832
worker_3,1487,1788087230.636835,50,9.755428,1.099520
worker_3,1488,1788087230.646640,50,9.331942,1.098080
worker_3,1489,1788087230.656000,50,9.551555,1.098208
worker_3,1490,1788087230.665573,50,9.563834,1.097792
worker_3,1491,1788087230.675153,50,9.574834,1.100288
worker_3,1492,1788087230.684744,50,9.563667,1.098944
worker_3,1493,1788087230.694324,50,9.764493,1.096032
worker_3,1494,1788087230.704153,50,9.311951,1.098400
worker_3,1495,1788087230.713493,50,9.554121,1.097664
worker_3,1496,1788087230.723066,50,9.561556,1.099968
worker_3,1497,1788087230.732646,50,9.563093,1.096160
worker_3,1498,1788087230.742226,50,9.553732,1.097376
worker_3,1499,1788087230.751796,50,9.773234,1.097184
worker_3,1500,1788087230.761620,50,9.516777,1.096352
worker_3,1501,1788087230.771186,50,9.538233,1.096896
worker_3,1502,1788087230.780773,50,9.532250,1.097408
worker_3,1503,1788087230.790354,50,9.529352,1.098208
worker_3,1504,1788087230.799935,50,9.539981,1.096256
worker_3,1505,1788087230.809523,50,9.531889,1.095936
worker_3,1506,1788087230.819105,50,9.550037,1.104704
worker_3,1507,1788087230.828703,50,9.551602,1.095488
worker_3,1508,1788087230.838304,50,9.318009,1.097344
worker_3,1509,1788087230.847653,50,9.569157,1.098208
worker_3,1510,1788087230.857242,50,9.557537,1.097088
worker_3,1511,1788087230.866817,50,9.773744,1.097856
worker_3,1512,1788087230.876640,50,9.529546,1.098016
worker_3,1513,1788087230.886228,50,9.531676,1.096960
worker_3,1514,1788087230.895810,50,9.537101,1.099072
worker_3,1515,1788087230.905393,50,9.531871,1.096384
worker_3,1516,1788087230.914975,50,9.318711,1.097280
worker_3,1517,1788087230.924320,50,9.760558,1.096928
worker_3,1518,1788087230.934130,50,9.325666,1.097696
worker_3,1519,1788087230.943483,50,9.753705,1.097504
worker_3,1520,1788087230.953287,50,9.339277,1.098080
worker_3,1521,1788087230.962655,50,9.756261,1.096960
worker_3,1522,1788087230.972465,50,9.325072,1.097504
worker_3,1523,1788087230.981816,50,9.758611,1.096032
worker_3,1524,1788087230.991624,50,9.327054,1.097792
worker_3,1525,1788087231.000977,50,9.764372,1.096512
worker_3,1526,1788087231.010792,50,9.333240,1.097856
worker_3,1527,1788087231.020153,50,9.756622,1.097216
worker_3,1528,1788087231.029958,50,9.325506,1.099296
worker_3,1529,1788087231.039313,50,9.750206,1.096576
worker_3,1530,1788087231.049113,50,9.330998,1.096800
worker_3,1531,1788087231.058470,50,9.784576,1.096096
worker_3,1532,1788087231.068381,50,9.233711,1.097120
worker_3,1533,1788087231.077655,50,9.742095,1.096960
worker_3,1534,1788087231.087448,50,9.331229,1.097728
worker_3,1535,1788087231.096807,50,9.762113,1.098496
worker_3,1536,1788087231.106620,50,9.327841,1.098016
worker_3,1537,1788087231.115973,50,9.773437,1.104544
worker_3,1538,1788087231.125795,50,9.320932,1.095744
worker_3,1539,1788087231.135144,50,9.755011,1.099776
worker_3,1540,1788087231.144949,50,9.438250,1.098752
worker_3,1541,1788087231.154404,50,9.787298,1.097856
worker_3,1542,1788087231.164257,50,9.323952,1.096896
worker_3,1543,1788087231.173609,50,9.760428,1.096032
worker_3,1544,1788087231.183419,50,9.330303,1.098656
worker_3,1545,1788087231.192776,50,9.563000,1.097792
worker_3,1546,1788087231.202359,50,9.417878,1.097440
worker_3,1547,1788087231.211797,50,9.555426,1.097664
worker_3,1548,1788087231.221369,50,9.568278,1.098368
worker_3,1549,1788087231.230953,50,9.571333,1.101696
worker_3,1550,1788087231.240541,50,9.571185,1.096448
worker_3,1551,1788087231.250127,50,9.568249,1.096160
worker_3,1552,1788087231.259726,50,9.763604,1.097824
worker_3,1553,1788087231.269539,50,9.545676,1.097056
worker_3,1554,1788087231.279134,50,9.528639,1.097440
worker_3,1555,1788087231.288713,50,9.536834,1.096096
worker_3,1556,1788087231.298300,50,9.553825,1.096512
worker_3,1557,1788087231.307903,50,9.532435,1.100928
worker_3,1558,1788087231.317484,50,9.558408,1.099680
worker_3,1559,1788087231.327094,50,9.561982,1.102592
worker_3,1560,1788087231.336704,50,9.512371,1.096288
worker_3,1561,1788087231.346264,50,9.569704,1.099168
worker_3,1562,1788087231.355884,50,9.511065,1.097344
worker_3,1563,1788087231.365445,50,9.527575,1.097312
worker_3,1564,1788087231.375022,50,9.525223,1.098784
worker_3,1565,1788087231.384596,50,9.333517,1.096672
worker_3,1566,1788087231.393959,50,9.764697,1.096960
worker_3,1567,1788087231.403773,50,9.329258,1.100000
worker_3,1568,1788087231.413130,50,9.756890,1.097504
worker_3,1569,1788087231.422938,50,9.326461,1.096288
worker_3,1570,1788087231.432294,50,9.753993,1.098816
worker_3,1571,1788087231.442098,50,9.317072,1.098624
worker_3,1572,1788087231.451460,50,9.752594,1.098784
worker_3,1573,1788087231.461261,50,9.341600,1.097664
worker_3,1574,1788087231.470628,50,9.752779,1.096992
worker_3,1575,1788087231.480432,50,9.340091,1.102496
worker_3,1576,1788087231.489799,50,9.751308,1.096896
worker_3,1577,1788087231.499601,50,9.323349,1.096256
worker_3,1578,1788087231.508951,50,9.753483,1.096928
worker_3,1579,1788087231.518755,50,9.339813,1.096672
worker_3,1580,1788087231.528121,50,9.760011,1.097600
worker_3,1581,1788087231.537931,50,9.320553,1.097600
worker_3,1582,1788087231.547278,50,9.785132,1.099456
worker_3,1583,1788087231.557113,50,9.321998,1.097664
worker_3,1584,1788087231.566465,50,9.793965,1.095840
worker_3,1585,1788087231.576309,50,9.314239,1.097120
worker_3,1586,1788087231.585651,50,9.756493,1.097248
worker_3,1587,1788087231.595457,50,9.332553,1.099200
worker_3,1588,1788087231.604817,50,9.764242,1.099296
worker_3,1589,1788087231.614630,50,9.314794,1.096224
worker_3,1590,1788087231.623971,50,9.766196,1.103584
worker_3,1591,1788087231.633800,50,9.316293,1.097408
worker_3,1592,1788087231.643146,50,9.753270,1.096352
worker_3,1593,1788087231.652949,50,9.329017,1.098944
worker_3,1594,1788087231.662303,50,9.756826,1.096384
worker_3,1595,1788087231.672109,50,9.330969,1.099360
worker_3,1596,1788087231.681467,50,9.550473,1.099104
worker_3,1597,1788087231.691036,50,9.559601,1.096672
worker_3,1598,1788087231.700613,50,9.568908,1.099648
worker_3,1599,1788087231.710200,50,9.579083,1.096192
worker_3,1600,1788087231.719796,50,9.566842,1.103744
worker_3,1601,1788087231.729380,50,9.579315,1.096608
worker_3,1602,1788087231.738977,50,9.560964,1.098496
worker_3,1603,1788087231.748555,50,9.563611,1.099136
worker_3,1604,1788087231.758136,50,9.578546,1.097792
worker_3,1605,1788087231.767730,50,9.793140,1.099744
worker_3,1606,1788087231.777573,50,9.529945,1.096672
worker_3,1607,1788087231.787153,50,9.537584,1.099648
worker_3,1608,1788087231.796744,50,9.525842,1.096736
worker_3,1609,1788087231.806321,50,9.541334,1.097056
worker_3,1610,1788087231.815913,50,9.555482,1.095776
worker_3,1611,1788087231.825534,50,9.522000,1.097088
worker_3,1612,1788087231.835105,50,9.546778,1.098528
worker_3,1613,1788087231.844702,50,9.527907,1.097792
worker_3,1614,1788087231.854280,50,9.531871,1.096192
worker_3,1615,1788087231.863861,50,9.565574,1.098016
worker_3,1616,1788087231.873475,50,9.491547,1.097696
worker_3,1617,1788087231.883015,50,9.556371,1.101312
worker_3,1618,1788087231.892622,50,9.526833,1.097408
worker_3,1619,1788087231.902198,50,9.331071,1.098368
worker_3,1620,1788087231.911556,50,9.771179,1.096832
worker_3,1621,1788087231.921376,50,9.323786,1.097600
worker_3,1622,1788087231.930729,50,9.759853,1.096320
worker_3,1623,1788087231.940537,50,9.334609,1.097824
worker_3,1624,1788087231.949900,50,9.753539,1.096288
worker_3,1625,1788087231.959702,50,9.339386,1.099136
worker_3,1626,1788087231.969068,50,9.760873,1.096928
worker_3,1627,1788087231.978878,50,9.328276,1.096992
worker_3,1628,1788087231.988240,50,9.766067,1.097600
worker_3,1629,1788087231.998056,50,9.324776,1.097472
worker_3,1630,1788087232.007423,50,9.761669,1.097472
worker_3,1631,1788087232.017233,50,9.329851,1.098368
worker_3,1632,1788087232.026591,50,9.784993,1.096288
worker_3,1633,1788087232.036426,50,9.324128,1.097632
worker_3,1634,1788087232.045778,50,9.763725,1.097024
worker_3,1635,1788087232.055593,50,9.336749,1.105376
worker_3,1636,1788087232.064956,50,9.761150,1.097312
worker_3,1637,1788087232.074766,50,9.338655,1.097440
worker_3,1638,1788087232.084134,50,9.759659,1.097152
worker_3,1639,1788087232.093944,50,9.322795,1.097568
worker_3,1640,1788087232.103293,50,9.763289,1.096640
worker_3,1641,1788087232.113105,50,9.351849,1.097376
worker_3,1642,1788087232.122485,50,9.811651,1.099328
worker_3,1643,1788087232.132347,50,9.298331,1.098848
worker_3,1644,1788087232.141672,50,9.757326,1.097248
worker_3,1645,1788087232.151480,50,9.325656,1.096992
worker_3,1646,1788087232.160834,50,9.758224,1.097696
worker_3,1647,1788087232.170642,50,9.331618,1.098560
worker_3,1648,1788087232.180000,50,9.777650,1.098304
worker_3,1649,1788087232.189826,50,9.318155,1.097312
worker_3,1650,1788087232.199185,50,9.527499,1.096096
worker_3,1651,1788087232.208732,50,9.584425,1.099200
worker_3,1652,1788087232.218334,50,9.563842,1.097760
worker_3,1653,1788087232.227913,50,9.562250,1.101152
worker_3,1654,1788087232.237493,50,9.555129,1.096512
worker_3,1655,1788087232.247064,50,9.571741,1.102464
worker_3,1656,1788087232.256652,50,9.562501,1.097056
worker_3,1657,1788087232.266231,50,9.578232,1.097792
worker_3,1658,1788087232.275825,50,9.563666,1.097184
worker_3,1659,1788087232.285405,50,9.777659,1.096864
worker_3,1660,1788087232.295236,50,9.541518,1.100704
worker_3,1661,1788087232.304828,50,9.540481,1.097344
worker_3,1662,1788087232.314420,50,9.510453,1.096448
worker_3,1663,1788087232.323979,50,9.546389,1.097440
worker_3,1664,1788087232.333576,50,9.522203,1.099104
worker_3,1665,1788087232.343148,50,9.549241,1.102144
worker_3,1666,1788087232.352746,50,9.532999,1.097216
worker_3,1667,1788087232.362329,50,9.536712,1.099232
worker_3,1668,1788087232.371916,50,9.529870,1.098464
worker_3,1669,1788087232.381509,50,9.519490,1.098016
worker_3,1670,1788087232.391078,50,9.536288,1.096256
worker_3,1671,1788087232.400666,50,9.517740,1.098176
worker_3,1672,1788087232.410233,50,9.543324,1.097152
worker_3,1673,1788087232.419824,50,9.534482,1.097696
worker_3,1674,1788087232.429408,50,9.538463,1.096224
worker_3,1675,1788087232.438995,50,9.539120,1.101632
worker_3,1676,1788087232.448584,50,9.324379,1.097120
worker_3,1677,1788087232.457933,50,9.765177,1.097632
worker_3,1678,1788087232.467748,50,9.324294,1.098592
worker_3,1679,1788087232.477097,50,9.756936,1.097344
worker_3,1680,1788087232.486905,50,9.329813,1.097824
worker_3,1681,1788087232.496262,50,9.759446,1.098496
worker_3,1682,1788087232.506072,50,9.527074,1.097184
worker_3,1683,1788087232.515733,50,9.449564,1.099968
worker_3,1684,1788087232.525232,50,9.324859,1.097056
worker_3,1685,1788087232.534585,50,9.562361,1.097344
worker_3,1686,1788087232.544166,50,9.560501,1.097664
worker_3,1687,1788087232.553743,50,9.587353,1.098432
worker_3,1688,1788087232.563348,50,9.764058,1.102464
worker_3,1689,1788087232.573176,50,9.522741,1.096928
worker_3,1690,1788087232.582749,50,9.542852,1.095712
worker_3,1691,1788087232.592343,50,9.510860,1.096768
worker_3,1692,1788087232.601903,50,9.525732,1.097024
worker_3,1693,1788087232.611477,50,9.538556,1.100576
worker_3,1694,1788087232.621064,50,9.541814,1.097696
worker_3,1695,1788087232.630656,50,9.542176,1.099264
worker_3,1696,1788087232.640262,50,9.520370,1.096896
worker_3,1697,1788087232.649833,50,9.489101,1.097056
worker_3,1698,1788087232.659361,50,9.562102,1.098304
worker_3,1699,1788087232.668973,50,9.495824,1.097376
worker_3,1700,1788087232.678496,50,9.785716,1.097504
worker_3,1701,1788087232.688331,50,9.170700,1.097632
worker_3,1702,1788087232.697530,50,9.759345,1.097248
worker_3,1703,1788087232.707340,50,9.322248,1.097856
worker_3,1704,1788087232.716689,50,9.546073,1.097152
worker_3,1705,1788087232.726255,50,9.566769,1.097856
worker_3,1706,1788087232.735839,50,9.585084,1.099680
worker_3,1707,1788087232.745443,50,9.559353,1.096672
worker_3,1708,1788087232.755028,50,9.562583,1.097056
worker_3,1709,1788087232.764608,50,9.568407,1.096864
worker_3,1710,1788087232.774193,50,9.571112,1.096704
worker_3,1711,1788087232.783779,50,9.585103,1.097664
worker_3,1712,1788087232.793380,50,9.775086,1.098752
worker_3,1713,1788087232.803207,50,9.554529,1.096064
worker_3,1714,1788087232.812812,50,9.546185,1.104512
worker_3,1715,1788087232.822409,50,9.530018,1.097088
worker_3,1716,1788087232.831989,50,9.557389,1.097792
worker_3,1717,1788087232.841598,50,9.526453,1.097728
worker_3,1718,1788087232.851174,50,9.530973,1.097408
worker_3,1719,1788087232.860754,50,9.535353,1.097664
worker_3,1720,1788087232.870339,50,9.536148,1.098784
worker_3,1721,1788087232.879925,50,9.536769,1.104576
worker_3,1722,1788087232.889510,50,9.549621,1.100672
worker_3,1723,1788087232.899112,50,9.532073,1.097152
worker_3,1724,1788087232.908693,50,9.537212,1.097472
worker_3,1725,1788087232.918279,50,9.543536,1.096512
worker_3,1726,1788087232.927871,50,9.533788,1.100480
worker_3,1727,1788087232.937453,50,9.538259,1.097952
worker_3,1728,1788087232.947052,50,9.516676,1.097024
worker_3,1729,1788087232.956616,50,9.334582,1.097536
worker_3,1730,1788087232.965978,50,9.755224,1.099360
worker_3,1731,1788087232.975782,50,9.342358,1.095904
worker_3,1732,1788087232.985152,50,9.752946,1.097632
worker_3,1733,1788087232.994956,50,9.326294,1.098720
worker_3,1734,1788087233.004310,50,9.761409,1.096992
worker_3,1735,1788087233.014122,50,9.331303,1.095552
worker_3,1736,1788087233.023480,50,9.754362,1.096736
worker_3,1737,1788087233.033283,50,9.335099,1.096960
worker_3,1738,1788087233.042645,50,9.771715,1.097760
worker_3,1739,1788087233.052468,50,9.315563,1.097792
worker_3,1740,1788087233.061812,50,9.753159,1.096896
worker_3,1741,1788087233.071615,50,9.357285,1.098112
worker_3,1742,1788087233.080999,50,9.760556,1.097344
worker_3,1743,1788087233.090811,50,9.325591,1.096672
worker_3,1744,1788087233.100163,50,9.760437,1.097248
worker_3,1745,1788087233.109974,50,9.324886,1.098272
worker_3,1746,1788087233.119326,50,9.770613,1.098208
worker_3,1747,1788087233.129162,50,9.308832,1.096736
worker_3,1748,1788087233.138499,50,9.774743,1.097152
worker_3,1749,1788087233.148327,50,9.345665,1.104960
worker_3,1750,1788087233.157700,50,9.772844,1.097856
worker_3,1751,1788087233.167524,50,9.320785,1.098048
worker_3,1752,1788087233.176873,50,9.797049,1.097536
worker_3,1753,1788087233.186719,50,9.324295,1.098272
worker_3,1754,1788087233.196071,50,9.790660,1.106048
worker_3,1755,1788087233.205912,50,9.319988,1.096832
worker_3,1756,1788087233.215260,50,9.545981,1.097504
worker_3,1757,1788087233.224828,50,9.559861,1.098112
worker_3,1758,1788087233.234404,50,9.571009,1.098240
worker_3,1759,1788087233.243994,50,9.553213,1.097152
worker_3,1760,1788087233.253566,50,9.557593,1.096704
worker_3,1761,1788087233.263140,50,9.583954,1.100832
worker_3,1762,1788087233.272741,50,9.563435,1.098656
worker_3,1763,1788087233.282320,50,9.595112,1.099232
worker_3,1764,1788087233.291931,50,9.556177,1.095744
worker_3,1765,1788087233.301504,50,9.564861,1.098816
worker_3,1766,1788087233.311085,50,9.794076,1.101728
worker_3,1767,1788087233.320947,50,9.508990,1.097504
worker_3,1768,1788087233.330508,50,9.530648,1.095744
worker_3,1769,1788087233.340088,50,9.524712,1.098816
worker_3,1770,1788087233.349664,50,9.628650,1.098368
worker_3,1771,1788087233.359343,50,9.448175,1.096544
worker_3,1772,1788087233.368839,50,9.530815,1.097728
worker_3,1773,1788087233.378419,50,9.528879,1.098944
worker_3,1774,1788087233.387996,50,9.531648,1.098464
worker_3,1775,1788087233.397579,50,9.542731,1.097472
worker_3,1776,1788087233.407172,50,9.531602,1.096544
worker_3,1777,1788087233.416756,50,9.526620,1.097696
worker_3,1778,1788087233.426332,50,9.537797,1.096640
worker_3,1779,1788087233.435919,50,9.530676,1.097184
worker_3,1780,1788087233.445498,50,9.553723,1.099744
worker_3,1781,1788087233.455101,50,9.324592,1.096000
worker_3,1782,1788087233.464453,50,9.755131,1.097024
worker_3,1783,1788087233.474258,50,9.325350,1.096288
worker_3,1784,1788087233.483610,50,9.754975,1.099520
worker_3,1785,1788087233.493415,50,9.341183,1.097824
worker_3,1786,1788087233.502798,50,9.740992,1.098304
worker_3,1787,1788087233.512589,50,9.329933,1.099520
worker_3,1788,1788087233.521945,50,9.772021,1.096224
worker_3,1789,1788087233.531768,50,9.338249,1.100832
worker_3,1790,1788087233.541135,50,9.754771,1.095616
worker_3,1791,1788087233.550943,50,9.328350,1.098048
worker_3,1792,1788087233.560298,50,9.750603,1.097088
worker_3,1793,1788087233.570100,50,9.325201,1.096640
worker_3,1794,1788087233.579453,50,9.752770,1.098368
worker_3,1795,1788087233.589257,50,9.324916,1.098688
worker_3,1796,1788087233.598609,50,9.754881,1.097280
worker_3,1797,1788087233.608413,50,9.354535,1.101952
worker_3,1798,1788087233.617797,50,9.540037,1.096864
worker_3,1799,1788087233.627357,50,9.590112,1.097632
worker_3,1800,1788087233.636964,50,9.557499,1.097792
worker_3,1801,1788087233.646538,50,9.572518,1.097088
worker_3,1802,1788087233.656128,50,9.775956,1.098400
worker_3,1803,1788087233.665955,50,9.535861,1.095936
worker_3,1804,1788087233.675540,50,9.533741,1.101088
worker_3,1805,1788087233.685124,50,9.530166,1.097824
worker_3,1806,1788087233.694715,50,9.550010,1.097440
worker_3,1807,1788087233.704316,50,9.519176,1.096736
worker_3,1808,1788087233.713884,50,9.528537,1.098080
worker_3,1809,1788087233.723463,50,9.564556,1.098816
worker_3,1810,1788087233.733076,50,9.557853,1.096320
worker_3,1811,1788087233.742686,50,9.537508,1.097312
worker_3,1812,1788087233.752272,50,9.527193,1.097568
worker_3,1813,1788087233.761848,50,9.528656,1.099424
worker_3,1814,1788087233.771426,50,9.346582,1.098528
worker_3,1815,1788087233.780802,50,9.755863,1.098880
worker_3,1816,1788087233.790610,50,9.323693,1.097184
worker_3,1817,1788087233.799962,50,9.759066,1.096768
worker_3,1818,1788087233.809771,50,9.322757,1.098400
worker_3,1819,1788087233.819122,50,9.758243,1.096928
worker_3,1820,1788087233.828930,50,9.327590,1.095424
worker_3,1821,1788087233.838285,50,9.751595,1.097376
worker_3,1822,1788087233.848086,50,9.340174,1.108256
worker_3,1823,1788087233.857454,50,9.751390,1.098912
worker_3,1824,1788087233.867255,50,9.327007,1.097120
worker_3,1825,1788087233.876623,50,9.745742,1.097728
worker_3,1826,1788087233.886420,50,9.339600,1.098176
worker_3,1827,1788087233.895787,50,9.768724,1.103936
worker_3,1828,1788087233.905605,50,9.345951,1.096128
worker_3,1829,1788087233.914978,50,9.750548,1.096576
worker_3,1830,1788087233.924777,50,9.322119,1.098240
worker_3,1831,1788087233.934129,50,9.768706,1.096640
worker_3,1832,1788087233.943947,50,9.334212,1.098656
worker_3,1833,1788087233.953309,50,9.754734,1.097088
worker_3,1834,1788087233.963195,50,9.261404,1.103296
worker_3,1835,1788087233.972486,50,9.775077,1.098944
worker_3,1836,1788087233.982311,50,9.346434,1.097984
worker_3,1837,1788087233.991688,50,9.548251,1.099072
worker_3,1838,1788087234.001260,50,9.585825,1.099616
worker_3,1839,1788087234.010863,50,9.563798,1.097664
worker_3,1840,1788087234.020442,50,9.559879,1.098368
worker_3,1841,1788087234.030018,50,9.795892,1.097664
worker_3,1842,1788087234.039864,50,9.527806,1.100480
worker_3,1843,1788087234.049443,50,9.534102,1.096576
worker_3,1844,1788087234.059026,50,9.535760,1.098272
worker_3,1845,1788087234.068630,50,9.520372,1.096320
worker_3,1846,1788087234.078201,50,9.528685,1.095456
worker_3,1847,1788087234.087780,50,9.528972,1.098656
worker_3,1848,1788087234.097358,50,9.521362,1.095968
worker_3,1849,1788087234.106929,50,9.539185,1.096992
worker_3,1850,1788087234.116519,50,9.355026,1.096800
worker_3,1851,1788087234.125914,50,9.680928,1.098496
worker_3,1852,1788087234.135632,50,9.576648,1.103616
worker_3,1853,1788087234.145258,50,9.335710,1.098304
worker_3,1854,1788087234.154621,50,9.551250,1.098240
worker_3,1855,1788087234.164191,50,9.570473,1.097568
worker_3,1856,1788087234.173779,50,9.561750,1.097120
worker_3,1857,1788087234.183357,50,9.786520,1.099200
worker_3,1858,1788087234.193192,50,9.346609,1.098752
worker_3,1859,1788087234.202566,50,9.774141,1.097856
worker_3,1860,1788087234.212391,50,9.332462,1.097024
worker_3,1861,1788087234.221749,50,9.758965,1.103136
worker_3,1862,1788087234.231558,50,9.331368,1.097824
worker_3,1863,1788087234.240916,50,9.557427,1.097632
worker_3,1864,1788087234.250501,50,9.554121,1.096032
worker_3,1865,1788087234.260073,50,9.563379,1.098176
worker_3,1866,1788087234.269657,50,9.564593,1.097984
worker_3,1867,1788087234.279239,50,9.561926,1.099360
worker_3,1868,1788087234.288818,50,9.558675,1.095296
worker_3,1869,1788087234.298393,50,9.564648,1.096224
worker_3,1870,1788087234.307975,50,9.558834,1.096928
worker_3,1871,1788087234.317549,50,9.810253,1.097920
worker_3,1872,1788087234.327410,50,9.525759,1.104352
worker_3,1873,1788087234.336985,50,9.542518,1.098016
worker_3,1874,1788087234.346579,50,9.521018,1.097152
worker_3,1875,1788087234.356149,50,9.582296,1.096736
worker_3,1876,1788087234.365781,50,9.283905,1.096992
worker_3,1877,1788087234.375092,50,9.556574,1.100576
worker_3,1878,1788087234.384667,50,9.555537,1.095776
worker_3,1879,1788087234.394239,50,9.569260,1.097536
worker_3,1880,1788087234.403826,50,9.765807,1.097504
worker_3,1881,1788087234.413641,50,9.543454,1.097568
worker_3,1882,1788087234.423233,50,9.545945,1.110336
worker_3,1883,1788087234.432826,50,9.536999,1.097664
worker_3,1884,1788087234.442424,50,9.518740,1.096864
worker_3,1885,1788087234.451990,50,9.559898,1.097440
worker_3,1886,1788087234.461601,50,9.546195,1.098560
worker_3,1887,1788087234.471195,50,9.542647,1.096800
worker_3,1888,1788087234.480786,50,9.523138,1.097664
worker_3,1889,1788087234.490359,50,9.587685,1.097696
worker_3,1890,1788087234.499993,50,9.500286,1.095680
worker_3,1891,1788087234.509540,50,9.528518,1.097664
worker_3,1892,1788087234.519117,50,9.555990,1.102880
worker_3,1893,1788087234.528721,50,9.541231,1.099104
worker_3,1894,1788087234.538312,50,9.550399,1.097184
worker_3,1895,1788087234.547910,50,9.523593,1.099104
worker_3,1896,1788087234.557482,50,9.535334,1.098208
worker_3,1897,1788087234.567067,50,9.329748,1.098976
worker_3,1898,1788087234.576425,50,9.753789,1.098400
worker_3,1899,1788087234.586229,50,9.335897,1.097088
worker_3,1900,1788087234.595593,50,9.755011,1.098496
worker_3,1901,1788087234.605397,50,9.326822,1.097792
worker_3,1902,1788087234.614752,50,9.758123,1.096160
worker_3,1903,1788087234.624571,50,9.315359,1.097792
worker_3,1904,1788087234.633914,50,9.763067,1.096448
worker_3,1905,1788087234.643727,50,9.338989,1.097600
worker_3,1906,1788087234.653094,50,9.752659,1.097312
worker_3,1907,1788087234.662896,50,9.332071,1.098336
worker_3,1908,1788087234.672254,50,9.755521,1.097760
worker_3,1909,1788087234.682059,50,9.329388,1.096160
worker_3,1910,1788087234.691417,50,9.764002,1.096512
worker_3,1911,1788087234.701230,50,9.332146,1.099200
worker_3,1912,1788087234.710589,50,9.759448,1.098208
worker_3,1913,1788087234.720398,50,9.345129,1.100224
worker_3,1914,1788087234.729769,50,9.757104,1.097600
worker_3,1915,1788087234.739575,50,9.328701,1.099648
worker_3,1916,1788087234.748929,50,9.759910,1.096224
worker_3,1917,1788087234.758739,50,9.340962,1.098592
worker_3,1918,1788087234.768107,50,9.756974,1.097024
worker_3,1919,1788087234.777914,50,9.332396,1.097440
worker_3,1920,1788087234.787275,50,9.751372,1.096448
worker_3,1921,1788087234.797078,50,9.350869,1.097600
worker_3,1922,1788087234.806456,50,9.791447,1.096448
worker_3,1923,1788087234.816312,50,9.306497,1.097120
worker_3,1924,1788087234.825647,50,9.753410,1.096800
worker_3,1925,1788087234.835451,50,9.336962,1.097504
worker_3,1926,1788087234.844818,50,9.757150,1.099904
worker_3,1927,1788087234.854624,50,9.324128,1.098400
worker_3,1928,1788087234.863974,50,9.771984,1.104128
worker_3,1929,1788087234.873794,50,9.328868,1.097184
worker_3,1930,1788087234.883150,50,9.768705,1.098496
worker_3,1931,1788087234.892968,50,9.331248,1.097856
worker_3,1932,1788087234.902325,50,9.757306,1.097600
worker_3,1933,1788087234.912132,50,9.330526,1.097696
worker_3,1934,1788087234.921489,50,9.757788,1.095424
worker_3,1935,1788087234.931295,50,9.330443,1.100128
worker_3,1936,1788087234.940651,50,9.754020,1.095840
worker_3,1937,1788087234.950455,50,9.329618,1.095744
worker_3,1938,1788087234.959811,50,9.758575,1.097280
worker_3,1939,1788087234.969620,50,9.324609,1.098176
worker_3,1940,1788087234.978971,50,9.552880,1.099712
worker_3,1941,1788087234.988547,50,9.568323,1.098016
worker_3,1942,1788087234.998144,50,9.555908,1.097632
worker_3,1943,1788087235.007717,50,9.570270,1.098368
worker_3,1944,1788087235.017305,50,9.771002,1.096928
worker_3,1945,1788087235.027126,50,9.545203,1.102496
worker_3,1946,1788087235.036719,50,9.543890,1.097472
worker_3,1947,1788087235.046312,50,9.555807,1.097408
worker_3,1948,1788087235.055915,50,9.331535,1.095648
worker_3,1949,1788087235.065274,50,9.751659,1.097472
worker_3,1950,1788087235.075075,50,9.535555,1.097952
worker_3,1951,1788087235.084659,50,9.523416,1.097536
worker_3,1952,1788087235.094232,50,9.539602,1.097472
worker_3,1953,1788087235.103822,50,9.527324,1.098624
worker_3,1954,1788087235.113397,50,9.540131,1.097632
worker_3,1955,1788087235.122987,50,9.541203,1.102080
worker_3,1956,1788087235.132578,50,9.533527,1.097440
worker_3,1957,1788087235.142159,50,9.326664,1.096544
worker_3,1958,1788087235.151513,50,9.774224,1.097632
worker_3,1959,1788087235.161336,50,9.321453,1.095744
worker_3,1960,1788087235.170684,50,9.772400,1.096800
worker_3,1961,1788087235.180506,50,9.320294,1.098080
worker_3,1962,1788087235.189867,50,9.741142,1.097920
worker_3,1963,1788087235.199657,50,9.332073,1.098528
worker_3,1964,1788087235.209017,50,9.752789,1.097152
worker_3,1965,1788087235.218820,50,9.350175,1.097888
worker_3,1966,1788087235.228196,50,9.606418,1.097344
worker_3,1967,1788087235.237853,50,9.487185,1.097824
worker_3,1968,1788087235.247368,50,9.564037,1.098976
worker_3,1969,1788087235.256952,50,9.777539,1.097504
worker_3,1970,1788087235.266780,50,9.333313,1.098560
worker_3,1971,1788087235.276140,50,9.761862,1.096544
worker_3,1972,1788087235.285951,50,9.319313,1.097408
worker_3,1973,1788087235.295296,50,9.772687,1.099744
worker_3,1974,1788087235.305121,50,9.323553,1.096000
worker_3,1975,1788087235.314471,50,9.788558,1.097376
worker_3,1976,1788087235.324309,50,9.319499,1.097536
worker_3,1977,1788087235.333657,50,9.755446,1.096896
worker_3,1978,1788087235.343464,50,9.332804,1.099648
worker_3,1979,1788087235.352823,50,9.855354,1.100000
worker_3,1980,1788087235.362728,50,9.255257,1.095424
worker_3,1981,1788087235.372024,50,9.747030,1.099424
worker_3,1982,1788087235.381822,50,9.328915,1.098560
worker_3,1983,1788087235.391177,50,9.762623,1.097024
worker_3,1984,1788087235.400990,50,9.341340,1.096480
worker_3,1985,1788087235.410442,50,9.673363,1.097184
worker_3,1986,1788087235.420166,50,9.330007,1.101344
worker_3,1987,1788087235.429523,50,9.756261,1.098208
worker_3,1988,1788087235.439328,50,9.326405,1.097728
worker_3,1989,1788087235.448681,50,9.753714,1.097408
worker_3,1990,1788087235.458484,50,9.329202,1.096800
worker_3,1991,1788087235.467841,50,9.776390,1.097568
worker_3,1992,1788087235.477667,50,9.298543,1.097088
worker_3,1993,1788087235.486986,50,9.780474,1.100000
worker_3,1994,1788087235.496816,50,9.336961,1.098336
worker_3,1995,1788087235.506180,50,9.773391,1.099168
worker_3,1996,1788087235.516002,50,9.325953,1.098368
worker_3,1997,1788087235.525356,50,9.775372,1.098720
worker_3,1998,1788087235.535181,50,9.326546,1.097056
worker_3,1999,1788087235.544534,50,9.760355,1.096704
worker_3,2000,1788087235.554347,50,9.323915,1.095744
worker_3,2001,1788087235.563713,50,9.747762,1.102176
worker_3,2002,1788087235.573511,50,9.317721,1.097504
worker_3,2003,1788087235.582856,50,9.750946,1.097216
worker_3,2004,1788087235.592656,50,9.328295,1.099424
worker_3,2005,1788087235.602011,50,9.760040,1.096992
worker_3,2006,1788087235.611822,50,9.332777,1.098912
worker_3,2007,1788087235.621181,50,9.784863,1.098112
worker_3,2008,1788087235.631017,50,9.324701,1.096896
worker_3,2009,1788087235.640368,50,9.760401,1.098656
worker_3,2010,1788087235.650177,50,9.344693,1.098272
worker_3,2011,1788087235.659547,50,9.762816,1.100512
worker_3,2012,1788087235.669360,50,9.326637,1.097120
worker_3,2013,1788087235.678714,50,9.752492,1.096960
worker_3,2014,1788087235.688515,50,9.324358,1.097216
worker_3,2015,1788087235.697866,50,9.555417,1.098496
worker_3,2016,1788087235.707441,50,9.563029,1.099904
worker_3,2017,1788087235.717025,50,9.558288,1.096576
worker_3,2018,1788087235.726603,50,9.562834,1.098496
worker_3,2019,1788087235.736183,50,9.802233,1.098208
worker_3,2020,1788087235.746049,50,9.312359,1.099040
worker_3,2021,1788087235.755389,50,9.760151,1.097504
worker_3,2022,1788087235.765201,50,9.343675,1.097088
worker_3,2023,1788087235.774573,50,9.758668,1.097376
worker_3,2024,1788087235.784382,50,9.329786,1.099840
worker_3,2025,1788087235.793740,50,9.786142,1.097056
worker_3,2026,1788087235.803576,50,9.297303,1.098688
worker_3,2027,1788087235.812903,50,9.764067,1.097984
worker_3,2028,1788087235.822717,50,9.355703,1.097664
worker_3,2029,1788087235.832100,50,9.755224,1.096160
worker_3,2030,1788087235.841904,50,9.336156,1.097408
worker_3,2031,1788087235.851268,50,9.786456,1.097952
worker_3,2032,1788087235.861102,50,9.321119,1.098176
worker_3,2033,1788087235.870451,50,9.777715,1.097472
worker_3,2034,1788087235.880277,50,9.323341,1.097792
worker_3,2035,1788087235.889628,50,9.771280,1.095904
worker_3,2036,1788087235.899451,50,9.319664,1.101664
worker_3,2037,1788087235.908799,50,9.767355,1.098400
worker_3,2038,1788087235.918619,50,9.338082,1.099232
worker_3,2039,1788087235.927984,50,9.758881,1.096832
worker_3,2040,1788087235.937807,50,9.311128,1.097664
worker_3,2041,1788087235.947145,50,9.772734,1.096896
worker_3,2042,1788087235.956966,50,9.341481,1.096992
worker_3,2043,1788087235.966336,50,9.750021,1.096576
worker_3,2044,1788087235.976134,50,9.349202,1.102752
worker_3,2045,1788087235.985510,50,9.757336,1.098112
worker_3,2046,1788087235.995317,50,9.332461,1.102944
worker_3,2047,1788087236.004676,50,9.764410,1.097120
worker_3,2048,1788087236.014490,50,9.324767,1.098976
worker_3,2049,1788087236.023842,50,9.764863,1.097728
worker_3,2050,1788087236.033654,50,9.331619,1.097664
worker_3,2051,1788087236.043012,50,9.777586,1.101376
worker_3,2052,1788087236.052838,50,9.326517,1.097664
worker_3,2053,1788087236.062189,50,9.757872,1.097280
worker_3,2054,1788087236.071997,50,9.337045,1.097792
worker_3,2055,1788087236.081360,50,9.761336,1.097920
worker_3,2056,1788087236.091172,50,9.323258,1.097344
worker_3,2057,1788087236.100524,50,9.765715,1.096224
worker_3,2058,1788087236.110339,50,9.334387,1.096928
worker_3,2059,1788087236.119713,50,9.741753,1.095392
worker_3,2060,1788087236.129502,50,9.355610,1.098880
worker_3,2061,1788087236.138887,50,9.766918,1.103200
worker_3,2062,1788087236.148703,50,9.334609,1.098176
worker_3,2063,1788087236.158066,50,9.762964,1.096320
worker_3,2064,1788087236.167877,50,9.334452,1.097632
worker_3,2065,1788087236.177239,50,9.765770,1.097344
worker_3,2066,1788087236.187053,50,9.324822,1.098016
worker_3,2067,1788087236.196405,50,9.766371,1.097568
worker_3,2068,1788087236.206221,50,9.325823,1.096992
worker_3,2069,1788087236.215574,50,9.758863,1.098016
worker_3,2070,1788087236.225382,50,9.338719,1.096416
worker_3,2071,1788087236.234749,50,9.766678,1.097056
worker_3,2072,1788087236.244566,50,9.320147,1.097472
worker_3,2073,1788087236.253912,50,9.757400,1.096128
worker_3,2074,1788087236.263718,50,9.320942,1.097312
worker_3,2075,1788087236.273065,50,9.778151,1.096672
worker_3,2076,1788087236.282891,50,9.325425,1.097344
worker_3,2077,1788087236.292246,50,9.759742,1.096608
worker_3,2078,1788087236.302055,50,9.334137,1.098240
worker_3,2079,1788087236.311433,50,9.744983,1.097216
worker_3,2080,1788087236.321226,50,9.332555,1.097472
worker_3,2081,1788087236.330587,50,9.753707,1.096864
worker_3,2082,1788087236.340392,50,9.364350,1.097920
worker_3,2083,1788087236.349784,50,9.778446,1.104544
worker_3,2084,1788087236.359612,50,9.332507,1.097376
worker_3,2085,1788087236.368973,50,9.765798,1.096032
worker_3,2086,1788087236.378788,50,9.319471,1.096928
worker_3,2087,1788087236.388136,50,8.556167,1.096128
