label,batch,start_unix_s,operations,wall_ms,cuda_batch_ms
worker_8,0,1788087216.386929,50,4.408104,1.102816
worker_8,1,1788087216.391383,50,9.529176,1.098368
worker_8,2,1788087216.400941,50,9.569823,1.096256
worker_8,3,1788087216.410543,50,9.687937,1.096480
worker_8,4,1788087216.420255,50,9.570648,1.102784
worker_8,5,1788087216.429849,50,9.553370,1.096608
worker_8,6,1788087216.439421,50,9.560471,1.096608
worker_8,7,1788087216.449000,50,9.780909,1.095552
worker_8,8,1788087216.458831,50,9.504370,1.096448
worker_8,9,1788087216.468385,50,9.475480,1.096480
worker_8,10,1788087216.477921,50,9.266071,1.096960
worker_8,11,1788087216.487215,50,9.570603,1.095776
worker_8,12,1788087216.496805,50,9.555194,1.096736
worker_8,13,1788087216.506377,50,9.567194,1.098144
worker_8,14,1788087216.515960,50,9.580204,1.109152
worker_8,15,1788087216.525558,50,9.570583,1.096832
worker_8,16,1788087216.535149,50,9.572380,1.098944
worker_8,17,1788087216.544746,50,9.549055,1.098336
worker_8,18,1788087216.554317,50,9.761705,1.098496
worker_8,19,1788087216.564126,50,9.327840,1.096608
worker_8,20,1788087216.573480,50,9.542388,1.095520
worker_8,21,1788087216.583041,50,9.572148,1.109408
worker_8,22,1788087216.592630,50,9.762214,1.096256
worker_8,23,1788087216.602441,50,9.324664,1.097312
worker_8,24,1788087216.611794,50,9.551722,1.101664
worker_8,25,1788087216.621366,50,9.571907,1.096544
worker_8,26,1788087216.630962,50,9.551889,1.095776
worker_8,27,1788087216.640533,50,9.550648,1.095360
worker_8,28,1788087216.650102,50,9.576362,1.096448
worker_8,29,1788087216.659711,50,9.761881,1.101760
worker_8,30,1788087216.669520,50,9.353813,1.105408
worker_8,31,1788087216.678900,50,9.550620,1.096000
worker_8,32,1788087216.688469,50,9.777363,1.097472
worker_8,33,1788087216.698295,50,9.348989,1.098240
worker_8,34,1788087216.707668,50,9.574583,1.097472
worker_8,35,1788087216.717263,50,9.557121,1.096992
worker_8,36,1788087216.726837,50,9.582777,1.097472
worker_8,37,1788087216.736448,50,9.537917,1.096768
worker_8,38,1788087216.746005,50,9.560898,1.096832
worker_8,39,1788087216.755588,50,9.551833,1.098848
worker_8,40,1788087216.765162,50,9.556731,1.098400
worker_8,41,1788087216.774740,50,9.553694,1.096736
worker_8,42,1788087216.784311,50,9.772141,1.096416
worker_8,43,1788087216.794130,50,9.321924,1.096672
worker_8,44,1788087216.803478,50,9.569214,1.099776
worker_8,45,1788087216.813066,50,9.551203,1.096256
worker_8,46,1788087216.822634,50,9.571824,1.097088
worker_8,47,1788087216.832238,50,9.570352,1.098304
worker_8,48,1788087216.841827,50,9.553520,1.097568
worker_8,49,1788087216.851415,50,9.557482,1.099936
worker_8,50,1788087216.860994,50,9.561121,1.098144
worker_8,51,1788087216.870572,50,9.584668,1.096736
worker_8,52,1788087216.880177,50,9.769455,1.095840
worker_8,53,1788087216.889996,50,9.539769,1.096672
worker_8,54,1788087216.899586,50,9.320914,1.096128
worker_8,55,1788087216.908983,50,9.497130,1.096384
worker_8,56,1788087216.918500,50,9.567324,1.096896
worker_8,57,1788087216.928085,50,9.719844,1.095744
worker_8,58,1788087216.937823,50,9.575732,1.097696
worker_8,59,1788087216.947416,50,9.427982,1.101760
worker_8,60,1788087216.956866,50,9.695037,1.096128
worker_8,61,1788087216.966577,50,9.560259,1.098048
worker_8,62,1788087216.976153,50,9.675806,1.105312
worker_8,63,1788087216.985879,50,9.286340,1.096768
worker_8,64,1788087216.995207,50,9.538546,1.098528
worker_8,65,1788087217.004772,50,9.549898,1.096800
worker_8,66,1788087217.014342,50,9.558749,1.097056
worker_8,67,1788087217.023919,50,9.557815,1.098816
worker_8,68,1788087217.033508,50,9.544962,1.097600
worker_8,69,1788087217.043070,50,9.570593,1.107264
worker_8,70,1788087217.052658,50,9.563296,1.097344
worker_8,71,1788087217.062243,50,9.557361,1.095776
worker_8,72,1788087217.071819,50,9.572823,1.097696
worker_8,73,1788087217.081409,50,9.768632,1.098848
worker_8,74,1788087217.091225,50,9.552453,1.110240
worker_8,75,1788087217.100827,50,9.543962,1.097632
worker_8,76,1788087217.110421,50,9.321220,1.097760
worker_8,77,1788087217.119770,50,9.548991,1.100256
worker_8,78,1788087217.129339,50,9.552027,1.096928
worker_8,79,1788087217.138907,50,9.563721,1.098112
worker_8,80,1788087217.148488,50,9.582714,1.096736
worker_8,81,1788087217.158091,50,9.573065,1.098368
worker_8,82,1788087217.167682,50,9.562453,1.099776
worker_8,83,1788087217.177262,50,9.578547,1.096736
worker_8,84,1788087217.186857,50,9.561814,1.098368
worker_8,85,1788087217.196435,50,9.566138,1.098848
worker_8,86,1788087217.206016,50,9.771881,1.097792
worker_8,87,1788087217.215838,50,9.327016,1.101568
worker_8,88,1788087217.225210,50,9.529083,1.096352
worker_8,89,1788087217.234760,50,9.553528,1.096480
worker_8,90,1788087217.244331,50,9.560323,1.097632
worker_8,91,1788087217.253910,50,9.764326,1.096352
worker_8,92,1788087217.263725,50,9.534361,1.098016
worker_8,93,1788087217.273309,50,9.330175,1.099360
worker_8,94,1788087217.282664,50,9.565268,1.097760
worker_8,95,1788087217.292249,50,9.548389,1.096384
worker_8,96,1788087217.301815,50,9.571926,1.097056
worker_8,97,1788087217.311404,50,9.783048,1.099328
worker_8,98,1788087217.321234,50,9.334109,1.096544
worker_8,99,1788087217.330593,50,9.576324,1.096320
worker_8,100,1788087217.340190,50,9.575055,1.097120
worker_8,101,1788087217.349783,50,9.876466,1.096480
worker_8,102,1788087217.359708,50,9.259627,1.100704
worker_8,103,1788087217.369018,50,9.692223,1.096736
worker_8,104,1788087217.378759,50,9.544787,1.096576
worker_8,105,1788087217.388352,50,9.540981,1.098272
worker_8,106,1788087217.397940,50,9.521740,1.099680
worker_8,107,1788087217.407521,50,9.314888,1.098880
worker_8,108,1788087217.416865,50,9.573537,1.098336
worker_8,109,1788087217.426458,50,9.792808,1.096512
worker_8,110,1788087217.436298,50,9.310230,1.096736
worker_8,111,1788087217.445634,50,9.548963,1.096416
worker_8,112,1788087217.455202,50,9.782270,1.096992
worker_8,113,1788087217.465031,50,9.541788,1.100448
worker_8,114,1788087217.474619,50,9.529037,1.097184
worker_8,115,1788087217.484196,50,9.357739,1.106144
worker_8,116,1788087217.493581,50,9.528798,1.096352
worker_8,117,1788087217.503131,50,9.557157,1.096736
worker_8,118,1788087217.512705,50,9.563676,1.098144
worker_8,119,1788087217.522286,50,9.779067,1.097408
worker_8,120,1788087217.532113,50,9.532129,1.097408
worker_8,121,1788087217.541694,50,9.326776,1.095744
worker_8,122,1788087217.551046,50,9.555973,1.099200
worker_8,123,1788087217.560621,50,9.772178,1.097664
worker_8,124,1788087217.570440,50,9.342692,1.096992
worker_8,125,1788087217.579808,50,9.774391,1.098144
worker_8,126,1788087217.589631,50,9.323767,1.096032
worker_8,127,1788087217.598994,50,9.772725,1.102784
worker_8,128,1788087217.608818,50,9.303952,1.096288
worker_8,129,1788087217.618150,50,9.758279,1.096864
worker_8,130,1788087217.627957,50,9.530824,1.098688
worker_8,131,1788087217.637535,50,9.543462,1.095456
worker_8,132,1788087217.647126,50,9.528509,1.095392
worker_8,133,1788087217.656702,50,9.542343,1.096192
worker_8,134,1788087217.666291,50,9.328618,1.096800
worker_8,135,1788087217.675644,50,9.772650,1.100096
worker_8,136,1788087217.685503,50,9.279627,1.096832
worker_8,137,1788087217.694809,50,9.770733,1.097952
worker_8,138,1788087217.704628,50,9.527046,1.095904
worker_8,139,1788087217.714204,50,9.330220,1.096128
worker_8,140,1788087217.723557,50,9.780771,1.098272
worker_8,141,1788087217.733386,50,9.315831,1.096512
worker_8,142,1788087217.742727,50,9.788752,1.098240
worker_8,143,1788087217.752565,50,9.512463,1.096928
worker_8,144,1788087217.762125,50,9.366367,1.096864
worker_8,145,1788087217.771538,50,9.476203,1.097536
worker_8,146,1788087217.781052,50,9.542464,1.097600
worker_8,147,1788087217.790614,50,9.776659,1.096192
worker_8,148,1788087217.800443,50,9.336415,1.104640
worker_8,149,1788087217.809806,50,9.759344,1.097440
worker_8,150,1788087217.819613,50,9.329480,1.097344
worker_8,151,1788087217.828968,50,9.772557,1.096160
worker_8,152,1788087217.838789,50,9.535481,1.097728
worker_8,153,1788087217.848373,50,9.321295,1.096000
worker_8,154,1788087217.857720,50,9.546518,1.097216
worker_8,155,1788087217.867288,50,9.778112,1.100768
worker_8,156,1788087217.877201,50,9.234812,1.097600
worker_8,157,1788087217.886465,50,9.781762,1.097824
worker_8,158,1788087217.896297,50,9.549332,1.113504
worker_8,159,1788087217.905893,50,9.536786,1.095776
worker_8,160,1788087217.915477,50,9.325794,1.097216
worker_8,161,1788087217.924828,50,9.556101,1.098400
worker_8,162,1788087217.934402,50,9.772585,1.096896
worker_8,163,1788087217.944237,50,9.515712,1.097824
worker_8,164,1788087217.953801,50,9.325897,1.095360
worker_8,165,1788087217.963153,50,9.572416,1.097472
worker_8,166,1788087217.972756,50,9.772762,1.097216
worker_8,167,1788087217.982576,50,9.524008,1.096512
worker_8,168,1788087217.992148,50,9.542388,1.097248
worker_8,169,1788087218.001738,50,9.535814,1.096480
worker_8,170,1788087218.011320,50,9.350684,1.099296
worker_8,171,1788087218.020702,50,9.669029,1.096864
worker_8,172,1788087218.030393,50,9.782752,1.097088
worker_8,173,1788087218.040238,50,9.328896,1.096288
worker_8,174,1788087218.049593,50,9.584112,1.097504
worker_8,175,1788087218.059211,50,9.533620,1.098112
worker_8,176,1788087218.068764,50,9.444935,1.098016
worker_8,177,1788087218.078228,50,9.751548,1.095808
worker_8,178,1788087218.088027,50,9.681502,1.099008
worker_8,179,1788087218.097758,50,9.412758,1.097216
worker_8,180,1788087218.107218,50,9.343247,1.096576
worker_8,181,1788087218.116611,50,9.475666,1.096736
worker_8,182,1788087218.126114,50,9.762253,1.097120
worker_8,183,1788087218.135927,50,9.339387,1.097056
worker_8,184,1788087218.145293,50,9.690658,1.097792
worker_8,185,1788087218.155048,50,9.400286,1.103808
worker_8,186,1788087218.164475,50,9.764427,1.097280
worker_8,187,1788087218.174288,50,9.352416,1.096864
worker_8,188,1788087218.183667,50,9.552249,1.101280
worker_8,189,1788087218.193238,50,9.799790,1.096384
worker_8,190,1788087218.203085,50,9.323211,1.097728
worker_8,191,1788087218.212433,50,9.556796,1.098144
worker_8,192,1788087218.222008,50,9.775605,1.096608
worker_8,193,1788087218.231830,50,9.329118,1.098624
worker_8,194,1788087218.241185,50,9.563315,1.096544
worker_8,195,1788087218.250775,50,9.546214,1.096224
worker_8,196,1788087218.260343,50,9.551796,1.096640
worker_8,197,1788087218.269912,50,9.557787,1.095776
worker_8,198,1788087218.279489,50,9.570983,1.099456
worker_8,199,1788087218.289077,50,9.770687,1.095936
worker_8,200,1788087218.298894,50,9.536824,1.097536
worker_8,201,1788087218.308479,50,9.570186,1.097248
worker_8,202,1788087218.318097,50,9.499806,1.096480
worker_8,203,1788087218.327644,50,9.333008,1.099712
worker_8,204,1788087218.337002,50,9.760946,1.098528
worker_8,205,1788087218.346825,50,9.574000,1.099232
worker_8,206,1788087218.356446,50,9.680853,1.096928
worker_8,207,1788087218.366174,50,9.313795,1.096800
worker_8,208,1788087218.375536,50,9.345905,1.097344
worker_8,209,1788087218.384909,50,9.562314,1.096256
worker_8,210,1788087218.394492,50,9.556352,1.096640
worker_8,211,1788087218.404066,50,9.592852,1.097920
worker_8,212,1788087218.413676,50,9.773326,1.097472
worker_8,213,1788087218.423496,50,9.533286,1.096608
worker_8,214,1788087218.433077,50,9.532453,1.097952
worker_8,215,1788087218.442657,50,9.333118,1.096160
worker_8,216,1788087218.452015,50,9.761326,1.095808
worker_8,217,1788087218.461823,50,9.334896,1.096576
worker_8,218,1788087218.471183,50,9.754816,1.098272
worker_8,219,1788087218.480984,50,9.527407,1.095840
worker_8,220,1788087218.490561,50,9.525499,1.096544
worker_8,221,1788087218.500133,50,9.335711,1.096736
worker_8,222,1788087218.509494,50,9.546592,1.098080
worker_8,223,1788087218.519058,50,9.588194,1.105312
worker_8,224,1788087218.528677,50,9.549897,1.098080
worker_8,225,1788087218.538245,50,9.576482,1.098816
worker_8,226,1788087218.547844,50,9.755576,1.096288
worker_8,227,1788087218.557647,50,9.327682,1.097376
worker_8,228,1788087218.567000,50,9.768030,1.098976
worker_8,229,1788087218.576817,50,9.531870,1.097152
worker_8,230,1788087218.586396,50,9.536601,1.097792
worker_8,231,1788087218.595978,50,9.540546,1.096768
worker_8,232,1788087218.605570,50,9.550250,1.098528
worker_8,233,1788087218.615169,50,9.409406,1.097024
worker_8,234,1788087218.624627,50,9.476730,1.097472
worker_8,235,1788087218.634130,50,9.546195,1.098080
worker_8,236,1788087218.643695,50,9.798603,1.096512
worker_8,237,1788087218.653541,50,9.308452,1.095808
worker_8,238,1788087218.662875,50,9.706326,1.097824
worker_8,239,1788087218.672601,50,9.789354,1.096320
worker_8,240,1788087218.682439,50,9.323405,1.097248
worker_8,241,1788087218.691791,50,9.541694,1.097696
worker_8,242,1788087218.701355,50,9.756494,1.098656
worker_8,243,1788087218.711159,50,9.250524,1.096544
worker_8,244,1788087218.720451,50,9.503629,1.097408
worker_8,245,1788087218.729974,50,9.545889,1.098400
worker_8,246,1788087218.739536,50,9.631806,1.097312
worker_8,247,1788087218.749217,50,9.467675,1.096864
worker_8,248,1788087218.758715,50,9.549157,1.097152
worker_8,249,1788087218.768282,50,9.557611,1.095744
worker_8,250,1788087218.777857,50,9.554751,1.096576
worker_8,251,1788087218.787430,50,9.779946,1.096800
worker_8,252,1788087218.797260,50,9.486961,1.096192
worker_8,253,1788087218.806773,50,9.554593,1.097344
worker_8,254,1788087218.816347,50,9.562157,1.097280
worker_8,255,1788087218.825926,50,9.489110,1.098016
worker_8,256,1788087218.835433,50,9.703484,1.096928
worker_8,257,1788087218.845183,50,9.334471,1.096960
worker_8,258,1788087218.854544,50,9.550407,1.096800
worker_8,259,1788087218.864113,50,9.627798,1.103328
worker_8,260,1788087218.873790,50,9.477018,1.096832
worker_8,261,1788087218.883293,50,9.757520,1.098784
worker_8,262,1788087218.893099,50,9.535962,1.097568
worker_8,263,1788087218.902695,50,9.300729,1.096480
worker_8,264,1788087218.912026,50,9.767122,1.097408
worker_8,265,1788087218.921840,50,9.477416,1.096544
worker_8,266,1788087218.931342,50,9.670094,1.096704
worker_8,267,1788087218.941061,50,9.275155,1.096800
worker_8,268,1788087218.950363,50,9.756696,1.097696
worker_8,269,1788087218.960168,50,9.529259,1.100768
worker_8,270,1788087218.969745,50,9.334518,1.097024
worker_8,271,1788087218.979104,50,9.560759,1.106976
worker_8,272,1788087218.988683,50,9.772595,1.097664
worker_8,273,1788087218.998502,50,9.320452,1.096864
worker_8,274,1788087219.007849,50,9.553166,1.097184
worker_8,275,1788087219.017420,50,9.574871,1.100320
worker_8,276,1788087219.027012,50,9.769983,1.096896
worker_8,277,1788087219.036829,50,9.359833,1.096672
worker_8,278,1788087219.046214,50,9.554964,1.096544
worker_8,279,1788087219.055794,50,9.564852,1.098336
worker_8,280,1788087219.065378,50,9.567259,1.097728
worker_8,281,1788087219.074970,50,9.549278,1.096000
worker_8,282,1788087219.084543,50,9.557880,1.097184
worker_8,283,1788087219.094132,50,9.549416,1.096672
worker_8,284,1788087219.103702,50,9.779290,1.099232
worker_8,285,1788087219.113530,50,9.376027,1.096928
worker_8,286,1788087219.122956,50,9.691835,1.096544
worker_8,287,1788087219.132695,50,9.529888,1.097792
worker_8,288,1788087219.142273,50,9.530611,1.096992
worker_8,289,1788087219.151851,50,9.535296,1.097472
worker_8,290,1788087219.161434,50,9.537953,1.097248
worker_8,291,1788087219.171020,50,9.481139,1.096768
worker_8,292,1788087219.180526,50,9.762325,1.096192
worker_8,293,1788087219.190336,50,9.525601,1.097600
worker_8,294,1788087219.199908,50,9.332674,1.095680
worker_8,295,1788087219.209269,50,9.470470,1.096608
worker_8,296,1788087219.218760,50,9.858503,1.097760
worker_8,297,1788087219.228666,50,9.269785,1.096320
worker_8,298,1788087219.237962,50,9.739779,1.097024
worker_8,299,1788087219.247750,50,9.319341,1.098592
worker_8,300,1788087219.257120,50,9.677241,1.096064
worker_8,301,1788087219.266843,50,9.346627,1.096512
worker_8,302,1788087219.276234,50,9.540565,1.100512
worker_8,303,1788087219.285794,50,9.558250,1.096608
worker_8,304,1788087219.295372,50,9.767289,1.096000
worker_8,305,1788087219.305187,50,9.333869,1.097216
worker_8,306,1788087219.314546,50,9.776585,1.096352
worker_8,307,1788087219.324371,50,9.324693,1.096320
worker_8,308,1788087219.333720,50,9.767427,1.098048
worker_8,309,1788087219.343536,50,9.531823,1.095008
worker_8,310,1788087219.353190,50,9.625843,1.096864
worker_8,311,1788087219.362864,50,9.365693,1.098240
worker_8,312,1788087219.372255,50,9.752464,1.096320
worker_8,313,1788087219.382056,50,9.382618,1.096512
worker_8,314,1788087219.391487,50,9.555648,1.097952
worker_8,315,1788087219.401090,50,9.355702,1.097088
worker_8,316,1788087219.410471,50,9.770955,1.095712
worker_8,317,1788087219.420290,50,9.313840,1.096736
worker_8,318,1788087219.429630,50,9.753927,1.097632
worker_8,319,1788087219.439431,50,9.569889,1.096736
worker_8,320,1788087219.449049,50,9.530082,1.101408
worker_8,321,1788087219.458626,50,9.536194,1.096608
worker_8,322,1788087219.468237,50,9.640991,1.097824
worker_8,323,1788087219.477925,50,9.347359,1.097792
worker_8,324,1788087219.487297,50,9.781751,1.098720
worker_8,325,1788087219.497126,50,9.188172,1.098784
worker_8,326,1788087219.506339,50,9.909095,1.098080
worker_8,327,1788087219.516297,50,9.170950,1.096256
worker_8,328,1788087219.525496,50,9.550592,1.097088
worker_8,329,1788087219.535066,50,9.779131,1.097472
worker_8,330,1788087219.544894,50,9.325617,1.096736
worker_8,331,1788087219.554245,50,9.753973,1.096608
worker_8,332,1788087219.564048,50,9.492416,1.097280
worker_8,333,1788087219.573577,50,9.771094,1.097088
worker_8,334,1788087219.583397,50,9.150015,1.095648
worker_8,335,1788087219.592572,50,9.763862,1.096384
worker_8,336,1788087219.602385,50,9.527657,1.097920
worker_8,337,1788087219.611961,50,9.341091,1.096384
worker_8,338,1788087219.621328,50,9.755427,1.097152
worker_8,339,1788087219.631132,50,9.561147,1.097760
worker_8,340,1788087219.640742,50,9.371785,1.095392
worker_8,341,1788087219.650177,50,9.485906,1.097888
worker_8,342,1788087219.659690,50,9.762084,1.098496
worker_8,343,1788087219.669501,50,9.341377,1.096544
worker_8,344,1788087219.678869,50,9.554936,1.096256
worker_8,345,1788087219.688444,50,9.769363,1.096480
worker_8,346,1788087219.698261,50,9.525815,1.096512
worker_8,347,1788087219.707835,50,9.631519,1.100000
worker_8,348,1788087219.717516,50,9.381036,1.097920
worker_8,349,1788087219.726922,50,9.691899,1.100128
worker_8,350,1788087219.736663,50,9.611612,1.096544
worker_8,351,1788087219.746323,50,9.306230,1.097344
worker_8,352,1788087219.755658,50,9.510158,1.097792
worker_8,353,1788087219.765190,50,9.782456,1.095840
worker_8,354,1788087219.775019,50,9.245192,1.096416
worker_8,355,1788087219.784292,50,9.767937,1.096672
worker_8,356,1788087219.794108,50,9.520712,1.096576
worker_8,357,1788087219.803676,50,9.545196,1.098592
worker_8,358,1788087219.813270,50,9.333184,1.098400
worker_8,359,1788087219.822629,50,9.868632,1.097344
worker_8,360,1788087219.832547,50,9.584001,1.099168
worker_8,361,1788087219.842192,50,9.383970,1.096352
worker_8,362,1788087219.851624,50,9.581444,1.099744
worker_8,363,1788087219.861252,50,9.596158,1.096192
worker_8,364,1788087219.870896,50,9.350590,1.096608
worker_8,365,1788087219.880273,50,9.802678,1.097600
worker_8,366,1788087219.890123,50,9.526278,1.096928
worker_8,367,1788087219.899698,50,9.405018,1.100544
worker_8,368,1788087219.909152,50,9.503204,1.097632
worker_8,369,1788087219.918703,50,9.571196,1.096320
worker_8,370,1788087219.928322,50,9.313201,1.097408
worker_8,371,1788087219.937661,50,9.768122,1.097280
worker_8,372,1788087219.947478,50,9.507861,1.101920
worker_8,373,1788087219.957011,50,9.659890,1.096096
worker_8,374,1788087219.966719,50,9.643667,1.095360
worker_8,375,1788087219.976411,50,9.350054,1.097856
worker_8,376,1788087219.985787,50,9.751890,1.096384
worker_8,377,1788087219.995639,50,9.292535,1.096864
worker_8,378,1788087220.004957,50,9.619937,1.098464
worker_8,379,1788087220.014625,50,9.675955,1.095552
worker_8,380,1788087220.024360,50,9.438962,1.096608
worker_8,381,1788087220.033847,50,9.270349,1.098720
worker_8,382,1788087220.043145,50,9.540352,1.096384
worker_8,383,1788087220.052707,50,9.556805,1.096800
worker_8,384,1788087220.062283,50,9.555361,1.096576
worker_8,385,1788087220.071856,50,9.562954,1.097888
worker_8,386,1788087220.081437,50,9.776651,1.096512
worker_8,387,1788087220.091263,50,9.324386,1.099456
worker_8,388,1788087220.100613,50,9.547194,1.097376
worker_8,389,1788087220.110179,50,9.558761,1.097792
worker_8,390,1788087220.119755,50,9.782242,1.095776
worker_8,391,1788087220.129586,50,9.530787,1.098560
worker_8,392,1788087220.139164,50,9.539333,1.097408
worker_8,393,1788087220.148754,50,9.527286,1.095904
worker_8,394,1788087220.158330,50,9.380907,1.095904
worker_8,395,1788087220.167761,50,9.494518,1.096512
worker_8,396,1788087220.177283,50,9.752233,1.096448
worker_8,397,1788087220.187084,50,9.329497,1.098880
worker_8,398,1788087220.196440,50,9.551279,1.096224
worker_8,399,1788087220.206011,50,9.776021,1.096640
worker_8,400,1788087220.215848,50,9.534842,1.096704
worker_8,401,1788087220.225431,50,9.311692,1.097152
worker_8,402,1788087220.234772,50,9.547398,1.099264
worker_8,403,1788087220.244339,50,9.786344,1.096672
worker_8,404,1788087220.254172,50,9.348276,1.098432
worker_8,405,1788087220.263546,50,9.552047,1.099296
worker_8,406,1788087220.273117,50,9.768567,1.096704
worker_8,407,1788087220.282933,50,9.379545,1.097568
worker_8,408,1788087220.292363,50,9.475231,1.096672
worker_8,409,1788087220.301864,50,9.548241,1.096416
worker_8,410,1788087220.311431,50,9.769152,1.095776
worker_8,411,1788087220.321247,50,9.536065,1.097440
worker_8,412,1788087220.330830,50,9.530009,1.095776
worker_8,413,1788087220.340409,50,9.543148,1.100064
worker_8,414,1788087220.350000,50,9.660983,1.096928
worker_8,415,1788087220.359708,50,9.204664,1.095232
worker_8,416,1788087220.368940,50,9.775567,1.097600
worker_8,417,1788087220.378764,50,9.475880,1.097472
worker_8,418,1788087220.388267,50,9.634269,1.099936
worker_8,419,1788087220.397964,50,9.491009,1.095936
worker_8,420,1788087220.407502,50,9.418175,1.096576
worker_8,421,1788087220.416970,50,9.477426,1.097568
worker_8,422,1788087220.426474,50,9.564788,1.096960
worker_8,423,1788087220.436058,50,9.776447,1.095424
worker_8,424,1788087220.445882,50,9.537270,1.096672
worker_8,425,1788087220.455466,50,9.542945,1.098496
worker_8,426,1788087220.465056,50,9.533268,1.097472
worker_8,427,1788087220.474636,50,9.335000,1.097760
worker_8,428,1788087220.483997,50,9.754975,1.097824
worker_8,429,1788087220.493800,50,9.545288,1.097248
worker_8,430,1788087220.503391,50,9.324564,1.100224
worker_8,431,1788087220.512741,50,9.771752,1.095616
worker_8,432,1788087220.522561,50,9.308740,1.096160
worker_8,433,1788087220.531894,50,9.600019,1.098336
worker_8,434,1788087220.541543,50,9.679306,1.097760
worker_8,435,1788087220.551272,50,9.327257,1.096224
worker_8,436,1788087220.560623,50,9.760446,1.097536
worker_8,437,1788087220.570431,50,9.557907,1.097056
worker_8,438,1788087220.580038,50,9.524196,1.102016
worker_8,439,1788087220.589622,50,9.528908,1.096512
worker_8,440,1788087220.599199,50,9.503768,1.096032
worker_8,441,1788087220.608751,50,9.349332,1.096160
worker_8,442,1788087220.618125,50,9.779326,1.096864
worker_8,443,1788087220.627952,50,9.337202,1.100096
worker_8,444,1788087220.637315,50,9.761937,1.096480
worker_8,445,1788087220.647125,50,9.545092,1.102240
worker_8,446,1788087220.656717,50,9.377758,1.097568
worker_8,447,1788087220.666145,50,9.478999,1.096416
worker_8,448,1788087220.675650,50,9.766280,1.099712
worker_8,449,1788087220.685465,50,9.536398,1.097856
worker_8,450,1788087220.695048,50,9.326498,1.097024
worker_8,451,1788087220.704399,50,9.767817,1.096832
worker_8,452,1788087220.714215,50,9.337794,1.098016
worker_8,453,1788087220.723576,50,9.798466,1.102464
worker_8,454,1788087220.733424,50,9.509962,1.098368
worker_8,455,1788087220.742982,50,9.540148,1.097088
worker_8,456,1788087220.752571,50,9.522786,1.096640
worker_8,457,1788087220.762144,50,9.322971,1.096320
worker_8,458,1788087220.771508,50,9.753408,1.100256
worker_8,459,1788087220.781309,50,9.524305,1.097216
worker_8,460,1788087220.790880,50,9.539537,1.096640
worker_8,461,1788087220.800469,50,9.339118,1.097248
worker_8,462,1788087220.809835,50,9.546639,1.096832
worker_8,463,1788087220.819400,50,9.776724,1.095840
worker_8,464,1788087220.829304,50,9.452221,1.097248
worker_8,465,1788087220.838804,50,9.480518,1.097632
worker_8,466,1788087220.848312,50,9.802391,1.100064
worker_8,467,1788087220.858162,50,9.412989,1.097376
worker_8,468,1788087220.867623,50,9.630288,1.098976
worker_8,469,1788087220.877301,50,9.406638,1.095680
worker_8,470,1788087220.886754,50,9.535889,1.096416
worker_8,471,1788087220.896337,50,9.351682,1.096608
worker_8,472,1788087220.905715,50,9.603231,1.095840
worker_8,473,1788087220.915368,50,9.658815,1.095808
worker_8,474,1788087220.925076,50,9.577861,1.096352
worker_8,475,1788087220.934700,50,9.329656,1.095872
worker_8,476,1788087220.944055,50,9.548055,1.095776
worker_8,477,1788087220.953621,50,9.777864,1.096256
worker_8,478,1788087220.963460,50,9.313072,1.100448
worker_8,479,1788087220.972800,50,9.757762,1.097664
worker_8,480,1788087220.982607,50,9.332183,1.096128
worker_8,481,1788087220.991964,50,9.760233,1.096320
worker_8,482,1788087221.001772,50,9.531777,1.096448
worker_8,483,1788087221.011351,50,9.534564,1.098976
worker_8,484,1788087221.020932,50,9.341118,1.097664
worker_8,485,1788087221.030300,50,9.622241,1.096896
worker_8,486,1788087221.039972,50,9.680815,1.095872
worker_8,487,1788087221.049700,50,9.330729,1.098176
worker_8,488,1788087221.059059,50,9.550703,1.096544
worker_8,489,1788087221.068630,50,9.569565,1.095968
worker_8,490,1788087221.078217,50,9.554156,1.095904
worker_8,491,1788087221.087788,50,9.574639,1.105632
worker_8,492,1788087221.097379,50,9.583982,1.096064
worker_8,493,1788087221.106984,50,9.563490,1.097792
worker_8,494,1788087221.116566,50,9.569944,1.097760
worker_8,495,1788087221.126154,50,9.577740,1.096704
worker_8,496,1788087221.135751,50,9.565073,1.099296
worker_8,497,1788087221.145341,50,9.770808,1.096512
worker_8,498,1788087221.155159,50,9.386581,1.097664
worker_8,499,1788087221.164596,50,9.668936,1.096384
worker_8,500,1788087221.174314,50,9.334071,1.097280
worker_8,501,1788087221.183675,50,9.577258,1.097152
worker_8,502,1788087221.193273,50,9.774159,1.097824
worker_8,503,1788087221.203096,50,9.546777,1.101248
worker_8,504,1788087221.212692,50,9.325265,1.096384
worker_8,505,1788087221.222044,50,9.560417,1.096160
worker_8,506,1788087221.231624,50,9.792196,1.097856
worker_8,507,1788087221.241466,50,9.320423,1.098208
worker_8,508,1788087221.250812,50,9.551861,1.098816
worker_8,509,1788087221.260385,50,9.561323,1.098528
worker_8,510,1788087221.269964,50,9.575834,1.098080
worker_8,511,1788087221.279556,50,9.561064,1.096480
worker_8,512,1788087221.289135,50,9.559185,1.098528
worker_8,513,1788087221.298712,50,9.776483,1.098144
worker_8,514,1788087221.308537,50,9.329377,1.097472
worker_8,515,1788087221.317893,50,9.546759,1.096768
worker_8,516,1788087221.327462,50,9.561731,1.096224
worker_8,517,1788087221.337050,50,9.760030,1.096928
worker_8,518,1788087221.346859,50,9.329914,1.098272
worker_8,519,1788087221.356222,50,9.768307,1.098016
worker_8,520,1788087221.366039,50,9.329322,1.097248
worker_8,521,1788087221.375396,50,9.769372,1.098624
worker_8,522,1788087221.385215,50,9.338498,1.096896
worker_8,523,1788087221.394579,50,9.768242,1.097632
worker_8,524,1788087221.404397,50,9.373877,1.097408
worker_8,525,1788087221.413819,50,9.684010,1.096896
worker_8,526,1788087221.423552,50,9.540240,1.100096
worker_8,527,1788087221.433138,50,9.542295,1.096480
worker_8,528,1788087221.442731,50,9.343924,1.097088
worker_8,529,1788087221.452100,50,9.661269,1.097984
worker_8,530,1788087221.461811,50,9.621871,1.096224
worker_8,531,1788087221.471480,50,9.554796,1.098464
worker_8,532,1788087221.481083,50,9.333673,1.097472
worker_8,533,1788087221.490440,50,9.764567,1.097088
worker_8,534,1788087221.500268,50,9.310757,1.095488
worker_8,535,1788087221.509604,50,9.620177,1.096896
worker_8,536,1788087221.519288,50,9.461981,1.097760
worker_8,537,1788087221.528776,50,9.539602,1.096288
worker_8,538,1788087221.538335,50,9.565473,1.095872
worker_8,539,1788087221.547919,50,9.811363,1.099232
worker_8,540,1788087221.557783,50,9.285822,1.096960
worker_8,541,1788087221.567096,50,9.759577,1.098272
worker_8,542,1788087221.576905,50,9.317905,1.095168
worker_8,543,1788087221.586248,50,9.913577,1.097120
worker_8,544,1788087221.596225,50,9.267572,1.099360
worker_8,545,1788087221.605522,50,9.799576,1.096512
worker_8,546,1788087221.615370,50,9.552389,1.106048
worker_8,547,1788087221.624971,50,9.464323,1.097696
worker_8,548,1788087221.634482,50,9.260313,1.096288
worker_8,549,1788087221.643768,50,9.806391,1.098976
worker_8,550,1788087221.653625,50,9.276692,1.096512
worker_8,551,1788087221.662928,50,9.777604,1.099456
worker_8,552,1788087221.672754,50,9.525611,1.095456
worker_8,553,1788087221.682327,50,9.522824,1.096352
worker_8,554,1788087221.691897,50,9.567353,1.096192
worker_8,555,1788087221.701510,50,9.308239,1.096800
worker_8,556,1788087221.710859,50,9.761030,1.099968
worker_8,557,1788087221.720666,50,9.331739,1.096544
worker_8,558,1788087221.730023,50,9.554833,1.097664
worker_8,559,1788087221.739597,50,9.769409,1.098720
worker_8,560,1788087221.749414,50,9.336109,1.098816
worker_8,561,1788087221.758776,50,9.541149,1.096384
worker_8,562,1788087221.768335,50,9.568121,1.098272
worker_8,563,1788087221.777919,50,9.583362,1.096000
worker_8,564,1788087221.787520,50,9.587186,1.097984
worker_8,565,1788087221.797125,50,9.786447,1.096224
worker_8,566,1788087221.806961,50,9.523555,1.095424
worker_8,567,1788087221.816532,50,9.528583,1.097408
worker_8,568,1788087221.826109,50,9.316109,1.096128
worker_8,569,1788087221.835450,50,9.805901,1.096416
worker_8,570,1788087221.845307,50,9.283359,1.097600
worker_8,571,1788087221.854619,50,9.755391,1.096288
worker_8,572,1788087221.864425,50,9.547296,1.097664
worker_8,573,1788087221.874021,50,9.392581,1.098464
worker_8,574,1788087221.883464,50,9.726104,1.098720
worker_8,575,1788087221.893250,50,9.269507,1.096800
worker_8,576,1788087221.902545,50,9.755252,1.096992
worker_8,577,1788087221.912350,50,9.362425,1.110368
worker_8,578,1788087221.921738,50,9.548981,1.096288
worker_8,579,1788087221.931306,50,9.557416,1.098976
worker_8,580,1788087221.940882,50,9.577723,1.097216
worker_8,581,1788087221.950479,50,9.583788,1.096160
worker_8,582,1788087221.960081,50,9.569575,1.096416
worker_8,583,1788087221.969676,50,9.746927,1.098176
worker_8,584,1788087221.979470,50,9.541018,1.099936
worker_8,585,1788087221.989060,50,9.531499,1.099200
worker_8,586,1788087221.998640,50,9.533843,1.098784
worker_8,587,1788087222.008232,50,9.337285,1.105408
worker_8,588,1788087222.017596,50,9.541759,1.096448
worker_8,589,1788087222.027157,50,9.776687,1.099264
worker_8,590,1788087222.036981,50,9.532555,1.096384
worker_8,591,1788087222.046561,50,9.531935,1.096416
worker_8,592,1788087222.056142,50,9.323424,1.096608
worker_8,593,1788087222.065494,50,9.764177,1.096512
worker_8,594,1788087222.075306,50,9.328758,1.098240
worker_8,595,1788087222.084675,50,9.536731,1.097120
worker_8,596,1788087222.094231,50,9.559852,1.098240
worker_8,597,1788087222.103807,50,9.575027,1.097696
worker_8,598,1788087222.113399,50,9.815373,1.096512
worker_8,599,1788087222.123262,50,9.319767,1.098496
worker_8,600,1788087222.132607,50,9.552130,1.097664
worker_8,601,1788087222.142180,50,9.557028,1.098496
worker_8,602,1788087222.151756,50,9.571473,1.095936
worker_8,603,1788087222.161345,50,9.563278,1.096704
worker_8,604,1788087222.170926,50,9.776568,1.099840
worker_8,605,1788087222.180748,50,9.545157,1.096608
worker_8,606,1788087222.190341,50,9.533759,1.097376
worker_8,607,1788087222.199923,50,9.549954,1.097760
worker_8,608,1788087222.209521,50,9.326202,1.096736
worker_8,609,1788087222.218873,50,9.771725,1.099424
worker_8,610,1788087222.228693,50,9.332211,1.095744
worker_8,611,1788087222.238051,50,9.762299,1.096480
worker_8,612,1788087222.247863,50,9.539500,1.096896
worker_8,613,1788087222.257449,50,9.537500,1.097856
worker_8,614,1788087222.267046,50,9.557714,1.096896
worker_8,615,1788087222.276653,50,9.297082,1.096608
worker_8,616,1788087222.285976,50,9.775105,1.097952
worker_8,617,1788087222.295798,50,9.330146,1.098848
worker_8,618,1788087222.305227,50,9.494453,1.097216
worker_8,619,1788087222.314746,50,9.555492,1.097376
worker_8,620,1788087222.324320,50,9.565482,1.096800
worker_8,621,1788087222.333903,50,9.776798,1.096096
worker_8,622,1788087222.343727,50,9.336081,1.097792
worker_8,623,1788087222.353089,50,9.549538,1.096640
worker_8,624,1788087222.362658,50,9.776623,1.096608
worker_8,625,1788087222.372482,50,9.519963,1.096896
worker_8,626,1788087222.382051,50,9.546879,1.096384
worker_8,627,1788087222.391645,50,9.339238,1.100512
worker_8,628,1788087222.401009,50,9.609816,1.096224
worker_8,629,1788087222.410671,50,9.471389,1.096320
worker_8,630,1788087222.420168,50,9.789011,1.099040
worker_8,631,1788087222.430005,50,9.533954,1.096544
worker_8,632,1788087222.439586,50,9.322211,1.097536
worker_8,633,1788087222.448936,50,9.886902,1.096608
worker_8,634,1788087222.458885,50,9.540019,1.096672
worker_8,635,1788087222.468473,50,9.559639,1.098720
worker_8,636,1788087222.478078,50,9.330768,1.096768
worker_8,637,1788087222.487432,50,9.654001,1.096672
worker_8,638,1788087222.497133,50,9.332814,1.096192
worker_8,639,1788087222.506491,50,9.772705,1.095392
worker_8,640,1788087222.516311,50,9.518176,1.097824
worker_8,641,1788087222.525877,50,9.524231,1.095968
worker_8,642,1788087222.535448,50,9.333952,1.096960
worker_8,643,1788087222.544808,50,9.762216,1.095648
worker_8,644,1788087222.554617,50,9.332284,1.098720
worker_8,645,1788087222.563973,50,9.771298,1.105344
worker_8,646,1788087222.573790,50,9.538139,1.097440
worker_8,647,1788087222.583374,50,9.326312,1.098752
worker_8,648,1788087222.592727,50,9.555316,1.096128
worker_8,649,1788087222.602300,50,9.564667,1.097760
worker_8,650,1788087222.611885,50,9.557122,1.098112
worker_8,651,1788087222.621459,50,9.766604,1.096576
worker_8,652,1788087222.631274,50,9.541991,1.102112
worker_8,653,1788087222.640885,50,9.559807,1.096928
worker_8,654,1788087222.650493,50,9.295405,1.098368
worker_8,655,1788087222.659815,50,9.771494,1.098496
worker_8,656,1788087222.669635,50,9.540379,1.095872
worker_8,657,1788087222.679221,50,9.539000,1.100736
worker_8,658,1788087222.688808,50,9.327600,1.098560
worker_8,659,1788087222.698161,50,9.775585,1.096480
worker_8,660,1788087222.707985,50,9.540435,1.097920
worker_8,661,1788087222.717572,50,9.543453,1.096512
worker_8,662,1788087222.727164,50,9.540898,1.100864
worker_8,663,1788087222.736753,50,9.557879,1.096544
worker_8,664,1788087222.746357,50,9.289452,1.096224
worker_8,665,1788087222.755672,50,9.783270,1.098944
worker_8,666,1788087222.765504,50,9.529768,1.098464
worker_8,667,1788087222.775080,50,9.383646,1.097696
worker_8,668,1788087222.784513,50,9.480943,1.096736
worker_8,669,1788087222.794019,50,9.551286,1.096128
worker_8,670,1788087222.803591,50,9.774057,1.100064
worker_8,671,1788087222.813412,50,9.326035,1.098912
worker_8,672,1788087222.822764,50,9.622648,1.096544
worker_8,673,1788087222.832424,50,9.682548,1.095488
worker_8,674,1788087222.842155,50,9.536073,1.096352
worker_8,675,1788087222.851737,50,9.539213,1.097632
worker_8,676,1788087222.861325,50,9.529944,1.097088
worker_8,677,1788087222.870903,50,9.537231,1.096928
worker_8,678,1788087222.880488,50,9.341173,1.096640
worker_8,679,1788087222.889854,50,9.764640,1.095840
worker_8,680,1788087222.899667,50,9.384685,1.098432
worker_8,681,1788087222.909101,50,9.467878,1.098560
worker_8,682,1788087222.918597,50,9.752353,1.096352
worker_8,683,1788087222.928396,50,9.332740,1.098144
worker_8,684,1788087222.937757,50,9.542638,1.095488
worker_8,685,1788087222.947330,50,9.567936,1.097600
worker_8,686,1788087222.956917,50,9.768252,1.095840
worker_8,687,1788087222.966734,50,9.344544,1.098400
worker_8,688,1788087222.976104,50,9.913669,1.096480
worker_8,689,1788087222.986065,50,9.328786,1.098016
worker_8,690,1788087222.995419,50,9.783187,1.103392
worker_8,691,1788087223.005251,50,9.178968,1.096096
worker_8,692,1788087223.014456,50,9.577195,1.096640
worker_8,693,1788087223.024052,50,9.567935,1.096384
worker_8,694,1788087223.033659,50,9.534565,1.097056
worker_8,695,1788087223.043215,50,9.562823,1.104256
worker_8,696,1788087223.052795,50,9.572287,1.100864
worker_8,697,1788087223.062392,50,9.562046,1.097184
worker_8,698,1788087223.071972,50,9.557527,1.098272
worker_8,699,1788087223.081547,50,9.774835,1.096640
worker_8,700,1788087223.091371,50,9.557841,1.096416
worker_8,701,1788087223.100976,50,9.331534,1.096864
worker_8,702,1788087223.110332,50,9.761843,1.096224
worker_8,703,1788087223.120144,50,9.537934,1.098016
worker_8,704,1788087223.129730,50,9.321683,1.096736
worker_8,705,1788087223.139076,50,9.565462,1.097536
worker_8,706,1788087223.148663,50,9.554777,1.096704
worker_8,707,1788087223.158235,50,9.557943,1.096064
worker_8,708,1788087223.167813,50,9.563138,1.097888
worker_8,709,1788087223.177395,50,9.568416,1.096224
worker_8,710,1788087223.186988,50,9.547713,1.096384
worker_8,711,1788087223.196555,50,9.764955,1.096800
worker_8,712,1788087223.206369,50,9.549619,1.097056
worker_8,713,1788087223.215969,50,9.525870,1.098496
worker_8,714,1788087223.225558,50,9.515933,1.095264
worker_8,715,1788087223.235122,50,9.578991,1.096960
worker_8,716,1788087223.244748,50,9.488777,1.096352
worker_8,717,1788087223.254283,50,9.410693,1.096416
worker_8,718,1788087223.263745,50,9.487165,1.097280
worker_8,719,1788087223.273259,50,9.544953,1.097632
worker_8,720,1788087223.282824,50,9.785225,1.100672
worker_8,721,1788087223.292658,50,9.523268,1.096064
worker_8,722,1788087223.302228,50,9.343684,1.095616
worker_8,723,1788087223.311597,50,9.760548,1.096512
worker_8,724,1788087223.321407,50,9.540370,1.097504
worker_8,725,1788087223.330995,50,9.332573,1.096288
worker_8,726,1788087223.340355,50,9.751539,1.095968
worker_8,727,1788087223.350154,50,9.485767,1.098048
worker_8,728,1788087223.359666,50,9.625611,1.097728
worker_8,729,1788087223.369338,50,9.466463,1.095776
worker_8,730,1788087223.378831,50,9.561925,1.097824
worker_8,731,1788087223.388412,50,9.613769,1.097408
worker_8,732,1788087223.398072,50,9.532184,1.097760
worker_8,733,1788087223.407665,50,9.529231,1.096512
worker_8,734,1788087223.417243,50,9.339775,1.096736
worker_8,735,1788087223.426608,50,9.552241,1.097024
worker_8,736,1788087223.436182,50,9.776621,1.097408
worker_8,737,1788087223.446007,50,9.332377,1.097056
worker_8,738,1788087223.455365,50,9.756771,1.095744
worker_8,739,1788087223.465169,50,9.338756,1.097824
worker_8,740,1788087223.474532,50,9.769169,1.096864
worker_8,741,1788087223.484350,50,9.544759,1.100192
worker_8,742,1788087223.493942,50,9.321691,1.097088
worker_8,743,1788087223.503288,50,9.765743,1.097792
worker_8,744,1788087223.513102,50,9.356554,1.097216
worker_8,745,1788087223.522485,50,9.551907,1.097024
worker_8,746,1788087223.532057,50,9.847994,1.096928
worker_8,747,1788087223.541955,50,9.479657,1.097504
worker_8,748,1788087223.551483,50,9.326776,1.097600
worker_8,749,1788087223.560836,50,9.771530,1.095360
worker_8,750,1788087223.570656,50,9.530556,1.096448
worker_8,751,1788087223.580248,50,9.326479,1.096864
worker_8,752,1788087223.589601,50,9.554640,1.098464
worker_8,753,1788087223.599215,50,9.520037,1.096960
worker_8,754,1788087223.608752,50,9.577417,1.097792
worker_8,755,1788087223.618347,50,9.563492,1.096384
worker_8,756,1788087223.627928,50,9.562889,1.101024
worker_8,757,1788087223.637507,50,9.560936,1.096384
worker_8,758,1788087223.647084,50,9.766354,1.096416
worker_8,759,1788087223.656900,50,9.526112,1.096512
worker_8,760,1788087223.666476,50,9.536176,1.096736
worker_8,761,1788087223.676062,50,9.335415,1.096480
worker_8,762,1788087223.685424,50,9.761400,1.096608
worker_8,763,1788087223.695235,50,9.534444,1.098752
worker_8,764,1788087223.704817,50,9.556094,1.096704
worker_8,765,1788087223.714422,50,9.528426,1.097344
worker_8,766,1788087223.724000,50,9.587918,1.097888
worker_8,767,1788087223.733636,50,9.286960,1.097024
worker_8,768,1788087223.742950,50,9.762446,1.096640
worker_8,769,1788087223.752760,50,9.322785,1.097568
worker_8,770,1788087223.762108,50,9.764031,1.096672
worker_8,771,1788087223.771921,50,9.337637,1.105152
worker_8,772,1788087223.781363,50,9.524028,1.095488
worker_8,773,1788087223.790940,50,9.674047,1.098656
worker_8,774,1788087223.800662,50,9.333526,1.097344
worker_8,775,1788087223.810027,50,9.544474,1.097376
worker_8,776,1788087223.819591,50,9.566861,1.100448
worker_8,777,1788087223.829176,50,9.803873,1.097152
worker_8,778,1788087223.839029,50,9.516454,1.097888
worker_8,779,1788087223.848594,50,9.548250,1.096288
worker_8,780,1788087223.858190,50,9.526205,1.096896
worker_8,781,1788087223.867762,50,9.347729,1.098816
worker_8,782,1788087223.877136,50,9.545751,1.098368
worker_8,783,1788087223.886700,50,9.561659,1.096736
worker_8,784,1788087223.896280,50,9.772965,1.096544
worker_8,785,1788087223.906100,50,9.369092,1.096256
worker_8,786,1788087223.915519,50,9.474981,1.098336
worker_8,787,1788087223.925021,50,9.755763,1.096192
worker_8,788,1788087223.934824,50,9.325748,1.096864
worker_8,789,1788087223.944179,50,9.696613,1.099840
worker_8,790,1788087223.953894,50,9.702011,1.096896
worker_8,791,1788087223.963646,50,9.405408,1.097248
worker_8,792,1788087223.973089,50,9.551019,1.097664
worker_8,793,1788087223.982660,50,9.493065,1.095392
worker_8,794,1788087223.992172,50,9.656224,1.095808
worker_8,795,1788087224.001846,50,9.619481,1.096224
worker_8,796,1788087224.011515,50,9.533676,1.097472
worker_8,797,1788087224.021096,50,9.569334,1.099328
worker_8,798,1788087224.030713,50,9.374092,1.096448
worker_8,799,1788087224.040137,50,9.500852,1.110976
worker_8,800,1788087224.049664,50,9.761975,1.096192
worker_8,801,1788087224.059474,50,9.532454,1.096992
worker_8,802,1788087224.069054,50,9.540065,1.097088
worker_8,803,1788087224.078642,50,9.536463,1.096672
worker_8,804,1788087224.088243,50,9.313017,1.106880
worker_8,805,1788087224.097581,50,9.553074,1.097824
worker_8,806,1788087224.107153,50,9.774808,1.098688
worker_8,807,1788087224.116976,50,9.340416,1.097152
worker_8,808,1788087224.126342,50,9.546648,1.097056
worker_8,809,1788087224.135908,50,9.563316,1.096032
worker_8,810,1788087224.145489,50,9.784465,1.101760
worker_8,811,1788087224.155335,50,9.302044,1.098336
worker_8,812,1788087224.164667,50,9.550307,1.096864
worker_8,813,1788087224.174237,50,9.687038,1.097056
worker_8,814,1788087224.183974,50,9.409175,1.100288
worker_8,815,1788087224.193410,50,9.559824,1.097024
worker_8,816,1788087224.202990,50,9.556279,1.096384
worker_8,817,1788087224.212566,50,9.558916,1.096832
worker_8,818,1788087224.222142,50,9.777243,1.095904
worker_8,819,1788087224.231968,50,9.547639,1.101056
worker_8,820,1788087224.241565,50,9.574964,1.096416
worker_8,821,1788087224.251189,50,9.489009,1.096128
worker_8,822,1788087224.260727,50,9.524221,1.097696
worker_8,823,1788087224.270300,50,9.555305,1.095968
worker_8,824,1788087224.279905,50,9.323099,1.096192
worker_8,825,1788087224.289254,50,9.756529,1.098176
worker_8,826,1788087224.299059,50,9.537944,1.098976
worker_8,827,1788087224.308647,50,9.312480,1.097312
worker_8,828,1788087224.317986,50,9.760539,1.097600
worker_8,829,1788087224.327795,50,9.324934,1.098592
worker_8,830,1788087224.337145,50,9.761223,1.096672
worker_8,831,1788087224.346969,50,9.440211,1.097088
worker_8,832,1788087224.356435,50,9.584130,1.096800
worker_8,833,1788087224.366037,50,9.615880,1.096960
worker_8,834,1788087224.375701,50,9.707853,1.097088
worker_8,835,1788087224.385456,50,9.490962,1.098624
worker_8,836,1788087224.394996,50,9.201524,1.098848
worker_8,837,1788087224.404231,50,9.557760,1.098016
worker_8,838,1788087224.413810,50,9.760418,1.097696
worker_8,839,1788087224.423619,50,9.551907,1.097888
worker_8,840,1788087224.433220,50,9.528306,1.095360
worker_8,841,1788087224.442797,50,9.328701,1.096672
worker_8,842,1788087224.452154,50,9.770938,1.100160
worker_8,843,1788087224.461973,50,9.541647,1.098304
worker_8,844,1788087224.471564,50,9.526953,1.096064
worker_8,845,1788087224.481140,50,9.545305,1.096256
worker_8,846,1788087224.490732,50,9.329979,1.097312
worker_8,847,1788087224.500087,50,9.788798,1.104160
worker_8,848,1788087224.509928,50,9.324442,1.097088
worker_8,849,1788087224.519278,50,9.763353,1.097088
worker_8,850,1788087224.529104,50,9.382165,1.097856
worker_8,851,1788087224.538536,50,9.716391,1.097152
worker_8,852,1788087224.548302,50,9.528351,1.097440
worker_8,853,1788087224.557880,50,9.534907,1.095712
worker_8,854,1788087224.567463,50,9.532740,1.099904
worker_8,855,1788087224.577046,50,9.323590,1.099840
worker_8,856,1788087224.586396,50,9.764131,1.097792
worker_8,857,1788087224.596208,50,9.531638,1.096192
worker_8,858,1788087224.605788,50,9.324683,1.096736
worker_8,859,1788087224.615138,50,9.569814,1.098592
worker_8,860,1788087224.624727,50,9.809549,1.098176
worker_8,861,1788087224.634598,50,9.477269,1.095904
worker_8,862,1788087224.644123,50,9.333527,1.096640
worker_8,863,1788087224.653484,50,9.605668,1.096320
worker_8,864,1788087224.663142,50,9.474314,1.100736
worker_8,865,1788087224.672645,50,9.547555,1.097792
worker_8,866,1788087224.682212,50,9.564111,1.097568
worker_8,867,1788087224.691794,50,9.567538,1.104448
worker_8,868,1788087224.701380,50,9.578353,1.096320
worker_8,869,1788087224.710976,50,9.560167,1.097056
worker_8,870,1788087224.720567,50,9.556213,1.096736
worker_8,871,1788087224.730140,50,9.593204,1.098016
worker_8,872,1788087224.739751,50,9.780603,1.098816
worker_8,873,1788087224.749582,50,9.536686,1.096640
worker_8,874,1788087224.759168,50,9.528314,1.100960
worker_8,875,1788087224.768745,50,9.543823,1.097760
worker_8,876,1788087224.778337,50,9.528971,1.095648
worker_8,877,1788087224.787915,50,9.342119,1.106688
worker_8,878,1788087224.797284,50,9.771742,1.098720
worker_8,879,1788087224.807105,50,9.335471,1.098304
worker_8,880,1788087224.816469,50,9.764020,1.096672
worker_8,881,1788087224.826283,50,9.335433,1.097024
worker_8,882,1788087224.835644,50,9.756503,1.097152
worker_8,883,1788087224.845450,50,9.326183,1.096640
worker_8,884,1788087224.854803,50,9.750577,1.096704
worker_8,885,1788087224.864603,50,9.543212,1.098944
worker_8,886,1788087224.874195,50,9.323766,1.095840
worker_8,887,1788087224.883546,50,9.767585,1.098464
worker_8,888,1788087224.893362,50,9.518434,1.096544
worker_8,889,1788087224.902941,50,9.563925,1.097728
worker_8,890,1788087224.912554,50,9.541390,1.097280
worker_8,891,1788087224.922144,50,9.494388,1.096416
worker_8,892,1788087224.931686,50,9.338757,1.102432
worker_8,893,1788087224.941052,50,9.751649,1.096992
worker_8,894,1788087224.950851,50,9.341747,1.097632
worker_8,895,1788087224.960229,50,9.765845,1.101504
worker_8,896,1788087224.970044,50,9.323303,1.096896
worker_8,897,1788087224.979393,50,9.765835,1.100896
worker_8,898,1788087224.989208,50,9.320470,1.096736
worker_8,899,1788087224.998554,50,9.574713,1.098272
worker_8,900,1788087225.008149,50,9.788622,1.103488
worker_8,901,1788087225.017986,50,9.529769,1.096480
worker_8,902,1788087225.027564,50,9.329960,1.096832
worker_8,903,1788087225.036920,50,9.767437,1.097344
worker_8,904,1788087225.046735,50,9.320878,1.096928
worker_8,905,1788087225.056082,50,9.588583,1.111200
worker_8,906,1788087225.065691,50,9.686649,1.097792
worker_8,907,1788087225.075428,50,9.616647,1.097024
worker_8,908,1788087225.085092,50,9.538648,1.095904
worker_8,909,1788087225.094692,50,9.511831,1.096608
worker_8,910,1788087225.104265,50,9.587232,1.099264
worker_8,911,1788087225.113899,50,9.278433,1.096896
worker_8,912,1788087225.123203,50,9.553334,1.096992
worker_8,913,1788087225.132774,50,9.575675,1.097504
worker_8,914,1788087225.142370,50,9.554037,1.097728
worker_8,915,1788087225.151942,50,9.561538,1.098432
worker_8,916,1788087225.161523,50,9.568851,1.096320
worker_8,917,1788087225.171119,50,9.759659,1.105536
worker_8,918,1788087225.180926,50,9.334508,1.097088
worker_8,919,1788087225.190288,50,9.544259,1.097568
worker_8,920,1788087225.199852,50,9.569297,1.097056
worker_8,921,1788087225.209442,50,9.564648,1.098112
worker_8,922,1788087225.219026,50,9.584685,1.107616
worker_8,923,1788087225.228628,50,9.578296,1.096480
worker_8,924,1788087225.238237,50,9.543695,1.098880
worker_8,925,1788087225.247802,50,9.556074,1.096640
worker_8,926,1788087225.257453,50,9.485343,1.097760
worker_8,927,1788087225.266959,50,9.553842,1.097248
worker_8,928,1788087225.276540,50,9.616538,1.096960
worker_8,929,1788087225.286208,50,9.476204,1.096768
worker_8,930,1788087225.295712,50,9.544453,1.096192
worker_8,931,1788087225.305277,50,9.575260,1.099424
worker_8,932,1788087225.314869,50,9.556611,1.096192
worker_8,933,1788087225.324442,50,9.782355,1.096992
worker_8,934,1788087225.334275,50,9.407194,1.098368
worker_8,935,1788087225.343734,50,9.624196,1.100512
worker_8,936,1788087225.353385,50,9.506176,1.096224
worker_8,937,1788087225.362912,50,9.672270,1.097152
worker_8,938,1788087225.372634,50,9.318942,1.096544
worker_8,939,1788087225.381980,50,9.546584,1.095840
worker_8,940,1788087225.391547,50,9.767150,1.100576
worker_8,941,1788087225.401363,50,9.322859,1.097088
worker_8,942,1788087225.410712,50,9.543675,1.096832
worker_8,943,1788087225.420275,50,9.570518,1.103328
worker_8,944,1788087225.429863,50,9.548158,1.096704
worker_8,945,1788087225.439430,50,9.561296,1.095872
worker_8,946,1788087225.449010,50,9.573427,1.096864
worker_8,947,1788087225.458600,50,9.563305,1.098656
worker_8,948,1788087225.468190,50,9.776520,1.096704
worker_8,949,1788087225.478016,50,9.689686,1.095936
worker_8,950,1788087225.487756,50,9.401148,1.098592
worker_8,951,1788087225.497205,50,9.520731,1.097152
worker_8,952,1788087225.506774,50,9.540307,1.098176
worker_8,953,1788087225.516362,50,9.443434,1.096608
worker_8,954,1788087225.525866,50,9.401018,1.097344
worker_8,955,1788087225.535293,50,9.774391,1.097664
worker_8,956,1788087225.545115,50,9.322887,1.096704
worker_8,957,1788087225.554463,50,9.802447,1.096352
worker_8,958,1788087225.564315,50,9.296841,1.096928
worker_8,959,1788087225.573637,50,9.762966,1.096416
worker_8,960,1788087225.583447,50,9.543992,1.096544
worker_8,961,1788087225.593039,50,9.329888,1.097088
worker_8,962,1788087225.602393,50,9.775789,1.096896
worker_8,963,1788087225.612231,50,9.301350,1.096480
worker_8,964,1788087225.621557,50,9.564251,1.097312
worker_8,965,1788087225.631141,50,9.784363,1.096064
worker_8,966,1788087225.640974,50,9.549593,1.096576
worker_8,967,1788087225.650585,50,9.510269,1.096992
worker_8,968,1788087225.660144,50,9.336647,1.101472
worker_8,969,1788087225.669506,50,9.552705,1.097152
worker_8,970,1788087225.679080,50,9.561204,1.102496
worker_8,971,1788087225.688659,50,9.559733,1.098240
worker_8,972,1788087225.698236,50,9.571297,1.096896
worker_8,973,1788087225.707828,50,9.561982,1.097248
worker_8,974,1788087225.717407,50,9.566538,1.097792
worker_8,975,1788087225.726990,50,9.776734,1.095648
worker_8,976,1788087225.736815,50,9.535398,1.096032
worker_8,977,1788087225.746401,50,9.551955,1.097696
worker_8,978,1788087225.756003,50,9.578418,1.095808
worker_8,979,1788087225.765632,50,9.324822,1.096448
worker_8,980,1788087225.774983,50,9.721502,1.098240
worker_8,981,1788087225.784754,50,9.328572,1.096096
worker_8,982,1788087225.794108,50,9.762872,1.096736
worker_8,983,1788087225.803919,50,9.332091,1.099936
worker_8,984,1788087225.813277,50,9.784946,1.100096
worker_8,985,1788087225.823110,50,9.324868,1.096416
worker_8,986,1788087225.832460,50,9.770011,1.096352
worker_8,987,1788087225.842293,50,9.518130,1.096736
worker_8,988,1788087225.851858,50,9.527472,1.097280
worker_8,989,1788087225.861435,50,9.335147,1.096896
worker_8,990,1788087225.870799,50,9.761336,1.097312
worker_8,991,1788087225.880610,50,9.336572,1.099136
worker_8,992,1788087225.889973,50,9.686195,1.096448
worker_8,993,1788087225.899708,50,9.391322,1.098880
worker_8,994,1788087225.909125,50,9.759271,1.097216
worker_8,995,1788087225.918932,50,9.328683,1.096000
worker_8,996,1788087225.928286,50,9.758891,1.095328
worker_8,997,1788087225.938095,50,9.523370,1.097088
worker_8,998,1788087225.947667,50,9.537926,1.097728
worker_8,999,1788087225.957252,50,9.330684,1.096960
worker_8,1000,1788087225.966609,50,9.769306,1.097344
worker_8,1001,1788087225.976425,50,9.533564,1.095808
worker_8,1002,1788087225.986009,50,9.321304,1.096352
worker_8,1003,1788087225.995355,50,9.783242,1.099872
worker_8,1004,1788087226.005186,50,9.323517,1.096096
worker_8,1005,1788087226.014536,50,9.772204,1.095648
worker_8,1006,1788087226.024369,50,9.521369,1.102400
worker_8,1007,1788087226.033938,50,9.533879,1.096928
worker_8,1008,1788087226.043519,50,9.339850,1.099168
worker_8,1009,1788087226.052883,50,9.769149,1.097504
worker_8,1010,1788087226.062701,50,9.563361,1.098432
worker_8,1011,1788087226.072314,50,9.516850,1.096640
worker_8,1012,1788087226.081879,50,9.325488,1.097056
worker_8,1013,1788087226.091230,50,9.773835,1.096608
worker_8,1014,1788087226.101053,50,9.321553,1.095616
worker_8,1015,1788087226.110402,50,9.554637,1.095872
worker_8,1016,1788087226.119973,50,9.558093,1.098144
worker_8,1017,1788087226.129548,50,9.775612,1.099392
worker_8,1018,1788087226.139373,50,9.552804,1.097024
worker_8,1019,1788087226.148974,50,9.308737,1.096320
worker_8,1020,1788087226.158308,50,9.551685,1.096640
worker_8,1021,1788087226.167878,50,9.572981,1.097760
worker_8,1022,1788087226.177468,50,9.563102,1.096800
worker_8,1023,1788087226.187047,50,9.782195,1.099328
worker_8,1024,1788087226.196876,50,9.550435,1.096512
worker_8,1025,1788087226.206474,50,9.319191,1.096320
worker_8,1026,1788087226.215823,50,9.750900,1.096480
worker_8,1027,1788087226.225621,50,9.532323,1.096320
worker_8,1028,1788087226.235200,50,9.549434,1.106240
worker_8,1029,1788087226.244797,50,9.330441,1.096000
worker_8,1030,1788087226.254153,50,9.558917,1.098368
worker_8,1031,1788087226.263731,50,9.782307,1.097728
worker_8,1032,1788087226.273560,50,9.333359,1.096448
worker_8,1033,1788087226.282919,50,9.772790,1.097152
worker_8,1034,1788087226.292743,50,9.532638,1.095776
worker_8,1035,1788087226.302322,50,9.529639,1.096768
worker_8,1036,1788087226.311899,50,9.359887,1.098240
worker_8,1037,1788087226.321284,50,9.769270,1.097664
worker_8,1038,1788087226.331102,50,9.318960,1.103456
worker_8,1039,1788087226.340446,50,9.800215,1.097248
worker_8,1040,1788087226.350294,50,9.655075,1.098208
worker_8,1041,1788087226.359996,50,9.391813,1.099808
worker_8,1042,1788087226.369437,50,9.325378,1.097824
worker_8,1043,1788087226.378786,50,9.554342,1.097792
worker_8,1044,1788087226.388358,50,9.581399,1.097728
worker_8,1045,1788087226.397970,50,9.551824,1.096992
worker_8,1046,1788087226.407538,50,9.576214,1.096800
worker_8,1047,1788087226.417132,50,9.784020,1.096128
worker_8,1048,1788087226.426965,50,9.322109,1.101344
worker_8,1049,1788087226.436314,50,9.548407,1.096064
worker_8,1050,1788087226.445882,50,9.564501,1.096832
worker_8,1051,1788087226.455464,50,9.813577,1.100768
worker_8,1052,1788087226.465327,50,9.542102,1.097888
worker_8,1053,1788087226.474919,50,9.486620,1.096960
worker_8,1054,1788087226.484455,50,9.317461,1.096480
worker_8,1055,1788087226.493799,50,9.757363,1.096544
worker_8,1056,1788087226.503603,50,9.341591,1.098464
worker_8,1057,1788087226.512970,50,9.769928,1.095840
worker_8,1058,1788087226.522789,50,9.347887,1.097856
worker_8,1059,1788087226.532163,50,9.551537,1.099232
worker_8,1060,1788087226.541734,50,9.777576,1.096224
worker_8,1061,1788087226.551560,50,9.321646,1.097792
worker_8,1062,1788087226.560908,50,9.551047,1.097824
worker_8,1063,1788087226.570476,50,9.796714,1.096288
worker_8,1064,1788087226.580322,50,9.328285,1.098592
worker_8,1065,1788087226.589689,50,9.767966,1.096448
worker_8,1066,1788087226.599506,50,9.302971,1.097152
worker_8,1067,1788087226.608833,50,9.806687,1.096544
worker_8,1068,1788087226.618688,50,9.324007,1.096544
worker_8,1069,1788087226.628046,50,9.717048,1.095744
worker_8,1070,1788087226.637812,50,9.525946,1.098304
worker_8,1071,1788087226.647385,50,9.531426,1.098976
worker_8,1072,1788087226.656963,50,9.320350,1.096608
worker_8,1073,1788087226.666309,50,9.558492,1.096576
worker_8,1074,1788087226.675888,50,9.556759,1.097792
worker_8,1075,1788087226.685463,50,9.775410,1.096704
worker_8,1076,1788087226.695285,50,9.325082,1.101248
worker_8,1077,1788087226.704635,50,9.553908,1.095776
worker_8,1078,1788087226.714208,50,9.575075,1.096352
worker_8,1079,1788087226.723873,50,9.498314,1.105408
worker_8,1080,1788087226.733391,50,9.554714,1.096256
worker_8,1081,1788087226.742964,50,9.786659,1.099168
worker_8,1082,1788087226.752799,50,9.517769,1.096608
worker_8,1083,1788087226.762366,50,9.539973,1.097344
worker_8,1084,1788087226.771967,50,9.314906,1.106848
worker_8,1085,1788087226.781309,50,9.768558,1.097152
worker_8,1086,1788087226.791125,50,9.523242,1.098208
worker_8,1087,1788087226.800696,50,9.550472,1.096288
worker_8,1088,1788087226.810293,50,9.563861,1.096480
worker_8,1089,1788087226.819904,50,9.543333,1.099360
worker_8,1090,1788087226.829494,50,9.338638,1.096480
worker_8,1091,1788087226.838859,50,9.825188,1.102976
worker_8,1092,1788087226.848732,50,9.293980,1.097760
worker_8,1093,1788087226.858052,50,9.548121,1.096192
worker_8,1094,1788087226.867620,50,9.773688,1.097344
worker_8,1095,1788087226.877442,50,9.333164,1.097856
worker_8,1096,1788087226.886802,50,9.545158,1.098688
worker_8,1097,1788087226.896367,50,9.776918,1.094912
worker_8,1098,1788087226.906192,50,9.533778,1.100192
worker_8,1099,1788087226.915774,50,9.531111,1.096896
worker_8,1100,1788087226.925353,50,9.531786,1.096864
worker_8,1101,1788087226.934934,50,9.326155,1.097664
worker_8,1102,1788087226.944286,50,9.547194,1.096064
worker_8,1103,1788087226.953853,50,9.774688,1.097600
worker_8,1104,1788087226.963687,50,9.530648,1.095648
worker_8,1105,1788087226.973266,50,9.328284,1.096704
worker_8,1106,1788087226.982621,50,9.544722,1.096128
worker_8,1107,1788087226.992185,50,9.570806,1.098976
worker_8,1108,1788087227.001772,50,9.773687,1.098112
worker_8,1109,1788087227.011594,50,9.539019,1.096640
worker_8,1110,1788087227.021180,50,9.532926,1.098208
worker_8,1111,1788087227.030762,50,9.318692,1.097824
worker_8,1112,1788087227.040106,50,9.560177,1.102624
worker_8,1113,1788087227.049686,50,9.573240,1.097472
worker_8,1114,1788087227.059283,50,9.570806,1.097632
worker_8,1115,1788087227.068873,50,9.561778,1.096384
worker_8,1116,1788087227.078451,50,9.588065,1.096416
worker_8,1117,1788087227.088056,50,9.779567,1.098112
worker_8,1118,1788087227.097882,50,9.533279,1.097152
worker_8,1119,1788087227.107464,50,9.541648,1.097120
worker_8,1120,1788087227.117053,50,9.541463,1.096704
worker_8,1121,1788087227.126643,50,9.320747,1.096256
worker_8,1122,1788087227.135988,50,9.771429,1.098784
worker_8,1123,1788087227.145820,50,9.312340,1.098848
worker_8,1124,1788087227.155159,50,9.764632,1.096864
worker_8,1125,1788087227.164971,50,9.344128,1.098048
worker_8,1126,1788087227.174341,50,9.762223,1.096544
worker_8,1127,1788087227.184152,50,9.329405,1.099872
worker_8,1128,1788087227.193508,50,9.759279,1.096800
worker_8,1129,1788087227.203315,50,9.325849,1.096096
worker_8,1130,1788087227.212667,50,9.619815,1.097408
worker_8,1131,1788087227.222337,50,9.462444,1.096480
worker_8,1132,1788087227.231828,50,9.557999,1.100896
worker_8,1133,1788087227.241405,50,9.563871,1.096928
worker_8,1134,1788087227.250987,50,9.568351,1.107584
worker_8,1135,1788087227.260572,50,9.583842,1.096768
worker_8,1136,1788087227.270174,50,9.562242,1.097600
worker_8,1137,1788087227.279753,50,9.564278,1.096832
worker_8,1138,1788087227.289334,50,9.796325,1.097536
worker_8,1139,1788087227.299177,50,9.311655,1.100192
worker_8,1140,1788087227.308516,50,9.769835,1.096128
worker_8,1141,1788087227.318334,50,9.533351,1.098080
worker_8,1142,1788087227.327915,50,9.533582,1.095520
worker_8,1143,1788087227.337512,50,9.338721,1.100448
worker_8,1144,1788087227.346876,50,9.912613,1.097760
worker_8,1145,1788087227.356838,50,9.546888,1.096416
worker_8,1146,1788087227.366431,50,9.552250,1.096736
worker_8,1147,1788087227.376032,50,9.518443,1.096480
worker_8,1148,1788087227.385597,50,9.437276,1.096480
worker_8,1149,1788087227.395082,50,9.300053,1.097632
worker_8,1150,1788087227.404408,50,9.757686,1.096352
worker_8,1151,1788087227.414212,50,9.532101,1.096320
worker_8,1152,1788087227.423791,50,9.342813,1.098016
worker_8,1153,1788087227.433159,50,9.758186,1.097600
worker_8,1154,1788087227.442965,50,9.336636,1.096096
worker_8,1155,1788087227.452330,50,9.547361,1.098912
worker_8,1156,1788087227.461896,50,9.559379,1.096576
worker_8,1157,1788087227.471471,50,9.566657,1.097824
worker_8,1158,1788087227.481055,50,9.773205,1.095360
worker_8,1159,1788087227.490875,50,9.551925,1.098400
worker_8,1160,1788087227.500475,50,9.515703,1.095776
worker_8,1161,1788087227.510039,50,9.550795,1.096800
worker_8,1162,1788087227.519650,50,9.527360,1.096128
worker_8,1163,1788087227.529225,50,9.334460,1.098112
worker_8,1164,1788087227.538586,50,9.765548,1.096736
worker_8,1165,1788087227.548398,50,9.354136,1.096896
worker_8,1166,1788087227.557778,50,9.762316,1.097248
worker_8,1167,1788087227.567589,50,9.545546,1.097312
worker_8,1168,1788087227.577181,50,9.534212,1.099744
worker_8,1169,1788087227.586762,50,9.534008,1.098432
worker_8,1170,1788087227.596344,50,9.334229,1.096448
worker_8,1171,1788087227.605715,50,9.743241,1.097664
worker_8,1172,1788087227.615507,50,9.353757,1.095968
worker_8,1173,1788087227.624886,50,9.550149,1.095776
worker_8,1174,1788087227.634456,50,9.778519,1.096736
worker_8,1175,1788087227.644282,50,9.335192,1.105376
worker_8,1176,1788087227.653645,50,9.539611,1.096288
worker_8,1177,1788087227.663203,50,9.777335,1.095904
worker_8,1178,1788087227.673029,50,9.530973,1.096768
worker_8,1179,1788087227.682606,50,9.332674,1.095232
worker_8,1180,1788087227.691965,50,9.563185,1.103648
worker_8,1181,1788087227.701547,50,9.562417,1.096352
worker_8,1182,1788087227.711133,50,9.557277,1.096672
worker_8,1183,1788087227.720706,50,9.562916,1.097728
worker_8,1184,1788087227.730285,50,9.574019,1.098560
worker_8,1185,1788087227.739876,50,9.562121,1.096800
worker_8,1186,1788087227.749456,50,9.564815,1.098560
worker_8,1187,1788087227.759039,50,9.564121,1.096608
worker_8,1188,1788087227.768619,50,9.791594,1.097472
worker_8,1189,1788087227.778461,50,9.516509,1.096672
worker_8,1190,1788087227.788026,50,9.583075,1.096768
worker_8,1191,1788087227.797658,50,9.288972,1.096032
worker_8,1192,1788087227.806975,50,9.764437,1.096608
worker_8,1193,1788087227.816787,50,9.327314,1.096800
worker_8,1194,1788087227.826140,50,9.772817,1.096160
worker_8,1195,1788087227.835961,50,9.318453,1.101408
worker_8,1196,1788087227.845304,50,9.764039,1.097760
worker_8,1197,1788087227.855116,50,9.531879,1.096768
worker_8,1198,1788087227.864695,50,9.538121,1.097152
worker_8,1199,1788087227.874280,50,9.327295,1.096896
worker_8,1200,1788087227.883634,50,9.775594,1.096384
worker_8,1201,1788087227.893471,50,9.306071,1.096352
worker_8,1202,1788087227.902804,50,9.757344,1.095904
worker_8,1203,1788087227.912609,50,9.317758,1.097664
worker_8,1204,1788087227.921953,50,9.775818,1.097408
worker_8,1205,1788087227.931776,50,9.530445,1.097216
worker_8,1206,1788087227.941355,50,9.327147,1.097440
worker_8,1207,1788087227.950709,50,9.763529,1.098528
worker_8,1208,1788087227.960521,50,9.323377,1.097760
worker_8,1209,1788087227.969870,50,9.756186,1.096512
worker_8,1210,1788087227.979676,50,9.327795,1.098784
worker_8,1211,1788087227.989029,50,9.770520,1.097408
worker_8,1212,1788087227.998848,50,9.323221,1.097408
worker_8,1213,1788087228.008198,50,9.565712,1.096864
worker_8,1214,1788087228.017783,50,9.777882,1.096384
worker_8,1215,1788087228.027609,50,9.337823,1.099808
worker_8,1216,1788087228.036975,50,9.758826,1.097280
worker_8,1217,1788087228.046781,50,9.545500,1.095904
worker_8,1218,1788087228.056376,50,9.532427,1.096736
worker_8,1219,1788087228.065956,50,9.322860,1.097728
worker_8,1220,1788087228.075305,50,9.771492,1.099392
worker_8,1221,1788087228.085138,50,9.516584,1.096096
worker_8,1222,1788087228.094703,50,9.346925,1.096224
worker_8,1223,1788087228.104074,50,9.761937,1.096256
worker_8,1224,1788087228.113885,50,9.527398,1.097152
worker_8,1225,1788087228.123460,50,9.553946,1.096640
worker_8,1226,1788087228.133061,50,9.553491,1.095648
worker_8,1227,1788087228.142664,50,9.533620,1.096000
worker_8,1228,1788087228.152265,50,9.318822,1.096512
worker_8,1229,1788087228.161610,50,9.551260,1.097024
worker_8,1230,1788087228.171260,50,9.696169,1.100896
worker_8,1231,1788087228.181005,50,9.320157,1.096832
worker_8,1232,1788087228.190351,50,9.774633,1.096544
worker_8,1233,1788087228.200175,50,9.326063,1.095712
worker_8,1234,1788087228.209527,50,9.755411,1.096768
worker_8,1235,1788087228.219331,50,9.339220,1.099904
worker_8,1236,1788087228.228697,50,9.547399,1.098528
worker_8,1237,1788087228.238264,50,9.561363,1.096608
worker_8,1238,1788087228.247844,50,9.567537,1.101920
worker_8,1239,1788087228.257428,50,9.563454,1.096800
worker_8,1240,1788087228.267027,50,9.548038,1.099328
worker_8,1241,1788087228.276592,50,9.778067,1.097856
worker_8,1242,1788087228.286418,50,9.326331,1.096224
worker_8,1243,1788087228.295770,50,9.556057,1.097376
worker_8,1244,1788087228.305345,50,9.571769,1.098848
worker_8,1245,1788087228.314936,50,9.913439,1.096096
worker_8,1246,1788087228.324899,50,9.389711,1.097600
worker_8,1247,1788087228.334338,50,9.529287,1.097856
worker_8,1248,1788087228.343915,50,9.479397,1.097984
worker_8,1249,1788087228.353419,50,9.642716,1.100064
worker_8,1250,1788087228.363111,50,9.431509,1.096128
worker_8,1251,1788087228.372569,50,9.789160,1.098112
worker_8,1252,1788087228.382408,50,9.334581,1.096672
worker_8,1253,1788087228.391768,50,9.469148,1.097536
worker_8,1254,1788087228.401291,50,9.674613,1.096768
worker_8,1255,1788087228.411015,50,9.334795,1.099168
worker_8,1256,1788087228.420378,50,9.767863,1.096000
worker_8,1257,1788087228.430195,50,9.527703,1.095712
worker_8,1258,1788087228.439772,50,9.338814,1.096448
worker_8,1259,1788087228.449136,50,9.553981,1.096512
worker_8,1260,1788087228.458724,50,9.762002,1.097120
worker_8,1261,1788087228.468534,50,9.326869,1.097728
worker_8,1262,1788087228.477889,50,9.545500,1.097824
worker_8,1263,1788087228.487453,50,9.565629,1.098624
worker_8,1264,1788087228.497035,50,9.562214,1.095936
worker_8,1265,1788087228.506615,50,9.780409,1.096480
worker_8,1266,1788087228.516442,50,9.515362,1.097408
worker_8,1267,1788087228.526006,50,9.565436,1.095680
worker_8,1268,1788087228.535619,50,9.338711,1.101024
worker_8,1269,1788087228.544984,50,9.767928,1.096704
worker_8,1270,1788087228.554801,50,9.543277,1.097792
worker_8,1271,1788087228.564392,50,9.330452,1.098112
worker_8,1272,1788087228.573749,50,9.759872,1.095936
worker_8,1273,1788087228.583561,50,9.324860,1.096448
worker_8,1274,1788087228.592912,50,9.761872,1.098112
worker_8,1275,1788087228.602723,50,9.349036,1.096576
worker_8,1276,1788087228.612101,50,9.777502,1.099200
worker_8,1277,1788087228.621927,50,9.538927,1.097792
worker_8,1278,1788087228.631515,50,9.531796,1.097024
worker_8,1279,1788087228.641107,50,9.309840,1.096512
worker_8,1280,1788087228.650447,50,9.798642,1.096704
worker_8,1281,1788087228.660294,50,9.311590,1.096000
worker_8,1282,1788087228.669633,50,9.553666,1.096704
worker_8,1283,1788087228.679207,50,9.561926,1.099840
worker_8,1284,1788087228.688785,50,9.778214,1.100576
worker_8,1285,1788087228.698612,50,9.338294,1.096384
worker_8,1286,1788087228.707976,50,9.549806,1.096896
worker_8,1287,1788087228.717544,50,9.785371,1.097792
worker_8,1288,1788087228.727377,50,9.551175,1.100736
worker_8,1289,1788087228.736975,50,9.322063,1.096160
worker_8,1290,1788087228.746322,50,9.550112,1.096384
worker_8,1291,1788087228.755890,50,9.568064,1.096800
worker_8,1292,1788087228.765478,50,9.565638,1.097536
worker_8,1293,1788087228.775063,50,9.562694,1.099776
worker_8,1294,1788087228.784645,50,9.560397,1.096736
worker_8,1295,1788087228.794222,50,9.804224,1.098144
worker_8,1296,1788087228.804074,50,9.531194,1.096832
worker_8,1297,1788087228.813653,50,9.554981,1.096416
worker_8,1298,1788087228.823256,50,9.531740,1.098784
worker_8,1299,1788087228.832847,50,9.524093,1.098752
worker_8,1300,1788087228.842418,50,9.533018,1.096576
worker_8,1301,1788087228.851998,50,9.533065,1.096512
worker_8,1302,1788087228.861578,50,9.530546,1.095872
worker_8,1303,1788087228.871156,50,9.526147,1.096352
worker_8,1304,1788087228.880729,50,9.542399,1.101312
worker_8,1305,1788087228.890319,50,9.318951,1.095776
worker_8,1306,1788087228.899668,50,9.570018,1.096384
worker_8,1307,1788087228.909258,50,9.562999,1.097920
worker_8,1308,1788087228.918839,50,9.567806,1.096288
worker_8,1309,1788087228.928423,50,9.559768,1.096224
worker_8,1310,1788087228.937999,50,9.782873,1.096640
worker_8,1311,1788087228.947831,50,9.535037,1.096576
worker_8,1312,1788087228.957415,50,9.531360,1.096320
worker_8,1313,1788087228.966995,50,9.317017,1.097152
worker_8,1314,1788087228.976337,50,9.768770,1.096064
worker_8,1315,1788087228.986154,50,9.320498,1.097824
worker_8,1316,1788087228.995501,50,9.764863,1.098304
worker_8,1317,1788087229.005313,50,9.532593,1.096352
worker_8,1318,1788087229.014905,50,9.576722,1.097824
worker_8,1319,1788087229.024531,50,9.469379,1.096672
worker_8,1320,1788087229.034047,50,9.532166,1.097024
worker_8,1321,1788087229.043627,50,9.532436,1.095360
worker_8,1322,1788087229.053208,50,9.553871,1.096832
worker_8,1323,1788087229.062810,50,9.332701,1.097408
worker_8,1324,1788087229.072169,50,9.777002,1.097184
worker_8,1325,1788087229.081995,50,9.529341,1.096032
worker_8,1326,1788087229.091573,50,9.325888,1.100800
worker_8,1327,1788087229.100926,50,9.763177,1.096160
worker_8,1328,1788087229.110739,50,9.342147,1.096640
worker_8,1329,1788087229.120109,50,9.760437,1.096896
worker_8,1330,1788087229.129919,50,9.373147,1.096448
worker_8,1331,1788087229.139344,50,9.691881,1.101184
worker_8,1332,1788087229.149086,50,9.533583,1.096672
worker_8,1333,1788087229.158667,50,9.568722,1.096672
worker_8,1334,1788087229.168283,50,9.524527,1.097568
worker_8,1335,1788087229.177855,50,9.326981,1.096576
worker_8,1336,1788087229.187208,50,9.554491,1.100928
worker_8,1337,1788087229.196781,50,9.773781,1.099520
worker_8,1338,1788087229.206618,50,9.323156,1.095936
worker_8,1339,1788087229.215969,50,9.777224,1.107840
worker_8,1340,1788087229.225798,50,9.540564,1.098720
worker_8,1341,1788087229.235387,50,9.530306,1.100672
worker_8,1342,1788087229.244965,50,9.528444,1.096256
worker_8,1343,1788087229.254542,50,9.338822,1.096800
worker_8,1344,1788087229.263908,50,9.545612,1.097504
worker_8,1345,1788087229.273473,50,9.564436,1.096256
worker_8,1346,1788087229.283054,50,9.784779,1.097184
worker_8,1347,1788087229.292886,50,9.530844,1.096800
worker_8,1348,1788087229.302465,50,9.326646,1.096704
worker_8,1349,1788087229.311817,50,9.563231,1.097984
worker_8,1350,1788087229.321401,50,9.559260,1.096480
worker_8,1351,1788087229.330977,50,9.579196,1.099040
worker_8,1352,1788087229.340576,50,9.798335,1.096448
worker_8,1353,1788087229.350422,50,9.668519,1.097664
worker_8,1354,1788087229.360140,50,9.571213,1.098656
worker_8,1355,1788087229.369760,50,9.337470,1.096768
worker_8,1356,1788087229.379126,50,9.539926,1.098272
worker_8,1357,1788087229.388699,50,9.402082,1.098720
worker_8,1358,1788087229.398121,50,9.556871,1.096992
worker_8,1359,1788087229.407695,50,9.573545,1.097056
worker_8,1360,1788087229.417284,50,9.560416,1.096352
worker_8,1361,1788087229.426862,50,9.784919,1.099040
worker_8,1362,1788087229.436699,50,9.662389,1.096608
worker_8,1363,1788087229.446410,50,9.431859,1.096608
worker_8,1364,1788087229.455890,50,9.650528,1.101280
worker_8,1365,1788087229.465587,50,9.529251,1.096064
worker_8,1366,1788087229.475164,50,9.337627,1.095776
worker_8,1367,1788087229.484527,50,9.799817,1.097600
worker_8,1368,1788087229.494374,50,9.137210,1.097248
worker_8,1369,1788087229.503536,50,9.548508,1.096384
worker_8,1370,1788087229.513104,50,9.558186,1.097280
worker_8,1371,1788087229.522680,50,9.566546,1.096512
worker_8,1372,1788087229.532264,50,9.785595,1.098304
worker_8,1373,1788087229.542096,50,9.331331,1.097824
worker_8,1374,1788087229.551453,50,9.759714,1.096352
worker_8,1375,1788087229.561261,50,9.337137,1.097152
worker_8,1376,1788087229.570625,50,9.542824,1.097824
worker_8,1377,1788087229.580201,50,9.644084,1.103904
worker_8,1378,1788087229.589921,50,9.427666,1.097696
worker_8,1379,1788087229.599376,50,9.565185,1.096320
worker_8,1380,1788087229.608961,50,9.561222,1.095712
worker_8,1381,1788087229.618612,50,9.697686,1.096704
worker_8,1382,1788087229.628359,50,9.322416,1.097184
worker_8,1383,1788087229.637707,50,9.608714,1.097312
worker_8,1384,1788087229.647368,50,9.470592,1.098400
worker_8,1385,1788087229.656867,50,9.547261,1.096320
worker_8,1386,1788087229.666434,50,9.575852,1.095392
worker_8,1387,1788087229.676029,50,9.814270,1.096576
worker_8,1388,1788087229.685893,50,9.489093,1.096288
worker_8,1389,1788087229.695431,50,9.329053,1.097792
worker_8,1390,1788087229.704785,50,9.756817,1.096352
worker_8,1391,1788087229.714589,50,9.562232,1.097376
worker_8,1392,1788087229.724200,50,9.536778,1.098240
worker_8,1393,1788087229.733786,50,9.335479,1.096800
worker_8,1394,1788087229.743148,50,9.751854,1.096864
worker_8,1395,1788087229.752948,50,9.330897,1.096416
worker_8,1396,1788087229.762316,50,9.625102,1.097152
worker_8,1397,1788087229.771993,50,9.707279,1.096992
worker_8,1398,1788087229.781774,50,9.254618,1.096160
worker_8,1399,1788087229.791056,50,9.884493,1.096960
worker_8,1400,1788087229.800987,50,9.285201,1.096896
worker_8,1401,1788087229.810300,50,9.561758,1.096640
worker_8,1402,1788087229.819882,50,9.839058,1.095488
worker_8,1403,1788087229.829771,50,9.500518,1.096384
worker_8,1404,1788087229.839319,50,9.439824,1.096448
worker_8,1405,1788087229.848808,50,9.326284,1.098592
worker_8,1406,1788087229.858161,50,9.549240,1.097792
worker_8,1407,1788087229.867729,50,9.576658,1.096640
worker_8,1408,1788087229.877322,50,9.558823,1.097152
worker_8,1409,1788087229.886900,50,9.621529,1.096576
worker_8,1410,1788087229.896573,50,9.515323,1.096352
worker_8,1411,1788087229.906126,50,9.520473,1.095712
worker_8,1412,1788087229.915667,50,9.555805,1.097536
worker_8,1413,1788087229.925243,50,9.563093,1.099040
worker_8,1414,1788087229.934824,50,9.566092,1.099264
worker_8,1415,1788087229.944407,50,9.783512,1.096896
worker_8,1416,1788087229.954254,50,9.320229,1.095744
worker_8,1417,1788087229.963601,50,9.752668,1.096512
worker_8,1418,1788087229.973403,50,9.338988,1.096960
worker_8,1419,1788087229.982769,50,9.549388,1.096352
worker_8,1420,1788087229.992339,50,9.765288,1.095968
worker_8,1421,1788087230.002155,50,9.522166,1.096448
worker_8,1422,1788087230.011726,50,9.533204,1.097056
worker_8,1423,1788087230.021308,50,9.331294,1.097760
worker_8,1424,1788087230.030667,50,9.623871,1.098432
worker_8,1425,1788087230.040341,50,9.463527,1.096448
worker_8,1426,1788087230.049831,50,9.555028,1.097600
worker_8,1427,1788087230.059406,50,9.771762,1.096864
worker_8,1428,1788087230.069226,50,9.545862,1.096768
worker_8,1429,1788087230.078821,50,9.523963,1.096448
worker_8,1430,1788087230.088394,50,9.537759,1.096704
worker_8,1431,1788087230.097979,50,9.542028,1.096704
worker_8,1432,1788087230.107568,50,9.532241,1.098400
worker_8,1433,1788087230.117151,50,9.327211,1.096352
worker_8,1434,1788087230.126504,50,9.765299,1.097600
worker_8,1435,1788087230.136330,50,9.501028,1.095936
worker_8,1436,1788087230.145879,50,9.328155,1.097344
worker_8,1437,1788087230.155233,50,9.625621,1.097312
worker_8,1438,1788087230.164908,50,9.474139,1.097504
worker_8,1439,1788087230.174407,50,9.549361,1.096224
worker_8,1440,1788087230.183975,50,9.562140,1.096320
worker_8,1441,1788087230.193555,50,9.556787,1.096928
worker_8,1442,1788087230.203128,50,9.800299,1.096640
worker_8,1443,1788087230.212977,50,9.331822,1.096160
worker_8,1444,1788087230.222336,50,9.760697,1.096128
worker_8,1445,1788087230.232148,50,9.567360,1.097280
worker_8,1446,1788087230.241765,50,9.283284,1.096640
worker_8,1447,1788087230.251075,50,9.759835,1.097664
worker_8,1448,1788087230.260884,50,9.538009,1.096672
worker_8,1449,1788087230.270471,50,9.536992,1.096960
worker_8,1450,1788087230.280055,50,9.335573,1.100544
worker_8,1451,1788087230.289418,50,9.552639,1.098368
worker_8,1452,1788087230.298991,50,9.554334,1.096704
worker_8,1453,1788087230.308564,50,9.568639,1.096352
worker_8,1454,1788087230.318149,50,9.794021,1.096768
worker_8,1455,1788087230.328009,50,9.309146,1.099904
worker_8,1456,1788087230.337344,50,9.559649,1.097664
worker_8,1457,1788087230.346926,50,9.555362,1.097888
worker_8,1458,1788087230.356499,50,9.563601,1.096192
worker_8,1459,1788087230.366079,50,9.780818,1.095840
worker_8,1460,1788087230.375909,50,9.542500,1.098528
worker_8,1461,1788087230.385501,50,9.535722,1.096736
worker_8,1462,1788087230.395086,50,9.529231,1.096832
worker_8,1463,1788087230.404665,50,9.526370,1.096352
worker_8,1464,1788087230.414239,50,9.524796,1.095552
worker_8,1465,1788087230.423813,50,9.323360,1.096576
worker_8,1466,1788087230.433164,50,9.766743,1.096288
worker_8,1467,1788087230.442980,50,9.316321,1.096960
worker_8,1468,1788087230.452324,50,9.751492,1.096448
worker_8,1469,1788087230.462124,50,9.456842,1.096256
worker_8,1470,1788087230.471627,50,9.398054,1.095648
worker_8,1471,1788087230.481051,50,9.761150,1.096320
worker_8,1472,1788087230.490861,50,9.324942,1.097952
worker_8,1473,1788087230.500225,50,9.539464,1.097920
worker_8,1474,1788087230.509798,50,9.755122,1.096512
worker_8,1475,1788087230.519600,50,9.558463,1.098240
worker_8,1476,1788087230.529204,50,9.336017,1.096672
worker_8,1477,1788087230.538565,50,9.568028,1.096576
worker_8,1478,1788087230.548153,50,9.558298,1.097056
worker_8,1479,1788087230.557730,50,9.799215,1.096416
worker_8,1480,1788087230.567576,50,9.515009,1.099168
worker_8,1481,1788087230.577140,50,9.538316,1.096096
worker_8,1482,1788087230.586726,50,9.567611,1.096768
worker_8,1483,1788087230.596343,50,9.301275,1.095968
worker_8,1484,1788087230.605670,50,9.766224,1.098016
worker_8,1485,1788087230.615485,50,9.345544,1.101952
worker_8,1486,1788087230.624856,50,9.755326,1.097056
worker_8,1487,1788087230.634662,50,9.323573,1.097344
worker_8,1488,1788087230.644013,50,9.765326,1.096416
worker_8,1489,1788087230.653829,50,9.329109,1.097056
worker_8,1490,1788087230.663186,50,9.759022,1.096736
worker_8,1491,1788087230.672992,50,9.539167,1.096768
worker_8,1492,1788087230.682580,50,9.535463,1.096800
worker_8,1493,1788087230.692162,50,9.328147,1.099392
worker_8,1494,1788087230.701528,50,9.746771,1.097056
worker_8,1495,1788087230.711322,50,9.533685,1.096640
worker_8,1496,1788087230.720903,50,9.327045,1.097536
worker_8,1497,1788087230.730256,50,9.760066,1.097824
worker_8,1498,1788087230.740065,50,9.323628,1.095424
worker_8,1499,1788087230.749414,50,9.550483,1.095936
worker_8,1500,1788087230.758984,50,9.763020,1.096512
worker_8,1501,1788087230.768796,50,9.526871,1.096672
worker_8,1502,1788087230.778372,50,9.535500,1.096992
worker_8,1503,1788087230.787957,50,9.327035,1.098624
worker_8,1504,1788087230.797310,50,9.563418,1.096992
worker_8,1505,1788087230.806894,50,9.556251,1.095808
worker_8,1506,1788087230.816467,50,9.566574,1.096768
worker_8,1507,1788087230.826050,50,9.584936,1.096768
worker_8,1508,1788087230.835650,50,9.568593,1.097312
worker_8,1509,1788087230.845237,50,9.793354,1.096384
worker_8,1510,1788087230.855080,50,9.535796,1.097088
worker_8,1511,1788087230.864664,50,9.529083,1.096064
worker_8,1512,1788087230.874240,50,9.330731,1.097824
worker_8,1513,1788087230.883613,50,9.749132,1.096096
worker_8,1514,1788087230.893412,50,9.537314,1.096800
worker_8,1515,1788087230.902996,50,9.325202,1.095808
worker_8,1516,1788087230.912347,50,9.549880,1.096576
worker_8,1517,1788087230.921915,50,9.554640,1.096224
worker_8,1518,1788087230.931486,50,9.778437,1.100000
worker_8,1519,1788087230.941315,50,9.524759,1.098464
worker_8,1520,1788087230.950888,50,9.345943,1.098528
worker_8,1521,1788087230.960260,50,9.539806,1.098176
worker_8,1522,1788087230.969820,50,9.560462,1.096960
worker_8,1523,1788087230.979399,50,9.567287,1.101440
worker_8,1524,1788087230.988983,50,9.779002,1.096736
worker_8,1525,1788087230.998809,50,9.335248,1.096288
worker_8,1526,1788087231.008170,50,9.555510,1.101760
worker_8,1527,1788087231.017746,50,9.556112,1.096608
worker_8,1528,1788087231.027320,50,9.773992,1.098144
worker_8,1529,1788087231.037145,50,9.323081,1.096928
worker_8,1530,1788087231.046493,50,9.546927,1.096352
worker_8,1531,1788087231.056060,50,9.784853,1.110848
worker_8,1532,1788087231.065969,50,9.450888,1.095840
worker_8,1533,1788087231.075484,50,9.521508,1.097760
worker_8,1534,1788087231.085053,50,9.536055,1.097792
worker_8,1535,1788087231.094637,50,9.530565,1.098144
worker_8,1536,1788087231.104228,50,9.323720,1.099744
worker_8,1537,1788087231.113578,50,9.761621,1.097696
worker_8,1538,1788087231.123389,50,9.387942,1.101056
worker_8,1539,1788087231.132827,50,9.468333,1.096448
worker_8,1540,1788087231.142323,50,9.535397,1.096384
worker_8,1541,1788087231.151878,50,9.913585,1.098560
worker_8,1542,1788087231.161841,50,9.483777,1.097952
worker_8,1543,1788087231.171374,50,9.398063,1.097952
worker_8,1544,1788087231.180798,50,9.754131,1.096096
worker_8,1545,1788087231.190600,50,9.547055,1.097248
worker_8,1546,1788087231.200196,50,9.191201,1.100416
worker_8,1547,1788087231.209414,50,9.541259,1.097856
worker_8,1548,1788087231.218975,50,9.775103,1.095904
worker_8,1549,1788087231.228798,50,9.529222,1.097952
worker_8,1550,1788087231.238375,50,9.345471,1.097088
worker_8,1551,1788087231.247747,50,9.610990,1.098016
worker_8,1552,1788087231.257425,50,9.667715,1.098144
worker_8,1553,1788087231.267142,50,9.326378,1.099360
worker_8,1554,1788087231.276497,50,9.773428,1.096768
worker_8,1555,1788087231.286319,50,9.331822,1.097184
worker_8,1556,1788087231.295679,50,9.572093,1.098016
worker_8,1557,1788087231.305272,50,9.760224,1.096896
worker_8,1558,1788087231.315081,50,9.551491,1.098432
worker_8,1559,1788087231.324683,50,9.335544,1.098656
worker_8,1560,1788087231.334047,50,9.569408,1.096096
worker_8,1561,1788087231.343636,50,9.768409,1.096704
worker_8,1562,1788087231.353452,50,9.333794,1.097056
worker_8,1563,1788087231.362813,50,9.551815,1.096224
worker_8,1564,1788087231.372387,50,9.736057,1.096960
worker_8,1565,1788087231.382172,50,9.362286,1.095360
worker_8,1566,1788087231.391559,50,9.763613,1.097792
worker_8,1567,1788087231.401371,50,9.533991,1.096224
worker_8,1568,1788087231.410952,50,9.535814,1.096864
worker_8,1569,1788087231.420536,50,9.329414,1.095616
worker_8,1570,1788087231.429892,50,9.755318,1.096896
worker_8,1571,1788087231.439694,50,9.528630,1.097472
worker_8,1572,1788087231.449284,50,9.322257,1.097504
worker_8,1573,1788087231.458633,50,9.782392,1.097280
worker_8,1574,1788087231.468464,50,9.328414,1.097216
worker_8,1575,1788087231.477819,50,9.741853,1.096544
worker_8,1576,1788087231.487608,50,9.342101,1.097216
worker_8,1577,1788087231.496976,50,9.546500,1.097440
worker_8,1578,1788087231.506541,50,9.766020,1.096608
worker_8,1579,1788087231.516356,50,9.340952,1.105120
worker_8,1580,1788087231.525725,50,9.758529,1.098368
worker_8,1581,1788087231.535531,50,9.528046,1.097440
worker_8,1582,1788087231.545106,50,9.354507,1.096864
worker_8,1583,1788087231.554487,50,9.549380,1.097440
worker_8,1584,1788087231.564057,50,9.595759,1.105984
worker_8,1585,1788087231.573673,50,9.550740,1.098720
worker_8,1586,1788087231.583241,50,9.768632,1.096480
worker_8,1587,1788087231.593059,50,9.533703,1.096960
worker_8,1588,1788087231.602641,50,9.527434,1.096992
worker_8,1589,1788087231.612227,50,9.527083,1.095904
worker_8,1590,1788087231.621802,50,9.528147,1.097984
worker_8,1591,1788087231.631391,50,9.533777,1.098912
worker_8,1592,1788087231.640973,50,9.325785,1.097536
worker_8,1593,1788087231.650326,50,9.547639,1.096608
worker_8,1594,1788087231.659893,50,9.565499,1.096544
worker_8,1595,1788087231.669477,50,9.554834,1.097152
worker_8,1596,1788087231.679049,50,9.791169,1.099712
worker_8,1597,1788087231.688889,50,9.526416,1.096448
worker_8,1598,1788087231.698463,50,9.529806,1.095200
worker_8,1599,1788087231.708042,50,9.549963,1.096608
worker_8,1600,1788087231.717641,50,9.537824,1.096000
worker_8,1601,1788087231.727227,50,9.544407,1.107456
worker_8,1602,1788087231.736819,50,9.534074,1.096736
worker_8,1603,1788087231.746402,50,9.336174,1.095968
worker_8,1604,1788087231.755764,50,9.759993,1.097344
worker_8,1605,1788087231.765572,50,9.348008,1.098336
worker_8,1606,1788087231.774945,50,9.551288,1.097824
worker_8,1607,1788087231.784516,50,9.561436,1.096608
worker_8,1608,1788087231.794096,50,9.775344,1.096320
worker_8,1609,1788087231.803920,50,9.342416,1.110080
worker_8,1610,1788087231.813290,50,9.574843,1.097440
worker_8,1611,1788087231.822891,50,9.776734,1.096160
worker_8,1612,1788087231.832716,50,9.314137,1.096640
worker_8,1613,1788087231.842056,50,9.774614,1.096832
worker_8,1614,1788087231.851879,50,9.335804,1.099104
worker_8,1615,1788087231.861244,50,9.550009,1.098592
worker_8,1616,1788087231.870814,50,9.610437,1.095904
worker_8,1617,1788087231.880475,50,9.689344,1.097248
worker_8,1618,1788087231.890211,50,9.537889,1.096288
worker_8,1619,1788087231.899797,50,9.335452,1.099616
worker_8,1620,1788087231.909160,50,9.770409,1.096352
worker_8,1621,1788087231.918981,50,9.527074,1.098592
worker_8,1622,1788087231.928556,50,9.538324,1.097184
worker_8,1623,1788087231.938142,50,9.327887,1.098400
worker_8,1624,1788087231.947500,50,9.552946,1.096864
worker_8,1625,1788087231.957073,50,9.564157,1.097472
worker_8,1626,1788087231.966653,50,9.571899,1.097696
worker_8,1627,1788087231.976241,50,9.775179,1.096704
worker_8,1628,1788087231.986065,50,9.534259,1.097824
worker_8,1629,1788087231.995648,50,9.541305,1.097728
worker_8,1630,1788087232.005253,50,9.332553,1.097344
worker_8,1631,1788087232.014611,50,9.750326,1.096256
worker_8,1632,1788087232.024412,50,9.363193,1.099744
worker_8,1633,1788087232.033804,50,9.754771,1.096320
worker_8,1634,1788087232.043608,50,9.528353,1.095712
worker_8,1635,1788087232.053184,50,9.547047,1.096032
worker_8,1636,1788087232.062780,50,9.332359,1.096512
worker_8,1637,1788087232.072138,50,9.799826,1.097792
worker_8,1638,1788087232.081986,50,9.506175,1.097376
worker_8,1639,1788087232.091540,50,9.540185,1.096800
worker_8,1640,1788087232.101130,50,9.533046,1.096000
worker_8,1641,1788087232.110709,50,9.568491,1.096256
worker_8,1642,1788087232.120328,50,9.328147,1.097408
worker_8,1643,1788087232.129683,50,9.559556,1.096480
worker_8,1644,1788087232.139263,50,9.767668,1.098048
worker_8,1645,1788087232.149079,50,9.331757,1.096128
worker_8,1646,1788087232.158437,50,9.754936,1.097600
worker_8,1647,1788087232.168257,50,9.318656,1.097760
worker_8,1648,1788087232.177602,50,9.768695,1.096736
worker_8,1649,1788087232.187418,50,9.542981,1.099168
worker_8,1650,1788087232.197021,50,9.537186,1.095936
worker_8,1651,1788087232.206607,50,9.520453,1.096320
worker_8,1652,1788087232.216175,50,9.333803,1.097344
worker_8,1653,1788087232.225535,50,9.752762,1.097600
worker_8,1654,1788087232.235335,50,9.326775,1.096096
worker_8,1655,1788087232.244687,50,9.754409,1.097600
worker_8,1656,1788087232.254489,50,9.333462,1.097088
worker_8,1657,1788087232.263849,50,9.772214,1.101760
worker_8,1658,1788087232.273669,50,9.532852,1.096896
worker_8,1659,1788087232.283249,50,9.328304,1.096640
worker_8,1660,1788087232.292606,50,9.757945,1.096256
worker_8,1661,1788087232.302415,50,9.533416,1.096288
worker_8,1662,1788087232.311996,50,9.537869,1.100448
worker_8,1663,1788087232.321584,50,9.330165,1.096448
worker_8,1664,1788087232.330941,50,9.546907,1.097824
worker_8,1665,1788087232.340506,50,9.559518,1.096544
worker_8,1666,1788087232.350084,50,9.584241,1.095872
worker_8,1667,1788087232.359684,50,9.564972,1.098240
worker_8,1668,1788087232.369265,50,9.783224,1.097824
worker_8,1669,1788087232.379111,50,9.524221,1.096544
worker_8,1670,1788087232.388685,50,9.321193,1.096480
worker_8,1671,1788087232.398032,50,9.546870,1.096768
worker_8,1672,1788087232.407598,50,9.784826,1.099296
worker_8,1673,1788087232.417431,50,9.529861,1.097824
worker_8,1674,1788087232.427010,50,9.532323,1.096864
worker_8,1675,1788087232.436591,50,9.530786,1.096576
worker_8,1676,1788087232.446170,50,9.549028,1.096448
worker_8,1677,1788087232.455767,50,9.322980,1.098304
worker_8,1678,1788087232.465114,50,9.765371,1.096608
worker_8,1679,1788087232.474929,50,9.524842,1.095616
worker_8,1680,1788087232.484503,50,9.387073,1.100832
worker_8,1681,1788087232.493941,50,9.479730,1.097216
worker_8,1682,1788087232.503448,50,9.553463,1.096576
worker_8,1683,1788087232.513103,50,9.678798,1.096576
worker_8,1684,1788087232.522831,50,9.328878,1.096224
worker_8,1685,1788087232.532187,50,9.762206,1.096960
worker_8,1686,1788087232.541997,50,9.338026,1.097152
worker_8,1687,1788087232.551361,50,9.572520,1.098304
worker_8,1688,1788087232.560953,50,9.549110,1.096160
worker_8,1689,1788087232.570533,50,9.558324,1.097056
worker_8,1690,1788087232.580107,50,9.567251,1.102912
worker_8,1691,1788087232.589691,50,9.560370,1.097056
worker_8,1692,1788087232.599269,50,9.768196,1.096416
worker_8,1693,1788087232.609086,50,9.380739,1.096768
worker_8,1694,1788087232.618520,50,9.674510,1.096608
worker_8,1695,1788087232.628258,50,9.540759,1.098080
worker_8,1696,1788087232.637848,50,9.520066,1.095904
worker_8,1697,1788087232.647414,50,9.541981,1.105088
worker_8,1698,1788087232.657005,50,9.516954,1.096800
worker_8,1699,1788087232.666570,50,9.717447,1.097344
worker_8,1700,1788087232.676336,50,9.336461,1.107680
worker_8,1701,1788087232.685702,50,9.606463,1.097312
worker_8,1702,1788087232.695358,50,9.328183,1.101472
worker_8,1703,1788087232.704711,50,9.551510,1.096896
worker_8,1704,1788087232.714282,50,9.764641,1.097664
worker_8,1705,1788087232.724094,50,9.337026,1.097120
worker_8,1706,1788087232.733455,50,9.571472,1.103872
worker_8,1707,1788087232.743046,50,9.560788,1.097696
worker_8,1708,1788087232.752632,50,9.568574,1.097504
worker_8,1709,1788087232.762218,50,9.562815,1.099168
worker_8,1710,1788087232.771797,50,9.781836,1.096800
worker_8,1711,1788087232.781628,50,9.565037,1.097888
worker_8,1712,1788087232.791241,50,9.308082,1.096800
worker_8,1713,1788087232.800576,50,9.790576,1.096800
worker_8,1714,1788087232.810415,50,9.319821,1.095776
worker_8,1715,1788087232.819762,50,9.785141,1.097024
worker_8,1716,1788087232.829597,50,9.347313,1.100192
worker_8,1717,1788087232.838970,50,9.756678,1.097376
worker_8,1718,1788087232.848776,50,9.391630,1.095808
worker_8,1719,1788087232.858217,50,9.465472,1.096640
worker_8,1720,1788087232.867710,50,9.558287,1.096800
worker_8,1721,1788087232.877288,50,9.568323,1.096320
worker_8,1722,1788087232.886880,50,9.559019,1.099648
worker_8,1723,1788087232.896460,50,9.574464,1.096672
worker_8,1724,1788087232.906051,50,9.563462,1.097728
worker_8,1725,1788087232.915632,50,9.795807,1.096448
worker_8,1726,1788087232.925475,50,9.530223,1.096000
worker_8,1727,1788087232.935054,50,9.329887,1.098400
worker_8,1728,1788087232.944424,50,9.747187,1.096832
worker_8,1729,1788087232.954220,50,9.335517,1.097664
worker_8,1730,1788087232.963580,50,9.548055,1.098624
worker_8,1731,1788087232.973146,50,9.648306,1.096480
worker_8,1732,1788087232.982846,50,9.510371,1.096512
worker_8,1733,1788087232.992408,50,9.474888,1.096768
worker_8,1734,1788087233.001912,50,9.549471,1.098144
worker_8,1735,1788087233.011483,50,9.774261,1.099360
worker_8,1736,1788087233.021306,50,9.530823,1.098592
worker_8,1737,1788087233.030886,50,9.536657,1.096608
worker_8,1738,1788087233.040470,50,9.538740,1.097344
worker_8,1739,1788087233.050058,50,9.329072,1.096224
worker_8,1740,1788087233.059414,50,9.547954,1.096576
worker_8,1741,1788087233.068981,50,9.586500,1.096704
worker_8,1742,1788087233.078584,50,9.775400,1.096256
worker_8,1743,1788087233.088410,50,9.533102,1.096832
worker_8,1744,1788087233.097991,50,9.532936,1.096800
worker_8,1745,1788087233.107574,50,9.531481,1.097760
worker_8,1746,1788087233.117153,50,9.333795,1.098144
worker_8,1747,1788087233.126525,50,9.763519,1.097760
worker_8,1748,1788087233.136336,50,9.523064,1.096288
worker_8,1749,1788087233.145907,50,9.544009,1.098112
worker_8,1750,1788087233.155498,50,9.364386,1.098176
worker_8,1751,1788087233.164889,50,9.555686,1.099136
worker_8,1752,1788087233.174463,50,9.819706,1.096352
worker_8,1753,1788087233.184330,50,9.517287,1.095456
worker_8,1754,1788087233.193896,50,9.550046,1.097088
worker_8,1755,1788087233.203496,50,9.541648,1.099712
worker_8,1756,1788087233.213084,50,9.330017,1.096064
worker_8,1757,1788087233.222441,50,9.547992,1.096800
worker_8,1758,1788087233.232008,50,9.778761,1.096320
worker_8,1759,1788087233.241837,50,9.321035,1.096192
worker_8,1760,1788087233.251184,50,9.548445,1.097376
worker_8,1761,1788087233.260753,50,9.573537,1.097312
worker_8,1762,1788087233.270343,50,9.563120,1.096416
worker_8,1763,1788087233.279922,50,9.801771,1.107008
worker_8,1764,1788087233.289772,50,9.537787,1.096896
worker_8,1765,1788087233.299357,50,9.519333,1.097952
worker_8,1766,1788087233.308924,50,9.336822,1.096416
worker_8,1767,1788087233.318301,50,9.540639,1.099424
worker_8,1768,1788087233.327861,50,9.566278,1.098784
worker_8,1769,1788087233.337444,50,9.767965,1.097344
worker_8,1770,1788087233.347261,50,9.503795,1.106464
worker_8,1771,1788087233.356792,50,9.392629,1.097472
worker_8,1772,1788087233.366205,50,9.561344,1.096896
worker_8,1773,1788087233.375784,50,9.765030,1.095872
worker_8,1774,1788087233.385597,50,9.332703,1.097760
worker_8,1775,1788087233.394956,50,9.762280,1.098048
worker_8,1776,1788087233.404766,50,9.333442,1.096288
worker_8,1777,1788087233.414124,50,9.556147,1.096224
worker_8,1778,1788087233.423698,50,9.569575,1.097120
worker_8,1779,1788087233.433286,50,9.760594,1.096288
worker_8,1780,1788087233.443094,50,9.552797,1.104224
worker_8,1781,1788087233.452698,50,9.533797,1.096736
worker_8,1782,1788087233.462280,50,9.532240,1.096544
worker_8,1783,1788087233.471861,50,9.528426,1.096480
worker_8,1784,1788087233.481438,50,9.325175,1.098208
worker_8,1785,1788087233.490790,50,9.769678,1.098976
worker_8,1786,1788087233.500624,50,9.316368,1.097248
worker_8,1787,1788087233.509966,50,9.550444,1.096992
worker_8,1788,1788087233.519534,50,9.789086,1.096672
worker_8,1789,1788087233.529373,50,9.335239,1.097280
worker_8,1790,1788087233.538734,50,9.554232,1.099328
worker_8,1791,1788087233.548308,50,9.785346,1.097568
worker_8,1792,1788087233.558141,50,9.307749,1.096000
worker_8,1793,1788087233.567477,50,9.548027,1.097152
worker_8,1794,1788087233.577044,50,9.556371,1.097472
worker_8,1795,1788087233.586619,50,9.559602,1.097696
worker_8,1796,1788087233.596194,50,9.566241,1.097088
worker_8,1797,1788087233.605776,50,9.565509,1.095712
worker_8,1798,1788087233.615359,50,9.585316,1.097632
worker_8,1799,1788087233.624961,50,9.792946,1.098240
worker_8,1800,1788087233.634802,50,9.533092,1.096000
worker_8,1801,1788087233.644385,50,9.470444,1.102400
worker_8,1802,1788087233.653904,50,9.604843,1.097920
worker_8,1803,1788087233.663558,50,9.526351,1.096096
worker_8,1804,1788087233.673131,50,9.553296,1.095904
worker_8,1805,1788087233.682732,50,9.536259,1.096896
worker_8,1806,1788087233.692328,50,9.324841,1.097504
worker_8,1807,1788087233.701681,50,9.552482,1.096192
worker_8,1808,1788087233.711252,50,9.770677,1.096832
worker_8,1809,1788087233.721070,50,9.554769,1.099296
worker_8,1810,1788087233.730673,50,9.355832,1.097376
worker_8,1811,1788087233.740058,50,9.546666,1.098400
worker_8,1812,1788087233.749624,50,9.563926,1.099584
worker_8,1813,1788087233.759206,50,9.772511,1.096992
worker_8,1814,1788087233.769027,50,9.349545,1.098304
worker_8,1815,1788087233.778404,50,9.749855,1.096768
worker_8,1816,1788087233.788201,50,9.537129,1.097408
worker_8,1817,1788087233.797787,50,9.336858,1.099360
worker_8,1818,1788087233.807150,50,9.546667,1.096608
worker_8,1819,1788087233.816716,50,9.766621,1.096608
worker_8,1820,1788087233.826530,50,9.332571,1.096960
worker_8,1821,1788087233.835889,50,9.800762,1.096736
worker_8,1822,1788087233.845739,50,9.477739,1.098528
worker_8,1823,1788087233.855265,50,9.343266,1.096320
worker_8,1824,1788087233.864636,50,9.547000,1.096448
worker_8,1825,1788087233.874215,50,9.754030,1.098624
worker_8,1826,1788087233.884017,50,9.347767,1.095616
worker_8,1827,1788087233.893391,50,9.553018,1.097184
worker_8,1828,1788087233.902963,50,9.582954,1.102112
worker_8,1829,1788087233.912562,50,9.770030,1.096384
worker_8,1830,1788087233.922382,50,9.522417,1.096384
worker_8,1831,1788087233.931954,50,9.542861,1.096576
worker_8,1832,1788087233.941545,50,9.538908,1.097184
worker_8,1833,1788087233.951134,50,9.533797,1.096480
worker_8,1834,1788087233.960795,50,9.245886,1.097152
worker_8,1835,1788087233.970071,50,9.790772,1.096480
worker_8,1836,1788087233.979910,50,9.350267,1.097824
worker_8,1837,1788087233.989286,50,9.551862,1.098016
worker_8,1838,1788087233.998857,50,9.577612,1.100288
worker_8,1839,1788087234.008452,50,9.783826,1.095904
worker_8,1840,1788087234.018285,50,9.525000,1.096736
worker_8,1841,1788087234.027857,50,9.347351,1.095424
worker_8,1842,1788087234.037230,50,9.757798,1.097376
worker_8,1843,1788087234.047037,50,9.332618,1.096384
worker_8,1844,1788087234.056397,50,9.760827,1.097856
worker_8,1845,1788087234.066221,50,9.531668,1.096320
worker_8,1846,1788087234.075801,50,9.534935,1.098752
worker_8,1847,1788087234.085385,50,9.523805,1.097984
worker_8,1848,1788087234.094957,50,9.379704,1.096640
worker_8,1849,1788087234.104387,50,9.482129,1.096608
worker_8,1850,1788087234.113906,50,9.534629,1.098560
worker_8,1851,1788087234.123462,50,9.764438,1.098304
worker_8,1852,1788087234.133275,50,9.532972,1.098176
worker_8,1853,1788087234.142858,50,9.541101,1.096512
worker_8,1854,1788087234.152447,50,9.333387,1.100000
worker_8,1855,1788087234.161805,50,9.766161,1.098688
worker_8,1856,1788087234.171618,50,9.336721,1.099040
worker_8,1857,1788087234.180979,50,9.552536,1.099264
worker_8,1858,1788087234.190551,50,9.798503,1.096608
worker_8,1859,1788087234.200397,50,9.544519,1.105056
worker_8,1860,1788087234.209990,50,9.335397,1.099136
worker_8,1861,1788087234.219351,50,9.755020,1.098688
worker_8,1862,1788087234.229156,50,9.336488,1.098592
worker_8,1863,1788087234.238521,50,9.765409,1.099488
worker_8,1864,1788087234.248349,50,9.521629,1.102400
worker_8,1865,1788087234.257919,50,9.529749,1.096000
worker_8,1866,1788087234.267498,50,9.334016,1.098016
worker_8,1867,1788087234.276858,50,9.546277,1.099296
worker_8,1868,1788087234.286423,50,9.762779,1.096000
worker_8,1869,1788087234.296247,50,9.316887,1.096576
worker_8,1870,1788087234.305589,50,9.551369,1.097120
worker_8,1871,1788087234.315159,50,9.565501,1.099136
worker_8,1872,1788087234.324742,50,9.584223,1.099136
worker_8,1873,1788087234.334344,50,9.776890,1.096416
worker_8,1874,1788087234.344173,50,9.559361,1.096672
worker_8,1875,1788087234.353789,50,9.298443,1.096832
worker_8,1876,1788087234.363113,50,9.549296,1.100288
worker_8,1877,1788087234.372683,50,9.564445,1.097600
worker_8,1878,1788087234.382264,50,9.561574,1.096256
worker_8,1879,1788087234.391842,50,9.776252,1.098304
worker_8,1880,1788087234.401667,50,9.535018,1.098528
worker_8,1881,1788087234.411250,50,9.531148,1.097440
worker_8,1882,1788087234.420829,50,9.325295,1.098048
worker_8,1883,1788087234.430179,50,9.785964,1.097952
worker_8,1884,1788087234.440027,50,9.323682,1.097376
worker_8,1885,1788087234.449377,50,9.570157,1.095808
worker_8,1886,1788087234.458969,50,9.777929,1.102016
worker_8,1887,1788087234.468794,50,9.395665,1.098208
worker_8,1888,1788087234.478241,50,9.676380,1.096064
worker_8,1889,1788087234.487966,50,9.542712,1.095968
worker_8,1890,1788087234.497557,50,9.335601,1.096704
worker_8,1891,1788087234.506917,50,9.753392,1.097504
worker_8,1892,1788087234.516718,50,9.533111,1.096800
worker_8,1893,1788087234.526299,50,9.355554,1.096864
worker_8,1894,1788087234.535680,50,9.572805,1.098048
worker_8,1895,1788087234.545270,50,9.762067,1.096096
worker_8,1896,1788087234.555082,50,9.331675,1.097664
worker_8,1897,1788087234.564439,50,9.755677,1.097056
worker_8,1898,1788087234.574247,50,9.541537,1.095680
worker_8,1899,1788087234.583838,50,9.327397,1.099296
worker_8,1900,1788087234.593191,50,9.764650,1.098560
worker_8,1901,1788087234.603003,50,9.560074,1.097056
worker_8,1902,1788087234.612610,50,9.505593,1.097152
worker_8,1903,1788087234.622176,50,9.314156,1.097952
worker_8,1904,1788087234.631517,50,9.558074,1.099232
worker_8,1905,1788087234.641092,50,9.575260,1.097536
worker_8,1906,1788087234.650686,50,9.776281,1.096896
worker_8,1907,1788087234.660511,50,9.523334,1.097056
worker_8,1908,1788087234.670082,50,9.540353,1.095872
worker_8,1909,1788087234.679672,50,9.532029,1.096480
worker_8,1910,1788087234.689253,50,9.330063,1.097504
worker_8,1911,1788087234.698608,50,9.776298,1.097184
worker_8,1912,1788087234.708432,50,9.515315,1.096832
worker_8,1913,1788087234.717995,50,9.336231,1.097792
worker_8,1914,1788087234.727358,50,9.780057,1.101024
worker_8,1915,1788087234.737185,50,9.561120,1.099264
worker_8,1916,1788087234.746794,50,9.297368,1.096000
worker_8,1917,1788087234.756116,50,9.816142,1.105056
worker_8,1918,1788087234.765981,50,9.487361,1.097984
worker_8,1919,1788087234.775517,50,9.330859,1.099776
worker_8,1920,1788087234.784873,50,9.549056,1.097408
worker_8,1921,1788087234.794440,50,9.583603,1.097184
worker_8,1922,1788087234.804042,50,9.794853,1.107968
worker_8,1923,1788087234.813898,50,9.322303,1.098528
worker_8,1924,1788087234.823246,50,9.552676,1.098560
worker_8,1925,1788087234.832818,50,9.569557,1.096224
worker_8,1926,1788087234.842408,50,9.637103,1.095712
worker_8,1927,1788087234.852094,50,9.658658,1.097056
worker_8,1928,1788087234.861801,50,9.527177,1.096480
worker_8,1929,1788087234.871375,50,9.551935,1.096512
worker_8,1930,1788087234.880976,50,9.343526,1.096160
worker_8,1931,1788087234.890346,50,9.752918,1.095712
worker_8,1932,1788087234.900146,50,9.541388,1.098816
worker_8,1933,1788087234.909736,50,9.330044,1.096672
worker_8,1934,1788087234.919092,50,9.554101,1.097376
worker_8,1935,1788087234.928666,50,9.555473,1.098816
worker_8,1936,1788087234.938240,50,9.560037,1.097440
worker_8,1937,1788087234.947817,50,9.566879,1.098784
worker_8,1938,1788087234.957400,50,9.784419,1.096256
worker_8,1939,1788087234.967233,50,9.518973,1.097280
worker_8,1940,1788087234.976801,50,9.330923,1.095744
worker_8,1941,1788087234.986162,50,9.554398,1.097792
worker_8,1942,1788087234.995749,50,9.760789,1.098240
worker_8,1943,1788087235.005558,50,9.336953,1.095744
worker_8,1944,1788087235.014921,50,9.550416,1.097824
worker_8,1945,1788087235.024491,50,9.560130,1.098368
worker_8,1946,1788087235.034069,50,9.800373,1.097120
worker_8,1947,1788087235.043918,50,9.550528,1.096992
worker_8,1948,1788087235.053516,50,9.345193,1.096704
worker_8,1949,1788087235.062899,50,9.528463,1.096096
worker_8,1950,1788087235.072449,50,9.553435,1.097088
worker_8,1951,1788087235.082020,50,9.619964,1.095584
worker_8,1952,1788087235.091692,50,9.669075,1.100064
worker_8,1953,1788087235.101410,50,9.336137,1.096192
worker_8,1954,1788087235.110772,50,9.557297,1.095776
worker_8,1955,1788087235.120348,50,9.770937,1.096256
worker_8,1956,1788087235.130168,50,9.543898,1.097504
worker_8,1957,1788087235.139760,50,9.533028,1.097856
worker_8,1958,1788087235.149341,50,9.548075,1.096800
worker_8,1959,1788087235.158937,50,9.533991,1.097632
worker_8,1960,1788087235.168518,50,9.326571,1.098176
worker_8,1961,1788087235.177871,50,9.757020,1.096128
worker_8,1962,1788087235.187689,50,9.521723,1.097184
worker_8,1963,1788087235.197260,50,9.328814,1.097088
worker_8,1964,1788087235.206617,50,9.548333,1.096192
worker_8,1965,1788087235.216185,50,9.582103,1.103776
worker_8,1966,1788087235.225784,50,9.783864,1.097536
worker_8,1967,1788087235.235619,50,9.320230,1.098496
worker_8,1968,1788087235.244966,50,9.781289,1.098048
worker_8,1969,1788087235.254797,50,9.319044,1.098496
worker_8,1970,1788087235.264142,50,9.785196,1.097952
worker_8,1971,1788087235.273975,50,9.321628,1.096512
worker_8,1972,1788087235.283323,50,9.752381,1.096448
worker_8,1973,1788087235.293122,50,9.339294,1.095872
worker_8,1974,1788087235.302488,50,9.769826,1.095904
worker_8,1975,1788087235.312306,50,9.540751,1.097248
worker_8,1976,1788087235.321894,50,9.336906,1.097984
worker_8,1977,1788087235.331258,50,9.546971,1.096416
worker_8,1978,1788087235.340825,50,9.568593,1.097408
worker_8,1979,1788087235.350411,50,9.723946,1.096960
worker_8,1980,1788087235.360153,50,9.643862,1.096864
worker_8,1981,1788087235.369859,50,9.503175,1.095712
worker_8,1982,1788087235.379413,50,9.542787,1.097600
worker_8,1983,1788087235.389004,50,9.334239,1.099040
worker_8,1984,1788087235.398365,50,9.770001,1.096480
worker_8,1985,1788087235.408278,50,9.440637,1.096544
worker_8,1986,1788087235.417767,50,9.331081,1.097504
worker_8,1987,1788087235.427126,50,9.544713,1.097824
worker_8,1988,1788087235.436690,50,9.776788,1.097408
worker_8,1989,1788087235.446516,50,9.318165,1.096032
worker_8,1990,1788087235.455859,50,9.556407,1.096416
worker_8,1991,1788087235.465436,50,9.559491,1.096544
worker_8,1992,1788087235.475014,50,9.558694,1.097088
worker_8,1993,1788087235.484591,50,9.619074,1.097792
worker_8,1994,1788087235.494260,50,9.502018,1.095904
worker_8,1995,1788087235.503791,50,9.556269,1.096672
worker_8,1996,1788087235.513371,50,9.556834,1.099104
worker_8,1997,1788087235.522949,50,9.767872,1.097728
worker_8,1998,1788087235.532764,50,9.552158,1.096896
worker_8,1999,1788087235.542364,50,9.530325,1.096000
worker_8,2000,1788087235.551943,50,9.536611,1.097728
worker_8,2001,1788087235.561540,50,9.315572,1.098784
worker_8,2002,1788087235.570883,50,9.751215,1.097344
worker_8,2003,1788087235.580683,50,9.324063,1.096256
worker_8,2004,1788087235.590033,50,9.548492,1.096736
worker_8,2005,1788087235.599601,50,9.771124,1.095840
worker_8,2006,1788087235.609419,50,9.339387,1.098336
worker_8,2007,1788087235.618784,50,9.555601,1.098464
worker_8,2008,1788087235.628361,50,9.793031,1.096544
worker_8,2009,1788087235.638203,50,9.322322,1.097184
worker_8,2010,1788087235.647552,50,9.569639,1.099072
worker_8,2011,1788087235.657141,50,9.561306,1.096768
worker_8,2012,1788087235.666719,50,9.569287,1.099840
worker_8,2013,1788087235.676305,50,9.762391,1.097184
worker_8,2014,1788087235.686116,50,9.531065,1.098688
worker_8,2015,1788087235.695696,50,9.532240,1.096832
worker_8,2016,1788087235.705276,50,9.333368,1.098528
worker_8,2017,1788087235.714638,50,9.559463,1.096992
worker_8,2018,1788087235.724238,50,9.571992,1.097568
worker_8,2019,1788087235.733840,50,9.722965,1.097024
worker_8,2020,1788087235.743624,50,9.341701,1.102816
worker_8,2021,1788087235.752994,50,9.551371,1.096224
worker_8,2022,1788087235.762565,50,9.784095,1.098816
worker_8,2023,1788087235.772396,50,9.537389,1.096736
worker_8,2024,1788087235.781983,50,9.526500,1.097824
worker_8,2025,1788087235.791559,50,9.549769,1.099232
worker_8,2026,1788087235.801157,50,9.527870,1.097952
worker_8,2027,1788087235.810734,50,9.551750,1.096736
worker_8,2028,1788087235.820335,50,9.336276,1.103840
worker_8,2029,1788087235.829698,50,9.554750,1.099104
worker_8,2030,1788087235.839273,50,9.564455,1.095968
worker_8,2031,1788087235.848857,50,9.582733,1.098528
worker_8,2032,1788087235.858458,50,9.778520,1.097280
worker_8,2033,1788087235.868287,50,9.327710,1.102432
worker_8,2034,1788087235.877642,50,9.556575,1.098208
worker_8,2035,1788087235.887220,50,9.780096,1.097472
worker_8,2036,1788087235.897049,50,9.525621,1.096864
worker_8,2037,1788087235.906625,50,9.331462,1.098112
worker_8,2038,1788087235.915983,50,9.845384,1.098656
worker_8,2039,1788087235.925889,50,9.249664,1.096096
worker_8,2040,1788087235.935178,50,9.542148,1.097600
worker_8,2041,1788087235.944739,50,9.576185,1.096928
worker_8,2042,1788087235.954334,50,9.574361,1.096928
worker_8,2043,1788087235.963926,50,9.560232,1.098368
worker_8,2044,1788087235.973504,50,9.775465,1.096800
worker_8,2045,1788087235.983328,50,9.542278,1.096416
worker_8,2046,1788087235.992919,50,9.325757,1.096640
worker_8,2047,1788087236.002272,50,9.757799,1.096832
worker_8,2048,1788087236.012080,50,9.596102,1.098624
worker_8,2049,1788087236.021736,50,9.481618,1.096320
worker_8,2050,1788087236.031266,50,9.326832,1.098304
worker_8,2051,1788087236.040618,50,9.769030,1.098112
worker_8,2052,1788087236.050436,50,9.533065,1.096480
worker_8,2053,1788087236.060018,50,9.535546,1.099680
worker_8,2054,1788087236.069602,50,9.336452,1.097504
worker_8,2055,1788087236.078966,50,9.753021,1.096768
worker_8,2056,1788087236.088768,50,9.329082,1.096192
worker_8,2057,1788087236.098123,50,9.562926,1.096704
worker_8,2058,1788087236.107706,50,9.556389,1.098848
worker_8,2059,1788087236.117286,50,9.774817,1.095424
worker_8,2060,1788087236.127110,50,9.348683,1.096608
worker_8,2061,1788087236.136486,50,9.761538,1.097600
worker_8,2062,1788087236.146299,50,9.544360,1.095328
worker_8,2063,1788087236.155892,50,9.535120,1.100896
worker_8,2064,1788087236.165476,50,9.540667,1.097504
worker_8,2065,1788087236.175066,50,9.541796,1.100352
worker_8,2066,1788087236.184654,50,9.527842,1.095776
worker_8,2067,1788087236.194232,50,9.342673,1.097504
worker_8,2068,1788087236.203602,50,9.752771,1.098784
worker_8,2069,1788087236.213404,50,9.327165,1.096096
worker_8,2070,1788087236.222758,50,9.554425,1.100672
worker_8,2071,1788087236.232332,50,9.565241,1.097184
worker_8,2072,1788087236.241915,50,9.777252,1.097600
worker_8,2073,1788087236.251741,50,9.327545,1.099328
worker_8,2074,1788087236.261094,50,9.752400,1.098624
worker_8,2075,1788087236.270896,50,9.543834,1.098688
worker_8,2076,1788087236.280488,50,9.539639,1.095392
worker_8,2077,1788087236.290077,50,9.529677,1.095296
worker_8,2078,1788087236.299655,50,9.538954,1.100512
worker_8,2079,1788087236.309257,50,9.322183,1.095936
worker_8,2080,1788087236.318606,50,9.759642,1.096256
worker_8,2081,1788087236.328414,50,9.533759,1.099104
worker_8,2082,1788087236.337996,50,9.565314,1.097408
worker_8,2083,1788087236.347612,50,9.329831,1.100128
worker_8,2084,1788087236.356968,50,9.784261,1.097504
worker_8,2085,1788087236.366801,50,9.336173,1.096352
worker_8,2086,1788087236.376163,50,9.546380,1.096288
worker_8,2087,1788087236.385727,50,8.356999,1.096512
