label,batch,start_unix_s,operations,wall_ms,cuda_batch_ms
worker_7,0,1788087216.384773,50,4.511418,4.234624
worker_7,1,1788087216.389326,50,9.191581,1.098592
worker_7,2,1788087216.398548,50,9.555342,1.098368
worker_7,3,1788087216.408123,50,9.709076,1.097472
worker_7,4,1788087216.417850,50,9.570907,1.096512
worker_7,5,1788087216.427440,50,9.568529,1.098080
worker_7,6,1788087216.437025,50,9.565416,1.096672
worker_7,7,1788087216.446606,50,9.568712,1.096672
worker_7,8,1788087216.456192,50,9.599668,1.110592
worker_7,9,1788087216.465808,50,9.563333,1.096960
worker_7,10,1788087216.475397,50,9.394516,1.096928
worker_7,11,1788087216.484810,50,9.581324,1.098656
worker_7,12,1788087216.494411,50,9.557343,1.099104
worker_7,13,1788087216.503985,50,9.564713,1.099040
worker_7,14,1788087216.513566,50,9.558971,1.096448
worker_7,15,1788087216.523140,50,9.794742,1.096096
worker_7,16,1788087216.532984,50,9.321711,1.099136
worker_7,17,1788087216.542332,50,9.558944,1.096864
worker_7,18,1788087216.551910,50,9.565501,1.096736
worker_7,19,1788087216.561491,50,9.561147,1.098336
worker_7,20,1788087216.571068,50,9.572323,1.096960
worker_7,21,1788087216.580659,50,9.550611,1.096192
worker_7,22,1788087216.590226,50,9.566603,1.097632
worker_7,23,1788087216.599811,50,9.554444,1.098336
worker_7,24,1788087216.609381,50,9.561676,1.097344
worker_7,25,1788087216.618958,50,9.788510,1.098304
worker_7,26,1788087216.628794,50,9.328823,1.096736
worker_7,27,1788087216.638148,50,9.545120,1.097792
worker_7,28,1788087216.647711,50,9.567788,1.099520
worker_7,29,1788087216.657310,50,9.555509,1.098848
worker_7,30,1788087216.666881,50,9.572917,1.099744
worker_7,31,1788087216.676470,50,9.591520,1.098336
worker_7,32,1788087216.686080,50,9.564564,1.098560
worker_7,33,1788087216.695664,50,9.578677,1.098496
worker_7,34,1788087216.705259,50,9.587908,1.100960
worker_7,35,1788087216.714863,50,9.569120,1.098752
worker_7,36,1788087216.724446,50,9.767270,1.098592
worker_7,37,1788087216.734263,50,9.328331,1.096992
worker_7,38,1788087216.743616,50,9.550881,1.096864
worker_7,39,1788087216.753184,50,9.558139,1.097536
worker_7,40,1788087216.762759,50,9.565963,1.099456
worker_7,41,1788087216.772341,50,9.587122,1.098272
worker_7,42,1788087216.781963,50,9.521167,1.097120
worker_7,43,1788087216.791509,50,9.556852,1.097280
worker_7,44,1788087216.801090,50,9.559622,1.096960
worker_7,45,1788087216.810670,50,9.556370,1.097472
worker_7,46,1788087216.820244,50,9.561824,1.097664
worker_7,47,1788087216.829823,50,9.559889,1.097216
worker_7,48,1788087216.839399,50,9.584075,1.096320
worker_7,49,1788087216.849014,50,9.552167,1.098880
worker_7,50,1788087216.858582,50,9.576352,1.096896
worker_7,51,1788087216.868174,50,9.592760,1.097792
worker_7,52,1788087216.877784,50,9.571250,1.096960
worker_7,53,1788087216.887377,50,9.762224,1.097056
worker_7,54,1788087216.897185,50,9.533056,1.096672
worker_7,55,1788087216.906764,50,9.524195,1.096384
worker_7,56,1788087216.916334,50,9.335813,1.101568
worker_7,57,1788087216.925694,50,9.705308,1.098752
worker_7,58,1788087216.935416,50,9.590074,1.104672
worker_7,59,1788087216.945024,50,9.556629,1.097280
worker_7,60,1788087216.954597,50,9.568723,1.097184
worker_7,61,1788087216.964181,50,9.560249,1.097504
worker_7,62,1788087216.973756,50,9.575435,1.096512
worker_7,63,1788087216.983353,50,9.401397,1.097056
worker_7,64,1788087216.992775,50,9.783891,1.098048
worker_7,65,1788087217.002609,50,9.526991,1.096192
worker_7,66,1788087217.012181,50,9.527795,1.097664
worker_7,67,1788087217.021756,50,9.335322,1.097696
worker_7,68,1788087217.031128,50,9.528092,1.097312
worker_7,69,1788087217.040674,50,9.554075,1.096576
worker_7,70,1788087217.050245,50,9.573055,1.096512
worker_7,71,1788087217.059833,50,9.571528,1.103424
worker_7,72,1788087217.069420,50,9.574962,1.097760
worker_7,73,1788087217.079010,50,9.574547,1.097248
worker_7,74,1788087217.088608,50,9.753761,1.096800
worker_7,75,1788087217.098408,50,9.569231,1.095904
worker_7,76,1788087217.108025,50,9.536806,1.101216
worker_7,77,1788087217.117611,50,9.514361,1.096512
worker_7,78,1788087217.127170,50,9.331786,1.097344
worker_7,79,1788087217.136525,50,9.553842,1.097600
worker_7,80,1788087217.146097,50,9.570991,1.097248
worker_7,81,1788087217.155685,50,9.583788,1.099744
worker_7,82,1788087217.165283,50,9.561175,1.098368
worker_7,83,1788087217.174861,50,9.587038,1.100288
worker_7,84,1788087217.184470,50,9.558555,1.098240
worker_7,85,1788087217.194046,50,9.770076,1.097376
worker_7,86,1788087217.203861,50,9.525935,1.097088
worker_7,87,1788087217.213432,50,9.529499,1.095744
worker_7,88,1788087217.223021,50,9.326044,1.098016
worker_7,89,1788087217.232371,50,9.547334,1.095328
worker_7,90,1788087217.241937,50,9.560416,1.098976
worker_7,91,1788087217.251514,50,9.557630,1.097920
worker_7,92,1788087217.261089,50,9.565527,1.098880
worker_7,93,1788087217.270672,50,9.564538,1.098720
worker_7,94,1788087217.280251,50,9.590287,1.097792
worker_7,95,1788087217.289862,50,9.750585,1.097952
worker_7,96,1788087217.299658,50,9.540537,1.098240
worker_7,97,1788087217.309243,50,9.548880,1.095776
worker_7,98,1788087217.318838,50,9.330544,1.096128
worker_7,99,1788087217.328192,50,9.577926,1.102688
worker_7,100,1788087217.337787,50,9.553492,1.096480
worker_7,101,1788087217.347357,50,9.746752,1.096352
worker_7,102,1788087217.357120,50,9.396165,1.098496
worker_7,103,1788087217.366532,50,9.565797,1.096576
worker_7,104,1788087217.376110,50,9.585416,1.102528
worker_7,105,1788087217.385710,50,9.560148,1.097568
worker_7,106,1788087217.395283,50,9.781531,1.098272
worker_7,107,1788087217.405123,50,9.522240,1.097120
worker_7,108,1788087217.414694,50,9.574481,1.096896
worker_7,109,1788087217.424317,50,9.312165,1.096608
worker_7,110,1788087217.433655,50,9.552685,1.100512
worker_7,111,1788087217.443226,50,9.558889,1.096864
worker_7,112,1788087217.452800,50,9.575222,1.097280
worker_7,113,1788087217.462392,50,9.559214,1.096832
worker_7,114,1788087217.471966,50,9.570305,1.097024
worker_7,115,1788087217.481551,50,9.782011,1.097824
worker_7,116,1788087217.491379,50,9.552853,1.098944
worker_7,117,1788087217.500979,50,9.544602,1.097280
worker_7,118,1788087217.510568,50,9.514527,1.097888
worker_7,119,1788087217.520127,50,9.334729,1.096224
worker_7,120,1788087217.529485,50,9.551917,1.098976
worker_7,121,1788087217.539055,50,9.567991,1.101024
worker_7,122,1788087217.548639,50,9.563130,1.099360
worker_7,123,1788087217.558219,50,9.568964,1.096544
worker_7,124,1788087217.567803,50,9.580824,1.098912
worker_7,125,1788087217.577399,50,9.781270,1.096960
worker_7,126,1788087217.587227,50,9.542259,1.098848
worker_7,127,1788087217.596829,50,9.522491,1.096864
worker_7,128,1788087217.606399,50,9.539787,1.096320
worker_7,129,1788087217.615984,50,9.313350,1.096832
worker_7,130,1788087217.625323,50,9.544852,1.096416
worker_7,131,1788087217.634886,50,9.572399,1.097760
worker_7,132,1788087217.644474,50,9.573842,1.097184
worker_7,133,1788087217.654064,50,9.563843,1.096672
worker_7,134,1788087217.663643,50,9.578074,1.096832
worker_7,135,1788087217.673237,50,9.562759,1.096928
worker_7,136,1788087217.682814,50,9.579556,1.099168
worker_7,137,1788087217.692414,50,9.554242,1.096576
worker_7,138,1788087217.701984,50,9.563352,1.098304
worker_7,139,1788087217.711565,50,9.783872,1.097280
worker_7,140,1788087217.721396,50,9.545066,1.097728
worker_7,141,1788087217.730986,50,9.322220,1.095936
worker_7,142,1788087217.740332,50,9.553890,1.098368
worker_7,143,1788087217.749902,50,9.554148,1.095552
worker_7,144,1788087217.759472,50,9.573223,1.097632
worker_7,145,1788087217.769064,50,9.551333,1.096352
worker_7,146,1788087217.778645,50,9.573491,1.098432
worker_7,147,1788087217.788242,50,9.540759,1.095968
worker_7,148,1788087217.797803,50,9.557732,1.097792
worker_7,149,1788087217.807379,50,9.578453,1.099872
worker_7,150,1788087217.816973,50,9.781503,1.097216
worker_7,151,1788087217.826803,50,9.545869,1.096384
worker_7,152,1788087217.836395,50,9.322479,1.097568
worker_7,153,1788087217.845741,50,9.552769,1.098112
worker_7,154,1788087217.855311,50,9.561166,1.096384
worker_7,155,1788087217.864889,50,9.567943,1.097952
worker_7,156,1788087217.874563,50,9.473740,1.097952
worker_7,157,1788087217.884056,50,9.568185,1.099072
worker_7,158,1788087217.893641,50,9.572268,1.097792
worker_7,159,1788087217.903230,50,9.587648,1.098816
worker_7,160,1788087217.912833,50,9.786595,1.097728
worker_7,161,1788087217.922668,50,9.327062,1.097664
worker_7,162,1788087217.932018,50,9.553768,1.095520
worker_7,163,1788087217.941590,50,9.559379,1.095744
worker_7,164,1788087217.951168,50,9.563306,1.097344
worker_7,165,1788087217.960747,50,9.583120,1.096928
worker_7,166,1788087217.970359,50,9.771909,1.098656
worker_7,167,1788087217.980180,50,9.326924,1.097440
worker_7,168,1788087217.989532,50,9.556305,1.097760
worker_7,169,1788087217.999107,50,9.566351,1.099488
worker_7,170,1788087218.008690,50,9.571314,1.097920
worker_7,171,1788087218.018278,50,9.569001,1.099104
worker_7,172,1788087218.027865,50,9.716408,1.098400
worker_7,173,1788087218.037597,50,9.476305,1.098080
worker_7,174,1788087218.047089,50,9.670214,1.097824
worker_7,175,1788087218.056775,50,9.646278,1.097888
worker_7,176,1788087218.066466,50,9.670807,1.095904
worker_7,177,1788087218.076184,50,9.326924,1.097120
worker_7,178,1788087218.085535,50,9.554871,1.096544
worker_7,179,1788087218.095108,50,9.429731,1.097184
worker_7,180,1788087218.104554,50,9.551685,1.097312
worker_7,181,1788087218.114122,50,9.773418,1.098112
worker_7,182,1788087218.123943,50,9.535797,1.106880
worker_7,183,1788087218.133524,50,9.546963,1.096928
worker_7,184,1788087218.143119,50,9.530917,1.098656
worker_7,185,1788087218.152711,50,9.529269,1.097472
worker_7,186,1788087218.162288,50,9.346470,1.097568
worker_7,187,1788087218.171659,50,9.577963,1.101440
worker_7,188,1788087218.181257,50,9.560815,1.097952
worker_7,189,1788087218.190835,50,9.578204,1.103584
worker_7,190,1788087218.200431,50,9.579057,1.097280
worker_7,191,1788087218.210024,50,9.569898,1.097792
worker_7,192,1788087218.219610,50,9.789707,1.096800
worker_7,193,1788087218.229446,50,9.519426,1.098336
worker_7,194,1788087218.239010,50,9.539185,1.096224
worker_7,195,1788087218.248596,50,9.332175,1.096512
worker_7,196,1788087218.257955,50,9.545426,1.096480
worker_7,197,1788087218.267517,50,9.561537,1.097728
worker_7,198,1788087218.277094,50,9.568073,1.096256
worker_7,199,1788087218.286678,50,9.774455,1.097408
worker_7,200,1788087218.296500,50,9.326831,1.097984
worker_7,201,1788087218.305853,50,9.547205,1.097184
worker_7,202,1788087218.315418,50,9.569537,1.096160
worker_7,203,1788087218.325004,50,9.571649,1.097024
worker_7,204,1788087218.334592,50,9.562649,1.096736
worker_7,205,1788087218.344182,50,9.598388,1.096000
worker_7,206,1788087218.353797,50,9.668400,1.096704
worker_7,207,1788087218.363481,50,9.605306,1.099200
worker_7,208,1788087218.373135,50,9.349693,1.098080
worker_7,209,1788087218.382511,50,9.566517,1.096736
worker_7,210,1788087218.392096,50,9.557908,1.097088
worker_7,211,1788087218.401669,50,9.565509,1.096832
worker_7,212,1788087218.411249,50,9.592899,1.099424
worker_7,213,1788087218.420857,50,9.774381,1.096832
worker_7,214,1788087218.430678,50,9.543944,1.098816
worker_7,215,1788087218.440268,50,9.529055,1.097632
worker_7,216,1788087218.449844,50,9.548268,1.098752
worker_7,217,1788087218.459438,50,9.325999,1.101152
worker_7,218,1788087218.468788,50,9.548444,1.098080
worker_7,219,1788087218.478355,50,9.558064,1.098080
worker_7,220,1788087218.487930,50,9.555416,1.097600
worker_7,221,1788087218.497502,50,9.569260,1.099712
worker_7,222,1788087218.507087,50,9.556666,1.098720
worker_7,223,1788087218.516659,50,9.812401,1.097696
worker_7,224,1788087218.526533,50,9.505545,1.098752
worker_7,225,1788087218.536083,50,9.532934,1.097120
worker_7,226,1788087218.545661,50,9.538778,1.098016
worker_7,227,1788087218.555248,50,9.334590,1.099712
worker_7,228,1788087218.564610,50,9.548258,1.097792
worker_7,229,1788087218.574176,50,9.573481,1.099840
worker_7,230,1788087218.583768,50,9.558945,1.103712
worker_7,231,1788087218.593345,50,9.569805,1.098720
worker_7,232,1788087218.602934,50,9.571547,1.098816
worker_7,233,1788087218.612522,50,9.602825,1.096960
worker_7,234,1788087218.622140,50,9.561833,1.098336
worker_7,235,1788087218.631719,50,9.562612,1.095744
worker_7,236,1788087218.641297,50,9.582555,1.101824
worker_7,237,1788087218.650895,50,9.776280,1.096576
worker_7,238,1788087218.660721,50,9.309090,1.099104
worker_7,239,1788087218.670054,50,9.937253,1.098336
worker_7,240,1788087218.680038,50,9.325396,1.095648
worker_7,241,1788087218.689388,50,9.770197,1.098208
worker_7,242,1788087218.699204,50,9.315619,1.096352
worker_7,243,1788087218.708543,50,9.777242,1.096096
worker_7,244,1788087218.718380,50,9.218367,1.097024
worker_7,245,1788087218.727623,50,9.709835,1.096928
worker_7,246,1788087218.737379,50,9.335192,1.096576
worker_7,247,1788087218.746739,50,9.759696,1.095712
worker_7,248,1788087218.756547,50,9.323101,1.097088
worker_7,249,1788087218.765895,50,9.765474,1.096736
worker_7,250,1788087218.775708,50,9.315794,1.098720
worker_7,251,1788087218.785049,50,9.755345,1.096096
worker_7,252,1788087218.794853,50,9.498665,1.097760
worker_7,253,1788087218.804377,50,9.750640,1.097728
worker_7,254,1788087218.814176,50,9.194311,1.097600
worker_7,255,1788087218.823395,50,9.839539,1.098656
worker_7,256,1788087218.833282,50,9.257942,1.097856
worker_7,257,1788087218.842564,50,9.752475,1.097440
worker_7,258,1788087218.852364,50,9.341248,1.099136
worker_7,259,1788087218.861730,50,9.749696,1.097056
worker_7,260,1788087218.871526,50,9.348425,1.103456
worker_7,261,1788087218.880898,50,9.762113,1.096736
worker_7,262,1788087218.890708,50,9.318313,1.098304
worker_7,263,1788087218.900064,50,9.747427,1.097568
worker_7,264,1788087218.909860,50,9.330314,1.099808
worker_7,265,1788087218.919214,50,9.911901,1.096576
worker_7,266,1788087218.929173,50,9.210719,1.098208
worker_7,267,1788087218.938407,50,9.735677,1.096640
worker_7,268,1788087218.948191,50,9.333998,1.098688
worker_7,269,1788087218.957550,50,9.751955,1.097152
worker_7,270,1788087218.967350,50,9.337332,1.098528
worker_7,271,1788087218.976711,50,9.754900,1.097344
worker_7,272,1788087218.986512,50,9.347082,1.097568
worker_7,273,1788087218.995882,50,9.749057,1.096640
worker_7,274,1788087219.005678,50,9.333915,1.096672
worker_7,275,1788087219.015036,50,9.769243,1.106752
worker_7,276,1788087219.024852,50,9.333979,1.096032
worker_7,277,1788087219.034208,50,9.781613,1.104000
worker_7,278,1788087219.044038,50,9.333766,1.097440
worker_7,279,1788087219.053395,50,9.774381,1.096192
worker_7,280,1788087219.063215,50,9.332165,1.098976
worker_7,281,1788087219.072571,50,9.759612,1.097664
worker_7,282,1788087219.082378,50,9.326481,1.096640
worker_7,283,1788087219.091744,50,9.747381,1.100416
worker_7,284,1788087219.101540,50,9.339555,1.097312
worker_7,285,1788087219.110905,50,9.752215,1.096480
worker_7,286,1788087219.120705,50,9.352646,1.095712
worker_7,287,1788087219.130086,50,9.538102,1.096448
worker_7,288,1788087219.139643,50,9.560935,1.099040
worker_7,289,1788087219.149221,50,9.768159,1.097952
worker_7,290,1788087219.159037,50,9.545971,1.099040
worker_7,291,1788087219.168629,50,9.480925,1.098656
worker_7,292,1788087219.178136,50,9.753233,1.095136
worker_7,293,1788087219.187937,50,9.324710,1.097248
worker_7,294,1788087219.197286,50,9.764529,1.096672
worker_7,295,1788087219.207098,50,9.295738,1.099840
worker_7,296,1788087219.216418,50,9.791947,1.097344
worker_7,297,1788087219.226258,50,9.314349,1.097856
worker_7,298,1788087219.235596,50,9.781834,1.098560
worker_7,299,1788087219.245428,50,9.193885,1.097504
worker_7,300,1788087219.254647,50,9.757381,1.097600
worker_7,301,1788087219.264452,50,9.343896,1.097120
worker_7,302,1788087219.273841,50,9.734242,1.097536
worker_7,303,1788087219.283621,50,9.337748,1.099328
worker_7,304,1788087219.292983,50,9.912827,1.096576
worker_7,305,1788087219.302944,50,9.178710,1.097600
worker_7,306,1788087219.312147,50,9.777909,1.098368
worker_7,307,1788087219.321972,50,9.329452,1.096896
worker_7,308,1788087219.331326,50,9.761482,1.096928
worker_7,309,1788087219.341135,50,9.336886,1.096256
worker_7,310,1788087219.350574,50,9.848605,1.098144
worker_7,311,1788087219.360471,50,9.222118,1.103456
worker_7,312,1788087219.369718,50,9.771409,1.097408
worker_7,313,1788087219.379536,50,9.310812,1.099552
worker_7,314,1788087219.388871,50,9.773760,1.097760
worker_7,315,1788087219.398692,50,9.353248,1.097536
worker_7,316,1788087219.408069,50,9.763511,1.096768
worker_7,317,1788087219.417879,50,9.331812,1.097792
worker_7,318,1788087219.427235,50,9.752511,1.096800
worker_7,319,1788087219.437035,50,9.368294,1.097792
worker_7,320,1788087219.446428,50,9.751751,1.096128
worker_7,321,1788087219.456235,50,9.330182,1.098848
worker_7,322,1788087219.465605,50,9.884169,1.097248
worker_7,323,1788087219.475535,50,9.339228,1.098720
worker_7,324,1788087219.484898,50,9.746760,1.098048
worker_7,325,1788087219.494692,50,9.359693,1.096960
worker_7,326,1788087219.504078,50,9.632732,1.097952
worker_7,327,1788087219.513757,50,9.315154,1.098688
worker_7,328,1788087219.523097,50,9.762956,1.104640
worker_7,329,1788087219.532906,50,9.468859,1.097632
worker_7,330,1788087219.542399,50,9.633825,1.098208
worker_7,331,1788087219.552082,50,9.320784,1.096800
worker_7,332,1788087219.561427,50,9.767677,1.097440
worker_7,333,1788087219.571243,50,9.479304,1.096448
worker_7,334,1788087219.580748,50,9.608167,1.096800
worker_7,335,1788087219.590403,50,9.330211,1.097056
worker_7,336,1788087219.599757,50,9.756630,1.096896
worker_7,337,1788087219.609563,50,9.344647,1.101920
worker_7,338,1788087219.618933,50,9.752474,1.097088
worker_7,339,1788087219.628734,50,9.344581,1.098464
worker_7,340,1788087219.638105,50,9.766788,1.097024
worker_7,341,1788087219.647933,50,9.334738,1.097664
worker_7,342,1788087219.657294,50,9.768937,1.095904
worker_7,343,1788087219.667112,50,9.325969,1.100288
worker_7,344,1788087219.676463,50,9.775845,1.098368
worker_7,345,1788087219.686285,50,9.328969,1.097056
worker_7,346,1788087219.695638,50,9.751873,1.096416
worker_7,347,1788087219.705438,50,9.329729,1.098272
worker_7,348,1788087219.714791,50,9.909957,1.097664
worker_7,349,1788087219.724749,50,9.329860,1.096480
worker_7,350,1788087219.734106,50,9.772261,1.097696
worker_7,351,1788087219.743927,50,9.349451,1.097504
worker_7,352,1788087219.753300,50,9.771882,1.097024
worker_7,353,1788087219.763121,50,9.200710,1.098208
worker_7,354,1788087219.772347,50,9.731483,1.096768
worker_7,355,1788087219.782127,50,9.322275,1.098912
worker_7,356,1788087219.791474,50,9.763576,1.097120
worker_7,357,1788087219.801286,50,9.331886,1.098112
worker_7,358,1788087219.810643,50,9.763937,1.097312
worker_7,359,1788087219.820456,50,9.489379,1.096320
worker_7,360,1788087219.829970,50,9.761595,1.096928
worker_7,361,1788087219.839793,50,9.205979,1.099648
worker_7,362,1788087219.849026,50,9.866420,1.098080
worker_7,363,1788087219.858941,50,9.337110,1.099072
worker_7,364,1788087219.868303,50,9.770807,1.097824
worker_7,365,1788087219.878122,50,9.329572,1.096448
worker_7,366,1788087219.887477,50,9.643854,1.097024
worker_7,367,1788087219.897168,50,9.454944,1.097728
worker_7,368,1788087219.906648,50,9.631612,1.097344
worker_7,369,1788087219.916329,50,9.326350,1.097760
worker_7,370,1788087219.925682,50,9.761001,1.096192
worker_7,371,1788087219.935492,50,9.331377,1.098752
worker_7,372,1788087219.944847,50,9.782012,1.097376
worker_7,373,1788087219.954676,50,9.483407,1.097792
worker_7,374,1788087219.964185,50,9.783085,1.096320
worker_7,375,1788087219.974015,50,9.348359,1.097536
worker_7,376,1788087219.983388,50,9.756427,1.098560
worker_7,377,1788087219.993189,50,9.359118,1.098304
worker_7,378,1788087220.002572,50,9.747252,1.097696
worker_7,379,1788087220.012365,50,9.341193,1.100032
worker_7,380,1788087220.021744,50,9.608307,1.096160
worker_7,381,1788087220.031400,50,9.316377,1.099136
worker_7,382,1788087220.040735,50,9.738964,1.096320
worker_7,383,1788087220.050513,50,9.356082,1.096000
worker_7,384,1788087220.059886,50,9.745594,1.097088
worker_7,385,1788087220.069667,50,9.357554,1.096672
worker_7,386,1788087220.079051,50,9.770538,1.101088
worker_7,387,1788087220.088868,50,9.320944,1.095328
worker_7,388,1788087220.098213,50,9.754844,1.096128
worker_7,389,1788087220.108015,50,9.331869,1.103648
worker_7,390,1788087220.117372,50,9.766715,1.098176
worker_7,391,1788087220.127187,50,9.324462,1.097792
worker_7,392,1788087220.136534,50,9.764808,1.096992
worker_7,393,1788087220.146347,50,9.334776,1.097536
worker_7,394,1788087220.155706,50,9.757372,1.099264
worker_7,395,1788087220.165511,50,9.348053,1.099488
worker_7,396,1788087220.174884,50,9.751391,1.098784
worker_7,397,1788087220.184682,50,9.327970,1.098336
worker_7,398,1788087220.194035,50,9.763705,1.099136
worker_7,399,1788087220.203846,50,9.335452,1.100832
worker_7,400,1788087220.213225,50,9.763095,1.098208
worker_7,401,1788087220.223036,50,9.313970,1.096992
worker_7,402,1788087220.232376,50,9.752141,1.097504
worker_7,403,1788087220.242178,50,9.345036,1.098400
worker_7,404,1788087220.251547,50,9.780826,1.098944
worker_7,405,1788087220.261374,50,9.329396,1.096640
worker_7,406,1788087220.270727,50,9.760076,1.096736
worker_7,407,1788087220.280534,50,9.326924,1.097024
worker_7,408,1788087220.289885,50,9.752892,1.096288
worker_7,409,1788087220.299687,50,9.332831,1.099296
worker_7,410,1788087220.309044,50,9.765392,1.098976
worker_7,411,1788087220.318856,50,9.329396,1.097792
worker_7,412,1788087220.328217,50,9.748928,1.096640
worker_7,413,1788087220.338014,50,9.331220,1.097504
worker_7,414,1788087220.347369,50,9.771058,1.099488
worker_7,415,1788087220.357187,50,9.331665,1.097984
worker_7,416,1788087220.366543,50,9.771780,1.097568
worker_7,417,1788087220.376364,50,9.476092,1.097504
worker_7,418,1788087220.385866,50,9.634742,1.095872
worker_7,419,1788087220.395560,50,9.297831,1.098944
worker_7,420,1788087220.404883,50,9.790696,1.096704
worker_7,421,1788087220.414723,50,9.328508,1.096992
worker_7,422,1788087220.424076,50,9.781374,1.096160
worker_7,423,1788087220.433905,50,9.326184,1.097056
worker_7,424,1788087220.443256,50,9.768122,1.097952
worker_7,425,1788087220.453070,50,9.334498,1.096128
worker_7,426,1788087220.462428,50,9.754715,1.095968
worker_7,427,1788087220.472239,50,9.337036,1.098976
worker_7,428,1788087220.481600,50,9.763086,1.096480
worker_7,429,1788087220.491411,50,9.324174,1.095904
worker_7,430,1788087220.500760,50,9.767928,1.096512
worker_7,431,1788087220.510575,50,9.318600,1.096736
worker_7,432,1788087220.519917,50,9.764854,1.103232
worker_7,433,1788087220.529730,50,9.319952,1.096576
worker_7,434,1788087220.539074,50,9.753446,1.099840
worker_7,435,1788087220.548874,50,9.332887,1.097760
worker_7,436,1788087220.558233,50,9.749807,1.097184
worker_7,437,1788087220.568031,50,9.340229,1.097600
worker_7,438,1788087220.577398,50,9.760744,1.097728
worker_7,439,1788087220.587220,50,9.326017,1.098048
worker_7,440,1788087220.596572,50,9.760400,1.095808
worker_7,441,1788087220.606380,50,9.325000,1.098560
worker_7,442,1788087220.615731,50,9.778641,1.097696
worker_7,443,1788087220.625556,50,9.330221,1.098048
worker_7,444,1788087220.634911,50,9.787520,1.095936
worker_7,445,1788087220.644745,50,9.305831,1.095552
worker_7,446,1788087220.654075,50,9.780512,1.096544
worker_7,447,1788087220.663903,50,9.325007,1.100736
worker_7,448,1788087220.673252,50,9.765113,1.096800
worker_7,449,1788087220.683064,50,9.328544,1.099936
worker_7,450,1788087220.692419,50,9.771261,1.097472
worker_7,451,1788087220.702238,50,9.324350,1.097600
worker_7,452,1788087220.711586,50,9.769531,1.098752
worker_7,453,1788087220.721402,50,9.337906,1.097408
worker_7,454,1788087220.730766,50,9.766344,1.100928
worker_7,455,1788087220.740580,50,9.340304,1.097408
worker_7,456,1788087220.749945,50,9.759900,1.097632
worker_7,457,1788087220.759755,50,9.318210,1.097504
worker_7,458,1788087220.769115,50,9.750713,1.096800
worker_7,459,1788087220.778913,50,9.321803,1.099040
worker_7,460,1788087220.788259,50,9.756705,1.097728
worker_7,461,1788087220.798066,50,9.332590,1.098016
worker_7,462,1788087220.807423,50,9.777826,1.099328
worker_7,463,1788087220.817248,50,9.324849,1.096576
worker_7,464,1788087220.826674,50,9.693205,1.097280
worker_7,465,1788087220.836416,50,9.481565,1.097408
worker_7,466,1788087220.845925,50,9.766483,1.096064
worker_7,467,1788087220.855740,50,9.267756,1.102240
worker_7,468,1788087220.865034,50,9.875215,1.096416
worker_7,469,1788087220.874958,50,9.156784,1.097600
worker_7,470,1788087220.884140,50,9.750252,1.097632
worker_7,471,1788087220.893939,50,9.357211,1.098624
worker_7,472,1788087220.903323,50,9.749483,1.098720
worker_7,473,1788087220.913117,50,9.339952,1.097824
worker_7,474,1788087220.922483,50,9.783371,1.096512
worker_7,475,1788087220.932313,50,9.318673,1.097184
worker_7,476,1788087220.941656,50,9.758418,1.097408
worker_7,477,1788087220.951461,50,9.339192,1.097696
worker_7,478,1788087220.960836,50,9.741242,1.096448
worker_7,479,1788087220.970626,50,9.453499,1.097056
worker_7,480,1788087220.980105,50,9.673557,1.103200
worker_7,481,1788087220.989825,50,9.298155,1.096736
worker_7,482,1788087220.999148,50,9.761076,1.096480
worker_7,483,1788087221.008957,50,9.324664,1.096864
worker_7,484,1788087221.018307,50,9.761854,1.096288
worker_7,485,1788087221.028116,50,9.359988,1.101056
worker_7,486,1788087221.037500,50,9.763640,1.098208
worker_7,487,1788087221.047312,50,9.324387,1.105792
worker_7,488,1788087221.056662,50,9.758732,1.097536
worker_7,489,1788087221.066468,50,9.340878,1.097664
worker_7,490,1788087221.075832,50,9.760973,1.097408
worker_7,491,1788087221.085640,50,9.324552,1.098688
worker_7,492,1788087221.094990,50,9.778909,1.103232
worker_7,493,1788087221.104814,50,9.343062,1.099136
worker_7,494,1788087221.114181,50,9.771075,1.097888
worker_7,495,1788087221.123997,50,9.344406,1.095776
worker_7,496,1788087221.133368,50,9.761501,1.096576
worker_7,497,1788087221.143189,50,9.312840,1.099808
worker_7,498,1788087221.152525,50,9.766529,1.096896
worker_7,499,1788087221.162340,50,9.328738,1.098432
worker_7,500,1788087221.171694,50,9.758492,1.098080
worker_7,501,1788087221.181500,50,9.361071,1.099808
worker_7,502,1788087221.190885,50,9.754364,1.098208
worker_7,503,1788087221.200686,50,9.329081,1.097376
worker_7,504,1788087221.210043,50,9.782353,1.096416
worker_7,505,1788087221.219873,50,9.339905,1.101632
worker_7,506,1788087221.229236,50,9.818715,1.097504
worker_7,507,1788087221.239104,50,9.286673,1.097376
worker_7,508,1788087221.248415,50,9.551703,1.096640
worker_7,509,1788087221.257986,50,9.562472,1.097088
worker_7,510,1788087221.267565,50,9.579093,1.097472
worker_7,511,1788087221.277160,50,9.773473,1.096736
worker_7,512,1788087221.286981,50,9.322229,1.097376
worker_7,513,1788087221.296329,50,9.754400,1.096544
worker_7,514,1788087221.306130,50,9.330488,1.095744
worker_7,515,1788087221.315486,50,9.762160,1.097536
worker_7,516,1788087221.325296,50,9.335229,1.098944
worker_7,517,1788087221.334669,50,9.747445,1.096640
worker_7,518,1788087221.344463,50,9.330275,1.098400
worker_7,519,1788087221.353817,50,9.768168,1.096608
worker_7,520,1788087221.363633,50,9.335775,1.099840
worker_7,521,1788087221.372995,50,9.772798,1.096864
worker_7,522,1788087221.382818,50,9.341710,1.097440
worker_7,523,1788087221.392185,50,9.767808,1.096160
worker_7,524,1788087221.402003,50,9.321479,1.096768
worker_7,525,1788087221.411348,50,9.767428,1.098560
worker_7,526,1788087221.421163,50,9.327433,1.097088
worker_7,527,1788087221.430515,50,9.771131,1.096832
worker_7,528,1788087221.440335,50,9.343183,1.104128
worker_7,529,1788087221.449702,50,9.757419,1.097952
worker_7,530,1788087221.459507,50,9.328425,1.096736
worker_7,531,1788087221.468860,50,9.775964,1.097344
worker_7,532,1788087221.478683,50,9.331710,1.098976
worker_7,533,1788087221.488038,50,9.766298,1.098784
worker_7,534,1788087221.497852,50,9.332211,1.095936
worker_7,535,1788087221.507207,50,9.760030,1.097536
worker_7,536,1788087221.517028,50,9.324748,1.097792
worker_7,537,1788087221.526378,50,9.759178,1.097312
worker_7,538,1788087221.536184,50,9.323248,1.098848
worker_7,539,1788087221.545532,50,9.761900,1.095936
worker_7,540,1788087221.555344,50,9.330729,1.102944
worker_7,541,1788087221.564699,50,9.760808,1.098016
worker_7,542,1788087221.574508,50,9.321869,1.096096
worker_7,543,1788087221.583854,50,9.907401,1.096864
worker_7,544,1788087221.593809,50,9.325266,1.096160
worker_7,545,1788087221.603159,50,9.761798,1.096160
worker_7,546,1788087221.612970,50,9.338785,1.096384
worker_7,547,1788087221.622334,50,9.771705,1.096352
worker_7,548,1788087221.632154,50,9.194766,1.101824
worker_7,549,1788087221.641373,50,9.749401,1.097696
worker_7,550,1788087221.651171,50,9.337081,1.097984
worker_7,551,1788087221.660533,50,9.761577,1.097344
worker_7,552,1788087221.670341,50,9.328768,1.098240
worker_7,553,1788087221.679695,50,9.771363,1.098496
worker_7,554,1788087221.689513,50,9.333008,1.098144
worker_7,555,1788087221.698871,50,9.757316,1.096608
worker_7,556,1788087221.708689,50,9.312386,1.096992
worker_7,557,1788087221.718026,50,9.774409,1.099328
worker_7,558,1788087221.727848,50,9.337359,1.100160
worker_7,559,1788087221.737209,50,9.762003,1.096320
worker_7,560,1788087221.747019,50,9.327664,1.097792
worker_7,561,1788087221.756371,50,9.759512,1.096448
worker_7,562,1788087221.766178,50,9.332341,1.098720
worker_7,563,1788087221.775534,50,9.789177,1.096768
worker_7,564,1788087221.785371,50,9.345915,1.099360
worker_7,565,1788087221.794743,50,9.768909,1.096288
worker_7,566,1788087221.804559,50,9.316636,1.098464
worker_7,567,1788087221.813901,50,9.796920,1.097088
worker_7,568,1788087221.823745,50,9.284757,1.096704
worker_7,569,1788087221.833055,50,9.757419,1.098432
worker_7,570,1788087221.842862,50,9.329766,1.096992
worker_7,571,1788087221.852223,50,9.755066,1.097984
worker_7,572,1788087221.862031,50,9.330312,1.098368
worker_7,573,1788087221.871387,50,9.761845,1.097856
worker_7,574,1788087221.881198,50,9.345462,1.097792
worker_7,575,1788087221.890583,50,9.738020,1.096576
worker_7,576,1788087221.900367,50,9.336091,1.097728
worker_7,577,1788087221.909729,50,9.562427,1.097408
worker_7,578,1788087221.919313,50,9.784743,1.099776
worker_7,579,1788087221.929144,50,9.326044,1.097984
worker_7,580,1788087221.938494,50,9.572398,1.097056
worker_7,581,1788087221.948085,50,9.577565,1.103200
worker_7,582,1788087221.957678,50,9.770502,1.097248
worker_7,583,1788087221.967497,50,9.325304,1.097248
worker_7,584,1788087221.976847,50,9.765317,1.096928
worker_7,585,1788087221.986660,50,9.326693,1.096704
worker_7,586,1788087221.996010,50,9.765993,1.095424
worker_7,587,1788087222.005823,50,9.331415,1.097760
worker_7,588,1788087222.015179,50,9.772066,1.096672
worker_7,589,1788087222.024998,50,9.330081,1.096544
worker_7,590,1788087222.034353,50,9.764650,1.097856
worker_7,591,1788087222.044165,50,9.328386,1.096768
worker_7,592,1788087222.053520,50,9.754150,1.097088
worker_7,593,1788087222.063323,50,9.331035,1.097280
worker_7,594,1788087222.072679,50,9.760427,1.098112
worker_7,595,1788087222.082501,50,9.318174,1.097696
worker_7,596,1788087222.091844,50,9.761307,1.096512
worker_7,597,1788087222.101652,50,9.341619,1.099200
worker_7,598,1788087222.111018,50,9.761242,1.096384
worker_7,599,1788087222.120825,50,9.361305,1.098240
worker_7,600,1788087222.130211,50,9.756947,1.096992
worker_7,601,1788087222.140015,50,9.332877,1.096896
worker_7,602,1788087222.149374,50,9.767985,1.096864
worker_7,603,1788087222.159190,50,9.331155,1.097056
worker_7,604,1788087222.168546,50,9.753048,1.096672
worker_7,605,1788087222.178346,50,9.347312,1.098144
worker_7,606,1788087222.187720,50,9.755872,1.099840
worker_7,607,1788087222.197522,50,9.352981,1.097600
worker_7,608,1788087222.206900,50,9.753946,1.097280
worker_7,609,1788087222.216701,50,9.336424,1.097760
worker_7,610,1788087222.226061,50,9.769882,1.096448
worker_7,611,1788087222.235879,50,9.336489,1.097792
worker_7,612,1788087222.245242,50,9.762762,1.098944
worker_7,613,1788087222.255053,50,9.331924,1.097504
worker_7,614,1788087222.264423,50,9.754095,1.097856
worker_7,615,1788087222.274225,50,9.332027,1.098336
worker_7,616,1788087222.283582,50,9.772956,1.096992
worker_7,617,1788087222.293402,50,9.328721,1.096768
worker_7,618,1788087222.302831,50,9.698187,1.102016
worker_7,619,1788087222.312578,50,9.333303,1.098752
worker_7,620,1788087222.321936,50,9.761186,1.097280
worker_7,621,1788087222.331745,50,9.337989,1.097824
worker_7,622,1788087222.341109,50,9.555455,1.098304
worker_7,623,1788087222.350685,50,9.901938,1.096384
worker_7,624,1788087222.360630,50,9.685306,1.095744
worker_7,625,1788087222.370354,50,9.290359,1.097056
worker_7,626,1788087222.379693,50,9.304832,1.096960
worker_7,627,1788087222.389024,50,9.567167,1.096768
worker_7,628,1788087222.398617,50,9.555417,1.097760
worker_7,629,1788087222.408194,50,9.558343,1.097216
worker_7,630,1788087222.417776,50,9.553566,1.097216
worker_7,631,1788087222.427347,50,9.585909,1.099360
worker_7,632,1788087222.436953,50,9.604944,1.097696
worker_7,633,1788087222.446601,50,9.642177,1.097440
worker_7,634,1788087222.456280,50,9.537260,1.102016
worker_7,635,1788087222.465844,50,9.504740,1.096512
worker_7,636,1788087222.475369,50,9.640880,1.096320
worker_7,637,1788087222.485027,50,9.462342,1.097408
worker_7,638,1788087222.494507,50,9.557111,1.097792
worker_7,639,1788087222.504082,50,9.565242,1.098784
worker_7,640,1788087222.513663,50,9.568630,1.098880
worker_7,641,1788087222.523250,50,9.554159,1.097216
worker_7,642,1788087222.532824,50,9.568157,1.097536
worker_7,643,1788087222.542414,50,9.566890,1.096096
worker_7,644,1788087222.552002,50,9.549064,1.097792
worker_7,645,1788087222.561568,50,9.563222,1.097280
worker_7,646,1788087222.571150,50,9.572769,1.100512
worker_7,647,1788087222.580738,50,9.560620,1.097728
worker_7,648,1788087222.590315,50,9.575751,1.097760
worker_7,649,1788087222.599907,50,9.565361,1.097536
worker_7,650,1788087222.609490,50,9.563064,1.097728
worker_7,651,1788087222.619072,50,9.553566,1.097152
worker_7,652,1788087222.628643,50,9.571565,1.098496
worker_7,653,1788087222.638240,50,9.560186,1.098400
worker_7,654,1788087222.647819,50,9.570407,1.099360
worker_7,655,1788087222.657405,50,9.567231,1.097824
worker_7,656,1788087222.666990,50,9.561316,1.096960
worker_7,657,1788087222.676569,50,9.572084,1.097536
worker_7,658,1788087222.686157,50,9.576770,1.096608
worker_7,659,1788087222.695750,50,9.578390,1.101856
worker_7,660,1788087222.705346,50,9.564935,1.096000
worker_7,661,1788087222.714926,50,9.573094,1.098240
worker_7,662,1788087222.724516,50,9.568408,1.096448
worker_7,663,1788087222.734102,50,9.569621,1.095712
worker_7,664,1788087222.743693,50,9.557638,1.100704
worker_7,665,1788087222.753268,50,9.578462,1.102112
worker_7,666,1788087222.762862,50,9.568695,1.098304
worker_7,667,1788087222.772446,50,9.563194,1.098912
worker_7,668,1788087222.782025,50,9.567538,1.098464
worker_7,669,1788087222.791607,50,9.572167,1.097312
worker_7,670,1788087222.801200,50,9.555861,1.096736
worker_7,671,1788087222.810774,50,9.712020,1.097088
worker_7,672,1788087222.820501,50,9.454796,1.096864
worker_7,673,1788087222.829984,50,9.525944,1.099872
worker_7,674,1788087222.839526,50,9.560620,1.100064
worker_7,675,1788087222.849103,50,9.565907,1.098240
worker_7,676,1788087222.858684,50,9.571973,1.097376
worker_7,677,1788087222.868271,50,9.560082,1.096832
worker_7,678,1788087222.877845,50,9.573288,1.099200
worker_7,679,1788087222.887434,50,9.590657,1.099744
worker_7,680,1788087222.897043,50,9.556249,1.096576
worker_7,681,1788087222.906618,50,9.552149,1.096672
worker_7,682,1788087222.916189,50,9.557296,1.096576
worker_7,683,1788087222.925763,50,9.573501,1.097472
worker_7,684,1788087222.935357,50,9.556147,1.098272
worker_7,685,1788087222.944930,50,9.571621,1.097120
worker_7,686,1788087222.954517,50,9.561120,1.096544
worker_7,687,1788087222.964093,50,9.584157,1.104128
worker_7,688,1788087222.973693,50,9.699427,1.098400
worker_7,689,1788087222.983409,50,9.584529,1.098720
worker_7,690,1788087222.993010,50,9.571916,1.098784
worker_7,691,1788087223.002598,50,9.438757,1.098336
worker_7,692,1788087223.012054,50,9.582797,1.103648
worker_7,693,1788087223.021653,50,9.563907,1.097440
worker_7,694,1788087223.031244,50,9.554593,1.098080
worker_7,695,1788087223.040816,50,9.558471,1.096448
worker_7,696,1788087223.050390,50,9.565389,1.098560
worker_7,697,1788087223.059971,50,9.586370,1.097760
worker_7,698,1788087223.069574,50,9.558221,1.096704
worker_7,699,1788087223.079149,50,9.564361,1.097856
worker_7,700,1788087223.088730,50,9.583314,1.098656
worker_7,701,1788087223.098330,50,9.583740,1.098432
worker_7,702,1788087223.107931,50,9.553443,1.096352
worker_7,703,1788087223.117500,50,9.562749,1.098176
worker_7,704,1788087223.127078,50,9.582796,1.099616
worker_7,705,1788087223.136681,50,9.559999,1.096672
worker_7,706,1788087223.146261,50,9.563036,1.097728
worker_7,707,1788087223.155843,50,9.554684,1.096448
worker_7,708,1788087223.165414,50,9.569934,1.097472
worker_7,709,1788087223.175003,50,9.554536,1.098240
worker_7,710,1788087223.184577,50,9.562304,1.096736
worker_7,711,1788087223.194156,50,9.563082,1.098144
worker_7,712,1788087223.203737,50,9.575824,1.096448
worker_7,713,1788087223.213335,50,9.556610,1.096416
worker_7,714,1788087223.222922,50,9.542333,1.097504
worker_7,715,1788087223.232483,50,9.578528,1.097792
worker_7,716,1788087223.242081,50,9.553629,1.097504
worker_7,717,1788087223.251652,50,9.586685,1.096096
worker_7,718,1788087223.261256,50,9.574648,1.097984
worker_7,719,1788087223.270847,50,9.556768,1.096864
worker_7,720,1788087223.280420,50,9.568176,1.097568
worker_7,721,1788087223.290003,50,9.578240,1.096672
worker_7,722,1788087223.299599,50,9.567927,1.100384
worker_7,723,1788087223.309190,50,9.566139,1.098656
worker_7,724,1788087223.318773,50,9.557851,1.097344
worker_7,725,1788087223.328346,50,9.584991,1.099200
worker_7,726,1788087223.337951,50,9.558129,1.096224
worker_7,727,1788087223.347525,50,9.710335,1.097824
worker_7,728,1788087223.357250,50,9.571556,1.097344
worker_7,729,1788087223.366837,50,9.569788,1.098240
worker_7,730,1788087223.376422,50,9.570731,1.098528
worker_7,731,1788087223.386008,50,9.558741,1.096800
worker_7,732,1788087223.395581,50,9.425943,1.098240
worker_7,733,1788087223.405030,50,9.563009,1.098624
worker_7,734,1788087223.414611,50,9.561963,1.096288
worker_7,735,1788087223.424189,50,9.579815,1.098624
worker_7,736,1788087223.433791,50,9.573371,1.098176
worker_7,737,1788087223.443384,50,9.563037,1.099264
worker_7,738,1788087223.452967,50,9.556361,1.096800
worker_7,739,1788087223.462540,50,9.565407,1.098944
worker_7,740,1788087223.472122,50,9.570805,1.100320
worker_7,741,1788087223.481709,50,9.563019,1.096096
worker_7,742,1788087223.491287,50,9.574406,1.100256
worker_7,743,1788087223.500878,50,9.581426,1.097344
worker_7,744,1788087223.510488,50,9.574779,1.096480
worker_7,745,1788087223.520084,50,9.560315,1.096256
worker_7,746,1788087223.529664,50,9.566788,1.097664
worker_7,747,1788087223.539253,50,9.583417,1.098304
worker_7,748,1788087223.548858,50,9.550426,1.096960
worker_7,749,1788087223.558429,50,9.582019,1.097792
worker_7,750,1788087223.568029,50,9.552380,1.097152
worker_7,751,1788087223.577599,50,9.563861,1.097792
worker_7,752,1788087223.587178,50,9.579844,1.101184
worker_7,753,1788087223.596787,50,9.551797,1.097792
worker_7,754,1788087223.606354,50,9.584880,1.099200
worker_7,755,1788087223.615957,50,9.559149,1.096192
worker_7,756,1788087223.625531,50,9.573601,1.098592
worker_7,757,1788087223.635130,50,9.548038,1.099424
worker_7,758,1788087223.644703,50,9.545157,1.098400
worker_7,759,1788087223.654265,50,9.557760,1.096832
worker_7,760,1788087223.663838,50,9.578010,1.103552
worker_7,761,1788087223.673444,50,9.561102,1.098272
worker_7,762,1788087223.683025,50,9.556010,1.097952
worker_7,763,1788087223.692598,50,9.570546,1.097376
worker_7,764,1788087223.702187,50,9.582834,1.099104
worker_7,765,1788087223.711792,50,9.552889,1.096544
worker_7,766,1788087223.721364,50,9.566009,1.097312
worker_7,767,1788087223.730946,50,9.579528,1.097408
worker_7,768,1788087223.740564,50,9.546121,1.097344
worker_7,769,1788087223.750131,50,9.552991,1.096256
worker_7,770,1788087223.759701,50,9.774039,1.096352
worker_7,771,1788087223.769524,50,9.529723,1.096992
worker_7,772,1788087223.779189,50,9.252655,1.095584
worker_7,773,1788087223.788470,50,9.617167,1.099136
worker_7,774,1788087223.798127,50,9.475027,1.096512
worker_7,775,1788087223.807624,50,9.553908,1.097344
worker_7,776,1788087223.817196,50,9.772150,1.098144
worker_7,777,1788087223.827015,50,9.336981,1.099264
worker_7,778,1788087223.836377,50,9.553909,1.096288
worker_7,779,1788087223.845950,50,9.576204,1.098272
worker_7,780,1788087223.855544,50,9.564344,1.096576
worker_7,781,1788087223.865123,50,9.796344,1.096096
worker_7,782,1788087223.874968,50,9.323304,1.099488
worker_7,783,1788087223.884317,50,9.550519,1.096416
worker_7,784,1788087223.893885,50,9.564009,1.099520
worker_7,785,1788087223.903466,50,9.551455,1.096032
worker_7,786,1788087223.913035,50,9.766021,1.096832
worker_7,787,1788087223.922850,50,9.330685,1.096832
worker_7,788,1788087223.932206,50,9.586455,1.096352
worker_7,789,1788087223.941836,50,9.641575,1.098336
worker_7,790,1788087223.951503,50,9.527621,1.096544
worker_7,791,1788087223.961069,50,9.552056,1.096096
worker_7,792,1788087223.970659,50,9.585342,1.098496
worker_7,793,1788087223.980265,50,9.577029,1.099456
worker_7,794,1788087223.989859,50,9.572306,1.096864
worker_7,795,1788087223.999447,50,9.410555,1.102336
worker_7,796,1788087224.008875,50,9.562437,1.099232
worker_7,797,1788087224.018453,50,9.601278,1.097568
worker_7,798,1788087224.028070,50,9.564075,1.096256
worker_7,799,1788087224.037650,50,9.561676,1.098080
worker_7,800,1788087224.047227,50,9.593833,1.102528
worker_7,801,1788087224.056837,50,9.564408,1.098304
worker_7,802,1788087224.066418,50,9.815650,1.098208
worker_7,803,1788087224.076282,50,9.498982,1.096512
worker_7,804,1788087224.085829,50,9.524241,1.096800
worker_7,805,1788087224.095398,50,9.547732,1.098624
worker_7,806,1788087224.104991,50,9.334026,1.096608
worker_7,807,1788087224.114350,50,9.569233,1.098880
worker_7,808,1788087224.123938,50,9.555166,1.097792
worker_7,809,1788087224.133509,50,9.567936,1.099136
worker_7,810,1788087224.143094,50,9.560861,1.096736
worker_7,811,1788087224.152677,50,9.560537,1.098848
worker_7,812,1788087224.162256,50,9.775466,1.098208
worker_7,813,1788087224.172080,50,9.524389,1.097216
worker_7,814,1788087224.181651,50,9.528538,1.096352
worker_7,815,1788087224.191227,50,9.550889,1.102848
worker_7,816,1788087224.200823,50,9.530546,1.097600
worker_7,817,1788087224.210398,50,9.335915,1.096608
worker_7,818,1788087224.219759,50,9.559713,1.097792
worker_7,819,1788087224.229337,50,9.557305,1.098848
worker_7,820,1788087224.238910,50,9.570075,1.099808
worker_7,821,1788087224.248497,50,9.573287,1.097120
worker_7,822,1788087224.258086,50,9.562945,1.098208
worker_7,823,1788087224.267664,50,9.795603,1.096320
worker_7,824,1788087224.277508,50,9.540009,1.098016
worker_7,825,1788087224.287094,50,9.517241,1.097088
worker_7,826,1788087224.296657,50,9.531879,1.096544
worker_7,827,1788087224.306235,50,9.331276,1.095776
worker_7,828,1788087224.315593,50,9.549888,1.097568
worker_7,829,1788087224.325161,50,9.558185,1.097248
worker_7,830,1788087224.334735,50,9.567287,1.098272
worker_7,831,1788087224.344332,50,9.697445,1.097792
worker_7,832,1788087224.354045,50,9.582630,1.098496
worker_7,833,1788087224.363643,50,9.818104,1.098176
worker_7,834,1788087224.373509,50,9.469573,1.096384
worker_7,835,1788087224.383025,50,9.573787,1.096352
worker_7,836,1788087224.392647,50,9.354618,1.096896
worker_7,837,1788087224.402048,50,9.547101,1.099072
worker_7,838,1788087224.411641,50,9.330304,1.096800
worker_7,839,1788087224.420995,50,9.575073,1.097280
worker_7,840,1788087224.430588,50,9.559251,1.097856
worker_7,841,1788087224.440164,50,9.565416,1.097216
worker_7,842,1788087224.449746,50,9.558760,1.098592
worker_7,843,1788087224.459321,50,9.581334,1.097728
worker_7,844,1788087224.468917,50,9.800909,1.098016
worker_7,845,1788087224.478770,50,9.513268,1.097088
worker_7,846,1788087224.488329,50,9.588750,1.103840
worker_7,847,1788087224.497963,50,9.486369,1.097120
worker_7,848,1788087224.507499,50,9.565509,1.099968
worker_7,849,1788087224.517110,50,9.530473,1.096192
worker_7,850,1788087224.526698,50,9.553278,1.097408
worker_7,851,1788087224.536297,50,9.544203,1.106912
worker_7,852,1788087224.545890,50,9.534333,1.096736
worker_7,853,1788087224.555471,50,9.543212,1.097888
worker_7,854,1788087224.565062,50,9.541842,1.096544
worker_7,855,1788087224.574652,50,9.515953,1.096384
worker_7,856,1788087224.584229,50,9.331248,1.099296
worker_7,857,1788087224.593583,50,9.760149,1.097760
worker_7,858,1788087224.603391,50,9.325942,1.098208
worker_7,859,1788087224.612742,50,9.782714,1.096192
worker_7,860,1788087224.622573,50,9.319480,1.098304
worker_7,861,1788087224.631919,50,9.556111,1.105472
worker_7,862,1788087224.641494,50,9.815743,1.098048
worker_7,863,1788087224.651360,50,9.280368,1.096992
worker_7,864,1788087224.660666,50,9.751585,1.098400
worker_7,865,1788087224.670467,50,9.331739,1.096128
worker_7,866,1788087224.679825,50,9.763465,1.097408
worker_7,867,1788087224.689635,50,9.330415,1.097760
worker_7,868,1788087224.698990,50,9.772825,1.105600
worker_7,869,1788087224.708811,50,9.336572,1.095808
worker_7,870,1788087224.718183,50,9.748908,1.097056
worker_7,871,1788087224.727979,50,9.360944,1.099232
worker_7,872,1788087224.737364,50,9.774391,1.096320
worker_7,873,1788087224.747188,50,9.325739,1.098880
worker_7,874,1788087224.756538,50,9.758529,1.097472
worker_7,875,1788087224.766345,50,9.336173,1.098720
worker_7,876,1788087224.775706,50,9.766853,1.095584
worker_7,877,1788087224.785522,50,9.329276,1.096384
worker_7,878,1788087224.794876,50,9.786030,1.103232
worker_7,879,1788087224.804710,50,9.333238,1.098464
worker_7,880,1788087224.814071,50,9.769825,1.096960
worker_7,881,1788087224.823890,50,9.330461,1.098816
worker_7,882,1788087224.833245,50,9.757798,1.096352
worker_7,883,1788087224.843051,50,9.331396,1.097664
worker_7,884,1788087224.852408,50,9.757751,1.096384
worker_7,885,1788087224.862215,50,9.325258,1.096864
worker_7,886,1788087224.871565,50,9.774252,1.096256
worker_7,887,1788087224.881387,50,9.320711,1.097120
worker_7,888,1788087224.890732,50,9.757011,1.095584
worker_7,889,1788087224.900550,50,9.310619,1.096864
worker_7,890,1788087224.909886,50,9.759316,1.096640
worker_7,891,1788087224.919695,50,9.348284,1.096448
worker_7,892,1788087224.929071,50,9.552934,1.096544
worker_7,893,1788087224.938646,50,9.560454,1.097344
worker_7,894,1788087224.948235,50,9.564009,1.096512
worker_7,895,1788087224.957817,50,9.555676,1.097344
worker_7,896,1788087224.967388,50,9.576444,1.097024
worker_7,897,1788087224.976981,50,9.568010,1.097024
worker_7,898,1788087224.986566,50,9.563112,1.096640
worker_7,899,1788087224.996145,50,9.581147,1.103520
worker_7,900,1788087225.005743,50,9.563880,1.096672
worker_7,901,1788087225.015322,50,9.591288,1.104416
worker_7,902,1788087225.024928,50,9.567360,1.096736
worker_7,903,1788087225.034511,50,9.562675,1.098016
worker_7,904,1788087225.044088,50,9.567630,1.097024
worker_7,905,1788087225.053672,50,9.569750,1.099296
worker_7,906,1788087225.063257,50,9.588621,1.100480
worker_7,907,1788087225.072860,50,9.566981,1.096288
worker_7,908,1788087225.082442,50,9.575295,1.098976
worker_7,909,1788087225.092040,50,9.558916,1.097568
worker_7,910,1788087225.101615,50,9.569667,1.098976
worker_7,911,1788087225.111199,50,9.797010,1.101568
worker_7,912,1788087225.121046,50,9.516074,1.098400
worker_7,913,1788087225.130607,50,9.543435,1.098208
worker_7,914,1788087225.140197,50,9.533592,1.096544
worker_7,915,1788087225.149777,50,9.534880,1.098400
worker_7,916,1788087225.159359,50,9.530408,1.101472
worker_7,917,1788087225.168937,50,9.527648,1.096288
worker_7,918,1788087225.178512,50,9.542112,1.097152
worker_7,919,1788087225.188101,50,9.541167,1.097664
worker_7,920,1788087225.197689,50,9.542741,1.098752
worker_7,921,1788087225.207277,50,9.538972,1.097504
worker_7,922,1788087225.216861,50,9.344248,1.097056
worker_7,923,1788087225.226232,50,9.569881,1.098752
worker_7,924,1788087225.235823,50,9.560390,1.101248
worker_7,925,1788087225.245401,50,9.563786,1.096064
worker_7,926,1788087225.255059,50,9.689001,1.097952
worker_7,927,1788087225.264796,50,9.328128,1.097344
worker_7,928,1788087225.274165,50,9.739928,1.096960
worker_7,929,1788087225.283952,50,9.335591,1.098848
worker_7,930,1788087225.293313,50,9.547324,1.097056
worker_7,931,1788087225.302879,50,9.565964,1.101408
worker_7,932,1788087225.312460,50,9.571611,1.097088
worker_7,933,1788087225.322048,50,9.774179,1.097984
worker_7,934,1788087225.331871,50,9.562298,1.097792
worker_7,935,1788087225.341481,50,9.533824,1.095488
worker_7,936,1788087225.351062,50,9.552908,1.100512
worker_7,937,1788087225.360661,50,9.519565,1.096800
worker_7,938,1788087225.370229,50,9.528546,1.096832
worker_7,939,1788087225.379805,50,9.526381,1.095456
worker_7,940,1788087225.389379,50,9.529935,1.096864
worker_7,941,1788087225.398955,50,9.539648,1.099584
worker_7,942,1788087225.408544,50,9.519537,1.096544
worker_7,943,1788087225.418109,50,9.537463,1.096192
worker_7,944,1788087225.427693,50,9.502018,1.096864
worker_7,945,1788087225.437229,50,9.540815,1.097344
worker_7,946,1788087225.446799,50,9.396305,1.098208
worker_7,947,1788087225.456225,50,9.752882,1.097952
worker_7,948,1788087225.466040,50,9.319600,1.097824
worker_7,949,1788087225.475384,50,9.928586,1.097664
worker_7,950,1788087225.485362,50,9.189109,1.099424
worker_7,951,1788087225.494576,50,9.761548,1.097504
worker_7,952,1788087225.504385,50,9.318842,1.097376
worker_7,953,1788087225.513728,50,9.759503,1.097088
worker_7,954,1788087225.523535,50,9.335387,1.097280
worker_7,955,1788087225.532894,50,9.782910,1.097216
worker_7,956,1788087225.542723,50,9.318675,1.095232
worker_7,957,1788087225.552067,50,9.571223,1.105984
worker_7,958,1788087225.561656,50,9.553798,1.098336
worker_7,959,1788087225.571227,50,9.563954,1.097952
worker_7,960,1788087225.580806,50,9.569640,1.097248
worker_7,961,1788087225.590390,50,9.578297,1.099232
worker_7,962,1788087225.599984,50,9.573759,1.101280
worker_7,963,1788087225.609572,50,9.561769,1.097088
worker_7,964,1788087225.619149,50,9.563936,1.099168
worker_7,965,1788087225.628728,50,9.798207,1.096384
worker_7,966,1788087225.638574,50,9.554917,1.097472
worker_7,967,1788087225.648189,50,9.507583,1.095584
worker_7,968,1788087225.657744,50,9.537195,1.096992
worker_7,969,1788087225.667328,50,9.539955,1.103616
worker_7,970,1788087225.676914,50,9.533000,1.097824
worker_7,971,1788087225.686494,50,9.534788,1.097792
worker_7,972,1788087225.696074,50,9.551649,1.101120
worker_7,973,1788087225.705673,50,9.532055,1.096832
worker_7,974,1788087225.715250,50,9.535639,1.098912
worker_7,975,1788087225.724832,50,9.534501,1.097728
worker_7,976,1788087225.734411,50,9.534251,1.097888
worker_7,977,1788087225.743995,50,9.556612,1.096608
worker_7,978,1788087225.753599,50,9.554640,1.096384
worker_7,979,1788087225.763201,50,9.529954,1.096896
worker_7,980,1788087225.772777,50,9.533491,1.097728
worker_7,981,1788087225.782358,50,9.328674,1.098368
worker_7,982,1788087225.791712,50,9.762622,1.097472
worker_7,983,1788087225.801522,50,9.331370,1.098272
worker_7,984,1788087225.810879,50,9.770530,1.103232
worker_7,985,1788087225.820697,50,9.346238,1.097216
worker_7,986,1788087225.830068,50,9.758799,1.097728
worker_7,987,1788087225.839889,50,9.315636,1.102848
worker_7,988,1788087225.849231,50,9.758752,1.097600
worker_7,989,1788087225.859038,50,9.331249,1.097760
worker_7,990,1788087225.868397,50,9.758206,1.096800
worker_7,991,1788087225.878205,50,9.342136,1.100960
worker_7,992,1788087225.887572,50,9.758936,1.098112
worker_7,993,1788087225.897379,50,9.323988,1.098176
worker_7,994,1788087225.906727,50,9.763105,1.098816
worker_7,995,1788087225.916537,50,9.329776,1.098048
worker_7,996,1788087225.925890,50,9.760521,1.097280
worker_7,997,1788087225.935697,50,9.318924,1.097312
worker_7,998,1788087225.945040,50,9.764446,1.095776
worker_7,999,1788087225.954851,50,9.328471,1.097568
worker_7,1000,1788087225.964202,50,9.777270,1.096800
worker_7,1001,1788087225.974028,50,9.329080,1.096288
worker_7,1002,1788087225.983384,50,9.756419,1.097632
worker_7,1003,1788087225.993188,50,9.344053,1.097728
worker_7,1004,1788087226.002555,50,9.762918,1.097824
worker_7,1005,1788087226.012365,50,9.333183,1.099808
worker_7,1006,1788087226.021738,50,9.750159,1.097760
worker_7,1007,1788087226.031535,50,9.330367,1.096192
worker_7,1008,1788087226.040890,50,9.776844,1.097152
worker_7,1009,1788087226.050714,50,9.330229,1.097344
worker_7,1010,1788087226.060068,50,9.575602,1.102688
worker_7,1011,1788087226.069660,50,9.566112,1.097856
worker_7,1012,1788087226.079241,50,9.564026,1.098080
worker_7,1013,1788087226.088820,50,9.573436,1.096384
worker_7,1014,1788087226.098409,50,9.564630,1.096096
worker_7,1015,1788087226.107989,50,9.570360,1.097856
worker_7,1016,1788087226.117574,50,9.567704,1.099296
worker_7,1017,1788087226.127156,50,9.557814,1.096416
worker_7,1018,1788087226.136730,50,9.789223,1.096416
worker_7,1019,1788087226.146568,50,9.524212,1.095552
worker_7,1020,1788087226.156137,50,9.533277,1.095904
worker_7,1021,1788087226.165715,50,9.538944,1.098336
worker_7,1022,1788087226.175299,50,9.542934,1.097376
worker_7,1023,1788087226.184886,50,9.540277,1.096096
worker_7,1024,1788087226.194472,50,9.546825,1.097216
worker_7,1025,1788087226.204063,50,9.534342,1.099200
worker_7,1026,1788087226.213654,50,9.531111,1.095264
worker_7,1027,1788087226.223230,50,9.530064,1.095456
worker_7,1028,1788087226.232805,50,9.535453,1.097600
worker_7,1029,1788087226.242386,50,9.401526,1.097280
worker_7,1030,1788087226.251835,50,9.683084,1.096704
worker_7,1031,1788087226.261564,50,9.356406,1.098592
worker_7,1032,1788087226.270944,50,9.752317,1.097696
worker_7,1033,1788087226.280744,50,9.339860,1.096800
worker_7,1034,1788087226.290109,50,9.763149,1.096512
worker_7,1035,1788087226.299920,50,9.331062,1.098240
worker_7,1036,1788087226.309274,50,9.795308,1.101856
worker_7,1037,1788087226.319116,50,9.327387,1.096512
worker_7,1038,1788087226.328466,50,9.764872,1.095616
worker_7,1039,1788087226.338278,50,9.346804,1.097184
worker_7,1040,1788087226.347649,50,9.804327,1.099136
worker_7,1041,1788087226.357500,50,9.430674,1.097536
worker_7,1042,1788087226.366955,50,9.407804,1.098784
worker_7,1043,1788087226.376380,50,9.564185,1.096704
worker_7,1044,1788087226.385959,50,9.782381,1.098304
worker_7,1045,1788087226.395803,50,9.328275,1.099232
worker_7,1046,1788087226.405156,50,9.564751,1.096256
worker_7,1047,1788087226.414738,50,9.564037,1.098592
worker_7,1048,1788087226.424317,50,9.561677,1.096032
worker_7,1049,1788087226.433895,50,9.573759,1.096480
worker_7,1050,1788087226.443484,50,9.566926,1.097792
worker_7,1051,1788087226.453068,50,9.564612,1.097472
worker_7,1052,1788087226.462646,50,9.572185,1.097312
worker_7,1053,1788087226.472234,50,9.568445,1.096384
worker_7,1054,1788087226.481820,50,9.554981,1.096256
worker_7,1055,1788087226.491391,50,9.769577,1.097888
worker_7,1056,1788087226.501208,50,9.541186,1.096224
worker_7,1057,1788087226.510795,50,9.569213,1.097920
worker_7,1058,1788087226.520410,50,9.531463,1.099776
worker_7,1059,1788087226.529987,50,9.539177,1.096352
worker_7,1060,1788087226.539571,50,9.537351,1.098176
worker_7,1061,1788087226.549154,50,9.534296,1.097888
worker_7,1062,1788087226.558733,50,9.548249,1.097792
worker_7,1063,1788087226.568327,50,9.552518,1.098976
worker_7,1064,1788087226.577926,50,9.514824,1.095040
worker_7,1065,1788087226.587501,50,9.337564,1.100288
worker_7,1066,1788087226.596863,50,9.549667,1.096032
worker_7,1067,1788087226.606431,50,9.572064,1.097856
worker_7,1068,1788087226.616019,50,9.561538,1.096128
worker_7,1069,1788087226.625597,50,9.563056,1.096352
worker_7,1070,1788087226.635175,50,9.553548,1.096224
worker_7,1071,1788087226.644742,50,9.568084,1.096800
worker_7,1072,1788087226.654326,50,9.762187,1.096128
worker_7,1073,1788087226.664136,50,9.539176,1.103872
worker_7,1074,1788087226.673722,50,9.529732,1.096224
worker_7,1075,1788087226.683298,50,9.534381,1.097632
worker_7,1076,1788087226.692877,50,9.539889,1.096416
worker_7,1077,1788087226.702464,50,9.533824,1.096800
worker_7,1078,1788087226.712043,50,9.555529,1.097920
worker_7,1079,1788087226.721719,50,9.457592,1.096544
worker_7,1080,1788087226.731222,50,9.535639,1.095296
worker_7,1081,1788087226.740804,50,9.532815,1.098272
worker_7,1082,1788087226.750383,50,9.537102,1.096992
worker_7,1083,1788087226.759967,50,9.540779,1.096576
worker_7,1084,1788087226.769565,50,9.517436,1.096768
worker_7,1085,1788087226.779128,50,9.541417,1.098496
worker_7,1086,1788087226.788715,50,9.534797,1.096032
worker_7,1087,1788087226.798297,50,9.546010,1.096064
worker_7,1088,1788087226.807889,50,9.580305,1.098816
worker_7,1089,1788087226.817515,50,9.522648,1.096672
worker_7,1090,1788087226.827082,50,9.562936,1.101376
worker_7,1091,1788087226.836691,50,9.328231,1.096448
worker_7,1092,1788087226.846043,50,9.790252,1.096640
worker_7,1093,1788087226.855881,50,9.332712,1.100416
worker_7,1094,1788087226.865239,50,9.754345,1.098112
worker_7,1095,1788087226.875041,50,9.337600,1.097504
worker_7,1096,1788087226.884402,50,9.761383,1.096896
worker_7,1097,1788087226.894211,50,9.336434,1.097824
worker_7,1098,1788087226.903572,50,9.705630,1.098112
worker_7,1099,1788087226.913307,50,9.395202,1.097792
worker_7,1100,1788087226.922727,50,9.755919,1.096960
worker_7,1101,1788087226.932529,50,9.329240,1.098496
worker_7,1102,1788087226.941884,50,9.750558,1.097088
worker_7,1103,1788087226.951683,50,9.343786,1.100064
worker_7,1104,1788087226.961063,50,9.749881,1.096160
worker_7,1105,1788087226.970862,50,9.337563,1.098784
worker_7,1106,1788087226.980230,50,9.745215,1.096544
worker_7,1107,1788087226.990024,50,9.337647,1.096832
worker_7,1108,1788087226.999388,50,9.757974,1.096416
worker_7,1109,1788087227.009193,50,9.336147,1.097440
worker_7,1110,1788087227.018553,50,9.750132,1.096768
worker_7,1111,1788087227.028351,50,9.333109,1.096352
worker_7,1112,1788087227.037708,50,9.761985,1.097664
worker_7,1113,1788087227.047517,50,9.343999,1.097888
worker_7,1114,1788087227.056886,50,9.780928,1.096544
worker_7,1115,1788087227.066713,50,9.330350,1.098400
worker_7,1116,1788087227.076067,50,9.577131,1.106944
worker_7,1117,1788087227.085661,50,9.563954,1.096224
worker_7,1118,1788087227.095240,50,9.565149,1.097472
worker_7,1119,1788087227.104825,50,9.574028,1.096608
worker_7,1120,1788087227.114414,50,9.571473,1.095712
worker_7,1121,1788087227.124000,50,9.564991,1.097696
worker_7,1122,1788087227.133580,50,9.564955,1.098656
worker_7,1123,1788087227.143173,50,9.561148,1.100000
worker_7,1124,1788087227.152750,50,9.564686,1.097504
worker_7,1125,1788087227.162329,50,9.789131,1.096512
worker_7,1126,1788087227.172167,50,9.534639,1.096960
worker_7,1127,1788087227.181748,50,9.576934,1.097632
worker_7,1128,1788087227.191372,50,9.495917,1.100160
worker_7,1129,1788087227.200913,50,9.533518,1.098272
worker_7,1130,1788087227.210492,50,9.532491,1.097696
worker_7,1131,1788087227.220071,50,9.530999,1.097632
worker_7,1132,1788087227.229648,50,9.533194,1.096480
worker_7,1133,1788087227.239227,50,9.548333,1.099200
worker_7,1134,1788087227.248821,50,9.531963,1.097152
worker_7,1135,1788087227.258399,50,9.566907,1.096768
worker_7,1136,1788087227.268012,50,9.531519,1.097152
worker_7,1137,1788087227.277588,50,9.546890,1.096512
worker_7,1138,1788087227.287181,50,9.328664,1.100064
worker_7,1139,1788087227.296535,50,9.764447,1.096608
worker_7,1140,1788087227.306347,50,9.338573,1.098304
worker_7,1141,1788087227.315710,50,9.756029,1.100032
worker_7,1142,1788087227.325512,50,9.338877,1.099168
worker_7,1143,1788087227.334889,50,9.755067,1.100960
worker_7,1144,1788087227.344692,50,9.484405,1.096480
worker_7,1145,1788087227.354201,50,9.783918,1.096800
worker_7,1146,1788087227.364032,50,9.229681,1.100320
worker_7,1147,1788087227.373285,50,9.766910,1.096832
worker_7,1148,1788087227.383098,50,9.312516,1.098624
worker_7,1149,1788087227.392434,50,9.754326,1.097440
worker_7,1150,1788087227.402237,50,9.326988,1.096704
worker_7,1151,1788087227.411589,50,9.758862,1.096736
worker_7,1152,1788087227.421395,50,9.357618,1.099680
worker_7,1153,1788087227.430784,50,9.733770,1.098016
worker_7,1154,1788087227.440564,50,9.474017,1.096640
worker_7,1155,1788087227.450072,50,9.412138,1.097216
worker_7,1156,1788087227.459504,50,9.555842,1.098464
worker_7,1157,1788087227.469076,50,9.561954,1.098080
worker_7,1158,1788087227.478653,50,9.572147,1.095744
worker_7,1159,1788087227.488240,50,9.563435,1.097984
worker_7,1160,1788087227.497819,50,9.570287,1.098112
worker_7,1161,1788087227.507406,50,9.570758,1.099488
worker_7,1162,1788087227.516999,50,9.774269,1.097792
worker_7,1163,1788087227.526816,50,9.541676,1.096224
worker_7,1164,1788087227.536403,50,9.550009,1.096928
worker_7,1165,1788087227.545997,50,9.555305,1.101568
worker_7,1166,1788087227.555599,50,9.542536,1.097984
worker_7,1167,1788087227.565186,50,9.549482,1.096640
worker_7,1168,1788087227.574781,50,9.532879,1.096480
worker_7,1169,1788087227.584359,50,9.531443,1.096512
worker_7,1170,1788087227.593937,50,9.560166,1.098624
worker_7,1171,1788087227.603546,50,9.311312,1.096992
worker_7,1172,1788087227.612880,50,9.582935,1.097792
worker_7,1173,1788087227.622480,50,9.555907,1.097600
worker_7,1174,1788087227.632052,50,9.568435,1.098272
worker_7,1175,1788087227.641636,50,9.555879,1.097280
worker_7,1176,1788087227.651207,50,9.584732,1.096672
worker_7,1177,1788087227.660806,50,9.569351,1.096704
worker_7,1178,1788087227.670390,50,9.566602,1.095712
worker_7,1179,1788087227.679971,50,9.772104,1.097632
worker_7,1180,1788087227.689791,50,9.534953,1.096192
worker_7,1181,1788087227.699370,50,9.546056,1.097920
worker_7,1182,1788087227.708973,50,9.521157,1.095744
worker_7,1183,1788087227.718540,50,9.528842,1.096096
worker_7,1184,1788087227.728115,50,9.555204,1.099296
worker_7,1185,1788087227.737715,50,9.537287,1.096800
worker_7,1186,1788087227.747298,50,9.531240,1.096384
worker_7,1187,1788087227.756874,50,9.534779,1.096320
worker_7,1188,1788087227.766454,50,9.549814,1.097024
worker_7,1189,1788087227.776048,50,9.529510,1.097728
worker_7,1190,1788087227.785624,50,9.544510,1.098176
worker_7,1191,1788087227.795215,50,9.533981,1.097344
worker_7,1192,1788087227.804795,50,9.547620,1.096640
worker_7,1193,1788087227.814387,50,9.535686,1.096192
worker_7,1194,1788087227.823968,50,9.339008,1.096832
worker_7,1195,1788087227.833331,50,9.751169,1.096384
worker_7,1196,1788087227.843129,50,9.330424,1.097472
worker_7,1197,1788087227.852484,50,9.773965,1.098112
worker_7,1198,1788087227.862307,50,9.322414,1.097088
worker_7,1199,1788087227.871654,50,9.756687,1.097600
worker_7,1200,1788087227.881459,50,9.349164,1.096288
worker_7,1201,1788087227.890845,50,9.757640,1.098656
worker_7,1202,1788087227.900651,50,9.304989,1.097120
worker_7,1203,1788087227.909981,50,9.751242,1.096512
worker_7,1204,1788087227.919780,50,9.340776,1.096800
worker_7,1205,1788087227.929146,50,9.761437,1.096256
worker_7,1206,1788087227.938954,50,9.330683,1.099840
worker_7,1207,1788087227.948310,50,9.760854,1.096032
worker_7,1208,1788087227.958119,50,9.332748,1.097824
worker_7,1209,1788087227.967475,50,9.754057,1.095776
worker_7,1210,1788087227.977277,50,9.330193,1.097216
worker_7,1211,1788087227.986633,50,9.754539,1.095744
worker_7,1212,1788087227.996437,50,9.339156,1.098144
worker_7,1213,1788087228.005802,50,9.754706,1.096544
worker_7,1214,1788087228.015604,50,9.345266,1.098944
worker_7,1215,1788087228.024974,50,9.780029,1.097856
worker_7,1216,1788087228.034802,50,9.324443,1.096512
worker_7,1217,1788087228.044152,50,9.783261,1.101408
worker_7,1218,1788087228.053984,50,9.334267,1.097792
worker_7,1219,1788087228.063347,50,9.738567,1.096512
worker_7,1220,1788087228.073133,50,9.338480,1.097376
worker_7,1221,1788087228.082511,50,9.756076,1.096096
worker_7,1222,1788087228.092316,50,9.335795,1.097600
worker_7,1223,1788087228.101677,50,9.761465,1.096800
worker_7,1224,1788087228.111488,50,9.326267,1.097536
worker_7,1225,1788087228.120839,50,9.774419,1.097664
worker_7,1226,1788087228.130662,50,9.355582,1.096992
worker_7,1227,1788087228.140043,50,9.610539,1.097504
worker_7,1228,1788087228.149706,50,9.479685,1.097504
worker_7,1229,1788087228.159212,50,9.554482,1.096864
worker_7,1230,1788087228.168860,50,9.489491,1.097216
worker_7,1231,1788087228.178369,50,9.558826,1.096352
worker_7,1232,1788087228.187943,50,9.794826,1.104704
worker_7,1233,1788087228.197788,50,9.515797,1.097728
worker_7,1234,1788087228.207348,50,9.543445,1.097376
worker_7,1235,1788087228.216937,50,9.529343,1.096992
worker_7,1236,1788087228.226512,50,9.538574,1.096960
worker_7,1237,1788087228.236098,50,9.536380,1.098240
worker_7,1238,1788087228.245680,50,9.525454,1.096576
worker_7,1239,1788087228.255252,50,9.554000,1.103488
worker_7,1240,1788087228.264862,50,9.525455,1.097600
worker_7,1241,1788087228.274434,50,9.538111,1.096096
worker_7,1242,1788087228.284017,50,9.532594,1.096704
worker_7,1243,1788087228.293596,50,9.394823,1.097728
worker_7,1244,1788087228.303041,50,9.681956,1.098144
worker_7,1245,1788087228.312769,50,9.473851,1.098016
worker_7,1246,1788087228.322268,50,9.635261,1.097024
worker_7,1247,1788087228.331951,50,9.316127,1.097824
worker_7,1248,1788087228.341291,50,9.760078,1.097408
worker_7,1249,1788087228.351098,50,9.498333,1.103136
worker_7,1250,1788087228.360621,50,9.760030,1.098560
worker_7,1251,1788087228.370430,50,9.338018,1.097536
worker_7,1252,1788087228.379797,50,9.752104,1.096448
worker_7,1253,1788087228.389595,50,9.187711,1.097088
worker_7,1254,1788087228.398808,50,9.758020,1.097536
worker_7,1255,1788087228.408614,50,9.336638,1.098016
worker_7,1256,1788087228.417977,50,9.765344,1.098336
worker_7,1257,1788087228.427789,50,9.337267,1.099840
worker_7,1258,1788087228.437151,50,9.765679,1.095616
worker_7,1259,1788087228.446965,50,9.340249,1.098688
worker_7,1260,1788087228.456352,50,9.729020,1.097696
worker_7,1261,1788087228.466127,50,9.330083,1.096640
worker_7,1262,1788087228.475483,50,9.762113,1.096608
worker_7,1263,1788087228.485292,50,9.332137,1.098144
worker_7,1264,1788087228.494650,50,9.771882,1.096160
worker_7,1265,1788087228.504470,50,9.327146,1.096640
worker_7,1266,1788087228.513821,50,9.755928,1.096672
worker_7,1267,1788087228.523623,50,9.344860,1.097792
worker_7,1268,1788087228.532998,50,9.770946,1.096448
worker_7,1269,1788087228.542816,50,9.325961,1.097376
worker_7,1270,1788087228.552169,50,9.777233,1.097920
worker_7,1271,1788087228.561995,50,9.330934,1.097792
worker_7,1272,1788087228.571352,50,9.769465,1.098592
worker_7,1273,1788087228.581169,50,9.321082,1.096064
worker_7,1274,1788087228.590515,50,9.775659,1.097568
worker_7,1275,1788087228.600338,50,9.330840,1.101888
worker_7,1276,1788087228.609694,50,9.765983,1.098496
worker_7,1277,1788087228.619509,50,9.357128,1.099968
worker_7,1278,1788087228.628891,50,9.753325,1.096704
worker_7,1279,1788087228.638705,50,9.315145,1.097792
worker_7,1280,1788087228.648045,50,9.580074,1.109056
worker_7,1281,1788087228.657643,50,9.565843,1.099360
worker_7,1282,1788087228.667228,50,9.562860,1.098976
worker_7,1283,1788087228.676807,50,9.564574,1.098592
worker_7,1284,1788087228.686389,50,9.562917,1.096288
worker_7,1285,1788087228.695966,50,9.585166,1.105376
worker_7,1286,1788087228.705567,50,9.565584,1.097824
worker_7,1287,1788087228.715147,50,9.567611,1.097792
worker_7,1288,1788087228.724731,50,9.583536,1.099136
worker_7,1289,1788087228.734329,50,9.771038,1.096576
worker_7,1290,1788087228.744149,50,9.537120,1.100512
worker_7,1291,1788087228.753733,50,9.530157,1.095360
worker_7,1292,1788087228.763310,50,9.342766,1.097952
worker_7,1293,1788087228.772678,50,9.545353,1.098080
worker_7,1294,1788087228.782244,50,9.566397,1.096768
worker_7,1295,1788087228.791827,50,9.771447,1.101440
worker_7,1296,1788087228.801646,50,9.561971,1.096960
worker_7,1297,1788087228.811253,50,9.553462,1.096704
worker_7,1298,1788087228.820852,50,9.532879,1.096544
worker_7,1299,1788087228.830444,50,9.523214,1.096320
worker_7,1300,1788087228.840014,50,9.540101,1.098848
worker_7,1301,1788087228.849600,50,9.528778,1.097920
worker_7,1302,1788087228.859174,50,9.540120,1.095168
worker_7,1303,1788087228.868760,50,9.517064,1.095776
worker_7,1304,1788087228.878323,50,9.546195,1.096576
worker_7,1305,1788087228.887914,50,9.529592,1.096160
worker_7,1306,1788087228.897494,50,9.554592,1.101568
worker_7,1307,1788087228.907094,50,9.534499,1.096096
worker_7,1308,1788087228.916675,50,9.539361,1.097344
worker_7,1309,1788087228.926260,50,9.533259,1.097728
worker_7,1310,1788087228.935839,50,9.540047,1.098592
worker_7,1311,1788087228.945425,50,9.543861,1.102624
worker_7,1312,1788087228.955018,50,9.323516,1.097248
worker_7,1313,1788087228.964367,50,9.749446,1.095840
worker_7,1314,1788087228.974165,50,9.332591,1.099072
worker_7,1315,1788087228.983521,50,9.795307,1.096800
worker_7,1316,1788087228.993363,50,9.298164,1.098400
worker_7,1317,1788087229.002687,50,9.758585,1.095904
worker_7,1318,1788087229.012505,50,9.311979,1.096992
worker_7,1319,1788087229.021841,50,9.763392,1.097312
worker_7,1320,1788087229.031651,50,9.332025,1.097760
worker_7,1321,1788087229.041008,50,9.758401,1.095712
worker_7,1322,1788087229.050816,50,9.349128,1.096480
worker_7,1323,1788087229.060190,50,9.758177,1.096512
worker_7,1324,1788087229.069997,50,9.340720,1.098976
worker_7,1325,1788087229.079361,50,9.767131,1.098720
worker_7,1326,1788087229.089176,50,9.324369,1.099296
worker_7,1327,1788087229.098525,50,9.763289,1.097792
worker_7,1328,1788087229.108335,50,9.347601,1.104768
worker_7,1329,1788087229.117707,50,9.761261,1.098272
worker_7,1330,1788087229.127518,50,9.325738,1.099744
worker_7,1331,1788087229.136869,50,9.759058,1.097792
worker_7,1332,1788087229.146678,50,9.342415,1.096800
worker_7,1333,1788087229.156046,50,9.781650,1.103712
worker_7,1334,1788087229.165875,50,9.333776,1.096288
worker_7,1335,1788087229.175233,50,9.761808,1.095424
worker_7,1336,1788087229.185043,50,9.323590,1.099040
worker_7,1337,1788087229.194391,50,9.759576,1.096288
worker_7,1338,1788087229.204223,50,9.325859,1.109856
worker_7,1339,1788087229.213574,50,9.756771,1.096736
worker_7,1340,1788087229.223378,50,9.354740,1.099200
worker_7,1341,1788087229.232757,50,9.549704,1.096064
worker_7,1342,1788087229.242324,50,9.568149,1.097600
worker_7,1343,1788087229.251908,50,9.574491,1.103776
worker_7,1344,1788087229.261497,50,9.561983,1.099424
worker_7,1345,1788087229.271075,50,9.564454,1.096224
worker_7,1346,1788087229.280655,50,9.570324,1.098880
worker_7,1347,1788087229.290240,50,9.572510,1.098208
worker_7,1348,1788087229.299827,50,9.564398,1.098784
worker_7,1349,1788087229.309406,50,9.784548,1.096288
worker_7,1350,1788087229.319238,50,9.537740,1.097536
worker_7,1351,1788087229.328823,50,9.529936,1.095904
worker_7,1352,1788087229.338398,50,9.566000,1.096704
worker_7,1353,1788087229.348010,50,9.482213,1.100480
worker_7,1354,1788087229.357515,50,9.481324,1.096640
worker_7,1355,1788087229.367015,50,9.712686,1.100384
worker_7,1356,1788087229.376743,50,9.527528,1.097600
worker_7,1357,1788087229.386299,50,9.403480,1.097792
worker_7,1358,1788087229.395720,50,9.564954,1.103008
worker_7,1359,1788087229.405301,50,9.573508,1.096608
worker_7,1360,1788087229.414889,50,9.617501,1.095552
worker_7,1361,1788087229.424553,50,9.481230,1.097600
worker_7,1362,1788087229.434061,50,9.690020,1.095744
worker_7,1363,1788087229.443770,50,9.505425,1.100768
worker_7,1364,1788087229.453293,50,9.626315,1.097344
worker_7,1365,1788087229.462934,50,9.461388,1.098560
worker_7,1366,1788087229.472412,50,9.899206,1.097408
worker_7,1367,1788087229.482359,50,9.368479,1.096544
worker_7,1368,1788087229.491774,50,9.340645,1.098880
worker_7,1369,1788087229.501142,50,9.549759,1.097536
worker_7,1370,1788087229.510712,50,9.557184,1.096992
worker_7,1371,1788087229.520285,50,9.566324,1.096896
worker_7,1372,1788087229.529871,50,9.560880,1.097760
worker_7,1373,1788087229.539449,50,9.580084,1.098560
worker_7,1374,1788087229.549045,50,9.568824,1.096480
worker_7,1375,1788087229.558629,50,9.559694,1.096384
worker_7,1376,1788087229.568204,50,9.569482,1.096416
worker_7,1377,1788087229.577802,50,9.553019,1.096032
worker_7,1378,1788087229.587376,50,9.573073,1.096352
worker_7,1379,1788087229.596966,50,9.582149,1.096256
worker_7,1380,1788087229.606563,50,9.772307,1.097664
worker_7,1381,1788087229.616464,50,9.248664,1.096576
worker_7,1382,1788087229.625740,50,9.543074,1.096640
worker_7,1383,1788087229.635303,50,9.763853,1.095648
worker_7,1384,1788087229.645113,50,9.327785,1.098368
worker_7,1385,1788087229.654466,50,9.766484,1.097184
worker_7,1386,1788087229.664280,50,9.331414,1.104608
worker_7,1387,1788087229.673635,50,9.556528,1.095712
worker_7,1388,1788087229.683210,50,9.568047,1.096416
worker_7,1389,1788087229.692795,50,9.563333,1.097216
worker_7,1390,1788087229.702374,50,9.563622,1.099360
worker_7,1391,1788087229.711954,50,9.596334,1.112128
worker_7,1392,1788087229.721566,50,9.563992,1.097760
worker_7,1393,1788087229.731147,50,9.574935,1.097728
worker_7,1394,1788087229.740738,50,9.558186,1.095744
worker_7,1395,1788087229.750310,50,9.565593,1.097568
worker_7,1396,1788087229.759903,50,9.765131,1.098912
worker_7,1397,1788087229.769717,50,9.535714,1.098432
worker_7,1398,1788087229.779300,50,9.531555,1.096000
worker_7,1399,1788087229.788877,50,9.661352,1.095456
worker_7,1400,1788087229.798585,50,9.537481,1.096160
worker_7,1401,1788087229.808169,50,9.518369,1.096832
worker_7,1402,1788087229.817733,50,9.506176,1.097728
worker_7,1403,1788087229.827286,50,9.631232,1.102912
worker_7,1404,1788087229.836962,50,9.543445,1.096096
worker_7,1405,1788087229.846553,50,9.379610,1.097440
worker_7,1406,1788087229.855978,50,9.540399,1.098368
worker_7,1407,1788087229.865565,50,9.551601,1.096608
worker_7,1408,1788087229.875162,50,9.528684,1.096832
worker_7,1409,1788087229.884737,50,9.333821,1.096544
worker_7,1410,1788087229.894095,50,9.768502,1.098432
worker_7,1411,1788087229.903913,50,9.343452,1.095872
worker_7,1412,1788087229.913281,50,9.546379,1.098400
worker_7,1413,1788087229.922848,50,9.560852,1.098144
worker_7,1414,1788087229.932425,50,9.567138,1.096576
worker_7,1415,1788087229.942008,50,9.780789,1.099040
worker_7,1416,1788087229.951850,50,9.326599,1.103232
worker_7,1417,1788087229.961200,50,9.751612,1.096384
worker_7,1418,1788087229.970998,50,9.333451,1.099360
worker_7,1419,1788087229.980356,50,9.769695,1.096896
worker_7,1420,1788087229.990174,50,9.333841,1.096640
worker_7,1421,1788087229.999534,50,9.753761,1.096736
worker_7,1422,1788087230.009335,50,9.328629,1.097152
worker_7,1423,1788087230.018687,50,9.758640,1.096864
worker_7,1424,1788087230.028494,50,9.330934,1.097760
worker_7,1425,1788087230.037848,50,9.608343,1.096608
worker_7,1426,1788087230.047507,50,9.482017,1.095936
worker_7,1427,1788087230.057014,50,9.561185,1.096256
worker_7,1428,1788087230.066593,50,9.556695,1.097024
worker_7,1429,1788087230.076166,50,9.576649,1.097376
worker_7,1430,1788087230.085759,50,9.564787,1.096192
worker_7,1431,1788087230.095340,50,9.569704,1.098592
worker_7,1432,1788087230.104927,50,9.771863,1.096896
worker_7,1433,1788087230.114749,50,9.335183,1.097472
worker_7,1434,1788087230.124111,50,9.746485,1.096800
worker_7,1435,1788087230.133922,50,9.314906,1.096832
worker_7,1436,1788087230.143263,50,9.748882,1.097472
worker_7,1437,1788087230.153059,50,9.346157,1.096800
worker_7,1438,1788087230.162431,50,9.547555,1.096256
worker_7,1439,1788087230.171996,50,9.770420,1.098176
worker_7,1440,1788087230.181814,50,9.333397,1.098816
worker_7,1441,1788087230.191173,50,9.749780,1.098432
worker_7,1442,1788087230.200970,50,9.346998,1.097440
worker_7,1443,1788087230.210342,50,9.773447,1.097472
worker_7,1444,1788087230.220163,50,9.327518,1.097024
worker_7,1445,1788087230.229519,50,9.751141,1.097728
worker_7,1446,1788087230.239318,50,9.339378,1.104928
worker_7,1447,1788087230.248682,50,9.756927,1.096192
worker_7,1448,1788087230.258487,50,9.322970,1.096448
worker_7,1449,1788087230.267837,50,9.774095,1.106176
worker_7,1450,1788087230.277659,50,9.329295,1.098880
worker_7,1451,1788087230.287014,50,9.761029,1.099200
worker_7,1452,1788087230.296824,50,9.330572,1.097536
worker_7,1453,1788087230.306182,50,9.761558,1.096352
worker_7,1454,1788087230.315992,50,9.349619,1.098592
worker_7,1455,1788087230.325379,50,9.739169,1.098176
worker_7,1456,1788087230.335167,50,9.329665,1.100512
worker_7,1457,1788087230.344526,50,9.762020,1.097312
worker_7,1458,1788087230.354336,50,9.332553,1.097376
worker_7,1459,1788087230.363692,50,9.768882,1.096064
worker_7,1460,1788087230.373508,50,9.332731,1.097504
worker_7,1461,1788087230.382865,50,9.768233,1.099360
worker_7,1462,1788087230.392681,50,9.333729,1.097280
worker_7,1463,1788087230.402040,50,9.751853,1.095360
worker_7,1464,1788087230.411839,50,9.328914,1.096320
worker_7,1465,1788087230.421194,50,9.751318,1.097184
worker_7,1466,1788087230.430993,50,9.328295,1.098304
worker_7,1467,1788087230.440346,50,9.762807,1.097024
worker_7,1468,1788087230.450155,50,9.318674,1.097728
worker_7,1469,1788087230.459500,50,9.753538,1.098336
worker_7,1470,1788087230.469301,50,9.329026,1.096256
worker_7,1471,1788087230.478655,50,9.765021,1.096160
worker_7,1472,1788087230.488468,50,9.314905,1.096128
worker_7,1473,1788087230.497810,50,9.765872,1.097920
worker_7,1474,1788087230.507637,50,9.315785,1.096320
worker_7,1475,1788087230.516978,50,9.779752,1.096800
worker_7,1476,1788087230.526806,50,9.331164,1.097824
worker_7,1477,1788087230.536162,50,9.778400,1.100576
worker_7,1478,1788087230.545989,50,9.329869,1.098464
worker_7,1479,1788087230.555343,50,9.760021,1.096160
worker_7,1480,1788087230.565151,50,9.335563,1.096608
worker_7,1481,1788087230.574511,50,9.774401,1.096768
worker_7,1482,1788087230.584335,50,9.333961,1.104448
worker_7,1483,1788087230.593692,50,9.758566,1.097248
worker_7,1484,1788087230.603499,50,9.334564,1.097024
worker_7,1485,1788087230.612858,50,9.775937,1.098560
worker_7,1486,1788087230.622685,50,9.329711,1.096352
worker_7,1487,1788087230.632038,50,9.750067,1.096896
worker_7,1488,1788087230.641838,50,9.332897,1.096608
worker_7,1489,1788087230.651197,50,9.765706,1.100704
worker_7,1490,1788087230.661010,50,9.338138,1.098208
worker_7,1491,1788087230.670372,50,9.767585,1.096512
worker_7,1492,1788087230.680187,50,9.331942,1.097792
worker_7,1493,1788087230.689543,50,9.755131,1.096800
worker_7,1494,1788087230.699359,50,9.316850,1.100960
worker_7,1495,1788087230.708699,50,9.760270,1.097824
worker_7,1496,1788087230.718506,50,9.326359,1.097056
worker_7,1497,1788087230.727856,50,9.759770,1.097184
worker_7,1498,1788087230.737662,50,9.334479,1.096864
worker_7,1499,1788087230.747020,50,9.753225,1.098080
worker_7,1500,1788087230.756821,50,9.330286,1.096896
worker_7,1501,1788087230.766175,50,9.749039,1.097440
worker_7,1502,1788087230.775973,50,9.336258,1.096960
worker_7,1503,1788087230.785334,50,9.752039,1.096416
worker_7,1504,1788087230.795136,50,9.328944,1.099648
worker_7,1505,1788087230.804491,50,9.769965,1.097952
worker_7,1506,1788087230.814309,50,9.333285,1.095904
worker_7,1507,1788087230.823667,50,9.778594,1.098112
worker_7,1508,1788087230.833493,50,9.332572,1.097760
worker_7,1509,1788087230.842852,50,9.774929,1.102048
worker_7,1510,1788087230.852675,50,9.340729,1.098560
worker_7,1511,1788087230.862041,50,9.754622,1.096608
worker_7,1512,1788087230.871845,50,9.327267,1.098784
worker_7,1513,1788087230.881206,50,9.766039,1.096608
worker_7,1514,1788087230.891022,50,9.315285,1.097216
worker_7,1515,1788087230.900362,50,9.770281,1.096640
worker_7,1516,1788087230.910181,50,9.323600,1.095616
worker_7,1517,1788087230.919530,50,9.749400,1.098592
worker_7,1518,1788087230.929325,50,9.333786,1.098400
worker_7,1519,1788087230.938682,50,9.766326,1.098112
worker_7,1520,1788087230.948496,50,9.332627,1.097472
worker_7,1521,1788087230.957851,50,9.758011,1.096832
worker_7,1522,1788087230.967659,50,9.329943,1.096448
worker_7,1523,1788087230.977014,50,9.763104,1.096640
worker_7,1524,1788087230.986825,50,9.328749,1.095776
worker_7,1525,1788087230.996179,50,9.780122,1.095968
worker_7,1526,1788087231.006007,50,9.317877,1.095840
worker_7,1527,1788087231.015351,50,9.761576,1.099040
worker_7,1528,1788087231.025159,50,9.333173,1.098528
worker_7,1529,1788087231.034519,50,9.549120,1.096256
worker_7,1530,1788087231.044087,50,9.556750,1.098080
worker_7,1531,1788087231.053660,50,9.565916,1.096608
worker_7,1532,1788087231.063322,50,9.702908,1.096576
worker_7,1533,1788087231.073088,50,9.516859,1.096480
worker_7,1534,1788087231.082652,50,9.534730,1.095680
worker_7,1535,1788087231.092244,50,9.521435,1.097344
worker_7,1536,1788087231.101813,50,9.541593,1.096288
worker_7,1537,1788087231.111401,50,9.531537,1.096768
worker_7,1538,1788087231.120978,50,9.554778,1.095776
worker_7,1539,1788087231.130579,50,9.527010,1.097088
worker_7,1540,1788087231.140153,50,9.517824,1.096992
worker_7,1541,1788087231.149718,50,9.658612,1.096768
worker_7,1542,1788087231.159425,50,9.559778,1.105728
worker_7,1543,1788087231.169033,50,9.343277,1.097600
worker_7,1544,1788087231.178401,50,9.753548,1.097984
worker_7,1545,1788087231.188201,50,9.351812,1.096640
worker_7,1546,1788087231.197580,50,9.609721,1.098080
worker_7,1547,1788087231.207238,50,9.328692,1.097088
worker_7,1548,1788087231.216592,50,9.752918,1.097760
worker_7,1549,1788087231.226395,50,9.334350,1.097248
worker_7,1550,1788087231.235754,50,9.770631,1.099744
worker_7,1551,1788087231.245573,50,9.334609,1.097440
worker_7,1552,1788087231.254944,50,9.744966,1.098912
worker_7,1553,1788087231.264735,50,9.336739,1.098912
worker_7,1554,1788087231.274096,50,9.776826,1.095808
worker_7,1555,1788087231.283921,50,9.337498,1.100864
worker_7,1556,1788087231.293287,50,9.568805,1.099488
worker_7,1557,1788087231.302875,50,9.553233,1.096416
worker_7,1558,1788087231.312445,50,9.569268,1.096672
worker_7,1559,1788087231.322030,50,9.587445,1.098464
worker_7,1560,1788087231.331633,50,9.587325,1.098688
worker_7,1561,1788087231.341237,50,9.558500,1.096704
worker_7,1562,1788087231.350811,50,9.569323,1.098368
worker_7,1563,1788087231.360397,50,9.574195,1.096864
worker_7,1564,1788087231.369987,50,9.554667,1.096544
worker_7,1565,1788087231.379556,50,9.784890,1.102880
worker_7,1566,1788087231.389390,50,9.532472,1.097376
worker_7,1567,1788087231.398969,50,9.540362,1.098592
worker_7,1568,1788087231.408555,50,9.527722,1.095584
worker_7,1569,1788087231.418126,50,9.541648,1.099360
worker_7,1570,1788087231.427716,50,9.328915,1.096448
worker_7,1571,1788087231.437069,50,9.549602,1.096352
worker_7,1572,1788087231.446651,50,9.555223,1.098240
worker_7,1573,1788087231.456231,50,9.569964,1.097216
worker_7,1574,1788087231.465817,50,9.567908,1.096128
worker_7,1575,1788087231.475401,50,9.561842,1.098880
worker_7,1576,1788087231.484978,50,9.780021,1.096960
worker_7,1577,1788087231.494805,50,9.529843,1.097792
worker_7,1578,1788087231.504380,50,9.526212,1.096384
worker_7,1579,1788087231.513951,50,9.538121,1.096480
worker_7,1580,1788087231.523536,50,9.550815,1.103264
worker_7,1581,1788087231.533132,50,9.330313,1.097056
worker_7,1582,1788087231.542488,50,9.571898,1.097696
worker_7,1583,1788087231.552077,50,9.560889,1.096992
worker_7,1584,1788087231.561656,50,9.565842,1.097344
worker_7,1585,1788087231.571237,50,9.591371,1.100896
worker_7,1586,1788087231.580845,50,9.768603,1.098144
worker_7,1587,1788087231.590662,50,9.532944,1.096256
worker_7,1588,1788087231.600259,50,9.514731,1.096512
worker_7,1589,1788087231.609820,50,9.555388,1.098336
worker_7,1590,1788087231.619423,50,9.309878,1.095904
worker_7,1591,1788087231.628763,50,9.555898,1.096704
worker_7,1592,1788087231.638337,50,9.557471,1.095808
worker_7,1593,1788087231.647910,50,9.569871,1.099968
worker_7,1594,1788087231.657495,50,9.566860,1.098240
worker_7,1595,1788087231.667077,50,9.559973,1.095712
worker_7,1596,1788087231.676655,50,9.562862,1.097184
worker_7,1597,1788087231.686233,50,9.797928,1.096704
worker_7,1598,1788087231.696080,50,9.515407,1.106752
worker_7,1599,1788087231.705641,50,9.551666,1.097472
worker_7,1600,1788087231.715239,50,9.542879,1.097216
worker_7,1601,1788087231.724827,50,9.532277,1.099072
worker_7,1602,1788087231.734405,50,9.550861,1.096608
worker_7,1603,1788087231.744003,50,9.370267,1.096352
worker_7,1604,1788087231.753424,50,9.699871,1.097056
worker_7,1605,1788087231.763171,50,9.342879,1.102144
worker_7,1606,1788087231.772538,50,9.765873,1.096448
worker_7,1607,1788087231.782353,50,9.334147,1.097984
worker_7,1608,1788087231.791715,50,9.760742,1.095872
worker_7,1609,1788087231.801524,50,9.328636,1.095904
worker_7,1610,1788087231.810877,50,9.797308,1.097504
worker_7,1611,1788087231.820734,50,9.324517,1.099136
worker_7,1612,1788087231.830083,50,9.752604,1.096640
worker_7,1613,1788087231.839884,50,9.347869,1.096640
worker_7,1614,1788087231.849256,50,9.760707,1.099040
worker_7,1615,1788087231.859064,50,9.334970,1.097792
worker_7,1616,1788087231.868423,50,9.758576,1.096864
worker_7,1617,1788087231.878230,50,9.329322,1.098144
worker_7,1618,1788087231.887583,50,9.773604,1.097344
worker_7,1619,1788087231.897405,50,9.330599,1.098560
worker_7,1620,1788087231.906760,50,9.769566,1.101056
worker_7,1621,1788087231.916579,50,9.328906,1.096608
worker_7,1622,1788087231.925933,50,9.760177,1.099200
worker_7,1623,1788087231.935741,50,9.332489,1.099584
worker_7,1624,1788087231.945100,50,9.760336,1.098240
worker_7,1625,1788087231.954908,50,9.336794,1.097504
worker_7,1626,1788087231.964269,50,9.755169,1.096160
worker_7,1627,1788087231.974071,50,9.337369,1.097376
worker_7,1628,1788087231.983433,50,9.765714,1.096832
worker_7,1629,1788087231.993247,50,9.341275,1.096896
worker_7,1630,1788087232.002624,50,9.763983,1.097792
worker_7,1631,1788087232.012436,50,9.326248,1.096640
worker_7,1632,1788087232.021787,50,9.760140,1.098240
worker_7,1633,1788087232.031597,50,9.362646,1.098528
worker_7,1634,1788087232.040983,50,9.761567,1.099264
worker_7,1635,1788087232.050794,50,9.337629,1.097120
worker_7,1636,1788087232.060158,50,9.759390,1.098304
worker_7,1637,1788087232.069964,50,9.336766,1.097664
worker_7,1638,1788087232.079326,50,9.774909,1.100672
worker_7,1639,1788087232.089148,50,9.328703,1.098176
worker_7,1640,1788087232.098503,50,9.777271,1.096320
worker_7,1641,1788087232.108329,50,9.333517,1.100640
worker_7,1642,1788087232.117687,50,9.753984,1.096096
worker_7,1643,1788087232.127489,50,9.363498,1.103904
worker_7,1644,1788087232.136880,50,9.759668,1.095552
worker_7,1645,1788087232.146688,50,9.325479,1.099328
worker_7,1646,1788087232.156037,50,9.765724,1.096544
worker_7,1647,1788087232.165850,50,9.329739,1.098496
worker_7,1648,1788087232.175205,50,9.769399,1.097248
worker_7,1649,1788087232.185020,50,9.330821,1.096992
worker_7,1650,1788087232.194389,50,9.751891,1.096128
worker_7,1651,1788087232.204190,50,9.340184,1.102688
worker_7,1652,1788087232.213557,50,9.755159,1.097408
worker_7,1653,1788087232.223360,50,9.332720,1.098880
worker_7,1654,1788087232.232718,50,9.748760,1.098528
worker_7,1655,1788087232.242516,50,9.327997,1.098688
worker_7,1656,1788087232.251868,50,9.762243,1.097728
worker_7,1657,1788087232.261678,50,9.329942,1.096448
worker_7,1658,1788087232.271032,50,9.777548,1.102528
worker_7,1659,1788087232.280857,50,9.327442,1.097472
worker_7,1660,1788087232.290210,50,9.751686,1.095488
worker_7,1661,1788087232.300009,50,9.339146,1.096480
worker_7,1662,1788087232.309373,50,9.765502,1.096384
worker_7,1663,1788087232.319187,50,9.326146,1.100384
worker_7,1664,1788087232.328538,50,9.760381,1.095680
worker_7,1665,1788087232.338346,50,9.329997,1.097120
worker_7,1666,1788087232.347701,50,9.780901,1.097504
worker_7,1667,1788087232.357530,50,9.328850,1.097824
worker_7,1668,1788087232.366883,50,9.762557,1.095648
worker_7,1669,1788087232.376708,50,9.324868,1.097792
worker_7,1670,1788087232.386059,50,9.753279,1.097472
worker_7,1671,1788087232.395862,50,9.326627,1.096608
worker_7,1672,1788087232.405213,50,9.764446,1.096608
worker_7,1673,1788087232.415025,50,9.338637,1.097216
worker_7,1674,1788087232.424391,50,9.750121,1.096448
worker_7,1675,1788087232.434187,50,9.329313,1.096768
worker_7,1676,1788087232.443544,50,9.780150,1.095552
worker_7,1677,1788087232.453372,50,9.322368,1.096864
worker_7,1678,1788087232.462719,50,9.763529,1.097920
worker_7,1679,1788087232.472530,50,9.328156,1.096384
worker_7,1680,1788087232.481884,50,9.754863,1.096640
worker_7,1681,1788087232.491686,50,9.334923,1.098720
worker_7,1682,1788087232.501045,50,9.764567,1.099488
worker_7,1683,1788087232.510936,50,9.248517,1.095712
worker_7,1684,1788087232.520217,50,9.753095,1.096736
worker_7,1685,1788087232.530018,50,9.321544,1.096928
worker_7,1686,1788087232.539366,50,9.774938,1.096352
worker_7,1687,1788087232.549188,50,9.344980,1.103904
worker_7,1688,1788087232.558558,50,9.758928,1.096416
worker_7,1689,1788087232.568377,50,9.325545,1.098304
worker_7,1690,1788087232.577728,50,9.751604,1.097856
worker_7,1691,1788087232.587527,50,9.333406,1.096864
worker_7,1692,1788087232.596885,50,9.750992,1.095872
worker_7,1693,1788087232.606683,50,9.335563,1.098784
worker_7,1694,1788087232.616044,50,9.759678,1.096544
worker_7,1695,1788087232.625850,50,9.328072,1.097792
worker_7,1696,1788087232.635204,50,9.777475,1.097216
worker_7,1697,1788087232.645028,50,9.321286,1.098624
worker_7,1698,1788087232.654374,50,9.766261,1.095424
worker_7,1699,1788087232.664188,50,9.484268,1.109248
worker_7,1700,1788087232.673698,50,9.757502,1.096960
worker_7,1701,1788087232.683503,50,9.208414,1.098944
worker_7,1702,1788087232.692736,50,9.754002,1.097280
worker_7,1703,1788087232.702538,50,9.334777,1.097888
worker_7,1704,1788087232.711897,50,9.747419,1.100128
worker_7,1705,1788087232.721691,50,9.344600,1.103616
worker_7,1706,1788087232.731061,50,9.754270,1.096768
worker_7,1707,1788087232.740862,50,9.353656,1.097184
worker_7,1708,1788087232.750253,50,9.759826,1.096512
worker_7,1709,1788087232.760060,50,9.328988,1.097088
worker_7,1710,1788087232.769413,50,9.763558,1.095712
worker_7,1711,1788087232.779224,50,9.341545,1.104768
worker_7,1712,1788087232.788591,50,9.766882,1.097216
worker_7,1713,1788087232.798407,50,9.354212,1.097280
worker_7,1714,1788087232.807788,50,9.755575,1.098144
worker_7,1715,1788087232.817591,50,9.348536,1.097088
worker_7,1716,1788087232.826965,50,9.769854,1.097632
worker_7,1717,1788087232.836781,50,9.345220,1.096864
worker_7,1718,1788087232.846152,50,9.757873,1.097408
worker_7,1719,1788087232.855958,50,9.331277,1.097824
worker_7,1720,1788087232.865314,50,9.763372,1.097440
worker_7,1721,1788087232.875124,50,9.330452,1.096352
worker_7,1722,1788087232.884480,50,9.760243,1.097344
worker_7,1723,1788087232.894289,50,9.349757,1.097376
worker_7,1724,1788087232.903664,50,9.759705,1.099680
worker_7,1725,1788087232.913472,50,9.356794,1.096448
worker_7,1726,1788087232.922854,50,9.754762,1.096416
worker_7,1727,1788087232.932657,50,9.331452,1.097056
worker_7,1728,1788087232.942027,50,9.746983,1.098240
worker_7,1729,1788087232.951823,50,9.332961,1.100256
worker_7,1730,1788087232.961180,50,9.755585,1.095776
worker_7,1731,1788087232.970984,50,9.335479,1.101440
worker_7,1732,1788087232.980343,50,9.769196,1.096160
worker_7,1733,1788087232.990161,50,9.327563,1.098304
worker_7,1734,1788087232.999514,50,9.550501,1.097280
worker_7,1735,1788087233.009084,50,9.567639,1.097344
worker_7,1736,1788087233.018669,50,9.560908,1.096320
worker_7,1737,1788087233.028248,50,9.575213,1.096832
worker_7,1738,1788087233.037838,50,9.769622,1.096736
worker_7,1739,1788087233.047658,50,9.551760,1.097920
worker_7,1740,1788087233.057257,50,9.512649,1.096960
worker_7,1741,1788087233.066816,50,9.554046,1.099040
worker_7,1742,1788087233.076418,50,9.540638,1.097792
worker_7,1743,1788087233.086008,50,9.539129,1.096928
worker_7,1744,1788087233.095594,50,9.530277,1.098816
worker_7,1745,1788087233.105171,50,9.567546,1.096256
worker_7,1746,1788087233.114785,50,9.501231,1.099328
worker_7,1747,1788087233.124345,50,9.537990,1.104160
worker_7,1748,1788087233.133929,50,9.532176,1.097376
worker_7,1749,1788087233.143507,50,9.539778,1.098208
worker_7,1750,1788087233.153093,50,9.565352,1.098240
worker_7,1751,1788087233.162705,50,9.558936,1.097568
worker_7,1752,1788087233.172311,50,9.549565,1.101248
worker_7,1753,1788087233.181907,50,9.552528,1.096544
worker_7,1754,1788087233.191507,50,9.330684,1.097280
worker_7,1755,1788087233.200862,50,9.773168,1.096096
worker_7,1756,1788087233.210684,50,9.331128,1.096352
worker_7,1757,1788087233.220040,50,9.760799,1.099040
worker_7,1758,1788087233.229850,50,9.328498,1.096640
worker_7,1759,1788087233.239205,50,9.758956,1.096832
worker_7,1760,1788087233.249013,50,9.326656,1.097792
worker_7,1761,1788087233.258365,50,9.770224,1.096608
worker_7,1762,1788087233.268183,50,9.333146,1.096352
worker_7,1763,1788087233.277540,50,9.761549,1.098976
worker_7,1764,1788087233.287349,50,9.360721,1.098560
worker_7,1765,1788087233.296734,50,9.753937,1.096160
worker_7,1766,1788087233.306536,50,9.329526,1.096288
worker_7,1767,1788087233.315903,50,9.754641,1.097920
worker_7,1768,1788087233.325706,50,9.329406,1.095808
worker_7,1769,1788087233.335059,50,9.765252,1.099392
worker_7,1770,1788087233.344870,50,9.448128,1.098336
worker_7,1771,1788087233.354343,50,9.689927,1.095712
worker_7,1772,1788087233.364080,50,9.296397,1.100160
worker_7,1773,1788087233.373399,50,9.604010,1.098720
worker_7,1774,1788087233.383052,50,9.480962,1.096960
worker_7,1775,1788087233.392559,50,9.754539,1.098048
worker_7,1776,1788087233.402361,50,9.343674,1.096224
worker_7,1777,1788087233.411730,50,9.758928,1.102592
worker_7,1778,1788087233.421536,50,9.337823,1.096064
worker_7,1779,1788087233.430900,50,9.750826,1.097120
worker_7,1780,1788087233.440698,50,9.334535,1.097056
worker_7,1781,1788087233.450057,50,9.779216,1.097632
worker_7,1782,1788087233.459885,50,9.328730,1.098240
worker_7,1783,1788087233.469239,50,9.752946,1.097984
worker_7,1784,1788087233.479041,50,9.325192,1.096192
worker_7,1785,1788087233.488390,50,9.765132,1.098752
worker_7,1786,1788087233.498218,50,9.323953,1.097472
worker_7,1787,1788087233.507568,50,9.762538,1.098656
worker_7,1788,1788087233.517378,50,9.346036,1.097600
worker_7,1789,1788087233.526749,50,9.759772,1.096896
worker_7,1790,1788087233.536556,50,9.339238,1.098432
worker_7,1791,1788087233.545920,50,9.749641,1.097920
worker_7,1792,1788087233.555718,50,9.339351,1.100384
worker_7,1793,1788087233.565082,50,9.753872,1.098784
worker_7,1794,1788087233.574885,50,9.331979,1.096320
worker_7,1795,1788087233.584240,50,9.748502,1.096768
worker_7,1796,1788087233.594037,50,9.333433,1.097600
worker_7,1797,1788087233.603397,50,9.753141,1.098400
worker_7,1798,1788087233.613198,50,9.350675,1.096608
worker_7,1799,1788087233.622572,50,9.780716,1.097760
worker_7,1800,1788087233.632402,50,9.332619,1.097696
worker_7,1801,1788087233.641760,50,9.750696,1.096288
worker_7,1802,1788087233.651559,50,9.344646,1.099520
worker_7,1803,1788087233.660929,50,9.765429,1.096800
worker_7,1804,1788087233.670744,50,9.332044,1.096128
worker_7,1805,1788087233.680099,50,9.757298,1.098144
worker_7,1806,1788087233.689918,50,9.318535,1.096320
worker_7,1807,1788087233.699261,50,9.782261,1.101824
worker_7,1808,1788087233.709091,50,9.329136,1.097568
worker_7,1809,1788087233.718444,50,9.789039,1.097920
worker_7,1810,1788087233.728283,50,9.352812,1.110656
worker_7,1811,1788087233.737661,50,9.749540,1.097120
worker_7,1812,1788087233.747460,50,9.338156,1.098816
worker_7,1813,1788087233.756823,50,9.755233,1.096544
worker_7,1814,1788087233.766625,50,9.355416,1.098976
worker_7,1815,1788087233.776004,50,9.751419,1.096864
worker_7,1816,1788087233.785803,50,9.341535,1.096640
worker_7,1817,1788087233.795169,50,9.551138,1.099840
worker_7,1818,1788087233.804739,50,9.559816,1.096832
worker_7,1819,1788087233.814315,50,9.565527,1.097184
worker_7,1820,1788087233.823897,50,9.566583,1.096480
worker_7,1821,1788087233.833478,50,9.567195,1.098688
worker_7,1822,1788087233.843060,50,9.554092,1.097216
worker_7,1823,1788087233.852629,50,9.577463,1.095456
worker_7,1824,1788087233.862221,50,9.566537,1.096992
worker_7,1825,1788087233.871815,50,9.553361,1.097248
worker_7,1826,1788087233.881383,50,9.584492,1.099328
worker_7,1827,1788087233.890983,50,9.770678,1.097856
worker_7,1828,1788087233.900801,50,9.542371,1.097824
worker_7,1829,1788087233.910389,50,9.543779,1.097184
worker_7,1830,1788087233.919978,50,9.529231,1.097568
worker_7,1831,1788087233.929557,50,9.543462,1.096896
worker_7,1832,1788087233.939147,50,9.339443,1.097792
worker_7,1833,1788087233.948510,50,9.554316,1.097088
worker_7,1834,1788087233.958160,50,9.480416,1.097376
worker_7,1835,1788087233.967659,50,9.602778,1.095872
worker_7,1836,1788087233.977279,50,9.580305,1.098752
worker_7,1837,1788087233.986876,50,9.562936,1.097472
worker_7,1838,1788087233.996455,50,9.771428,1.098144
worker_7,1839,1788087234.006273,50,9.561972,1.096512
worker_7,1840,1788087234.015881,50,9.533001,1.098528
worker_7,1841,1788087234.025460,50,9.550658,1.096448
worker_7,1842,1788087234.035057,50,9.534537,1.096864
worker_7,1843,1788087234.044636,50,9.342091,1.098784
worker_7,1844,1788087234.054002,50,9.549806,1.097248
worker_7,1845,1788087234.063582,50,9.569177,1.098272
worker_7,1846,1788087234.073168,50,9.561473,1.096928
worker_7,1847,1788087234.082744,50,9.563055,1.095296
worker_7,1848,1788087234.092323,50,9.562287,1.096736
worker_7,1849,1788087234.101900,50,9.760521,1.096992
worker_7,1850,1788087234.111709,50,9.535555,1.096128
worker_7,1851,1788087234.121292,50,9.336100,1.096640
worker_7,1852,1788087234.130652,50,9.548501,1.096000
worker_7,1853,1788087234.140228,50,9.573751,1.097088
worker_7,1854,1788087234.149818,50,9.556796,1.096640
worker_7,1855,1788087234.159390,50,9.577260,1.096224
worker_7,1856,1788087234.168984,50,9.570881,1.098912
worker_7,1857,1788087234.178570,50,9.564546,1.098208
worker_7,1858,1788087234.188150,50,9.592233,1.099296
worker_7,1859,1788087234.197757,50,9.565862,1.097248
worker_7,1860,1788087234.207340,50,9.789151,1.097696
worker_7,1861,1788087234.217177,50,9.528296,1.097696
worker_7,1862,1788087234.226753,50,9.539638,1.099744
worker_7,1863,1788087234.236337,50,9.542065,1.103584
worker_7,1864,1788087234.245942,50,9.520732,1.096352
worker_7,1865,1788087234.255508,50,9.547009,1.095776
worker_7,1866,1788087234.265102,50,9.535444,1.099648
worker_7,1867,1788087234.274684,50,9.540388,1.096128
worker_7,1868,1788087234.284270,50,9.521166,1.097248
worker_7,1869,1788087234.293837,50,9.530379,1.095904
worker_7,1870,1788087234.303412,50,9.544018,1.098624
worker_7,1871,1788087234.313002,50,9.533788,1.097952
worker_7,1872,1788087234.322580,50,9.553713,1.098336
worker_7,1873,1788087234.332180,50,9.542564,1.096224
worker_7,1874,1788087234.341769,50,9.533455,1.096416
worker_7,1875,1788087234.351350,50,9.543251,1.095808
worker_7,1876,1788087234.360939,50,9.527045,1.097216
worker_7,1877,1788087234.370512,50,9.538241,1.096288
worker_7,1878,1788087234.380096,50,9.535556,1.097184
worker_7,1879,1788087234.389677,50,9.533685,1.097184
worker_7,1880,1788087234.399256,50,9.343341,1.098048
worker_7,1881,1788087234.408622,50,9.758251,1.095584
worker_7,1882,1788087234.418427,50,9.329962,1.096384
worker_7,1883,1788087234.427781,50,9.787464,1.097984
worker_7,1884,1788087234.437629,50,9.321711,1.098624
worker_7,1885,1788087234.446976,50,9.777973,1.097632
worker_7,1886,1788087234.456802,50,9.331036,1.098368
worker_7,1887,1788087234.466158,50,9.781049,1.097536
worker_7,1888,1788087234.475985,50,9.328183,1.096512
worker_7,1889,1788087234.485338,50,9.781945,1.096928
worker_7,1890,1788087234.495167,50,9.324257,1.098784
worker_7,1891,1788087234.504516,50,9.760919,1.097344
worker_7,1892,1788087234.514323,50,9.327044,1.097856
worker_7,1893,1788087234.523675,50,9.790094,1.096320
worker_7,1894,1788087234.533512,50,9.347517,1.099520
worker_7,1895,1788087234.542884,50,9.763354,1.097376
worker_7,1896,1788087234.552694,50,9.325517,1.097888
worker_7,1897,1788087234.562043,50,9.762141,1.098112
worker_7,1898,1788087234.571853,50,9.330786,1.095744
worker_7,1899,1788087234.581208,50,9.764938,1.096416
worker_7,1900,1788087234.591020,50,9.331794,1.096768
worker_7,1901,1788087234.600377,50,9.769095,1.097472
worker_7,1902,1788087234.610194,50,9.320453,1.096800
worker_7,1903,1788087234.619551,50,9.747733,1.098880
worker_7,1904,1788087234.629344,50,9.334961,1.098976
worker_7,1905,1788087234.638703,50,9.772604,1.102976
worker_7,1906,1788087234.648524,50,9.329943,1.096704
worker_7,1907,1788087234.657878,50,9.764030,1.098336
worker_7,1908,1788087234.667689,50,9.333591,1.104832
worker_7,1909,1788087234.677049,50,9.545768,1.098112
worker_7,1910,1788087234.686616,50,9.770086,1.097664
worker_7,1911,1788087234.696434,50,9.334479,1.096448
worker_7,1912,1788087234.705792,50,9.552843,1.098720
worker_7,1913,1788087234.715362,50,9.567927,1.096544
worker_7,1914,1788087234.724945,50,9.580954,1.096384
worker_7,1915,1788087234.734541,50,9.562602,1.096448
worker_7,1916,1788087234.744119,50,9.573732,1.107072
worker_7,1917,1788087234.753707,50,9.563251,1.097280
worker_7,1918,1788087234.763286,50,9.782697,1.096512
worker_7,1919,1788087234.773117,50,9.534963,1.096352
worker_7,1920,1788087234.782697,50,9.546260,1.096480
worker_7,1921,1788087234.792289,50,9.542898,1.110240
worker_7,1922,1788087234.801879,50,9.536305,1.096064
worker_7,1923,1788087234.811472,50,9.349396,1.099264
worker_7,1924,1788087234.820847,50,9.554195,1.097312
worker_7,1925,1788087234.830418,50,9.574279,1.096448
worker_7,1926,1788087234.840010,50,9.558510,1.096256
worker_7,1927,1788087234.849585,50,9.564463,1.097952
worker_7,1928,1788087234.859166,50,9.565695,1.099136
worker_7,1929,1788087234.868746,50,9.787707,1.098304
worker_7,1930,1788087234.878582,50,9.539129,1.097568
worker_7,1931,1788087234.888167,50,9.534592,1.096160
worker_7,1932,1788087234.897748,50,9.538907,1.097312
worker_7,1933,1788087234.907333,50,9.540917,1.099648
worker_7,1934,1788087234.916919,50,9.534971,1.097568
worker_7,1935,1788087234.926500,50,9.528732,1.096032
worker_7,1936,1788087234.936074,50,9.538010,1.097472
worker_7,1937,1788087234.945658,50,9.535120,1.099424
worker_7,1938,1788087234.955238,50,9.538945,1.096288
worker_7,1939,1788087234.964823,50,9.528880,1.096768
worker_7,1940,1788087234.974397,50,9.539323,1.098464
worker_7,1941,1788087234.983986,50,9.538231,1.096864
worker_7,1942,1788087234.993584,50,9.521768,1.096992
worker_7,1943,1788087235.003153,50,9.543379,1.096928
worker_7,1944,1788087235.012742,50,9.536204,1.097952
worker_7,1945,1788087235.022324,50,9.539009,1.095744
worker_7,1946,1788087235.031910,50,9.354303,1.095584
worker_7,1947,1788087235.041290,50,9.786179,1.096416
worker_7,1948,1788087235.051122,50,9.333860,1.097632
worker_7,1949,1788087235.060482,50,9.548065,1.097056
worker_7,1950,1788087235.070047,50,9.766715,1.098240
worker_7,1951,1788087235.079862,50,9.329165,1.099488
worker_7,1952,1788087235.089216,50,9.542055,1.096576
worker_7,1953,1788087235.098776,50,9.569379,1.099104
worker_7,1954,1788087235.108362,50,9.571464,1.098528
worker_7,1955,1788087235.117949,50,9.569418,1.097376
worker_7,1956,1788087235.127534,50,9.577536,1.098848
worker_7,1957,1788087235.137128,50,9.560935,1.097792
worker_7,1958,1788087235.146704,50,9.786706,1.101056
worker_7,1959,1788087235.156542,50,9.534463,1.096512
worker_7,1960,1788087235.166123,50,9.521324,1.097920
worker_7,1961,1788087235.175690,50,9.546019,1.098784
worker_7,1962,1788087235.185295,50,9.555269,1.095584
worker_7,1963,1788087235.194896,50,9.292859,1.097152
worker_7,1964,1788087235.204221,50,9.550175,1.097792
worker_7,1965,1788087235.213790,50,9.559315,1.096224
worker_7,1966,1788087235.223364,50,9.592112,1.102688
worker_7,1967,1788087235.232972,50,9.570741,1.096576
worker_7,1968,1788087235.242557,50,9.582927,1.097760
worker_7,1969,1788087235.252155,50,9.767399,1.096512
worker_7,1970,1788087235.261972,50,9.538982,1.097024
worker_7,1971,1788087235.271558,50,9.551899,1.099808
worker_7,1972,1788087235.281155,50,9.526397,1.096768
worker_7,1973,1788087235.290726,50,9.342498,1.096032
worker_7,1974,1788087235.300092,50,9.553945,1.098080
worker_7,1975,1788087235.309666,50,9.559796,1.096992
worker_7,1976,1788087235.319242,50,9.585379,1.100192
worker_7,1977,1788087235.328844,50,9.567981,1.098336
worker_7,1978,1788087235.338427,50,9.571111,1.097760
worker_7,1979,1788087235.348012,50,9.944235,1.097792
worker_7,1980,1788087235.358006,50,9.379110,1.097216
worker_7,1981,1788087235.367444,50,9.527360,1.096640
worker_7,1982,1788087235.377020,50,9.536352,1.099840
worker_7,1983,1788087235.386602,50,9.336748,1.098816
worker_7,1984,1788087235.395963,50,9.573186,1.105280
worker_7,1985,1788087235.405633,50,9.483748,1.099136
worker_7,1986,1788087235.415135,50,9.561092,1.096288
worker_7,1987,1788087235.424713,50,9.566065,1.097888
worker_7,1988,1788087235.434295,50,9.560195,1.096864
worker_7,1989,1788087235.443871,50,9.564675,1.095712
worker_7,1990,1788087235.453451,50,9.786234,1.096736
worker_7,1991,1788087235.463286,50,9.527529,1.098880
worker_7,1992,1788087235.472858,50,9.523426,1.096352
worker_7,1993,1788087235.482428,50,9.529879,1.098016
worker_7,1994,1788087235.492004,50,9.710817,1.098080
worker_7,1995,1788087235.501763,50,9.388860,1.096384
worker_7,1996,1788087235.511197,50,9.533916,1.095552
worker_7,1997,1788087235.520777,50,9.383861,1.098112
worker_7,1998,1788087235.530205,50,9.512870,1.096576
worker_7,1999,1788087235.539744,50,9.747474,1.097184
worker_7,2000,1788087235.549536,50,9.547944,1.097184
worker_7,2001,1788087235.559144,50,9.316340,1.096800
worker_7,2002,1788087235.568485,50,9.749003,1.096704
worker_7,2003,1788087235.578282,50,9.330442,1.096736
worker_7,2004,1788087235.587636,50,9.754622,1.097856
worker_7,2005,1788087235.597437,50,9.340017,1.097792
worker_7,2006,1788087235.606802,50,9.758030,1.097504
worker_7,2007,1788087235.616608,50,9.338322,1.096992
worker_7,2008,1788087235.625970,50,9.780178,1.096384
worker_7,2009,1788087235.635798,50,9.330405,1.099360
worker_7,2010,1788087235.645153,50,9.773947,1.096448
worker_7,2011,1788087235.654973,50,9.339082,1.099456
worker_7,2012,1788087235.664337,50,9.755826,1.095328
worker_7,2013,1788087235.674139,50,9.333592,1.096768
worker_7,2014,1788087235.683496,50,9.753290,1.098080
worker_7,2015,1788087235.693296,50,9.335646,1.097344
worker_7,2016,1788087235.702657,50,9.756900,1.096256
worker_7,2017,1788087235.712462,50,9.336110,1.097792
worker_7,2018,1788087235.721825,50,9.545992,1.097632
worker_7,2019,1788087235.731390,50,9.569565,1.100288
worker_7,2020,1788087235.740988,50,9.572871,1.097536
worker_7,2021,1788087235.750577,50,9.567103,1.097792
worker_7,2022,1788087235.760159,50,9.788235,1.098976
worker_7,2023,1788087235.769996,50,9.536916,1.094624
worker_7,2024,1788087235.779578,50,9.529602,1.097536
worker_7,2025,1788087235.789154,50,9.552964,1.096256
worker_7,2026,1788087235.798756,50,9.531861,1.098336
worker_7,2027,1788087235.808336,50,9.544870,1.102176
worker_7,2028,1788087235.817927,50,9.529361,1.097024
worker_7,2029,1788087235.827503,50,9.566622,1.098912
worker_7,2030,1788087235.837115,50,9.532093,1.098304
worker_7,2031,1788087235.846693,50,9.353009,1.097376
worker_7,2032,1788087235.856069,50,9.554157,1.098240
worker_7,2033,1788087235.865641,50,9.566796,1.096864
worker_7,2034,1788087235.875222,50,9.576288,1.098688
worker_7,2035,1788087235.884814,50,9.787040,1.097440
worker_7,2036,1788087235.894649,50,9.574908,1.095904
worker_7,2037,1788087235.904271,50,9.486731,1.097600
worker_7,2038,1788087235.913802,50,9.588733,1.097760
worker_7,2039,1788087235.923438,50,9.510917,1.099872
worker_7,2040,1788087235.933007,50,9.522898,1.098752
worker_7,2041,1788087235.942576,50,9.552138,1.096608
worker_7,2042,1788087235.952174,50,9.549065,1.108256
worker_7,2043,1788087235.961770,50,9.539232,1.098368
worker_7,2044,1788087235.971355,50,9.321619,1.100704
worker_7,2045,1788087235.980701,50,9.568713,1.098144
worker_7,2046,1788087235.990286,50,9.558870,1.098496
worker_7,2047,1788087235.999861,50,9.568297,1.097184
worker_7,2048,1788087236.009444,50,9.569398,1.097760
worker_7,2049,1788087236.019032,50,9.578009,1.108256
worker_7,2050,1788087236.028625,50,9.561000,1.095744
worker_7,2051,1788087236.038201,50,9.791484,1.096416
worker_7,2052,1788087236.048039,50,9.542482,1.097920
worker_7,2053,1788087236.057629,50,9.522249,1.096608
worker_7,2054,1788087236.067197,50,9.547028,1.099296
worker_7,2055,1788087236.076791,50,9.532295,1.098528
worker_7,2056,1788087236.086370,50,9.536148,1.097440
worker_7,2057,1788087236.095952,50,9.539055,1.097184
worker_7,2058,1788087236.105538,50,9.531287,1.098208
worker_7,2059,1788087236.115127,50,9.552047,1.095872
worker_7,2060,1788087236.124725,50,9.530889,1.099680
worker_7,2061,1788087236.134305,50,9.539943,1.096672
worker_7,2062,1788087236.143893,50,9.554203,1.098912
worker_7,2063,1788087236.153493,50,9.531500,1.098784
worker_7,2064,1788087236.163071,50,9.548445,1.097120
worker_7,2065,1788087236.172668,50,9.333591,1.098144
worker_7,2066,1788087236.182026,50,9.765927,1.096992
worker_7,2067,1788087236.191841,50,9.337470,1.096736
worker_7,2068,1788087236.201204,50,9.752697,1.097760
worker_7,2069,1788087236.211005,50,9.332156,1.098240
worker_7,2070,1788087236.220363,50,9.752751,1.095584
worker_7,2071,1788087236.230165,50,9.343360,1.099008
worker_7,2072,1788087236.239534,50,9.759585,1.097152
worker_7,2073,1788087236.249339,50,9.336082,1.096576
worker_7,2074,1788087236.258699,50,9.758761,1.097280
worker_7,2075,1788087236.268505,50,9.331961,1.098016
worker_7,2076,1788087236.277861,50,9.765512,1.096224
worker_7,2077,1788087236.287675,50,9.327397,1.098048
worker_7,2078,1788087236.297025,50,9.765779,1.097920
worker_7,2079,1788087236.306853,50,9.326637,1.095936
worker_7,2080,1788087236.316203,50,9.766909,1.102528
worker_7,2081,1788087236.326016,50,9.330203,1.097792
worker_7,2082,1788087236.335374,50,9.787345,1.097088
worker_7,2083,1788087236.345210,50,9.333081,1.097664
worker_7,2084,1788087236.354568,50,9.783742,1.096256
worker_7,2085,1788087236.364397,50,9.346675,1.097760
worker_7,2086,1788087236.373768,50,9.750299,1.096064
worker_7,2087,1788087236.383567,50,9.329627,1.096736
