label,batch,start_unix_s,operations,wall_ms,cuda_batch_ms
worker_2,0,1788087216.384993,50,5.141582,4.467040
worker_2,1,1788087216.390189,50,9.550000,1.097056
worker_2,2,1788087216.399781,50,9.542185,1.097664
worker_2,3,1788087216.409361,50,9.694529,1.097632
worker_2,4,1788087216.419092,50,9.551620,1.097600
worker_2,5,1788087216.428681,50,9.549454,1.099040
worker_2,6,1788087216.438265,50,9.413036,1.097472
worker_2,7,1788087216.447711,50,9.564490,1.097152
worker_2,8,1788087216.457310,50,9.704252,1.097440
worker_2,9,1788087216.467050,50,9.400637,1.097472
worker_2,10,1788087216.476497,50,9.512657,1.097344
worker_2,11,1788087216.486046,50,9.566648,1.098400
worker_2,12,1788087216.495649,50,9.540342,1.097984
worker_2,13,1788087216.505224,50,9.548935,1.097824
worker_2,14,1788087216.514806,50,9.538092,1.097760
worker_2,15,1788087216.524377,50,9.572269,1.098720
worker_2,16,1788087216.533984,50,9.552064,1.101120
worker_2,17,1788087216.543569,50,9.543713,1.097696
worker_2,18,1788087216.553149,50,9.546573,1.097824
worker_2,19,1788087216.562731,50,9.545379,1.097152
worker_2,20,1788087216.572310,50,9.540361,1.098144
worker_2,21,1788087216.581881,50,9.544852,1.096064
worker_2,22,1788087216.591460,50,9.550860,1.096832
worker_2,23,1788087216.601045,50,9.709964,1.098560
worker_2,24,1788087216.610795,50,9.370145,1.097376
worker_2,25,1788087216.620200,50,9.552185,1.099456
worker_2,26,1788087216.629783,50,9.554102,1.097952
worker_2,27,1788087216.639371,50,9.537917,1.097280
worker_2,28,1788087216.648941,50,9.557065,1.099360
worker_2,29,1788087216.658542,50,9.542750,1.097568
worker_2,30,1788087216.668118,50,9.569205,1.101632
worker_2,31,1788087216.677722,50,9.553584,1.097440
worker_2,32,1788087216.687313,50,9.548917,1.097856
worker_2,33,1788087216.696896,50,9.563870,1.098176
worker_2,34,1788087216.706495,50,9.573259,1.096608
worker_2,35,1788087216.716102,50,9.545287,1.096736
worker_2,36,1788087216.725681,50,9.547472,1.096768
worker_2,37,1788087216.735265,50,9.543177,1.098048
worker_2,38,1788087216.744842,50,9.543380,1.096736
worker_2,39,1788087216.754420,50,9.542483,1.097184
worker_2,40,1788087216.763996,50,9.557398,1.099968
worker_2,41,1788087216.773590,50,9.529316,1.095744
worker_2,42,1788087216.783152,50,9.546991,1.097728
worker_2,43,1788087216.792734,50,9.540806,1.096288
worker_2,44,1788087216.802310,50,9.558666,1.097792
worker_2,45,1788087216.811904,50,9.540250,1.096768
worker_2,46,1788087216.821477,50,9.544889,1.097824
worker_2,47,1788087216.831057,50,9.565880,1.100928
worker_2,48,1788087216.840661,50,9.542990,1.098176
worker_2,49,1788087216.850250,50,9.539602,1.098240
worker_2,50,1788087216.859825,50,9.554231,1.097664
worker_2,51,1788087216.869413,50,9.568750,1.096928
worker_2,52,1788087216.879016,50,9.549963,1.096032
worker_2,53,1788087216.888600,50,9.554351,1.099040
worker_2,54,1788087216.898188,50,9.536287,1.095456
worker_2,55,1788087216.907759,50,9.551759,1.098592
worker_2,56,1788087216.917345,50,9.551361,1.102016
worker_2,57,1788087216.926933,50,9.701122,1.097568
worker_2,58,1788087216.936669,50,9.554315,1.096928
worker_2,59,1788087216.946259,50,9.543889,1.096640
worker_2,60,1788087216.955837,50,9.488287,1.098944
worker_2,61,1788087216.965360,50,9.479184,1.096704
worker_2,62,1788087216.974873,50,9.683723,1.101120
worker_2,63,1788087216.984594,50,9.378129,1.096992
worker_2,64,1788087216.994006,50,9.563500,1.098560
worker_2,65,1788087217.003607,50,9.539435,1.096096
worker_2,66,1788087217.013179,50,9.545667,1.096768
worker_2,67,1788087217.022760,50,9.547427,1.095968
worker_2,68,1788087217.032353,50,9.527221,1.096928
worker_2,69,1788087217.041914,50,9.538528,1.097888
worker_2,70,1788087217.051486,50,9.553102,1.098272
worker_2,71,1788087217.061072,50,9.551777,1.097056
worker_2,72,1788087217.070659,50,9.568796,1.097472
worker_2,73,1788087217.080262,50,9.534500,1.098016
worker_2,74,1788087217.089828,50,9.551120,1.098560
worker_2,75,1788087217.099412,50,9.571519,1.101408
worker_2,76,1788087217.109021,50,9.546787,1.097024
worker_2,77,1788087217.118605,50,9.539722,1.096640
worker_2,78,1788087217.128181,50,9.538212,1.097632
worker_2,79,1788087217.137752,50,9.544787,1.096224
worker_2,80,1788087217.147331,50,9.558139,1.098176
worker_2,81,1788087217.156923,50,9.563194,1.095872
worker_2,82,1788087217.166521,50,9.545027,1.097312
worker_2,83,1788087217.176100,50,9.571194,1.097376
worker_2,84,1788087217.185705,50,9.541546,1.096800
worker_2,85,1788087217.195278,50,9.548768,1.098912
worker_2,86,1788087217.204860,50,9.548907,1.097600
worker_2,87,1788087217.214442,50,9.705067,1.096704
worker_2,88,1788087217.224199,50,9.361554,1.097696
worker_2,89,1788087217.233598,50,9.538166,1.097120
worker_2,90,1788087217.243170,50,9.544509,1.095744
worker_2,91,1788087217.252748,50,9.541519,1.097376
worker_2,92,1788087217.262322,50,9.557370,1.098336
worker_2,93,1788087217.271917,50,9.539704,1.097760
worker_2,94,1788087217.281489,50,9.561935,1.097472
worker_2,95,1788087217.291085,50,9.542861,1.096864
worker_2,96,1788087217.300662,50,9.549842,1.096768
worker_2,97,1788087217.310246,50,9.560111,1.098560
worker_2,98,1788087217.319839,50,9.553917,1.098592
worker_2,99,1788087217.329425,50,9.563315,1.098848
worker_2,100,1788087217.339018,50,9.555020,1.107488
worker_2,101,1788087217.348609,50,9.651223,1.097856
worker_2,102,1788087217.358291,50,9.446795,1.096608
worker_2,103,1788087217.367774,50,9.548953,1.097440
worker_2,104,1788087217.377361,50,9.554046,1.096736
worker_2,105,1788087217.386950,50,9.546935,1.097760
worker_2,106,1788087217.396531,50,9.541381,1.097760
worker_2,107,1788087217.406117,50,9.542509,1.097504
worker_2,108,1788087217.415696,50,9.571842,1.096704
worker_2,109,1788087217.425303,50,9.536426,1.098656
worker_2,110,1788087217.434876,50,9.554167,1.097856
worker_2,111,1788087217.444465,50,9.542425,1.097280
worker_2,112,1788087217.454040,50,9.555898,1.095872
worker_2,113,1788087217.463629,50,9.545575,1.101696
worker_2,114,1788087217.473207,50,9.552231,1.098240
worker_2,115,1788087217.482794,50,9.553797,1.100896
worker_2,116,1788087217.492383,50,9.555010,1.097280
worker_2,117,1788087217.501970,50,9.553342,1.097024
worker_2,118,1788087217.511557,50,9.546491,1.097344
worker_2,119,1788087217.521139,50,9.544602,1.095872
worker_2,120,1788087217.530717,50,9.551991,1.097440
worker_2,121,1788087217.540305,50,9.546935,1.097952
worker_2,122,1788087217.549886,50,9.546361,1.097632
worker_2,123,1788087217.559467,50,9.547398,1.098240
worker_2,124,1788087217.569048,50,9.559723,1.097792
worker_2,125,1788087217.578644,50,9.545333,1.095840
worker_2,126,1788087217.588233,50,9.546335,1.097568
worker_2,127,1788087217.597825,50,9.533741,1.097088
worker_2,128,1788087217.607395,50,9.554620,1.097760
worker_2,129,1788087217.616982,50,9.535666,1.097920
worker_2,130,1788087217.626554,50,9.539778,1.099104
worker_2,131,1788087217.636127,50,9.569630,1.103040
worker_2,132,1788087217.645730,50,9.546083,1.099456
worker_2,133,1788087217.655312,50,9.541852,1.098752
worker_2,134,1788087217.664888,50,9.560028,1.096864
worker_2,135,1788087217.674484,50,9.543009,1.097408
worker_2,136,1788087217.684062,50,9.546593,1.097248
worker_2,137,1788087217.693644,50,9.547186,1.097344
worker_2,138,1788087217.703223,50,9.554037,1.100160
worker_2,139,1788087217.712813,50,9.551427,1.096672
worker_2,140,1788087217.722399,50,9.558343,1.098752
worker_2,141,1788087217.731992,50,9.536278,1.096544
worker_2,142,1788087217.741563,50,9.541861,1.097664
worker_2,143,1788087217.751138,50,9.554640,1.103744
worker_2,144,1788087217.760727,50,9.537676,1.096288
worker_2,145,1788087217.770297,50,9.539426,1.098336
worker_2,146,1788087217.779881,50,9.539657,1.098336
worker_2,147,1788087217.789455,50,9.546361,1.097056
worker_2,148,1788087217.799037,50,9.558017,1.100864
worker_2,149,1788087217.808631,50,9.549379,1.097696
worker_2,150,1788087217.818214,50,9.554871,1.097344
worker_2,151,1788087217.827805,50,9.557972,1.096416
worker_2,152,1788087217.837396,50,9.547249,1.098400
worker_2,153,1788087217.846980,50,9.543323,1.098688
worker_2,154,1788087217.856557,50,9.740158,1.097792
worker_2,155,1788087217.866343,50,9.358461,1.098112
worker_2,156,1788087217.875841,50,9.417295,1.097888
worker_2,157,1788087217.885297,50,9.547611,1.097568
worker_2,158,1788087217.894880,50,9.565758,1.100640
worker_2,159,1788087217.904479,50,9.563434,1.097120
worker_2,160,1788087217.914076,50,9.552120,1.097376
worker_2,161,1788087217.923662,50,9.549259,1.096032
worker_2,162,1788087217.933244,50,9.556194,1.096928
worker_2,163,1788087217.942834,50,9.538815,1.097568
worker_2,164,1788087217.952408,50,9.717335,1.097760
worker_2,165,1788087217.962164,50,9.392008,1.098496
worker_2,166,1788087217.971609,50,9.540685,1.098816
worker_2,167,1788087217.981185,50,9.538176,1.095904
worker_2,168,1788087217.990763,50,9.544481,1.098688
worker_2,169,1788087218.000343,50,9.552157,1.096800
worker_2,170,1788087218.009929,50,9.555473,1.097376
worker_2,171,1788087218.019521,50,9.550759,1.099968
worker_2,172,1788087218.029105,50,9.866864,1.096160
worker_2,173,1788087218.039013,50,9.400323,1.097536
worker_2,174,1788087218.048455,50,9.522202,1.096832
worker_2,175,1788087218.058013,50,9.404888,1.097504
worker_2,176,1788087218.067452,50,9.575398,1.099712
worker_2,177,1788087218.077063,50,9.667797,1.096480
worker_2,178,1788087218.086765,50,9.491278,1.096704
worker_2,179,1788087218.096289,50,9.567057,1.097888
worker_2,180,1788087218.105889,50,9.440396,1.097920
worker_2,181,1788087218.115365,50,9.547981,1.097888
worker_2,182,1788087218.124948,50,9.545527,1.095744
worker_2,183,1788087218.134526,50,9.564121,1.096672
worker_2,184,1788087218.144129,50,9.535185,1.096832
worker_2,185,1788087218.153713,50,9.543602,1.097408
worker_2,186,1788087218.163293,50,9.558157,1.098048
worker_2,187,1788087218.172887,50,9.579946,1.097376
worker_2,188,1788087218.182502,50,9.538703,1.096448
worker_2,189,1788087218.192075,50,9.576075,1.110880
worker_2,190,1788087218.201685,50,9.546555,1.096704
worker_2,191,1788087218.211264,50,9.560824,1.097184
worker_2,192,1788087218.220861,50,9.543158,1.096768
worker_2,193,1788087218.230439,50,9.563555,1.098848
worker_2,194,1788087218.240044,50,9.521406,1.096288
worker_2,195,1788087218.249604,50,9.542445,1.097888
worker_2,196,1788087218.259184,50,9.536490,1.098848
worker_2,197,1788087218.268754,50,9.535083,1.095968
worker_2,198,1788087218.278322,50,9.559927,1.097920
worker_2,199,1788087218.287914,50,9.549472,1.097280
worker_2,200,1788087218.297498,50,9.544092,1.097056
worker_2,201,1788087218.307080,50,9.559723,1.103232
worker_2,202,1788087218.316675,50,9.539991,1.096992
worker_2,203,1788087218.326251,50,9.552759,1.098048
worker_2,204,1788087218.335840,50,9.710483,1.097248
worker_2,205,1788087218.345591,50,9.539916,1.097760
worker_2,206,1788087218.355174,50,9.486185,1.097728
worker_2,207,1788087218.364695,50,9.413129,1.097856
worker_2,208,1788087218.374145,50,9.555499,1.097088
worker_2,209,1788087218.383738,50,9.556399,1.096896
worker_2,210,1788087218.393329,50,9.541018,1.098784
worker_2,211,1788087218.402902,50,9.572731,1.100672
worker_2,212,1788087218.412508,50,9.561667,1.097120
worker_2,213,1788087218.422103,50,9.548713,1.096160
worker_2,214,1788087218.431686,50,9.716667,1.097408
worker_2,215,1788087218.441444,50,9.393228,1.098112
worker_2,216,1788087218.450881,50,9.518148,1.098016
worker_2,217,1788087218.460435,50,9.546009,1.097344
worker_2,218,1788087218.470013,50,9.545036,1.095840
worker_2,219,1788087218.479593,50,9.541583,1.098624
worker_2,220,1788087218.489169,50,9.538390,1.097504
worker_2,221,1788087218.498742,50,9.547583,1.096576
worker_2,222,1788087218.508325,50,9.546898,1.096608
worker_2,223,1788087218.517906,50,9.555065,1.105824
worker_2,224,1788087218.527505,50,9.547962,1.098304
worker_2,225,1788087218.537090,50,9.731455,1.098496
worker_2,226,1788087218.546866,50,9.364360,1.097664
worker_2,227,1788087218.556269,50,9.526564,1.097920
worker_2,228,1788087218.565830,50,9.547055,1.096512
worker_2,229,1788087218.575413,50,9.555944,1.098624
worker_2,230,1788087218.585005,50,9.541286,1.096896
worker_2,231,1788087218.594577,50,9.559778,1.098144
worker_2,232,1788087218.604178,50,9.564501,1.100640
worker_2,233,1788087218.613781,50,9.573361,1.098336
worker_2,234,1788087218.623391,50,9.538592,1.097792
worker_2,235,1788087218.632963,50,9.540231,1.097344
worker_2,236,1788087218.642539,50,9.566574,1.097824
worker_2,237,1788087218.652139,50,9.532712,1.095744
worker_2,238,1788087218.661703,50,9.544556,1.099008
worker_2,239,1788087218.671282,50,9.570343,1.099520
worker_2,240,1788087218.680886,50,9.692103,1.097408
worker_2,241,1788087218.690611,50,9.537231,1.097920
worker_2,242,1788087218.700181,50,9.560834,1.096544
worker_2,243,1788087218.709779,50,9.535453,1.097792
worker_2,244,1788087218.719361,50,9.537148,1.097408
worker_2,245,1788087218.728932,50,9.419647,1.096384
worker_2,246,1788087218.738385,50,9.545046,1.095936
worker_2,247,1788087218.747967,50,9.537444,1.096928
worker_2,248,1788087218.757540,50,9.542520,1.097088
worker_2,249,1788087218.767117,50,9.548342,1.098464
worker_2,250,1788087218.776697,50,9.541879,1.097600
worker_2,251,1788087218.786275,50,9.546379,1.097248
worker_2,252,1788087218.795856,50,9.709854,1.097504
worker_2,253,1788087218.805603,50,9.546519,1.097536
worker_2,254,1788087218.815185,50,9.549861,1.098816
worker_2,255,1788087218.824769,50,9.457129,1.098848
worker_2,256,1788087218.834260,50,9.494991,1.097568
worker_2,257,1788087218.843790,50,9.734317,1.100288
worker_2,258,1788087218.853569,50,9.536204,1.096576
worker_2,259,1788087218.863150,50,9.348183,1.098048
worker_2,260,1788087218.872537,50,9.551861,1.097312
worker_2,261,1788087218.882126,50,9.544000,1.097472
worker_2,262,1788087218.891708,50,9.539435,1.097408
worker_2,263,1788087218.901299,50,9.527399,1.095904
worker_2,264,1788087218.910866,50,9.547602,1.097568
worker_2,265,1788087218.920449,50,9.693520,1.097856
worker_2,266,1788087218.930178,50,9.417398,1.098560
worker_2,267,1788087218.939631,50,9.531861,1.095968
worker_2,268,1788087218.949200,50,9.543333,1.096448
worker_2,269,1788087218.958785,50,9.537518,1.097472
worker_2,270,1788087218.968358,50,9.548232,1.098112
worker_2,271,1788087218.977940,50,9.545722,1.096576
worker_2,272,1788087218.987521,50,9.554500,1.097728
worker_2,273,1788087218.997110,50,9.535130,1.097568
worker_2,274,1788087219.006678,50,9.563260,1.097088
worker_2,275,1788087219.016277,50,9.547963,1.097920
worker_2,276,1788087219.025863,50,9.542972,1.097280
worker_2,277,1788087219.035441,50,9.572260,1.097504
worker_2,278,1788087219.045049,50,9.543490,1.097632
worker_2,279,1788087219.054627,50,9.560909,1.096320
worker_2,280,1788087219.064233,50,9.532259,1.096256
worker_2,281,1788087219.073802,50,9.545963,1.096672
worker_2,282,1788087219.083383,50,9.541445,1.100384
worker_2,283,1788087219.092974,50,9.533528,1.097440
worker_2,284,1788087219.102544,50,9.559205,1.096896
worker_2,285,1788087219.112139,50,9.539629,1.097248
worker_2,286,1788087219.121715,50,9.554149,1.097728
worker_2,287,1788087219.131304,50,9.541074,1.098624
worker_2,288,1788087219.140882,50,9.547620,1.097472
worker_2,289,1788087219.150468,50,9.538592,1.098144
worker_2,290,1788087219.160043,50,9.547463,1.097504
worker_2,291,1788087219.169627,50,9.564602,1.096960
worker_2,292,1788087219.179227,50,9.571471,1.098688
worker_2,293,1788087219.188831,50,9.646696,1.095392
worker_2,294,1788087219.198511,50,9.550962,1.097248
worker_2,295,1788087219.208097,50,9.469212,1.096832
worker_2,296,1788087219.217599,50,9.634140,1.098912
worker_2,297,1788087219.227267,50,9.559545,1.098752
worker_2,298,1788087219.236863,50,9.672270,1.097376
worker_2,299,1788087219.246584,50,9.255850,1.096800
worker_2,300,1788087219.255881,50,9.537823,1.097280
worker_2,301,1788087219.265457,50,9.554129,1.095776
worker_2,302,1788087219.275057,50,9.535917,1.098368
worker_2,303,1788087219.284631,50,9.548805,1.099360
worker_2,304,1788087219.294216,50,9.545166,1.097120
worker_2,305,1788087219.303797,50,9.551787,1.101216
worker_2,306,1788087219.313385,50,9.555435,1.097504
worker_2,307,1788087219.322972,50,9.546500,1.097856
worker_2,308,1788087219.332552,50,9.554416,1.097568
worker_2,309,1788087219.342140,50,9.554843,1.097824
worker_2,310,1788087219.351814,50,9.518490,1.098272
worker_2,311,1788087219.361372,50,9.678075,1.098208
worker_2,312,1788087219.371089,50,9.459933,1.095840
worker_2,313,1788087219.380589,50,9.478434,1.098784
worker_2,314,1788087219.390106,50,9.556897,1.098880
worker_2,315,1788087219.399697,50,9.572750,1.099904
worker_2,316,1788087219.409306,50,9.543999,1.097856
worker_2,317,1788087219.418886,50,9.538388,1.096064
worker_2,318,1788087219.428458,50,9.543768,1.096384
worker_2,319,1788087219.438037,50,9.588093,1.097472
worker_2,320,1788087219.447660,50,9.537276,1.098752
worker_2,321,1788087219.457231,50,9.552758,1.097408
worker_2,322,1788087219.466830,50,9.661936,1.098272
worker_2,323,1788087219.476526,50,9.569408,1.098752
worker_2,324,1788087219.486130,50,9.552360,1.097440
worker_2,325,1788087219.495715,50,9.558546,1.097344
worker_2,326,1788087219.505312,50,9.432887,1.097504
worker_2,327,1788087219.514781,50,9.509397,1.097216
worker_2,328,1788087219.524326,50,9.551944,1.097312
worker_2,329,1788087219.533915,50,9.682047,1.096864
worker_2,330,1788087219.543634,50,9.412702,1.097248
worker_2,331,1788087219.553082,50,9.544750,1.095584
worker_2,332,1788087219.562662,50,9.546222,1.097216
worker_2,333,1788087219.572292,50,9.654787,1.096096
worker_2,334,1788087219.581987,50,9.571140,1.096832
worker_2,335,1788087219.591604,50,9.375572,1.099456
worker_2,336,1788087219.601027,50,9.513258,1.095488
worker_2,337,1788087219.610583,50,9.552528,1.097376
worker_2,338,1788087219.620175,50,9.533240,1.098848
worker_2,339,1788087219.629745,50,9.568879,1.107264
worker_2,340,1788087219.639351,50,9.533768,1.098432
worker_2,341,1788087219.648935,50,9.555936,1.097760
worker_2,342,1788087219.658527,50,9.543610,1.097152
worker_2,343,1788087219.668108,50,9.560204,1.096800
worker_2,344,1788087219.677704,50,9.548712,1.095936
worker_2,345,1788087219.687288,50,9.549111,1.098080
worker_2,346,1788087219.696873,50,9.718501,1.098144
worker_2,347,1788087219.706639,50,9.358155,1.097600
worker_2,348,1788087219.716038,50,9.685251,1.097184
worker_2,349,1788087219.725760,50,9.542268,1.097504
worker_2,350,1788087219.735341,50,9.556712,1.098272
worker_2,351,1788087219.744936,50,9.561852,1.095968
worker_2,352,1788087219.754537,50,9.540518,1.096992
worker_2,353,1788087219.764114,50,9.468693,1.096256
worker_2,354,1788087219.773623,50,9.470167,1.096736
worker_2,355,1788087219.783131,50,9.552852,1.104192
worker_2,356,1788087219.792722,50,9.530797,1.097184
worker_2,357,1788087219.802289,50,9.551019,1.098240
worker_2,358,1788087219.811878,50,9.548000,1.103360
worker_2,359,1788087219.821462,50,9.681260,1.097216
worker_2,360,1788087219.831182,50,9.573195,1.100000
worker_2,361,1788087219.840803,50,9.384638,1.097184
worker_2,362,1788087219.850226,50,9.685234,1.098624
worker_2,363,1788087219.859947,50,9.552556,1.101248
worker_2,364,1788087219.869537,50,9.500694,1.097600
worker_2,365,1788087219.879074,50,9.584463,1.099104
worker_2,366,1788087219.888694,50,9.733224,1.097344
worker_2,367,1788087219.898470,50,9.250831,1.097536
worker_2,368,1788087219.907767,50,9.518259,1.098336
worker_2,369,1788087219.917324,50,9.556038,1.099968
worker_2,370,1788087219.926919,50,9.543870,1.097472
worker_2,371,1788087219.936498,50,9.545981,1.097536
worker_2,372,1788087219.946083,50,9.561140,1.098624
worker_2,373,1788087219.955680,50,9.621788,1.097792
worker_2,374,1788087219.965338,50,9.622352,1.098080
worker_2,375,1788087219.974993,50,9.437602,1.096256
worker_2,376,1788087219.984466,50,9.686168,1.098848
worker_2,377,1788087219.994183,50,9.555444,1.096256
worker_2,378,1788087220.003773,50,9.507074,1.100384
worker_2,379,1788087220.013314,50,9.563981,1.097120
worker_2,380,1788087220.022929,50,9.490305,1.096416
worker_2,381,1788087220.032455,50,9.485805,1.097280
worker_2,382,1788087220.041979,50,9.535203,1.097920
worker_2,383,1788087220.051549,50,9.544593,1.097376
worker_2,384,1788087220.061131,50,9.537601,1.096000
worker_2,385,1788087220.070704,50,9.551629,1.097888
worker_2,386,1788087220.080294,50,9.531122,1.098240
worker_2,387,1788087220.089858,50,9.549879,1.097600
worker_2,388,1788087220.099446,50,9.540990,1.099328
worker_2,389,1788087220.109023,50,9.541759,1.096544
worker_2,390,1788087220.118602,50,9.552814,1.097888
worker_2,391,1788087220.128189,50,9.542094,1.098560
worker_2,392,1788087220.137766,50,9.551426,1.096352
worker_2,393,1788087220.147356,50,9.544991,1.099104
worker_2,394,1788087220.156936,50,9.542055,1.097728
worker_2,395,1788087220.166515,50,9.562722,1.097760
worker_2,396,1788087220.176113,50,9.538565,1.095904
worker_2,397,1788087220.185687,50,9.539705,1.095424
worker_2,398,1788087220.195264,50,9.556083,1.100864
worker_2,399,1788087220.204855,50,9.549750,1.098016
worker_2,400,1788087220.214456,50,9.534417,1.097280
worker_2,401,1788087220.224028,50,9.540185,1.096544
worker_2,402,1788087220.233608,50,9.538519,1.098656
worker_2,403,1788087220.243182,50,9.561583,1.099168
worker_2,404,1788087220.252780,50,9.564435,1.096928
worker_2,405,1788087220.262381,50,9.545279,1.097728
worker_2,406,1788087220.271962,50,9.545592,1.097216
worker_2,407,1788087220.281543,50,9.538389,1.097568
worker_2,408,1788087220.291120,50,9.544296,1.102592
worker_2,409,1788087220.300700,50,9.542352,1.097920
worker_2,410,1788087220.310279,50,9.542927,1.095872
worker_2,411,1788087220.319857,50,9.551500,1.096768
worker_2,412,1788087220.329445,50,9.541297,1.096672
worker_2,413,1788087220.339022,50,9.550602,1.101024
worker_2,414,1788087220.348611,50,9.677835,1.096480
worker_2,415,1788087220.358325,50,9.413277,1.096480
worker_2,416,1788087220.367774,50,9.559946,1.096864
worker_2,417,1788087220.377369,50,9.695234,1.097664
worker_2,418,1788087220.387102,50,9.550788,1.097856
worker_2,419,1788087220.396701,50,9.561907,1.097664
worker_2,420,1788087220.406310,50,9.400294,1.097696
worker_2,421,1788087220.415756,50,9.518519,1.099776
worker_2,422,1788087220.425315,50,9.555057,1.099680
worker_2,423,1788087220.434909,50,9.543750,1.097504
worker_2,424,1788087220.444490,50,9.549714,1.098400
worker_2,425,1788087220.454073,50,9.546472,1.097088
worker_2,426,1788087220.463652,50,9.550852,1.100384
worker_2,427,1788087220.473238,50,9.559399,1.098368
worker_2,428,1788087220.482832,50,9.537389,1.098208
worker_2,429,1788087220.492405,50,9.544853,1.097568
worker_2,430,1788087220.501984,50,9.555102,1.096640
worker_2,431,1788087220.511575,50,9.538630,1.097408
worker_2,432,1788087220.521148,50,9.549898,1.096928
worker_2,433,1788087220.530736,50,9.533528,1.096608
worker_2,434,1788087220.540308,50,9.535065,1.096640
worker_2,435,1788087220.549875,50,9.546418,1.095808
worker_2,436,1788087220.559455,50,9.549315,1.097760
worker_2,437,1788087220.569042,50,9.546213,1.096896
worker_2,438,1788087220.578624,50,9.550474,1.097184
worker_2,439,1788087220.588240,50,9.535722,1.099424
worker_2,440,1788087220.597811,50,9.536973,1.097216
worker_2,441,1788087220.607385,50,9.728187,1.097440
worker_2,442,1788087220.617160,50,9.381963,1.097760
worker_2,443,1788087220.626588,50,9.527788,1.099264
worker_2,444,1788087220.636159,50,9.534787,1.100096
worker_2,445,1788087220.645732,50,9.538732,1.096256
worker_2,446,1788087220.655308,50,9.558472,1.097824
worker_2,447,1788087220.664902,50,9.547407,1.098784
worker_2,448,1788087220.674486,50,9.545121,1.095776
worker_2,449,1788087220.684070,50,9.548547,1.096672
worker_2,450,1788087220.693653,50,9.550233,1.096224
worker_2,451,1788087220.703238,50,9.550880,1.099168
worker_2,452,1788087220.712825,50,9.736668,1.099072
worker_2,453,1788087220.722607,50,9.353128,1.095584
worker_2,454,1788087220.731997,50,9.563167,1.104544
worker_2,455,1788087220.741599,50,9.543574,1.097504
worker_2,456,1788087220.751182,50,9.538990,1.095936
worker_2,457,1788087220.760760,50,9.534389,1.097568
worker_2,458,1788087220.770346,50,9.529629,1.097440
worker_2,459,1788087220.779914,50,9.538630,1.095520
worker_2,460,1788087220.789488,50,9.546000,1.097792
worker_2,461,1788087220.799070,50,9.567768,1.109664
worker_2,462,1788087220.808675,50,9.536564,1.096864
worker_2,463,1788087220.818249,50,9.548916,1.097696
worker_2,464,1788087220.827917,50,9.470425,1.095904
worker_2,465,1788087220.837426,50,9.888049,1.096480
worker_2,466,1788087220.847362,50,9.368525,1.112256
worker_2,467,1788087220.856769,50,9.437276,1.097568
worker_2,468,1788087220.866243,50,9.660261,1.099136
worker_2,469,1788087220.875940,50,9.393665,1.097600
worker_2,470,1788087220.885370,50,9.537157,1.096896
worker_2,471,1788087220.894946,50,9.567899,1.096256
worker_2,472,1788087220.904552,50,9.541732,1.096416
worker_2,473,1788087220.914132,50,9.551166,1.099680
worker_2,474,1788087220.923722,50,9.554333,1.098624
worker_2,475,1788087220.933317,50,9.541082,1.098688
worker_2,476,1788087220.942895,50,9.540102,1.097344
worker_2,477,1788087220.952471,50,9.547491,1.096832
worker_2,478,1788087220.962065,50,9.533194,1.096544
worker_2,479,1788087220.971637,50,9.624935,1.100192
worker_2,480,1788087220.981300,50,9.466230,1.099072
worker_2,481,1788087220.990805,50,9.543471,1.098112
worker_2,482,1788087221.000388,50,9.543684,1.097152
worker_2,483,1788087221.009968,50,9.722935,1.097920
worker_2,484,1788087221.019733,50,9.549980,1.102816
worker_2,485,1788087221.029330,50,9.398674,1.097280
worker_2,486,1788087221.038777,50,9.498064,1.096416
worker_2,487,1788087221.048316,50,9.539981,1.097408
worker_2,488,1788087221.057895,50,9.544907,1.098432
worker_2,489,1788087221.067477,50,9.557953,1.098912
worker_2,490,1788087221.077074,50,9.533054,1.096480
worker_2,491,1788087221.086644,50,9.542573,1.097280
worker_2,492,1788087221.096232,50,9.733399,1.097504
worker_2,493,1788087221.106007,50,9.390655,1.098272
worker_2,494,1788087221.115443,50,9.525776,1.098304
worker_2,495,1788087221.125010,50,9.552194,1.097856
worker_2,496,1788087221.134601,50,9.540388,1.098496
worker_2,497,1788087221.144192,50,9.535454,1.103168
worker_2,498,1788087221.153762,50,9.546943,1.098048
worker_2,499,1788087221.163345,50,9.542906,1.099296
worker_2,500,1788087221.172923,50,9.548499,1.097984
worker_2,501,1788087221.182508,50,9.574759,1.096736
worker_2,502,1788087221.192119,50,9.534130,1.096704
worker_2,503,1788087221.201693,50,9.541832,1.097600
worker_2,504,1788087221.211272,50,9.571759,1.098144
worker_2,505,1788087221.220879,50,9.554361,1.096864
worker_2,506,1788087221.230468,50,9.558370,1.096832
worker_2,507,1788087221.240059,50,9.557769,1.097504
worker_2,508,1788087221.249653,50,9.535795,1.097632
worker_2,509,1788087221.259225,50,9.548074,1.096736
worker_2,510,1788087221.268810,50,9.560176,1.096992
worker_2,511,1788087221.278406,50,9.543815,1.096128
worker_2,512,1788087221.287987,50,9.532240,1.097216
worker_2,513,1788087221.297556,50,9.549666,1.099136
worker_2,514,1788087221.307143,50,9.551138,1.101056
worker_2,515,1788087221.316730,50,9.537490,1.096864
worker_2,516,1788087221.326305,50,9.548990,1.099232
worker_2,517,1788087221.335901,50,9.533351,1.097472
worker_2,518,1788087221.345471,50,9.543712,1.097728
worker_2,519,1788087221.355053,50,9.552917,1.098784
worker_2,520,1788087221.364643,50,9.549592,1.099168
worker_2,521,1788087221.374231,50,9.555295,1.096192
worker_2,522,1788087221.383823,50,9.557898,1.097568
worker_2,523,1788087221.393419,50,9.548879,1.097408
worker_2,524,1788087221.403007,50,9.533648,1.097536
worker_2,525,1788087221.412575,50,9.548074,1.098176
worker_2,526,1788087221.422160,50,9.548610,1.097888
worker_2,527,1788087221.431742,50,9.560166,1.106272
worker_2,528,1788087221.441340,50,9.563684,1.097248
worker_2,529,1788087221.450943,50,9.537741,1.097088
worker_2,530,1788087221.460517,50,9.540666,1.096512
worker_2,531,1788087221.470094,50,9.561342,1.097536
worker_2,532,1788087221.479691,50,9.550362,1.098976
worker_2,533,1788087221.489277,50,9.544472,1.098560
worker_2,534,1788087221.498856,50,9.548620,1.097824
worker_2,535,1788087221.508439,50,9.551500,1.096384
worker_2,536,1788087221.518038,50,9.536926,1.097600
worker_2,537,1788087221.527613,50,9.530898,1.098016
worker_2,538,1788087221.537180,50,9.550953,1.098944
worker_2,539,1788087221.546768,50,9.544371,1.099520
worker_2,540,1788087221.556353,50,9.541731,1.098496
worker_2,541,1788087221.565933,50,9.546482,1.097536
worker_2,542,1788087221.575518,50,9.535999,1.097120
worker_2,543,1788087221.585091,50,9.688195,1.098496
worker_2,544,1788087221.594816,50,9.541427,1.097408
worker_2,545,1788087221.604397,50,9.547602,1.096608
worker_2,546,1788087221.613984,50,9.547705,1.096096
worker_2,547,1788087221.623572,50,9.464148,1.100352
worker_2,548,1788087221.633075,50,9.492453,1.097696
worker_2,549,1788087221.642604,50,9.540788,1.098592
worker_2,550,1788087221.652184,50,9.539731,1.097888
worker_2,551,1788087221.661758,50,9.548798,1.097376
worker_2,552,1788087221.671343,50,9.549296,1.097728
worker_2,553,1788087221.680930,50,9.542649,1.098592
worker_2,554,1788087221.690512,50,9.551389,1.095424
worker_2,555,1788087221.700099,50,9.546907,1.098208
worker_2,556,1788087221.709694,50,9.531704,1.098112
worker_2,557,1788087221.719264,50,9.563787,1.103296
worker_2,558,1788087221.728865,50,9.542269,1.097920
worker_2,559,1788087221.738445,50,9.548129,1.096736
worker_2,560,1788087221.748031,50,9.543092,1.097056
worker_2,561,1788087221.757611,50,9.537158,1.096224
worker_2,562,1788087221.767183,50,9.552018,1.097888
worker_2,563,1788087221.776771,50,9.560954,1.097504
worker_2,564,1788087221.786369,50,9.570270,1.097664
worker_2,565,1788087221.795978,50,9.542990,1.097376
worker_2,566,1788087221.805557,50,9.541685,1.096928
worker_2,567,1788087221.815137,50,9.534898,1.095680
worker_2,568,1788087221.824709,50,9.540749,1.097376
worker_2,569,1788087221.834285,50,9.551231,1.098560
worker_2,570,1788087221.843877,50,9.537944,1.097568
worker_2,571,1788087221.853455,50,9.544861,1.096160
worker_2,572,1788087221.863042,50,9.545250,1.098784
worker_2,573,1788087221.872627,50,9.544241,1.097056
worker_2,574,1788087221.882210,50,9.551620,1.097440
worker_2,575,1788087221.891806,50,9.546074,1.102112
worker_2,576,1788087221.901391,50,9.530972,1.098752
worker_2,577,1788087221.910960,50,9.556250,1.101184
worker_2,578,1788087221.920553,50,9.559778,1.097088
worker_2,579,1788087221.930146,50,9.544379,1.096384
worker_2,580,1788087221.939727,50,9.566843,1.097760
worker_2,581,1788087221.949331,50,9.562529,1.098880
worker_2,582,1788087221.958927,50,9.534046,1.096928
worker_2,583,1788087221.968494,50,9.541472,1.096768
worker_2,584,1788087221.978067,50,9.563546,1.096320
worker_2,585,1788087221.987669,50,9.539130,1.100960
worker_2,586,1788087221.997244,50,9.551056,1.097152
worker_2,587,1788087222.006831,50,9.554083,1.103264
worker_2,588,1788087222.016423,50,9.548157,1.096032
worker_2,589,1788087222.026006,50,9.543843,1.099744
worker_2,590,1788087222.035588,50,9.548223,1.098720
worker_2,591,1788087222.045176,50,9.544972,1.097440
worker_2,592,1788087222.054762,50,9.534351,1.096448
worker_2,593,1788087222.064335,50,9.539944,1.097792
worker_2,594,1788087222.073912,50,9.542101,1.096192
worker_2,595,1788087222.083499,50,9.543843,1.099392
worker_2,596,1788087222.093079,50,9.541277,1.098752
worker_2,597,1788087222.102656,50,9.567750,1.097440
worker_2,598,1788087222.112260,50,9.533778,1.096384
worker_2,599,1788087222.121829,50,9.577177,1.097408
worker_2,600,1788087222.131442,50,9.546482,1.098976
worker_2,601,1788087222.141023,50,9.545287,1.098304
worker_2,602,1788087222.150604,50,9.552056,1.095520
worker_2,603,1788087222.160192,50,9.546945,1.096000
worker_2,604,1788087222.169774,50,9.538962,1.095680
worker_2,605,1788087222.179347,50,9.565139,1.099840
worker_2,606,1788087222.188949,50,9.546436,1.098560
worker_2,607,1788087222.198531,50,9.563675,1.096896
worker_2,608,1788087222.208128,50,9.545935,1.099328
worker_2,609,1788087222.217708,50,9.554399,1.097920
worker_2,610,1788087222.227298,50,9.554528,1.099840
worker_2,611,1788087222.236888,50,9.551973,1.097280
worker_2,612,1788087222.246477,50,9.552575,1.097344
worker_2,613,1788087222.256066,50,9.543889,1.099584
worker_2,614,1788087222.265660,50,9.534112,1.097728
worker_2,615,1788087222.275233,50,9.547445,1.097440
worker_2,616,1788087222.284817,50,9.549537,1.099264
worker_2,617,1788087222.294403,50,9.549242,1.097312
worker_2,618,1788087222.304068,50,9.477027,1.109024
worker_2,619,1788087222.313581,50,9.552640,1.097152
worker_2,620,1788087222.323170,50,9.547213,1.096160
worker_2,621,1788087222.332755,50,9.547723,1.098944
worker_2,622,1788087222.342340,50,9.549566,1.097120
worker_2,623,1788087222.351925,50,9.544074,1.098144
worker_2,624,1788087222.361505,50,9.553408,1.097440
worker_2,625,1788087222.371094,50,9.535454,1.096320
worker_2,626,1788087222.380663,50,9.549981,1.099008
worker_2,627,1788087222.390247,50,9.561511,1.097632
worker_2,628,1788087222.399844,50,9.546416,1.097536
worker_2,629,1788087222.409427,50,9.542325,1.097312
worker_2,630,1788087222.419006,50,9.564741,1.103648
worker_2,631,1788087222.428606,50,9.545111,1.099360
worker_2,632,1788087222.438186,50,9.549065,1.096832
worker_2,633,1788087222.447771,50,9.666196,1.097440
worker_2,634,1788087222.457484,50,9.521491,1.097088
worker_2,635,1788087222.467044,50,9.607687,1.097120
worker_2,636,1788087222.476686,50,9.547667,1.097376
worker_2,637,1788087222.486268,50,9.442036,1.097216
worker_2,638,1788087222.495745,50,9.711687,1.100608
worker_2,639,1788087222.505499,50,9.557630,1.098016
worker_2,640,1788087222.515103,50,9.347990,1.096640
worker_2,641,1788087222.524488,50,9.534944,1.097824
worker_2,642,1788087222.534059,50,9.549416,1.096672
worker_2,643,1788087222.543646,50,9.542306,1.098112
worker_2,644,1788087222.553225,50,9.548194,1.095936
worker_2,645,1788087222.562809,50,9.541482,1.099456
worker_2,646,1788087222.572384,50,9.559620,1.096256
worker_2,647,1788087222.581981,50,9.540398,1.098528
worker_2,648,1788087222.591556,50,9.551834,1.096928
worker_2,649,1788087222.601143,50,9.545907,1.098016
worker_2,650,1788087222.610723,50,9.545917,1.097824
worker_2,651,1788087222.620302,50,9.543786,1.096448
worker_2,652,1788087222.629882,50,9.549750,1.097408
worker_2,653,1788087222.639477,50,9.546575,1.102112
worker_2,654,1788087222.649059,50,9.551750,1.097248
worker_2,655,1788087222.658645,50,9.546629,1.098400
worker_2,656,1788087222.668233,50,9.551111,1.096672
worker_2,657,1788087222.677818,50,9.543611,1.097504
worker_2,658,1788087222.687396,50,9.556955,1.097696
worker_2,659,1788087222.696986,50,9.560806,1.098432
worker_2,660,1788087222.706582,50,9.553371,1.098368
worker_2,661,1788087222.716170,50,9.548639,1.097184
worker_2,662,1788087222.725751,50,9.548555,1.097152
worker_2,663,1788087222.735334,50,9.554149,1.098784
worker_2,664,1788087222.744922,50,9.550768,1.097600
worker_2,665,1788087222.754509,50,9.558306,1.097248
worker_2,666,1788087222.764100,50,9.554130,1.097312
worker_2,667,1788087222.773693,50,9.539777,1.096992
worker_2,668,1788087222.783270,50,9.547260,1.098720
worker_2,669,1788087222.792852,50,9.543046,1.097376
worker_2,670,1788087222.802430,50,9.547010,1.098144
worker_2,671,1788087222.812014,50,9.553203,1.098176
worker_2,672,1788087222.821604,50,9.772835,1.099200
worker_2,673,1788087222.831433,50,9.481119,1.098304
worker_2,674,1788087222.840960,50,9.375256,1.098976
worker_2,675,1788087222.850380,50,9.521416,1.098560
worker_2,676,1788087222.859942,50,9.539898,1.098112
worker_2,677,1788087222.869520,50,9.533648,1.097504
worker_2,678,1788087222.879088,50,9.571936,1.102528
worker_2,679,1788087222.888694,50,9.542564,1.095744
worker_2,680,1788087222.898271,50,9.544676,1.096768
worker_2,681,1788087222.907855,50,9.536648,1.096960
worker_2,682,1788087222.917430,50,9.539870,1.096128
worker_2,683,1788087222.927007,50,9.548518,1.095712
worker_2,684,1788087222.936595,50,9.725028,1.098144
worker_2,685,1788087222.946366,50,9.369961,1.097920
worker_2,686,1788087222.955777,50,9.527259,1.099328
worker_2,687,1788087222.965340,50,9.558750,1.097984
worker_2,688,1788087222.974932,50,9.706834,1.097856
worker_2,689,1788087222.984677,50,9.540314,1.096416
worker_2,690,1788087222.994254,50,9.549286,1.098784
worker_2,691,1788087223.003836,50,9.418313,1.096320
worker_2,692,1788087223.013286,50,9.574952,1.100736
worker_2,693,1788087223.022894,50,9.547027,1.097216
worker_2,694,1788087223.032493,50,9.695112,1.097280
worker_2,695,1788087223.042232,50,9.388433,1.096928
worker_2,696,1788087223.051668,50,9.522758,1.101024
worker_2,697,1788087223.061228,50,9.550147,1.099584
worker_2,698,1788087223.070812,50,9.543101,1.097792
worker_2,699,1788087223.080391,50,9.548241,1.098592
worker_2,700,1788087223.089974,50,9.565286,1.098112
worker_2,701,1788087223.099575,50,9.557630,1.097888
worker_2,702,1788087223.109170,50,9.542832,1.097632
worker_2,703,1788087223.118748,50,9.550851,1.104512
worker_2,704,1788087223.128334,50,9.545889,1.099296
worker_2,705,1788087223.137913,50,9.725908,1.097472
worker_2,706,1788087223.147686,50,9.361812,1.098080
worker_2,707,1788087223.157088,50,9.531805,1.095392
worker_2,708,1788087223.166657,50,9.546212,1.097696
worker_2,709,1788087223.176255,50,9.536286,1.100576
worker_2,710,1788087223.185832,50,9.530814,1.097600
worker_2,711,1788087223.195400,50,9.539897,1.097408
worker_2,712,1788087223.204973,50,9.560314,1.098880
worker_2,713,1788087223.214571,50,9.543953,1.097184
worker_2,714,1788087223.224166,50,9.526684,1.098048
worker_2,715,1788087223.233728,50,9.547971,1.097472
worker_2,716,1788087223.243313,50,9.547036,1.100160
worker_2,717,1788087223.252896,50,9.565935,1.097152
worker_2,718,1788087223.262499,50,9.557046,1.096672
worker_2,719,1788087223.272092,50,9.536499,1.098272
worker_2,720,1788087223.281664,50,9.549694,1.099040
worker_2,721,1788087223.291250,50,9.552389,1.097408
worker_2,722,1788087223.300839,50,9.560722,1.104192
worker_2,723,1788087223.310437,50,9.536295,1.097536
worker_2,724,1788087223.320007,50,9.565436,1.108064
worker_2,725,1788087223.329606,50,9.546769,1.098560
worker_2,726,1788087223.339191,50,9.539805,1.097280
worker_2,727,1788087223.348766,50,9.694242,1.099168
worker_2,728,1788087223.358494,50,9.550527,1.095968
worker_2,729,1788087223.368081,50,9.547805,1.096960
worker_2,730,1788087223.377664,50,9.552657,1.095648
worker_2,731,1788087223.387252,50,9.472434,1.098048
worker_2,732,1788087223.396759,50,9.469750,1.097248
worker_2,733,1788087223.406276,50,9.537758,1.097632
worker_2,734,1788087223.415848,50,9.559657,1.099584
worker_2,735,1788087223.425443,50,9.544805,1.099008
worker_2,736,1788087223.435023,50,9.562083,1.098752
worker_2,737,1788087223.444620,50,9.548454,1.097792
worker_2,738,1788087223.454206,50,9.538936,1.098144
worker_2,739,1788087223.463780,50,9.546889,1.098944
worker_2,740,1788087223.473359,50,9.555306,1.097440
worker_2,741,1788087223.482950,50,9.544962,1.099552
worker_2,742,1788087223.492528,50,9.558305,1.098912
worker_2,743,1788087223.502120,50,9.546445,1.097728
worker_2,744,1788087223.511697,50,9.593268,1.097760
worker_2,745,1788087223.521326,50,9.546620,1.097824
worker_2,746,1788087223.530910,50,9.730307,1.099520
worker_2,747,1788087223.540682,50,9.553879,1.097728
worker_2,748,1788087223.550282,50,9.373851,1.098752
worker_2,749,1788087223.559699,50,9.533582,1.098016
worker_2,750,1788087223.569271,50,9.536740,1.098528
worker_2,751,1788087223.578848,50,9.538954,1.098208
worker_2,752,1788087223.588424,50,9.555001,1.097952
worker_2,753,1788087223.598025,50,9.540805,1.098016
worker_2,754,1788087223.607604,50,9.552103,1.098016
worker_2,755,1788087223.617188,50,9.554055,1.099104
worker_2,756,1788087223.626780,50,9.536222,1.098496
worker_2,757,1788087223.636350,50,9.542279,1.097984
worker_2,758,1788087223.645926,50,9.541777,1.096320
worker_2,759,1788087223.655501,50,9.541742,1.097920
worker_2,760,1788087223.665076,50,9.552333,1.097344
worker_2,761,1788087223.674665,50,9.568769,1.097248
worker_2,762,1788087223.684267,50,9.536389,1.097184
worker_2,763,1788087223.693838,50,9.551796,1.097920
worker_2,764,1788087223.703427,50,9.730076,1.101376
worker_2,765,1788087223.713199,50,9.564620,1.096768
worker_2,766,1788087223.722814,50,9.344184,1.097696
worker_2,767,1788087223.732197,50,9.551260,1.098464
worker_2,768,1788087223.741786,50,9.544787,1.097824
worker_2,769,1788087223.751364,50,9.542240,1.098144
worker_2,770,1788087223.760942,50,9.552297,1.097440
worker_2,771,1788087223.770530,50,9.550981,1.097888
worker_2,772,1788087223.780204,50,9.456601,1.098112
worker_2,773,1788087223.789697,50,9.531889,1.097376
worker_2,774,1788087223.799265,50,9.553343,1.097248
worker_2,775,1788087223.808855,50,9.550056,1.098496
worker_2,776,1788087223.818442,50,9.545861,1.098912
worker_2,777,1788087223.828024,50,9.731299,1.099904
worker_2,778,1788087223.837798,50,9.379276,1.097440
worker_2,779,1788087223.847225,50,9.532278,1.100832
worker_2,780,1788087223.856797,50,9.532640,1.096768
worker_2,781,1788087223.866368,50,9.565574,1.097472
worker_2,782,1788087223.875971,50,9.536344,1.101312
worker_2,783,1788087223.885544,50,9.540685,1.098336
worker_2,784,1788087223.895118,50,9.549260,1.095936
worker_2,785,1788087223.904701,50,9.543287,1.097408
worker_2,786,1788087223.914281,50,9.537445,1.097184
worker_2,787,1788087223.923853,50,9.549177,1.097376
worker_2,788,1788087223.933439,50,9.536473,1.096608
worker_2,789,1788087223.943016,50,9.555371,1.098656
worker_2,790,1788087223.952610,50,9.632557,1.098144
worker_2,791,1788087223.962280,50,9.553769,1.098944
worker_2,792,1788087223.971884,50,9.582066,1.096928
worker_2,793,1788087223.981503,50,9.514491,1.097600
worker_2,794,1788087223.991056,50,9.601307,1.097824
worker_2,795,1788087224.000694,50,9.388711,1.097888
worker_2,796,1788087224.010121,50,9.548769,1.099168
worker_2,797,1788087224.019706,50,9.577139,1.097600
worker_2,798,1788087224.029320,50,9.540261,1.097024
worker_2,799,1788087224.038898,50,9.552694,1.105440
worker_2,800,1788087224.048490,50,9.556991,1.097824
worker_2,801,1788087224.058083,50,9.545853,1.098400
worker_2,802,1788087224.067664,50,9.552093,1.098176
worker_2,803,1788087224.077253,50,9.543853,1.097792
worker_2,804,1788087224.086836,50,9.531556,1.098176
worker_2,805,1788087224.096407,50,9.554843,1.097216
worker_2,806,1788087224.105999,50,9.544353,1.095424
worker_2,807,1788087224.115581,50,9.562038,1.097568
worker_2,808,1788087224.125180,50,9.539491,1.097792
worker_2,809,1788087224.134758,50,9.541547,1.097792
worker_2,810,1788087224.144336,50,9.546286,1.097984
worker_2,811,1788087224.153931,50,9.532315,1.097280
worker_2,812,1788087224.163502,50,9.543286,1.097344
worker_2,813,1788087224.173084,50,9.537352,1.096992
worker_2,814,1788087224.182659,50,9.542057,1.098656
worker_2,815,1788087224.192251,50,9.547074,1.097664
worker_2,816,1788087224.201836,50,9.539751,1.097408
worker_2,817,1788087224.211415,50,9.543324,1.097888
worker_2,818,1788087224.220995,50,9.546666,1.098240
worker_2,819,1788087224.230578,50,9.544518,1.099520
worker_2,820,1788087224.240159,50,9.552528,1.104032
worker_2,821,1788087224.249748,50,9.546814,1.097376
worker_2,822,1788087224.259331,50,9.537685,1.097280
worker_2,823,1788087224.268903,50,9.557592,1.096928
worker_2,824,1788087224.278499,50,9.557121,1.096704
worker_2,825,1788087224.288092,50,9.537703,1.097536
worker_2,826,1788087224.297668,50,9.541657,1.097312
worker_2,827,1788087224.307247,50,9.538788,1.096544
worker_2,828,1788087224.316823,50,9.545222,1.097568
worker_2,829,1788087224.326406,50,9.542417,1.098848
worker_2,830,1788087224.335986,50,9.541981,1.103072
worker_2,831,1788087224.345577,50,9.687926,1.098720
worker_2,832,1788087224.355303,50,9.393507,1.097120
worker_2,833,1788087224.364732,50,9.538611,1.097728
worker_2,834,1788087224.374309,50,9.704742,1.096992
worker_2,835,1788087224.384050,50,9.549908,1.098560
worker_2,836,1788087224.393636,50,9.381396,1.097408
worker_2,837,1788087224.403054,50,9.560638,1.097280
worker_2,838,1788087224.412652,50,9.539148,1.097568
worker_2,839,1788087224.422231,50,9.564527,1.098016
worker_2,840,1788087224.431833,50,9.542296,1.099136
worker_2,841,1788087224.441412,50,9.540500,1.096352
worker_2,842,1788087224.450988,50,9.551269,1.098784
worker_2,843,1788087224.460576,50,9.554944,1.097344
worker_2,844,1788087224.470169,50,9.570194,1.097472
worker_2,845,1788087224.479786,50,9.507064,1.096928
worker_2,846,1788087224.489331,50,9.553499,1.095520
worker_2,847,1788087224.498920,50,9.556713,1.099872
worker_2,848,1788087224.508516,50,9.559694,1.097344
worker_2,849,1788087224.518111,50,9.548805,1.098592
worker_2,850,1788087224.527710,50,9.547935,1.096576
worker_2,851,1788087224.537294,50,9.572130,1.099424
worker_2,852,1788087224.546905,50,9.539435,1.097536
worker_2,853,1788087224.556482,50,9.541249,1.097440
worker_2,854,1788087224.566058,50,9.552343,1.095680
worker_2,855,1788087224.575646,50,9.543379,1.098272
worker_2,856,1788087224.585227,50,9.549750,1.097696
worker_2,857,1788087224.594812,50,9.552315,1.096192
worker_2,858,1788087224.604399,50,9.544610,1.097824
worker_2,859,1788087224.613982,50,9.556843,1.097984
worker_2,860,1788087224.623576,50,9.542676,1.100192
worker_2,861,1788087224.633159,50,9.730891,1.098464
worker_2,862,1788087224.642938,50,9.347999,1.097856
worker_2,863,1788087224.652326,50,9.531805,1.096960
worker_2,864,1788087224.661897,50,9.542306,1.096416
worker_2,865,1788087224.671479,50,9.537176,1.097952
worker_2,866,1788087224.681050,50,9.559592,1.097696
worker_2,867,1788087224.690646,50,9.537881,1.095808
worker_2,868,1788087224.700233,50,9.559019,1.097248
worker_2,869,1788087224.709831,50,9.536064,1.096992
worker_2,870,1788087224.719419,50,9.532740,1.097088
worker_2,871,1788087224.728988,50,9.569879,1.098016
worker_2,872,1788087224.738593,50,9.560055,1.096448
worker_2,873,1788087224.748190,50,9.540130,1.096384
worker_2,874,1788087224.757768,50,9.538157,1.097312
worker_2,875,1788087224.767344,50,9.559676,1.097568
worker_2,876,1788087224.776941,50,9.551676,1.097280
worker_2,877,1788087224.786532,50,9.541536,1.097248
worker_2,878,1788087224.796109,50,9.566379,1.096416
worker_2,879,1788087224.805716,50,9.547333,1.097632
worker_2,880,1788087224.815303,50,9.542463,1.097248
worker_2,881,1788087224.824884,50,9.556972,1.098496
worker_2,882,1788087224.834477,50,9.546825,1.096800
worker_2,883,1788087224.844063,50,9.536712,1.096480
worker_2,884,1788087224.853637,50,9.535787,1.096928
worker_2,885,1788087224.863210,50,9.546240,1.097632
worker_2,886,1788087224.872797,50,9.545380,1.095424
worker_2,887,1788087224.882377,50,9.551953,1.096768
worker_2,888,1788087224.891966,50,9.527258,1.097376
worker_2,889,1788087224.901540,50,9.545889,1.098784
worker_2,890,1788087224.911124,50,9.558684,1.099136
worker_2,891,1788087224.920724,50,9.537629,1.096224
worker_2,892,1788087224.930300,50,9.549481,1.096992
worker_2,893,1788087224.939886,50,9.547657,1.097344
worker_2,894,1788087224.949469,50,9.552315,1.097280
worker_2,895,1788087224.959059,50,9.595593,1.097984
worker_2,896,1788087224.968699,50,9.519759,1.098880
worker_2,897,1788087224.978265,50,9.517073,1.097568
worker_2,898,1788087224.987820,50,9.534907,1.096576
worker_2,899,1788087224.997392,50,9.565592,1.099264
worker_2,900,1788087225.006995,50,9.538750,1.098464
worker_2,901,1788087225.016571,50,9.566916,1.096768
worker_2,902,1788087225.026174,50,9.547657,1.098304
worker_2,903,1788087225.035757,50,9.553046,1.099968
worker_2,904,1788087225.045348,50,9.532425,1.097824
worker_2,905,1788087225.054917,50,9.562629,1.102752
worker_2,906,1788087225.064515,50,9.567001,1.098432
worker_2,907,1788087225.074122,50,9.535406,1.097152
worker_2,908,1788087225.083695,50,9.549703,1.097568
worker_2,909,1788087225.093293,50,9.528878,1.098560
worker_2,910,1788087225.102858,50,9.551490,1.099168
worker_2,911,1788087225.112448,50,9.559425,1.095648
worker_2,912,1788087225.122045,50,9.541324,1.096736
worker_2,913,1788087225.131622,50,9.545546,1.098016
worker_2,914,1788087225.141203,50,9.545454,1.098304
worker_2,915,1788087225.150783,50,9.548990,1.097536
worker_2,916,1788087225.160368,50,9.540574,1.096832
worker_2,917,1788087225.169947,50,9.537093,1.097120
worker_2,918,1788087225.179523,50,9.559787,1.104960
worker_2,919,1788087225.189123,50,9.534732,1.097760
worker_2,920,1788087225.198694,50,9.562631,1.096608
worker_2,921,1788087225.208292,50,9.556564,1.097408
worker_2,922,1788087225.217894,50,9.532102,1.096960
worker_2,923,1788087225.227465,50,9.556242,1.097632
worker_2,924,1788087225.237058,50,9.548889,1.098112
worker_2,925,1788087225.246645,50,9.544084,1.095552
worker_2,926,1788087225.256317,50,9.448675,1.096480
worker_2,927,1788087225.265804,50,9.538574,1.095744
worker_2,928,1788087225.275390,50,9.534640,1.097536
worker_2,929,1788087225.284961,50,9.545787,1.096992
worker_2,930,1788087225.294543,50,9.545482,1.098592
worker_2,931,1788087225.304126,50,9.552204,1.098400
worker_2,932,1788087225.313713,50,9.541102,1.098016
worker_2,933,1788087225.323286,50,9.558510,1.098304
worker_2,934,1788087225.332882,50,9.566805,1.097248
worker_2,935,1788087225.342485,50,9.545453,1.097120
worker_2,936,1788087225.352069,50,9.702834,1.099200
worker_2,937,1788087225.361809,50,9.392462,1.098048
worker_2,938,1788087225.371239,50,9.540861,1.099872
worker_2,939,1788087225.380819,50,9.535205,1.099136
worker_2,940,1788087225.390388,50,9.541658,1.097408
worker_2,941,1788087225.399967,50,9.542446,1.098112
worker_2,942,1788087225.409547,50,9.538713,1.095808
worker_2,943,1788087225.419124,50,9.545963,1.096832
worker_2,944,1788087225.428707,50,9.534620,1.097120
worker_2,945,1788087225.438280,50,9.544658,1.096224
worker_2,946,1788087225.447863,50,9.555695,1.097632
worker_2,947,1788087225.457458,50,9.538500,1.097280
worker_2,948,1788087225.467043,50,9.537954,1.099520
worker_2,949,1788087225.476619,50,9.892836,1.098400
worker_2,950,1788087225.486560,50,9.233517,1.096384
worker_2,951,1788087225.495841,50,9.511417,1.096832
worker_2,952,1788087225.505393,50,9.533612,1.097280
worker_2,953,1788087225.514964,50,9.544491,1.097888
worker_2,954,1788087225.524546,50,9.544760,1.097376
worker_2,955,1788087225.534128,50,9.557621,1.097024
worker_2,956,1788087225.543718,50,9.546898,1.097824
worker_2,957,1788087225.553304,50,9.556611,1.097440
worker_2,958,1788087225.562895,50,9.538455,1.097376
worker_2,959,1788087225.572472,50,9.539519,1.097344
worker_2,960,1788087225.582048,50,9.552863,1.098080
worker_2,961,1788087225.591636,50,9.553824,1.097280
worker_2,962,1788087225.601221,50,9.556852,1.096704
worker_2,963,1788087225.610814,50,9.542177,1.097824
worker_2,964,1788087225.620393,50,9.559982,1.100096
worker_2,965,1788087225.629988,50,9.555695,1.097920
worker_2,966,1788087225.639581,50,9.562871,1.100512
worker_2,967,1788087225.649199,50,9.518389,1.097632
worker_2,968,1788087225.658755,50,9.544537,1.098464
worker_2,969,1788087225.668336,50,9.553630,1.096928
worker_2,970,1788087225.677928,50,9.534908,1.096128
worker_2,971,1788087225.687502,50,9.542326,1.100192
worker_2,972,1788087225.697078,50,9.554972,1.097120
worker_2,973,1788087225.706672,50,9.555602,1.096000
worker_2,974,1788087225.716267,50,9.535593,1.099168
worker_2,975,1788087225.725839,50,9.547250,1.097088
worker_2,976,1788087225.735422,50,9.542398,1.096896
worker_2,977,1788087225.745002,50,9.563242,1.097248
worker_2,978,1788087225.754603,50,9.563944,1.096224
worker_2,979,1788087225.764203,50,9.549685,1.097184
worker_2,980,1788087225.773793,50,9.529583,1.095680
worker_2,981,1788087225.783359,50,9.546741,1.097312
worker_2,982,1788087225.792943,50,9.551027,1.097056
worker_2,983,1788087225.802531,50,9.541167,1.097856
worker_2,984,1788087225.812106,50,9.740789,1.097920
worker_2,985,1788087225.821890,50,9.393157,1.097344
worker_2,986,1788087225.831328,50,9.520481,1.098080
worker_2,987,1788087225.840900,50,9.527565,1.097312
worker_2,988,1788087225.850466,50,9.537029,1.095872
worker_2,989,1788087225.860039,50,9.554500,1.097056
worker_2,990,1788087225.869636,50,9.533620,1.099520
worker_2,991,1788087225.879210,50,9.561779,1.099136
worker_2,992,1788087225.888808,50,9.539277,1.096832
worker_2,993,1788087225.898383,50,9.540018,1.097664
worker_2,994,1788087225.907959,50,9.539601,1.099648
worker_2,995,1788087225.917531,50,9.562694,1.098848
worker_2,996,1788087225.927128,50,9.540825,1.096928
worker_2,997,1788087225.936706,50,9.707779,1.097664
worker_2,998,1788087225.946456,50,9.386220,1.097600
worker_2,999,1788087225.955887,50,9.523657,1.098496
worker_2,1000,1788087225.965450,50,9.543814,1.097024
worker_2,1001,1788087225.975027,50,9.549277,1.097376
worker_2,1002,1788087225.984618,50,9.540249,1.098432
worker_2,1003,1788087225.994196,50,9.558305,1.097888
worker_2,1004,1788087226.003791,50,9.545917,1.096768
worker_2,1005,1788087226.013371,50,9.545480,1.096224
worker_2,1006,1788087226.022963,50,9.536425,1.098432
worker_2,1007,1788087226.032535,50,9.549740,1.097760
worker_2,1008,1788087226.042120,50,9.558342,1.096608
worker_2,1009,1788087226.051713,50,9.554137,1.100416
worker_2,1010,1788087226.061302,50,9.568852,1.100032
worker_2,1011,1788087226.070908,50,9.545156,1.096480
worker_2,1012,1788087226.080488,50,9.540749,1.098304
worker_2,1013,1788087226.090066,50,9.556046,1.097568
worker_2,1014,1788087226.099659,50,9.540407,1.097792
worker_2,1015,1788087226.109231,50,9.555082,1.098240
worker_2,1016,1788087226.118818,50,9.546195,1.095904
worker_2,1017,1788087226.128398,50,9.719816,1.096864
worker_2,1018,1788087226.138161,50,9.397386,1.097280
worker_2,1019,1788087226.147604,50,9.508369,1.098912
worker_2,1020,1788087226.157151,50,9.539545,1.098336
worker_2,1021,1788087226.166728,50,9.547546,1.099136
worker_2,1022,1788087226.176311,50,9.548795,1.096256
worker_2,1023,1788087226.185895,50,9.547620,1.096608
worker_2,1024,1788087226.195477,50,9.556083,1.104832
worker_2,1025,1788087226.205069,50,9.547592,1.096960
worker_2,1026,1788087226.214659,50,9.538703,1.096480
worker_2,1027,1788087226.224248,50,9.523805,1.095872
worker_2,1028,1788087226.233808,50,9.545203,1.097248
worker_2,1029,1788087226.243389,50,9.565009,1.096480
worker_2,1030,1788087226.252992,50,9.541018,1.095488
worker_2,1031,1788087226.262567,50,9.573759,1.097696
worker_2,1032,1788087226.272176,50,9.543055,1.098688
worker_2,1033,1788087226.281755,50,9.545463,1.098080
worker_2,1034,1788087226.291337,50,9.556203,1.099392
worker_2,1035,1788087226.300927,50,9.541416,1.097440
worker_2,1036,1788087226.310501,50,9.583038,1.097312
worker_2,1037,1788087226.320119,50,9.548407,1.098464
worker_2,1038,1788087226.329703,50,9.536657,1.096320
worker_2,1039,1788087226.339271,50,9.575686,1.099424
worker_2,1040,1788087226.348884,50,9.691307,1.097344
worker_2,1041,1788087226.358612,50,9.394887,1.098272
worker_2,1042,1788087226.368043,50,9.543185,1.096992
worker_2,1043,1788087226.377622,50,9.548777,1.097280
worker_2,1044,1788087226.387208,50,9.563343,1.103616
worker_2,1045,1788087226.396820,50,9.533295,1.097824
worker_2,1046,1788087226.406392,50,9.552925,1.097664
worker_2,1047,1788087226.415980,50,9.546963,1.097664
worker_2,1048,1788087226.425562,50,9.541908,1.098208
worker_2,1049,1788087226.435139,50,9.550509,1.097440
worker_2,1050,1788087226.444726,50,9.546788,1.098688
worker_2,1051,1788087226.454307,50,9.548175,1.099136
worker_2,1052,1788087226.463891,50,9.548083,1.099872
worker_2,1053,1788087226.473474,50,9.551408,1.097056
worker_2,1054,1788087226.483062,50,9.535796,1.097728
worker_2,1055,1788087226.492632,50,9.543038,1.097888
worker_2,1056,1788087226.502208,50,9.560733,1.097376
worker_2,1057,1788087226.511804,50,9.568694,1.096384
worker_2,1058,1788087226.521411,50,9.548657,1.098496
worker_2,1059,1788087226.530992,50,9.548307,1.097248
worker_2,1060,1788087226.540577,50,9.549009,1.099040
worker_2,1061,1788087226.550164,50,9.542028,1.096832
worker_2,1062,1788087226.559741,50,9.552852,1.098368
worker_2,1063,1788087226.569330,50,9.553268,1.099392
worker_2,1064,1788087226.578920,50,9.544223,1.103744
worker_2,1065,1788087226.588514,50,9.543251,1.097920
worker_2,1066,1788087226.598094,50,9.540102,1.096480
worker_2,1067,1788087226.607671,50,9.555629,1.096096
worker_2,1068,1788087226.617262,50,9.549926,1.097408
worker_2,1069,1788087226.626848,50,9.537620,1.098560
worker_2,1070,1788087226.636422,50,9.704178,1.097792
worker_2,1071,1788087226.646169,50,9.382092,1.096128
worker_2,1072,1788087226.655596,50,9.515973,1.099584
worker_2,1073,1788087226.665149,50,9.543824,1.096864
worker_2,1074,1788087226.674731,50,9.538416,1.096640
worker_2,1075,1788087226.684305,50,9.553789,1.097248
worker_2,1076,1788087226.693895,50,9.535398,1.096320
worker_2,1077,1788087226.703466,50,9.548667,1.096320
worker_2,1078,1788087226.713050,50,9.565613,1.097696
worker_2,1079,1788087226.722725,50,9.470750,1.097632
worker_2,1080,1788087226.732239,50,9.540250,1.096384
worker_2,1081,1788087226.741816,50,9.545047,1.096384
worker_2,1082,1788087226.751398,50,9.544695,1.098016
worker_2,1083,1788087226.760978,50,9.552260,1.095488
worker_2,1084,1788087226.770581,50,9.514500,1.096896
worker_2,1085,1788087226.780131,50,9.563483,1.101152
worker_2,1086,1788087226.789729,50,9.535502,1.097216
worker_2,1087,1788087226.799299,50,9.565463,1.098848
worker_2,1088,1788087226.808900,50,9.582065,1.097504
worker_2,1089,1788087226.818518,50,9.546139,1.098208
worker_2,1090,1788087226.828100,50,9.563501,1.108192
worker_2,1091,1788087226.837696,50,9.545666,1.096608
worker_2,1092,1788087226.847278,50,9.572501,1.101184
worker_2,1093,1788087226.856887,50,9.546103,1.098560
worker_2,1094,1788087226.866470,50,9.543834,1.097792
worker_2,1095,1788087226.876050,50,9.552677,1.098560
worker_2,1096,1788087226.885638,50,9.552325,1.097312
worker_2,1097,1788087226.895229,50,9.534509,1.097536
worker_2,1098,1788087226.904796,50,9.536075,1.096864
worker_2,1099,1788087226.914365,50,9.561129,1.097984
worker_2,1100,1788087226.923962,50,9.543185,1.097120
worker_2,1101,1788087226.933544,50,9.540019,1.096512
worker_2,1102,1788087226.943120,50,9.550676,1.099808
worker_2,1103,1788087226.952709,50,9.729456,1.097920
worker_2,1104,1788087226.962496,50,9.359072,1.096800
worker_2,1105,1788087226.971901,50,9.525388,1.097632
worker_2,1106,1788087226.981466,50,9.530898,1.097472
worker_2,1107,1788087226.991037,50,9.611565,1.099552
worker_2,1108,1788087227.000690,50,9.474481,1.098304
worker_2,1109,1788087227.010199,50,9.553334,1.096544
worker_2,1110,1788087227.019791,50,9.535204,1.098816
worker_2,1111,1788087227.029366,50,9.540242,1.096448
worker_2,1112,1788087227.038940,50,9.726103,1.096992
worker_2,1113,1788087227.048711,50,9.372859,1.097344
worker_2,1114,1788087227.058121,50,9.565592,1.097280
worker_2,1115,1788087227.067729,50,9.534583,1.098976
worker_2,1116,1788087227.077300,50,9.568814,1.100000
worker_2,1117,1788087227.086904,50,9.545759,1.097600
worker_2,1118,1788087227.096485,50,9.541945,1.098528
worker_2,1119,1788087227.106061,50,9.563871,1.097216
worker_2,1120,1788087227.115660,50,9.556231,1.099392
worker_2,1121,1788087227.125254,50,9.540018,1.096928
worker_2,1122,1788087227.134829,50,9.726363,1.099040
worker_2,1123,1788087227.144611,50,9.522749,1.095936
worker_2,1124,1788087227.154182,50,9.380276,1.098304
worker_2,1125,1788087227.163610,50,9.533092,1.096704
worker_2,1126,1788087227.173180,50,9.539333,1.098240
worker_2,1127,1788087227.182757,50,9.560565,1.099872
worker_2,1128,1788087227.192355,50,9.531740,1.097312
worker_2,1129,1788087227.201923,50,9.542045,1.096000
worker_2,1130,1788087227.211501,50,9.541491,1.095456
worker_2,1131,1788087227.221082,50,9.541694,1.097056
worker_2,1132,1788087227.230658,50,9.549249,1.097760
worker_2,1133,1788087227.240252,50,9.549565,1.101216
worker_2,1134,1788087227.249838,50,9.539342,1.097088
worker_2,1135,1788087227.259412,50,9.752371,1.097216
worker_2,1136,1788087227.269207,50,9.536601,1.097152
worker_2,1137,1788087227.278792,50,9.356544,1.096928
worker_2,1138,1788087227.288188,50,9.544749,1.105088
worker_2,1139,1788087227.297768,50,9.544732,1.097056
worker_2,1140,1788087227.307352,50,9.555639,1.097952
worker_2,1141,1788087227.316945,50,9.545416,1.099200
worker_2,1142,1788087227.326530,50,9.544462,1.097440
worker_2,1143,1788087227.336126,50,9.548250,1.098016
worker_2,1144,1788087227.345712,50,9.689972,1.096416
worker_2,1145,1788087227.355440,50,9.572500,1.099552
worker_2,1146,1788087227.365050,50,9.492879,1.098688
worker_2,1147,1788087227.374582,50,9.622972,1.098496
worker_2,1148,1788087227.384250,50,9.523767,1.095776
worker_2,1149,1788087227.393805,50,9.404592,1.097120
worker_2,1150,1788087227.403244,50,9.549397,1.100032
worker_2,1151,1788087227.412830,50,9.542473,1.098880
worker_2,1152,1788087227.422410,50,9.722937,1.097472
worker_2,1153,1788087227.432178,50,9.367174,1.096736
worker_2,1154,1788087227.441585,50,9.544601,1.097152
worker_2,1155,1788087227.451169,50,9.538527,1.099712
worker_2,1156,1788087227.460743,50,9.542795,1.098240
worker_2,1157,1788087227.470322,50,9.543287,1.097376
worker_2,1158,1788087227.479900,50,9.547870,1.098048
worker_2,1159,1788087227.489485,50,9.541547,1.097248
worker_2,1160,1788087227.499063,50,9.552176,1.098112
worker_2,1161,1788087227.508651,50,9.558870,1.109440
worker_2,1162,1788087227.518255,50,9.551166,1.096736
worker_2,1163,1788087227.527846,50,9.531842,1.103360
worker_2,1164,1788087227.537415,50,9.559045,1.098208
worker_2,1165,1788087227.547012,50,9.566129,1.097888
worker_2,1166,1788087227.556615,50,9.542852,1.097184
worker_2,1167,1788087227.566193,50,9.558814,1.097824
worker_2,1168,1788087227.575786,50,9.539648,1.095968
worker_2,1169,1788087227.585359,50,9.555046,1.098336
worker_2,1170,1788087227.594949,50,9.549463,1.097856
worker_2,1171,1788087227.604533,50,9.542693,1.097632
worker_2,1172,1788087227.614114,50,9.572297,1.096896
worker_2,1173,1788087227.623721,50,9.545452,1.099648
worker_2,1174,1788087227.633304,50,9.541083,1.096640
worker_2,1175,1788087227.642879,50,9.560463,1.098944
worker_2,1176,1788087227.652478,50,9.536926,1.097280
worker_2,1177,1788087227.662051,50,9.547102,1.096608
worker_2,1178,1788087227.671631,50,9.546500,1.095680
worker_2,1179,1788087227.681210,50,9.551675,1.096096
worker_2,1180,1788087227.690798,50,9.543796,1.097856
worker_2,1181,1788087227.700376,50,9.560982,1.096640
worker_2,1182,1788087227.709982,50,9.531046,1.097344
worker_2,1183,1788087227.719551,50,9.542954,1.099872
worker_2,1184,1788087227.729131,50,9.553565,1.097088
worker_2,1185,1788087227.738720,50,9.550518,1.097280
worker_2,1186,1788087227.748305,50,9.544268,1.098176
worker_2,1187,1788087227.757890,50,9.541538,1.098656
worker_2,1188,1788087227.767466,50,9.568444,1.099456
worker_2,1189,1788087227.777071,50,9.538398,1.097984
worker_2,1190,1788087227.786650,50,9.533166,1.096576
worker_2,1191,1788087227.796229,50,9.540740,1.102144
worker_2,1192,1788087227.805804,50,9.556676,1.097344
worker_2,1193,1788087227.815393,50,9.554380,1.098304
worker_2,1194,1788087227.824983,50,9.562342,1.097184
worker_2,1195,1788087227.834592,50,9.513027,1.096192
worker_2,1196,1788087227.844143,50,9.541630,1.098720
worker_2,1197,1788087227.853720,50,9.550538,1.098720
worker_2,1198,1788087227.863307,50,9.549594,1.101600
worker_2,1199,1788087227.872893,50,9.540889,1.097792
worker_2,1200,1788087227.882470,50,9.559158,1.097888
worker_2,1201,1788087227.892080,50,9.536992,1.100544
worker_2,1202,1788087227.901657,50,9.521407,1.097312
worker_2,1203,1788087227.911216,50,9.532621,1.097792
worker_2,1204,1788087227.920784,50,9.561047,1.098080
worker_2,1205,1788087227.930377,50,9.552713,1.098112
worker_2,1206,1788087227.939965,50,9.541325,1.100640
worker_2,1207,1788087227.949544,50,9.550046,1.096256
worker_2,1208,1788087227.959132,50,9.541962,1.096416
worker_2,1209,1788087227.968709,50,9.540528,1.096928
worker_2,1210,1788087227.978285,50,9.543852,1.097728
worker_2,1211,1788087227.987865,50,9.552602,1.103872
worker_2,1212,1788087227.997455,50,9.541898,1.097792
worker_2,1213,1788087228.007031,50,9.542593,1.102688
worker_2,1214,1788087228.016612,50,9.574019,1.097600
worker_2,1215,1788087228.026225,50,9.544056,1.097536
worker_2,1216,1788087228.035808,50,9.539176,1.098560
worker_2,1217,1788087228.045383,50,9.568000,1.098752
worker_2,1218,1788087228.054989,50,9.542741,1.095872
worker_2,1219,1788087228.064569,50,9.699632,1.096576
worker_2,1220,1788087228.074311,50,9.401249,1.097472
worker_2,1221,1788087228.083775,50,9.505667,1.102592
worker_2,1222,1788087228.093320,50,9.559435,1.100864
worker_2,1223,1788087228.102915,50,9.542953,1.098400
worker_2,1224,1788087228.112495,50,9.538685,1.097248
worker_2,1225,1788087228.122072,50,9.563214,1.097440
worker_2,1226,1788087228.131669,50,9.570732,1.097856
worker_2,1227,1788087228.141279,50,9.545010,1.096800
worker_2,1228,1788087228.150860,50,9.544862,1.098432
worker_2,1229,1788087228.160444,50,9.544611,1.098048
worker_2,1230,1788087228.170103,50,9.469686,1.098368
worker_2,1231,1788087228.179611,50,9.539937,1.098848
worker_2,1232,1788087228.189186,50,9.561861,1.096320
worker_2,1233,1788087228.198782,50,9.542760,1.096672
worker_2,1234,1788087228.208360,50,9.539491,1.097472
worker_2,1235,1788087228.217930,50,9.554148,1.096768
worker_2,1236,1788087228.227518,50,9.552130,1.097856
worker_2,1237,1788087228.237107,50,9.546482,1.096064
worker_2,1238,1788087228.246692,50,9.551435,1.097984
worker_2,1239,1788087228.256280,50,9.543639,1.096832
worker_2,1240,1788087228.265874,50,9.525611,1.098944
worker_2,1241,1788087228.275437,50,9.551463,1.098048
worker_2,1242,1788087228.285026,50,9.541659,1.098656
worker_2,1243,1788087228.294602,50,9.548408,1.096640
worker_2,1244,1788087228.304185,50,9.555242,1.099072
worker_2,1245,1788087228.313778,50,9.684094,1.096928
worker_2,1246,1788087228.323502,50,9.574205,1.096672
worker_2,1247,1788087228.333117,50,9.552029,1.097760
worker_2,1248,1788087228.342717,50,9.354981,1.097408
worker_2,1249,1788087228.352108,50,9.710678,1.095712
worker_2,1250,1788087228.361853,50,9.549751,1.096512
worker_2,1251,1788087228.371438,50,9.543547,1.099168
worker_2,1252,1788087228.381018,50,9.450203,1.096352
worker_2,1253,1788087228.390504,50,9.503342,1.099200
worker_2,1254,1788087228.400045,50,9.542029,1.097216
worker_2,1255,1788087228.409621,50,9.551991,1.098208
worker_2,1256,1788087228.419211,50,9.559463,1.100992
worker_2,1257,1788087228.428808,50,9.540232,1.097792
worker_2,1258,1788087228.438385,50,9.554000,1.096544
worker_2,1259,1788087228.447974,50,9.546000,1.097824
worker_2,1260,1788087228.457568,50,9.528593,1.097920
worker_2,1261,1788087228.467131,50,9.558759,1.102144
worker_2,1262,1788087228.476727,50,9.541954,1.097952
worker_2,1263,1788087228.486306,50,9.538814,1.100384
worker_2,1264,1788087228.495881,50,9.544806,1.097024
worker_2,1265,1788087228.505459,50,9.558361,1.097280
worker_2,1266,1788087228.515053,50,9.541668,1.096160
worker_2,1267,1788087228.524629,50,9.556250,1.096736
worker_2,1268,1788087228.534221,50,9.559888,1.097088
worker_2,1269,1788087228.543817,50,9.555983,1.103968
worker_2,1270,1788087228.553410,50,9.550316,1.095680
worker_2,1271,1788087228.562998,50,9.548574,1.097664
worker_2,1272,1788087228.572584,50,9.713806,1.095712
worker_2,1273,1788087228.582341,50,9.392804,1.097504
worker_2,1274,1788087228.591781,50,9.510768,1.096832
worker_2,1275,1788087228.601330,50,9.570973,1.102304
worker_2,1276,1788087228.610939,50,9.547464,1.097440
worker_2,1277,1788087228.620524,50,9.561742,1.097600
worker_2,1278,1788087228.630122,50,9.546435,1.097408
worker_2,1279,1788087228.639717,50,9.526611,1.099936
worker_2,1280,1788087228.649281,50,9.566509,1.098848
worker_2,1281,1788087228.658881,50,9.549018,1.097120
worker_2,1282,1788087228.668469,50,9.545166,1.099104
worker_2,1283,1788087228.678051,50,9.547101,1.096480
worker_2,1284,1788087228.687632,50,9.544805,1.099552
worker_2,1285,1788087228.697212,50,9.565379,1.096640
worker_2,1286,1788087228.706817,50,9.537111,1.097248
worker_2,1287,1788087228.716393,50,9.548795,1.097728
worker_2,1288,1788087228.725979,50,9.561528,1.097440
worker_2,1289,1788087228.735578,50,9.546880,1.099520
worker_2,1290,1788087228.745161,50,9.542009,1.097152
worker_2,1291,1788087228.754741,50,9.548426,1.099104
worker_2,1292,1788087228.764326,50,9.545342,1.097024
worker_2,1293,1788087228.773907,50,9.543842,1.099232
worker_2,1294,1788087228.783489,50,9.544796,1.097408
worker_2,1295,1788087228.793071,50,9.568593,1.110432
worker_2,1296,1788087228.802676,50,9.568417,1.096224
worker_2,1297,1788087228.812281,50,9.733122,1.098432
worker_2,1298,1788087228.822061,50,9.365582,1.099584
worker_2,1299,1788087228.831491,50,9.504640,1.096992
worker_2,1300,1788087228.841033,50,9.540490,1.100480
worker_2,1301,1788087228.850609,50,9.546444,1.097120
worker_2,1302,1788087228.860196,50,9.532860,1.096160
worker_2,1303,1788087228.869765,50,9.537592,1.099040
worker_2,1304,1788087228.879340,50,9.545047,1.096928
worker_2,1305,1788087228.888923,50,9.539907,1.096992
worker_2,1306,1788087228.898504,50,9.565509,1.098560
worker_2,1307,1788087228.908105,50,9.543527,1.098336
worker_2,1308,1788087228.917684,50,9.553149,1.098336
worker_2,1309,1788087228.927274,50,9.540749,1.098656
worker_2,1310,1788087228.936850,50,9.548473,1.096960
worker_2,1311,1788087228.946435,50,9.552684,1.097664
worker_2,1312,1788087228.956026,50,9.535639,1.095744
worker_2,1313,1788087228.965600,50,9.535815,1.097344
worker_2,1314,1788087228.975172,50,9.546046,1.097888
worker_2,1315,1788087228.984755,50,9.544631,1.099008
worker_2,1316,1788087228.994334,50,9.547490,1.097440
worker_2,1317,1788087229.003919,50,9.544435,1.095776
worker_2,1318,1788087229.013510,50,9.527232,1.097760
worker_2,1319,1788087229.023073,50,9.548861,1.096832
worker_2,1320,1788087229.032661,50,9.536814,1.095552
worker_2,1321,1788087229.042233,50,9.552130,1.096544
worker_2,1322,1788087229.051823,50,9.558352,1.097888
worker_2,1323,1788087229.061416,50,9.549565,1.097728
worker_2,1324,1788087229.071002,50,9.560112,1.099232
worker_2,1325,1788087229.080600,50,9.542306,1.097504
worker_2,1326,1788087229.090177,50,9.545101,1.097280
worker_2,1327,1788087229.099759,50,9.550888,1.097120
worker_2,1328,1788087229.109347,50,9.560112,1.097920
worker_2,1329,1788087229.118943,50,9.546195,1.097280
worker_2,1330,1788087229.128525,50,9.536816,1.097376
worker_2,1331,1788087229.138099,50,9.544927,1.099424
worker_2,1332,1788087229.147683,50,9.557342,1.097824
worker_2,1333,1788087229.157275,50,9.571778,1.096064
worker_2,1334,1788087229.166883,50,9.545379,1.097792
worker_2,1335,1788087229.176463,50,9.543677,1.095776
worker_2,1336,1788087229.186044,50,9.544046,1.098944
worker_2,1337,1788087229.195622,50,9.546872,1.097728
worker_2,1338,1788087229.205214,50,9.552251,1.097504
worker_2,1339,1788087229.214803,50,9.551963,1.102912
worker_2,1340,1788087229.224389,50,9.568472,1.098752
worker_2,1341,1788087229.233996,50,9.541750,1.098976
worker_2,1342,1788087229.243574,50,9.544240,1.098112
worker_2,1343,1788087229.253153,50,9.555120,1.097248
worker_2,1344,1788087229.262743,50,9.537964,1.097856
worker_2,1345,1788087229.272316,50,9.548805,1.099168
worker_2,1346,1788087229.281899,50,9.551241,1.098752
worker_2,1347,1788087229.291487,50,9.551742,1.098720
worker_2,1348,1788087229.301074,50,9.543528,1.096800
worker_2,1349,1788087229.310651,50,9.556472,1.096864
worker_2,1350,1788087229.320259,50,9.704389,1.096448
worker_2,1351,1788087229.330005,50,9.369869,1.098496
worker_2,1352,1788087229.339412,50,9.571759,1.100640
worker_2,1353,1788087229.349025,50,9.642696,1.096096
worker_2,1354,1788087229.358703,50,9.468231,1.097376
worker_2,1355,1788087229.368205,50,9.711382,1.098624
worker_2,1356,1788087229.377952,50,9.539806,1.095968
worker_2,1357,1788087229.387540,50,9.389675,1.103360
worker_2,1358,1788087229.396968,50,9.543009,1.098176
worker_2,1359,1788087229.406552,50,9.550212,1.097600
worker_2,1360,1788087229.416139,50,9.534084,1.097824
worker_2,1361,1788087229.425706,50,9.546510,1.098240
worker_2,1362,1788087229.435291,50,9.681242,1.096992
worker_2,1363,1788087229.445010,50,9.413313,1.095520
worker_2,1364,1788087229.454460,50,9.692094,1.097568
worker_2,1365,1788087229.464188,50,9.545315,1.096576
worker_2,1366,1788087229.473771,50,9.563693,1.099328
worker_2,1367,1788087229.483372,50,9.526065,1.096960
worker_2,1368,1788087229.492933,50,9.403443,1.099264
worker_2,1369,1788087229.502372,50,9.543260,1.097536
worker_2,1370,1788087229.511952,50,9.535861,1.096960
worker_2,1371,1788087229.521523,50,9.552629,1.097920
worker_2,1372,1788087229.531112,50,9.564316,1.109728
worker_2,1373,1788087229.540713,50,9.541017,1.097664
worker_2,1374,1788087229.550289,50,9.551240,1.097024
worker_2,1375,1788087229.559877,50,9.545036,1.105760
worker_2,1376,1788087229.569458,50,9.536388,1.097696
worker_2,1377,1788087229.579040,50,9.542962,1.099008
worker_2,1378,1788087229.588623,50,9.547490,1.097184
worker_2,1379,1788087229.598207,50,9.566352,1.097888
worker_2,1380,1788087229.607810,50,9.542240,1.099712
worker_2,1381,1788087229.617466,50,9.467296,1.098816
worker_2,1382,1788087229.626970,50,9.542555,1.097216
worker_2,1383,1788087229.636550,50,9.541416,1.097184
worker_2,1384,1788087229.646129,50,9.533426,1.097504
worker_2,1385,1788087229.655700,50,9.541713,1.097696
worker_2,1386,1788087229.665281,50,9.563212,1.102560
worker_2,1387,1788087229.674880,50,9.537250,1.098432
worker_2,1388,1788087229.684454,50,9.552112,1.098304
worker_2,1389,1788087229.694043,50,9.543556,1.097792
worker_2,1390,1788087229.703623,50,9.543705,1.097440
worker_2,1391,1788087229.713202,50,9.570862,1.099232
worker_2,1392,1788087229.722811,50,9.554361,1.099104
worker_2,1393,1788087229.732401,50,9.550805,1.098624
worker_2,1394,1788087229.741988,50,9.536723,1.098816
worker_2,1395,1788087229.751560,50,9.716603,1.098560
worker_2,1396,1788087229.761330,50,9.379313,1.097440
worker_2,1397,1788087229.770755,50,9.526075,1.098816
worker_2,1398,1788087229.780324,50,9.659370,1.095840
worker_2,1399,1788087229.790019,50,9.540750,1.098112
worker_2,1400,1788087229.799595,50,9.427240,1.098464
worker_2,1401,1788087229.809059,50,9.627908,1.097216
worker_2,1402,1788087229.818721,50,9.619334,1.098368
worker_2,1403,1788087229.828377,50,9.566656,1.102432
worker_2,1404,1788087229.837980,50,9.546741,1.097472
worker_2,1405,1788087229.847565,50,9.388934,1.099456
worker_2,1406,1788087229.856988,50,9.553232,1.097312
worker_2,1407,1788087229.866579,50,9.563684,1.099488
worker_2,1408,1788087229.876179,50,9.533203,1.098304
worker_2,1409,1788087229.885747,50,9.566297,1.097056
worker_2,1410,1788087229.895360,50,9.528740,1.097920
worker_2,1411,1788087229.904926,50,9.549851,1.097472
worker_2,1412,1788087229.914512,50,9.540518,1.096800
worker_2,1413,1788087229.924093,50,9.538445,1.098016
worker_2,1414,1788087229.933667,50,9.550110,1.098016
worker_2,1415,1788087229.943253,50,9.558148,1.100320
worker_2,1416,1788087229.952862,50,9.541880,1.097792
worker_2,1417,1788087229.962443,50,9.534388,1.097728
worker_2,1418,1788087229.972012,50,9.552686,1.107648
worker_2,1419,1788087229.981602,50,9.544731,1.099136
worker_2,1420,1788087229.991184,50,9.545156,1.097088
worker_2,1421,1788087230.000768,50,9.530481,1.097440
worker_2,1422,1788087230.010334,50,9.547019,1.096928
worker_2,1423,1788087230.019918,50,9.543056,1.098144
worker_2,1424,1788087230.029504,50,9.540408,1.096672
worker_2,1425,1788087230.039080,50,9.547862,1.098976
worker_2,1426,1788087230.048663,50,9.546379,1.099296
worker_2,1427,1788087230.058246,50,9.553806,1.098112
worker_2,1428,1788087230.067837,50,9.540046,1.101600
worker_2,1429,1788087230.077412,50,9.553926,1.097824
worker_2,1430,1788087230.087001,50,9.546288,1.099168
worker_2,1431,1788087230.096581,50,9.554463,1.097952
worker_2,1432,1788087230.106173,50,9.547842,1.097920
worker_2,1433,1788087230.115759,50,9.546379,1.096448
worker_2,1434,1788087230.125341,50,9.538649,1.097600
worker_2,1435,1788087230.134927,50,9.528602,1.097472
worker_2,1436,1788087230.144492,50,9.539981,1.095584
worker_2,1437,1788087230.154068,50,9.555464,1.098048
worker_2,1438,1788087230.163660,50,9.541268,1.101120
worker_2,1439,1788087230.173236,50,9.547121,1.097216
worker_2,1440,1788087230.182818,50,9.548992,1.097056
worker_2,1441,1788087230.192402,50,9.541101,1.096768
worker_2,1442,1788087230.201979,50,9.554270,1.097824
worker_2,1443,1788087230.211569,50,9.560629,1.097344
worker_2,1444,1788087230.221164,50,9.551315,1.096448
worker_2,1445,1788087230.230753,50,9.542194,1.097280
worker_2,1446,1788087230.240330,50,9.721029,1.096672
worker_2,1447,1788087230.250094,50,9.382526,1.097920
worker_2,1448,1788087230.259524,50,9.509509,1.096736
worker_2,1449,1788087230.269075,50,9.554047,1.097664
worker_2,1450,1788087230.278668,50,9.539268,1.097120
worker_2,1451,1788087230.288256,50,9.532158,1.098880
worker_2,1452,1788087230.297822,50,9.545297,1.097376
worker_2,1453,1788087230.307401,50,9.559925,1.098912
worker_2,1454,1788087230.316995,50,9.561991,1.097376
worker_2,1455,1788087230.326602,50,9.540472,1.096832
worker_2,1456,1788087230.336180,50,9.548001,1.109504
worker_2,1457,1788087230.345771,50,9.539750,1.097088
worker_2,1458,1788087230.355347,50,9.545287,1.100768
worker_2,1459,1788087230.364931,50,9.553131,1.097824
worker_2,1460,1788087230.374521,50,9.536500,1.097600
worker_2,1461,1788087230.384093,50,9.559574,1.111296
worker_2,1462,1788087230.393689,50,9.545537,1.096768
worker_2,1463,1788087230.403273,50,9.540518,1.097312
worker_2,1464,1788087230.412848,50,9.539287,1.097824
worker_2,1465,1788087230.422424,50,9.537000,1.095744
worker_2,1466,1788087230.431995,50,9.542194,1.096832
worker_2,1467,1788087230.441570,50,9.548899,1.096864
worker_2,1468,1788087230.451152,50,9.540666,1.098592
worker_2,1469,1788087230.460729,50,9.539213,1.097024
worker_2,1470,1788087230.470302,50,9.547037,1.097824
worker_2,1471,1788087230.479883,50,9.536694,1.095776
worker_2,1472,1788087230.489452,50,9.551703,1.099296
worker_2,1473,1788087230.499041,50,9.547028,1.097216
worker_2,1474,1788087230.508632,50,9.540324,1.099008
worker_2,1475,1788087230.518207,50,9.568546,1.096800
worker_2,1476,1788087230.527810,50,9.553362,1.102944
worker_2,1477,1788087230.537399,50,9.560297,1.096672
worker_2,1478,1788087230.546993,50,9.547157,1.097888
worker_2,1479,1788087230.556575,50,9.546824,1.096960
worker_2,1480,1788087230.566156,50,9.552538,1.097568
worker_2,1481,1788087230.575746,50,9.543639,1.097248
worker_2,1482,1788087230.585325,50,9.569055,1.098016
worker_2,1483,1788087230.594931,50,9.542214,1.097056
worker_2,1484,1788087230.604508,50,9.769557,1.097280
worker_2,1485,1788087230.614327,50,9.347146,1.097376
worker_2,1486,1788087230.623720,50,9.520287,1.095840
worker_2,1487,1788087230.633279,50,9.531815,1.095360
worker_2,1488,1788087230.642851,50,9.545629,1.099904
worker_2,1489,1788087230.652439,50,9.545963,1.096384
worker_2,1490,1788087230.662024,50,9.544269,1.097792
worker_2,1491,1788087230.671603,50,9.551620,1.096064
worker_2,1492,1788087230.681194,50,9.540889,1.097152
worker_2,1493,1788087230.690769,50,9.546140,1.098592
worker_2,1494,1788087230.700363,50,9.534268,1.097376
worker_2,1495,1788087230.709932,50,9.545028,1.097120
worker_2,1496,1788087230.719512,50,9.539852,1.097088
worker_2,1497,1788087230.729086,50,9.551120,1.096128
worker_2,1498,1788087230.738673,50,9.556407,1.096160
worker_2,1499,1788087230.748266,50,9.529333,1.097312
worker_2,1500,1788087230.757832,50,9.539676,1.097056
worker_2,1501,1788087230.767410,50,9.533138,1.097856
worker_2,1502,1788087230.776979,50,9.548648,1.096960
worker_2,1503,1788087230.786563,50,9.539639,1.095744
worker_2,1504,1788087230.796138,50,9.558528,1.102720
worker_2,1505,1788087230.805732,50,9.547620,1.097216
worker_2,1506,1788087230.815315,50,9.544343,1.096864
worker_2,1507,1788087230.824895,50,9.569075,1.097184
worker_2,1508,1788087230.834498,50,9.548963,1.098272
worker_2,1509,1788087230.844081,50,9.568500,1.110784
worker_2,1510,1788087230.853682,50,9.551166,1.098816
worker_2,1511,1788087230.863268,50,9.543992,1.097408
worker_2,1512,1788087230.872843,50,9.551557,1.096160
worker_2,1513,1788087230.882442,50,9.545472,1.097888
worker_2,1514,1788087230.892029,50,9.539473,1.107008
worker_2,1515,1788087230.901607,50,9.541260,1.097152
worker_2,1516,1788087230.911183,50,9.542398,1.099936
worker_2,1517,1788087230.920762,50,9.541464,1.096608
worker_2,1518,1788087230.930339,50,9.546574,1.098816
worker_2,1519,1788087230.939921,50,9.540722,1.098016
worker_2,1520,1788087230.949498,50,9.553983,1.098912
worker_2,1521,1788087230.959090,50,9.539315,1.097472
worker_2,1522,1788087230.968665,50,9.545907,1.097568
worker_2,1523,1788087230.978248,50,9.546140,1.096736
worker_2,1524,1788087230.987830,50,9.552259,1.106400
worker_2,1525,1788087230.997418,50,9.553194,1.096480
worker_2,1526,1788087231.007008,50,9.540602,1.099616
worker_2,1527,1788087231.016588,50,9.545916,1.099296
worker_2,1528,1788087231.026170,50,9.724677,1.096480
worker_2,1529,1788087231.035944,50,9.370008,1.098080
worker_2,1530,1788087231.045362,50,9.505907,1.099328
worker_2,1531,1788087231.054902,50,9.554823,1.097696
worker_2,1532,1788087231.064577,50,9.467953,1.097120
worker_2,1533,1788087231.074096,50,9.530092,1.097152
worker_2,1534,1788087231.083664,50,9.545028,1.096992
worker_2,1535,1788087231.093244,50,9.544277,1.097568
worker_2,1536,1788087231.102825,50,9.541360,1.096768
worker_2,1537,1788087231.112409,50,9.541879,1.097504
worker_2,1538,1788087231.121986,50,9.558045,1.095840
worker_2,1539,1788087231.131581,50,9.536093,1.096928
worker_2,1540,1788087231.141150,50,9.709455,1.095424
worker_2,1541,1788087231.150903,50,9.555296,1.097472
worker_2,1542,1788087231.160507,50,9.503203,1.098528
worker_2,1543,1788087231.170050,50,9.537777,1.097984
worker_2,1544,1788087231.179625,50,9.412220,1.097920
worker_2,1545,1788087231.189073,50,9.697706,1.096000
worker_2,1546,1788087231.198809,50,9.397897,1.096736
worker_2,1547,1788087231.208255,50,9.523851,1.095648
worker_2,1548,1788087231.217814,50,9.553713,1.103744
worker_2,1549,1788087231.227401,50,9.546870,1.097120
worker_2,1550,1788087231.236983,50,9.567713,1.097568
worker_2,1551,1788087231.246589,50,9.541018,1.099744
worker_2,1552,1788087231.256177,50,9.532445,1.103712
worker_2,1553,1788087231.265744,50,9.546009,1.097760
worker_2,1554,1788087231.275324,50,9.565491,1.097344
worker_2,1555,1788087231.284925,50,9.550816,1.097344
worker_2,1556,1788087231.294512,50,9.563602,1.098176
worker_2,1557,1788087231.304110,50,9.546593,1.098528
worker_2,1558,1788087231.313694,50,9.544741,1.099136
worker_2,1559,1788087231.323275,50,9.569991,1.097856
worker_2,1560,1788087231.332883,50,9.746169,1.097632
worker_2,1561,1788087231.342679,50,9.348451,1.095808
worker_2,1562,1788087231.352067,50,9.545064,1.099456
worker_2,1563,1788087231.361650,50,9.542723,1.096704
worker_2,1564,1788087231.371230,50,9.540907,1.099616
worker_2,1565,1788087231.380808,50,9.551278,1.096352
worker_2,1566,1788087231.390399,50,9.547509,1.096992
worker_2,1567,1788087231.399981,50,9.545342,1.096672
worker_2,1568,1788087231.409565,50,9.541055,1.097472
worker_2,1569,1788087231.419144,50,9.545898,1.098368
worker_2,1570,1788087231.428726,50,9.539555,1.097632
worker_2,1571,1788087231.438304,50,9.540712,1.097184
worker_2,1572,1788087231.447895,50,9.535594,1.097696
worker_2,1573,1788087231.457466,50,9.558695,1.098528
worker_2,1574,1788087231.467061,50,9.550981,1.097632
worker_2,1575,1788087231.476647,50,9.538890,1.096192
worker_2,1576,1788087231.486221,50,9.556379,1.096736
worker_2,1577,1788087231.495813,50,9.712641,1.098368
worker_2,1578,1788087231.505568,50,9.362517,1.097920
worker_2,1579,1788087231.514971,50,9.538787,1.098912
worker_2,1580,1788087231.524549,50,9.561120,1.096800
worker_2,1581,1788087231.534147,50,9.539074,1.096832
worker_2,1582,1788087231.543722,50,9.567889,1.098432
worker_2,1583,1788087231.553327,50,9.722020,1.097696
worker_2,1584,1788087231.563097,50,9.372469,1.102240
worker_2,1585,1788087231.572511,50,9.545092,1.097792
worker_2,1586,1788087231.582094,50,9.534880,1.098336
worker_2,1587,1788087231.591664,50,9.553194,1.097248
worker_2,1588,1788087231.601255,50,9.535333,1.098080
worker_2,1589,1788087231.610826,50,9.550186,1.096512
worker_2,1590,1788087231.620410,50,9.541425,1.096704
worker_2,1591,1788087231.630001,50,9.546082,1.098368
worker_2,1592,1788087231.639582,50,9.538268,1.099776
worker_2,1593,1788087231.649156,50,9.546842,1.097120
worker_2,1594,1788087231.658737,50,9.549018,1.098976
worker_2,1595,1788087231.668323,50,9.536213,1.099296
worker_2,1596,1788087231.677895,50,9.547648,1.098112
worker_2,1597,1788087231.687479,50,9.552166,1.099008
worker_2,1598,1788087231.697067,50,9.543075,1.097056
worker_2,1599,1788087231.706645,50,9.583518,1.098752
worker_2,1600,1788087231.716268,50,9.521870,1.095680
worker_2,1601,1788087231.725825,50,9.551704,1.097152
worker_2,1602,1788087231.735410,50,9.564399,1.098720
worker_2,1603,1788087231.745011,50,9.534333,1.096544
worker_2,1604,1788087231.754580,50,9.565945,1.096544
worker_2,1605,1788087231.764180,50,9.565927,1.100864
worker_2,1606,1788087231.773782,50,9.538510,1.097408
worker_2,1607,1788087231.783355,50,9.554287,1.098528
worker_2,1608,1788087231.792947,50,9.544463,1.096928
worker_2,1609,1788087231.802527,50,9.544353,1.097664
worker_2,1610,1788087231.812107,50,9.578408,1.101216
worker_2,1611,1788087231.821732,50,9.550122,1.096832
worker_2,1612,1788087231.831319,50,9.540287,1.098304
worker_2,1613,1788087231.840899,50,9.552852,1.096992
worker_2,1614,1788087231.850485,50,9.552797,1.097888
worker_2,1615,1788087231.860076,50,9.545231,1.096256
worker_2,1616,1788087231.869658,50,9.539556,1.097088
worker_2,1617,1788087231.879236,50,9.544121,1.097440
worker_2,1618,1788087231.888815,50,9.553231,1.097248
worker_2,1619,1788087231.898403,50,9.551546,1.096448
worker_2,1620,1788087231.907994,50,9.557334,1.109568
worker_2,1621,1788087231.917585,50,9.542945,1.097568
worker_2,1622,1788087231.927166,50,9.550759,1.099296
worker_2,1623,1788087231.936755,50,9.537482,1.097856
worker_2,1624,1788087231.946328,50,9.550325,1.097504
worker_2,1625,1788087231.955914,50,9.549055,1.097312
worker_2,1626,1788087231.965500,50,9.544464,1.098592
worker_2,1627,1788087231.975081,50,9.552166,1.098016
worker_2,1628,1788087231.984670,50,9.544120,1.098688
worker_2,1629,1788087231.994249,50,9.554844,1.097600
worker_2,1630,1788087232.003856,50,9.550677,1.097408
worker_2,1631,1788087232.013442,50,9.539166,1.098944
worker_2,1632,1788087232.023018,50,9.575797,1.103232
worker_2,1633,1788087232.032633,50,9.544056,1.097760
worker_2,1634,1788087232.042212,50,9.551501,1.097536
worker_2,1635,1788087232.051803,50,9.551324,1.097376
worker_2,1636,1788087232.061390,50,9.547787,1.099360
worker_2,1637,1788087232.070975,50,9.554898,1.100800
worker_2,1638,1788087232.080568,50,9.542362,1.098624
worker_2,1639,1788087232.090146,50,9.552491,1.098464
worker_2,1640,1788087232.099734,50,9.546824,1.095744
worker_2,1641,1788087232.109313,50,9.576343,1.095904
worker_2,1642,1788087232.118929,50,9.543121,1.101952
worker_2,1643,1788087232.128509,50,9.562296,1.097696
worker_2,1644,1788087232.138110,50,9.538231,1.097728
worker_2,1645,1788087232.147684,50,9.547343,1.098816
worker_2,1646,1788087232.157270,50,9.542657,1.095488
worker_2,1647,1788087232.166852,50,9.547101,1.096576
worker_2,1648,1788087232.176436,50,9.548471,1.097536
worker_2,1649,1788087232.186018,50,9.550343,1.097280
worker_2,1650,1788087232.195616,50,9.531972,1.097984
worker_2,1651,1788087232.205185,50,9.564045,1.099328
worker_2,1652,1788087232.214788,50,9.544092,1.097024
worker_2,1653,1788087232.224369,50,9.547649,1.097536
worker_2,1654,1788087232.233953,50,9.538212,1.097120
worker_2,1655,1788087232.243527,50,9.708039,1.096928
worker_2,1656,1788087232.253278,50,9.391507,1.096672
worker_2,1657,1788087232.262714,50,9.529166,1.097920
worker_2,1658,1788087232.272283,50,9.544407,1.096320
worker_2,1659,1788087232.281864,50,9.545658,1.096928
worker_2,1660,1788087232.291450,50,9.707816,1.096992
worker_2,1661,1788087232.301202,50,9.559731,1.097920
worker_2,1662,1788087232.310811,50,9.339443,1.096096
worker_2,1663,1788087232.320186,50,9.551906,1.098368
worker_2,1664,1788087232.329779,50,9.538944,1.097344
worker_2,1665,1788087232.339354,50,9.546869,1.097408
worker_2,1666,1788087232.348937,50,9.562426,1.097312
worker_2,1667,1788087232.358536,50,9.548010,1.097984
worker_2,1668,1788087232.368121,50,9.549157,1.099008
worker_2,1669,1788087232.377717,50,9.537797,1.097952
worker_2,1670,1788087232.387297,50,9.533222,1.097632
worker_2,1671,1788087232.396868,50,9.542083,1.097472
worker_2,1672,1788087232.406448,50,9.554519,1.098752
worker_2,1673,1788087232.416042,50,9.540176,1.096096
worker_2,1674,1788087232.425620,50,9.544481,1.098592
worker_2,1675,1788087232.435201,50,9.533259,1.097408
worker_2,1676,1788087232.444771,50,9.565491,1.096384
worker_2,1677,1788087232.454369,50,9.548055,1.099296
worker_2,1678,1788087232.463954,50,9.544008,1.098816
worker_2,1679,1788087232.473534,50,9.540195,1.097472
worker_2,1680,1788087232.483113,50,9.543166,1.099424
worker_2,1681,1788087232.492693,50,9.549786,1.098880
worker_2,1682,1788087232.502282,50,9.546233,1.097472
worker_2,1683,1788087232.511950,50,9.453379,1.096992
worker_2,1684,1788087232.521441,50,9.547111,1.097600
worker_2,1685,1788087232.531025,50,9.541520,1.100128
worker_2,1686,1788087232.540604,50,9.555825,1.098176
worker_2,1687,1788087232.550195,50,9.566074,1.104160
worker_2,1688,1788087232.559801,50,9.529861,1.095328
worker_2,1689,1788087232.569372,50,9.550964,1.098080
worker_2,1690,1788087232.578961,50,9.537139,1.097504
worker_2,1691,1788087232.588537,50,9.542657,1.097184
worker_2,1692,1788087232.598116,50,9.539352,1.099168
worker_2,1693,1788087232.607694,50,9.540546,1.096960
worker_2,1694,1788087232.617274,50,9.543834,1.096864
worker_2,1695,1788087232.626857,50,9.544871,1.097952
worker_2,1696,1788087232.636441,50,9.549788,1.096864
worker_2,1697,1788087232.646027,50,9.543712,1.097248
worker_2,1698,1788087232.655609,50,9.532759,1.097152
worker_2,1699,1788087232.665179,50,9.714262,1.097344
worker_2,1700,1788087232.674932,50,9.496472,1.104704
worker_2,1701,1788087232.684461,50,9.472240,1.097536
worker_2,1702,1788087232.693969,50,9.540214,1.096384
worker_2,1703,1788087232.703545,50,9.543537,1.097920
worker_2,1704,1788087232.713123,50,9.540315,1.097408
worker_2,1705,1788087232.722698,50,9.559482,1.097376
worker_2,1706,1788087232.732294,50,9.547047,1.100704
worker_2,1707,1788087232.741879,50,9.556962,1.098848
worker_2,1708,1788087232.751484,50,9.545101,1.096576
worker_2,1709,1788087232.761066,50,9.544584,1.099232
worker_2,1710,1788087232.770648,50,9.552510,1.098336
worker_2,1711,1788087232.780249,50,9.549889,1.101504
worker_2,1712,1788087232.789838,50,9.534916,1.096960
worker_2,1713,1788087232.799411,50,9.570899,1.099904
worker_2,1714,1788087232.809018,50,9.546223,1.096576
worker_2,1715,1788087232.818601,50,9.563760,1.099872
worker_2,1716,1788087232.828200,50,9.731409,1.099168
worker_2,1717,1788087232.837975,50,9.391980,1.097088
worker_2,1718,1788087232.847414,50,9.526305,1.101536
worker_2,1719,1788087232.856979,50,9.531409,1.096736
worker_2,1720,1788087232.866552,50,9.549769,1.096576
worker_2,1721,1788087232.876139,50,9.534704,1.097408
worker_2,1722,1788087232.885710,50,9.549083,1.096544
worker_2,1723,1788087232.895298,50,9.567851,1.101248
worker_2,1724,1788087232.904902,50,9.545814,1.096768
worker_2,1725,1788087232.914484,50,9.563361,1.097216
worker_2,1726,1788087232.924083,50,9.718001,1.098112
worker_2,1727,1788087232.933843,50,9.385748,1.097888
worker_2,1728,1788087232.943289,50,9.513870,1.099232
worker_2,1729,1788087232.952843,50,9.538214,1.097440
worker_2,1730,1788087232.962419,50,9.537860,1.095904
worker_2,1731,1788087232.971993,50,9.568832,1.108064
worker_2,1732,1788087232.981599,50,9.529916,1.097344
worker_2,1733,1788087232.991166,50,9.540684,1.097312
worker_2,1734,1788087233.000746,50,9.540944,1.097088
worker_2,1735,1788087233.010325,50,9.550629,1.098272
worker_2,1736,1788087233.019912,50,9.545730,1.098688
worker_2,1737,1788087233.029495,50,9.550565,1.097408
worker_2,1738,1788087233.039079,50,9.548426,1.097184
worker_2,1739,1788087233.048665,50,9.546621,1.096896
worker_2,1740,1788087233.058251,50,9.539879,1.098720
worker_2,1741,1788087233.067826,50,9.573601,1.101312
worker_2,1742,1788087233.077435,50,9.544083,1.097152
worker_2,1743,1788087233.087019,50,9.545686,1.097760
worker_2,1744,1788087233.096605,50,9.541500,1.099136
worker_2,1745,1788087233.106184,50,9.539185,1.096000
worker_2,1746,1788087233.115762,50,9.547797,1.100832
worker_2,1747,1788087233.125359,50,9.539583,1.096288
worker_2,1748,1788087233.134933,50,9.551852,1.096928
worker_2,1749,1788087233.144522,50,9.542148,1.097376
worker_2,1750,1788087233.154098,50,9.590325,1.098400
worker_2,1751,1788087233.163727,50,9.727391,1.099648
worker_2,1752,1788087233.173501,50,9.570250,1.102560
worker_2,1753,1788087233.183118,50,9.357655,1.096992
worker_2,1754,1788087233.192513,50,9.548481,1.099744
worker_2,1755,1788087233.202100,50,9.561092,1.096480
worker_2,1756,1788087233.211699,50,9.538500,1.099776
worker_2,1757,1788087233.221275,50,9.547593,1.097024
worker_2,1758,1788087233.230858,50,9.547880,1.099264
worker_2,1759,1788087233.240449,50,9.533083,1.097152
worker_2,1760,1788087233.250017,50,9.540491,1.095648
worker_2,1761,1788087233.259595,50,9.558250,1.097728
worker_2,1762,1788087233.269188,50,9.547945,1.097376
worker_2,1763,1788087233.278772,50,9.565482,1.100704
worker_2,1764,1788087233.288377,50,9.545583,1.098336
worker_2,1765,1788087233.297957,50,9.540240,1.096768
worker_2,1766,1788087233.307533,50,9.553446,1.098368
worker_2,1767,1788087233.317134,50,9.536602,1.098816
worker_2,1768,1788087233.326707,50,9.551519,1.097184
worker_2,1769,1788087233.336298,50,9.536805,1.096736
worker_2,1770,1788087233.345870,50,9.594195,1.098752
worker_2,1771,1788087233.355500,50,9.513464,1.097216
worker_2,1772,1788087233.365052,50,9.538537,1.095744
worker_2,1773,1788087233.374627,50,9.547138,1.097632
worker_2,1774,1788087233.384227,50,9.525797,1.098784
worker_2,1775,1788087233.393790,50,9.542092,1.096896
worker_2,1776,1788087233.403366,50,9.557806,1.101728
worker_2,1777,1788087233.412963,50,9.544992,1.097024
worker_2,1778,1788087233.422541,50,9.557733,1.097824
worker_2,1779,1788087233.432135,50,9.534009,1.096800
worker_2,1780,1788087233.441703,50,9.547676,1.095456
worker_2,1781,1788087233.451288,50,9.568890,1.098368
worker_2,1782,1788087233.460894,50,9.542018,1.098432
worker_2,1783,1788087233.470475,50,9.540407,1.097248
worker_2,1784,1788087233.480052,50,9.538316,1.099168
worker_2,1785,1788087233.489628,50,9.544028,1.096672
worker_2,1786,1788087233.499219,50,9.543444,1.099648
worker_2,1787,1788087233.508799,50,9.546537,1.099264
worker_2,1788,1788087233.518378,50,9.568779,1.098464
worker_2,1789,1788087233.527987,50,9.720150,1.098496
worker_2,1790,1788087233.537749,50,9.388026,1.098080
worker_2,1791,1788087233.547186,50,9.521861,1.101280
worker_2,1792,1788087233.556749,50,9.522334,1.096256
worker_2,1793,1788087233.566306,50,9.551148,1.096416
worker_2,1794,1788087233.575894,50,9.538816,1.097664
worker_2,1795,1788087233.585469,50,9.539092,1.098080
worker_2,1796,1788087233.595042,50,9.551648,1.096768
worker_2,1797,1788087233.604629,50,9.540908,1.096864
worker_2,1798,1788087233.614211,50,9.558751,1.099136
worker_2,1799,1788087233.623806,50,9.572360,1.102944
worker_2,1800,1788087233.633414,50,9.540712,1.097504
worker_2,1801,1788087233.642988,50,9.547166,1.098528
worker_2,1802,1788087233.652570,50,9.552204,1.097408
worker_2,1803,1788087233.662159,50,9.551314,1.099168
worker_2,1804,1788087233.671745,50,9.547370,1.097408
worker_2,1805,1788087233.681326,50,9.549204,1.098976
worker_2,1806,1788087233.690917,50,9.548834,1.099552
worker_2,1807,1788087233.700501,50,9.560268,1.097536
worker_2,1808,1788087233.710097,50,9.544648,1.097344
worker_2,1809,1788087233.719676,50,9.565722,1.096608
worker_2,1810,1788087233.729275,50,9.580658,1.097568
worker_2,1811,1788087233.738892,50,9.540621,1.098144
worker_2,1812,1788087233.748467,50,9.551842,1.098176
worker_2,1813,1788087233.758056,50,9.543361,1.098272
worker_2,1814,1788087233.767633,50,9.562389,1.097536
worker_2,1815,1788087233.777232,50,9.544973,1.097920
worker_2,1816,1788087233.786813,50,9.549259,1.097504
worker_2,1817,1788087233.796401,50,9.540927,1.097568
worker_2,1818,1788087233.805976,50,9.543806,1.096384
worker_2,1819,1788087233.815551,50,9.551046,1.098720
worker_2,1820,1788087233.825134,50,9.553389,1.097632
worker_2,1821,1788087233.834719,50,9.542241,1.099488
worker_2,1822,1788087233.844293,50,9.548249,1.096832
worker_2,1823,1788087233.853876,50,9.561491,1.097120
worker_2,1824,1788087233.863477,50,9.533278,1.099808
worker_2,1825,1788087233.873060,50,9.532305,1.096960
worker_2,1826,1788087233.882627,50,9.562389,1.097760
worker_2,1827,1788087233.892232,50,9.537962,1.097536
worker_2,1828,1788087233.901809,50,9.552260,1.096544
worker_2,1829,1788087233.911396,50,9.556464,1.098944
worker_2,1830,1788087233.920984,50,9.539630,1.096672
worker_2,1831,1788087233.930558,50,9.566705,1.097984
worker_2,1832,1788087233.940160,50,9.548946,1.098272
worker_2,1833,1788087233.949745,50,9.545537,1.098176
worker_2,1834,1788087233.959406,50,9.461704,1.096064
worker_2,1835,1788087233.968906,50,9.581908,1.098624
worker_2,1836,1788087233.978526,50,9.561695,1.097760
worker_2,1837,1788087233.988122,50,9.540343,1.099424
worker_2,1838,1788087233.997695,50,9.546036,1.095392
worker_2,1839,1788087234.007272,50,9.582259,1.100160
worker_2,1840,1788087234.016884,50,9.550047,1.098400
worker_2,1841,1788087234.026468,50,9.565825,1.095552
worker_2,1842,1788087234.036069,50,9.541398,1.096320
worker_2,1843,1788087234.045647,50,9.550880,1.097312
worker_2,1844,1788087234.055235,50,9.548084,1.098080
worker_2,1845,1788087234.064833,50,9.543140,1.095872
worker_2,1846,1788087234.074413,50,9.542713,1.098400
worker_2,1847,1788087234.083991,50,9.537787,1.096288
worker_2,1848,1788087234.093563,50,9.576704,1.096960
worker_2,1849,1788087234.103194,50,9.478424,1.097632
worker_2,1850,1788087234.112704,50,9.542742,1.095840
worker_2,1851,1788087234.122270,50,9.555695,1.097760
worker_2,1852,1788087234.131844,50,9.559055,1.099040
worker_2,1853,1788087234.141419,50,9.584575,1.096512
worker_2,1854,1788087234.151026,50,9.552528,1.096736
worker_2,1855,1788087234.160596,50,9.573805,1.097248
worker_2,1856,1788087234.170191,50,9.561908,1.097056
worker_2,1857,1788087234.179770,50,9.560214,1.097856
worker_2,1858,1788087234.189349,50,9.589575,1.096832
worker_2,1859,1788087234.198954,50,9.569723,1.099552
worker_2,1860,1788087234.208539,50,9.587638,1.097728
worker_2,1861,1788087234.218146,50,9.555472,1.097472
worker_2,1862,1788087234.227719,50,9.573214,1.098368
worker_2,1863,1788087234.237309,50,9.569695,1.097792
worker_2,1864,1788087234.246899,50,9.564935,1.099168
worker_2,1865,1788087234.256483,50,9.570250,1.096832
worker_2,1866,1788087234.266077,50,9.765085,1.098016
worker_2,1867,1788087234.275887,50,9.324868,1.099136
worker_2,1868,1788087234.285238,50,9.548861,1.097440
worker_2,1869,1788087234.294806,50,9.556288,1.097184
worker_2,1870,1788087234.304380,50,9.561833,1.097248
worker_2,1871,1788087234.313956,50,9.573139,1.098400
worker_2,1872,1788087234.323548,50,9.580047,1.097376
worker_2,1873,1788087234.333145,50,9.571935,1.097216
worker_2,1874,1788087234.342733,50,9.570685,1.098112
worker_2,1875,1788087234.352321,50,9.568833,1.098912
worker_2,1876,1788087234.361908,50,9.557249,1.096928
worker_2,1877,1788087234.371484,50,9.564140,1.098880
worker_2,1878,1788087234.381064,50,9.564481,1.096480
worker_2,1879,1788087234.390644,50,9.564129,1.098400
worker_2,1880,1788087234.400230,50,9.560695,1.095744
worker_2,1881,1788087234.409806,50,9.569871,1.098848
worker_2,1882,1788087234.419392,50,9.560000,1.099136
worker_2,1883,1788087234.428968,50,9.621621,1.096928
worker_2,1884,1788087234.438638,50,9.511573,1.099360
worker_2,1885,1788087234.448172,50,9.592370,1.097408
worker_2,1886,1788087234.457792,50,9.543703,1.098208
worker_2,1887,1788087234.467357,50,9.585527,1.098144
worker_2,1888,1788087234.476960,50,9.550092,1.097792
worker_2,1889,1788087234.486527,50,9.578028,1.097792
worker_2,1890,1788087234.496121,50,9.570278,1.104064
worker_2,1891,1788087234.505708,50,9.560065,1.098496
worker_2,1892,1788087234.515283,50,9.574890,1.099488
worker_2,1893,1788087234.524877,50,9.578649,1.096160
worker_2,1894,1788087234.534471,50,9.582195,1.098400
worker_2,1895,1788087234.544069,50,9.565593,1.096544
worker_2,1896,1788087234.553650,50,9.568788,1.099296
worker_2,1897,1788087234.563237,50,9.560797,1.099200
worker_2,1898,1788087234.572816,50,9.563148,1.097696
worker_2,1899,1788087234.582397,50,9.563455,1.097056
worker_2,1900,1788087234.591977,50,9.569491,1.097024
worker_2,1901,1788087234.601563,50,9.563398,1.097696
worker_2,1902,1788087234.611141,50,9.570490,1.098496
worker_2,1903,1788087234.620738,50,9.547194,1.096000
worker_2,1904,1788087234.630302,50,9.571371,1.095680
worker_2,1905,1788087234.639889,50,9.580297,1.100384
worker_2,1906,1788087234.649485,50,9.567657,1.096480
worker_2,1907,1788087234.659070,50,9.562065,1.096672
worker_2,1908,1788087234.668652,50,9.561352,1.096640
worker_2,1909,1788087234.678232,50,9.560787,1.097664
worker_2,1910,1788087234.687810,50,9.572685,1.097696
worker_2,1911,1788087234.697401,50,9.561251,1.097440
worker_2,1912,1788087234.706978,50,9.565454,1.097792
worker_2,1913,1788087234.716559,50,9.570787,1.096832
worker_2,1914,1788087234.726144,50,9.579075,1.096256
worker_2,1915,1788087234.735738,50,9.562316,1.097952
worker_2,1916,1788087234.745315,50,9.580398,1.096960
worker_2,1917,1788087234.754912,50,9.775438,1.097152
worker_2,1918,1788087234.764736,50,9.535714,1.097280
worker_2,1919,1788087234.774318,50,9.537333,1.096448
worker_2,1920,1788087234.783901,50,9.531185,1.095360
worker_2,1921,1788087234.793477,50,9.356933,1.098656
worker_2,1922,1788087234.802858,50,9.562195,1.102336
worker_2,1923,1788087234.812451,50,9.566233,1.099680
worker_2,1924,1788087234.822034,50,9.565380,1.098336
worker_2,1925,1788087234.831615,50,9.576297,1.097408
worker_2,1926,1788087234.841208,50,9.557871,1.097184
worker_2,1927,1788087234.850781,50,9.575445,1.098688
worker_2,1928,1788087234.860374,50,9.764640,1.097632
worker_2,1929,1788087234.870186,50,9.345238,1.097472
worker_2,1930,1788087234.879557,50,9.562917,1.100096
worker_2,1931,1788087234.889138,50,9.561583,1.098592
worker_2,1932,1788087234.898715,50,9.564527,1.096064
worker_2,1933,1788087234.908295,50,9.569833,1.096512
worker_2,1934,1788087234.917879,50,9.565640,1.098240
worker_2,1935,1788087234.927459,50,9.563888,1.096128
worker_2,1936,1788087234.937039,50,9.564638,1.098048
worker_2,1937,1788087234.946618,50,9.781697,1.096672
worker_2,1938,1788087234.956446,50,9.534712,1.097632
worker_2,1939,1788087234.966026,50,9.530666,1.097280
worker_2,1940,1788087234.975602,50,9.535008,1.098560
worker_2,1941,1788087234.985185,50,9.541871,1.098304
worker_2,1942,1788087234.994785,50,9.321054,1.098912
worker_2,1943,1788087235.004132,50,9.559259,1.103584
worker_2,1944,1788087235.013709,50,9.563815,1.098496
worker_2,1945,1788087235.023289,50,9.563232,1.097824
worker_2,1946,1788087235.032868,50,9.594704,1.099328
worker_2,1947,1788087235.042478,50,9.586046,1.097184
worker_2,1948,1788087235.052078,50,9.799845,1.097856
worker_2,1949,1788087235.061929,50,9.509435,1.097504
worker_2,1950,1788087235.071483,50,9.536982,1.096352
worker_2,1951,1788087235.081067,50,9.538555,1.095808
worker_2,1952,1788087235.090655,50,9.517093,1.096672
worker_2,1953,1788087235.100239,50,9.518425,1.097728
worker_2,1954,1788087235.109803,50,9.542897,1.097952
worker_2,1955,1788087235.119393,50,9.536074,1.097344
worker_2,1956,1788087235.128975,50,9.540787,1.095712
worker_2,1957,1788087235.138563,50,9.534398,1.097120
worker_2,1958,1788087235.148144,50,9.540111,1.101088
worker_2,1959,1788087235.157730,50,9.538741,1.097088
worker_2,1960,1788087235.167314,50,9.543306,1.099360
worker_2,1961,1788087235.176903,50,9.532694,1.097760
worker_2,1962,1788087235.186496,50,9.520880,1.097408
worker_2,1963,1788087235.196064,50,9.535917,1.099008
worker_2,1964,1788087235.205647,50,9.530001,1.097344
worker_2,1965,1788087235.215225,50,9.333379,1.102752
worker_2,1966,1788087235.224586,50,9.567148,1.098752
worker_2,1967,1788087235.234171,50,9.566138,1.095712
worker_2,1968,1788087235.243753,50,9.585909,1.098432
worker_2,1969,1788087235.253353,50,9.561658,1.096256
worker_2,1970,1788087235.262929,50,9.575990,1.098400
worker_2,1971,1788087235.272521,50,9.580788,1.098560
worker_2,1972,1788087235.282116,50,9.559464,1.097312
worker_2,1973,1788087235.291691,50,9.795076,1.097792
worker_2,1974,1788087235.301535,50,9.519518,1.097440
worker_2,1975,1788087235.311101,50,9.546675,1.098496
worker_2,1976,1788087235.320694,50,9.541750,1.099040
worker_2,1977,1788087235.330282,50,9.550075,1.098080
worker_2,1978,1788087235.339879,50,9.523898,1.095840
worker_2,1979,1788087235.349449,50,9.481555,1.098048
worker_2,1980,1788087235.358955,50,9.421036,1.097984
worker_2,1981,1788087235.368407,50,9.554538,1.095712
worker_2,1982,1788087235.377978,50,9.573149,1.097824
worker_2,1983,1788087235.387568,50,9.776557,1.097568
worker_2,1984,1788087235.397393,50,9.550814,1.098816
worker_2,1985,1788087235.407074,50,9.448518,1.096800
worker_2,1986,1788087235.416572,50,9.535240,1.099424
worker_2,1987,1788087235.426155,50,9.529286,1.095712
worker_2,1988,1788087235.435730,50,9.540223,1.101728
worker_2,1989,1788087235.445317,50,9.527380,1.097920
worker_2,1990,1788087235.454890,50,9.393091,1.097472
worker_2,1991,1788087235.464332,50,9.471703,1.096512
worker_2,1992,1788087235.473827,50,9.759549,1.097120
worker_2,1993,1788087235.483634,50,9.321442,1.098912
worker_2,1994,1788087235.492980,50,9.788909,1.097376
worker_2,1995,1788087235.502816,50,9.336470,1.098656
worker_2,1996,1788087235.512177,50,9.758085,1.095392
worker_2,1997,1788087235.521982,50,9.327304,1.096640
worker_2,1998,1788087235.531334,50,9.786177,1.097440
worker_2,1999,1788087235.541166,50,9.324369,1.097088
worker_2,2000,1788087235.550514,50,9.771531,1.097440
worker_2,2001,1788087235.560344,50,9.313063,1.097472
worker_2,2002,1788087235.569684,50,9.754113,1.096896
worker_2,2003,1788087235.579486,50,9.325887,1.099840
worker_2,2004,1788087235.588835,50,9.549908,1.096000
worker_2,2005,1788087235.598402,50,9.783354,1.096832
worker_2,2006,1788087235.608244,50,9.315804,1.098560
worker_2,2007,1788087235.617585,50,9.556362,1.098464
worker_2,2008,1788087235.627159,50,9.588325,1.099392
worker_2,2009,1788087235.636765,50,9.559093,1.097088
worker_2,2010,1788087235.646339,50,9.580602,1.098240
worker_2,2011,1788087235.655934,50,9.571260,1.096736
worker_2,2012,1788087235.665520,50,9.567084,1.098496
worker_2,2013,1788087235.675103,50,9.562574,1.097856
worker_2,2014,1788087235.684680,50,9.562232,1.097024
worker_2,2015,1788087235.694257,50,9.568038,1.097760
worker_2,2016,1788087235.703840,50,9.775252,1.098048
worker_2,2017,1788087235.713664,50,9.544000,1.097280
worker_2,2018,1788087235.723257,50,9.530852,1.102624
worker_2,2019,1788087235.732833,50,9.532723,1.097248
worker_2,2020,1788087235.742426,50,9.539935,1.097728
worker_2,2021,1788087235.752015,50,9.540343,1.102304
worker_2,2022,1788087235.761602,50,9.548084,1.095296
worker_2,2023,1788087235.771198,50,9.536139,1.096512
worker_2,2024,1788087235.780779,50,9.531287,1.097056
worker_2,2025,1788087235.790357,50,9.546703,1.096832
worker_2,2026,1788087235.799954,50,9.531222,1.101568
worker_2,2027,1788087235.809534,50,9.542769,1.097024
worker_2,2028,1788087235.819123,50,9.549242,1.100928
worker_2,2029,1788087235.828719,50,9.341637,1.098784
worker_2,2030,1788087235.838085,50,9.767659,1.097696
worker_2,2031,1788087235.847899,50,9.346989,1.098432
worker_2,2032,1788087235.857271,50,9.762530,1.097504
worker_2,2033,1788087235.867082,50,9.337239,1.097984
worker_2,2034,1788087235.876446,50,9.767734,1.098528
worker_2,2035,1788087235.886261,50,9.329896,1.097312
worker_2,2036,1788087235.895616,50,9.766576,1.099136
worker_2,2037,1788087235.905431,50,9.327129,1.096256
worker_2,2038,1788087235.914783,50,9.786132,1.098624
worker_2,2039,1788087235.924621,50,9.322507,1.097792
worker_2,2040,1788087235.933981,50,9.753242,1.097408
worker_2,2041,1788087235.943782,50,9.340323,1.096928
worker_2,2042,1788087235.953147,50,9.774677,1.096544
worker_2,2043,1788087235.962970,50,9.525898,1.096864
worker_2,2044,1788087235.972542,50,9.538695,1.098976
worker_2,2045,1788087235.982126,50,9.551010,1.097728
worker_2,2046,1788087235.991725,50,9.321841,1.100256
worker_2,2047,1788087236.001072,50,9.553305,1.097408
worker_2,2048,1788087236.010644,50,9.571203,1.097312
worker_2,2049,1788087236.020234,50,9.568584,1.096576
worker_2,2050,1788087236.029818,50,9.567760,1.099072
worker_2,2051,1788087236.039402,50,9.573694,1.097120
worker_2,2052,1788087236.048991,50,9.577064,1.098816
worker_2,2053,1788087236.058583,50,9.776753,1.098208
worker_2,2054,1788087236.068411,50,9.533389,1.097888
worker_2,2055,1788087236.077992,50,9.535222,1.098752
worker_2,2056,1788087236.087574,50,9.527074,1.097408
worker_2,2057,1788087236.097148,50,9.552176,1.097440
worker_2,2058,1788087236.106748,50,9.537667,1.095776
worker_2,2059,1788087236.116344,50,9.526037,1.096192
worker_2,2060,1788087236.125918,50,9.549555,1.104352
worker_2,2061,1788087236.135517,50,9.530945,1.097120
worker_2,2062,1788087236.145100,50,9.549510,1.096928
worker_2,2063,1788087236.154698,50,9.541610,1.097792
worker_2,2064,1788087236.164288,50,9.534166,1.098720
worker_2,2065,1788087236.173869,50,9.542046,1.103328
worker_2,2066,1788087236.183458,50,9.330108,1.095232
worker_2,2067,1788087236.192813,50,9.766094,1.097856
worker_2,2068,1788087236.202626,50,9.328489,1.097312
worker_2,2069,1788087236.211979,50,9.759492,1.097632
worker_2,2070,1788087236.221786,50,9.327303,1.097120
worker_2,2071,1788087236.231139,50,9.564260,1.097792
worker_2,2072,1788087236.240721,50,9.564592,1.096352
worker_2,2073,1788087236.250302,50,9.564130,1.096512
worker_2,2074,1788087236.259881,50,9.557649,1.096832
worker_2,2075,1788087236.269455,50,9.573760,1.097760
worker_2,2076,1788087236.279045,50,9.569388,1.097824
worker_2,2077,1788087236.288632,50,9.565417,1.097376
worker_2,2078,1788087236.298213,50,9.571797,1.097856
worker_2,2079,1788087236.307821,50,9.557260,1.099392
worker_2,2080,1788087236.317394,50,9.781168,1.098048
worker_2,2081,1788087236.327222,50,9.531981,1.098080
worker_2,2082,1788087236.336801,50,9.358610,1.097536
worker_2,2083,1788087236.346186,50,9.553196,1.099584
worker_2,2084,1788087236.355757,50,9.589788,1.097472
worker_2,2085,1788087236.365364,50,9.573862,1.097760
worker_2,2086,1788087236.374954,50,9.766641,1.097248
