label,batch,start_unix_s,operations,wall_ms,cuda_batch_ms
worker_1,0,1788086919.530784,50,7.488182,7.286720
worker_1,1,1788086919.538330,50,7.969806,7.884864
worker_1,2,1788086919.546333,50,7.786036,7.725856
worker_1,3,1788086919.554142,50,7.891204,7.838432
worker_1,4,1788086919.562051,50,7.763628,7.712320
worker_1,5,1788086919.569832,50,7.572478,7.506016
worker_1,6,1788086919.577434,50,7.514089,7.440832
worker_1,7,1788086919.584974,50,7.636090,7.555872
worker_1,8,1788086919.592632,50,7.838065,7.770752
worker_1,9,1788086919.600498,50,7.765102,7.669088
worker_1,10,1788086919.608302,50,7.923880,7.829824
worker_1,11,1788086919.616253,50,7.719008,7.602368
worker_1,12,1788086919.624007,50,8.004446,7.919776
worker_1,13,1788086919.632036,50,7.842750,7.777696
worker_1,14,1788086919.639904,50,7.924195,7.862048
worker_1,15,1788086919.647850,50,7.863167,7.806336
worker_1,16,1788086919.655737,50,7.731703,7.671936
worker_1,17,1788086919.663490,50,7.841880,7.788192
worker_1,18,1788086919.671354,50,7.737360,7.667680
worker_1,19,1788086919.679127,50,7.579748,7.498272
worker_1,20,1788086919.686732,50,7.693666,7.625920
worker_1,21,1788086919.694454,50,7.615424,7.550816
worker_1,22,1788086919.702092,50,7.698656,7.649952
worker_1,23,1788086919.709810,50,7.711184,7.661440
worker_1,24,1788086919.717541,50,7.662804,7.603840
worker_1,25,1788086919.725231,50,7.955409,7.870560
worker_1,26,1788086919.733218,50,7.652157,7.569248
worker_1,27,1788086919.740895,50,7.502709,7.444288
worker_1,28,1788086919.748417,50,7.527664,7.470752
worker_1,29,1788086919.755981,50,7.732175,7.669952
worker_1,30,1788086919.763737,50,7.869110,7.816064
worker_1,31,1788086919.771626,50,7.859687,7.805344
worker_1,32,1788086919.779508,50,7.700036,7.642016
worker_1,33,1788086919.787233,50,7.706517,7.645472
worker_1,34,1788086919.794964,50,7.577332,7.523872
worker_1,35,1788086919.802564,50,7.673277,7.619232
worker_1,36,1788086919.810259,50,7.286496,7.230688
worker_1,37,1788086919.817566,50,7.756204,7.700064
worker_1,38,1788086919.825346,50,7.416903,7.364704
worker_1,39,1788086919.832781,50,7.635729,7.583744
worker_1,40,1788086919.840437,50,7.706194,7.649952
worker_1,41,1788086919.848163,50,7.492210,7.443552
worker_1,42,1788086919.855675,50,7.539323,7.493728
worker_1,43,1788086919.863231,50,7.674332,7.624896
worker_1,44,1788086919.870923,50,7.665944,7.617024
worker_1,45,1788086919.878608,50,7.542460,7.492576
worker_1,46,1788086919.886169,50,7.293395,7.247424
worker_1,47,1788086919.893481,50,7.630850,7.587168
worker_1,48,1788086919.901129,50,7.863361,7.816032
worker_1,49,1788086919.909024,50,7.270949,7.219680
worker_1,50,1788086919.916313,50,7.662509,7.608224
worker_1,51,1788086919.923995,50,7.390395,7.333472
worker_1,52,1788086919.931409,50,7.717027,7.666688
worker_1,53,1788086919.939144,50,7.460099,7.411712
worker_1,54,1788086919.946625,50,7.675646,7.632640
worker_1,55,1788086919.954316,50,7.538711,7.493248
worker_1,56,1788086919.961872,50,7.680777,7.635872
worker_1,57,1788086919.969569,50,7.506109,7.455872
worker_1,58,1788086919.977094,50,7.893834,7.843744
worker_1,59,1788086919.985008,50,7.441331,7.396800
worker_1,60,1788086919.992466,50,7.850055,7.801952
worker_1,61,1788086920.000334,50,7.525099,7.481088
worker_1,62,1788086920.007877,50,7.847176,7.802560
worker_1,63,1788086920.015742,50,7.360126,7.308832
worker_1,64,1788086920.023124,50,7.714629,7.663232
worker_1,65,1788086920.030862,50,7.468312,7.422240
worker_1,66,1788086920.038350,50,7.893519,7.846784
worker_1,67,1788086920.046262,50,7.322570,7.270016
worker_1,68,1788086920.053621,50,7.902399,7.833728
worker_1,69,1788086920.061546,50,7.616294,7.541312
worker_1,70,1788086920.069193,50,7.997566,7.925024
worker_1,71,1788086920.077214,50,7.754750,7.698272
worker_1,72,1788086920.084989,50,7.688813,7.637088
worker_1,73,1788086920.092700,50,7.836676,7.784480
worker_1,74,1788086920.100556,50,7.647073,7.596864
worker_1,75,1788086920.108231,50,7.711368,7.663040
worker_1,76,1788086920.115961,50,7.683674,7.631552
worker_1,77,1788086920.123667,50,7.790037,7.742464
worker_1,78,1788086920.131477,50,7.608229,7.558784
worker_1,79,1788086920.139104,50,7.720184,7.673056
worker_1,80,1788086920.146842,50,7.666591,7.619776
worker_1,81,1788086920.154525,50,7.755721,7.710400
worker_1,82,1788086920.162298,50,7.496747,7.449056
worker_1,83,1788086920.169812,50,7.784434,7.727840
worker_1,84,1788086920.177616,50,7.564469,7.513248
worker_1,85,1788086920.185198,50,7.713740,7.670112
worker_1,86,1788086920.192930,50,7.681814,7.617440
worker_1,87,1788086920.200629,50,7.847028,7.781856
worker_1,88,1788086920.208509,50,7.603174,7.552096
worker_1,89,1788086920.216128,50,7.857685,7.807520
worker_1,90,1788086920.224007,50,7.664220,7.607040
worker_1,91,1788086920.231690,50,7.643581,7.592128
worker_1,92,1788086920.239356,50,6.878205,6.830432
worker_1,93,1788086920.246253,50,6.986798,6.942144
worker_1,94,1788086920.253255,50,6.860538,6.814112
worker_1,95,1788086920.260132,50,7.802721,7.755456
worker_1,96,1788086920.267952,50,7.542710,7.491520
worker_1,97,1788086920.275514,50,7.883083,7.834208
worker_1,98,1788086920.283415,50,7.891510,7.843648
worker_1,99,1788086920.291323,50,7.884788,7.834272
worker_1,100,1788086920.299227,50,7.798435,7.745088
worker_1,101,1788086920.307045,50,7.670296,7.624768
worker_1,102,1788086920.314732,50,7.864760,7.812224
worker_1,103,1788086920.322616,50,7.903176,7.856480
worker_1,104,1788086920.330538,50,7.769610,7.721920
worker_1,105,1788086920.338325,50,7.608823,7.561024
worker_1,106,1788086920.345953,50,7.667267,7.621920
worker_1,107,1788086920.353648,50,6.984151,6.935168
worker_1,108,1788086920.360651,50,7.083410,7.037024
worker_1,109,1788086920.367753,50,7.765610,7.717696
worker_1,110,1788086920.375538,50,7.700600,7.652416
worker_1,111,1788086920.383258,50,7.917750,7.864736
worker_1,112,1788086920.391194,50,7.806853,7.764064
worker_1,113,1788086920.399018,50,7.862268,7.816192
worker_1,114,1788086920.406898,50,7.894370,7.849344
worker_1,115,1788086920.414809,50,7.911594,7.862176
worker_1,116,1788086920.422738,50,7.889231,7.840992
worker_1,117,1788086920.430644,50,7.798704,7.753984
worker_1,118,1788086920.438458,50,7.687990,7.641600
worker_1,119,1788086920.446163,50,6.954030,6.899936
worker_1,120,1788086920.453135,50,7.698064,7.649600
worker_1,121,1788086920.460850,50,7.676869,7.629088
worker_1,122,1788086920.468545,50,7.582821,7.532608
worker_1,123,1788086920.476146,50,7.671286,7.622272
worker_1,124,1788086920.483834,50,7.716898,7.669824
worker_1,125,1788086920.491569,50,7.543562,7.500256
worker_1,126,1788086920.499130,50,7.656611,7.606176
worker_1,127,1788086920.506813,50,7.520164,7.473152
worker_1,128,1788086920.514353,50,7.716546,7.667456
worker_1,129,1788086920.522093,50,7.920761,7.871520
worker_1,130,1788086920.530033,50,7.618933,7.572128
worker_1,131,1788086920.537670,50,7.544211,7.492064
worker_1,132,1788086920.545238,50,7.747435,7.692384
worker_1,133,1788086920.553006,50,7.770258,7.718976
worker_1,134,1788086920.560796,50,7.694934,7.633024
worker_1,135,1788086920.568508,50,7.777536,7.676448
worker_1,136,1788086920.576331,50,7.848573,7.718944
worker_1,137,1788086920.584229,50,7.961066,7.838464
worker_1,138,1788086920.592242,50,7.982354,7.858272
worker_1,139,1788086920.600264,50,7.998029,7.846720
worker_1,140,1788086920.608312,50,7.953566,7.810336
worker_1,141,1788086920.616305,50,7.709203,7.594816
worker_1,142,1788086920.624054,50,7.933992,7.807680
worker_1,143,1788086920.632032,50,7.744490,7.601152
worker_1,144,1788086920.639813,50,7.888594,7.783776
worker_1,145,1788086920.647742,50,7.768064,7.659744
worker_1,146,1788086920.655556,50,7.789138,7.663104
worker_1,147,1788086920.663391,50,7.698896,7.571872
worker_1,148,1788086920.671129,50,7.925742,7.816672
worker_1,149,1788086920.679093,50,7.914168,7.813216
worker_1,150,1788086920.687044,50,7.945233,7.821408
worker_1,151,1788086920.695027,50,7.944779,7.834528
worker_1,152,1788086920.703002,50,8.051521,7.761632
worker_1,153,1788086920.711101,50,7.997575,7.850560
worker_1,154,1788086920.719140,50,8.002206,7.879936
worker_1,155,1788086920.727180,50,7.970205,7.868192
worker_1,156,1788086920.735285,50,7.855833,7.740832
worker_1,157,1788086920.743172,50,7.934066,7.830528
worker_1,158,1788086920.751138,50,7.872472,7.779840
worker_1,159,1788086920.759049,50,7.847240,7.742112
worker_1,160,1788086920.766932,50,7.908269,7.804032
worker_1,161,1788086920.774878,50,7.975714,7.872224
worker_1,162,1788086920.782890,50,7.893187,7.788672
worker_1,163,1788086920.790822,50,7.967362,7.860672
worker_1,164,1788086920.798830,50,7.949103,7.837824
worker_1,165,1788086920.806818,50,7.946612,7.841536
worker_1,166,1788086920.814817,50,7.855000,7.755200
worker_1,167,1788086920.822704,50,7.901649,7.811904
worker_1,168,1788086920.830634,50,7.913788,7.826592
worker_1,169,1788086920.838578,50,7.950529,7.866976
worker_1,170,1788086920.846560,50,7.929916,7.833376
worker_1,171,1788086920.854527,50,7.974556,7.872000
worker_1,172,1788086920.862539,50,8.036798,7.754688
worker_1,173,1788086920.870621,50,7.955195,7.824224
worker_1,174,1788086920.878614,50,8.007908,7.896128
worker_1,175,1788086920.886661,50,7.928501,7.821312
worker_1,176,1788086920.894627,50,7.934668,7.832064
worker_1,177,1788086920.902599,50,7.601952,7.493952
worker_1,178,1788086920.910241,50,7.491839,7.238144
worker_1,179,1788086920.917772,50,7.626562,7.511488
worker_1,180,1788086920.925436,50,7.642136,7.452992
worker_1,181,1788086920.933113,50,7.880640,7.652416
worker_1,182,1788086920.941031,50,7.618609,7.505248
worker_1,183,1788086920.948688,50,7.760759,7.531200
worker_1,184,1788086920.956498,50,7.698600,7.404160
worker_1,185,1788086920.964272,50,7.898250,7.681248
worker_1,186,1788086920.972233,50,7.768870,7.491328
worker_1,187,1788086920.980042,50,7.994288,7.738240
worker_1,188,1788086920.988073,50,7.682155,7.438912
worker_1,189,1788086920.995793,50,7.890750,7.698336
worker_1,190,1788086921.003721,50,7.777407,7.368160
worker_1,191,1788086921.011540,50,7.899296,7.777056
worker_1,192,1788086921.019480,50,7.746926,7.645984
worker_1,193,1788086921.027262,50,7.905019,7.799008
worker_1,194,1788086921.035206,50,7.813445,7.630240
worker_1,195,1788086921.043063,50,7.954029,7.805024
worker_1,196,1788086921.051055,50,7.712157,7.605408
worker_1,197,1788086921.058803,50,7.943992,7.839392
worker_1,198,1788086921.066783,50,7.733898,7.636032
worker_1,199,1788086921.074553,50,7.928972,7.827136
worker_1,200,1788086921.082523,50,7.837351,7.738976
worker_1,201,1788086921.090397,50,7.824278,7.734944
worker_1,202,1788086921.098255,50,7.876510,7.782944
worker_1,203,1788086921.106165,50,7.881066,7.787008
worker_1,204,1788086921.114080,50,7.922834,7.825824
worker_1,205,1788086921.122056,50,7.833944,7.726656
worker_1,206,1788086921.129927,50,7.887954,7.787008
worker_1,207,1788086921.137852,50,7.922854,7.623744
worker_1,208,1788086921.145819,50,7.866639,7.743616
worker_1,209,1788086921.153724,50,8.102429,7.823840
worker_1,210,1788086921.161870,50,7.770407,7.647392
worker_1,211,1788086921.169683,50,7.983492,7.875168
worker_1,212,1788086921.177705,50,7.951251,7.846656
worker_1,213,1788086921.185696,50,7.920862,7.807328
worker_1,214,1788086921.193654,50,7.996159,7.873344
worker_1,215,1788086921.201696,50,7.635146,7.538816
worker_1,216,1788086921.209370,50,8.140280,7.818688
worker_1,217,1788086921.217554,50,7.555221,7.437184
worker_1,218,1788086921.225145,50,7.727749,7.608960
worker_1,219,1788086921.232918,50,7.348848,7.180224
worker_1,220,1788086921.240314,50,7.868640,7.732480
worker_1,221,1788086921.248235,50,7.862463,7.744192
worker_1,222,1788086921.256135,50,7.834694,7.730624
worker_1,223,1788086921.264007,50,7.765306,7.638080
worker_1,224,1788086921.271832,50,7.833093,7.676256
worker_1,225,1788086921.279712,50,7.881352,7.752352
worker_1,226,1788086921.287630,50,7.786508,7.680064
worker_1,227,1788086921.295449,50,7.792685,7.690304
worker_1,228,1788086921.303276,50,7.845491,7.739040
worker_1,229,1788086921.311159,50,7.919297,7.788832
worker_1,230,1788086921.319114,50,7.801056,7.695584
worker_1,231,1788086921.326952,50,8.037103,7.750720
worker_1,232,1788086921.335037,50,7.836407,7.713184
worker_1,233,1788086921.342909,50,7.777564,7.497728
worker_1,234,1788086921.350731,50,7.579368,7.438816
worker_1,235,1788086921.358347,50,7.738498,7.451808
worker_1,236,1788086921.366130,50,7.256217,7.115168
worker_1,237,1788086921.373426,50,7.895853,7.781920
worker_1,238,1788086921.381359,50,7.836871,7.559744
worker_1,239,1788086921.389240,50,8.022760,7.859808
worker_1,240,1788086921.397307,50,7.775407,7.653536
worker_1,241,1788086921.405121,50,7.936093,7.832736
worker_1,242,1788086921.413096,50,7.684610,7.586688
worker_1,243,1788086921.420815,50,8.123058,7.858240
worker_1,244,1788086921.428995,50,7.962612,7.672416
worker_1,245,1788086921.437001,50,7.768046,7.638464
worker_1,246,1788086921.444806,50,7.379810,7.101024
worker_1,247,1788086921.452245,50,7.807693,7.505728
worker_1,248,1788086921.460099,50,6.088198,5.967264
worker_1,249,1788086921.466221,50,7.815841,7.718208
worker_1,250,1788086921.474075,50,7.671499,7.560704
worker_1,251,1788086921.481783,50,7.936122,7.834144
worker_1,252,1788086921.489756,50,7.353486,7.248896
worker_1,253,1788086921.497145,50,7.932909,7.831456
worker_1,254,1788086921.505115,50,7.352015,7.249696
worker_1,255,1788086921.512503,50,7.888242,7.786176
worker_1,256,1788086921.520430,50,7.661637,7.561888
worker_1,257,1788086921.528128,50,7.949695,7.844704
worker_1,258,1788086921.536116,50,7.757704,7.651968
worker_1,259,1788086921.543911,50,7.979843,7.881664
worker_1,260,1788086921.551928,50,7.731360,7.610944
worker_1,261,1788086921.559710,50,8.074132,7.922528
worker_1,262,1788086921.567822,50,7.591498,7.488864
worker_1,263,1788086921.575458,50,7.942288,7.840128
worker_1,264,1788086921.583442,50,7.755665,7.647936
worker_1,265,1788086921.591236,50,7.976334,7.876128
worker_1,266,1788086921.599246,50,7.765712,7.671936
worker_1,267,1788086921.607049,50,8.152050,7.836224
worker_1,268,1788086921.615242,50,7.768869,7.631200
worker_1,269,1788086921.623060,50,7.998363,7.871008
worker_1,270,1788086921.631097,50,7.773091,7.672256
worker_1,271,1788086921.638903,50,7.718962,7.619520
worker_1,272,1788086921.646659,50,7.699601,7.574432
worker_1,273,1788086921.654403,50,7.778323,7.631328
worker_1,274,1788086921.662229,50,7.831241,7.705088
worker_1,275,1788086921.670098,50,7.874250,7.748480
worker_1,276,1788086921.678021,50,7.729120,7.585120
worker_1,277,1788086921.685799,50,7.954631,7.807488
worker_1,278,1788086921.693804,50,7.836611,7.709472
worker_1,279,1788086921.701678,50,7.902981,7.771488
worker_1,280,1788086921.709626,50,7.942353,7.219136
worker_1,281,1788086921.717670,50,8.049011,7.920864
worker_1,282,1788086921.725756,50,7.768518,7.666624
worker_1,283,1788086921.733575,50,7.654259,7.551136
worker_1,284,1788086921.741267,50,7.109856,6.953824
worker_1,285,1788086921.748416,50,7.903084,7.799200
worker_1,286,1788086921.756359,50,7.664350,7.557216
worker_1,287,1788086921.764057,50,7.752519,7.659968
worker_1,288,1788086921.771844,50,8.117836,7.845728
worker_1,289,1788086921.780005,50,7.945761,7.827328
worker_1,290,1788086921.787986,50,7.720879,7.599104
worker_1,291,1788086921.795753,50,7.971714,7.849728
worker_1,292,1788086921.803759,50,7.721268,7.621088
worker_1,293,1788086921.811516,50,7.931010,7.833632
worker_1,294,1788086921.819482,50,7.689767,7.593952
worker_1,295,1788086921.827211,50,7.943751,7.843104
worker_1,296,1788086921.835188,50,7.334921,7.238752
worker_1,297,1788086921.842557,50,7.738415,7.637152
worker_1,298,1788086921.850334,50,7.870870,7.768000
worker_1,299,1788086921.858245,50,7.839121,7.729792
worker_1,300,1788086921.866121,50,7.987909,7.885184
worker_1,301,1788086921.874146,50,7.742453,7.642912
worker_1,302,1788086921.881932,50,8.017178,7.737632
worker_1,303,1788086921.889997,50,8.081660,7.758048
worker_1,304,1788086921.898125,50,7.985140,7.855328
worker_1,305,1788086921.906147,50,7.914927,7.814048
worker_1,306,1788086921.914099,50,7.875612,7.775040
worker_1,307,1788086921.922010,50,7.732138,7.632928
worker_1,308,1788086921.929780,50,7.941241,7.838944
worker_1,309,1788086921.937761,50,7.566451,7.464192
worker_1,310,1788086921.945452,50,7.771954,7.665184
worker_1,311,1788086921.953259,50,7.628859,7.531584
worker_1,312,1788086921.960923,50,7.777379,7.674336
worker_1,313,1788086921.968735,50,7.761074,7.654048
worker_1,314,1788086921.976533,50,8.049159,7.768768
worker_1,315,1788086921.984626,50,7.924927,7.616992
worker_1,316,1788086921.992594,50,8.098428,7.803488
worker_1,317,1788086922.000735,50,7.762398,7.641728
worker_1,318,1788086922.008537,50,7.993834,7.871584
worker_1,319,1788086922.016574,50,7.971538,7.677120
worker_1,320,1788086922.024589,50,8.121141,7.828768
worker_1,321,1788086922.032753,50,7.778602,7.484160
worker_1,322,1788086922.040590,50,7.950696,7.640928
worker_1,323,1788086922.048584,50,6.221108,6.084736
worker_1,324,1788086922.054837,50,7.774249,7.670592
worker_1,325,1788086922.062647,50,7.745352,7.616256
worker_1,326,1788086922.070440,50,8.027594,7.905120
worker_1,327,1788086922.078506,50,7.917611,7.813792
worker_1,328,1788086922.086460,50,7.792388,7.692928
worker_1,329,1788086922.094289,50,7.719342,7.595232
worker_1,330,1788086922.102054,50,8.242514,7.906912
worker_1,331,1788086922.110338,50,7.945538,7.820800
worker_1,332,1788086922.118324,50,7.844093,7.733920
worker_1,333,1788086922.126206,50,7.774306,7.673408
worker_1,334,1788086922.134016,50,7.614841,7.513824
worker_1,335,1788086922.141667,50,8.081335,7.791712
worker_1,336,1788086922.149791,50,7.790426,7.661920
worker_1,337,1788086922.157620,50,8.138512,7.863968
worker_1,338,1788086922.165803,50,7.743915,7.620000
worker_1,339,1788086922.173583,50,8.094280,7.827328
worker_1,340,1788086922.181720,50,7.746621,7.597120
worker_1,341,1788086922.189516,50,8.098307,7.826432
worker_1,342,1788086922.197659,50,7.758869,7.632416
worker_1,343,1788086922.205457,50,7.925436,7.820864
worker_1,344,1788086922.213421,50,7.760239,7.665600
worker_1,345,1788086922.221217,50,8.074354,7.802208
worker_1,346,1788086922.229335,50,7.744406,7.618944
worker_1,347,1788086922.237123,50,8.114993,7.827840
worker_1,348,1788086922.245281,50,7.826250,7.704256
worker_1,349,1788086922.253144,50,8.106826,7.828896
worker_1,350,1788086922.261295,50,7.657257,7.535456
worker_1,351,1788086922.268985,50,7.953779,7.848672
worker_1,352,1788086922.276977,50,7.755036,7.652000
worker_1,353,1788086922.284774,50,8.095771,7.824544
worker_1,354,1788086922.292914,50,8.824619,7.576960
worker_1,355,1788086922.301784,50,7.554201,6.998208
worker_1,356,1788086922.309379,50,4.507686,3.374656
worker_1,357,1788086922.313928,50,7.667304,7.548864
worker_1,358,1788086922.321636,50,7.750156,7.628256
worker_1,359,1788086922.329425,50,7.806861,7.703648
worker_1,360,1788086922.337268,50,7.725175,7.610816
worker_1,361,1788086922.345047,50,7.681175,7.536704
worker_1,362,1788086922.352779,50,7.899492,7.420544
worker_1,363,1788086922.360725,50,7.793360,7.655296
worker_1,364,1788086922.368559,50,7.776425,7.638464
worker_1,365,1788086922.376378,50,7.745638,7.618656
worker_1,366,1788086922.384163,50,7.842417,7.710496
worker_1,367,1788086922.392041,50,7.671776,7.432960
worker_1,368,1788086922.399758,50,7.875703,7.278816
worker_1,369,1788086922.407677,50,7.675787,7.418688
worker_1,370,1788086922.415395,50,7.817686,7.643712
worker_1,371,1788086922.423254,50,8.161105,7.634400
worker_1,372,1788086922.431459,50,7.921251,7.585824
worker_1,373,1788086922.439424,50,7.857074,7.716768
worker_1,374,1788086922.447323,50,7.753935,7.609824
worker_1,375,1788086922.455121,50,7.927324,7.640416
worker_1,376,1788086922.463088,50,8.022084,7.593024
worker_1,377,1788086922.471152,50,7.819074,7.696928
worker_1,378,1788086922.479000,50,7.740314,7.626432
worker_1,379,1788086922.486779,50,7.915834,7.786272
worker_1,380,1788086922.494750,50,7.675388,7.562272
worker_1,381,1788086922.502462,50,7.856297,7.606752
worker_1,382,1788086922.510355,50,7.656637,7.511872
worker_1,383,1788086922.518057,50,8.071142,7.676704
worker_1,384,1788086922.526175,50,7.793805,7.663936
worker_1,385,1788086922.534008,50,7.698703,7.571040
worker_1,386,1788086922.541757,50,7.809093,7.662784
worker_1,387,1788086922.549606,50,7.880760,7.753696
worker_1,388,1788086922.557528,50,7.908695,7.776160
worker_1,389,1788086922.565476,50,7.927713,7.813664
worker_1,390,1788086922.573443,50,7.882861,7.768768
worker_1,391,1788086922.581363,50,8.142095,7.864768
worker_1,392,1788086922.589549,50,7.807027,7.672608
worker_1,393,1788086922.597397,50,7.914982,7.796960
worker_1,394,1788086922.605355,50,7.832546,7.540000
worker_1,395,1788086922.613235,50,7.607802,7.449888
worker_1,396,1788086922.620889,50,7.957168,7.827744
worker_1,397,1788086922.628886,50,7.935510,7.826560
worker_1,398,1788086922.636860,50,8.060864,7.785792
worker_1,399,1788086922.644965,50,7.980835,7.857600
worker_1,400,1788086922.652998,50,7.915094,7.823840
worker_1,401,1788086922.660948,50,8.039808,7.756416
worker_1,402,1788086922.669036,50,7.865444,7.722592
worker_1,403,1788086922.676939,50,7.755629,7.643168
worker_1,404,1788086922.684730,50,7.645859,7.508864
worker_1,405,1788086922.692422,50,7.968695,7.673792
worker_1,406,1788086922.700434,50,7.998696,7.701088
worker_1,407,1788086922.708476,50,7.761074,7.623840
worker_1,408,1788086922.716276,50,8.037289,7.771520
worker_1,409,1788086922.724358,50,7.602230,7.480864
worker_1,410,1788086922.732001,50,8.026446,7.755680
worker_1,411,1788086922.740071,50,7.931630,7.807488
worker_1,412,1788086922.748043,50,7.922769,7.798240
worker_1,413,1788086922.756013,50,7.755528,7.629568
worker_1,414,1788086922.763808,50,8.140132,7.867968
worker_1,415,1788086922.771993,50,7.773360,7.649312
worker_1,416,1788086922.779806,50,7.928028,7.825152
worker_1,417,1788086922.787775,50,7.611507,7.487232
worker_1,418,1788086922.795432,50,7.818323,7.523648
worker_1,419,1788086922.803313,50,7.777657,7.647008
worker_1,420,1788086922.811131,50,7.924733,7.809184
worker_1,421,1788086922.819098,50,7.923186,7.648224
worker_1,422,1788086922.827066,50,8.064521,7.848736
worker_1,423,1788086922.835177,50,7.674740,7.553984
worker_1,424,1788086922.842888,50,7.932520,7.833760
worker_1,425,1788086922.850859,50,7.931371,7.664448
worker_1,426,1788086922.858835,50,7.911009,7.792448
worker_1,427,1788086922.866786,50,7.937538,7.673472
worker_1,428,1788086922.874768,50,7.875111,7.754400
worker_1,429,1788086922.882687,50,7.915057,7.647072
worker_1,430,1788086922.890648,50,7.716786,7.602368
worker_1,431,1788086922.898403,50,7.542813,7.446272
worker_1,432,1788086922.905984,50,7.723221,7.627200
worker_1,433,1788086922.913745,50,7.792667,7.699008
worker_1,434,1788086922.921566,50,7.722313,7.608032
worker_1,435,1788086922.929333,50,7.809416,7.683712
worker_1,436,1788086922.937181,50,7.609489,7.494432
worker_1,437,1788086922.944822,50,7.617905,7.515360
worker_1,438,1788086922.952478,50,7.235245,7.139712
worker_1,439,1788086922.959755,50,7.083160,6.962208
worker_1,440,1788086922.966884,50,7.628433,7.505152
worker_1,441,1788086922.974547,50,7.709073,7.565792
worker_1,442,1788086922.982301,50,7.727017,7.239712
worker_1,443,1788086922.990062,50,7.624832,7.505984
worker_1,444,1788086922.997731,50,7.598619,7.471616
worker_1,445,1788086923.005365,50,7.849880,7.726112
worker_1,446,1788086923.013262,50,7.998206,7.702816
worker_1,447,1788086923.021302,50,8.017196,7.707936
worker_1,448,1788086923.029365,50,7.985676,7.663264
worker_1,449,1788086923.037399,50,7.912148,7.582432
worker_1,450,1788086923.045362,50,7.854611,7.524736
worker_1,451,1788086923.053266,50,7.967010,7.845856
worker_1,452,1788086923.061259,50,7.768408,7.489984
worker_1,453,1788086923.069077,50,8.000288,7.876608
worker_1,454,1788086923.077104,50,7.575720,7.522976
worker_1,455,1788086923.084701,50,8.064271,7.809696
worker_1,456,1788086923.092814,50,7.718324,7.596928
worker_1,457,1788086923.100561,50,7.917741,7.862336
worker_1,458,1788086923.108508,50,7.645979,7.598400
worker_1,459,1788086923.116173,50,8.118567,7.858208
worker_1,460,1788086923.124341,50,7.709620,7.586336
worker_1,461,1788086923.132078,50,7.863065,7.807392
worker_1,462,1788086923.139960,50,7.510367,7.461280
worker_1,463,1788086923.147489,50,7.746147,7.696608
worker_1,464,1788086923.155341,50,7.601693,7.543616
worker_1,465,1788086923.162966,50,7.884472,7.834016
worker_1,466,1788086923.170874,50,7.864324,7.606656
worker_1,467,1788086923.178788,50,8.212263,7.855616
worker_1,468,1788086923.187050,50,7.739833,7.617024
worker_1,469,1788086923.194817,50,8.092586,7.821760
worker_1,470,1788086923.202958,50,7.866306,7.540672
worker_1,471,1788086923.210874,50,8.286152,7.947616
worker_1,472,1788086923.219209,50,7.909928,7.584384
worker_1,473,1788086923.227168,50,8.039056,7.915968
worker_1,474,1788086923.235236,50,7.694832,7.427168
worker_1,475,1788086923.242979,50,8.274688,7.925344
worker_1,476,1788086923.251302,50,7.860083,7.519232
worker_1,477,1788086923.259212,50,8.047188,7.921088
worker_1,478,1788086923.267302,50,7.634202,7.581568
worker_1,479,1788086923.274956,50,8.063123,7.813376
worker_1,480,1788086923.283069,50,7.833074,7.715328
worker_1,481,1788086923.290928,50,8.085445,7.822176
worker_1,482,1788086923.299061,50,7.677859,7.556800
worker_1,483,1788086923.306765,50,8.092521,7.814240
worker_1,484,1788086923.314905,50,7.731971,7.598976
worker_1,485,1788086923.322663,50,7.911816,7.728960
worker_1,486,1788086923.330596,50,7.511979,7.333280
worker_1,487,1788086923.338126,50,7.871241,7.690752
worker_1,488,1788086923.346017,50,7.460960,7.280128
worker_1,489,1788086923.353497,50,8.031003,7.767456
worker_1,490,1788086923.361578,50,7.511349,7.174144
worker_1,491,1788086923.369138,50,8.301365,7.978752
worker_1,492,1788086923.377488,50,7.793000,7.466592
worker_1,493,1788086923.385330,50,8.283439,7.958080
worker_1,494,1788086923.393664,50,7.997678,7.675712
worker_1,495,1788086923.401711,50,8.024788,7.902880
worker_1,496,1788086923.409764,50,7.944362,7.678816
worker_1,497,1788086923.417771,50,8.071827,7.743040
worker_1,498,1788086923.425891,50,8.130613,7.808960
worker_1,499,1788086923.434069,50,7.903157,7.784224
worker_1,500,1788086923.441997,50,8.124438,7.840608
worker_1,501,1788086923.450171,50,7.745907,7.597216
worker_1,502,1788086923.457959,50,8.155298,7.866176
worker_1,503,1788086923.466162,50,7.747842,7.422464
worker_1,504,1788086923.473960,50,7.987298,7.864832
worker_1,505,1788086923.481973,50,7.815723,7.548576
worker_1,506,1788086923.489837,50,8.026613,7.903040
worker_1,507,1788086923.497890,50,7.711332,7.444832
worker_1,508,1788086923.505648,50,8.287115,7.941664
worker_1,509,1788086923.513984,50,7.876722,7.541504
worker_1,510,1788086923.521909,50,8.031688,7.911200
worker_1,511,1788086923.529968,50,7.602183,7.491200
worker_1,512,1788086923.537619,50,8.053834,7.931488
worker_1,513,1788086923.545703,50,7.817185,7.541536
worker_1,514,1788086923.553571,50,8.040178,7.919584
worker_1,515,1788086923.561638,50,7.572127,7.309760
worker_1,516,1788086923.569259,50,8.084011,7.936992
worker_1,517,1788086923.577381,50,7.721479,7.447456
worker_1,518,1788086923.585153,50,8.053899,7.922592
worker_1,519,1788086923.593233,50,7.778073,7.505344
worker_1,520,1788086923.601059,50,8.177188,7.835200
worker_1,521,1788086923.609286,50,7.636990,7.511840
worker_1,522,1788086923.616951,50,8.064343,7.796800
worker_1,523,1788086923.625066,50,7.659322,7.539808
worker_1,524,1788086923.632753,50,8.096613,7.828192
worker_1,525,1788086923.640898,50,7.733906,7.607072
worker_1,526,1788086923.648658,50,8.131688,7.870432
worker_1,527,1788086923.656836,50,7.716600,7.525632
worker_1,528,1788086923.664605,50,8.240929,7.899840
worker_1,529,1788086923.672893,50,7.963491,7.848096
worker_1,530,1788086923.680882,50,7.890435,7.839232
worker_1,531,1788086923.688790,50,7.579683,7.534496
worker_1,532,1788086923.696386,50,8.118428,7.847456
worker_1,533,1788086923.704553,50,7.724304,7.582560
worker_1,534,1788086923.712304,50,8.129974,7.853536
worker_1,535,1788086923.720482,50,7.679860,7.551872
worker_1,536,1788086923.728202,50,8.126586,7.829856
worker_1,537,1788086923.736375,50,7.664637,7.542400
worker_1,538,1788086923.744065,50,7.923733,7.870592
worker_1,539,1788086923.752008,50,7.494109,7.447040
worker_1,540,1788086923.759524,50,8.065613,7.803520
worker_1,541,1788086923.767638,50,7.759491,7.631904
worker_1,542,1788086923.775424,50,7.912898,7.859808
worker_1,543,1788086923.783357,50,7.580359,7.533760
worker_1,544,1788086923.790956,50,8.066151,7.804768
worker_1,545,1788086923.799073,50,7.720702,7.592800
worker_1,546,1788086923.806821,50,7.916713,7.857312
worker_1,547,1788086923.814758,50,7.569628,7.521056
worker_1,548,1788086923.822347,50,8.021502,7.756512
worker_1,549,1788086923.830419,50,7.848195,7.715136
worker_1,550,1788086923.838293,50,7.781471,7.676448
worker_1,551,1788086923.846114,50,8.115605,7.800416
worker_1,552,1788086923.854280,50,8.121660,7.788160
worker_1,553,1788086923.862452,50,8.233836,7.894816
worker_1,554,1788086923.870735,50,7.984187,7.863936
worker_1,555,1788086923.878745,50,8.145946,7.869856
worker_1,556,1788086923.886955,50,8.370523,8.029952
worker_1,557,1788086923.895373,50,8.056687,7.937504
worker_1,558,1788086923.903455,50,7.698963,7.635808
worker_1,559,1788086923.911170,50,7.937501,7.886208
worker_1,560,1788086923.919130,50,7.854398,7.781120
worker_1,561,1788086923.927019,50,8.044067,7.973440
worker_1,562,1788086923.935085,50,7.852435,7.802848
worker_1,563,1788086923.942955,50,7.955705,7.892736
worker_1,564,1788086923.950937,50,7.981408,7.928864
worker_1,565,1788086923.958936,50,7.892250,7.846976
worker_1,566,1788086923.966845,50,7.818028,7.765632
worker_1,567,1788086923.974679,50,7.899242,7.854208
worker_1,568,1788086923.982595,50,7.849861,7.781568
worker_1,569,1788086923.990478,50,7.935983,7.854176
worker_1,570,1788086923.998437,50,7.732036,7.680640
worker_1,571,1788086924.006188,50,7.638572,7.592672
worker_1,572,1788086924.013848,50,7.863556,7.817152
worker_1,573,1788086924.021728,50,7.732925,7.683104
worker_1,574,1788086924.029477,50,7.849510,7.803616
worker_1,575,1788086924.037356,50,7.670257,7.622624
worker_1,576,1788086924.045043,50,7.013354,6.965728
worker_1,577,1788086924.052076,50,7.370266,7.324064
worker_1,578,1788086924.059465,50,7.624304,7.575808
worker_1,579,1788086924.067108,50,7.108550,6.845376
worker_1,580,1788086924.074264,50,8.012799,7.887552
worker_1,581,1788086924.082306,50,7.745407,7.690048
worker_1,582,1788086924.090072,50,7.862732,7.812864
worker_1,583,1788086924.097953,50,7.721916,7.673440
worker_1,584,1788086924.105691,50,7.897233,7.847136
worker_1,585,1788086924.113608,50,7.800296,7.749984
worker_1,586,1788086924.121427,50,8.077659,7.811232
worker_1,587,1788086924.129550,50,7.940778,7.823712
worker_1,588,1788086924.137517,50,7.774971,7.721280
worker_1,589,1788086924.145312,50,7.758119,7.487520
worker_1,590,1788086924.153120,50,7.886675,7.764480
worker_1,591,1788086924.161035,50,7.729137,7.669952
worker_1,592,1788086924.168788,50,7.901102,7.847072
worker_1,593,1788086924.176709,50,7.894491,7.835104
worker_1,594,1788086924.184623,50,7.913908,7.658880
worker_1,595,1788086924.192600,50,8.080410,7.947680
worker_1,596,1788086924.200708,50,7.814239,7.762080
worker_1,597,1788086924.208545,50,8.091409,7.805088
worker_1,598,1788086924.216685,50,7.808869,7.681664
worker_1,599,1788086924.224519,50,8.112956,7.841408
worker_1,600,1788086924.232680,50,7.930659,7.794944
worker_1,601,1788086924.240639,50,8.107854,7.836512
worker_1,602,1788086924.248796,50,7.929676,7.793408
worker_1,603,1788086924.256752,50,7.923343,7.860608
worker_1,604,1788086924.264696,50,7.875250,7.585312
worker_1,605,1788086924.272620,50,8.056223,7.703968
worker_1,606,1788086924.280725,50,7.639692,7.520096
worker_1,607,1788086924.288391,50,7.870676,7.814208
worker_1,608,1788086924.296284,50,7.716405,7.663584
worker_1,609,1788086924.304019,50,8.099678,7.843168
worker_1,610,1788086924.312168,50,7.943815,7.802080
worker_1,611,1788086924.320139,50,7.953761,7.883456
worker_1,612,1788086924.328117,50,7.837454,7.788000
worker_1,613,1788086924.335972,50,8.083261,7.829248
worker_1,614,1788086924.344114,50,7.656211,7.535424
worker_1,615,1788086924.351796,50,7.748739,7.696320
worker_1,616,1788086924.359563,50,7.500071,7.450400
worker_1,617,1788086924.367080,50,7.726527,7.677664
worker_1,618,1788086924.374900,50,7.504479,7.447392
worker_1,619,1788086924.382424,50,7.711611,7.664608
worker_1,620,1788086924.390153,50,7.408275,7.358944
worker_1,621,1788086924.397603,50,7.763814,7.495904
worker_1,622,1788086924.405416,50,7.048132,6.928192
worker_1,623,1788086924.412489,50,7.706212,7.650240
worker_1,624,1788086924.420230,50,7.517841,7.461056
worker_1,625,1788086924.427767,50,7.855047,7.804288
worker_1,626,1788086924.435642,50,7.509719,7.464032
worker_1,627,1788086924.443167,50,7.850287,7.792672
worker_1,628,1788086924.451034,50,7.399014,7.355424
worker_1,629,1788086924.458449,50,7.537710,7.279040
worker_1,630,1788086924.466037,50,7.587841,7.467168
worker_1,631,1788086924.473651,50,7.735898,7.682016
worker_1,632,1788086924.481410,50,7.548247,7.502784
worker_1,633,1788086924.488975,50,7.489664,7.428032
worker_1,634,1788086924.496497,50,7.887020,7.451136
worker_1,635,1788086924.504435,50,7.824566,7.308768
worker_1,636,1788086924.512307,50,7.502053,7.213568
worker_1,637,1788086924.519837,50,6.717278,6.512512
worker_1,638,1788086924.526574,50,6.992771,6.840384
worker_1,639,1788086924.533586,50,7.518469,7.066816
worker_1,640,1788086924.541154,50,7.585831,7.396352
worker_1,641,1788086924.548791,50,7.742352,7.420192
worker_1,642,1788086924.556581,50,8.362459,7.917120
worker_1,643,1788086924.564991,50,7.871852,7.410112
worker_1,644,1788086924.572910,50,7.598017,7.353792
worker_1,645,1788086924.580534,50,7.363867,7.181664
worker_1,646,1788086924.587918,50,7.690526,7.516960
worker_1,647,1788086924.595628,50,7.479405,7.101664
worker_1,648,1788086924.603154,50,7.754045,7.514464
worker_1,649,1788086924.610934,50,7.630637,7.448896
worker_1,650,1788086924.618585,50,7.642489,7.469312
worker_1,651,1788086924.626247,50,7.600989,7.427072
worker_1,652,1788086924.633865,50,7.951667,7.554112
worker_1,653,1788086924.641877,50,8.007984,7.533664
worker_1,654,1788086924.649932,50,8.128660,7.635360
worker_1,655,1788086924.658106,50,7.903204,7.552960
worker_1,656,1788086924.666054,50,7.875547,7.419776
worker_1,657,1788086924.673977,50,7.831380,7.708832
worker_1,658,1788086924.681837,50,7.592128,7.533216
worker_1,659,1788086924.689450,50,7.695861,7.640320
worker_1,660,1788086924.697165,50,7.927659,7.879488
worker_1,661,1788086924.705111,50,7.679360,7.633600
worker_1,662,1788086924.712807,50,7.937807,7.892672
worker_1,663,1788086924.720759,50,7.709157,7.649056
worker_1,664,1788086924.728484,50,7.890852,7.844512
worker_1,665,1788086924.736390,50,7.236467,6.978688
worker_1,666,1788086924.743676,50,7.983705,7.657216
worker_1,667,1788086924.751709,50,7.818824,7.495200
worker_1,668,1788086924.759573,50,7.919891,7.599840
worker_1,669,1788086924.767538,50,7.575387,7.457920
worker_1,670,1788086924.775141,50,7.733212,7.676416
worker_1,671,1788086924.782897,50,7.641092,7.385632
worker_1,672,1788086924.790584,50,7.818251,7.687040
worker_1,673,1788086924.798449,50,7.395608,7.342816
worker_1,674,1788086924.805864,50,7.732481,7.470048
worker_1,675,1788086924.813647,50,7.919584,7.772928
worker_1,676,1788086924.821594,50,7.674952,7.611008
worker_1,677,1788086924.829292,50,7.435007,7.385824
worker_1,678,1788086924.836746,50,7.541859,7.493568
worker_1,679,1788086924.844305,50,7.742583,7.486400
worker_1,680,1788086924.852097,50,7.575638,7.454144
worker_1,681,1788086924.859700,50,7.579508,7.528416
worker_1,682,1788086924.867301,50,7.621100,7.573920
worker_1,683,1788086924.874939,50,7.811000,7.764768
worker_1,684,1788086924.882772,50,7.456460,7.401760
worker_1,685,1788086924.890247,50,7.588905,7.542304
worker_1,686,1788086924.897856,50,7.444524,7.398592
worker_1,687,1788086924.905316,50,7.602516,7.558080
worker_1,688,1788086924.912936,50,7.361978,7.313952
worker_1,689,1788086924.920316,50,7.545507,7.498400
worker_1,690,1788086924.927880,50,7.668360,7.622592
worker_1,691,1788086924.935568,50,7.349801,7.078176
worker_1,692,1788086924.942969,50,8.100400,7.767232
worker_1,693,1788086924.951118,50,7.851037,7.724000
worker_1,694,1788086924.959016,50,7.356200,7.300736
worker_1,695,1788086924.966393,50,7.495163,7.449568
worker_1,696,1788086924.973908,50,7.289838,7.032128
worker_1,697,1788086924.981249,50,7.865482,7.733088
worker_1,698,1788086924.989144,50,7.532599,7.471104
worker_1,699,1788086924.996703,50,7.730064,7.656960
worker_1,700,1788086925.004457,50,7.790722,7.734656
worker_1,701,1788086925.012269,50,7.627489,7.573504
worker_1,702,1788086925.019918,50,7.661220,7.608864
worker_1,703,1788086925.027601,50,7.708666,7.645024
worker_1,704,1788086925.035341,50,7.824695,7.768832
worker_1,705,1788086925.043187,50,7.867224,7.811776
worker_1,706,1788086925.051075,50,7.663673,7.616064
worker_1,707,1788086925.058758,50,7.869806,7.807232
worker_1,708,1788086925.066647,50,7.756656,7.708416
worker_1,709,1788086925.074421,50,7.841675,7.794016
worker_1,710,1788086925.082287,50,7.928677,7.873312
worker_1,711,1788086925.090238,50,7.831731,7.778016
worker_1,712,1788086925.098090,50,7.901324,7.849920
worker_1,713,1788086925.106011,50,7.663703,7.611264
worker_1,714,1788086925.113706,50,7.873565,7.821952
worker_1,715,1788086925.121599,50,7.796083,7.745504
worker_1,716,1788086925.129415,50,7.707471,7.655456
worker_1,717,1788086925.137141,50,7.646878,7.593984
worker_1,718,1788086925.144809,50,7.689305,7.638688
worker_1,719,1788086925.152518,50,7.619563,7.565440
worker_1,720,1788086925.160156,50,7.782638,7.731968
worker_1,721,1788086925.167958,50,7.573295,7.522240
worker_1,722,1788086925.175552,50,7.712139,7.659904
worker_1,723,1788086925.183285,50,7.586433,7.522752
worker_1,724,1788086925.190892,50,7.705981,7.657056
worker_1,725,1788086925.198619,50,7.843389,7.794656
worker_1,726,1788086925.206486,50,7.929270,7.876192
worker_1,727,1788086925.214435,50,7.970881,7.919840
worker_1,728,1788086925.222427,50,7.861760,7.811808
worker_1,729,1788086925.230308,50,7.664638,7.615680
worker_1,730,1788086925.237992,50,7.782277,7.729312
worker_1,731,1788086925.245795,50,7.830945,7.778912
worker_1,732,1788086925.253646,50,7.714879,7.665344
worker_1,733,1788086925.261389,50,7.878638,7.824288
worker_1,734,1788086925.269287,50,7.848972,7.800032
worker_1,735,1788086925.277156,50,7.700749,7.650400
worker_1,736,1788086925.284878,50,7.655702,7.607104
worker_1,737,1788086925.292552,50,7.687055,7.633152
worker_1,738,1788086925.300259,50,7.653675,7.576096
worker_1,739,1788086925.307954,50,7.519386,7.442112
worker_1,740,1788086925.315504,50,7.720906,7.665504
worker_1,741,1788086925.323257,50,7.726101,7.662592
worker_1,742,1788086925.331006,50,7.918148,7.855904
worker_1,743,1788086925.338947,50,7.726759,7.667232
worker_1,744,1788086925.346695,50,7.871751,7.820512
worker_1,745,1788086925.354589,50,7.805657,7.746496
worker_1,746,1788086925.362417,50,7.975131,7.925248
worker_1,747,1788086925.370414,50,7.706463,7.641856
worker_1,748,1788086925.378140,50,7.785101,7.721152
worker_1,749,1788086925.385947,50,7.825249,7.761152
worker_1,750,1788086925.393803,50,7.867279,7.805216
worker_1,751,1788086925.401691,50,7.699536,7.629120
worker_1,752,1788086925.409410,50,7.934620,7.860256
worker_1,753,1788086925.417386,50,7.797351,7.740384
worker_1,754,1788086925.425206,50,7.961547,7.904800
worker_1,755,1788086925.433190,50,7.555220,7.479456
worker_1,756,1788086925.440765,50,7.827528,7.773824
worker_1,757,1788086925.448613,50,7.771166,7.701760
worker_1,758,1788086925.456418,50,7.915963,7.842048
worker_1,759,1788086925.464355,50,7.894611,7.818944
worker_1,760,1788086925.472268,50,7.937371,7.885856
worker_1,761,1788086925.480234,50,7.755916,7.700032
worker_1,762,1788086925.488009,50,7.663166,7.612000
worker_1,763,1788086925.495692,50,8.023677,7.821632
worker_1,764,1788086925.503736,50,7.747555,7.557920
worker_1,765,1788086925.511503,50,7.985372,7.770464
worker_1,766,1788086925.519509,50,7.736573,7.574528
worker_1,767,1788086925.527278,50,7.886575,7.673248
worker_1,768,1788086925.535185,50,7.519507,7.420416
worker_1,769,1788086925.542723,50,7.838518,7.637248
worker_1,770,1788086925.550593,50,7.715064,7.500736
worker_1,771,1788086925.558336,50,8.001373,7.740960
worker_1,772,1788086925.566483,50,7.759268,7.563936
worker_1,773,1788086925.574268,50,7.904288,7.849760
worker_1,774,1788086925.582195,50,7.689812,7.637952
worker_1,775,1788086925.589905,50,7.792518,7.717024
worker_1,776,1788086925.597717,50,7.840268,7.778944
worker_1,777,1788086925.605577,50,7.916029,7.861440
worker_1,778,1788086925.613511,50,7.932741,7.879712
worker_1,779,1788086925.621464,50,7.892055,7.841472
worker_1,780,1788086925.629375,50,7.773453,7.715104
worker_1,781,1788086925.637177,50,7.888046,7.827968
worker_1,782,1788086925.645087,50,7.958103,7.906112
worker_1,783,1788086925.653064,50,7.878778,7.828992
worker_1,784,1788086925.660962,50,7.934019,7.869984
worker_1,785,1788086925.668915,50,7.864148,7.812384
worker_1,786,1788086925.676798,50,7.758527,7.705536
worker_1,787,1788086925.684576,50,7.695471,7.635200
worker_1,788,1788086925.692301,50,7.783027,7.728384
worker_1,789,1788086925.700117,50,7.585988,7.520160
worker_1,790,1788086925.707723,50,7.731490,7.679936
worker_1,791,1788086925.715487,50,7.694768,7.618752
worker_1,792,1788086925.723219,50,7.716888,7.665504
worker_1,793,1788086925.730955,50,7.731619,7.678336
worker_1,794,1788086925.738706,50,7.851120,7.799200
worker_1,795,1788086925.746588,50,7.783823,7.720640
worker_1,796,1788086925.754392,50,7.931307,7.881152
worker_1,797,1788086925.762343,50,7.694555,7.643872
worker_1,798,1788086925.770058,50,7.936668,7.884160
worker_1,799,1788086925.778014,50,7.910315,7.859328
worker_1,800,1788086925.785943,50,7.817167,7.626208
worker_1,801,1788086925.793778,50,7.909307,7.708736
worker_1,802,1788086925.801706,50,7.633804,7.512256
worker_1,803,1788086925.809358,50,7.711925,7.650624
worker_1,804,1788086925.817089,50,7.610924,7.423616
worker_1,805,1788086925.824718,50,7.950761,7.756608
worker_1,806,1788086925.832685,50,7.392673,7.343808
worker_1,807,1788086925.840095,50,7.874768,7.828544
worker_1,808,1788086925.847987,50,7.735758,7.690560
worker_1,809,1788086925.855739,50,8.147354,7.891328
worker_1,810,1788086925.863937,50,7.883658,7.758304
worker_1,811,1788086925.871862,50,8.167494,7.904992
worker_1,812,1788086925.880080,50,7.792463,7.672640
worker_1,813,1788086925.887902,50,7.947187,7.682624
worker_1,814,1788086925.895900,50,7.967936,7.841600
worker_1,815,1788086925.903895,50,7.904667,7.845216
worker_1,816,1788086925.911820,50,7.748804,7.697024
worker_1,817,1788086925.919588,50,7.860214,7.605952
worker_1,818,1788086925.927498,50,7.785906,7.669088
worker_1,819,1788086925.935310,50,7.817916,7.555840
worker_1,820,1788086925.943177,50,7.954964,7.632160
worker_1,821,1788086925.951182,50,7.878871,7.755008
worker_1,822,1788086925.959091,50,7.638340,7.580448
worker_1,823,1788086925.966750,50,7.895334,7.634272
worker_1,824,1788086925.974696,50,7.798269,7.675776
worker_1,825,1788086925.982520,50,7.638999,7.587136
worker_1,826,1788086925.990177,50,7.645137,7.599104
worker_1,827,1788086925.997840,50,7.775435,7.521600
worker_1,828,1788086926.005666,50,8.302153,7.972160
worker_1,829,1788086926.014018,50,8.122262,7.803712
worker_1,830,1788086926.022188,50,8.267235,7.944704
worker_1,831,1788086926.030516,50,7.851168,7.527744
worker_1,832,1788086926.038415,50,8.065289,7.939328
worker_1,833,1788086926.046506,50,7.754999,7.617280
worker_1,834,1788086926.054315,50,8.150947,7.979584
worker_1,835,1788086926.062494,50,7.695092,7.638688
worker_1,836,1788086926.070212,50,7.897093,7.849440
worker_1,837,1788086926.078127,50,7.710897,7.667392
worker_1,838,1788086926.085856,50,7.829445,7.570112
worker_1,839,1788086926.093737,50,7.879787,7.752096
worker_1,840,1788086926.101644,50,7.741749,7.680064
worker_1,841,1788086926.109407,50,7.809638,7.553792
worker_1,842,1788086926.117268,50,7.925464,7.802304
worker_1,843,1788086926.125221,50,7.986742,7.722432
worker_1,844,1788086926.133258,50,7.710740,7.588960
worker_1,845,1788086926.140995,50,7.722601,7.663968
worker_1,846,1788086926.148736,50,7.804332,7.755264
worker_1,847,1788086926.156556,50,7.857686,7.602976
worker_1,848,1788086926.164465,50,8.243699,7.919936
worker_1,849,1788086926.172755,50,7.905428,7.726944
worker_1,850,1788086926.180721,50,7.890158,7.762496
worker_1,851,1788086926.188641,50,7.601368,7.542496
worker_1,852,1788086926.196263,50,7.802380,7.753824
worker_1,853,1788086926.204084,50,7.618535,7.571840
worker_1,854,1788086926.211721,50,7.851704,7.798368
worker_1,855,1788086926.219594,50,7.351154,7.295904
worker_1,856,1788086926.226963,50,7.879491,7.831008
worker_1,857,1788086926.234861,50,7.379320,7.332256
worker_1,858,1788086926.242260,50,7.753555,7.705760
worker_1,859,1788086926.250033,50,7.423534,7.377888
worker_1,860,1788086926.257473,50,7.688785,7.639968
worker_1,861,1788086926.265183,50,7.539895,7.494048
worker_1,862,1788086926.272741,50,7.856648,7.810656
worker_1,863,1788086926.280615,50,7.899723,7.639040
worker_1,864,1788086926.288571,50,8.082428,7.738848
worker_1,865,1788086926.296704,50,8.128152,7.796512
worker_1,866,1788086926.304883,50,7.754239,7.612384
worker_1,867,1788086926.312667,50,7.721212,7.661344
worker_1,868,1788086926.320411,50,7.865621,7.807744
worker_1,869,1788086926.328296,50,7.783481,7.735136
worker_1,870,1788086926.336109,50,7.667239,7.615520
worker_1,871,1788086926.343798,50,7.485691,7.436448
worker_1,872,1788086926.351304,50,7.676646,7.630464
worker_1,873,1788086926.358999,50,7.813445,7.764864
worker_1,874,1788086926.366830,50,7.907407,7.858816
worker_1,875,1788086926.374754,50,7.917426,7.865568
worker_1,876,1788086926.382692,50,8.108401,7.838208
worker_1,877,1788086926.390849,50,8.014334,7.892672
worker_1,878,1788086926.398890,50,7.932990,7.879360
worker_1,879,1788086926.406845,50,7.529702,7.478816
worker_1,880,1788086926.414395,50,7.843047,7.794080
worker_1,881,1788086926.422255,50,7.469460,7.421632
worker_1,882,1788086926.429742,50,8.064983,7.788800
worker_1,883,1788086926.437858,50,7.740416,7.618400
worker_1,884,1788086926.445627,50,8.045419,7.779360
worker_1,885,1788086926.453722,50,7.807028,7.684768
worker_1,886,1788086926.461558,50,7.909113,7.846240
worker_1,887,1788086926.469488,50,7.574804,7.523264
worker_1,888,1788086926.477080,50,7.619192,7.562848
worker_1,889,1788086926.484739,50,7.702157,7.621056
worker_1,890,1788086926.492471,50,7.885815,7.610336
worker_1,891,1788086926.500407,50,8.238077,7.904160
worker_1,892,1788086926.508695,50,8.050853,7.723008
worker_1,893,1788086926.516795,50,8.029223,7.908800
worker_1,894,1788086926.524856,50,7.866427,7.808288
worker_1,895,1788086926.532744,50,7.962640,7.702048
worker_1,896,1788086926.540754,50,8.087345,7.767968
worker_1,897,1788086926.548887,50,7.984568,7.663520
worker_1,898,1788086926.556922,50,7.686952,7.553856
worker_1,899,1788086926.564637,50,7.699822,7.641888
worker_1,900,1788086926.572360,50,7.808371,7.758464
worker_1,901,1788086926.580189,50,7.513674,7.434208
worker_1,902,1788086926.587739,50,7.779656,7.570848
worker_1,903,1788086926.595542,50,7.461302,7.272704
worker_1,904,1788086926.603023,50,7.768795,7.636128
worker_1,905,1788086926.610831,50,7.639341,7.450560
worker_1,906,1788086926.618489,50,7.720424,7.534912
worker_1,907,1788086926.626227,50,7.799962,7.615616
worker_1,908,1788086926.634043,50,7.577961,7.191040
worker_1,909,1788086926.641685,50,8.075335,7.752608
worker_1,910,1788086926.649810,50,7.837426,7.720768
worker_1,911,1788086926.657675,50,7.962067,7.905120
worker_1,912,1788086926.665656,50,7.712388,7.667904
worker_1,913,1788086926.673386,50,7.873510,7.827936
worker_1,914,1788086926.681278,50,7.958297,7.689312
worker_1,915,1788086926.689287,50,8.277031,7.955264
worker_1,916,1788086926.697612,50,7.957195,7.627744
worker_1,917,1788086926.705618,50,7.961502,7.801792
worker_1,918,1788086926.713629,50,7.730907,7.632512
worker_1,919,1788086926.721388,50,7.879011,7.821568
worker_1,920,1788086926.729289,50,7.719731,7.671584
worker_1,921,1788086926.737027,50,8.058058,7.804768
worker_1,922,1788086926.745137,50,8.092113,7.767424
worker_1,923,1788086926.753278,50,8.049112,7.926848
worker_1,924,1788086926.761354,50,7.560572,7.503200
worker_1,925,1788086926.768936,50,7.566322,7.507008
worker_1,926,1788086926.776623,50,7.942288,7.678112
worker_1,927,1788086926.784615,50,7.915667,7.596640
worker_1,928,1788086926.792592,50,8.049502,7.729024
worker_1,929,1788086926.800691,50,7.950057,7.626560
worker_1,930,1788086926.808689,50,7.807806,7.676416
worker_1,931,1788086926.816524,50,7.737824,7.422656
worker_1,932,1788086926.824313,50,7.868084,7.748992
worker_1,933,1788086926.832215,50,7.699481,7.569280
worker_1,934,1788086926.839967,50,8.258411,7.920960
worker_1,935,1788086926.848277,50,7.828630,7.710016
worker_1,936,1788086926.856131,50,7.893603,7.839168
worker_1,937,1788086926.864045,50,7.965501,7.916000
worker_1,938,1788086926.872031,50,7.863500,7.814080
worker_1,939,1788086926.879913,50,7.867416,7.817472
worker_1,940,1788086926.887801,50,7.931103,7.883776
worker_1,941,1788086926.895750,50,8.024613,7.718144
worker_1,942,1788086926.903826,50,7.908389,7.783264
worker_1,943,1788086926.911762,50,7.811952,7.755136
worker_1,944,1788086926.919593,50,7.665267,7.614560
worker_1,945,1788086926.927276,50,7.786332,7.740512
worker_1,946,1788086926.935078,50,7.890927,7.826112
worker_1,947,1788086926.942986,50,7.714230,7.669952
worker_1,948,1788086926.950727,50,7.675610,7.630560
worker_1,949,1788086926.958419,50,7.732842,7.684064
worker_1,950,1788086926.966171,50,7.901473,7.851200
worker_1,951,1788086926.974090,50,7.908324,7.865024
worker_1,952,1788086926.982015,50,7.878537,7.816448
worker_1,953,1788086926.989912,50,7.957223,7.816256
worker_1,954,1788086926.997887,50,7.682887,7.624672
worker_1,955,1788086927.005592,50,7.820898,7.771872
worker_1,956,1788086927.013431,50,7.862120,7.814176
worker_1,957,1788086927.021312,50,7.763971,7.716928
worker_1,958,1788086927.029093,50,7.608831,7.562912
worker_1,959,1788086927.036720,50,7.909066,7.711872
worker_1,960,1788086927.044645,50,6.596851,6.470720
worker_1,961,1788086927.051262,50,7.494228,7.430976
worker_1,962,1788086927.058776,50,7.546219,7.444928
worker_1,963,1788086927.066347,50,7.785408,7.670016
worker_1,964,1788086927.074177,50,8.154642,7.913888
worker_1,965,1788086927.082374,50,8.234836,8.128960
worker_1,966,1788086927.090648,50,7.972223,7.900480
worker_1,967,1788086927.098657,50,7.875037,7.816256
worker_1,968,1788086927.106556,50,7.701137,7.643712
worker_1,969,1788086927.114280,50,7.774472,7.722624
worker_1,970,1788086927.122077,50,7.543441,7.494112
worker_1,971,1788086927.129642,50,7.725611,7.674592
worker_1,972,1788086927.137390,50,7.668175,7.611808
worker_1,973,1788086927.145078,50,7.528183,7.480640
worker_1,974,1788086927.152628,50,7.645619,7.595616
worker_1,975,1788086927.160289,50,7.571008,7.519616
worker_1,976,1788086927.167879,50,7.542017,7.490144
worker_1,977,1788086927.175439,50,7.673935,7.628256
worker_1,978,1788086927.183133,50,8.118095,7.843040
worker_1,979,1788086927.191302,50,8.142689,7.815392
worker_1,980,1788086927.199494,50,8.051095,7.922688
worker_1,981,1788086927.207573,50,7.964807,7.908416
worker_1,982,1788086927.215559,50,8.067317,7.802752
worker_1,983,1788086927.223676,50,8.066956,7.948096
worker_1,984,1788086927.231768,50,7.774166,7.723264
worker_1,985,1788086927.239562,50,7.901825,7.853280
worker_1,986,1788086927.247482,50,7.641276,7.593408
worker_1,987,1788086927.255156,50,7.747694,7.698304
worker_1,988,1788086927.262921,50,7.708435,7.660480
worker_1,989,1788086927.270646,50,7.695101,7.647296
worker_1,990,1788086927.278361,50,8.079891,7.808544
worker_1,991,1788086927.286491,50,8.398199,8.062848
worker_1,992,1788086927.294938,50,7.922491,7.801120
worker_1,993,1788086927.302888,50,7.819065,7.764960
worker_1,994,1788086927.310727,50,7.967186,7.690912
worker_1,995,1788086927.318744,50,8.178558,7.850240
worker_1,996,1788086927.326970,50,8.137669,7.816384
worker_1,997,1788086927.335155,50,8.052492,7.727872
worker_1,998,1788086927.343255,50,7.923593,7.600320
worker_1,999,1788086927.351228,50,7.867417,7.542176
worker_1,1000,1788086927.359145,50,7.760695,7.636128
worker_1,1001,1788086927.366935,50,7.835148,7.776608
worker_1,1002,1788086927.374793,50,7.879001,7.831936
worker_1,1003,1788086927.382691,50,7.884213,7.831584
worker_1,1004,1788086927.390595,50,7.933750,7.884992
worker_1,1005,1788086927.398546,50,8.143504,7.882848
worker_1,1006,1788086927.406754,50,8.300569,7.974080
worker_1,1007,1788086927.415102,50,8.030297,7.911712
worker_1,1008,1788086927.423156,50,7.968363,7.914336
worker_1,1009,1788086927.431144,50,7.888232,7.838144
worker_1,1010,1788086927.439051,50,7.830704,7.768960
worker_1,1011,1788086927.446900,50,7.882492,7.837600
worker_1,1012,1788086927.454800,50,7.552471,7.504512
worker_1,1013,1788086927.462371,50,7.927260,7.876704
worker_1,1014,1788086927.470317,50,7.911046,7.866336
worker_1,1015,1788086927.478244,50,7.907204,7.856352
worker_1,1016,1788086927.486171,50,7.888899,7.841536
worker_1,1017,1788086927.494077,50,8.078400,7.813824
worker_1,1018,1788086927.502209,50,8.159697,7.672384
worker_1,1019,1788086927.510417,50,7.835981,7.570656
worker_1,1020,1788086927.518281,50,7.708082,7.508928
worker_1,1021,1788086927.526009,50,7.653609,7.462400
worker_1,1022,1788086927.533679,50,7.726287,7.321440
worker_1,1023,1788086927.541453,50,7.624674,7.339744
worker_1,1024,1788086927.549105,50,7.705602,7.481312
worker_1,1025,1788086927.556830,50,7.527414,7.461504
worker_1,1026,1788086927.564382,50,7.679045,7.538240
worker_1,1027,1788086927.572080,50,7.578165,7.383392
worker_1,1028,1788086927.579676,50,7.719185,7.574432
worker_1,1029,1788086927.587444,50,8.043066,7.721216
worker_1,1030,1788086927.595536,50,8.070002,7.751200
worker_1,1031,1788086927.603652,50,7.925029,7.808288
worker_1,1032,1788086927.611604,50,7.722388,7.670784
worker_1,1033,1788086927.619348,50,7.675433,7.630592
worker_1,1034,1788086927.627042,50,8.153733,7.900576
worker_1,1035,1788086927.635244,50,8.072529,7.953440
worker_1,1036,1788086927.643344,50,7.738749,7.684416
worker_1,1037,1788086927.651102,50,7.973723,7.715328
worker_1,1038,1788086927.659126,50,7.918797,7.795456
worker_1,1039,1788086927.667072,50,7.896621,7.838912
worker_1,1040,1788086927.674989,50,7.916500,7.868480
worker_1,1041,1788086927.682925,50,8.070844,7.813632
worker_1,1042,1788086927.691044,50,8.160103,7.908448
worker_1,1043,1788086927.699252,50,7.929167,7.812576
worker_1,1044,1788086927.707207,50,7.700175,7.649408
worker_1,1045,1788086927.714941,50,7.699692,7.642208
worker_1,1046,1788086927.722667,50,7.926000,7.851360
worker_1,1047,1788086927.730620,50,7.922140,7.859392
worker_1,1048,1788086927.738562,50,7.903992,7.646976
worker_1,1049,1788086927.746517,50,7.888389,7.763840
worker_1,1050,1788086927.754434,50,7.727814,7.664992
worker_1,1051,1788086927.762181,50,7.901195,7.851872
worker_1,1052,1788086927.770100,50,7.848408,7.799520
worker_1,1053,1788086927.777966,50,7.919418,7.663168
worker_1,1054,1788086927.785935,50,8.099048,7.771712
worker_1,1055,1788086927.794082,50,8.144021,7.821184
worker_1,1056,1788086927.802274,50,7.936453,7.819680
worker_1,1057,1788086927.810238,50,7.952668,7.689888
worker_1,1058,1788086927.818238,50,7.890065,7.564736
worker_1,1059,1788086927.826174,50,7.984260,7.659552
worker_1,1060,1788086927.834205,50,8.055437,7.735392
worker_1,1061,1788086927.842304,50,7.914019,7.591840
worker_1,1062,1788086927.850264,50,7.961205,7.629504
worker_1,1063,1788086927.858272,50,7.712165,7.591168
worker_1,1064,1788086927.866009,50,7.506822,7.453920
worker_1,1065,1788086927.873551,50,7.754509,7.705984
worker_1,1066,1788086927.881322,50,7.694194,7.643072
worker_1,1067,1788086927.889038,50,8.101141,7.836128
worker_1,1068,1788086927.897185,50,7.934102,7.813216
worker_1,1069,1788086927.905144,50,7.322597,7.251808
worker_1,1070,1788086927.912485,50,6.876353,6.831776
worker_1,1071,1788086927.919378,50,6.708639,6.659968
worker_1,1072,1788086927.926105,50,6.886455,6.838304
worker_1,1073,1788086927.933010,50,7.241190,7.196480
worker_1,1074,1788086927.940269,50,7.202903,7.159232
worker_1,1075,1788086927.947488,50,7.489183,7.237248
worker_1,1076,1788086927.955025,50,7.631147,7.508992
worker_1,1077,1788086927.962680,50,7.623822,7.567520
worker_1,1078,1788086927.970323,50,7.720805,7.668832
worker_1,1079,1788086927.978145,50,7.724796,7.668608
worker_1,1080,1788086927.985891,50,7.531739,7.480992
worker_1,1081,1788086927.993442,50,7.711009,7.665536
worker_1,1082,1788086928.001169,50,7.641554,7.594848
worker_1,1083,1788086928.008827,50,7.631646,7.586688
worker_1,1084,1788086928.016489,50,7.872315,7.617920
worker_1,1085,1788086928.024411,50,8.084993,7.962400
worker_1,1086,1788086928.032522,50,7.705065,7.646880
worker_1,1087,1788086928.040246,50,7.813158,7.766592
worker_1,1088,1788086928.048078,50,7.694527,7.439200
worker_1,1089,1788086928.055821,50,8.057076,7.735296
worker_1,1090,1788086928.063925,50,7.682258,7.557888
worker_1,1091,1788086928.071632,50,7.762677,7.708576
worker_1,1092,1788086928.079413,50,7.573933,7.521952
worker_1,1093,1788086928.087007,50,7.779824,7.728352
worker_1,1094,1788086928.094805,50,7.690361,7.439072
worker_1,1095,1788086928.102544,50,7.716536,7.595200
worker_1,1096,1788086928.110286,50,7.334051,7.282400
worker_1,1097,1788086928.117640,50,7.624175,7.575328
worker_1,1098,1788086928.125281,50,7.575924,7.527904
worker_1,1099,1788086928.132873,50,7.458015,7.410112
worker_1,1100,1788086928.140348,50,7.739296,7.485184
worker_1,1101,1788086928.148137,50,7.943538,7.558752
worker_1,1102,1788086928.156128,50,7.926122,7.665920
worker_1,1103,1788086928.164081,50,7.774574,7.572352
worker_1,1104,1788086928.171889,50,7.736165,7.533984
worker_1,1105,1788086928.179645,50,7.627359,7.428096
worker_1,1106,1788086928.187292,50,7.955723,7.527168
worker_1,1107,1788086928.195295,50,7.747897,7.463520
worker_1,1108,1788086928.203068,50,7.347200,7.270400
worker_1,1109,1788086928.210435,50,7.456655,7.394976
worker_1,1110,1788086928.217910,50,7.415626,7.363968
worker_1,1111,1788086928.225349,50,7.711943,7.662624
worker_1,1112,1788086928.233079,50,7.749351,7.703520
worker_1,1113,1788086928.240845,50,7.659405,7.613984
worker_1,1114,1788086928.248522,50,7.913297,7.653248
worker_1,1115,1788086928.256486,50,7.771378,7.643712
worker_1,1116,1788086928.264285,50,7.732425,7.677696
worker_1,1117,1788086928.272038,50,7.757694,7.708960
worker_1,1118,1788086928.279817,50,7.902537,7.847904
worker_1,1119,1788086928.287740,50,7.573665,7.523168
worker_1,1120,1788086928.295333,50,7.847426,7.801184
worker_1,1121,1788086928.303200,50,7.075067,6.803456
worker_1,1122,1788086928.310324,50,8.093752,7.760288
worker_1,1123,1788086928.318482,50,7.555322,7.421760
worker_1,1124,1788086928.326066,50,7.739906,7.680352
worker_1,1125,1788086928.333827,50,7.491007,7.443840
worker_1,1126,1788086928.341335,50,7.581665,7.536704
worker_1,1127,1788086928.348937,50,7.665563,7.600032
worker_1,1128,1788086928.356620,50,7.519488,7.472256
worker_1,1129,1788086928.364156,50,7.750176,7.698400
worker_1,1130,1788086928.371925,50,7.445552,7.397600
worker_1,1131,1788086928.379389,50,7.940111,7.676640
worker_1,1132,1788086928.387379,50,7.692573,7.571840
worker_1,1133,1788086928.395098,50,7.746656,7.693888
worker_1,1134,1788086928.402865,50,7.918205,7.626976
worker_1,1135,1788086928.410834,50,7.893205,7.771680
worker_1,1136,1788086928.418755,50,7.782730,7.728608
worker_1,1137,1788086928.426558,50,7.744870,7.680480
worker_1,1138,1788086928.434321,50,7.715980,7.669664
worker_1,1139,1788086928.442055,50,7.678211,7.632064
worker_1,1140,1788086928.449753,50,7.706897,7.660640
worker_1,1141,1788086928.457477,50,7.679490,7.634336
worker_1,1142,1788086928.465172,50,7.723314,7.674592
worker_1,1143,1788086928.472923,50,7.706768,7.618176
worker_1,1144,1788086928.480663,50,7.977427,7.675104
worker_1,1145,1788086928.488688,50,7.807824,7.699936
worker_1,1146,1788086928.496522,50,7.546951,7.259936
worker_1,1147,1788086928.504118,50,7.585008,7.440768
worker_1,1148,1788086928.511734,50,6.996178,6.941984
worker_1,1149,1788086928.518749,50,7.555387,7.504320
worker_1,1150,1788086928.526321,50,7.662637,7.615936
worker_1,1151,1788086928.534003,50,7.584656,7.536544
worker_1,1152,1788086928.541604,50,7.618953,7.574816
worker_1,1153,1788086928.549240,50,7.542414,7.480576
worker_1,1154,1788086928.556799,50,7.643536,7.597728
worker_1,1155,1788086928.564464,50,7.717990,7.669408
worker_1,1156,1788086928.572201,50,7.554766,7.500256
worker_1,1157,1788086928.579772,50,7.721972,7.672064
worker_1,1158,1788086928.587513,50,7.653777,7.397280
worker_1,1159,1788086928.595219,50,7.735352,7.616736
worker_1,1160,1788086928.602982,50,7.927797,7.855456
worker_1,1161,1788086928.610946,50,8.109169,7.825216
worker_1,1162,1788086928.619117,50,8.078270,7.960288
worker_1,1163,1788086928.627223,50,7.747954,7.687904
worker_1,1164,1788086928.634991,50,7.841519,7.792704
worker_1,1165,1788086928.642851,50,8.075095,7.820224
worker_1,1166,1788086928.650974,50,7.993455,7.808896
worker_1,1167,1788086928.659015,50,7.818186,7.695488
worker_1,1168,1788086928.666860,50,7.829148,7.774176
worker_1,1169,1788086928.674710,50,7.938363,7.876896
worker_1,1170,1788086928.682666,50,7.724601,7.673568
worker_1,1171,1788086928.690413,50,7.897667,7.635840
worker_1,1172,1788086928.698359,50,7.752851,7.634336
worker_1,1173,1788086928.706138,50,7.570405,7.518656
worker_1,1174,1788086928.713728,50,7.533330,7.485024
worker_1,1175,1788086928.721280,50,7.541507,7.488608
worker_1,1176,1788086928.728840,50,7.498257,7.437536
worker_1,1177,1788086928.736356,50,7.375043,7.325856
worker_1,1178,1788086928.743747,50,7.439727,7.393664
worker_1,1179,1788086928.751206,50,7.683555,7.423072
worker_1,1180,1788086928.758940,50,7.587712,7.464000
worker_1,1181,1788086928.766553,50,7.392321,7.336768
worker_1,1182,1788086928.773985,50,7.613313,7.382688
worker_1,1183,1788086928.781617,50,7.673777,7.405952
worker_1,1184,1788086928.789341,50,7.654573,7.533280
worker_1,1185,1788086928.797023,50,7.525543,7.456672
worker_1,1186,1788086928.804567,50,7.550988,7.503520
worker_1,1187,1788086928.812139,50,7.828213,7.576800
worker_1,1188,1788086928.820018,50,7.943620,7.818336
worker_1,1189,1788086928.827987,50,7.646583,7.589120
worker_1,1190,1788086928.835654,50,7.669961,7.621632
worker_1,1191,1788086928.843343,50,8.087632,7.839488
worker_1,1192,1788086928.851479,50,8.152697,7.834016
worker_1,1193,1788086928.859679,50,8.060113,7.937248
worker_1,1194,1788086928.867764,50,7.717555,7.659872
worker_1,1195,1788086928.875503,50,7.897426,7.847840
worker_1,1196,1788086928.883418,50,7.752574,7.698368
worker_1,1197,1788086928.891190,50,8.111539,7.842624
worker_1,1198,1788086928.899348,50,7.494285,7.377408
worker_1,1199,1788086928.906867,50,7.893870,7.823872
worker_1,1200,1788086928.914790,50,8.062382,7.802080
worker_1,1201,1788086928.922916,50,8.047186,7.919872
worker_1,1202,1788086928.930989,50,7.744786,7.688864
worker_1,1203,1788086928.938752,50,8.175623,7.867296
worker_1,1204,1788086928.946978,50,7.945872,7.824512
worker_1,1205,1788086928.954949,50,7.935751,7.885216
worker_1,1206,1788086928.962903,50,7.551506,7.503584
worker_1,1207,1788086928.970475,50,7.634933,7.588672
worker_1,1208,1788086928.978128,50,7.617989,7.572608
worker_1,1209,1788086928.985765,50,7.603164,7.556064
worker_1,1210,1788086928.993386,50,7.584897,7.539872
worker_1,1211,1788086929.000986,50,7.515915,7.469984
worker_1,1212,1788086929.008518,50,7.787481,7.532064
worker_1,1213,1788086929.016357,50,7.545080,7.420672
worker_1,1214,1788086929.023928,50,7.609563,7.552960
worker_1,1215,1788086929.031557,50,6.974659,6.779456
worker_1,1216,1788086929.038551,50,8.103530,7.686464
worker_1,1217,1788086929.046703,50,7.959270,7.458272
worker_1,1218,1788086929.054710,50,8.043669,7.550816
worker_1,1219,1788086929.062799,50,7.339867,7.065376
worker_1,1220,1788086929.070164,50,7.819139,7.386912
worker_1,1221,1788086929.078043,50,7.278597,7.147552
worker_1,1222,1788086929.085348,50,7.700833,7.493472
worker_1,1223,1788086929.093067,50,7.877288,7.479648
worker_1,1224,1788086929.100994,50,7.957011,7.489280
worker_1,1225,1788086929.109000,50,8.103530,7.774528
worker_1,1226,1788086929.117151,50,7.561591,7.292416
worker_1,1227,1788086929.124742,50,7.735388,7.533728
worker_1,1228,1788086929.132497,50,7.432812,7.380992
worker_1,1229,1788086929.139947,50,7.922630,7.665568
worker_1,1230,1788086929.148012,50,7.897176,7.574784
worker_1,1231,1788086929.155957,50,7.940992,7.619936
worker_1,1232,1788086929.163945,50,7.943649,7.623040
worker_1,1233,1788086929.171936,50,7.715962,7.598656
worker_1,1234,1788086929.179677,50,7.515469,7.462720
worker_1,1235,1788086929.187214,50,7.687213,7.638528
worker_1,1236,1788086929.194921,50,7.350358,7.306464
worker_1,1237,1788086929.202286,50,7.776500,7.524448
worker_1,1238,1788086929.210113,50,7.714647,7.591680
worker_1,1239,1788086929.217854,50,7.691916,7.633600
worker_1,1240,1788086929.225580,50,7.604138,7.553280
worker_1,1241,1788086929.233201,50,7.669953,7.622272
worker_1,1242,1788086929.240889,50,7.713268,7.655200
worker_1,1243,1788086929.248625,50,7.983437,7.714304
worker_1,1244,1788086929.256656,50,8.087391,7.763424
worker_1,1245,1788086929.264792,50,8.055187,7.733344
worker_1,1246,1788086929.272897,50,8.067048,7.745312
worker_1,1247,1788086929.281012,50,7.881733,7.761536
worker_1,1248,1788086929.288919,50,7.709981,7.650336
worker_1,1249,1788086929.296650,50,7.590924,7.496160
worker_1,1250,1788086929.304260,50,7.536793,7.485696
worker_1,1251,1788086929.311813,50,7.717202,7.452992
worker_1,1252,1788086929.319581,50,7.699055,7.562112
worker_1,1253,1788086929.327305,50,7.650795,7.593760
worker_1,1254,1788086929.334978,50,7.903436,7.848352
worker_1,1255,1788086929.342901,50,7.412182,7.363552
worker_1,1256,1788086929.350331,50,7.699220,7.647744
worker_1,1257,1788086929.358050,50,7.595406,7.340800
worker_1,1258,1788086929.365695,50,8.151309,7.803104
worker_1,1259,1788086929.373899,50,7.980723,7.854944
worker_1,1260,1788086929.381926,50,7.762084,7.701440
worker_1,1261,1788086929.389716,50,7.955371,7.682272
worker_1,1262,1788086929.397724,50,8.121771,7.790112
worker_1,1263,1788086929.405895,50,7.886287,7.766976
worker_1,1264,1788086929.413807,50,7.779231,7.723872
worker_1,1265,1788086929.421606,50,7.752526,7.684704
worker_1,1266,1788086929.429377,50,7.664553,7.615424
worker_1,1267,1788086929.437059,50,7.679786,7.626784
worker_1,1268,1788086929.444756,50,7.664462,7.617056
worker_1,1269,1788086929.452439,50,7.705434,7.446176
worker_1,1270,1788086929.460195,50,7.882889,7.744832
worker_1,1271,1788086929.468106,50,7.702841,7.645696
worker_1,1272,1788086929.475829,50,7.675082,7.625600
worker_1,1273,1788086929.483523,50,7.783435,7.668352
worker_1,1274,1788086929.491355,50,7.810750,7.687040
worker_1,1275,1788086929.499192,50,7.712222,7.653344
worker_1,1276,1788086929.506926,50,7.707120,7.658048
worker_1,1277,1788086929.514652,50,7.861611,7.812704
worker_1,1278,1788086929.522533,50,7.862807,7.810528
worker_1,1279,1788086929.530432,50,7.804935,7.756192
worker_1,1280,1788086929.538254,50,7.674888,7.628864
worker_1,1281,1788086929.545945,50,7.618739,7.345152
worker_1,1282,1788086929.553617,50,8.170495,7.838432
worker_1,1283,1788086929.561836,50,7.640757,7.515808
worker_1,1284,1788086929.569505,50,7.746833,7.692064
worker_1,1285,1788086929.577270,50,7.492617,7.442464
worker_1,1286,1788086929.584782,50,7.774740,7.722720
worker_1,1287,1788086929.592578,50,7.141661,7.094976
worker_1,1288,1788086929.599737,50,7.559813,7.513888
worker_1,1289,1788086929.607316,50,7.138541,7.092416
worker_1,1290,1788086929.614471,50,8.059466,7.804832
worker_1,1291,1788086929.622582,50,7.903593,7.578784
worker_1,1292,1788086929.630536,50,8.035605,7.913696
worker_1,1293,1788086929.638602,50,7.857954,7.588320
worker_1,1294,1788086929.646509,50,8.241356,7.908160
worker_1,1295,1788086929.654800,50,7.697963,7.579168
worker_1,1296,1788086929.662525,50,8.054521,7.782336
worker_1,1297,1788086929.670628,50,7.669314,7.385184
worker_1,1298,1788086929.678324,50,8.084660,7.642688
worker_1,1299,1788086929.686470,50,7.720685,7.438368
worker_1,1300,1788086929.694217,50,8.068262,7.625184
worker_1,1301,1788086929.702334,50,7.735731,7.464160
worker_1,1302,1788086929.710097,50,7.859593,7.469248
worker_1,1303,1788086929.718005,50,7.774592,7.499456
worker_1,1304,1788086929.725807,50,7.971001,7.645472
worker_1,1305,1788086929.733829,50,7.768536,7.520384
worker_1,1306,1788086929.741629,50,8.010492,7.751616
worker_1,1307,1788086929.749689,50,8.027068,7.903232
worker_1,1308,1788086929.757743,50,7.738638,7.685856
worker_1,1309,1788086929.765502,50,8.056465,7.801408
worker_1,1310,1788086929.773607,50,8.064427,7.739744
worker_1,1311,1788086929.781719,50,8.031260,7.905792
worker_1,1312,1788086929.789775,50,7.512341,7.460288
worker_1,1313,1788086929.797305,50,7.748045,7.490560
worker_1,1314,1788086929.805102,50,7.771110,7.439904
worker_1,1315,1788086929.812921,50,7.702203,7.581760
worker_1,1316,1788086929.820649,50,7.732166,7.465536
worker_1,1317,1788086929.828434,50,7.865583,7.738976
worker_1,1318,1788086929.836342,50,7.720685,7.452096
worker_1,1319,1788086929.844111,50,7.705740,7.580096
worker_1,1320,1788086929.851843,50,7.629156,7.368992
worker_1,1321,1788086929.859520,50,7.754899,7.628064
worker_1,1322,1788086929.867302,50,7.632397,7.444704
worker_1,1323,1788086929.874995,50,8.116197,7.776672
worker_1,1324,1788086929.883161,50,7.498155,7.374368
worker_1,1325,1788086929.890688,50,7.686795,7.633152
worker_1,1326,1788086929.898394,50,6.831659,6.786528
worker_1,1327,1788086929.905243,50,8.067410,7.807136
worker_1,1328,1788086929.913360,50,7.017818,6.890848
worker_1,1329,1788086929.920405,50,7.661118,7.597728
worker_1,1330,1788086929.928087,50,6.605944,6.352256
worker_1,1331,1788086929.934743,50,8.100485,7.767968
worker_1,1332,1788086929.942892,50,7.487876,7.366112
worker_1,1333,1788086929.950405,50,7.964390,7.702432
worker_1,1334,1788086929.958418,50,7.545673,7.423776
worker_1,1335,1788086929.965988,50,8.083808,7.821536
worker_1,1336,1788086929.974121,50,7.693444,7.572896
worker_1,1337,1788086929.981841,50,8.024881,7.763392
worker_1,1338,1788086929.989931,50,7.946029,7.822496
worker_1,1339,1788086929.997904,50,7.809037,7.547360
worker_1,1340,1788086930.005762,50,8.276920,7.957408
worker_1,1341,1788086930.014088,50,8.051706,7.705888
worker_1,1342,1788086930.022188,50,8.141048,8.012832
worker_1,1343,1788086930.030354,50,7.956927,7.700192
worker_1,1344,1788086930.038360,50,8.067715,7.948768
worker_1,1345,1788086930.046452,50,7.808361,7.551296
worker_1,1346,1788086930.054309,50,7.872519,7.747680
worker_1,1347,1788086930.062207,50,7.569265,7.515424
worker_1,1348,1788086930.069798,50,7.771582,7.721408
worker_1,1349,1788086930.077587,50,7.820028,7.711136
worker_1,1350,1788086930.085459,50,8.061853,7.736896
worker_1,1351,1788086930.093570,50,7.927259,7.609824
worker_1,1352,1788086930.101546,50,7.862658,7.538784
worker_1,1353,1788086930.109456,50,7.571313,7.447424
worker_1,1354,1788086930.117054,50,7.724360,7.611872
worker_1,1355,1788086930.124830,50,7.983612,7.668352
worker_1,1356,1788086930.132860,50,8.171540,7.857120
worker_1,1357,1788086930.141093,50,7.881380,7.763808
worker_1,1358,1788086930.149004,50,8.040298,7.782624
worker_1,1359,1788086930.157092,50,8.130326,7.805440
worker_1,1360,1788086930.165271,50,7.993510,7.646816
worker_1,1361,1788086930.173315,50,8.059178,7.851488
worker_1,1362,1788086930.181427,50,7.746721,7.622944
worker_1,1363,1788086930.189203,50,8.159744,7.848992
worker_1,1364,1788086930.197413,50,7.895399,7.772320
worker_1,1365,1788086930.205335,50,7.885361,7.832736
worker_1,1366,1788086930.213241,50,7.762509,7.716800
worker_1,1367,1788086930.221020,50,7.802695,7.535680
worker_1,1368,1788086930.228875,50,7.786453,7.632544
worker_1,1369,1788086930.236696,50,7.880723,7.647680
worker_1,1370,1788086930.244598,50,7.956575,7.747264
worker_1,1371,1788086930.252576,50,7.866019,7.814048
worker_1,1372,1788086930.260463,50,7.870399,7.821568
worker_1,1373,1788086930.268353,50,7.873250,7.814848
worker_1,1374,1788086930.276247,50,7.972020,7.917600
worker_1,1375,1788086930.284236,50,7.865065,7.820608
worker_1,1376,1788086930.292120,50,7.734582,7.672736
worker_1,1377,1788086930.299880,50,7.862066,7.812960
worker_1,1378,1788086930.307762,50,7.573173,7.524224
worker_1,1379,1788086930.315356,50,7.623137,7.571712
worker_1,1380,1788086930.322998,50,7.662665,7.614560
worker_1,1381,1788086930.330770,50,7.872537,7.606080
worker_1,1382,1788086930.338693,50,8.338328,7.999104
worker_1,1383,1788086930.347082,50,8.022808,7.638464
worker_1,1384,1788086930.355156,50,7.971844,7.633344
worker_1,1385,1788086930.363178,50,7.883750,7.763040
worker_1,1386,1788086930.371089,50,7.660351,7.543936
worker_1,1387,1788086930.378799,50,7.885214,7.760480
worker_1,1388,1788086930.386746,50,7.485396,7.416768
worker_1,1389,1788086930.394258,50,6.905456,6.855840
worker_1,1390,1788086930.401181,50,7.886973,7.617312
worker_1,1391,1788086930.409122,50,7.971316,7.632800
worker_1,1392,1788086930.417142,50,8.090400,7.734304
worker_1,1393,1788086930.425283,50,7.766425,7.645632
worker_1,1394,1788086930.433076,50,8.107196,7.829760
worker_1,1395,1788086930.441233,50,7.063123,6.939616
worker_1,1396,1788086930.448336,50,8.060938,7.792096
worker_1,1397,1788086930.456452,50,7.408941,7.063520
worker_1,1398,1788086930.463908,50,8.011614,7.892064
worker_1,1399,1788086930.471950,50,7.238263,7.179808
worker_1,1400,1788086930.479209,50,8.077993,7.796128
worker_1,1401,1788086930.487339,50,7.428033,7.297600
worker_1,1402,1788086930.494792,50,7.901418,7.844800
worker_1,1403,1788086930.502716,50,7.285514,7.231680
worker_1,1404,1788086930.510021,50,7.914741,7.857984
worker_1,1405,1788086930.517959,50,7.206023,7.154912
worker_1,1406,1788086930.525184,50,7.834843,7.707904
worker_1,1407,1788086930.533038,50,6.887965,6.839808
worker_1,1408,1788086930.539943,50,7.864964,7.808992
worker_1,1409,1788086930.547827,50,7.034383,6.986496
worker_1,1410,1788086930.554877,50,7.884992,7.737792
worker_1,1411,1788086930.562780,50,7.491654,7.095168
worker_1,1412,1788086930.570321,50,8.255819,7.744992
worker_1,1413,1788086930.578628,50,7.722703,7.372160
worker_1,1414,1788086930.586399,50,8.224661,7.720896
worker_1,1415,1788086930.594672,50,7.611961,7.281216
worker_1,1416,1788086930.602345,50,8.259957,7.922528
worker_1,1417,1788086930.610653,50,7.590599,7.464928
worker_1,1418,1788086930.618270,50,7.876093,7.825088
worker_1,1419,1788086930.626167,50,7.370811,7.267744
worker_1,1420,1788086930.633589,50,8.032871,7.910496
worker_1,1421,1788086930.641650,50,7.717082,7.459488
worker_1,1422,1788086930.649419,50,7.982917,7.859904
worker_1,1423,1788086930.657427,50,7.722675,7.461760
worker_1,1424,1788086930.665200,50,8.120724,7.976672
worker_1,1425,1788086930.673349,50,7.777731,7.512224
worker_1,1426,1788086930.681174,50,8.027438,7.905216
worker_1,1427,1788086930.689228,50,7.812286,7.552416
worker_1,1428,1788086930.697088,50,8.243586,7.914944
worker_1,1429,1788086930.705381,50,7.873399,7.546528
worker_1,1430,1788086930.713302,50,8.293587,7.923008
worker_1,1431,1788086930.721644,50,7.633518,7.509696
worker_1,1432,1788086930.729303,50,8.107715,7.838560
worker_1,1433,1788086930.737459,50,7.962584,7.639744
worker_1,1434,1788086930.745469,50,8.227058,7.904416
worker_1,1435,1788086930.753759,50,7.446747,7.325888
worker_1,1436,1788086930.761232,50,7.887418,7.619424
worker_1,1437,1788086930.769171,50,7.571915,7.436768
worker_1,1438,1788086930.776772,50,7.917084,7.627072
worker_1,1439,1788086930.784740,50,5.390425,5.060672
worker_1,1440,1788086930.790180,50,7.584794,7.436288
worker_1,1441,1788086930.797791,50,6.713380,6.452384
worker_1,1442,1788086930.804553,50,7.993391,7.866496
worker_1,1443,1788086930.812571,50,7.719916,7.435840
worker_1,1444,1788086930.820343,50,8.180521,7.846432
worker_1,1445,1788086930.828574,50,7.782713,7.444032
worker_1,1446,1788086930.836407,50,7.984334,7.846528
worker_1,1447,1788086930.844422,50,7.632979,7.367168
worker_1,1448,1788086930.852104,50,8.095456,7.767936
worker_1,1449,1788086930.860263,50,7.720638,7.399648
worker_1,1450,1788086930.868030,50,8.118346,7.789088
worker_1,1451,1788086930.876200,50,7.522867,7.382528
worker_1,1452,1788086930.883750,50,8.069510,7.806432
worker_1,1453,1788086930.891867,50,7.854722,7.530208
worker_1,1454,1788086930.899769,50,8.246864,7.922048
worker_1,1455,1788086930.908079,50,8.084929,7.757024
worker_1,1456,1788086930.916209,50,8.235939,7.885056
worker_1,1457,1788086930.924506,50,8.041140,7.712448
worker_1,1458,1788086930.932595,50,7.974159,7.630432
worker_1,1459,1788086930.940618,50,7.801963,7.680000
worker_1,1460,1788086930.948447,50,7.802593,7.514240
worker_1,1461,1788086930.956301,50,8.123270,7.776032
worker_1,1462,1788086930.964472,50,7.711101,7.580288
worker_1,1463,1788086930.972209,50,7.916390,7.653856
worker_1,1464,1788086930.980182,50,7.756675,7.614368
worker_1,1465,1788086930.987966,50,7.701573,7.643904
worker_1,1466,1788086930.995686,50,7.924789,7.676544
worker_1,1467,1788086931.003662,50,7.892973,7.770272
worker_1,1468,1788086931.011584,50,7.818741,7.762304
worker_1,1469,1788086931.019424,50,7.693082,7.569856
worker_1,1470,1788086931.027165,50,7.953177,7.823008
worker_1,1471,1788086931.035146,50,7.425692,7.373696
worker_1,1472,1788086931.042591,50,7.975826,7.702304
worker_1,1473,1788086931.050619,50,7.700813,7.578912
worker_1,1474,1788086931.058360,50,7.926260,7.662400
worker_1,1475,1788086931.066336,50,7.703361,7.579392
worker_1,1476,1788086931.074065,50,7.920427,7.655008
worker_1,1477,1788086931.082033,50,7.743453,7.618976
worker_1,1478,1788086931.089803,50,7.890278,7.628832
worker_1,1479,1788086931.097743,50,7.762658,7.640288
worker_1,1480,1788086931.105532,50,7.932019,7.669568
worker_1,1481,1788086931.113512,50,7.713990,7.592896
worker_1,1482,1788086931.121254,50,7.935242,7.674080
worker_1,1483,1788086931.129238,50,7.795324,7.674112
worker_1,1484,1788086931.137060,50,7.701360,7.646304
worker_1,1485,1788086931.144781,50,7.629073,7.579104
worker_1,1486,1788086931.152428,50,7.897602,7.643904
worker_1,1487,1788086931.160376,50,7.783342,7.660576
worker_1,1488,1788086931.168186,50,7.878325,7.586976
worker_1,1489,1788086931.176115,50,7.874380,7.747168
worker_1,1490,1788086931.184017,50,7.858844,7.603392
worker_1,1491,1788086931.191925,50,8.014844,7.891328
worker_1,1492,1788086931.199965,50,7.682674,7.629344
worker_1,1493,1788086931.207669,50,7.660333,7.615712
worker_1,1494,1788086931.215358,50,7.730231,7.476992
worker_1,1495,1788086931.223138,50,8.085965,7.764288
worker_1,1496,1788086931.231270,50,7.992280,7.669312
worker_1,1497,1788086931.239313,50,7.950566,7.832832
worker_1,1498,1788086931.247290,50,7.872695,7.613408
worker_1,1499,1788086931.255211,50,7.853843,7.730720
worker_1,1500,1788086931.263092,50,7.708990,7.651168
worker_1,1501,1788086931.270821,50,7.729426,7.682528
worker_1,1502,1788086931.278569,50,7.923122,7.672864
worker_1,1503,1788086931.286544,50,7.817093,7.695808
worker_1,1504,1788086931.294389,50,7.708268,7.639168
worker_1,1505,1788086931.302120,50,7.554147,7.504512
worker_1,1506,1788086931.309691,50,7.931455,7.675488
worker_1,1507,1788086931.317677,50,7.673500,7.549856
worker_1,1508,1788086931.325377,50,7.726314,7.669696
worker_1,1509,1788086931.333126,50,7.559526,7.505248
worker_1,1510,1788086931.340703,50,7.671406,7.623360
worker_1,1511,1788086931.348394,50,7.671527,7.622208
worker_1,1512,1788086931.356084,50,8.107845,7.855648
worker_1,1513,1788086931.364266,50,7.899176,7.572704
worker_1,1514,1788086931.372230,50,8.052547,7.718624
worker_1,1515,1788086931.380332,50,8.027029,7.910080
worker_1,1516,1788086931.388386,50,7.828760,7.763584
worker_1,1517,1788086931.396235,50,7.656517,7.607680
worker_1,1518,1788086931.403910,50,8.128761,7.875456
worker_1,1519,1788086931.412089,50,7.925518,7.804064
worker_1,1520,1788086931.420042,50,7.891509,7.821888
worker_1,1521,1788086931.427953,50,7.745648,7.490976
worker_1,1522,1788086931.435749,50,7.891843,7.768896
worker_1,1523,1788086931.443666,50,7.773860,7.506528
worker_1,1524,1788086931.451489,50,8.191372,7.857536
worker_1,1525,1788086931.459728,50,8.043687,7.717952
worker_1,1526,1788086931.467819,50,8.085261,7.746048
worker_1,1527,1788086931.475951,50,7.791213,7.670240
worker_1,1528,1788086931.483768,50,7.870472,7.819040
worker_1,1529,1788086931.491658,50,7.569609,7.524704
worker_1,1530,1788086931.499244,50,7.886732,7.594720
worker_1,1531,1788086931.507180,50,7.834333,7.715776
worker_1,1532,1788086931.515128,50,7.906704,7.844384
worker_1,1533,1788086931.523075,50,7.502737,7.447552
worker_1,1534,1788086931.530599,50,7.859574,7.811776
worker_1,1535,1788086931.538476,50,7.612268,7.562464
worker_1,1536,1788086931.546108,50,8.046678,7.788064
worker_1,1537,1788086931.554204,50,7.450821,7.326176
worker_1,1538,1788086931.561680,50,7.613572,7.563392
worker_1,1539,1788086931.569312,50,7.523034,7.269760
worker_1,1540,1788086931.576885,50,7.856324,7.733280
worker_1,1541,1788086931.584768,50,7.478794,7.423904
worker_1,1542,1788086931.592266,50,8.018279,7.740384
worker_1,1543,1788086931.600339,50,7.985585,7.657024
worker_1,1544,1788086931.608374,50,8.086299,7.761280
worker_1,1545,1788086931.616511,50,7.680025,7.560000
worker_1,1546,1788086931.624227,50,7.886603,7.623008
worker_1,1547,1788086931.632161,50,7.895853,7.558976
worker_1,1548,1788086931.640104,50,7.886195,7.763776
worker_1,1549,1788086931.648017,50,7.710989,7.656416
worker_1,1550,1788086931.655745,50,7.789342,7.531744
worker_1,1551,1788086931.663584,50,8.088965,7.761120
worker_1,1552,1788086931.671735,50,7.457803,7.103008
worker_1,1553,1788086931.679241,50,7.598610,7.475552
worker_1,1554,1788086931.686866,50,7.599637,7.332384
worker_1,1555,1788086931.694516,50,8.114956,7.791008
worker_1,1556,1788086931.702681,50,7.871102,7.624352
worker_1,1557,1788086931.710579,50,7.598323,7.400032
worker_1,1558,1788086931.718198,50,7.507692,7.307360
worker_1,1559,1788086931.725724,50,7.625507,7.577632
worker_1,1560,1788086931.733368,50,7.839186,7.787840
worker_1,1561,1788086931.741226,50,7.968057,7.708800
worker_1,1562,1788086931.749242,50,7.880629,7.756800
worker_1,1563,1788086931.757149,50,7.889870,7.633184
worker_1,1564,1788086931.765089,50,7.796740,7.677280
worker_1,1565,1788086931.772912,50,7.754231,7.702144
worker_1,1566,1788086931.780687,50,7.503673,7.451648
worker_1,1567,1788086931.788208,50,7.672212,7.616416
worker_1,1568,1788086931.795899,50,7.499646,7.447584
worker_1,1569,1788086931.803417,50,7.881722,7.623616
worker_1,1570,1788086931.811351,50,7.755158,7.424128
worker_1,1571,1788086931.819154,50,7.852936,7.667040
worker_1,1572,1788086931.827074,50,7.744166,7.414560
worker_1,1573,1788086931.834866,50,7.683046,7.554752
worker_1,1574,1788086931.842619,50,7.794333,7.525312
worker_1,1575,1788086931.850465,50,7.663740,7.546176
worker_1,1576,1788086931.858155,50,7.523859,7.458752
worker_1,1577,1788086931.865703,50,7.522275,7.250912
worker_1,1578,1788086931.873277,50,7.872231,7.537536
worker_1,1579,1788086931.881199,50,7.841268,7.667776
worker_1,1580,1788086931.889093,50,7.789537,7.463264
worker_1,1581,1788086931.896930,50,8.047788,7.926144
worker_1,1582,1788086931.905009,50,7.222227,7.151552
worker_1,1583,1788086931.912251,50,8.078521,7.814944
worker_1,1584,1788086931.920383,50,7.587952,7.248992
worker_1,1585,1788086931.928018,50,8.020807,7.899872
worker_1,1586,1788086931.936069,50,7.369506,7.314880
worker_1,1587,1788086931.943458,50,7.852963,7.807168
worker_1,1588,1788086931.951328,50,7.353541,7.309760
worker_1,1589,1788086931.958699,50,8.054585,7.801536
worker_1,1590,1788086931.966806,50,7.533044,7.411008
worker_1,1591,1788086931.974382,50,8.079030,7.817792
worker_1,1592,1788086931.982512,50,7.768509,7.389856
worker_1,1593,1788086931.990328,50,8.217476,7.894848
worker_1,1594,1788086931.998595,50,7.690786,7.365152
worker_1,1595,1788086932.006333,50,8.020362,7.896352
worker_1,1596,1788086932.014380,50,7.613979,7.341888
worker_1,1597,1788086932.022041,50,8.070872,7.943936
worker_1,1598,1788086932.030138,50,7.727091,7.466368
worker_1,1599,1788086932.037913,50,7.991151,7.858464
worker_1,1600,1788086932.045936,50,7.681268,7.413024
worker_1,1601,1788086932.053668,50,8.119113,7.777600
worker_1,1602,1788086932.061838,50,7.751804,7.629184
worker_1,1603,1788086932.069615,50,7.986047,7.719936
worker_1,1604,1788086932.077654,50,7.936760,7.615072
worker_1,1605,1788086932.085639,50,8.279328,7.957792
worker_1,1606,1788086932.093967,50,7.767721,7.440704
worker_1,1607,1788086932.101781,50,8.250503,7.921312
worker_1,1608,1788086932.110083,50,7.532867,7.409312
worker_1,1609,1788086932.117641,50,8.094494,7.826080
worker_1,1610,1788086932.125784,50,7.552914,7.427872
worker_1,1611,1788086932.133375,50,7.865055,7.750240
worker_1,1612,1788086932.141291,50,7.966520,7.640224
worker_1,1613,1788086932.149304,50,8.079289,7.960928
worker_1,1614,1788086932.157410,50,7.798064,7.515008
worker_1,1615,1788086932.165260,50,7.927760,7.785984
worker_1,1616,1788086932.173213,50,7.818361,7.552352
worker_1,1617,1788086932.181083,50,7.885705,7.761792
worker_1,1618,1788086932.188995,50,7.732462,7.464960
worker_1,1619,1788086932.196779,50,8.073836,7.739360
worker_1,1620,1788086932.204903,50,7.898389,7.556480
worker_1,1621,1788086932.212853,50,8.077919,7.756736
worker_1,1622,1788086932.220980,50,8.065761,7.741952
worker_1,1623,1788086932.229098,50,7.739665,7.619872
worker_1,1624,1788086932.236865,50,7.950983,7.688000
worker_1,1625,1788086932.244870,50,7.765833,7.641120
worker_1,1626,1788086932.252664,50,7.925324,7.802624
worker_1,1627,1788086932.260643,50,7.496173,7.365920
worker_1,1628,1788086932.268165,50,8.129031,7.842656
worker_1,1629,1788086932.276345,50,7.546924,7.413376
worker_1,1630,1788086932.283939,50,7.868538,7.811968
worker_1,1631,1788086932.291830,50,7.557016,7.297920
worker_1,1632,1788086932.299434,50,8.218336,7.897216
worker_1,1633,1788086932.307705,50,7.571415,7.452992
worker_1,1634,1788086932.315302,50,7.930751,7.875424
worker_1,1635,1788086932.323255,50,7.426191,7.376928
worker_1,1636,1788086932.330698,50,8.127354,7.822080
worker_1,1637,1788086932.338909,50,7.555840,7.429216
worker_1,1638,1788086932.346492,50,7.879889,7.821824
worker_1,1639,1788086932.354393,50,7.423636,7.373504
worker_1,1640,1788086932.361835,50,7.855927,7.807616
worker_1,1641,1788086932.369712,50,7.396459,7.347392
worker_1,1642,1788086932.377126,50,7.939824,7.817600
worker_1,1643,1788086932.385116,50,7.732620,7.398912
worker_1,1644,1788086932.392900,50,8.282846,7.940864
worker_1,1645,1788086932.401233,50,7.913593,7.568864
worker_1,1646,1788086932.409199,50,8.083641,7.743040
worker_1,1647,1788086932.417333,50,8.036688,7.631808
worker_1,1648,1788086932.425421,50,8.073780,7.706624
worker_1,1649,1788086932.433546,50,7.747907,7.613536
worker_1,1650,1788086932.441338,50,7.916020,7.649248
worker_1,1651,1788086932.449304,50,7.835926,7.710944
worker_1,1652,1788086932.457172,50,7.770991,7.508352
worker_1,1653,1788086932.464994,50,8.103577,7.769280
worker_1,1654,1788086932.473150,50,7.705610,7.586432
worker_1,1655,1788086932.480882,50,7.676971,7.622432
worker_1,1656,1788086932.488581,50,7.572230,7.525888
worker_1,1657,1788086932.496170,50,7.931093,7.671392
worker_1,1658,1788086932.504152,50,7.859694,7.517440
worker_1,1659,1788086932.512062,50,8.069077,7.946656
worker_1,1660,1788086932.520163,50,7.639610,7.579968
worker_1,1661,1788086932.527824,50,8.099891,7.841792
worker_1,1662,1788086932.535975,50,8.145216,7.823456
worker_1,1663,1788086932.544169,50,7.892752,7.742176
worker_1,1664,1788086932.552091,50,7.585517,7.524480
worker_1,1665,1788086932.559697,50,7.716683,7.663072
worker_1,1666,1788086932.567436,50,6.900853,6.849408
worker_1,1667,1788086932.574356,50,7.404079,7.357120
worker_1,1668,1788086932.581777,50,7.221533,7.174112
worker_1,1669,1788086932.589025,50,7.734056,7.463488
worker_1,1670,1788086932.596812,50,7.909047,7.556448
worker_1,1671,1788086932.604774,50,7.510887,7.384640
worker_1,1672,1788086932.612313,50,7.631026,7.367584
worker_1,1673,1788086932.619998,50,7.269987,6.953792
worker_1,1674,1788086932.627314,50,7.752879,7.425472
worker_1,1675,1788086932.635118,50,7.714148,7.595104
worker_1,1676,1788086932.642859,50,7.746555,7.687168
worker_1,1677,1788086932.650625,50,7.709407,7.663584
worker_1,1678,1788086932.658353,50,7.822815,7.778400
worker_1,1679,1788086932.666193,50,7.828565,7.556128
worker_1,1680,1788086932.674074,50,8.047742,7.926752
worker_1,1681,1788086932.682147,50,7.927297,7.653184
worker_1,1682,1788086932.690123,50,7.999529,7.876960
worker_1,1683,1788086932.698232,50,7.878454,7.610944
worker_1,1684,1788086932.706158,50,7.938482,7.817600
worker_1,1685,1788086932.714123,50,7.891463,7.628096
worker_1,1686,1788086932.722061,50,7.974594,7.852800
worker_1,1687,1788086932.730062,50,7.714999,7.450688
worker_1,1688,1788086932.737827,50,7.568609,7.439968
worker_1,1689,1788086932.745441,50,7.790880,7.529504
worker_1,1690,1788086932.753280,50,7.852806,7.732032
worker_1,1691,1788086932.761158,50,7.725360,7.465440
worker_1,1692,1788086932.768932,50,7.894640,7.773664
worker_1,1693,1788086932.776853,50,7.649683,7.592032
worker_1,1694,1788086932.784523,50,7.934047,7.661376
worker_1,1695,1788086932.792506,50,7.832742,7.683456
worker_1,1696,1788086932.800365,50,7.929723,7.665920
worker_1,1697,1788086932.808345,50,7.490988,7.365152
worker_1,1698,1788086932.815861,50,7.725008,7.464192
worker_1,1699,1788086932.823636,50,7.529349,7.403680
worker_1,1700,1788086932.831192,50,7.602238,7.551040
worker_1,1701,1788086932.838812,50,7.547128,7.499168
worker_1,1702,1788086932.846375,50,7.973094,7.706368
worker_1,1703,1788086932.854402,50,7.786480,7.454752
worker_1,1704,1788086932.862236,50,7.897833,7.771808
worker_1,1705,1788086932.870165,50,7.617684,7.348128
worker_1,1706,1788086932.877830,50,8.099002,7.770816
worker_1,1707,1788086932.885978,50,7.091891,6.921216
worker_1,1708,1788086932.893132,50,7.998149,7.875040
worker_1,1709,1788086932.901159,50,7.877427,7.612704
worker_1,1710,1788086932.909086,50,7.877510,7.554720
worker_1,1711,1788086932.917010,50,6.442507,6.102112
worker_1,1712,1788086932.923501,50,7.980816,7.857952
worker_1,1713,1788086932.931507,50,7.964446,7.696416
worker_1,1714,1788086932.939522,50,7.595757,7.205184
worker_1,1715,1788086932.947167,50,8.082808,7.749344
worker_1,1716,1788086932.955299,50,7.300144,7.172352
worker_1,1717,1788086932.962627,50,7.777000,7.505248
worker_1,1718,1788086932.970454,50,7.653933,7.520160
worker_1,1719,1788086932.978137,50,7.822296,7.554784
worker_1,1720,1788086932.986009,50,7.568674,7.438880
worker_1,1721,1788086932.993606,50,7.766536,7.494048
worker_1,1722,1788086933.001423,50,7.615831,7.484704
worker_1,1723,1788086933.009071,50,7.771323,7.491680
worker_1,1724,1788086933.016896,50,7.583905,7.438240
worker_1,1725,1788086933.024508,50,7.528693,7.470912
worker_1,1726,1788086933.032058,50,7.572628,7.317952
worker_1,1727,1788086933.039682,50,8.014975,7.669952
worker_1,1728,1788086933.047758,50,7.751184,7.629184
worker_1,1729,1788086933.055541,50,7.442590,7.383552
worker_1,1730,1788086933.063006,50,7.768232,7.497056
worker_1,1731,1788086933.070826,50,7.870130,7.523648
worker_1,1732,1788086933.078748,50,7.710361,7.585856
worker_1,1733,1788086933.086489,50,7.361024,7.304992
worker_1,1734,1788086933.093872,50,7.532924,7.487552
worker_1,1735,1788086933.101422,50,7.575026,7.313440
worker_1,1736,1788086933.109048,50,7.785704,7.664928
worker_1,1737,1788086933.116859,50,7.656351,7.393600
worker_1,1738,1788086933.124564,50,7.750963,7.625408
worker_1,1739,1788086933.132340,50,7.784370,7.525600
worker_1,1740,1788086933.140174,50,7.851464,7.708736
worker_1,1741,1788086933.148051,50,7.753944,7.702176
worker_1,1742,1788086933.155825,50,7.851991,7.596256
worker_1,1743,1788086933.163725,50,8.139900,7.802944
worker_1,1744,1788086933.171912,50,7.940362,7.608032
worker_1,1745,1788086933.179900,50,7.881630,7.759936
worker_1,1746,1788086933.187807,50,7.908630,7.649792
worker_1,1747,1788086933.195779,50,7.877944,7.545952
worker_1,1748,1788086933.203706,50,8.052530,7.726848
worker_1,1749,1788086933.211811,50,7.946251,7.619104
worker_1,1750,1788086933.219808,50,7.848463,7.724128
worker_1,1751,1788086933.227686,50,7.601350,7.469856
worker_1,1752,1788086933.235338,50,8.068383,7.740544
worker_1,1753,1788086933.243456,50,7.895603,7.575136
worker_1,1754,1788086933.251402,50,7.906954,7.785664
worker_1,1755,1788086933.259340,50,7.572711,7.490304
worker_1,1756,1788086933.266944,50,7.750518,7.702048
worker_1,1757,1788086933.274718,50,7.739407,7.482400
worker_1,1758,1788086933.282507,50,8.234930,7.900864
worker_1,1759,1788086933.290797,50,7.795880,7.452736
worker_1,1760,1788086933.298641,50,8.053965,7.925792
worker_1,1761,1788086933.306725,50,7.320439,7.261440
worker_1,1762,1788086933.314065,50,8.099549,7.817312
worker_1,1763,1788086933.322217,50,7.520191,7.392416
worker_1,1764,1788086933.329764,50,7.859566,7.802080
worker_1,1765,1788086933.337648,50,7.462052,7.411392
worker_1,1766,1788086933.345128,50,7.660425,7.613856
worker_1,1767,1788086933.352820,50,7.563795,7.516544
worker_1,1768,1788086933.360401,50,7.936815,7.668096
worker_1,1769,1788086933.368388,50,7.866408,7.736352
worker_1,1770,1788086933.376280,50,7.664239,7.611360
worker_1,1771,1788086933.383965,50,7.819361,7.749472
worker_1,1772,1788086933.391812,50,7.790111,7.706144
worker_1,1773,1788086933.399628,50,7.888185,7.826432
worker_1,1774,1788086933.407538,50,7.879629,7.829472
worker_1,1775,1788086933.415440,50,7.890176,7.831296
worker_1,1776,1788086933.423348,50,7.950964,7.902656
worker_1,1777,1788086933.431316,50,7.848306,7.801536
worker_1,1778,1788086933.439182,50,7.981177,7.723616
worker_1,1779,1788086933.447214,50,7.997586,7.673120
worker_1,1780,1788086933.455262,50,8.094614,7.770464
worker_1,1781,1788086933.463405,50,7.900509,7.568128
worker_1,1782,1788086933.471355,50,8.062724,7.726048
worker_1,1783,1788086933.479469,50,8.134390,7.802784
worker_1,1784,1788086933.487653,50,8.201188,7.860352
worker_1,1785,1788086933.495902,50,8.232012,7.882336
worker_1,1786,1788086933.504197,50,8.064826,7.694944
worker_1,1787,1788086933.512312,50,7.700925,7.580416
worker_1,1788,1788086933.520039,50,7.805517,7.497440
worker_1,1789,1788086933.527898,50,7.878371,7.753120
worker_1,1790,1788086933.535809,50,7.510822,7.452672
worker_1,1791,1788086933.543343,50,7.694600,7.626976
worker_1,1792,1788086933.551058,50,7.516192,7.464576
worker_1,1793,1788086933.558593,50,7.678805,7.633312
worker_1,1794,1788086933.566290,50,7.588340,7.542880
worker_1,1795,1788086933.573896,50,7.660453,7.613056
worker_1,1796,1788086933.581572,50,7.632322,7.587296
worker_1,1797,1788086933.589221,50,7.557822,7.508992
worker_1,1798,1788086933.596795,50,7.923242,7.657440
worker_1,1799,1788086933.604771,50,7.937149,7.607104
worker_1,1800,1788086933.612758,50,8.048714,7.928256
worker_1,1801,1788086933.620832,50,7.402849,7.346976
worker_1,1802,1788086933.628253,50,7.849667,7.804032
worker_1,1803,1788086933.636120,50,7.746999,7.488736
worker_1,1804,1788086933.643917,50,8.270901,7.949408
worker_1,1805,1788086933.652246,50,7.805990,7.685824
worker_1,1806,1788086933.660096,50,7.856037,7.800448
worker_1,1807,1788086933.667972,50,7.613573,7.566272
worker_1,1808,1788086933.675605,50,7.926371,7.660512
worker_1,1809,1788086933.683582,50,7.903399,7.558176
worker_1,1810,1788086933.691537,50,7.904399,7.777152
worker_1,1811,1788086933.699470,50,7.758528,7.486784
worker_1,1812,1788086933.707280,50,8.102438,7.757536
worker_1,1813,1788086933.715430,50,7.866315,7.737856
worker_1,1814,1788086933.723327,50,7.948363,7.676192
worker_1,1815,1788086933.731325,50,7.863759,7.739584
worker_1,1816,1788086933.739216,50,7.901465,7.635200
worker_1,1817,1788086933.747169,50,8.078956,7.753664
worker_1,1818,1788086933.755296,50,8.062372,7.737536
worker_1,1819,1788086933.763410,50,7.848871,7.727648
worker_1,1820,1788086933.771290,50,7.778730,7.645440
worker_1,1821,1788086933.779133,50,7.859158,7.733568
worker_1,1822,1788086933.787024,50,7.913020,7.853216
worker_1,1823,1788086933.794959,50,7.696406,7.440256
worker_1,1824,1788086933.802706,50,8.084409,7.951552
worker_1,1825,1788086933.810833,50,7.758222,7.493920
worker_1,1826,1788086933.818642,50,8.007714,7.881088
worker_1,1827,1788086933.826679,50,7.365431,7.103488
worker_1,1828,1788086933.834095,50,8.062039,7.728608
worker_1,1829,1788086933.842207,50,6.865168,6.543328
worker_1,1830,1788086933.849121,50,7.874880,7.535680
worker_1,1831,1788086933.857049,50,7.360237,7.017792
worker_1,1832,1788086933.864458,50,7.863927,7.721728
worker_1,1833,1788086933.872353,50,7.371728,7.317632
worker_1,1834,1788086933.879837,50,7.845797,7.722432
worker_1,1835,1788086933.887732,50,7.687796,7.559552
worker_1,1836,1788086933.895448,50,7.817806,7.757440
worker_1,1837,1788086933.903289,50,7.558174,7.502464
worker_1,1838,1788086933.910867,50,7.789676,7.726240
worker_1,1839,1788086933.918677,50,7.421803,7.167200
worker_1,1840,1788086933.926149,50,8.140522,7.810432
worker_1,1841,1788086933.934340,50,7.901343,7.576864
worker_1,1842,1788086933.942289,50,8.102261,7.776960
worker_1,1843,1788086933.950443,50,7.995650,7.616224
worker_1,1844,1788086933.958489,50,8.137707,7.782112
worker_1,1845,1788086933.966692,50,7.868890,7.544480
worker_1,1846,1788086933.974609,50,7.929844,7.808128
worker_1,1847,1788086933.982567,50,7.568452,7.514112
worker_1,1848,1788086933.990156,50,7.674027,7.625344
worker_1,1849,1788086933.997850,50,7.756045,7.485088
worker_1,1850,1788086934.005659,50,8.041353,7.908928
worker_1,1851,1788086934.013731,50,7.544257,7.273760
worker_1,1852,1788086934.021323,50,8.268505,7.938432
worker_1,1853,1788086934.029643,50,7.581406,7.449504
worker_1,1854,1788086934.037251,50,8.128873,7.865888
worker_1,1855,1788086934.045429,50,7.687600,7.564864
worker_1,1856,1788086934.053142,50,7.740444,7.686464
worker_1,1857,1788086934.060903,50,7.689971,7.432640
worker_1,1858,1788086934.068643,50,7.939594,7.811328
worker_1,1859,1788086934.076613,50,7.645518,7.586688
worker_1,1860,1788086934.084280,50,7.801630,7.748448
worker_1,1861,1788086934.092100,50,7.626721,7.576256
worker_1,1862,1788086934.099745,50,7.765389,7.709952
worker_1,1863,1788086934.107532,50,7.740980,7.689472
worker_1,1864,1788086934.115308,50,7.517183,7.466720
worker_1,1865,1788086934.122843,50,7.775425,7.516800
worker_1,1866,1788086934.130669,50,8.031029,7.651072
worker_1,1867,1788086934.138748,50,7.911555,7.574112
worker_1,1868,1788086934.146708,50,7.994093,7.659968
worker_1,1869,1788086934.154750,50,7.624054,7.503712
worker_1,1870,1788086934.162400,50,7.702304,7.627392
worker_1,1871,1788086934.170127,50,7.750527,7.484896
worker_1,1872,1788086934.177928,50,8.092409,7.758016
worker_1,1873,1788086934.186071,50,7.649239,7.529568
worker_1,1874,1788086934.193748,50,7.737786,7.677888
worker_1,1875,1788086934.201510,50,7.475950,7.427616
worker_1,1876,1788086934.209004,50,7.711156,7.654432
worker_1,1877,1788086934.216734,50,7.697462,7.651872
worker_1,1878,1788086934.224450,50,7.841759,7.582592
worker_1,1879,1788086934.232342,50,7.798527,7.471136
worker_1,1880,1788086934.240188,50,7.985039,7.851936
worker_1,1881,1788086934.248199,50,7.879759,7.814272
worker_1,1882,1788086934.256098,50,7.526747,7.477472
worker_1,1883,1788086934.263643,50,7.382561,7.330208
worker_1,1884,1788086934.271057,50,7.481145,7.433760
worker_1,1885,1788086934.278555,50,6.739399,6.688096
worker_1,1886,1788086934.285316,50,7.703823,7.430464
worker_1,1887,1788086934.293067,50,7.794999,7.428192
worker_1,1888,1788086934.300911,50,7.811675,7.689280
worker_1,1889,1788086934.308749,50,7.823461,7.773600
worker_1,1890,1788086934.316591,50,7.703897,7.435456
worker_1,1891,1788086934.324346,50,8.068743,7.940544
worker_1,1892,1788086934.332441,50,7.435043,7.383968
worker_1,1893,1788086934.339895,50,7.544989,7.498432
worker_1,1894,1788086934.347457,50,7.132614,7.088192
worker_1,1895,1788086934.354607,50,7.473719,7.429152
worker_1,1896,1788086934.362098,50,8.130558,7.859136
worker_1,1897,1788086934.370280,50,7.724360,7.601664
worker_1,1898,1788086934.378032,50,7.910112,7.648768
worker_1,1899,1788086934.385990,50,8.021030,7.698688
worker_1,1900,1788086934.394058,50,7.857510,7.686880
worker_1,1901,1788086934.401963,50,7.923668,7.796512
worker_1,1902,1788086934.409915,50,7.619656,7.545280
worker_1,1903,1788086934.417564,50,7.921908,7.871392
worker_1,1904,1788086934.425506,50,7.851204,7.590880
worker_1,1905,1788086934.433429,50,8.399107,8.058240
worker_1,1906,1788086934.441875,50,7.844686,7.517216
worker_1,1907,1788086934.449769,50,8.149402,7.819072
worker_1,1908,1788086934.457966,50,7.451507,7.329184
worker_1,1909,1788086934.465442,50,7.936630,7.886464
worker_1,1910,1788086934.473401,50,7.718231,7.464512
worker_1,1911,1788086934.481168,50,8.288818,7.957792
worker_1,1912,1788086934.489504,50,7.689990,7.367360
worker_1,1913,1788086934.497242,50,8.167577,7.919744
worker_1,1914,1788086934.505435,50,7.415822,7.356544
worker_1,1915,1788086934.512870,50,7.711962,7.660512
worker_1,1916,1788086934.520599,50,7.493766,7.446272
worker_1,1917,1788086934.528111,50,8.074975,7.820544
worker_1,1918,1788086934.536245,50,7.208847,7.069536
worker_1,1919,1788086934.543480,50,7.934464,7.669984
worker_1,1920,1788086934.551463,50,7.714795,7.595776
worker_1,1921,1788086934.559203,50,7.905131,7.638688
worker_1,1922,1788086934.567155,50,7.935603,7.819040
worker_1,1923,1788086934.575130,50,7.718481,7.450752
worker_1,1924,1788086934.582898,50,7.885306,7.760480
worker_1,1925,1788086934.590809,50,7.583748,7.530560
worker_1,1926,1788086934.598413,50,7.561258,7.508864
worker_1,1927,1788086934.605992,50,7.905029,7.856480
worker_1,1928,1788086934.613915,50,7.502581,7.455808
worker_1,1929,1788086934.621437,50,7.993910,7.738944
worker_1,1930,1788086934.629479,50,7.910335,7.583968
worker_1,1931,1788086934.637438,50,8.281448,7.951296
worker_1,1932,1788086934.645768,50,7.809880,7.636000
worker_1,1933,1788086934.653626,50,8.087956,7.968800
worker_1,1934,1788086934.661739,50,8.081531,7.802144
worker_1,1935,1788086934.669869,50,7.893881,7.771520
worker_1,1936,1788086934.677788,50,8.059253,7.793600
worker_1,1937,1788086934.685896,50,7.486867,7.364128
worker_1,1938,1788086934.693408,50,7.870298,7.596640
worker_1,1939,1788086934.701328,50,7.137078,6.802752
worker_1,1940,1788086934.708514,50,7.781889,7.445664
worker_1,1941,1788086934.716342,50,7.590665,7.265056
worker_1,1942,1788086934.723996,50,7.885491,7.767584
worker_1,1943,1788086934.731909,50,7.574545,7.518144
worker_1,1944,1788086934.739505,50,7.770657,7.721248
worker_1,1945,1788086934.747294,50,7.684759,7.639232
worker_1,1946,1788086934.754995,50,7.739417,7.485184
worker_1,1947,1788086934.762788,50,7.555025,7.433760
worker_1,1948,1788086934.770370,50,7.715999,7.660512
worker_1,1949,1788086934.778108,50,7.396329,7.349920
worker_1,1950,1788086934.785522,50,7.930296,7.659872
worker_1,1951,1788086934.793505,50,8.085160,7.751488
worker_1,1952,1788086934.801638,50,7.790583,7.466304
worker_1,1953,1788086934.809477,50,7.857732,7.737472
worker_1,1954,1788086934.817363,50,7.817649,7.509856
worker_1,1955,1788086934.825231,50,7.926973,7.804096
worker_1,1956,1788086934.833186,50,7.898343,7.634208
worker_1,1957,1788086934.841137,50,7.867130,7.741792
worker_1,1958,1788086934.849030,50,7.907288,7.644928
worker_1,1959,1788086934.856986,50,8.167725,7.846176
worker_1,1960,1788086934.865202,50,8.109855,7.786816
worker_1,1961,1788086934.873360,50,7.737276,7.615616
worker_1,1962,1788086934.881139,50,7.646277,7.591936
worker_1,1963,1788086934.888805,50,7.721888,7.675008
worker_1,1964,1788086934.896546,50,7.491090,7.441984
worker_1,1965,1788086934.904055,50,7.695220,7.649280
worker_1,1966,1788086934.911770,50,7.677128,7.621856
worker_1,1967,1788086934.919464,50,7.638444,7.380864
worker_1,1968,1788086934.927153,50,8.029483,7.692480
worker_1,1969,1788086934.935231,50,7.571988,7.445600
worker_1,1970,1788086934.942829,50,7.855047,7.644704
worker_1,1971,1788086934.950732,50,6.994770,6.661728
worker_1,1972,1788086934.957775,50,8.056447,7.723648
worker_1,1973,1788086934.965877,50,7.269978,6.937312
worker_1,1974,1788086934.973196,50,7.730934,7.610656
worker_1,1975,1788086934.980953,50,7.630730,7.309568
worker_1,1976,1788086934.988636,50,7.904704,7.564352
worker_1,1977,1788086934.996588,50,8.055881,7.711840
worker_1,1978,1788086935.004693,50,7.811008,7.686528
worker_1,1979,1788086935.012531,50,7.722157,7.440096
worker_1,1980,1788086935.020303,50,8.070373,7.741472
worker_1,1981,1788086935.028436,50,7.796676,7.668480
worker_1,1982,1788086935.036263,50,7.885289,7.615296
worker_1,1983,1788086935.044198,50,7.692398,7.557568
worker_1,1984,1788086935.051919,50,7.906427,7.643072
worker_1,1985,1788086935.059967,50,7.743870,7.619744
worker_1,1986,1788086935.067741,50,7.922371,7.648832
worker_1,1987,1788086935.075712,50,7.754361,7.631872
worker_1,1988,1788086935.083497,50,7.871242,7.602752
worker_1,1989,1788086935.091417,50,7.679943,7.555808
worker_1,1990,1788086935.099125,50,7.914528,7.647616
worker_1,1991,1788086935.107090,50,7.249301,7.126912
worker_1,1992,1788086935.114367,50,7.898640,7.623232
worker_1,1993,1788086935.122318,50,7.909122,7.564800
worker_1,1994,1788086935.130274,50,8.093225,7.759904
worker_1,1995,1788086935.138417,50,7.735258,7.607104
worker_1,1996,1788086935.146182,50,7.746713,7.635584
worker_1,1997,1788086935.153979,50,7.762352,7.636864
worker_1,1998,1788086935.161769,50,7.911871,7.626624
worker_1,1999,1788086935.169732,50,7.930778,7.807840
worker_1,2000,1788086935.177691,50,7.716166,7.444448
worker_1,2001,1788086935.185472,50,7.864603,7.737184
worker_1,2002,1788086935.193367,50,7.765295,7.456416
worker_1,2003,1788086935.201184,50,7.884055,7.759264
worker_1,2004,1788086935.209094,50,7.924678,7.663456
worker_1,2005,1788086935.217068,50,7.960928,7.632288
worker_1,2006,1788086935.225076,50,7.782242,7.660000
worker_1,2007,1788086935.232889,50,7.236495,7.182048
worker_1,2008,1788086935.240144,50,7.674082,7.626592
worker_1,2009,1788086935.247838,50,7.674351,7.412576
worker_1,2010,1788086935.255564,50,7.917269,7.785280
worker_1,2011,1788086935.263510,50,7.598221,7.540896
worker_1,2012,1788086935.271131,50,7.765999,7.657184
worker_1,2013,1788086935.278948,50,8.084799,7.754464
worker_1,2014,1788086935.287082,50,8.105670,7.965856
worker_1,2015,1788086935.295217,50,7.620906,7.562688
worker_1,2016,1788086935.302860,50,7.879121,7.831584
worker_1,2017,1788086935.310761,50,7.925853,7.670464
worker_1,2018,1788086935.318737,50,8.267429,7.941344
worker_1,2019,1788086935.327054,50,8.145141,7.823584
worker_1,2020,1788086935.335261,50,8.214670,7.895936
worker_1,2021,1788086935.343522,50,7.924640,7.585120
worker_1,2022,1788086935.351495,50,7.796286,7.673920
worker_1,2023,1788086935.359320,50,7.420154,7.155360
worker_1,2024,1788086935.366787,50,7.939787,7.819488
worker_1,2025,1788086935.374759,50,8.008585,7.735616
worker_1,2026,1788086935.382817,50,8.046530,7.920160
worker_1,2027,1788086935.390889,50,7.700656,7.648800
worker_1,2028,1788086935.398609,50,7.722101,7.674016
worker_1,2029,1788086935.406351,50,7.940298,7.674272
worker_1,2030,1788086935.414340,50,8.079567,7.941824
worker_1,2031,1788086935.422446,50,7.731620,7.677824
worker_1,2032,1788086935.430199,50,7.802731,7.753248
worker_1,2033,1788086935.438021,50,7.710387,7.660000
worker_1,2034,1788086935.445749,50,7.868167,7.818624
worker_1,2035,1788086935.453636,50,7.985566,7.940416
worker_1,2036,1788086935.461639,50,7.861102,7.812704
worker_1,2037,1788086935.469520,50,8.073419,7.816576
worker_1,2038,1788086935.477646,50,8.188161,8.065216
worker_1,2039,1788086935.485861,50,8.033290,7.768160
worker_1,2040,1788086935.493959,50,8.081798,7.748576
worker_1,2041,1788086935.502089,50,8.093854,7.769536
worker_1,2042,1788086935.510231,50,7.711712,7.587840
worker_1,2043,1788086935.517968,50,7.649396,7.458496
worker_1,2044,1788086935.525667,50,7.713453,7.587488
worker_1,2045,1788086935.533408,50,7.752119,7.481632
worker_1,2046,1788086935.541209,50,7.703416,7.564864
worker_1,2047,1788086935.548938,50,7.440330,7.387424
worker_1,2048,1788086935.556398,50,7.604896,7.555936
worker_1,2049,1788086935.564021,50,7.733277,7.473920
worker_1,2050,1788086935.571804,50,7.781203,7.657504
worker_1,2051,1788086935.579610,50,7.519766,7.468704
worker_1,2052,1788086935.587150,50,7.536830,7.488960
worker_1,2053,1788086935.594704,50,7.481276,7.436128
worker_1,2054,1788086935.602201,50,7.891028,7.630624
worker_1,2055,1788086935.610140,50,8.021992,7.694624
worker_1,2056,1788086935.618209,50,7.748379,7.626400
worker_1,2057,1788086935.625983,50,7.693555,7.640864
worker_1,2058,1788086935.633696,50,7.617035,7.568288
worker_1,2059,1788086935.641346,50,7.766749,7.509888
worker_1,2060,1788086935.649163,50,8.018928,7.694816
worker_1,2061,1788086935.657234,50,8.045085,7.725600
worker_1,2062,1788086935.665361,50,8.066789,7.746240
worker_1,2063,1788086935.673475,50,8.075067,7.752992
worker_1,2064,1788086935.681599,50,7.848546,7.723520
worker_1,2065,1788086935.689472,50,7.858556,7.599040
worker_1,2066,1788086935.697380,50,7.891723,7.766528
worker_1,2067,1788086935.705296,50,7.868417,7.610080
worker_1,2068,1788086935.713214,50,7.830352,7.703808
worker_1,2069,1788086935.721071,50,7.758407,7.497344
worker_1,2070,1788086935.728878,50,8.068956,7.737376
worker_1,2071,1788086935.736995,50,7.975899,7.643072
worker_1,2072,1788086935.745019,50,8.260031,7.921216
worker_1,2073,1788086935.753326,50,8.039011,7.720768
worker_1,2074,1788086935.761412,50,8.089345,7.967392
worker_1,2075,1788086935.769525,50,7.750462,7.641792
worker_1,2076,1788086935.777325,50,8.200577,7.868928
worker_1,2077,1788086935.785578,50,7.878630,7.758048
worker_1,2078,1788086935.793483,50,8.093196,7.827104
worker_1,2079,1788086935.801641,50,8.059529,7.726528
worker_1,2080,1788086935.809747,50,8.086123,7.811424
worker_1,2081,1788086935.817859,50,7.956279,7.543872
worker_1,2082,1788086935.825866,50,8.189910,7.863136
worker_1,2083,1788086935.834104,50,8.048308,7.723168
worker_1,2084,1788086935.842201,50,8.011621,7.680416
worker_1,2085,1788086935.850263,50,8.024419,7.694112
worker_1,2086,1788086935.858336,50,7.377830,7.251392
worker_1,2087,1788086935.865742,50,7.741268,7.618688
worker_1,2088,1788086935.873534,50,7.150893,6.804608
worker_1,2089,1788086935.880734,50,7.851000,7.520096
worker_1,2090,1788086935.888637,50,7.664824,7.343360
worker_1,2091,1788086935.896349,50,7.837648,7.721920
worker_1,2092,1788086935.904229,50,7.466822,7.407872
worker_1,2093,1788086935.911718,50,7.443784,7.393920
worker_1,2094,1788086935.919181,50,7.529793,7.482688
worker_1,2095,1788086935.926729,50,7.840075,7.793664
worker_1,2096,1788086935.934589,50,7.573008,7.523552
worker_1,2097,1788086935.942179,50,8.071344,7.816960
worker_1,2098,1788086935.950316,50,7.968584,7.638944
worker_1,2099,1788086935.958331,50,8.048872,7.721952
worker_1,2100,1788086935.966430,50,7.843222,7.517408
worker_1,2101,1788086935.974320,50,8.056011,7.731328
worker_1,2102,1788086935.982427,50,7.034069,6.912224
worker_1,2103,1788086935.989488,50,7.794417,7.527840
worker_1,2104,1788086935.997333,50,6.058976,5.928416
worker_1,2105,1788086936.003419,50,7.807481,7.543520
worker_1,2106,1788086936.011277,50,7.654267,7.277376
worker_1,2107,1788086936.018979,50,7.733443,7.612704
worker_1,2108,1788086936.026743,50,7.800046,7.744256
worker_1,2109,1788086936.034566,50,7.531897,7.481024
worker_1,2110,1788086936.042116,50,8.078373,7.814912
worker_1,2111,1788086936.050248,50,7.550887,7.414848
worker_1,2112,1788086936.057825,50,8.094160,7.820480
worker_1,2113,1788086936.065975,50,7.547821,7.420160
worker_1,2114,1788086936.073549,50,8.107364,7.837344
worker_1,2115,1788086936.081710,50,7.552684,7.420512
worker_1,2116,1788086936.089289,50,8.084317,7.819296
worker_1,2117,1788086936.097425,50,7.701443,7.573760
worker_1,2118,1788086936.105175,50,7.970066,7.700640
worker_1,2119,1788086936.113198,50,7.701083,7.563232
worker_1,2120,1788086936.120928,50,7.955418,7.678688
worker_1,2121,1788086936.128937,50,7.726351,7.590752
worker_1,2122,1788086936.136693,50,7.937428,7.665184
worker_1,2123,1788086936.144684,50,7.857129,7.517088
worker_1,2124,1788086936.152592,50,7.786991,7.664000
worker_1,2125,1788086936.160407,50,7.684073,7.599808
worker_1,2126,1788086936.168114,50,7.722213,7.673696
worker_1,2127,1788086936.175852,50,7.276587,7.015136
worker_1,2128,1788086936.183181,50,7.927371,7.804064
worker_1,2129,1788086936.191134,50,7.354311,7.297344
worker_1,2130,1788086936.198512,50,7.696063,7.644640
worker_1,2131,1788086936.206228,50,7.554424,7.293952
worker_1,2132,1788086936.213832,50,8.095224,7.763712
worker_1,2133,1788086936.221978,50,7.828685,7.495552
worker_1,2134,1788086936.229857,50,8.091668,7.718272
worker_1,2135,1788086936.237996,50,7.817667,7.697376
worker_1,2136,1788086936.245946,50,7.731879,7.462016
worker_1,2137,1788086936.253740,50,8.100492,7.975872
worker_1,2138,1788086936.261870,50,7.808870,7.544576
worker_1,2139,1788086936.269729,50,8.003973,7.881824
worker_1,2140,1788086936.277762,50,7.531526,7.269856
worker_1,2141,1788086936.285345,50,8.054114,7.914912
worker_1,2142,1788086936.293425,50,7.953538,7.688480
worker_1,2143,1788086936.301429,50,8.130641,7.803616
worker_1,2144,1788086936.309609,50,8.027270,7.909120
worker_1,2145,1788086936.317664,50,7.905779,7.643456
worker_1,2146,1788086936.325620,50,8.225884,7.899968
worker_1,2147,1788086936.333894,50,8.153624,7.827424
worker_1,2148,1788086936.342097,50,7.901733,7.779296
worker_1,2149,1788086936.350026,50,7.774286,7.498880
worker_1,2150,1788086936.357852,50,7.762666,7.626848
worker_1,2151,1788086936.365646,50,7.566739,7.294528
worker_1,2152,1788086936.373263,50,7.938371,7.811104
worker_1,2153,1788086936.381230,50,7.767694,7.507520
worker_1,2154,1788086936.389050,50,7.907519,7.783424
worker_1,2155,1788086936.396984,50,7.303339,7.033600
worker_1,2156,1788086936.404335,50,7.931815,7.586912
worker_1,2157,1788086936.412326,50,7.393570,7.266080
worker_1,2158,1788086936.419746,50,7.597794,7.539104
worker_1,2159,1788086936.427365,50,7.939278,7.686400
worker_1,2160,1788086936.435353,50,8.051114,7.719456
worker_1,2161,1788086936.443453,50,7.842852,7.720960
worker_1,2162,1788086936.451323,50,7.748093,7.691360
worker_1,2163,1788086936.459092,50,7.671443,7.623424
worker_1,2164,1788086936.466789,50,7.736953,7.686144
worker_1,2165,1788086936.474544,50,7.726611,7.474144
worker_1,2166,1788086936.482320,50,7.902204,7.575360
worker_1,2167,1788086936.490274,50,8.013140,7.886720
worker_1,2168,1788086936.498318,50,7.776343,7.492192
worker_1,2169,1788086936.506148,50,7.853538,7.722496
worker_1,2170,1788086936.514032,50,8.087225,7.824192
worker_1,2171,1788086936.522168,50,7.905325,7.781920
worker_1,2172,1788086936.530103,50,8.173744,7.899328
worker_1,2173,1788086936.538326,50,7.894381,7.747648
worker_1,2174,1788086936.546241,50,7.832908,7.710720
worker_1,2175,1788086936.554125,50,7.965418,7.831392
worker_1,2176,1788086936.562134,50,7.841769,7.782656
worker_1,2177,1788086936.569999,50,7.800861,7.749440
worker_1,2178,1788086936.577821,50,7.887751,7.837600
worker_1,2179,1788086936.585727,50,7.760129,7.706016
worker_1,2180,1788086936.593505,50,7.761889,7.715712
worker_1,2181,1788086936.601285,50,7.844676,7.794816
worker_1,2182,1788086936.609148,50,7.782426,7.737920
worker_1,2183,1788086936.616945,50,7.791823,7.736352
worker_1,2184,1788086936.624754,50,7.700434,7.653792
worker_1,2185,1788086936.632473,50,7.761314,7.714816
worker_1,2186,1788086936.640254,50,7.786018,7.740160
worker_1,2187,1788086936.648058,50,7.723221,7.673440
worker_1,2188,1788086936.655801,50,7.761130,7.710784
worker_1,2189,1788086936.663582,50,7.757592,7.699456
worker_1,2190,1788086936.671357,50,8.007529,7.737760
worker_1,2191,1788086936.679417,50,8.231579,7.888128
worker_1,2192,1788086936.687700,50,8.228152,7.880384
worker_1,2193,1788086936.695976,50,8.013502,7.892704
worker_1,2194,1788086936.704021,50,7.735971,7.459904
worker_1,2195,1788086936.711808,50,7.808334,7.671744
worker_1,2196,1788086936.719658,50,7.772972,7.717568
worker_1,2197,1788086936.727452,50,7.624016,7.576096
worker_1,2198,1788086936.735094,50,8.028474,7.762368
worker_1,2199,1788086936.743176,50,7.789037,7.664096
worker_1,2200,1788086936.750993,50,7.861381,7.594368
worker_1,2201,1788086936.758906,50,7.947094,7.615424
worker_1,2202,1788086936.766901,50,7.704016,7.581664
worker_1,2203,1788086936.774632,50,7.795379,7.741600
worker_1,2204,1788086936.782447,50,7.688472,7.427168
worker_1,2205,1788086936.790186,50,8.019585,7.878272
worker_1,2206,1788086936.798235,50,7.942677,7.676224
worker_1,2207,1788086936.806229,50,8.017399,7.891520
worker_1,2208,1788086936.814276,50,7.749713,7.692736
worker_1,2209,1788086936.822044,50,8.084159,7.825344
worker_1,2210,1788086936.830178,50,7.934640,7.810784
worker_1,2211,1788086936.838140,50,7.840649,7.780960
worker_1,2212,1788086936.846008,50,7.765453,7.508640
worker_1,2213,1788086936.853823,50,8.189633,7.863200
worker_1,2214,1788086936.862061,50,7.534239,7.413728
worker_1,2215,1788086936.869635,50,7.636507,7.579520
worker_1,2216,1788086936.877292,50,7.618489,7.353536
worker_1,2217,1788086936.884960,50,7.845880,7.726560
worker_1,2218,1788086936.892836,50,7.492210,7.427648
worker_1,2219,1788086936.900350,50,7.792758,7.740768
worker_1,2220,1788086936.908166,50,7.519497,7.467872
worker_1,2221,1788086936.915706,50,7.885992,7.824096
worker_1,2222,1788086936.923611,50,7.816861,7.562464
worker_1,2223,1788086936.931479,50,8.073058,7.953248
worker_1,2224,1788086936.939580,50,7.647193,7.384448
worker_1,2225,1788086936.947279,50,8.066345,7.941472
worker_1,2226,1788086936.955371,50,7.477915,7.422432
worker_1,2227,1788086936.962869,50,8.064391,7.806528
worker_1,2228,1788086936.970988,50,8.068623,7.770720
worker_1,2229,1788086936.979107,50,8.114095,7.993472
worker_1,2230,1788086936.987248,50,7.740591,7.686752
worker_1,2231,1788086936.995008,50,7.852250,7.806176
worker_1,2232,1788086937.002880,50,8.046853,7.742688
worker_1,2233,1788086937.011002,50,8.226985,7.902784
worker_1,2234,1788086937.019275,50,7.907149,7.788224
worker_1,2235,1788086937.027223,50,7.872722,7.803424
worker_1,2236,1788086937.035123,50,7.820037,7.741216
worker_1,2237,1788086937.042966,50,7.915575,7.852000
worker_1,2238,1788086937.050900,50,7.636110,7.588928
worker_1,2239,1788086937.058555,50,8.120669,7.852320
worker_1,2240,1788086937.066728,50,7.566710,7.224896
worker_1,2241,1788086937.074344,50,7.897694,7.563296
worker_1,2242,1788086937.082292,50,7.394829,7.050208
worker_1,2243,1788086937.089736,50,8.054057,7.713504
worker_1,2244,1788086937.097843,50,6.856612,6.714432
worker_1,2245,1788086937.104726,50,7.760195,7.488064
worker_1,2246,1788086937.112535,50,7.822676,7.696160
worker_1,2247,1788086937.120387,50,7.711517,7.646112
worker_1,2248,1788086937.128118,50,7.749834,7.703744
worker_1,2249,1788086937.135885,50,7.786648,7.529632
worker_1,2250,1788086937.143723,50,7.870723,7.745120
worker_1,2251,1788086937.151620,50,7.593146,7.538144
worker_1,2252,1788086937.159233,50,7.846603,7.797152
worker_1,2253,1788086937.167099,50,7.954918,7.684576
worker_1,2254,1788086937.175117,50,7.888316,7.763072
worker_1,2255,1788086937.183031,50,7.696296,7.645024
worker_1,2256,1788086937.190746,50,7.749295,7.704096
worker_1,2257,1788086937.198513,50,7.957177,7.666496
worker_1,2258,1788086937.206522,50,8.093002,7.762592
worker_1,2259,1788086937.214664,50,7.886991,7.764960
worker_1,2260,1788086937.222579,50,7.994410,7.732160
worker_1,2261,1788086937.230626,50,8.090437,7.765248
worker_1,2262,1788086937.238767,50,8.083983,7.760800
worker_1,2263,1788086937.246901,50,7.815667,7.695776
worker_1,2264,1788086937.254749,50,7.724915,7.667168
worker_1,2265,1788086937.262495,50,7.865297,7.760544
worker_1,2266,1788086937.270411,50,7.760269,7.641632
worker_1,2267,1788086937.278200,50,7.700222,7.648992
worker_1,2268,1788086937.285920,50,8.180494,7.860032
worker_1,2269,1788086937.294152,50,8.024965,7.695328
worker_1,2270,1788086937.302225,50,8.318866,7.987936
worker_1,2271,1788086937.310594,50,7.956575,7.833088
worker_1,2272,1788086937.318579,50,8.091077,7.825568
worker_1,2273,1788086937.326721,50,8.240642,7.899104
worker_1,2274,1788086937.335025,50,7.872009,7.752064
worker_1,2275,1788086937.342922,50,7.885214,7.831968
worker_1,2276,1788086937.350827,50,7.750731,7.704800
worker_1,2277,1788086937.358596,50,7.904437,7.632800
worker_1,2278,1788086937.366550,50,8.015456,7.677248
worker_1,2279,1788086937.374616,50,7.672564,7.546976
worker_1,2280,1788086937.382313,50,7.731213,7.469344
worker_1,2281,1788086937.390094,50,8.141012,7.777888
worker_1,2282,1788086937.398283,50,8.136299,7.811584
worker_1,2283,1788086937.406468,50,8.028835,7.906560
worker_1,2284,1788086937.414526,50,7.621230,7.562368
worker_1,2285,1788086937.422166,50,8.108131,7.814560
worker_1,2286,1788086937.430324,50,8.024853,7.685344
worker_1,2287,1788086937.438497,50,7.738388,7.617216
worker_1,2288,1788086937.446264,50,6.865927,6.809888
worker_1,2289,1788086937.453149,50,7.727462,7.452320
worker_1,2290,1788086937.460926,50,7.708073,7.537472
worker_1,2291,1788086937.468673,50,7.790519,7.725504
worker_1,2292,1788086937.476484,50,7.435330,7.380160
worker_1,2293,1788086937.483953,50,7.741555,7.688128
worker_1,2294,1788086937.491715,50,7.618147,7.567872
worker_1,2295,1788086937.499353,50,8.101252,7.845536
worker_1,2296,1788086937.507503,50,8.040974,7.713216
worker_1,2297,1788086937.515592,50,8.063371,7.731552
worker_1,2298,1788086937.523704,50,7.926168,7.594944
worker_1,2299,1788086937.531678,50,7.847250,7.724640
worker_1,2300,1788086937.539553,50,7.318274,7.259584
worker_1,2301,1788086937.546891,50,7.811574,7.541888
worker_1,2302,1788086937.554749,50,6.143512,5.975584
worker_1,2303,1788086937.560921,50,7.533997,7.482528
worker_1,2304,1788086937.568475,50,7.841889,7.587776
worker_1,2305,1788086937.576367,50,7.667007,7.550528
worker_1,2306,1788086937.584060,50,7.619887,7.357728
worker_1,2307,1788086937.591728,50,7.884306,7.552576
worker_1,2308,1788086937.599659,50,7.619424,7.497216
worker_1,2309,1788086937.607304,50,7.529256,7.473152
worker_1,2310,1788086937.614853,50,7.673832,7.628704
worker_1,2311,1788086937.622544,50,7.533739,7.486528
worker_1,2312,1788086937.630099,50,7.837852,7.581888
worker_1,2313,1788086937.638002,50,7.913075,7.581312
worker_1,2314,1788086937.645963,50,8.138798,7.816704
worker_1,2315,1788086937.654150,50,7.908926,7.583040
worker_1,2316,1788086937.662111,50,7.450376,7.117888
worker_1,2317,1788086937.669611,50,7.553433,7.417664
worker_1,2318,1788086937.677196,50,6.934418,6.871872
worker_1,2319,1788086937.684152,50,7.611776,7.411936
worker_1,2320,1788086937.691783,50,7.679314,7.485568
worker_1,2321,1788086937.699484,50,7.636831,7.586464
worker_1,2322,1788086937.707140,50,7.559165,7.509440
worker_1,2323,1788086937.714718,50,7.715490,7.670816
worker_1,2324,1788086937.722454,50,7.915379,7.574368
worker_1,2325,1788086937.730420,50,8.007603,7.614240
worker_1,2326,1788086937.738480,50,7.815323,7.548992
worker_1,2327,1788086937.746324,50,8.024834,7.636160
worker_1,2328,1788086937.754400,50,7.602850,7.376096
worker_1,2329,1788086937.762030,50,7.675666,7.330496
worker_1,2330,1788086937.769759,50,7.583498,7.384096
worker_1,2331,1788086937.777368,50,7.640813,7.367680
worker_1,2332,1788086937.785074,50,8.091605,7.766240
worker_1,2333,1788086937.793214,50,8.029104,7.909280
worker_1,2334,1788086937.801271,50,7.733370,7.671680
worker_1,2335,1788086937.809025,50,8.144985,7.889312
worker_1,2336,1788086937.817220,50,8.169522,7.844256
worker_1,2337,1788086937.825437,50,8.041299,7.920512
worker_1,2338,1788086937.833506,50,8.132782,7.868672
worker_1,2339,1788086937.841690,50,8.106096,7.982496
worker_1,2340,1788086937.849823,50,8.091400,7.831264
worker_1,2341,1788086937.857963,50,7.857972,7.732096
worker_1,2342,1788086937.865848,50,7.949909,7.686848
worker_1,2343,1788086937.873849,50,7.929936,7.806208
worker_1,2344,1788086937.881806,50,7.796157,7.684512
worker_1,2345,1788086937.889651,50,7.966242,7.845248
worker_1,2346,1788086937.897644,50,7.952177,7.690784
worker_1,2347,1788086937.905646,50,7.851861,7.728864
worker_1,2348,1788086937.913525,50,7.918575,7.657024
worker_1,2349,1788086937.921494,50,8.119327,7.796320
worker_1,2350,1788086937.929662,50,7.937964,7.817408
worker_1,2351,1788086937.937627,50,8.089854,7.828736
worker_1,2352,1788086937.945780,50,7.846722,7.516928
worker_1,2353,1788086937.953672,50,7.746397,7.626560
worker_1,2354,1788086937.961445,50,6.344729,6.291360
worker_1,2355,1788086937.967809,50,7.703333,7.444064
worker_1,2356,1788086937.975564,50,7.729972,7.605600
worker_1,2357,1788086937.983324,50,6.560674,6.505856
worker_1,2358,1788086937.989904,50,7.428681,7.380384
worker_1,2359,1788086937.997354,50,6.161523,5.906880
worker_1,2360,1788086938.003566,50,7.717037,7.593472
worker_1,2361,1788086938.011309,50,7.118161,6.864448
worker_1,2362,1788086938.018476,50,7.910139,7.787936
worker_1,2363,1788086938.026414,50,7.902399,7.594080
worker_1,2364,1788086938.034366,50,8.030140,7.906304
worker_1,2365,1788086938.042425,50,7.944853,7.679616
worker_1,2366,1788086938.050421,50,7.928621,7.803168
worker_1,2367,1788086938.058376,50,7.751360,7.695552
worker_1,2368,1788086938.066147,50,7.687794,7.426368
worker_1,2369,1788086938.073883,50,7.969242,7.828032
worker_1,2370,1788086938.081884,50,7.813676,7.537696
worker_1,2371,1788086938.089766,50,8.147576,7.808512
worker_1,2372,1788086938.097965,50,7.914713,7.582272
worker_1,2373,1788086938.105930,50,8.059956,7.934336
worker_1,2374,1788086938.114020,50,7.582507,7.315392
worker_1,2375,1788086938.121653,50,8.036447,7.908256
worker_1,2376,1788086938.129721,50,7.568610,7.299712
worker_1,2377,1788086938.137339,50,8.009909,7.883136
worker_1,2378,1788086938.145380,50,7.651388,7.387744
worker_1,2379,1788086938.153085,50,7.995400,7.870112
worker_1,2380,1788086938.161110,50,7.648507,7.376192
worker_1,2381,1788086938.168808,50,8.028622,7.902656
worker_1,2382,1788086938.176866,50,7.646832,7.587680
worker_1,2383,1788086938.184532,50,7.930473,7.673792
worker_1,2384,1788086938.192516,50,7.903639,7.579040
worker_1,2385,1788086938.200468,50,7.849352,7.727424
worker_1,2386,1788086938.208347,50,7.556980,7.498944
worker_1,2387,1788086938.215923,50,7.662786,7.615616
worker_1,2388,1788086938.223607,50,7.803464,7.546560
worker_1,2389,1788086938.231461,50,7.839491,7.714528
worker_1,2390,1788086938.239331,50,7.764444,7.502336
worker_1,2391,1788086938.247165,50,7.864965,7.736288
worker_1,2392,1788086938.255062,50,7.841362,7.506432
worker_1,2393,1788086938.262962,50,8.127631,7.782752
worker_1,2394,1788086938.271143,50,7.707109,7.584608
worker_1,2395,1788086938.278879,50,7.952501,7.841536
worker_1,2396,1788086938.286882,50,8.029613,7.677440
worker_1,2397,1788086938.294960,50,8.029984,7.907456
worker_1,2398,1788086938.303019,50,7.520461,7.463488
worker_1,2399,1788086938.310561,50,7.677388,7.626880
worker_1,2400,1788086938.318258,50,7.934048,7.670752
worker_1,2401,1788086938.326242,50,8.131540,7.802880
worker_1,2402,1788086938.334425,50,7.928224,7.802976
worker_1,2403,1788086938.342384,50,7.702128,7.643328
worker_1,2404,1788086938.350107,50,7.841018,7.583488
worker_1,2405,1788086938.358000,50,8.107307,7.775296
worker_1,2406,1788086938.366156,50,8.065928,7.736960
worker_1,2407,1788086938.374271,50,8.132002,7.801664
worker_1,2408,1788086938.382451,50,8.125714,7.777664
worker_1,2409,1788086938.390625,50,8.005084,7.883424
worker_1,2410,1788086938.398668,50,7.409525,7.354496
worker_1,2411,1788086938.406097,50,7.786870,7.677280
worker_1,2412,1788086938.413937,50,8.025160,7.681984
worker_1,2413,1788086938.422010,50,8.014594,7.686400
worker_1,2414,1788086938.430075,50,7.923029,7.596416
worker_1,2415,1788086938.438048,50,7.990567,7.868384
worker_1,2416,1788086938.446064,50,7.462812,7.410592
worker_1,2417,1788086938.453547,50,7.837157,7.787360
worker_1,2418,1788086938.461404,50,7.443405,7.395584
worker_1,2419,1788086938.468866,50,7.756852,7.708896
worker_1,2420,1788086938.476639,50,7.689545,7.433184
worker_1,2421,1788086938.484380,50,7.852379,7.719808
worker_1,2422,1788086938.492259,50,7.553201,7.497984
worker_1,2423,1788086938.499832,50,7.688638,7.637824
worker_1,2424,1788086938.507538,50,7.768880,7.716192
worker_1,2425,1788086938.515327,50,7.638461,7.444960
worker_1,2426,1788086938.522986,50,7.963603,7.546112
worker_1,2427,1788086938.531003,50,7.700851,7.422944
worker_1,2428,1788086938.538735,50,7.654972,7.591360
worker_1,2429,1788086938.546412,50,7.818491,7.557248
worker_1,2430,1788086938.554297,50,7.876363,7.745824
worker_1,2431,1788086938.562201,50,7.957400,7.693664
worker_1,2432,1788086938.570214,50,7.729694,7.603840
worker_1,2433,1788086938.577971,50,7.918066,7.653760
worker_1,2434,1788086938.585941,50,7.915344,7.790688
worker_1,2435,1788086938.593887,50,7.884446,7.624032
worker_1,2436,1788086938.601822,50,7.950705,7.826784
worker_1,2437,1788086938.609800,50,7.945677,7.687104
worker_1,2438,1788086938.617893,50,7.896686,7.770624
worker_1,2439,1788086938.625818,50,7.887705,7.831520
worker_1,2440,1788086938.633726,50,7.004197,6.952640
worker_1,2441,1788086938.640747,50,7.869724,7.614976
worker_1,2442,1788086938.648665,50,7.953547,7.619264
worker_1,2443,1788086938.656667,50,8.045086,7.917088
worker_1,2444,1788086938.664739,50,6.959271,6.888960
worker_1,2445,1788086938.671719,50,7.971354,7.665184
worker_1,2446,1788086938.679742,50,7.941548,7.614880
worker_1,2447,1788086938.687732,50,7.897130,7.776064
worker_1,2448,1788086938.695658,50,7.554202,7.497984
worker_1,2449,1788086938.703247,50,7.769787,7.714528
worker_1,2450,1788086938.711038,50,7.373330,7.323840
worker_1,2451,1788086938.718429,50,7.810417,7.555264
worker_1,2452,1788086938.726290,50,7.295034,6.970048
worker_1,2453,1788086938.733633,50,7.915529,7.590048
worker_1,2454,1788086938.741595,50,7.760869,7.438912
worker_1,2455,1788086938.749404,50,7.846463,7.726464
worker_1,2456,1788086938.757276,50,7.658471,7.384160
worker_1,2457,1788086938.764983,50,7.654444,7.530976
worker_1,2458,1788086938.772663,50,7.863529,7.603840
worker_1,2459,1788086938.780575,50,7.874907,7.745824
worker_1,2460,1788086938.788476,50,7.759740,7.617408
worker_1,2461,1788086938.796287,50,8.160049,7.834720
worker_1,2462,1788086938.804494,50,7.829982,7.712736
worker_1,2463,1788086938.812353,50,7.885213,7.830080
worker_1,2464,1788086938.820259,50,7.749852,7.699904
worker_1,2465,1788086938.828027,50,8.101947,7.846688
worker_1,2466,1788086938.836179,50,8.044743,7.690624
worker_1,2467,1788086938.844272,50,8.149967,8.020928
worker_1,2468,1788086938.852449,50,7.747545,7.482304
worker_1,2469,1788086938.860274,50,7.942612,7.812640
worker_1,2470,1788086938.868246,50,6.975678,6.709728
worker_1,2471,1788086938.875271,50,8.279690,7.955904
worker_1,2472,1788086938.883598,50,8.100272,7.777632
worker_1,2473,1788086938.891747,50,8.308125,7.985952
worker_1,2474,1788086938.900103,50,8.190764,7.853984
worker_1,2475,1788086938.908341,50,7.993724,7.861696
worker_1,2476,1788086938.916362,50,7.946205,7.670336
worker_1,2477,1788086938.924359,50,8.120289,7.975520
worker_1,2478,1788086938.932509,50,7.922065,7.656672
worker_1,2479,1788086938.940483,50,8.132789,7.996928
worker_1,2480,1788086938.948645,50,7.680407,7.608320
worker_1,2481,1788086938.956344,50,8.090215,7.833696
worker_1,2482,1788086938.964483,50,7.951955,7.621024
worker_1,2483,1788086938.972483,50,7.721342,7.597120
worker_1,2484,1788086938.980240,50,7.785639,7.521376
worker_1,2485,1788086938.988075,50,8.132233,7.800000
worker_1,2486,1788086938.996268,50,8.262493,7.935392
worker_1,2487,1788086939.004579,50,8.177642,7.854560
worker_1,2488,1788086939.012816,50,8.312921,7.986112
worker_1,2489,1788086939.021178,50,8.096271,7.769824
worker_1,2490,1788086939.029323,50,8.244273,7.917216
worker_1,2491,1788086939.037617,50,8.085225,7.943360
worker_1,2492,1788086939.045730,50,8.114474,7.824352
worker_1,2493,1788086939.053894,50,8.237550,7.906336
worker_1,2494,1788086939.062180,50,7.687416,7.564160
worker_1,2495,1788086939.069895,50,7.981400,7.715808
worker_1,2496,1788086939.077927,50,7.799824,7.677952
worker_1,2497,1788086939.085753,50,7.768860,7.506336
worker_1,2498,1788086939.093572,50,7.941390,7.613696
worker_1,2499,1788086939.101562,50,8.055789,7.730592
worker_1,2500,1788086939.109668,50,7.716222,7.592448
worker_1,2501,1788086939.117411,50,7.954048,7.686976
worker_1,2502,1788086939.125417,50,7.677259,7.552448
worker_1,2503,1788086939.133121,50,8.074308,7.814048
worker_1,2504,1788086939.141245,50,7.652693,7.527872
worker_1,2505,1788086939.148924,50,8.088474,7.826784
worker_1,2506,1788086939.157061,50,7.673156,7.503008
worker_1,2507,1788086939.164762,50,7.743425,7.633920
worker_1,2508,1788086939.172572,50,7.708953,7.357024
worker_1,2509,1788086939.180330,50,8.068336,7.737792
worker_1,2510,1788086939.188448,50,8.132382,7.807744
worker_1,2511,1788086939.196629,50,8.239040,7.911168
worker_1,2512,1788086939.204916,50,8.057670,7.734080
worker_1,2513,1788086939.213023,50,8.257383,7.919936
worker_1,2514,1788086939.221330,50,7.900593,7.570496
worker_1,2515,1788086939.229278,50,7.931908,7.804960
worker_1,2516,1788086939.237239,50,7.991270,7.726080
worker_1,2517,1788086939.245279,50,7.968103,7.637152
worker_1,2518,1788086939.253295,50,8.059808,7.728672
worker_1,2519,1788086939.261405,50,7.526831,7.401888
worker_1,2520,1788086939.268956,50,7.771454,7.483776
worker_1,2521,1788086939.276775,50,7.832352,7.629856
worker_1,2522,1788086939.284657,50,7.938918,7.599776
worker_1,2523,1788086939.292644,50,7.892047,7.766368
worker_1,2524,1788086939.300566,50,7.664638,7.587520
worker_1,2525,1788086939.308254,50,7.981539,7.704864
worker_1,2526,1788086939.316287,50,8.077206,7.878848
worker_1,2527,1788086939.324429,50,8.079132,7.732736
worker_1,2528,1788086939.332555,50,8.126020,7.997376
worker_1,2529,1788086939.340706,50,7.788139,7.526880
worker_1,2530,1788086939.348543,50,7.943751,7.820192
worker_1,2531,1788086939.356514,50,7.840750,7.571712
worker_1,2532,1788086939.364405,50,7.762425,7.630752
worker_1,2533,1788086939.372199,50,6.991632,6.707680
worker_1,2534,1788086939.379243,50,8.125651,7.774272
worker_1,2535,1788086939.387419,50,7.700740,7.580032
worker_1,2536,1788086939.395147,50,7.699694,7.647808
worker_1,2537,1788086939.402868,50,7.709850,7.450688
worker_1,2538,1788086939.410628,50,7.886991,7.762816
worker_1,2539,1788086939.418543,50,7.715916,7.662432
worker_1,2540,1788086939.426281,50,7.832713,7.556928
worker_1,2541,1788086939.434165,50,8.244375,7.911456
worker_1,2542,1788086939.442459,50,7.666721,7.542304
worker_1,2543,1788086939.450152,50,7.995344,7.722368
worker_1,2544,1788086939.458198,50,7.947233,7.615776
worker_1,2545,1788086939.466193,50,8.134754,7.812128
worker_1,2546,1788086939.474380,50,7.529924,7.408544
worker_1,2547,1788086939.481955,50,7.549295,7.493472
worker_1,2548,1788086939.489529,50,6.679278,6.632448
worker_1,2549,1788086939.496236,50,7.630656,7.363072
worker_1,2550,1788086939.503919,50,7.347653,6.998848
worker_1,2551,1788086939.511318,50,8.022512,7.670784
worker_1,2552,1788086939.519391,50,7.815862,7.475136
worker_1,2553,1788086939.527258,50,5.463805,5.328032
